662,0.0,3.744140625,-1.068359375,0.0,13,1712139814709
662,0.0,3.8125,-0.958984375,0.0,36,1712139814709
662,-0.248046875,3.875,-0.828125,0.0,66,1712139814709
662,-0.25,3.94140625,-0.689453125,0.0,69,1712139814709
662,-0.251953125,4.00390625,-0.533203125,0.0,41,1712139814709
662,0.0,3.755859375,-1.162109375,0.12520644037889672,21,1712139814709
662,0.0,3.8203125,-1.080078125,0.12520644037889672,32,1712139814709
662,-0.25,3.8671875,-1.02734375,0.12520644037889672,29,1712139814709
662,-0.251953125,3.9453125,-0.865234375,0.12520644037889672,19,1712139814709
662,-0.23828125,3.763671875,-0.59765625,-0.37561932113669017,29,1712139814709
662,-0.240234375,3.78125,-0.71484375,-0.37561932113669017,28,1712139814709
662,-0.23828125,3.8046875,-0.1953125,-0.25041288075779344,20,1712139814709
662,-0.361328125,3.83203125,-0.232421875,-0.25041288075779344,24,1712139814709
662,-0.123046875,3.8515625,-0.78125,-0.25041288075779344,42,1712139814709
662,-0.125,3.85546875,-0.943359375,-0.25041288075779344,74,1712139814709
662,-0.25,3.849609375,-1.08984375,-0.25041288075779344,71,1712139814709
662,-0.251953125,3.87109375,-1.154296875,-0.25041288075779344,36,1712139814709
662,0.0,3.865234375,-0.724609375,-0.12520644037889672,55,1712139814709
662,-0.125,3.89453125,-0.759765625,-0.12520644037889672,107,1712139814709
662,-0.125,3.935546875,-0.751953125,-0.12520644037889672,117,1712139814709
662,-0.126953125,3.97265625,-0.755859375,-0.12520644037889672,64,1712139814709
663,0.0,3.728515625,-1.123046875,0.0,14,1712139814809
663,0.0,3.828125,-0.896484375,0.0,22,1712139814809
663,0.0,3.890625,-0.794921875,0.0,25,1712139814809
663,-0.25,3.8671875,-1.0234375,0.0,22,1712139814809
663,-0.37890625,3.9140625,-0.955078125,0.12520644037889672,23,1712139814809
663,0.0,3.783203125,-1.07421875,-0.25041288075779344,18,1712139814809
663,0.0,3.775390625,-0.95703125,-0.12520644037889672,26,1712139814809
663,0.0,3.818359375,-0.94140625,-0.12520644037889672,42,1712139814809
663,0.0,3.87109375,-0.88671875,-0.12520644037889672,40,1712139814809
663,0.0,3.92578125,-0.806640625,-0.12520644037889672,23,1712139814809
665,-0.357421875,3.69140625,-0.90625,0.0,18,1712139815010
665,-0.482421875,3.681640625,-1.037109375,0.0,14,1712139815010
665,-0.353515625,3.63671875,-0.96484375,0.12520644037889672,24,1712139815010
665,-0.357421875,3.68359375,-0.93359375,0.12520644037889672,37,1712139815010
665,-0.361328125,3.748046875,-0.83203125,0.12520644037889672,30,1712139815010
665,-0.3828125,3.888671875,-1.193359375,0.12520644037889672,26,1712139815010
665,-0.515625,3.921875,-1.16015625,0.12520644037889672,18,1712139815010
668,-0.357421875,3.599609375,-1.22265625,-0.12520644037889672,13,1712139815312
670,-0.353515625,3.51171875,-1.3515625,-0.12520644037889672,18,1712139815512
670,-0.357421875,3.5703125,-1.302734375,-0.12520644037889672,22,1712139815512
674,-0.236328125,3.708984375,-0.689453125,0.12520644037889672,20,1712139815914
674,-0.357421875,3.744140625,-0.65625,0.12520644037889672,20,1712139815914
676,-0.23828125,3.666015625,-1.041015625,0.0,18,1712139816114
676,0.0,3.72265625,-1.005859375,0.0,18,1712139816114
676,0.0,3.671875,-1.298828125,0.0,20,1712139816114
676,0.0,3.720703125,-1.2734375,0.0,20,1712139816114
676,-0.236328125,3.7109375,-0.67578125,0.12520644037889672,22,1712139816114
676,-0.23828125,3.73828125,-0.73828125,0.12520644037889672,34,1712139816114
676,-0.240234375,3.744140625,-0.888671875,0.12520644037889672,33,1712139816114
676,0.0,3.744140625,-1.06640625,0.12520644037889672,35,1712139816114
676,0.0,3.775390625,-1.1015625,0.12520644037889672,34,1712139816114
676,-0.23828125,3.787109375,-0.42578125,0.25041288075779344,22,1712139816114
676,-0.361328125,3.798828125,-0.5546875,0.25041288075779344,21,1712139816114
676,0.0,3.80078125,-0.84375,0.25041288075779344,24,1712139816114
676,0.0,3.849609375,-0.8046875,0.25041288075779344,25,1712139816114
677,0.0,3.712890625,-1.296875,0.0,14,1712139816215
677,0.0,3.79296875,-1.173828125,0.0,29,1712139816215
677,0.0,3.873046875,-1.033203125,0.0,27,1712139816215
677,0.0,3.958984375,-0.837890625,0.0,12,1712139816215
677,0.0,3.78515625,-1.06640625,0.12520644037889672,33,1712139816215
677,-0.125,3.86328125,-0.90625,0.12520644037889672,63,1712139816215
677,0.0,3.931640625,-0.779296875,0.12520644037889672,55,1712139816215
677,-0.23828125,3.73828125,-0.73828125,0.25041288075779344,25,1712139816215
677,-0.361328125,3.75390625,-0.802734375,0.25041288075779344,26,1712139816215
677,0.0,3.884765625,-0.61328125,0.25041288075779344,24,1712139816215
677,0.0,3.931640625,-0.556640625,0.25041288075779344,50,1712139816215
677,-0.125,3.9765625,-0.49609375,0.25041288075779344,45,1712139816215
677,0.0,3.869140625,-1.3125,-0.37561932113669017,22,1712139816215
677,-0.251953125,3.837890625,-1.255859375,-0.25041288075779344,24,1712139816215
677,-0.255859375,3.91015625,-1.15625,-0.25041288075779344,35,1712139816215
677,-0.2578125,3.98046875,-1.046875,-0.25041288075779344,27,1712139816215
677,-0.265625,4.041015625,-1.248046875,-0.25041288075779344,20,1712139816215
678,0.0,3.845703125,-0.986328125,0.0,27,1712139816316
678,0.0,3.86328125,-1.06640625,0.0,35,1712139816316
678,-0.130859375,3.970703125,-1.236328125,0.0,26,1712139816316
678,0.0,4.0078125,-1.25390625,0.0,27,1712139816316
678,-0.265625,4.01953125,-1.31640625,0.0,19,1712139816316
678,-0.357421875,3.75390625,-0.59375,0.12520644037889672,23,1712139816316
678,-0.240234375,3.810546875,-0.53125,0.12520644037889672,45,1712139816316
678,-0.365234375,3.826171875,-0.625,0.12520644037889672,44,1712139816316
678,-0.24609375,3.873046875,-0.638671875,0.12520644037889672,32,1712139816316
678,-0.248046875,3.91796875,-0.591796875,0.12520644037889672,42,1712139816316
678,-0.25,3.958984375,-0.580078125,0.12520644037889672,48,1712139816316
678,-0.37890625,3.986328125,-0.587890625,0.12520644037889672,36,1712139816316
678,-0.39453125,4.015625,-1.162109375,0.12520644037889672,41,1712139816316
678,-0.396484375,4.0546875,-1.166015625,0.12520644037889672,35,1712139816316
678,-0.23828125,3.8046875,-0.220703125,0.25041288075779344,34,1712139816316
678,-0.240234375,3.837890625,-0.28125,0.25041288075779344,69,1712139816316
678,-0.244140625,3.869140625,-0.359375,0.25041288075779344,71,1712139816316
678,-0.24609375,3.90234375,-0.419921875,0.25041288075779344,44,1712139816316
678,-0.373046875,3.947265625,-0.205078125,0.25041288075779344,31,1712139816316
678,-0.25,3.982421875,-0.375,0.25041288075779344,42,1712139816316
678,-0.251953125,3.998046875,-0.576171875,0.25041288075779344,53,1712139816316
678,-0.240234375,3.84765625,-0.10546875,0.37561932113669017,35,1712139816316
678,-0.244140625,3.876953125,-0.263671875,0.37561932113669017,39,1712139816316
678,-0.24609375,3.900390625,-0.4375,0.37561932113669017,29,1712139816316
678,0.0,3.931640625,-0.5546875,0.37561932113669017,28,1712139816316
678,0.0,3.9765625,-0.5,0.37561932113669017,41,1712139816316
678,0.0,4.0,-0.607421875,0.37561932113669017,49,1712139816316
678,0.0,3.958984375,-0.630859375,0.5008257615155869,21,1712139816316
678,0.0,4.0078125,-0.560546875,0.5008257615155869,24,1712139816316
678,0.0,4.037109375,-0.625,0.5008257615155869,22,1712139816316
678,-0.267578125,3.97265625,-1.55859375,-0.37561932113669017,22,1712139816316
678,0.0,3.962890625,-1.388671875,-0.25041288075779344,29,1712139816316
678,-0.265625,4.044921875,-1.234375,-0.25041288075779344,34,1712139816316
678,-0.400390625,4.091796875,-1.17578125,-0.25041288075779344,34,1712139816316
678,-0.404296875,4.154296875,-1.0859375,-0.25041288075779344,26,1712139816316
679,-0.240234375,3.83984375,-0.248046875,0.12520644037889672,43,1712139816415
679,-0.12109375,3.880859375,-0.3046875,0.12520644037889672,50,1712139816415
679,-0.123046875,3.904296875,-0.45703125,0.12520644037889672,37,1712139816415
679,0.0,3.876953125,-0.859375,0.12520644037889672,55,1712139816415
679,-0.125,3.908203125,-0.880859375,0.12520644037889672,99,1712139816415
679,-0.126953125,3.96875,-0.78125,0.12520644037889672,101,1712139816415
679,-0.255859375,4.025390625,-0.65234375,0.12520644037889672,64,1712139816415
679,-0.12109375,3.849609375,-0.17578125,0.25041288075779344,45,1712139816415
679,-0.12109375,3.880859375,-0.302734375,0.25041288075779344,63,1712139816415
679,-0.24609375,3.890625,-0.5078125,0.25041288075779344,63,1712139816415
679,-0.125,3.91015625,-0.681640625,0.25041288075779344,108,1712139816415
679,-0.125,3.94921875,-0.673828125,0.25041288075779344,179,1712139816415
679,-0.126953125,3.994140625,-0.640625,0.25041288075779344,162,1712139816415
679,-0.126953125,4.046875,-0.5390625,0.25041288075779344,77,1712139816415
679,-0.240234375,3.84765625,-0.0703125,0.37561932113669017,25,1712139816415
679,-0.244140625,3.884765625,-0.107421875,0.37561932113669017,40,1712139816415
679,-0.24609375,3.916015625,-0.265625,0.37561932113669017,41,1712139816415
679,-0.125,3.947265625,-0.416015625,0.37561932113669017,60,1712139816415
679,-0.125,3.978515625,-0.46875,0.37561932113669017,97,1712139816415
679,0.0,4.0234375,-0.427734375,0.37561932113669017,86,1712139816415
679,0.0,4.07421875,-0.30078125,0.37561932113669017,41,1712139816415
679,0.0,3.9921875,-0.37109375,0.5008257615155869,31,1712139816415
679,0.0,4.021484375,-0.458984375,0.5008257615155869,33,1712139816415
679,-0.26171875,4.09765625,-0.87890625,-0.12520644037889672,23,1712139816415
679,-0.5390625,4.169921875,-0.962890625,-0.12520644037889672,23,1712139816415
680,-0.240234375,3.802734375,-0.595703125,0.0,19,1712139816516
680,-0.12109375,3.85546875,-0.529296875,0.0,35,1712139816516
680,-0.123046875,3.896484375,-0.513671875,0.0,31,1712139816516
680,0.0,3.9375,-0.50390625,0.0,18,1712139816516
680,0.0,3.892578125,-0.95703125,0.0,17,1712139816516
680,-0.39453125,4.119140625,-0.716796875,0.0,23,1712139816516
680,-0.396484375,4.150390625,-0.755859375,0.0,26,1712139816516
680,-0.240234375,3.83203125,-0.357421875,0.12520644037889672,51,1712139816516
680,-0.244140625,3.87109375,-0.34765625,0.12520644037889672,83,1712139816516
680,-0.24609375,3.91015625,-0.341796875,0.12520644037889672,62,1712139816516
680,-0.125,3.9453125,-0.419921875,0.12520644037889672,27,1712139816516
680,0.0,3.951171875,-0.6796875,0.12520644037889672,30,1712139816516
680,0.0,3.94140625,-0.9140625,0.12520644037889672,33,1712139816516
680,-0.38671875,4.0234375,-0.814453125,0.12520644037889672,44,1712139816516
680,-0.259765625,4.0234375,-1.033203125,0.12520644037889672,36,1712139816516
680,-0.240234375,3.84765625,-0.03125,0.25041288075779344,50,1712139816516
680,-0.12109375,3.892578125,0.033203125,0.25041288075779344,72,1712139816516
680,-0.24609375,3.921875,0.16015625,0.25041288075779344,42,1712139816516
680,-0.123046875,3.8359375,-0.85546875,0.37561932113669017,28,1712139816516
680,-0.125,3.912109375,-0.666015625,0.37561932113669017,43,1712139816516
680,-0.125,3.962890625,-0.59375,0.37561932113669017,60,1712139816516
680,-0.126953125,4.001953125,-0.583984375,0.37561932113669017,72,1712139816516
680,-0.126953125,4.037109375,-0.61328125,0.37561932113669017,49,1712139816516
680,-0.244140625,3.87109375,-0.353515625,0.5008257615155869,25,1712139816516
680,-0.24609375,3.9140625,-0.275390625,0.5008257615155869,41,1712139816516
680,-0.248046875,3.951171875,-0.302734375,0.5008257615155869,42,1712139816516
680,-0.25,3.9921875,-0.267578125,0.5008257615155869,32,1712139816516
680,-0.251953125,4.037109375,-0.12890625,0.5008257615155869,30,1712139816516
680,0.0,4.056640625,-0.4765625,0.5008257615155869,28,1712139816516
680,0.0,4.037109375,-0.283203125,0.6260322018944836,23,1712139816516
680,0.0,4.0703125,-0.3515625,0.6260322018944836,32,1712139816516
680,0.0,4.109375,-0.345703125,0.6260322018944836,24,1712139816516
680,-0.26171875,3.91015625,-1.51171875,-0.25041288075779344,33,1712139816516
680,-0.265625,3.998046875,-1.380859375,-0.25041288075779344,32,1712139816516
680,-0.259765625,3.904296875,-1.416015625,-0.12520644037889672,34,1712139816516
680,-0.26171875,4.001953125,-1.2421875,-0.12520644037889672,63,1712139816516
680,-0.265625,4.080078125,-1.111328125,-0.12520644037889672,60,1712139816516
680,-0.267578125,4.130859375,-1.07421875,-0.12520644037889672,21,1712139816516
681,0.0,3.7890625,-1.185546875,0.0,13,1712139816616
681,0.0,3.84375,-1.138671875,0.0,34,1712139816616
681,0.0,3.873046875,-1.169921875,0.0,61,1712139816616
681,0.0,3.91796875,-1.15234375,0.0,56,1712139816616
681,0.0,4.01171875,-0.953125,0.0,22,1712139816616
681,0.130859375,3.888671875,-1.578125,0.0,24,1712139816616
681,-0.125,3.89453125,-0.94140625,0.12520644037889672,26,1712139816616
681,0.0,3.861328125,-1.2109375,0.12520644037889672,28,1712139816616
681,0.0,3.90234375,-1.205078125,0.12520644037889672,32,1712139816616
681,-0.2578125,3.94140625,-1.1796875,0.12520644037889672,68,1712139816616
681,0.0,3.9765625,-1.224609375,0.12520644037889672,58,1712139816616
681,0.0,4.03515625,-1.1640625,0.12520644037889672,56,1712139816616
681,0.0,4.08984375,-1.107421875,0.12520644037889672,44,1712139816616
681,-0.123046875,3.912109375,-0.375,0.25041288075779344,26,1712139816616
681,-0.248046875,3.951171875,-0.2890625,0.25041288075779344,26,1712139816616
681,0.0,3.943359375,-0.72265625,0.25041288075779344,35,1712139816616
681,0.0,3.978515625,-0.744140625,0.25041288075779344,149,1712139816616
681,0.0,4.021484375,-0.712890625,0.25041288075779344,224,1712139816616
681,-0.12890625,4.0546875,-0.740234375,0.25041288075779344,174,1712139816616
681,0.0,4.091796875,-0.75390625,0.25041288075779344,72,1712139816616
681,0.0,4.1171875,-0.82421875,0.25041288075779344,35,1712139816616
681,-0.123046875,3.92578125,-0.201171875,0.37561932113669017,36,1712139816616
681,0.0,3.966796875,-0.171875,0.37561932113669017,36,1712139816616
681,-0.125,3.986328125,-0.404296875,0.37561932113669017,35,1712139816616
681,0.0,4.0234375,-0.439453125,0.37561932113669017,151,1712139816616
681,-0.126953125,4.056640625,-0.462890625,0.37561932113669017,216,1712139816616
681,-0.12890625,4.09765625,-0.4375,0.37561932113669017,145,1712139816616
681,-0.130859375,4.1328125,-0.462890625,0.37561932113669017,48,1712139816616
681,-0.123046875,3.9296875,-0.07421875,0.5008257615155869,26,1712139816616
681,-0.125,3.96875,-0.0546875,0.5008257615155869,30,1712139816616
681,-0.126953125,4.0390625,-0.212890625,0.5008257615155869,30,1712139816616
681,-0.126953125,4.076171875,-0.228515625,0.5008257615155869,49,1712139816616
681,-0.12890625,4.111328125,-0.287109375,0.5008257615155869,39,1712139816616
681,0.0,4.150390625,-0.3046875,0.5008257615155869,26,1712139816616
681,0.0,3.75,-1.5234375,-0.12520644037889672,17,1712139816616
682,0.0,3.85546875,-1.23046875,0.0,21,1712139816717
682,0.0,3.880859375,-1.2734375,0.0,17,1712139816717
682,0.0,3.958984375,-1.28125,0.0,30,1712139816717
682,-0.130859375,3.97265625,-1.357421875,0.0,31,1712139816717
682,0.0,3.94921875,-0.880859375,0.12520644037889672,26,1712139816717
682,0.0,3.9453125,-1.056640625,0.12520644037889672,25,1712139816717
682,-0.38671875,4.021484375,-0.828125,0.12520644037889672,24,1712139816717
682,-0.259765625,4.037109375,-0.974609375,0.12520644037889672,61,1712139816717
682,-0.130859375,4.052734375,-1.095703125,0.12520644037889672,67,1712139816717
682,-0.1328125,4.078125,-1.14453125,0.12520644037889672,50,1712139816717
682,-0.267578125,4.1171875,-1.125,0.12520644037889672,52,1712139816717
682,-0.26953125,4.1953125,-0.970703125,0.12520644037889672,55,1712139816717
682,0.0,3.896484375,-0.525390625,0.25041288075779344,24,1712139816717
682,0.0,3.931640625,-0.55078125,0.25041288075779344,48,1712139816717
682,0.0,3.94921875,-0.689453125,0.25041288075779344,47,1712139816717
682,-0.259765625,4.10546875,-0.62890625,0.25041288075779344,44,1712139816717
682,-0.130859375,4.103515625,-0.8828125,0.25041288075779344,53,1712139816717
682,0.0,4.115234375,-1.01171875,0.25041288075779344,44,1712139816717
682,0.0,3.921875,-0.2890625,0.37561932113669017,33,1712139816717
682,0.0,3.95703125,-0.3203125,0.37561932113669017,69,1712139816717
682,0.0,3.98828125,-0.392578125,0.37561932113669017,77,1712139816717
682,-0.126953125,4.001953125,-0.5859375,0.37561932113669017,46,1712139816717
682,0.0,4.18359375,-0.375,0.37561932113669017,26,1712139816717
682,0.0,4.185546875,-0.66015625,0.37561932113669017,30,1712139816717
682,0.0,4.203125,-0.787109375,0.37561932113669017,23,1712139816717
682,0.0,3.970703125,-0.03125,0.5008257615155869,31,1712139816717
682,0.0,4.0078125,-0.072265625,0.5008257615155869,35,1712139816717
682,0.0,4.04296875,-0.16796875,0.5008257615155869,21,1712139816717
682,0.130859375,4.197265625,-0.072265625,0.5008257615155869,20,1712139816717
682,0.1328125,4.232421875,-0.169921875,0.5008257615155869,22,1712139816717
683,0.0,3.935546875,-1.09765625,0.0,25,1712139816817
683,0.0,3.97265625,-1.1015625,0.0,41,1712139816817
683,0.0,4.01171875,-1.1015625,0.0,38,1712139816817
683,-0.130859375,4.048828125,-1.109375,0.0,17,1712139816817
683,0.0,3.966796875,-0.578125,0.12520644037889672,19,1712139816817
683,-0.126953125,3.974609375,-0.748046875,0.12520644037889672,37,1712139816817
683,0.0,3.98828125,-0.880859375,0.12520644037889672,65,1712139816817
683,0.0,4.01953125,-0.9140625,0.12520644037889672,75,1712139816817
683,0.130859375,4.033203125,-1.015625,0.12520644037889672,53,1712139816817
683,0.26171875,3.8515625,-1.65234375,0.12520644037889672,41,1712139816817
683,0.0,3.955078125,-1.521484375,0.12520644037889672,43,1712139816817
683,0.0,3.962890625,-0.236328125,0.25041288075779344,25,1712139816817
683,0.0,3.990234375,-0.375,0.25041288075779344,38,1712139816817
683,0.0,4.01953125,-0.46875,0.25041288075779344,59,1712139816817
683,0.126953125,4.03125,-0.642578125,0.25041288075779344,115,1712139816817
683,0.0,4.05078125,-0.765625,0.25041288075779344,175,1712139816817
683,0.130859375,4.060546875,-0.896484375,0.25041288075779344,157,1712139816817
683,0.0,4.029296875,-1.18359375,0.25041288075779344,115,1712139816817
683,0.0,4.046875,-1.259765625,0.25041288075779344,96,1712139816817
683,0.0,4.041015625,-1.400390625,0.25041288075779344,60,1712139816817
683,0.0,4.12109375,-1.2734375,0.25041288075779344,40,1712139816817
683,0.0,4.232421875,-1.013671875,0.25041288075779344,37,1712139816817
683,0.0,4.0078125,-0.09375,0.37561932113669017,21,1712139816817
683,0.0,4.041015625,-0.201171875,0.37561932113669017,33,1712139816817
683,0.0,4.05859375,-0.46875,0.37561932113669017,74,1712139816817
683,0.0,4.08984375,-0.51953125,0.37561932113669017,126,1712139816817
683,0.0,4.109375,-0.654296875,0.37561932113669017,117,1712139816817
683,0.0,4.095703125,-0.9296875,0.37561932113669017,83,1712139816817
683,0.0,4.11328125,-1.021484375,0.37561932113669017,69,1712139816817
683,0.0,4.126953125,-1.119140625,0.37561932113669017,51,1712139816817
683,0.0,4.185546875,-1.046875,0.37561932113669017,37,1712139816817
684,0.125,3.919921875,-0.615234375,0.0,16,1712139816918
684,0.125,3.955078125,-0.642578125,0.0,25,1712139816918
684,0.126953125,3.970703125,-0.76953125,0.0,26,1712139816918
684,0.126953125,3.984375,-0.892578125,0.0,25,1712139816918
684,0.12890625,3.9609375,-1.13671875,0.0,15,1712139816918
684,-0.130859375,4.01171875,-1.099609375,0.0,21,1712139816918
684,-0.130859375,3.9609375,-1.38671875,0.0,41,1712139816918
684,0.0,3.955078125,-1.51953125,0.0,53,1712139816918
684,0.0,3.98828125,-1.5390625,0.0,50,1712139816918
684,0.0,3.99609375,-1.625,0.0,31,1712139816918
684,0.125,3.94921875,-0.38671875,0.12520644037889672,46,1712139816918
684,0.25,3.98046875,-0.408203125,0.12520644037889672,76,1712139816918
684,0.126953125,4.009765625,-0.537109375,0.12520644037889672,80,1712139816918
684,0.0,4.021484375,-0.716796875,0.12520644037889672,74,1712139816918
684,0.12890625,4.021484375,-0.904296875,0.12520644037889672,65,1712139816918
684,0.130859375,4.044921875,-0.970703125,0.12520644037889672,54,1712139816918
684,-0.130859375,4.064453125,-1.044921875,0.12520644037889672,60,1712139816918
684,-0.1328125,4.052734375,-1.23046875,0.12520644037889672,67,1712139816918
684,0.0,4.0703125,-1.3125,0.12520644037889672,68,1712139816918
684,0.0,4.130859375,-1.244140625,0.12520644037889672,57,1712139816918
684,0.125,3.96484375,-0.150390625,0.25041288075779344,50,1712139816918
684,0.125,4.001953125,-0.18359375,0.25041288075779344,89,1712139816918
684,0.126953125,4.03515625,-0.2734375,0.25041288075779344,95,1712139816918
684,0.0,4.05859375,-0.462890625,0.25041288075779344,87,1712139816918
684,0.0,4.06640625,-0.677734375,0.25041288075779344,94,1712139816918
684,0.130859375,4.095703125,-0.7265625,0.25041288075779344,92,1712139816918
684,0.0,4.0078125,0.115234375,0.37561932113669017,33,1712139816918
684,0.0,4.044921875,0.08203125,0.37561932113669017,35,1712139816918
684,0.0,4.080078125,-0.201171875,0.37561932113669017,33,1712139816918
684,0.0,4.09375,-0.484375,0.37561932113669017,46,1712139816918
684,0.0,4.119140625,-0.587890625,0.37561932113669017,58,1712139816918
684,0.0,4.1640625,-0.54296875,0.37561932113669017,41,1712139816918
685,0.25,3.9375,-0.7109375,0.0,18,1712139817018
685,0.251953125,3.98046875,-0.681640625,0.0,28,1712139817018
685,0.255859375,3.98828125,-0.841796875,0.0,40,1712139817018
685,0.12890625,3.990234375,-1.02734375,0.0,61,1712139817018
685,0.0,4.013671875,-1.095703125,0.0,78,1712139817018
685,0.130859375,4.044921875,-1.12109375,0.0,73,1712139817018
685,0.1328125,4.080078125,-1.138671875,0.0,53,1712139817018
685,0.1328125,4.15234375,-1.013671875,0.0,31,1712139817018
685,0.248046875,3.955078125,-0.255859375,0.12520644037889672,21,1712139817018
685,0.25,3.982421875,-0.373046875,0.12520644037889672,53,1712139817018
685,0.126953125,4.017578125,-0.466796875,0.12520644037889672,79,1712139817018
685,0.126953125,4.041015625,-0.578125,0.12520644037889672,99,1712139817018
685,0.12890625,4.056640625,-0.728515625,0.12520644037889672,135,1712139817018
685,0.0,4.078125,-0.82421875,0.12520644037889672,166,1712139817018
685,0.0,4.103515625,-0.888671875,0.12520644037889672,147,1712139817018
685,0.1328125,4.130859375,-0.9375,0.12520644037889672,92,1712139817018
685,0.1328125,4.189453125,-0.845703125,0.12520644037889672,42,1712139817018
685,0.125,3.96875,-0.029296875,0.25041288075779344,23,1712139817018
685,0.125,4.00390625,-0.140625,0.25041288075779344,60,1712139817018
685,0.126953125,4.041015625,-0.171875,0.25041288075779344,88,1712139817018
685,0.126953125,4.07421875,-0.259765625,0.25041288075779344,95,1712139817018
685,0.12890625,4.103515625,-0.38671875,0.25041288075779344,113,1712139817018
685,0.0,4.1328125,-0.48828125,0.25041288075779344,142,1712139817018
685,0.0,4.158203125,-0.583984375,0.25041288075779344,123,1712139817018
685,0.0,4.185546875,-0.658203125,0.25041288075779344,59,1712139817018
685,0.125,4.0,0.232421875,0.37561932113669017,22,1712139817018
685,0.0,4.041015625,0.220703125,0.37561932113669017,30,1712139817018
685,0.126953125,4.08203125,0.076171875,0.37561932113669017,28,1712139817018
685,0.0,4.123046875,0.025390625,0.37561932113669017,28,1712139817018
685,0.0,4.15625,-0.181640625,0.37561932113669017,38,1712139817018
685,0.0,4.18359375,-0.361328125,0.37561932113669017,32,1712139817018
685,0.0,3.947265625,-1.43359375,-0.6260322018944836,24,1712139817018
685,0.0,4.021484375,-1.337890625,-0.6260322018944836,30,1712139817018
685,0.0,3.8515625,-1.57421875,-0.5008257615155869,22,1712139817018
685,0.0,3.974609375,-1.35546875,-0.5008257615155869,57,1712139817018
685,-0.1328125,4.046875,-1.248046875,-0.5008257615155869,71,1712139817018
685,0.0,4.109375,-1.18359375,-0.5008257615155869,44,1712139817018
685,0.0,3.912109375,-1.41796875,-0.37561932113669017,18,1712139817018
685,-0.130859375,4.025390625,-1.185546875,-0.37561932113669017,48,1712139817018
685,-0.1328125,4.087890625,-1.111328125,-0.37561932113669017,60,1712139817018
685,0.0,4.13671875,-1.083984375,-0.37561932113669017,37,1712139817018
686,0.25,3.921875,-0.79296875,0.0,15,1712139817118
686,0.251953125,3.998046875,-0.56640625,0.0,21,1712139817118
686,0.255859375,4.02734375,-0.634765625,0.0,21,1712139817118
686,0.12890625,4.015625,-0.923828125,0.0,17,1712139817118
686,0.25,3.9921875,-0.251953125,0.12520644037889672,26,1712139817118
686,0.251953125,4.02734375,-0.291015625,0.12520644037889672,42,1712139817118
686,0.255859375,4.060546875,-0.373046875,0.12520644037889672,44,1712139817118
686,0.2578125,4.0859375,-0.494140625,0.12520644037889672,39,1712139817118
686,0.259765625,4.115234375,-0.564453125,0.12520644037889672,28,1712139817118
686,0.126953125,4.044921875,-0.048828125,0.25041288075779344,31,1712139817118
686,0.126953125,4.08203125,-0.06640625,0.25041288075779344,37,1712139817118
686,0.12890625,4.11328125,-0.240234375,0.25041288075779344,39,1712139817118
686,0.130859375,4.15625,-0.140625,0.25041288075779344,28,1712139817118
687,0.12890625,4.091796875,-0.482421875,0.0,31,1712139817219
687,0.130859375,4.119140625,-0.57421875,0.0,60,1712139817219
687,0.130859375,4.162109375,-0.5390625,0.0,64,1712139817219
687,0.1328125,4.201171875,-0.541015625,0.0,38,1712139817219
687,0.0,4.095703125,-0.474609375,0.12520644037889672,22,1712139817219
687,0.0,4.12109375,-0.580078125,0.12520644037889672,38,1712139817219
687,0.130859375,4.134765625,-0.720703125,0.12520644037889672,34,1712139817219
687,0.0,4.1328125,-0.935546875,0.12520644037889672,19,1712139817219
687,0.0,4.12890625,-0.5234375,0.25041288075779344,18,1712139817219
687,0.0,4.146484375,-0.669921875,0.25041288075779344,17,1712139817219
687,0.12890625,4.064453125,-0.677734375,-0.25041288075779344,27,1712139817219
687,0.259765625,4.080078125,-0.771484375,-0.25041288075779344,46,1712139817219
687,0.130859375,4.103515625,-0.884765625,-0.25041288075779344,43,1712139817219
687,0.265625,4.126953125,-0.923828125,-0.25041288075779344,24,1712139817219
687,0.126953125,4.03125,-0.646484375,-0.12520644037889672,17,1712139817219
687,0.12890625,4.07421875,-0.61328125,-0.12520644037889672,60,1712139817219
687,0.259765625,4.107421875,-0.611328125,-0.12520644037889672,109,1712139817219
687,0.26171875,4.142578125,-0.63671875,-0.12520644037889672,108,1712139817219
687,0.265625,4.1875,-0.58984375,-0.12520644037889672,59,1712139817219
688,0.251953125,4.037109375,0.091796875,0.0,27,1712139817319
688,0.255859375,4.076171875,0.109375,0.0,21,1712139817319
688,0.2578125,4.115234375,0.05859375,0.0,17,1712139817319
688,0.130859375,4.15625,0.150390625,0.0,41,1712139817319
688,0.26171875,4.06640625,1.017578125,0.0,18,1712139817319
688,0.0,3.861328125,-1.74609375,0.0,26,1712139817319
688,0.0,4.154296875,-1.0078125,0.0,31,1712139817319
688,0.130859375,4.083984375,-0.7890625,0.12520644037889672,24,1712139817319
688,0.130859375,4.048828125,-1.107421875,0.12520644037889672,39,1712139817319
688,0.0,4.05859375,-1.21875,0.12520644037889672,35,1712139817319
688,0.130859375,4.115234375,-0.603515625,0.25041288075779344,22,1712139817319
688,0.0,4.123046875,-0.794921875,0.25041288075779344,36,1712139817319
688,0.0,4.14453125,-0.87890625,0.25041288075779344,29,1712139817319
688,0.390625,4.072265625,-0.76171875,-0.37561932113669017,25,1712139817319
688,0.134765625,4.15625,-1.14453125,-0.37561932113669017,25,1712139817319
688,0.13671875,4.19140625,-1.162109375,-0.37561932113669017,27,1712139817319
688,0.37890625,4.01171875,-0.376953125,-0.25041288075779344,27,1712139817319
688,0.2578125,4.060546875,-0.662109375,-0.25041288075779344,36,1712139817319
688,0.259765625,4.125,-0.478515625,-0.25041288075779344,75,1712139817319
688,0.39453125,4.16015625,0.4140625,-0.25041288075779344,47,1712139817319
688,0.1328125,3.734375,-1.998046875,-0.25041288075779344,48,1712139817319
688,0.1328125,4.017578125,-1.455078125,-0.25041288075779344,58,1712139817319
688,0.0,4.208984375,-0.94921875,-0.25041288075779344,44,1712139817319
688,0.0,4.26171875,-0.88671875,-0.25041288075779344,65,1712139817319
688,0.25,4.0,0.0078125,-0.12520644037889672,22,1712139817319
688,0.251953125,4.037109375,-0.12109375,-0.12520644037889672,51,1712139817319
688,0.255859375,4.07421875,-0.13671875,-0.12520644037889672,39,1712139817319
688,0.12890625,4.091796875,-0.486328125,-0.12520644037889672,37,1712139817319
688,0.259765625,4.146484375,-0.236328125,-0.12520644037889672,96,1712139817319
688,0.39453125,4.142578125,0.564453125,-0.12520644037889672,63,1712139817319
688,0.1328125,3.779296875,-1.912109375,-0.12520644037889672,52,1712139817319
688,0.1328125,4.1015625,-1.197265625,-0.12520644037889672,65,1712139817319
688,0.0,4.3046875,-0.640625,-0.12520644037889672,55,1712139817319
688,-1.720703125,2.5234375,2.9375,0.0,14,1712139817319
689,0.125,4.005859375,0.11328125,0.0,24,1712139817419
689,0.251953125,4.03515625,0.158203125,0.0,36,1712139817419
689,0.255859375,4.068359375,0.275390625,0.0,24,1712139817419
689,0.130859375,3.904296875,-1.54296875,-0.5008257615155869,28,1712139817419
689,0.1328125,3.97265625,-1.466796875,-0.5008257615155869,45,1712139817419
689,0.0,4.056640625,-1.349609375,-0.5008257615155869,47,1712139817419
689,0.0,4.1015625,-1.337890625,-0.5008257615155869,28,1712139817419
689,0.251953125,4.009765625,-0.478515625,-0.37561932113669017,47,1712139817419
689,0.255859375,4.01953125,-0.685546875,-0.37561932113669017,70,1712139817419
689,0.2578125,4.025390625,-0.853515625,-0.37561932113669017,110,1712139817419
689,0.390625,4.04296875,-0.90625,-0.37561932113669017,138,1712139817419
689,0.26171875,4.05859375,-1.04296875,-0.37561932113669017,120,1712139817419
689,0.1328125,4.087890625,-1.107421875,-0.37561932113669017,96,1712139817419
689,0.1328125,4.15234375,-1.015625,-0.37561932113669017,93,1712139817419
689,0.0,4.212890625,-0.931640625,-0.37561932113669017,62,1712139817419
689,0.25,3.994140625,-0.21875,-0.25041288075779344,58,1712139817419
689,0.251953125,4.02734375,-0.30078125,-0.25041288075779344,110,1712139817419
689,0.255859375,4.052734375,-0.435546875,-0.25041288075779344,137,1712139817419
689,0.2578125,4.07421875,-0.576171875,-0.25041288075779344,179,1712139817419
689,0.259765625,4.107421875,-0.607421875,-0.25041288075779344,207,1712139817419
689,0.26171875,4.13671875,-0.671875,-0.25041288075779344,156,1712139817419
689,0.265625,4.173828125,-0.68359375,-0.25041288075779344,84,1712139817419
689,0.0,4.22265625,-0.66796875,-0.25041288075779344,58,1712139817419
689,0.25,4.0,-0.015625,-0.12520644037889672,59,1712139817419
689,0.251953125,4.037109375,-0.083984375,-0.12520644037889672,96,1712139817419
689,0.255859375,4.072265625,-0.17578125,-0.12520644037889672,91,1712139817419
689,0.2578125,4.107421875,-0.2578125,-0.12520644037889672,93,1712139817419
689,0.130859375,4.150390625,-0.2578125,-0.12520644037889672,89,1712139817419
689,0.26171875,4.181640625,-0.294921875,-0.12520644037889672,61,1712139817419
690,0.515625,3.947265625,-1.0703125,-0.5008257615155869,29,1712139817520
690,0.390625,3.95703125,-1.2265625,-0.5008257615155869,38,1712139817520
690,0.130859375,4.048828125,-1.10546875,-0.5008257615155869,32,1712139817520
690,-0.265625,4.146484375,-0.833984375,-0.5008257615155869,30,1712139817520
690,0.125,3.9609375,-0.59765625,-0.37561932113669017,21,1712139817520
690,0.0,4.0078125,-0.56640625,-0.37561932113669017,22,1712139817520
690,0.765625,3.92578125,-0.830078125,-0.37561932113669017,30,1712139817520
690,0.38671875,4.013671875,-0.861328125,-0.37561932113669017,87,1712139817520
690,0.259765625,4.025390625,-1.021484375,-0.37561932113669017,117,1712139817520
690,0.26171875,4.02734375,-1.15625,-0.37561932113669017,87,1712139817520
690,0.1328125,4.064453125,-1.189453125,-0.37561932113669017,44,1712139817520
690,0.509765625,4.041015625,-0.298828125,-0.25041288075779344,26,1712139817520
690,0.2578125,4.056640625,-0.693359375,-0.25041288075779344,90,1712139817520
690,0.259765625,4.060546875,-0.8671875,-0.25041288075779344,140,1712139817520
690,0.26171875,4.07421875,-0.986328125,-0.25041288075779344,119,1712139817520
690,0.1328125,4.109375,-1.0234375,-0.25041288075779344,67,1712139817520
690,0.2578125,4.048828125,-0.73828125,-0.12520644037889672,36,1712139817520
690,0.130859375,4.08203125,-0.80078125,-0.12520644037889672,62,1712139817520
690,0.130859375,4.125,-0.77734375,-0.12520644037889672,60,1712139817520
690,0.1328125,4.166015625,-0.763671875,-0.12520644037889672,35,1712139817520
690,-0.7734375,0.71875,-3.986328125,-0.5008257615155869,15,1712139817520
691,0.125,3.9921875,-0.341796875,0.0,13,1712139817620
691,0.126953125,4.03515625,-0.275390625,0.0,18,1712139817620
691,0.255859375,4.07421875,-0.15625,0.0,19,1712139817620
691,0.2578125,4.099609375,-0.36328125,0.0,17,1712139817620
691,0.259765625,4.08984375,-0.72265625,0.0,19,1712139817620
691,0.26171875,4.1015625,-0.86328125,0.0,15,1712139817620
691,0.126953125,3.837890625,-1.275390625,-0.5008257615155869,23,1712139817620
691,0.126953125,3.904296875,-1.193359375,-0.5008257615155869,42,1712139817620
691,0.12890625,3.974609375,-1.0859375,-0.5008257615155869,29,1712139817620
691,0.0,4.025390625,-1.197265625,-0.5008257615155869,22,1712139817620
691,0.251953125,3.966796875,-0.7578125,-0.37561932113669017,67,1712139817620
691,0.255859375,4.021484375,-0.671875,-0.37561932113669017,106,1712139817620
691,0.2578125,4.078125,-0.5546875,-0.37561932113669017,74,1712139817620
691,0.251953125,4.0078125,-0.4921875,-0.25041288075779344,59,1712139817620
691,0.255859375,4.0546875,-0.431640625,-0.25041288075779344,101,1712139817620
691,0.2578125,4.107421875,-0.240234375,-0.25041288075779344,68,1712139817620
691,0.26171875,4.005859375,-1.23046875,-0.25041288075779344,40,1712139817620
691,0.375,3.96875,-0.416015625,-0.12520644037889672,17,1712139817620
691,0.130859375,4.0,-1.138671875,-0.12520644037889672,35,1712139817620
691,0.26171875,4.078125,-0.970703125,-0.12520644037889672,39,1712139817620
692,0.248046875,3.943359375,-0.390625,0.0,17,1712139817721
692,0.25,3.984375,-0.36328125,0.0,42,1712139817721
692,0.251953125,4.025390625,-0.33203125,0.0,58,1712139817721
692,0.3828125,4.0546875,-0.30859375,0.0,57,1712139817721
692,0.2578125,4.08984375,-0.458984375,0.0,41,1712139817721
692,0.259765625,4.109375,-0.607421875,0.0,25,1712139817721
692,0.125,3.95703125,-0.291015625,0.12520644037889672,22,1712139817721
692,0.25,3.990234375,-0.298828125,0.12520644037889672,40,1712139817721
692,0.251953125,4.025390625,-0.3203125,0.12520644037889672,38,1712139817721
692,0.126953125,4.064453125,-0.376953125,0.12520644037889672,25,1712139817721
692,0.125,4.005859375,-0.107421875,0.25041288075779344,26,1712139817721
692,0.126953125,4.04296875,-0.10546875,0.25041288075779344,23,1712139817721
692,0.390625,4.029296875,-0.966796875,-0.5008257615155869,20,1712139817721
692,0.39453125,4.01171875,-1.1796875,-0.5008257615155869,29,1712139817721
692,0.265625,4.080078125,-1.11328125,-0.5008257615155869,22,1712139817721
692,0.259765625,4.103515625,-0.642578125,-0.37561932113669017,26,1712139817721
692,0.26171875,4.08984375,-0.9140625,-0.37561932113669017,44,1712139817721
692,0.265625,4.138671875,-0.869140625,-0.37561932113669017,36,1712139817721
692,0.25,3.9296875,-0.751953125,-0.25041288075779344,39,1712139817721
692,0.37890625,3.943359375,-0.82421875,-0.25041288075779344,61,1712139817721
692,0.3828125,3.962890625,-0.912109375,-0.25041288075779344,57,1712139817721
692,0.2578125,3.9765625,-1.05859375,-0.25041288075779344,45,1712139817721
692,0.259765625,3.9765625,-1.19921875,-0.25041288075779344,37,1712139817721
692,0.25,3.962890625,-0.5546875,-0.12520644037889672,51,1712139817721
692,0.37890625,3.994140625,-0.51953125,-0.12520644037889672,87,1712139817721
692,0.3828125,4.03125,-0.5390625,-0.12520644037889672,92,1712139817721
692,0.38671875,4.04296875,-0.708984375,-0.12520644037889672,71,1712139817721
692,0.259765625,4.0625,-0.8671875,-0.12520644037889672,53,1712139817721
692,0.39453125,4.1015625,-0.806640625,-0.12520644037889672,37,1712139817721
693,0.373046875,3.94140625,-0.298828125,0.0,18,1712139817821
693,0.375,3.96875,-0.4140625,0.0,46,1712139817821
693,0.251953125,4.005859375,-0.517578125,0.0,60,1712139817821
693,0.255859375,3.998046875,-0.794921875,0.0,58,1712139817821
693,0.2578125,4.046875,-0.75,0.0,67,1712139817821
693,0.390625,4.068359375,-0.78515625,0.0,63,1712139817821
693,0.26171875,4.12109375,-0.759765625,0.0,38,1712139817821
693,0.248046875,3.958984375,-0.154296875,0.12520644037889672,23,1712139817821
693,0.25,3.998046875,-0.15234375,0.12520644037889672,48,1712139817821
693,0.251953125,4.03515625,-0.16015625,0.12520644037889672,46,1712139817821
693,0.255859375,4.060546875,-0.357421875,0.12520644037889672,22,1712139817821
693,0.125,4.005859375,0.05859375,0.25041288075779344,21,1712139817821
693,0.49609375,3.775390625,-1.12109375,-0.5008257615155869,25,1712139817821
693,0.626953125,3.8125,-1.0703125,-0.5008257615155869,34,1712139817821
693,0.505859375,3.8984375,-0.9609375,-0.5008257615155869,25,1712139817821
693,0.49609375,3.833984375,-0.90625,-0.37561932113669017,23,1712139817821
693,0.501953125,3.88671875,-0.84765625,-0.37561932113669017,33,1712139817821
693,0.505859375,3.927734375,-0.833984375,-0.37561932113669017,26,1712139817821
693,0.37890625,3.751953125,-1.46484375,-0.25041288075779344,28,1712139817821
693,0.509765625,3.8046875,-1.39453125,-0.25041288075779344,49,1712139817821
693,0.38671875,3.919921875,-1.21875,-0.25041288075779344,79,1712139817821
693,0.390625,3.97265625,-1.17578125,-0.25041288075779344,86,1712139817821
693,0.39453125,3.99609375,-1.228515625,-0.25041288075779344,57,1712139817821
693,0.375,3.951171875,-0.564453125,-0.12520644037889672,40,1712139817821
693,0.37890625,3.943359375,-0.828125,-0.12520644037889672,66,1712139817821
693,0.509765625,3.900390625,-1.103515625,-0.12520644037889672,91,1712139817821
693,0.38671875,3.98046875,-1.001953125,-0.12520644037889672,131,1712139817821
693,0.259765625,4.048828125,-0.921875,-0.12520644037889672,128,1712139817821
693,0.26171875,4.080078125,-0.958984375,-0.12520644037889672,77,1712139817821
694,0.3828125,4.03125,-0.529296875,0.0,13,1712139817921
694,0.38671875,4.0390625,-0.728515625,0.0,18,1712139817921
694,0.390625,4.08984375,-0.66015625,0.0,19,1712139817921
694,0.3828125,3.9296875,-1.044921875,-0.12520644037889672,30,1712139817921
694,0.38671875,3.955078125,-1.1015625,-0.12520644037889672,41,1712139817921
694,0.51953125,3.97265625,-1.123046875,-0.12520644037889672,44,1712139817921
694,0.39453125,4.052734375,-1.0234375,-0.12520644037889672,37,1712139817921
695,0.251953125,3.994140625,-0.599609375,0.0,11,1712139818021
695,0.3828125,3.958984375,-0.9296875,0.0,22,1712139818021
695,0.38671875,3.984375,-0.984375,0.0,33,1712139818021
695,0.259765625,4.00390625,-1.10546875,0.0,25,1712139818021
695,0.375,3.962890625,-0.4765625,0.12520644037889672,25,1712139818021
695,0.251953125,4.025390625,-0.33984375,0.12520644037889672,19,1712139818021
695,0.255859375,4.001953125,-0.78125,0.12520644037889672,31,1712139818021
695,0.2578125,4.01953125,-0.884765625,0.12520644037889672,56,1712139818021
695,0.259765625,4.06640625,-0.84375,0.12520644037889672,55,1712139818021
695,0.2578125,4.076171875,-0.55859375,0.25041288075779344,28,1712139818021
695,0.130859375,4.1328125,-0.458984375,0.25041288075779344,27,1712139818021
695,0.615234375,3.697265625,-1.1875,-0.12520644037889672,18,1712139818021
695,0.49609375,3.7890625,-1.078125,-0.12520644037889672,24,1712139818021
695,0.375,3.841796875,-1.08203125,-0.12520644037889672,22,1712139818021
696,0.615234375,3.71875,-1.12109375,0.0,14,1712139818122
696,0.49609375,3.806640625,-1.01171875,0.0,23,1712139818122
696,0.375,3.916015625,-0.767578125,0.0,41,1712139818122
696,0.37890625,3.958984375,-0.7421875,0.0,50,1712139818122
696,0.3828125,3.98828125,-0.796875,0.0,37,1712139818122
696,0.609375,3.7109375,-1.013671875,0.12520644037889672,14,1712139818122
696,0.4921875,3.798828125,-0.888671875,0.12520644037889672,30,1712139818122
696,0.49609375,3.875,-0.70703125,0.12520644037889672,50,1712139818122
696,0.375,3.958984375,-0.501953125,0.12520644037889672,85,1712139818122
696,0.37890625,3.998046875,-0.501953125,0.12520644037889672,102,1712139818122
696,0.3828125,4.033203125,-0.517578125,0.12520644037889672,76,1712139818122
696,0.38671875,4.02734375,-0.796875,0.12520644037889672,43,1712139818122
696,0.51953125,3.94140625,-1.2265625,0.12520644037889672,40,1712139818122
696,0.39453125,3.998046875,-1.220703125,0.12520644037889672,48,1712139818122
696,0.265625,4.07421875,-1.134765625,0.12520644037889672,40,1712139818122
696,0.373046875,3.916015625,-0.541015625,0.25041288075779344,23,1712139818122
696,0.25,3.9921875,-0.26953125,0.25041288075779344,40,1712139818122
696,0.37890625,4.0234375,-0.224609375,0.25041288075779344,52,1712139818122
696,0.3828125,4.052734375,-0.337890625,0.25041288075779344,41,1712139818122
696,0.38671875,4.048828125,-0.67578125,0.25041288075779344,33,1712139818122
696,0.390625,4.03515625,-0.935546875,0.25041288075779344,46,1712139818122
696,0.39453125,4.08203125,-0.8984375,0.25041288075779344,57,1712139818122
696,0.265625,4.150390625,-0.810546875,0.25041288075779344,49,1712139818122
696,0.1328125,4.216796875,-0.693359375,0.25041288075779344,24,1712139818122
696,0.259765625,4.099609375,-0.6640625,0.37561932113669017,18,1712139818122
696,0.26171875,4.138671875,-0.6640625,0.37561932113669017,22,1712139818122
696,0.265625,4.19921875,-0.498046875,0.37561932113669017,19,1712139818122
697,0.390625,4.083984375,-0.689453125,0.0,15,1712139818223
697,0.49609375,3.884765625,-0.658203125,0.12520644037889672,22,1712139818223
698,0.615234375,3.673828125,-1.2578125,0.0,15,1712139818323
698,0.62109375,3.705078125,-1.283203125,0.0,16,1712139818323
698,0.396484375,3.9375,-1.51171875,0.0,23,1712139818323
698,0.400390625,4.0703125,-1.248046875,0.0,27,1712139818323
698,0.615234375,3.794921875,-0.826171875,0.12520644037889672,28,1712139818323
698,0.62109375,3.77734375,-1.0546875,0.12520644037889672,32,1712139818323
698,0.396484375,4.0546875,-1.16796875,0.12520644037889672,56,1712139818323
698,0.400390625,4.1328125,-1.01953125,0.12520644037889672,61,1712139818323
698,0.404296875,4.189453125,-0.943359375,0.12520644037889672,36,1712139818323
698,0.39453125,4.072265625,-0.9453125,0.25041288075779344,28,1712139818323
698,0.396484375,4.12890625,-0.869140625,0.25041288075779344,53,1712139818323
698,0.400390625,4.19140625,-0.740234375,0.25041288075779344,54,1712139818323
698,0.26953125,4.255859375,-0.654296875,0.25041288075779344,28,1712139818323
698,0.130859375,4.0625,-1.052734375,0.37561932113669017,29,1712139818323
698,0.265625,4.1484375,-0.8203125,0.37561932113669017,29,1712139818323
698,0.130859375,4.091796875,-0.9375,0.5008257615155869,29,1712139818323
698,0.38671875,3.90625,-1.263671875,-0.12520644037889672,17,1712139818323
699,0.255859375,3.970703125,-0.92578125,0.0,15,1712139818424
699,0.38671875,4.0078125,-0.88671875,0.0,34,1712139818424
699,0.390625,4.017578125,-1.013671875,0.0,33,1712139818424
699,0.39453125,4.00390625,-1.205078125,0.0,25,1712139818424
699,0.396484375,4.056640625,-1.162109375,0.0,21,1712139818424
699,0.501953125,3.9765625,-0.0546875,0.12520644037889672,23,1712139818424
699,0.505859375,4.013671875,-0.05859375,0.12520644037889672,37,1712139818424
699,0.509765625,4.05078125,-0.123046875,0.12520644037889672,35,1712139818424
699,0.390625,3.9921875,-1.10546875,0.12520644037889672,25,1712139818424
699,0.39453125,4.064453125,-0.98046875,0.12520644037889672,61,1712139818424
699,0.396484375,4.11328125,-0.9375,0.12520644037889672,64,1712139818424
699,0.267578125,4.177734375,-0.865234375,0.12520644037889672,33,1712139818424
699,0.26171875,4.099609375,-0.8671875,0.25041288075779344,55,1712139818424
699,0.265625,4.15234375,-0.806640625,0.25041288075779344,64,1712139818424
699,0.267578125,4.1953125,-0.78515625,0.25041288075779344,37,1712139818424
699,0.130859375,4.134765625,-0.724609375,0.37561932113669017,24,1712139818424
699,0.1328125,4.15625,-0.81640625,0.37561932113669017,29,1712139818424
699,0.509765625,3.861328125,-1.232421875,-0.25041288075779344,31,1712139818424
699,0.515625,3.923828125,-1.158203125,-0.25041288075779344,37,1712139818424
699,0.390625,3.982421875,-1.138671875,-0.25041288075779344,21,1712139818424
699,0.505859375,3.89453125,-0.978515625,-0.12520644037889672,30,1712139818424
699,0.638671875,3.904296875,-1.01953125,-0.12520644037889672,63,1712139818424
699,0.515625,3.96484375,-1.00390625,-0.12520644037889672,75,1712139818424
699,0.390625,4.005859375,-1.056640625,-0.12520644037889672,45,1712139818424
700,0.615234375,3.775390625,-0.9140625,0.0,18,1712139818474
700,0.62109375,3.8359375,-0.814453125,0.0,26,1712139818474
700,0.626953125,3.90625,-0.6484375,0.0,37,1712139818474
700,0.505859375,3.98828125,-0.46484375,0.0,45,1712139818474
700,0.509765625,4.03515625,-0.388671875,0.0,26,1712139818474
700,0.390625,4.072265625,-0.759765625,0.0,24,1712139818474
700,0.626953125,3.958984375,0.025390625,0.12520644037889672,28,1712139818474
700,0.6328125,3.99609375,-0.025390625,0.12520644037889672,62,1712139818474
700,0.509765625,4.05078125,-0.1171875,0.12520644037889672,62,1712139818474
700,0.515625,4.08203125,-0.255859375,0.12520644037889672,34,1712139818474
700,0.505859375,4.013671875,0.130859375,0.25041288075779344,25,1712139818474
700,0.3828125,4.06640625,-0.02734375,0.25041288075779344,26,1712139818474
700,0.62109375,3.744140625,-1.169921875,-0.25041288075779344,19,1712139818474
700,0.501953125,3.791015625,-1.203125,-0.25041288075779344,18,1712139818474
700,0.400390625,4.046875,-1.322265625,-0.25041288075779344,22,1712139818474
700,0.736328125,3.71484375,-1.05859375,-0.12520644037889672,34,1712139818474
700,0.62109375,3.7734375,-1.064453125,-0.12520644037889672,44,1712139818474
700,0.626953125,3.759765625,-1.2421875,-0.12520644037889672,38,1712139818474
700,0.37890625,3.88671875,-1.0625,-0.12520644037889672,25,1712139818474
700,0.515625,3.978515625,-0.94921875,-0.12520644037889672,51,1712139818474
700,0.390625,4.021484375,-0.994140625,-0.12520644037889672,49,1712139818474
700,0.396484375,4.052734375,-1.169921875,-0.12520644037889672,26,1712139818474
700,0.400390625,4.0859375,-1.19140625,-0.12520644037889672,33,1712139818474
701,0.73046875,3.7734375,-0.630859375,0.0,13,1712139818624
701,0.736328125,3.8046875,-0.6640625,0.0,25,1712139818624
701,0.62109375,3.857421875,-0.70703125,0.0,21,1712139818624
701,0.501953125,3.814453125,-1.126953125,0.0,17,1712139818624
701,0.505859375,3.955078125,-0.693359375,0.0,41,1712139818624
701,0.509765625,4.0078125,-0.60546875,0.0,62,1712139818624
701,0.38671875,4.05859375,-0.6171875,0.0,60,1712139818624
701,0.390625,4.08984375,-0.662109375,0.0,29,1712139818624
701,0.130859375,4.037109375,-1.150390625,-0.6260322018944836,18,1712139818624
701,0.259765625,3.884765625,-1.466796875,-0.5008257615155869,20,1712139818624
701,0.26171875,4.017578125,-1.197265625,-0.5008257615155869,46,1712139818624
701,0.265625,4.0625,-1.173828125,-0.5008257615155869,52,1712139818624
701,0.267578125,4.10546875,-1.166015625,-0.5008257615155869,31,1712139818624
701,0.390625,3.873046875,-1.47265625,-0.37561932113669017,19,1712139818624
701,0.26171875,4.017578125,-1.193359375,-0.37561932113669017,38,1712139818624
701,0.265625,4.1015625,-1.03515625,-0.37561932113669017,42,1712139818624
701,0.267578125,4.169921875,-0.912109375,-0.37561932113669017,28,1712139818624
701,0.859375,3.654296875,-1.171875,-0.25041288075779344,29,1712139818624
701,0.869140625,3.68359375,-1.197265625,-0.25041288075779344,25,1712139818624
701,0.505859375,3.849609375,-1.140625,-0.25041288075779344,40,1712139818624
701,0.509765625,3.90234375,-1.09375,-0.25041288075779344,68,1712139818624
701,0.515625,3.931640625,-1.126953125,-0.25041288075779344,64,1712139818624
701,0.26171875,4.05078125,-1.072265625,-0.25041288075779344,54,1712139818624
701,0.265625,4.111328125,-0.9921875,-0.25041288075779344,64,1712139818624
701,0.267578125,4.1875,-0.822265625,-0.25041288075779344,32,1712139818624
701,0.73046875,3.71484375,-0.908203125,-0.12520644037889672,23,1712139818624
701,0.736328125,3.763671875,-0.865234375,-0.12520644037889672,45,1712139818624
701,0.744140625,3.771484375,-0.990234375,-0.12520644037889672,35,1712139818624
701,0.501953125,3.7109375,-1.431640625,-0.12520644037889672,34,1712139818624
701,0.505859375,3.896484375,-0.97265625,-0.12520644037889672,79,1712139818624
701,0.509765625,3.95703125,-0.876953125,-0.12520644037889672,114,1712139818624
701,0.515625,3.9921875,-0.89453125,-0.12520644037889672,105,1712139818624
701,0.390625,4.009765625,-1.04296875,-0.12520644037889672,39,1712139818624
701,0.396484375,4.15625,-0.72265625,-0.12520644037889672,57,1712139818624
701,0.267578125,4.2265625,-0.5859375,-0.12520644037889672,31,1712139818624
702,0.49609375,3.8984375,-0.5625,0.0,37,1712139818674
702,0.501953125,3.93359375,-0.5859375,0.0,81,1712139818674
702,0.505859375,3.98046875,-0.521484375,0.0,92,1712139818674
702,0.509765625,4.025390625,-0.4765625,0.0,54,1712139818674
702,0.515625,4.03125,-0.69921875,0.0,29,1712139818674
702,0.501953125,3.951171875,-0.44921875,0.12520644037889672,34,1712139818674
702,0.505859375,3.998046875,-0.375,0.12520644037889672,40,1712139818674
702,0.509765625,4.04296875,-0.26953125,0.12520644037889672,28,1712139818674
702,0.615234375,3.78515625,-0.873046875,-0.25041288075779344,26,1712139818674
702,0.49609375,3.80859375,-1.005859375,-0.25041288075779344,39,1712139818674
702,0.626953125,3.810546875,-1.07421875,-0.25041288075779344,72,1712139818674
702,0.6328125,3.861328125,-1.029296875,-0.25041288075779344,82,1712139818674
702,0.509765625,3.9453125,-0.927734375,-0.25041288075779344,46,1712139818674
702,0.615234375,3.828125,-0.658203125,-0.12520644037889672,29,1712139818674
702,0.49609375,3.841796875,-0.87109375,-0.12520644037889672,79,1712139818674
702,0.626953125,3.865234375,-0.85546875,-0.12520644037889672,174,1712139818674
702,0.505859375,3.939453125,-0.77734375,-0.12520644037889672,198,1712139818674
702,0.509765625,3.994140625,-0.69140625,-0.12520644037889672,118,1712139818674
702,0.64453125,3.951171875,-0.986328125,-0.12520644037889672,59,1712139818674
703,0.49609375,3.9375,0.083984375,0.0,11,1712139818775
703,0.375,3.974609375,0.361328125,0.0,14,1712139818775
703,0.255859375,3.890625,-1.21875,0.0,30,1712139818775
703,0.12890625,4.03125,-0.857421875,0.0,31,1712139818775
703,0.375,3.96484375,-0.45703125,0.12520644037889672,18,1712139818775
703,0.37890625,4.0078125,-0.408203125,0.12520644037889672,21,1712139818775
703,0.126953125,3.884765625,-1.255859375,-0.6260322018944836,18,1712139818775
703,0.255859375,3.75390625,-1.58984375,-0.25041288075779344,31,1712139818775
703,0.12890625,3.87890625,-1.392578125,-0.25041288075779344,26,1712139818775
703,0.39453125,4.076171875,-0.92578125,-0.25041288075779344,35,1712139818775
703,0.49609375,3.935546875,-0.1640625,-0.12520644037889672,18,1712139818775
703,0.501953125,3.95703125,-0.392578125,-0.12520644037889672,25,1712139818775
703,0.6328125,3.689453125,-1.5390625,-0.12520644037889672,18,1712139818775
703,0.255859375,3.8125,-1.4453125,-0.12520644037889672,55,1712139818775
703,0.12890625,3.990234375,-1.033203125,-0.12520644037889672,53,1712139818775
703,-1.001953125,2.49609375,2.970703125,-0.12520644037889672,13,1712139818775
703,-1.01171875,2.796875,2.744140625,-0.12520644037889672,16,1712139818775
704,0.6328125,3.99609375,-0.12109375,0.0,16,1712139818875
704,0.509765625,3.984375,-0.744140625,0.0,32,1712139818875
704,0.38671875,3.990234375,-0.962890625,0.0,29,1712139818875
704,0.375,3.9765625,0.33203125,-0.25041288075779344,25,1712139818875
704,0.6328125,3.97265625,-0.4375,-0.25041288075779344,37,1712139818875
704,0.638671875,3.8828125,-1.095703125,-0.25041288075779344,33,1712139818875
704,0.515625,3.75,-1.6328125,-0.25041288075779344,24,1712139818875
704,0.125,2.703125,2.95703125,-0.12520644037889672,11,1712139818875
704,0.6328125,3.9765625,-0.404296875,-0.12520644037889672,33,1712139818875
704,0.509765625,3.931640625,-0.986328125,-0.12520644037889672,60,1712139818875
704,0.38671875,3.93359375,-1.17578125,-0.12520644037889672,53,1712139818875
704,0.259765625,4.09765625,-0.677734375,-0.12520644037889672,35,1712139818875
704,-1.75390625,0.830078125,3.5078125,-0.12520644037889672,10,1712139818875
705,0.4921875,3.8671875,-0.51171875,0.0,23,1712139818976
705,0.49609375,3.91015625,-0.47265625,0.0,103,1712139818976
705,0.501953125,3.94921875,-0.46484375,0.0,182,1712139818976
705,0.505859375,3.986328125,-0.47265625,0.0,158,1712139818976
705,0.509765625,4.015625,-0.55078125,0.0,69,1712139818976
705,0.38671875,4.07421875,-0.498046875,0.0,18,1712139818976
705,0.373046875,3.943359375,-0.26953125,0.12520644037889672,20,1712139818976
705,0.501953125,3.962890625,-0.326171875,0.12520644037889672,33,1712139818976
705,0.37890625,4.01953125,-0.279296875,0.12520644037889672,32,1712139818976
705,0.615234375,3.685546875,-1.228515625,-0.25041288075779344,24,1712139818976
705,0.62109375,3.791015625,-1.005859375,-0.25041288075779344,94,1712139818976
705,0.626953125,3.837890625,-0.97265625,-0.25041288075779344,164,1712139818976
705,0.505859375,3.896484375,-0.96484375,-0.25041288075779344,140,1712139818976
705,0.509765625,3.923828125,-1.013671875,-0.25041288075779344,60,1712139818976
705,0.4921875,3.818359375,-0.798828125,-0.12520644037889672,50,1712139818976
705,0.62109375,3.84765625,-0.7578125,-0.12520644037889672,202,1712139818976
705,0.501953125,3.912109375,-0.71484375,-0.12520644037889672,356,1712139818976
705,0.6328125,3.92578125,-0.751953125,-0.12520644037889672,307,1712139818976
705,0.509765625,3.9765625,-0.779296875,-0.12520644037889672,136,1712139818976
705,0.38671875,4.04296875,-0.705078125,-0.12520644037889672,36,1712139818976
705,-1.2890625,2.150390625,3.2734375,0.0,11,1712139818976
705,-1.16015625,2.546875,3.02734375,-0.12520644037889672,21,1712139818976
706,0.369140625,3.83203125,-0.796875,0.0,19,1712139819076
706,0.49609375,3.830078125,-0.923828125,0.0,46,1712139819076
706,0.501953125,3.8828125,-0.865234375,0.0,51,1712139819076
706,0.37890625,3.96875,-0.689453125,0.0,34,1712139819076
706,0.3828125,4.021484375,-0.60546875,0.0,15,1712139819076
706,0.49609375,3.69921875,-1.353515625,-0.25041288075779344,34,1712139819076
706,0.501953125,3.77734375,-1.24609375,-0.25041288075779344,39,1712139819076
706,0.37890625,3.888671875,-1.05078125,-0.25041288075779344,25,1712139819076
706,0.4921875,3.748046875,-1.08203125,-0.12520644037889672,35,1712139819076
706,0.49609375,3.779296875,-1.111328125,-0.12520644037889672,85,1712139819076
706,0.501953125,3.83984375,-1.03125,-0.12520644037889672,96,1712139819076
706,0.37890625,3.943359375,-0.82421875,-0.12520644037889672,62,1712139819076
706,0.3828125,4.005859375,-0.697265625,-0.12520644037889672,26,1712139819076
707,0.4921875,3.80078125,-0.880859375,0.0,21,1712139819176
707,0.49609375,3.828125,-0.927734375,0.0,50,1712139819176
707,0.501953125,3.875,-0.89453125,0.0,62,1712139819176
707,0.37890625,3.92578125,-0.91015625,0.0,36,1712139819176
707,0.373046875,3.869140625,-0.8125,0.12520644037889672,23,1712139819176
707,0.375,3.921875,-0.736328125,0.12520644037889672,34,1712139819176
707,0.251953125,3.98046875,-0.689453125,0.12520644037889672,26,1712139819176
707,0.615234375,3.638671875,-1.359375,-0.25041288075779344,18,1712139819176
707,0.62109375,3.638671875,-1.462890625,-0.25041288075779344,45,1712139819176
707,0.501953125,3.71875,-1.41015625,-0.25041288075779344,56,1712139819176
707,0.505859375,3.7265625,-1.4921875,-0.25041288075779344,35,1712139819176
707,0.615234375,3.6875,-1.21875,-0.12520644037889672,45,1712139819176
707,0.62109375,3.734375,-1.19921875,-0.12520644037889672,108,1712139819176
707,0.501953125,3.80078125,-1.171875,-0.12520644037889672,139,1712139819176
707,0.505859375,3.8203125,-1.234375,-0.12520644037889672,88,1712139819176
707,0.3828125,3.703125,-1.6796875,-0.12520644037889672,20,1712139819176
707,-1.27734375,2.7734375,2.71484375,-0.12520644037889672,15,1712139819176
708,0.486328125,3.82421875,-0.548828125,0.0,16,1712139819277
708,0.62109375,3.88671875,-0.521484375,0.0,64,1712139819277
708,0.501953125,3.94921875,-0.46875,0.0,84,1712139819277
708,0.505859375,4.013671875,-0.07421875,0.0,37,1712139819277
708,0.64453125,4.00390625,-0.7421875,0.0,20,1712139819277
708,0.4921875,3.87109375,-0.48828125,0.12520644037889672,16,1712139819277
708,0.49609375,3.90625,-0.505859375,0.12520644037889672,41,1712139819277
708,0.375,3.95703125,-0.517578125,0.12520644037889672,60,1712139819277
708,0.505859375,3.96484375,-0.630859375,0.12520644037889672,62,1712139819277
708,0.3828125,4.00390625,-0.71484375,0.12520644037889672,44,1712139819277
708,0.38671875,4.01171875,-0.865234375,0.12520644037889672,22,1712139819277
708,0.375,3.9765625,-0.326171875,0.25041288075779344,20,1712139819277
708,0.37890625,4.013671875,-0.341796875,0.25041288075779344,21,1712139819277
708,0.609375,3.7265625,-0.953125,-0.25041288075779344,24,1712139819277
708,0.62109375,3.787109375,-1.015625,-0.25041288075779344,52,1712139819277
708,0.626953125,3.828125,-1.009765625,-0.25041288075779344,77,1712139819277
708,0.505859375,3.90625,-0.92578125,-0.25041288075779344,45,1712139819277
708,0.609375,3.791015625,-0.6484375,-0.12520644037889672,31,1712139819277
708,0.615234375,3.75,-1.009765625,-0.12520644037889672,27,1712139819277
708,0.49609375,3.853515625,-0.814453125,-0.12520644037889672,145,1712139819277
708,0.626953125,3.873046875,-0.8203125,-0.12520644037889672,202,1712139819277
708,0.6328125,3.890625,-0.9140625,-0.12520644037889672,116,1712139819277
708,0.64453125,3.9609375,-0.94921875,-0.12520644037889672,25,1712139819277
708,0.650390625,4.005859375,-0.916015625,-0.12520644037889672,26,1712139819277
709,0.4921875,3.861328125,-0.552734375,0.0,20,1712139819378
709,0.49609375,3.90625,-0.51171875,0.0,33,1712139819378
709,0.375,3.978515625,-0.318359375,0.0,18,1712139819378
709,0.626953125,3.892578125,-0.72265625,0.12520644037889672,19,1712139819378
709,0.505859375,3.916015625,-0.888671875,0.25041288075779344,20,1712139819378
709,0.3828125,3.9375,-1.021484375,0.25041288075779344,43,1712139819378
709,0.2578125,3.994140625,-0.98828125,0.25041288075779344,38,1712139819378
709,0.37890625,3.95703125,-0.7578125,0.37561932113669017,20,1712139819378
709,0.255859375,4.015625,-0.703125,0.37561932113669017,34,1712139819378
709,0.2578125,4.056640625,-0.69140625,0.37561932113669017,27,1712139819378
709,0.4921875,3.88671875,-0.330078125,-0.37561932113669017,41,1712139819378
709,0.49609375,3.91796875,-0.4140625,-0.37561932113669017,65,1712139819378
709,0.501953125,3.9453125,-0.498046875,-0.37561932113669017,57,1712139819378
709,0.37890625,4.00390625,-0.453125,-0.37561932113669017,30,1712139819378
709,0.486328125,3.857421875,-0.224609375,-0.25041288075779344,21,1712139819378
709,0.4921875,3.8984375,-0.1328125,-0.25041288075779344,61,1712139819378
709,0.49609375,3.935546875,-0.169921875,-0.25041288075779344,102,1712139819378
709,0.375,3.990234375,-0.09375,-0.25041288075779344,87,1712139819378
709,0.37890625,4.02734375,-0.08203125,-0.25041288075779344,50,1712139819378
709,0.4921875,3.873046875,-0.462890625,-0.12520644037889672,35,1712139819378
709,0.62109375,3.8828125,-0.552734375,-0.12520644037889672,68,1712139819378
709,0.501953125,3.962890625,-0.33203125,-0.12520644037889672,51,1712139819378
710,0.609375,3.83203125,-0.33203125,0.0,23,1712139819527
710,0.4921875,3.892578125,-0.275390625,0.0,63,1712139819527
710,0.49609375,3.9296875,-0.28125,0.0,90,1712139819527
710,0.501953125,3.962890625,-0.326171875,0.0,62,1712139819527
710,0.37890625,3.994140625,-0.529296875,0.0,19,1712139819527
710,0.638671875,3.744140625,-1.501953125,0.0,24,1712139819527
710,0.515625,3.865234375,-1.33984375,0.0,28,1712139819527
710,0.64453125,3.919921875,-1.1015625,0.12520644037889672,24,1712139819527
710,0.638671875,3.916015625,-0.96875,0.25041288075779344,27,1712139819527
710,0.64453125,3.974609375,-0.88671875,0.25041288075779344,24,1712139819527
710,0.505859375,3.951171875,-0.708984375,0.37561932113669017,24,1712139819527
710,0.638671875,3.98828125,-0.60546875,0.37561932113669017,29,1712139819527
710,0.38671875,4.03515625,-0.748046875,0.5008257615155869,27,1712139819527
710,0.390625,4.048828125,-0.87890625,0.5008257615155869,27,1712139819527
710,0.365234375,3.826171875,-0.62109375,-0.6260322018944836,24,1712139819527
710,0.4921875,3.87109375,-0.490234375,-0.6260322018944836,37,1712139819527
710,0.49609375,3.896484375,-0.57421875,-0.6260322018944836,29,1712139819527
710,0.361328125,3.828125,-0.2734375,-0.5008257615155869,21,1712139819527
710,0.486328125,3.857421875,-0.22265625,-0.5008257615155869,66,1712139819527
710,0.4921875,3.896484375,-0.20703125,-0.5008257615155869,102,1712139819527
710,0.49609375,3.93359375,-0.21875,-0.5008257615155869,78,1712139819527
710,0.375,3.986328125,-0.193359375,-0.5008257615155869,22,1712139819527
710,0.486328125,3.86328125,-0.037109375,-0.37561932113669017,52,1712139819527
710,0.4921875,3.900390625,-0.07421875,-0.37561932113669017,82,1712139819527
710,0.62109375,3.9140625,-0.228515625,-0.37561932113669017,70,1712139819527
710,0.501953125,3.943359375,-0.517578125,-0.37561932113669017,28,1712139819527
710,0.486328125,3.7578125,-0.8984375,-0.25041288075779344,26,1712139819527
710,0.615234375,3.8125,-0.736328125,-0.25041288075779344,82,1712139819527
710,0.49609375,3.880859375,-0.6796875,-0.25041288075779344,123,1712139819527
710,0.626953125,3.90234375,-0.666015625,-0.25041288075779344,90,1712139819527
710,0.505859375,3.97265625,-0.587890625,-0.25041288075779344,29,1712139819527
710,0.486328125,3.798828125,-0.701171875,-0.12520644037889672,40,1712139819527
710,0.4921875,3.857421875,-0.583984375,-0.12520644037889672,116,1712139819527
710,0.62109375,3.880859375,-0.56640625,-0.12520644037889672,165,1712139819527
710,0.626953125,3.91796875,-0.564453125,-0.12520644037889672,115,1712139819527
710,0.505859375,3.982421875,-0.5078125,-0.12520644037889672,28,1712139819527
710,-1.263671875,1.830078125,3.380859375,0.0,10,1712139819527
710,-1.138671875,1.052734375,3.73828125,-0.12520644037889672,16,1712139819527
711,0.365234375,3.8671875,-0.259765625,0.0,14,1712139819628
711,0.369140625,3.912109375,-0.1484375,0.0,32,1712139819628
711,0.373046875,3.94921875,-0.166015625,0.0,40,1712139819628
711,0.375,3.984375,-0.240234375,0.0,25,1712139819628
711,0.2578125,3.94921875,-1.15625,0.12520644037889672,30,1712139819628
711,0.130859375,4.017578125,-1.076171875,0.12520644037889672,25,1712139819628
711,0.12890625,4.0,-0.990234375,0.25041288075779344,31,1712139819628
711,0.0,4.015625,-1.087890625,0.25041288075779344,24,1712139819628
711,0.486328125,3.84765625,-0.337890625,-0.7512386422733803,18,1712139819628
711,0.482421875,3.82421875,-0.05859375,-0.6260322018944836,44,1712139819628
711,0.486328125,3.859375,-0.169921875,-0.6260322018944836,65,1712139819628
711,0.369140625,3.908203125,-0.228515625,-0.6260322018944836,46,1712139819628
711,0.482421875,3.82421875,0.076171875,-0.5008257615155869,49,1712139819628
711,0.486328125,3.86328125,0.068359375,-0.5008257615155869,66,1712139819628
711,0.369140625,3.912109375,0.119140625,-0.5008257615155869,40,1712139819628
711,0.744140625,3.865234375,-0.51953125,-0.5008257615155869,28,1712139819628
711,0.626953125,3.921875,-0.537109375,-0.5008257615155869,35,1712139819628
711,0.361328125,3.837890625,0.005859375,-0.37561932113669017,21,1712139819628
711,0.486328125,3.8515625,-0.298828125,-0.37561932113669017,38,1712139819628
711,0.615234375,3.8125,-0.744140625,-0.37561932113669017,58,1712139819628
711,0.62109375,3.857421875,-0.7109375,-0.37561932113669017,74,1712139819628
711,0.626953125,3.90234375,-0.671875,-0.37561932113669017,57,1712139819628
711,0.7578125,3.91796875,-0.669921875,-0.37561932113669017,30,1712139819628
711,0.486328125,3.783203125,-0.787109375,-0.25041288075779344,41,1712139819628
711,0.615234375,3.82421875,-0.677734375,-0.25041288075779344,102,1712139819628
711,0.62109375,3.8671875,-0.64453125,-0.25041288075779344,124,1712139819628
711,0.501953125,3.9296875,-0.61328125,-0.25041288075779344,76,1712139819628
711,0.486328125,3.8046875,-0.67578125,-0.12520644037889672,31,1712139819628
711,0.4921875,3.876953125,-0.44140625,-0.12520644037889672,86,1712139819628
711,0.49609375,3.9140625,-0.443359375,-0.12520644037889672,109,1712139819628
711,0.375,3.966796875,-0.435546875,-0.12520644037889672,67,1712139819628
711,-1.4296875,2.720703125,2.8046875,0.12520644037889672,13,1712139819628
712,0.609375,3.80859375,-0.5390625,0.0,37,1712139819679
712,0.4921875,3.87890625,-0.423828125,0.0,70,1712139819679
712,0.49609375,3.923828125,-0.341796875,0.0,63,1712139819679
712,0.375,3.984375,-0.2109375,0.0,28,1712139819679
712,0.38671875,4.005859375,-0.892578125,0.25041288075779344,22,1712139819679
712,0.51953125,4.025390625,-0.91796875,0.25041288075779344,27,1712139819679
712,0.353515625,3.751953125,-0.287109375,-0.5008257615155869,22,1712139819679
712,0.4765625,3.763671875,-0.4296875,-0.5008257615155869,38,1712139819679
712,0.482421875,3.78515625,-0.55078125,-0.5008257615155869,30,1712139819679
712,0.353515625,3.755859375,-0.224609375,-0.37561932113669017,24,1712139819679
712,0.357421875,3.783203125,-0.3671875,-0.37561932113669017,39,1712139819679
712,0.482421875,3.80859375,-0.349609375,-0.37561932113669017,33,1712139819679
712,0.615234375,3.833984375,-0.619140625,-0.37561932113669017,28,1712139819679
712,0.609375,3.623046875,-1.291015625,-0.25041288075779344,28,1712139819679
712,0.615234375,3.744140625,-1.03515625,-0.25041288075779344,59,1712139819679
712,0.49609375,3.841796875,-0.87109375,-0.25041288075779344,56,1712139819679
712,0.609375,3.76953125,-0.763671875,-0.12520644037889672,65,1712139819679
712,0.4921875,3.841796875,-0.681640625,-0.12520644037889672,121,1712139819679
712,0.49609375,3.890625,-0.6171875,-0.12520644037889672,110,1712139819679
712,0.501953125,3.947265625,-0.486328125,-0.12520644037889672,52,1712139819679
713,0.39453125,4.091796875,-0.857421875,0.37561932113669017,22,1712139819779
713,0.353515625,3.6953125,-0.7109375,-0.37561932113669017,22,1712139819779
713,0.4765625,3.705078125,-0.791015625,-0.37561932113669017,24,1712139819779
713,0.609375,3.73828125,-0.90234375,-0.37561932113669017,21,1712139819779
713,0.353515625,3.728515625,-0.505859375,-0.25041288075779344,23,1712139819779
713,0.357421875,3.7734375,-0.453125,-0.25041288075779344,26,1712139819779
713,0.482421875,3.775390625,-0.61328125,-0.25041288075779344,31,1712139819779
713,0.609375,3.80078125,-0.587890625,-0.25041288075779344,41,1712139819779
713,0.615234375,3.845703125,-0.5390625,-0.25041288075779344,32,1712139819779
713,0.609375,3.8359375,-0.279296875,-0.12520644037889672,23,1712139819779
714,0.4921875,3.736328125,-1.12109375,-0.12520644037889672,30,1712139819879
714,0.373046875,3.791015625,-1.1171875,-0.12520644037889672,33,1712139819879
715,0.24609375,3.87109375,-0.646484375,0.12520644037889672,22,1712139819979
715,0.373046875,3.794921875,-1.103515625,0.12520644037889672,23,1712139819979
715,0.25,3.865234375,-1.033203125,0.12520644037889672,28,1712139819979
716,0.236328125,3.69140625,-0.775390625,0.0,13,1712139820079
716,0.234375,3.63671875,-0.841796875,0.12520644037889672,21,1712139820079
716,0.236328125,3.689453125,-0.787109375,0.12520644037889672,22,1712139820079
716,0.486328125,3.744140625,-0.951171875,0.12520644037889672,22,1712139820079
716,0.369140625,3.79296875,-0.966796875,0.12520644037889672,27,1712139820079
716,0.25,3.798828125,-1.25390625,0.12520644037889672,36,1712139820079
716,0.251953125,3.818359375,-1.314453125,0.12520644037889672,32,1712139820079
716,0.125,3.880859375,-0.9921875,0.25041288075779344,28,1712139820079
717,0.234375,3.57421875,-1.08203125,0.0,11,1712139820180
717,0.236328125,3.625,-1.0390625,0.0,13,1712139820180
717,0.369140625,3.771484375,-1.046875,0.0,18,1712139820180
717,0.234375,3.630859375,-0.873046875,0.12520644037889672,21,1712139820180
717,0.353515625,3.673828125,-0.810546875,0.12520644037889672,26,1712139820180
717,0.369140625,3.82421875,-0.833984375,0.12520644037889672,34,1712139820180
717,0.373046875,3.81640625,-1.03125,0.12520644037889672,32,1712139820180
718,0.3515625,3.54296875,-1.146484375,0.0,19,1712139820281
718,0.353515625,3.587890625,-1.13671875,0.0,32,1712139820281
718,0.357421875,3.611328125,-1.185546875,0.0,25,1712139820281
718,0.12109375,3.669921875,-1.173828125,0.0,10,1712139820281
718,0.3515625,3.630859375,-0.830078125,0.12520644037889672,35,1712139820281
718,0.236328125,3.677734375,-0.841796875,0.12520644037889672,59,1712139820281
718,0.23828125,3.69921875,-0.916015625,0.12520644037889672,47,1712139820281
718,0.240234375,3.73046875,-0.943359375,0.12520644037889672,19,1712139820281
718,0.49609375,3.798828125,-1.04296875,0.12520644037889672,25,1712139820281
718,0.234375,3.7109375,-0.41015625,0.25041288075779344,18,1712139820281
718,0.236328125,3.736328125,-0.517578125,0.25041288075779344,32,1712139820281
718,0.23828125,3.7578125,-0.6328125,0.25041288075779344,26,1712139820281
718,-1.083984375,2.857421875,2.349609375,0.0,6,1712139820281
718,-1.326171875,2.517578125,2.6015625,0.12520644037889672,10,1712139820281
719,0.234375,3.595703125,-1.005859375,0.0,11,1712139820381
719,0.236328125,3.619140625,-1.0625,0.0,22,1712139820381
719,0.23828125,3.654296875,-1.080078125,0.0,21,1712139820381
719,0.234375,3.662109375,-0.73046875,0.12520644037889672,21,1712139820381
719,0.236328125,3.68359375,-0.810546875,0.12520644037889672,43,1712139820381
719,0.23828125,3.72265625,-0.814453125,0.12520644037889672,40,1712139820381
726,0.353515625,3.55078125,-1.248046875,-0.12520644037889672,18,1712139821084
728,0.236328125,3.697265625,-0.748046875,0.12520644037889672,19,1712139821285
730,0.4921875,3.7734375,-0.98828125,0.0,36,1712139821486
730,0.49609375,3.8203125,-0.962890625,0.0,67,1712139821486
730,0.501953125,3.869140625,-0.923828125,0.0,66,1712139821486
730,0.505859375,3.91796875,-0.873046875,0.0,42,1712139821486
730,0.255859375,4.00390625,-0.771484375,0.0,23,1712139821486
730,0.4921875,3.80859375,-0.84765625,0.12520644037889672,54,1712139821486
730,0.49609375,3.8359375,-0.89453125,0.12520644037889672,89,1712139821486
730,0.501953125,3.875,-0.896484375,0.12520644037889672,72,1712139821486
730,0.37890625,3.908203125,-0.98046875,0.12520644037889672,40,1712139821486
730,0.0,4.0703125,-1.3125,0.12520644037889672,18,1712139821486
730,0.23828125,3.689453125,-0.94921875,0.25041288075779344,24,1712139821486
730,0.361328125,3.701171875,-1.017578125,0.25041288075779344,24,1712139821486
730,0.369140625,3.884765625,-0.48046875,0.25041288075779344,32,1712139821486
730,0.373046875,3.904296875,-0.619140625,0.25041288075779344,63,1712139821486
730,0.501953125,3.923828125,-0.64453125,0.25041288075779344,56,1712139821486
730,0.357421875,3.7265625,-0.75,0.37561932113669017,32,1712139821486
730,0.240234375,3.787109375,-0.6796875,0.37561932113669017,31,1712139821486
730,0.62109375,3.751953125,-1.140625,-0.25041288075779344,31,1712139821486
730,0.626953125,3.77734375,-1.1875,-0.25041288075779344,40,1712139821486
730,0.505859375,3.798828125,-1.30078125,-0.25041288075779344,27,1712139821486
730,0.4921875,3.78515625,-0.947265625,-0.12520644037889672,20,1712139821486
730,0.49609375,3.8125,-0.990234375,-0.12520644037889672,54,1712139821486
730,0.626953125,3.83984375,-0.966796875,-0.12520644037889672,71,1712139821486
730,0.505859375,3.90234375,-0.947265625,-0.12520644037889672,48,1712139821486
731,0.4921875,3.79296875,-0.916015625,0.0,27,1712139821586
731,0.49609375,3.833984375,-0.90234375,0.0,43,1712139821586
731,0.375,3.892578125,-0.8828125,0.0,34,1712139821586
731,0.251953125,3.939453125,-0.88671875,0.0,14,1712139821586
731,0.4921875,3.787109375,-0.939453125,0.12520644037889672,28,1712139821586
731,0.373046875,3.869140625,-0.8125,0.12520644037889672,48,1712139821586
731,0.375,3.9140625,-0.779296875,0.12520644037889672,44,1712139821586
731,0.37890625,3.96875,-0.69140625,0.12520644037889672,23,1712139821586
731,0.49609375,3.888671875,-0.634765625,0.25041288075779344,28,1712139821586
731,0.375,3.953125,-0.541015625,0.25041288075779344,38,1712139821586
731,0.37890625,3.998046875,-0.501953125,0.25041288075779344,31,1712139821586
731,0.12109375,3.84765625,-0.20703125,0.37561932113669017,23,1712139821586
731,0.244140625,3.8828125,-0.142578125,0.37561932113669017,24,1712139821586
731,0.4921875,3.708984375,-1.212890625,-0.25041288075779344,20,1712139821586
731,0.49609375,3.73828125,-1.240234375,-0.25041288075779344,36,1712139821586
731,0.501953125,3.759765625,-1.296875,-0.25041288075779344,31,1712139821586
731,0.4921875,3.78125,-0.958984375,-0.12520644037889672,26,1712139821586
731,0.49609375,3.80859375,-1.001953125,-0.12520644037889672,49,1712139821586
731,0.501953125,3.84375,-1.025390625,-0.12520644037889672,43,1712139821586
731,0.37890625,3.875,-1.103515625,-0.12520644037889672,17,1712139821586
731,-1.263671875,2.0,3.283203125,0.12520644037889672,12,1712139821586
732,0.4921875,3.861328125,-0.55859375,0.0,21,1712139821686
732,0.373046875,3.921875,-0.486328125,0.0,29,1712139821686
732,0.25,3.982421875,-0.37890625,0.0,16,1712139821686
732,0.267578125,4.18359375,-0.84375,0.0,19,1712139821686
732,0.26953125,4.234375,-0.78125,0.0,19,1712139821686
732,0.486328125,3.82421875,-0.552734375,0.12520644037889672,25,1712139821686
732,0.4921875,3.853515625,-0.603515625,0.12520644037889672,59,1712139821686
732,0.373046875,3.916015625,-0.541015625,0.12520644037889672,68,1712139821686
732,0.375,3.96875,-0.4140625,0.12520644037889672,44,1712139821686
732,0.126953125,4.0,-0.59765625,0.12520644037889672,22,1712139821686
732,0.365234375,3.849609375,-0.4609375,0.25041288075779344,47,1712139821686
732,0.4921875,3.8828125,-0.373046875,0.25041288075779344,76,1712139821686
732,0.49609375,3.9296875,-0.283203125,0.25041288075779344,76,1712139821686
732,0.375,3.98046875,-0.28515625,0.25041288075779344,64,1712139821686
732,0.251953125,4.01171875,-0.4609375,0.25041288075779344,50,1712139821686
732,0.12109375,3.841796875,-0.3125,0.37561932113669017,26,1712139821686
732,0.244140625,3.875,-0.291015625,0.37561932113669017,62,1712139821686
732,0.24609375,3.91015625,-0.330078125,0.37561932113669017,70,1712139821686
732,0.373046875,3.951171875,-0.09375,0.37561932113669017,43,1712139821686
732,0.375,3.990234375,0.0,0.37561932113669017,44,1712139821686
732,0.251953125,4.03125,-0.236328125,0.37561932113669017,45,1712139821686
732,0.12109375,3.890625,-0.103515625,0.5008257615155869,35,1712139821686
732,0.24609375,3.919921875,-0.1796875,0.5008257615155869,40,1712139821686
732,0.125,3.9609375,-0.248046875,0.5008257615155869,18,1712139821686
732,0.515625,3.974609375,-0.96484375,-0.37561932113669017,31,1712139821686
732,0.51953125,4.005859375,-1.001953125,-0.37561932113669017,34,1712139821686
732,0.515625,4.0,-0.861328125,-0.25041288075779344,33,1712139821686
732,0.51953125,4.0234375,-0.927734375,-0.25041288075779344,43,1712139821686
732,0.525390625,4.03515625,-1.037109375,-0.25041288075779344,23,1712139821686
732,0.400390625,4.09375,-1.166015625,-0.25041288075779344,30,1712139821686
732,0.404296875,4.09765625,-1.2890625,-0.25041288075779344,28,1712139821686
732,0.49609375,3.828125,-0.92578125,-0.12520644037889672,17,1712139821686
732,0.267578125,4.1484375,-0.998046875,-0.12520644037889672,43,1712139821686
732,0.26953125,4.169921875,-1.0703125,-0.12520644037889672,41,1712139821686
733,0.4921875,3.83203125,-0.728515625,0.0,30,1712139821786
733,0.49609375,3.873046875,-0.712890625,0.0,44,1712139821786
733,0.375,3.9296875,-0.69921875,0.0,28,1712139821786
733,0.390625,4.080078125,-0.71875,0.0,30,1712139821786
733,0.26171875,4.1328125,-0.69921875,0.0,31,1712139821786
733,0.4921875,3.869140625,-0.498046875,0.12520644037889672,72,1712139821786
733,0.49609375,3.904296875,-0.52734375,0.12520644037889672,112,1712139821786
733,0.375,3.951171875,-0.5546875,0.12520644037889672,82,1712139821786
733,0.251953125,4.013671875,-0.443359375,0.12520644037889672,24,1712139821786
733,0.4921875,3.8984375,-0.171875,0.25041288075779344,66,1712139821786
733,0.49609375,3.931640625,-0.251953125,0.25041288075779344,114,1712139821786
733,0.375,3.978515625,-0.306640625,0.25041288075779344,91,1712139821786
733,0.251953125,4.03125,-0.236328125,0.25041288075779344,34,1712139821786
733,0.12890625,4.08203125,-0.5703125,0.25041288075779344,33,1712139821786
733,0.123046875,3.9296875,0.103515625,0.5008257615155869,30,1712139821786
733,0.125,3.96875,0.052734375,0.5008257615155869,33,1712139821786
733,0.125,4.001953125,0.19140625,0.5008257615155869,21,1712139821786
733,0.509765625,3.8515625,-1.263671875,-0.5008257615155869,20,1712139821786
733,0.515625,3.923828125,-1.15625,-0.5008257615155869,29,1712139821786
733,0.390625,3.990234375,-1.11328125,-0.5008257615155869,22,1712139821786
733,0.509765625,3.96484375,-0.841796875,-0.37561932113669017,44,1712139821786
733,0.64453125,3.9609375,-0.9453125,-0.37561932113669017,70,1712139821786
733,0.51953125,4.021484375,-0.93359375,-0.37561932113669017,62,1712139821786
733,0.525390625,4.08203125,-0.8359375,-0.37561932113669017,29,1712139821786
733,0.509765625,4.005859375,-0.611328125,-0.25041288075779344,37,1712139821786
733,0.515625,4.046875,-0.595703125,-0.25041288075779344,57,1712139821786
733,0.390625,4.123046875,-0.400390625,-0.25041288075779344,38,1712139821786
733,0.49609375,3.837890625,-0.88671875,-0.12520644037889672,23,1712139821786
733,0.26171875,4.052734375,-1.068359375,-0.12520644037889672,35,1712139821786
733,-1.263671875,2.060546875,3.244140625,0.12520644037889672,13,1712139821786
734,0.4921875,3.849609375,-0.6328125,0.0,14,1712139821887
734,0.38671875,4.0703125,-0.525390625,0.0,29,1712139821887
734,0.390625,4.109375,-0.52734375,0.0,21,1712139821887
734,0.369140625,3.8984375,-0.365234375,0.12520644037889672,21,1712139821887
734,0.373046875,3.9453125,-0.232421875,0.12520644037889672,33,1712139821887
734,0.25,3.994140625,-0.21484375,0.12520644037889672,33,1712139821887
734,0.251953125,4.025390625,-0.330078125,0.12520644037889672,34,1712139821887
734,0.24609375,3.896484375,-0.4609375,0.25041288075779344,27,1712139821887
734,0.125,3.951171875,-0.359375,0.25041288075779344,56,1712139821887
734,0.25,3.984375,-0.35546875,0.25041288075779344,59,1712139821887
734,0.251953125,4.029296875,-0.28125,0.25041288075779344,43,1712139821887
734,0.126953125,4.07421875,-0.25,0.25041288075779344,25,1712139821887
734,0.123046875,3.912109375,-0.37890625,0.37561932113669017,26,1712139821887
734,0.125,3.962890625,-0.2265625,0.37561932113669017,63,1712139821887
734,0.125,4.0,-0.23046875,0.37561932113669017,70,1712139821887
734,0.0,4.041015625,-0.19921875,0.37561932113669017,33,1712139821887
734,0.125,3.96875,0.021484375,0.5008257615155869,27,1712139821887
734,0.125,4.005859375,0.01171875,0.5008257615155869,31,1712139821887
734,0.365234375,3.755859375,-0.958984375,-0.25041288075779344,15,1712139821887
734,0.369140625,3.787109375,-0.98828125,-0.25041288075779344,21,1712139821887
734,0.373046875,3.857421875,-0.865234375,-0.25041288075779344,18,1712139821887
734,0.515625,3.966796875,-1.001953125,-0.25041288075779344,33,1712139821887
734,0.365234375,3.783203125,-0.849609375,-0.12520644037889672,21,1712139821887
734,0.369140625,3.86328125,-0.63671875,-0.12520644037889672,33,1712139821887
734,0.373046875,3.91796875,-0.517578125,-0.12520644037889672,32,1712139821887
734,0.509765625,3.9765625,-0.78125,-0.12520644037889672,28,1712139821887
734,0.515625,4.021484375,-0.75390625,-0.12520644037889672,45,1712139821887
734,0.390625,4.078125,-0.7265625,-0.12520644037889672,30,1712139821887
735,0.369140625,3.890625,-0.431640625,0.0,14,1712139821988
735,0.125,3.935546875,-0.515625,0.0,13,1712139821988
735,0.125,3.96875,-0.552734375,0.0,22,1712139821988
735,0.251953125,3.9921875,-0.60546875,0.0,47,1712139821988
735,0.3828125,4.009765625,-0.6796875,0.0,59,1712139821988
735,0.38671875,4.046875,-0.685546875,0.0,52,1712139821988
735,0.259765625,4.091796875,-0.71484375,0.0,38,1712139821988
735,0.125,3.958984375,-0.283203125,0.12520644037889672,24,1712139821988
735,0.125,3.984375,-0.4140625,0.12520644037889672,48,1712139821988
735,0.251953125,4.013671875,-0.45703125,0.12520644037889672,69,1712139821988
735,0.126953125,4.048828125,-0.525390625,0.12520644037889672,52,1712139821988
735,0.0,3.96875,-0.1328125,0.25041288075779344,30,1712139821988
735,0.125,4.00390625,-0.16015625,0.25041288075779344,54,1712139821988
735,0.126953125,4.03515625,-0.275390625,0.25041288075779344,61,1712139821988
735,0.126953125,4.0625,-0.40625,0.25041288075779344,32,1712139821988
735,0.125,4.005859375,0.044921875,0.37561932113669017,24,1712139821988
735,0.126953125,4.044921875,-0.076171875,0.37561932113669017,24,1712139821988
735,0.505859375,3.798828125,-1.302734375,-0.25041288075779344,22,1712139821988
735,0.509765625,3.830078125,-1.32421875,-0.25041288075779344,34,1712139821988
735,0.515625,3.896484375,-1.24609375,-0.25041288075779344,37,1712139821988
735,0.390625,3.94140625,-1.2734375,-0.25041288075779344,31,1712139821988
735,0.24609375,3.869140625,-0.662109375,-0.12520644037889672,21,1712139821988
735,0.25,3.8828125,-0.9609375,-0.12520644037889672,16,1712139821988
735,0.505859375,3.880859375,-1.033203125,-0.12520644037889672,41,1712139821988
735,0.509765625,3.923828125,-1.017578125,-0.12520644037889672,66,1712139821988
735,0.515625,3.962890625,-1.013671875,-0.12520644037889672,74,1712139821988
735,0.390625,4.03125,-0.95703125,-0.12520644037889672,61,1712139821988
735,0.26171875,4.05859375,-1.048828125,-0.12520644037889672,39,1712139821988
735,-1.251953125,2.53125,2.845703125,-0.12520644037889672,9,1712139821988
736,0.125,3.912109375,-0.6640625,0.0,16,1712139822087
736,0.125,3.966796875,-0.556640625,0.0,28,1712139822087
736,0.126953125,3.986328125,-0.681640625,0.0,30,1712139822087
736,0.0,3.884765625,-1.265625,0.0,23,1712139822087
736,0.38671875,4.0234375,-0.80859375,0.0,21,1712139822087
736,0.259765625,4.1015625,-0.650390625,0.0,23,1712139822087
736,0.125,3.95703125,-0.306640625,0.12520644037889672,22,1712139822087
736,0.125,3.994140625,-0.318359375,0.12520644037889672,39,1712139822087
736,0.126953125,4.021484375,-0.4296875,0.12520644037889672,56,1712139822087
736,0.126953125,4.052734375,-0.498046875,0.12520644037889672,59,1712139822087
736,0.2578125,4.083984375,-0.49609375,0.12520644037889672,39,1712139822087
736,0.0,3.962890625,-0.232421875,0.25041288075779344,17,1712139822087
736,0.0,4.0078125,-0.109375,0.25041288075779344,35,1712139822087
736,0.0,4.04296875,-0.16015625,0.25041288075779344,50,1712139822087
736,0.126953125,4.07421875,-0.259765625,0.25041288075779344,47,1712139822087
736,0.12890625,4.115234375,-0.23046875,0.25041288075779344,28,1712139822087
736,0.373046875,3.724609375,-1.32421875,-0.12520644037889672,17,1712139822087
736,0.375,3.845703125,-1.064453125,-0.12520644037889672,25,1712139822087
736,0.638671875,3.982421875,-0.64453125,-0.12520644037889672,19,1712139822087
736,0.515625,4.04296875,-0.619140625,-0.12520644037889672,22,1712139822087
736,0.390625,4.05859375,-0.828125,-0.12520644037889672,30,1712139822087
737,0.7578125,3.880859375,-0.86328125,0.0,17,1712139822188
737,0.509765625,3.9765625,-0.77734375,0.0,23,1712139822188
737,0.38671875,4.0703125,-0.533203125,0.0,22,1712139822188
737,0.130859375,4.130859375,-0.48046875,0.0,19,1712139822188
737,0.125,3.99609375,-0.294921875,0.12520644037889672,31,1712139822188
737,0.126953125,4.037109375,-0.248046875,0.12520644037889672,33,1712139822188
737,0.130859375,4.146484375,-0.31640625,0.12520644037889672,24,1712139822188
737,0.130859375,4.185546875,-0.322265625,0.12520644037889672,20,1712139822188
737,0.6328125,3.779296875,-1.302734375,-0.25041288075779344,25,1712139822188
737,0.509765625,3.880859375,-1.169921875,-0.25041288075779344,26,1712139822188
737,0.375,3.779296875,-1.283203125,-0.12520644037889672,31,1712139822188
737,0.505859375,3.859375,-1.10546875,-0.12520644037889672,54,1712139822188
737,0.509765625,3.92578125,-1.009765625,-0.12520644037889672,57,1712139822188
737,0.515625,3.9921875,-0.89453125,-0.12520644037889672,35,1712139822188
737,-0.7578125,1.728515625,3.580078125,0.0,10,1712139822188
738,0.126953125,4.03515625,-0.27734375,0.12520644037889672,19,1712139822288
738,0.3828125,3.919921875,-1.083984375,-0.12520644037889672,28,1712139822288
738,0.38671875,3.94921875,-1.119140625,-0.12520644037889672,25,1712139822288
741,0.0,4.044921875,0.111328125,0.0,15,1712139822590
741,0.0,4.083984375,0.0,0.0,15,1712139822590
741,0.125,3.986328125,-0.396484375,-0.12520644037889672,27,1712139822590
741,0.126953125,4.017578125,-0.458984375,-0.12520644037889672,35,1712139822590
741,0.126953125,4.064453125,-0.384765625,-0.12520644037889672,32,1712139822590
742,0.25,3.955078125,-0.599609375,0.0,16,1712139822690
742,0.251953125,4.00390625,-0.5234375,0.0,18,1712139822690
742,0.126953125,4.068359375,-0.3359375,0.0,16,1712139822690
742,0.375,3.958984375,-0.498046875,0.12520644037889672,27,1712139822690
742,0.505859375,3.966796875,-0.625,0.12520644037889672,33,1712139822690
742,0.509765625,3.9921875,-0.703125,0.12520644037889672,22,1712139822690
743,0.0,3.970703125,0.0390625,0.0,10,1712139822790
743,0.0,3.92578125,0.806640625,0.0,19,1712139822790
743,-0.37890625,3.783203125,1.38671875,0.0,23,1712139822790
743,0.89453125,3.521484375,-1.8671875,0.0,22,1712139822790
743,0.90234375,3.62109375,-1.751953125,0.0,14,1712139822790
743,0.1328125,4.123046875,-0.970703125,0.0,22,1712139822790
743,0.1328125,4.162109375,-0.966796875,0.0,25,1712139822790
743,0.501953125,3.826171875,-1.087890625,0.12520644037889672,14,1712139822790
743,0.6328125,3.869140625,-1.0,0.12520644037889672,47,1712139822790
743,0.509765625,3.955078125,-0.884765625,0.12520644037889672,60,1712139822790
743,0.38671875,4.0390625,-0.736328125,0.12520644037889672,42,1712139822790
743,0.37890625,3.966796875,-0.701171875,0.25041288075779344,23,1712139822790
743,0.3828125,4.02734375,-0.568359375,0.25041288075779344,30,1712139822790
743,0.2578125,4.103515625,-0.298828125,0.25041288075779344,21,1712139822790
743,0.0,3.943359375,-0.71484375,-0.25041288075779344,22,1712139822790
743,0.0,3.998046875,-0.623046875,-0.25041288075779344,32,1712139822790
743,0.126953125,4.033203125,-0.638671875,-0.25041288075779344,26,1712139822790
743,0.0,3.998046875,-0.298828125,-0.12520644037889672,40,1712139822790
743,0.126953125,4.03125,-0.326171875,-0.12520644037889672,56,1712139822790
743,0.126953125,4.06640625,-0.375,-0.12520644037889672,46,1712139822790
743,0.0,4.09375,-0.484375,-0.12520644037889672,29,1712139822790
743,0.1328125,4.08203125,-1.1328125,-0.12520644037889672,38,1712139822790
743,0.267578125,4.130859375,-1.07421875,-0.12520644037889672,49,1712139822790
743,1.01171875,3.24609375,-2.1953125,0.0,18,1712139822790
743,-0.638671875,3.6015625,1.81640625,0.0,19,1712139822790
743,-0.7734375,3.5078125,2.0234375,0.0,10,1712139822790
744,0.25,3.9921875,-0.263671875,0.0,17,1712139822891
744,0.37890625,3.951171875,-0.79296875,0.0,36,1712139822891
744,0.3828125,3.962890625,-0.91015625,0.0,53,1712139822891
744,0.38671875,4.015625,-0.84765625,0.0,49,1712139822891
744,0.259765625,4.103515625,-0.63671875,0.0,30,1712139822891
744,0.375,3.849609375,-1.052734375,0.12520644037889672,28,1712139822891
744,0.505859375,3.919921875,-0.869140625,0.12520644037889672,65,1712139822891
744,0.509765625,3.95703125,-0.876953125,0.12520644037889672,90,1712139822891
744,0.515625,3.986328125,-0.921875,0.12520644037889672,68,1712139822891
744,0.505859375,3.96875,-0.607421875,0.25041288075779344,40,1712139822891
744,0.509765625,4.01171875,-0.576171875,0.25041288075779344,58,1712139822891
744,0.38671875,4.056640625,-0.626953125,0.25041288075779344,44,1712139822891
744,0.125,3.958984375,-0.283203125,-0.12520644037889672,21,1712139822891
744,0.125,3.9921875,-0.34765625,-0.12520644037889672,31,1712139822891
744,0.126953125,4.021484375,-0.42578125,-0.12520644037889672,23,1712139822891
744,0.126953125,4.05859375,-0.44921875,-0.12520644037889672,22,1712139822891
744,0.12890625,4.091796875,-0.482421875,-0.12520644037889672,31,1712139822891
744,0.130859375,4.1171875,-0.5859375,-0.12520644037889672,32,1712139822891
745,0.373046875,3.890625,-0.701171875,0.0,21,1712139822991
745,0.501953125,3.87890625,-0.876953125,0.0,35,1712139822991
745,0.505859375,3.876953125,-1.04296875,0.0,61,1712139822991
745,0.509765625,3.904296875,-1.0859375,0.0,94,1712139822991
745,0.515625,3.935546875,-1.115234375,0.0,89,1712139822991
745,0.51953125,3.9921875,-1.0546875,0.0,40,1712139822991
745,0.373046875,3.931640625,-0.40625,0.12520644037889672,49,1712139822991
745,0.501953125,3.93359375,-0.587890625,0.12520644037889672,83,1712139822991
745,0.505859375,3.935546875,-0.796875,0.12520644037889672,130,1712139822991
745,0.509765625,3.95703125,-0.873046875,0.12520644037889672,188,1712139822991
745,0.515625,3.9921875,-0.888671875,0.12520644037889672,174,1712139822991
745,0.51953125,4.0234375,-0.92578125,0.12520644037889672,80,1712139822991
745,0.375,3.97265625,-0.380859375,0.25041288075779344,33,1712139822991
745,0.505859375,3.966796875,-0.6171875,0.25041288075779344,63,1712139822991
745,0.3828125,4.01953125,-0.61328125,0.25041288075779344,104,1712139822991
745,0.515625,4.041015625,-0.6328125,0.25041288075779344,102,1712139822991
745,0.390625,4.09375,-0.63671875,0.25041288075779344,48,1712139822991
745,0.501953125,3.849609375,-1.001953125,-0.12520644037889672,22,1712139822991
745,0.37890625,3.951171875,-0.787109375,-0.12520644037889672,30,1712139822991
745,0.255859375,4.064453125,-0.330078125,-0.12520644037889672,26,1712139822991
745,0.265625,4.080078125,-1.1171875,-0.12520644037889672,32,1712139822991
745,0.1328125,4.146484375,-1.033203125,-0.12520644037889672,34,1712139822991
746,0.49609375,3.796875,-1.048828125,0.0,18,1712139823091
746,0.501953125,3.828125,-1.076171875,0.0,19,1712139823091
746,0.505859375,3.974609375,-0.5703125,0.0,15,1712139823091
746,0.3828125,3.95703125,-0.94140625,0.0,19,1712139823091
746,0.515625,3.939453125,-1.103515625,0.0,22,1712139823091
746,0.369140625,3.89453125,-0.400390625,0.12520644037889672,24,1712139823091
746,0.373046875,3.9140625,-0.5546875,0.12520644037889672,42,1712139823091
746,0.501953125,3.9296875,-0.609375,0.12520644037889672,55,1712139823091
746,0.505859375,3.998046875,-0.376953125,0.12520644037889672,50,1712139823091
746,0.509765625,4.013671875,-0.560546875,0.12520644037889672,45,1712139823091
746,0.515625,4.01953125,-0.763671875,0.12520644037889672,46,1712139823091
746,0.390625,4.076171875,-0.7421875,0.12520644037889672,30,1712139823091
746,0.501953125,3.951171875,-0.453125,0.25041288075779344,35,1712139823091
746,0.6328125,3.98046875,-0.361328125,0.25041288075779344,40,1712139823091
746,0.509765625,4.037109375,-0.361328125,0.25041288075779344,35,1712139823091
746,0.515625,4.0625,-0.48046875,0.25041288075779344,25,1712139823091
746,0.25,3.953125,-0.61328125,-0.12520644037889672,22,1712139823091
746,0.251953125,3.99609375,-0.58984375,-0.12520644037889672,24,1712139823091
747,0.49609375,3.87890625,-0.6875,0.0,31,1712139823192
747,0.501953125,3.900390625,-0.77734375,0.0,41,1712139823192
747,0.505859375,3.953125,-0.697265625,0.0,34,1712139823192
747,0.509765625,3.990234375,-0.7109375,0.0,31,1712139823192
747,0.515625,3.998046875,-0.865234375,0.0,32,1712139823192
747,0.369140625,3.8828125,-0.4921875,0.12520644037889672,20,1712139823192
747,0.49609375,3.90625,-0.50390625,0.12520644037889672,59,1712139823192
747,0.501953125,3.9453125,-0.5,0.12520644037889672,81,1712139823192
747,0.505859375,3.984375,-0.490234375,0.12520644037889672,71,1712139823192
747,0.509765625,4.015625,-0.5546875,0.12520644037889672,58,1712139823192
747,0.515625,4.041015625,-0.640625,0.12520644037889672,42,1712139823192
747,0.49609375,3.912109375,-0.45703125,0.25041288075779344,26,1712139823192
747,0.375,3.978515625,-0.32421875,0.25041288075779344,30,1712139823192
747,0.37890625,4.025390625,-0.17578125,0.25041288075779344,25,1712139823192
747,0.509765625,4.025390625,-0.46484375,0.25041288075779344,21,1712139823192
747,0.3828125,3.953125,-0.95703125,-0.12520644037889672,18,1712139823192
747,0.38671875,3.98046875,-1.00390625,-0.12520644037889672,30,1712139823192
747,0.259765625,4.0078125,-1.0859375,-0.12520644037889672,27,1712139823192
747,0.26171875,3.9921875,-1.2734375,-0.12520644037889672,21,1712139823192
747,0.265625,4.056640625,-1.1953125,-0.12520644037889672,23,1712139823192
748,0.49609375,3.83984375,-0.875,0.0,24,1712139823292
748,0.501953125,3.8828125,-0.857421875,0.0,41,1712139823292
748,0.6328125,3.892578125,-0.91015625,0.0,35,1712139823292
748,0.62109375,3.873046875,-0.609375,0.12520644037889672,49,1712139823292
748,0.626953125,3.921875,-0.541015625,0.12520644037889672,85,1712139823292
748,0.505859375,3.96875,-0.6015625,0.12520644037889672,67,1712139823292
748,0.64453125,4.001953125,-0.7578125,0.12520644037889672,34,1712139823292
748,0.62109375,3.90234375,-0.396484375,0.25041288075779344,34,1712139823292
748,0.626953125,3.939453125,-0.404296875,0.25041288075779344,56,1712139823292
748,0.505859375,3.990234375,-0.4453125,0.25041288075779344,40,1712139823292
748,0.26171875,3.951171875,-1.3984375,-0.25041288075779344,21,1712139823292
748,0.1328125,4.048828125,-1.240234375,-0.25041288075779344,22,1712139823292
748,0.390625,3.9375,-1.2890625,-0.12520644037889672,28,1712139823292
748,0.26171875,4.0390625,-1.1171875,-0.12520644037889672,46,1712139823292
748,0.396484375,4.087890625,-1.041015625,-0.12520644037889672,49,1712139823292
748,0.267578125,4.1484375,-0.99609375,-0.12520644037889672,30,1712139823292
749,0.744140625,3.822265625,-0.7734375,0.0,15,1712139823392
749,0.626953125,3.853515625,-0.908203125,0.0,30,1712139823392
749,0.6328125,3.892578125,-0.91015625,0.0,22,1712139823392
749,0.509765625,4.03125,-0.427734375,0.0,13,1712139823392
749,0.7734375,3.95703125,-0.865234375,0.0,15,1712139823392
749,0.62109375,3.89453125,-0.455078125,0.12520644037889672,28,1712139823392
749,0.626953125,3.912109375,-0.611328125,0.12520644037889672,62,1712139823392
749,0.6328125,3.939453125,-0.673828125,0.12520644037889672,47,1712139823392
749,0.3828125,4.0625,-0.1953125,0.12520644037889672,23,1712139823392
749,0.64453125,4.025390625,-0.615234375,0.12520644037889672,31,1712139823392
749,0.49609375,3.939453125,-0.0703125,0.25041288075779344,25,1712139823392
749,0.626953125,3.94921875,-0.27734375,0.25041288075779344,52,1712139823392
749,0.6328125,3.97265625,-0.43359375,0.25041288075779344,41,1712139823392
749,0.259765625,4.0078125,-1.08984375,-0.25041288075779344,29,1712139823392
749,0.26171875,4.06640625,-1.015625,-0.25041288075779344,31,1712139823392
749,0.265625,4.130859375,-0.904296875,-0.25041288075779344,23,1712139823392
749,0.259765625,4.04296875,-0.953125,-0.12520644037889672,38,1712139823392
749,0.26171875,4.09375,-0.89453125,-0.12520644037889672,45,1712139823392
749,0.396484375,4.140625,-0.810546875,-0.12520644037889672,38,1712139823392
749,0.267578125,4.20703125,-0.720703125,-0.12520644037889672,22,1712139823392
750,0.6328125,3.931640625,-0.72265625,0.12520644037889672,37,1712139823493
750,0.765625,3.931640625,-0.8046875,0.12520644037889672,39,1712139823493
750,0.7734375,4.04296875,-0.22265625,0.12520644037889672,27,1712139823493
750,0.751953125,3.923828125,-0.32421875,0.25041288075779344,19,1712139823493
750,0.7578125,3.9609375,-0.33203125,0.25041288075779344,39,1712139823493
750,0.765625,3.994140625,-0.380859375,0.25041288075779344,50,1712139823493
750,0.7734375,4.03125,-0.37890625,0.25041288075779344,49,1712139823493
750,0.91015625,4.017578125,-0.5859375,0.25041288075779344,34,1712139823493
750,0.765625,4.01171875,-0.017578125,0.37561932113669017,26,1712139823493
750,0.7734375,4.04296875,-0.24609375,0.37561932113669017,27,1712139823493
750,0.525390625,4.009765625,-1.12890625,-0.25041288075779344,19,1712139823493
750,0.529296875,4.056640625,-1.1015625,-0.25041288075779344,27,1712139823493
750,0.400390625,4.09765625,-1.150390625,-0.25041288075779344,19,1712139823493
750,0.6328125,3.810546875,-1.20703125,-0.12520644037889672,19,1712139823493
750,0.39453125,4.06640625,-0.970703125,-0.12520644037889672,27,1712139823493
750,0.529296875,4.099609375,-0.927734375,-0.12520644037889672,42,1712139823493
750,0.400390625,4.150390625,-0.943359375,-0.12520644037889672,30,1712139823493
750,-1.3125,2.720703125,2.916015625,-0.25041288075779344,10,1712139823493
750,-1.19140625,2.853515625,2.896484375,-0.25041288075779344,14,1712139823493
750,-1.203125,2.744140625,3.048828125,-0.25041288075779344,11,1712139823493
750,-0.884765625,2.708984375,2.873046875,-0.12520644037889672,10,1712139823493
751,0.7578125,3.923828125,-0.634765625,0.0,19,1712139823594
751,0.89453125,3.984375,-0.111328125,0.0,14,1712139823594
751,0.65625,4.111328125,-0.5546875,0.0,17,1712139823594
751,0.529296875,4.140625,-0.728515625,0.0,18,1712139823594
751,0.626953125,3.94140625,-0.365234375,0.12520644037889672,23,1712139823594
751,0.7578125,3.94921875,-0.4453125,0.12520644037889672,47,1712139823594
751,0.638671875,4.0078125,-0.47265625,0.12520644037889672,40,1712139823594
751,0.7734375,4.0390625,-0.296875,0.12520644037889672,24,1712139823594
751,0.650390625,4.10546875,-0.2109375,0.12520644037889672,23,1712139823594
751,0.626953125,3.958984375,-0.041015625,0.25041288075779344,24,1712139823594
751,0.7578125,3.970703125,-0.19140625,0.25041288075779344,43,1712139823594
751,0.638671875,4.025390625,-0.2734375,0.25041288075779344,33,1712139823594
751,0.787109375,4.09375,-0.498046875,0.25041288075779344,25,1712139823594
751,0.38671875,3.93359375,-1.17578125,-0.25041288075779344,18,1712139823594
751,0.2578125,3.962890625,-1.111328125,-0.12520644037889672,27,1712139823594
752,0.638671875,3.890625,-1.072265625,0.0,16,1712139823694
752,0.12890625,4.10546875,-0.3515625,0.0,12,1712139823694
752,0.7578125,3.9453125,-0.486328125,0.12520644037889672,43,1712139823694
752,0.765625,3.98046875,-0.51171875,0.12520644037889672,56,1712139823694
752,0.64453125,4.02734375,-0.60546875,0.12520644037889672,31,1712139823694
752,0.794921875,4.07421875,-0.85546875,0.12520644037889672,23,1712139823694
752,0.7578125,3.96875,-0.21875,0.25041288075779344,30,1712139823694
752,0.89453125,3.98046875,-0.197265625,0.25041288075779344,47,1712139823694
752,0.90234375,4.00390625,-0.40234375,0.25041288075779344,33,1712139823694
752,0.89453125,3.984375,0.109375,0.37561932113669017,24,1712139823694
752,0.7734375,4.048828125,0.0390625,0.37561932113669017,22,1712139823694
752,0.251953125,3.82421875,-1.296875,-0.37561932113669017,17,1712139823694
752,0.505859375,3.873046875,-1.060546875,-0.25041288075779344,26,1712139823694
752,0.509765625,3.92578125,-1.005859375,-0.25041288075779344,26,1712139823694
752,0.650390625,3.8671875,-1.39453125,-0.25041288075779344,20,1712139823694
752,0.525390625,4.0234375,-1.08203125,-0.25041288075779344,28,1712139823694
752,0.6328125,3.86328125,-1.021484375,-0.12520644037889672,35,1712139823694
752,0.509765625,3.935546875,-0.96484375,-0.12520644037889672,47,1712139823694
752,0.38671875,3.990234375,-0.966796875,-0.12520644037889672,32,1712139823694
752,0.390625,4.009765625,-1.04296875,-0.12520644037889672,23,1712139823694
752,0.39453125,4.11328125,-0.748046875,-0.12520644037889672,27,1712139823694
752,-1.2890625,2.15234375,3.271484375,0.0,8,1712139823694
752,-1.169921875,2.767578125,2.87890625,-0.12520644037889672,13,1712139823694
753,0.779296875,4.01171875,-0.78515625,0.0,14,1712139823794
753,0.787109375,4.087890625,-0.556640625,0.0,16,1712139823794
753,1.03125,3.9921875,0.005859375,0.25041288075779344,36,1712139823794
753,0.779296875,4.087890625,0.005859375,0.25041288075779344,23,1712139823794
753,0.251953125,3.89453125,-1.06640625,-0.25041288075779344,16,1712139823794
753,0.37890625,3.947265625,-0.802734375,-0.12520644037889672,19,1712139823794
753,0.90234375,3.7578125,-1.4375,-0.12520644037889672,19,1712139823794
753,0.650390625,3.9609375,-1.099609375,-0.12520644037889672,24,1712139823794
753,0.65625,4.05859375,-0.85546875,-0.12520644037889672,19,1712139823794
753,-0.515625,3.80078125,1.515625,-0.12520644037889672,11,1712139823794
754,0.373046875,3.853515625,-0.884765625,0.0,13,1712139823894
754,0.25,3.931640625,-0.736328125,0.0,21,1712139823894
754,0.37890625,3.943359375,-0.822265625,0.0,25,1712139823894
754,0.509765625,3.970703125,-0.8125,0.0,30,1712139823894
754,0.38671875,4.06640625,-0.5546875,0.0,28,1712139823894
754,0.390625,4.109375,-0.51953125,0.0,22,1712139823894
754,0.89453125,3.978515625,-0.234375,0.12520644037889672,22,1712139823894
754,0.90234375,4.017578125,-0.197265625,0.12520644037889672,24,1712139823894
754,0.90234375,4.021484375,0.083984375,0.25041288075779344,31,1712139823894
754,0.91015625,4.060546875,0.06640625,0.25041288075779344,26,1712139823894
754,0.373046875,3.8125,-1.044921875,-0.25041288075779344,18,1712139823894
754,0.375,3.8125,-1.177734375,-0.25041288075779344,27,1712139823894
754,0.37890625,3.849609375,-1.189453125,-0.25041288075779344,26,1712139823894
754,0.509765625,3.8828125,-1.162109375,-0.25041288075779344,27,1712139823894
754,0.515625,3.939453125,-1.103515625,-0.25041288075779344,26,1712139823894
754,0.373046875,3.822265625,-1.00390625,-0.12520644037889672,26,1712139823894
754,0.375,3.865234375,-0.9921875,-0.12520644037889672,42,1712139823894
754,0.505859375,3.875,-1.046875,-0.12520644037889672,47,1712139823894
754,0.509765625,3.921875,-1.021484375,-0.12520644037889672,58,1712139823894
754,0.515625,3.98046875,-0.94140625,-0.12520644037889672,59,1712139823894
754,0.51953125,4.04296875,-0.837890625,-0.12520644037889672,48,1712139823894
755,0.248046875,3.921875,-0.568359375,0.0,20,1712139823995
755,0.25,3.951171875,-0.630859375,0.0,22,1712139823995
755,0.251953125,3.962890625,-0.783203125,0.0,15,1712139823995
755,0.3828125,4.025390625,-0.578125,0.0,23,1712139823995
755,1.05078125,4.056640625,-0.26171875,0.0,19,1712139823995
755,0.91015625,4.052734375,-0.240234375,0.12520644037889672,34,1712139823995
755,0.91796875,4.095703125,-0.138671875,0.12520644037889672,43,1712139823995
755,0.794921875,4.162109375,0.029296875,0.12520644037889672,27,1712139823995
755,0.91796875,4.09765625,0.03515625,0.25041288075779344,22,1712139823995
755,0.373046875,3.787109375,-1.12890625,-0.25041288075779344,23,1712139823995
755,0.375,3.8125,-1.1796875,-0.25041288075779344,25,1712139823995
755,0.3828125,3.900390625,-1.15234375,-0.25041288075779344,20,1712139823995
755,0.373046875,3.84765625,-0.90234375,-0.12520644037889672,36,1712139823995
755,0.375,3.8671875,-0.986328125,-0.12520644037889672,41,1712139823995
755,0.505859375,3.84375,-1.162109375,-0.12520644037889672,30,1712139823995
755,0.3828125,3.96484375,-0.904296875,-0.12520644037889672,43,1712139823995
755,0.12890625,4.044921875,-0.787109375,-0.12520644037889672,23,1712139823995
756,0.373046875,3.859375,-0.8515625,0.0,17,1712139824095
756,0.25,3.939453125,-0.6953125,0.0,20,1712139824095
756,0.126953125,4.015625,-0.4765625,0.0,13,1712139824095
756,0.373046875,3.798828125,-1.08984375,-0.12520644037889672,33,1712139824095
756,0.25,3.884765625,-0.955078125,-0.12520644037889672,38,1712139824095
756,0.126953125,3.91015625,-1.037109375,-0.12520644037889672,24,1712139824095
758,1.03125,3.982421875,-0.2734375,0.0,18,1712139824296
758,0.91015625,4.0546875,-0.19921875,0.0,22,1712139824296
758,0.787109375,4.12109375,-0.181640625,0.0,14,1712139824296
758,1.03125,3.966796875,-0.453125,-0.12520644037889672,35,1712139824296
758,1.041015625,4.0,-0.490234375,-0.12520644037889672,47,1712139824296
758,0.91796875,4.0703125,-0.478515625,-0.12520644037889672,31,1712139824296
759,0.6328125,3.875,-0.978515625,0.0,12,1712139824396
759,0.3828125,3.96875,-0.890625,0.0,16,1712139824396
759,0.64453125,4.044921875,-0.46875,0.0,16,1712139824396
759,0.91015625,4.060546875,0.060546875,0.0,26,1712139824396
759,0.91796875,4.09375,0.16015625,0.0,28,1712139824396
759,0.794921875,4.15625,0.220703125,0.0,21,1712139824396
759,0.509765625,3.986328125,-0.728515625,0.12520644037889672,38,1712139824396
759,0.38671875,4.064453125,-0.572265625,0.12520644037889672,34,1712139824396
759,1.041015625,4.01953125,-0.28125,-0.25041288075779344,29,1712139824396
759,1.05078125,4.044921875,-0.416015625,-0.25041288075779344,30,1712139824396
759,1.05859375,4.0703125,-0.517578125,-0.25041288075779344,23,1712139824396
759,1.03125,3.96484375,-0.462890625,-0.12520644037889672,31,1712139824396
759,1.041015625,4.029296875,0.03125,-0.12520644037889672,43,1712139824396
759,1.05078125,4.064453125,-0.08984375,-0.12520644037889672,50,1712139824396
759,0.927734375,4.126953125,-0.248046875,-0.12520644037889672,42,1712139824396
759,0.935546875,4.146484375,-0.4609375,-0.12520644037889672,25,1712139824396
760,0.505859375,3.798828125,-1.30078125,0.0,17,1712139824496
760,0.638671875,3.94140625,-0.865234375,0.0,31,1712139824496
760,0.7734375,4.015625,-0.525390625,0.0,42,1712139824496
760,0.779296875,4.0703125,-0.376953125,0.0,34,1712139824496
760,0.787109375,4.111328125,-0.328125,0.0,19,1712139824496
760,0.501953125,3.8984375,-0.791015625,0.12520644037889672,34,1712139824496
760,0.505859375,3.951171875,-0.7109375,0.12520644037889672,48,1712139824496
760,0.638671875,3.9609375,-0.76953125,0.12520644037889672,55,1712139824496
760,0.515625,4.041015625,-0.638671875,0.12520644037889672,49,1712139824496
760,0.51953125,4.07421875,-0.669921875,0.12520644037889672,33,1712139824496
760,0.37890625,4.01171875,-0.373046875,0.25041288075779344,21,1712139824496
760,0.509765625,4.02734375,-0.447265625,0.25041288075779344,22,1712139824496
760,1.041015625,4.013671875,-0.357421875,-0.25041288075779344,22,1712139824496
760,0.884765625,3.8828125,-0.72265625,-0.12520644037889672,20,1712139824496
760,1.03125,3.990234375,0.1171875,-0.12520644037889672,33,1712139824496
760,0.91015625,4.060546875,0.05078125,-0.12520644037889672,34,1712139824496
761,0.6328125,3.912109375,-0.81640625,0.0,14,1712139824596
761,0.509765625,3.921875,-1.021484375,0.0,18,1712139824596
761,0.515625,3.982421875,-0.93359375,0.0,21,1712139824596
761,0.650390625,4.01953125,-0.857421875,0.0,17,1712139824596
761,0.505859375,3.880859375,-1.03125,0.12520644037889672,19,1712139824596
761,0.509765625,3.927734375,-1.0,0.12520644037889672,34,1712139824596
761,0.515625,3.984375,-0.927734375,0.12520644037889672,36,1712139824596
761,0.51953125,4.03125,-0.892578125,0.12520644037889672,24,1712139824596
761,1.021484375,3.955078125,0.0234375,-0.25041288075779344,21,1712139824596
761,1.03125,3.9921875,-0.00390625,-0.25041288075779344,27,1712139824596
761,1.041015625,4.025390625,-0.171875,-0.25041288075779344,23,1712139824596
761,0.7578125,3.9296875,-0.591796875,-0.12520644037889672,20,1712139824596
762,0.765625,4.0078125,-0.1953125,0.0,18,1712139824697
762,0.90234375,4.0078125,-0.34765625,0.0,26,1712139824697
762,0.779296875,4.064453125,-0.4375,0.0,26,1712139824697
762,0.65625,4.125,-0.42578125,0.0,19,1712139824697
762,0.51953125,3.96484375,-1.150390625,0.12520644037889672,18,1712139824697
762,1.138671875,3.8828125,-0.099609375,-0.25041288075779344,18,1712139824697
762,1.021484375,3.953125,-0.123046875,-0.25041288075779344,32,1712139824697
762,1.03125,3.984375,-0.23828125,-0.25041288075779344,31,1712139824697
762,0.91015625,4.046875,-0.322265625,-0.25041288075779344,21,1712139824697
762,0.7578125,3.896484375,-0.7890625,-0.12520644037889672,23,1712139824697
762,1.021484375,3.94140625,-0.318359375,-0.12520644037889672,37,1712139824697
762,1.03125,3.986328125,-0.205078125,-0.12520644037889672,39,1712139824697
762,0.91015625,4.052734375,-0.236328125,-0.12520644037889672,32,1712139824697
762,0.91796875,4.06640625,-0.50390625,-0.12520644037889672,26,1712139824697
762,0.91796875,4.064453125,-0.525390625,0.0,19,1712139824697
763,0.884765625,3.93359375,-0.337890625,0.0,31,1712139824797
763,0.765625,3.986328125,-0.451171875,0.0,36,1712139824797
763,0.7734375,3.984375,-0.7265625,0.0,29,1712139824797
763,0.779296875,3.955078125,-1.033203125,0.0,20,1712139824797
763,0.884765625,3.890625,-0.677734375,-0.25041288075779344,36,1712139824797
763,0.89453125,3.916015625,-0.740234375,-0.25041288075779344,40,1712139824797
763,0.90234375,3.876953125,-1.072265625,-0.25041288075779344,24,1712139824797
763,1.001953125,3.8359375,-0.59375,-0.12520644037889672,24,1712139824797
763,0.7578125,3.93359375,-0.56640625,-0.12520644037889672,63,1712139824797
763,0.89453125,3.939453125,-0.609375,-0.12520644037889672,73,1712139824797
763,0.7734375,3.97265625,-0.791015625,-0.12520644037889672,46,1712139824797
763,0.91015625,3.9296875,-1.021484375,-0.12520644037889672,24,1712139824797
764,0.505859375,3.9375,-0.78125,0.12520644037889672,18,1712139824898
764,0.509765625,3.953125,-0.892578125,0.12520644037889672,22,1712139824898
764,0.38671875,4.02734375,-0.796875,0.12520644037889672,23,1712139824898
764,0.390625,4.07421875,-0.74609375,0.12520644037889672,19,1712139824898
764,0.7734375,4.046875,-0.169921875,-0.25041288075779344,26,1712139824898
764,0.626953125,3.85546875,-0.900390625,-0.12520644037889672,27,1712139824898
764,0.7578125,3.876953125,-0.880859375,-0.12520644037889672,27,1712139824898
764,0.638671875,4.015625,-0.390625,-0.12520644037889672,29,1712139824898
764,0.64453125,4.06640625,-0.205078125,-0.12520644037889672,34,1712139824898
765,0.49609375,3.89453125,-0.5859375,0.0,16,1712139824998
765,0.501953125,3.958984375,-0.369140625,0.0,27,1712139824998
765,0.505859375,3.97265625,-0.578125,0.0,38,1712139824998
765,0.509765625,3.962890625,-0.849609375,0.0,37,1712139824998
765,0.38671875,3.962890625,-1.072265625,0.0,25,1712139824998
765,0.615234375,3.796875,-0.8203125,0.12520644037889672,17,1712139824998
765,0.62109375,3.814453125,-0.90625,0.12520644037889672,25,1712139824998
765,0.626953125,3.873046875,-0.822265625,0.12520644037889672,21,1712139824998
765,0.6328125,3.828125,-1.146484375,0.12520644037889672,21,1712139824998
765,0.509765625,3.9375,-0.958984375,0.12520644037889672,40,1712139824998
765,0.515625,3.970703125,-0.982421875,0.12520644037889672,40,1712139824998
765,0.390625,4.013671875,-1.029296875,0.12520644037889672,27,1712139824998
765,0.3828125,4.025390625,-0.57421875,0.25041288075779344,23,1712139824998
765,0.38671875,4.037109375,-0.73828125,0.25041288075779344,23,1712139824998
765,0.869140625,3.8671875,-0.220703125,-0.37561932113669017,19,1712139824998
765,0.751953125,3.931640625,-0.212890625,-0.37561932113669017,36,1712139824998
765,0.7578125,3.9609375,-0.33203125,-0.37561932113669017,33,1712139824998
765,0.744140625,3.8984375,-0.126953125,-0.25041288075779344,24,1712139824998
765,0.751953125,3.9375,0.03515625,-0.25041288075779344,40,1712139824998
765,0.884765625,3.94140625,0.234375,-0.25041288075779344,30,1712139824998
765,0.626953125,3.892578125,-0.72265625,-0.12520644037889672,21,1712139824998
765,0.505859375,3.931640625,-0.814453125,-0.12520644037889672,27,1712139824998
765,0.255859375,3.99609375,-0.8046875,-0.12520644037889672,26,1712139824998
766,0.501953125,3.974609375,0.130859375,0.0,34,1712139825098
766,0.505859375,4.013671875,-0.125,0.0,54,1712139825098
766,0.3828125,4.056640625,-0.287109375,0.0,41,1712139825098
766,0.2578125,4.09765625,-0.3671875,0.0,20,1712139825098
766,0.62109375,3.802734375,-0.955078125,0.12520644037889672,31,1712139825098
766,0.626953125,3.822265625,-1.03125,0.12520644037889672,33,1712139825098
766,0.505859375,3.880859375,-1.029296875,0.12520644037889672,20,1712139825098
766,0.509765625,3.916015625,-1.041015625,0.12520644037889672,33,1712139825098
766,0.38671875,3.982421875,-0.9921875,0.12520644037889672,48,1712139825098
766,0.130859375,4.099609375,-0.701171875,0.12520644037889672,35,1712139825098
766,0.49609375,3.837890625,-0.890625,0.25041288075779344,23,1712139825098
766,0.626953125,3.86328125,-0.869140625,0.25041288075779344,26,1712139825098
766,0.509765625,3.92578125,-1.005859375,0.25041288075779344,36,1712139825098
766,0.38671875,3.990234375,-0.958984375,0.25041288075779344,56,1712139825098
766,0.390625,4.04296875,-0.90625,0.25041288075779344,45,1712139825098
766,0.38671875,4.017578125,-0.837890625,0.37561932113669017,22,1712139825098
766,0.626953125,3.958984375,-0.060546875,-0.37561932113669017,34,1712139825098
766,0.6328125,3.99609375,-0.1171875,-0.37561932113669017,34,1712139825098
766,0.509765625,4.046875,-0.236328125,-0.37561932113669017,23,1712139825098
766,0.62109375,3.921875,-0.048828125,-0.25041288075779344,37,1712139825098
766,0.626953125,3.951171875,-0.259765625,-0.25041288075779344,66,1712139825098
766,0.505859375,3.98828125,-0.4609375,-0.25041288075779344,70,1712139825098
766,0.509765625,4.013671875,-0.5625,-0.25041288075779344,45,1712139825098
766,0.744140625,3.896484375,-0.166015625,-0.12520644037889672,37,1712139825098
766,0.626953125,3.94140625,-0.375,-0.12520644037889672,93,1712139825098
766,0.505859375,3.98828125,-0.455078125,-0.12520644037889672,115,1712139825098
766,0.509765625,4.025390625,-0.478515625,-0.12520644037889672,72,1712139825098
766,0.515625,4.072265625,-0.396484375,-0.12520644037889672,24,1712139825098
767,0.4921875,3.892578125,-0.271484375,0.0,12,1712139825199
767,0.373046875,3.953125,-0.013671875,0.0,21,1712139825199
767,0.501953125,3.974609375,-0.109375,0.0,34,1712139825199
767,0.37890625,4.02734375,0.115234375,0.0,26,1712139825199
767,0.38671875,3.85546875,-1.412109375,0.0,19,1712139825199
767,0.390625,3.95703125,-1.2265625,0.0,22,1712139825199
767,0.615234375,3.78125,-0.888671875,0.12520644037889672,18,1712139825199
767,0.62109375,3.83203125,-0.828125,0.12520644037889672,40,1712139825199
767,0.501953125,3.921875,-0.666015625,0.12520644037889672,46,1712139825199
767,0.505859375,3.935546875,-0.791015625,0.12520644037889672,41,1712139825199
767,0.509765625,3.92578125,-1.0078125,0.12520644037889672,39,1712139825199
767,0.38671875,3.966796875,-1.052734375,0.12520644037889672,49,1712139825199
767,0.390625,3.98046875,-1.146484375,0.12520644037889672,52,1712139825199
767,0.525390625,4.017578125,-1.10546875,0.12520644037889672,32,1712139825199
767,0.62109375,3.884765625,-0.533203125,0.25041288075779344,27,1712139825199
767,0.501953125,3.947265625,-0.4921875,0.25041288075779344,29,1712139825199
767,0.505859375,3.970703125,-0.59765625,0.25041288075779344,25,1712139825199
767,0.509765625,3.990234375,-0.7109375,0.25041288075779344,27,1712139825199
767,0.515625,4.01171875,-0.80078125,0.25041288075779344,45,1712139825199
767,0.390625,4.048828125,-0.87890625,0.25041288075779344,55,1712139825199
767,0.39453125,4.07421875,-0.9375,0.25041288075779344,39,1712139825199
767,0.390625,4.095703125,-0.625,0.37561932113669017,18,1712139825199
767,0.39453125,4.091796875,-0.861328125,0.37561932113669017,17,1712139825199
767,0.62109375,3.896484375,-0.435546875,-0.37561932113669017,23,1712139825199
767,0.486328125,3.86328125,0.08984375,-0.25041288075779344,19,1712139825199
767,0.615234375,3.8828125,-0.048828125,-0.25041288075779344,43,1712139825199
767,0.62109375,3.921875,0.00390625,-0.25041288075779344,39,1712139825199
767,0.501953125,3.6796875,-1.5078125,-0.25041288075779344,21,1712139825199
767,0.6328125,3.935546875,-0.693359375,-0.25041288075779344,37,1712139825199
767,0.638671875,4.01953125,-0.34765625,-0.25041288075779344,30,1712139825199
767,0.615234375,3.880859375,0.166015625,-0.12520644037889672,33,1712139825199
767,0.49609375,3.90625,-0.501953125,-0.12520644037889672,46,1712139825199
767,0.501953125,3.904296875,-0.759765625,-0.12520644037889672,80,1712139825199
767,0.6328125,3.953125,-0.595703125,-0.12520644037889672,80,1712139825199
767,0.509765625,4.03515625,-0.3828125,-0.12520644037889672,36,1712139825199
768,0.501953125,3.966796875,-0.2734375,0.0,30,1712139825299
768,0.251953125,4.03515625,0.16796875,0.0,27,1712139825299
768,0.49609375,3.900390625,-0.5546875,0.12520644037889672,35,1712139825299
768,0.501953125,3.943359375,-0.517578125,0.12520644037889672,50,1712139825299
768,0.505859375,3.9765625,-0.55078125,0.12520644037889672,37,1712139825299
768,0.51953125,3.978515625,-1.10546875,0.12520644037889672,40,1712139825299
768,0.39453125,4.015625,-1.162109375,0.12520644037889672,42,1712139825299
768,0.501953125,3.943359375,-0.5234375,0.25041288075779344,20,1712139825299
768,0.64453125,3.978515625,-0.8671875,0.25041288075779344,20,1712139825299
768,0.51953125,4.04296875,-0.837890625,0.25041288075779344,47,1712139825299
768,0.525390625,4.060546875,-0.9375,0.25041288075779344,54,1712139825299
768,0.396484375,4.03515625,-1.234375,0.25041288075779344,26,1712139825299
768,0.525390625,4.111328125,-0.671875,0.37561932113669017,20,1712139825299
768,0.62109375,3.900390625,-0.41015625,-0.37561932113669017,22,1712139825299
768,0.486328125,3.85546875,-0.2421875,-0.25041288075779344,23,1712139825299
768,0.4921875,3.900390625,-0.12109375,-0.25041288075779344,42,1712139825299
768,0.373046875,3.951171875,-0.12109375,-0.25041288075779344,44,1712139825299
768,0.375,3.982421875,-0.26953125,-0.25041288075779344,45,1712139825299
768,0.251953125,4.033203125,-0.197265625,-0.25041288075779344,39,1712139825299
768,0.609375,3.845703125,0.00390625,-0.12520644037889672,18,1712139825299
768,0.4921875,3.900390625,-0.01953125,-0.12520644037889672,28,1712139825299
768,0.62109375,3.865234375,-0.6640625,-0.12520644037889672,47,1712139825299
768,0.626953125,3.888671875,-0.744140625,-0.12520644037889672,82,1712139825299
768,0.505859375,3.97265625,-0.5859375,-0.12520644037889672,69,1712139825299
769,0.373046875,3.951171875,-0.091796875,0.0,19,1712139825399
769,0.501953125,3.974609375,-0.138671875,0.0,32,1712139825399
769,0.6328125,3.99609375,-0.08984375,0.0,34,1712139825399
769,0.509765625,4.05078125,-0.1328125,0.0,22,1712139825399
769,0.51953125,3.94921875,-1.201171875,0.0,21,1712139825399
769,0.525390625,3.96484375,-1.28125,0.0,31,1712139825399
769,0.396484375,4.01171875,-1.30859375,0.0,23,1712139825399
769,0.650390625,3.9453125,-1.1484375,0.12520644037889672,45,1712139825399
769,0.525390625,4.025390625,-1.076171875,0.12520644037889672,67,1712139825399
769,0.396484375,4.078125,-1.080078125,0.12520644037889672,50,1712139825399
769,0.51953125,4.029296875,-0.90234375,0.25041288075779344,51,1712139825399
769,0.525390625,4.06640625,-0.908203125,0.25041288075779344,71,1712139825399
769,0.396484375,4.1328125,-0.845703125,0.25041288075779344,50,1712139825399
769,0.267578125,4.181640625,-0.853515625,0.25041288075779344,20,1712139825399
769,0.390625,4.0703125,-0.767578125,0.37561932113669017,26,1712139825399
769,0.39453125,4.119140625,-0.720703125,0.37561932113669017,36,1712139825399
769,0.396484375,4.14453125,-0.78515625,0.37561932113669017,30,1712139825399
769,0.486328125,3.857421875,-0.208984375,-0.37561932113669017,36,1712139825399
769,0.4921875,3.890625,-0.283203125,-0.37561932113669017,43,1712139825399
769,0.49609375,3.93359375,-0.208984375,-0.37561932113669017,22,1712139825399
769,0.486328125,3.86328125,0.060546875,-0.25041288075779344,27,1712139825399
769,0.4921875,3.900390625,-0.005859375,-0.25041288075779344,29,1712139825399
769,0.62109375,3.87890625,-0.5703125,-0.25041288075779344,19,1712139825399
769,0.501953125,3.912109375,-0.716796875,-0.25041288075779344,47,1712139825399
769,0.505859375,3.953125,-0.70703125,-0.25041288075779344,52,1712139825399
769,0.509765625,3.970703125,-0.80859375,-0.25041288075779344,28,1712139825399
769,0.373046875,3.92578125,-0.466796875,-0.12520644037889672,28,1712139825399
769,0.501953125,3.95703125,-0.39453125,-0.12520644037889672,57,1712139825399
769,0.505859375,3.994140625,-0.400390625,-0.12520644037889672,64,1712139825399
769,0.638671875,4.013671875,-0.41015625,-0.12520644037889672,40,1712139825399
770,0.869140625,3.80859375,-0.712890625,0.0,14,1712139825500
770,0.876953125,3.8671875,-0.580078125,0.0,26,1712139825500
770,0.7578125,3.9453125,-0.482421875,0.0,29,1712139825500
770,0.501953125,3.962890625,-0.333984375,0.12520644037889672,20,1712139825500
770,0.65625,4.052734375,-0.88671875,0.25041288075779344,23,1712139825500
770,0.482421875,3.787109375,-0.53515625,-0.5008257615155869,29,1712139825500
770,0.486328125,3.818359375,-0.583984375,-0.5008257615155869,32,1712139825500
770,0.4921875,3.837890625,-0.69921875,-0.5008257615155869,22,1712139825500
770,0.373046875,3.908203125,-0.59765625,-0.5008257615155869,18,1712139825500
770,0.595703125,3.767578125,-0.1484375,-0.37561932113669017,27,1712139825500
770,0.6015625,3.80078125,-0.228515625,-0.37561932113669017,65,1712139825500
770,0.486328125,3.849609375,-0.322265625,-0.37561932113669017,68,1712139825500
770,0.615234375,3.86328125,-0.404296875,-0.37561932113669017,41,1712139825500
770,0.49609375,3.912109375,-0.455078125,-0.37561932113669017,28,1712139825500
770,0.482421875,3.826171875,0.0078125,-0.25041288075779344,41,1712139825500
770,0.486328125,3.86328125,-0.03515625,-0.25041288075779344,43,1712139825500
770,0.369140625,3.9140625,-0.001953125,-0.25041288075779344,23,1712139825500
770,0.869140625,3.791015625,-0.80078125,-0.12520644037889672,34,1712139825500
770,0.876953125,3.822265625,-0.83203125,-0.12520644037889672,60,1712139825500
770,0.7578125,3.8984375,-0.779296875,-0.12520644037889672,62,1712139825500
770,0.89453125,3.935546875,-0.63671875,-0.12520644037889672,32,1712139825500
771,0.369140625,3.87890625,-0.533203125,0.0,25,1712139825600
771,0.373046875,3.92578125,-0.458984375,0.0,43,1712139825600
771,0.25,3.9921875,-0.25,0.0,32,1712139825600
771,0.6015625,3.763671875,-0.587890625,-0.37561932113669017,33,1712139825600
771,0.486328125,3.830078125,-0.51171875,-0.37561932113669017,33,1712139825600
771,0.595703125,3.748046875,-0.41015625,-0.25041288075779344,25,1712139825600
771,0.482421875,3.802734375,-0.423828125,-0.25041288075779344,40,1712139825600
771,0.486328125,3.8515625,-0.3125,-0.25041288075779344,32,1712139825600
771,0.373046875,3.828125,-0.982421875,-0.25041288075779344,39,1712139825600
771,0.375,3.91796875,-0.755859375,-0.25041288075779344,38,1712139825600
771,0.482421875,3.814453125,-0.283203125,-0.12520644037889672,17,1712139825600
771,0.4921875,3.7890625,-0.931640625,-0.12520644037889672,41,1712139825600
771,0.373046875,3.87890625,-0.763671875,-0.12520644037889672,83,1712139825600
771,0.375,3.939453125,-0.64453125,-0.12520644037889672,69,1712139825600
772,0.595703125,3.7578125,-0.302734375,0.0,16,1712139825701
772,0.6015625,3.8046875,-0.185546875,0.0,19,1712139825701
772,0.7578125,3.896484375,-0.78515625,0.12520644037889672,39,1712139825701
772,0.638671875,3.94140625,-0.865234375,0.12520644037889672,31,1712139825701
772,0.6328125,3.947265625,-0.62890625,0.25041288075779344,23,1712139825701
772,0.6015625,3.724609375,-0.798828125,-0.25041288075779344,20,1712139825701
772,0.71484375,3.693359375,-0.6484375,-0.12520644037889672,31,1712139825701
772,0.6015625,3.763671875,-0.587890625,-0.12520644037889672,36,1712139825701
772,0.486328125,3.8203125,-0.57421875,-0.12520644037889672,27,1712139825701
773,0.4765625,3.767578125,-0.3984375,0.0,12,1712139825802
773,0.49609375,3.80859375,-1.00390625,0.0,19,1712139825802
773,0.751953125,3.818359375,-0.958984375,0.0,27,1712139825802
773,0.7578125,3.83984375,-1.0234375,0.0,33,1712139825802
773,0.765625,3.861328125,-1.09375,0.0,23,1712139825802
773,0.751953125,3.849609375,-0.826171875,0.12520644037889672,39,1712139825802
773,0.7578125,3.884765625,-0.845703125,0.12520644037889672,54,1712139825802
773,0.765625,3.91796875,-0.8671875,0.12520644037889672,40,1712139825802
773,0.751953125,3.861328125,-0.76953125,0.25041288075779344,23,1712139825802
773,0.7578125,3.923828125,-0.63671875,0.25041288075779344,35,1712139825802
773,0.638671875,4.001953125,-0.509765625,0.25041288075779344,27,1712139825802
773,0.58984375,3.69140625,-0.55078125,-0.12520644037889672,17,1712139825802
773,0.595703125,3.71484375,-0.6484375,-0.12520644037889672,29,1712139825802
773,0.6015625,3.74609375,-0.681640625,-0.12520644037889672,23,1712139825802
773,0.4921875,3.716796875,-1.181640625,-0.12520644037889672,26,1712139825802
773,0.373046875,3.796875,-1.099609375,-0.12520644037889672,37,1712139825802
775,0.71484375,3.66796875,-0.779296875,0.12520644037889672,18,1712139826002
775,0.482421875,3.775390625,-0.61328125,0.12520644037889672,18,1712139826002
778,0.71484375,3.685546875,-0.6953125,0.0,12,1712139826303
778,0.72265625,3.658203125,-0.978515625,0.0,16,1712139826303
778,0.73046875,3.693359375,-0.9921875,0.0,14,1712139826303
778,0.71484375,3.703125,-0.591796875,0.12520644037889672,22,1712139826303
778,0.72265625,3.705078125,-0.783203125,0.12520644037889672,31,1712139826303
778,0.609375,3.75390625,-0.83203125,0.12520644037889672,26,1712139826303
784,0.375,3.703125,-1.48828125,0.0,16,1712139826906
784,0.375,3.771484375,-1.302734375,0.12520644037889672,27,1712139826906
784,0.37890625,3.775390625,-1.408203125,0.12520644037889672,24,1712139826906
785,0.71484375,3.681640625,-0.708984375,0.0,15,1712139827006
785,0.6015625,3.72265625,-0.8046875,0.0,17,1712139827006
785,0.375,3.837890625,-1.09375,0.12520644037889672,25,1712139827006
785,0.37890625,3.84765625,-1.1953125,0.12520644037889672,25,1712139827006
785,0.25,3.900390625,-0.88671875,0.25041288075779344,29,1712139827006
785,0.37890625,3.892578125,-1.037109375,0.25041288075779344,30,1712139827006
785,0.72265625,3.634765625,-1.060546875,-0.25041288075779344,23,1712139827006
785,0.71484375,3.619140625,-0.98046875,-0.12520644037889672,28,1712139827006
785,0.84375,3.62109375,-1.0234375,-0.12520644037889672,34,1712139827006
785,0.609375,3.728515625,-0.9453125,-0.12520644037889672,20,1712139827006
786,0.708984375,3.69921875,-0.30859375,0.0,16,1712139827106
786,0.71484375,3.7265625,-0.4140625,0.0,38,1712139827106
786,0.72265625,3.759765625,-0.4609375,0.0,41,1712139827106
786,0.73046875,3.77734375,-0.603515625,0.0,24,1712139827106
786,0.4921875,3.865234375,-0.53515625,0.0,13,1712139827106
786,0.708984375,3.572265625,-1.01171875,-0.25041288075779344,20,1712139827106
786,0.8359375,3.580078125,-1.02734375,-0.25041288075779344,52,1712139827106
786,0.84375,3.615234375,-1.041015625,-0.25041288075779344,59,1712139827106
786,0.73046875,3.669921875,-1.080078125,-0.25041288075779344,35,1712139827106
786,0.826171875,3.62109375,-0.6953125,-0.12520644037889672,33,1712139827106
786,0.8359375,3.6484375,-0.75390625,-0.12520644037889672,77,1712139827106
786,0.72265625,3.71484375,-0.740234375,-0.12520644037889672,84,1712139827106
786,0.73046875,3.748046875,-0.765625,-0.12520644037889672,49,1712139827106
786,0.736328125,3.751953125,-0.916015625,-0.12520644037889672,26,1712139827106
786,0.62109375,3.82421875,-0.865234375,-0.12520644037889672,29,1712139827106
786,0.501953125,3.884765625,-0.84765625,-0.12520644037889672,24,1712139827106
787,0.71484375,3.6953125,-0.642578125,0.0,22,1712139827206
787,0.72265625,3.72265625,-0.701171875,0.0,21,1712139827206
787,0.71484375,3.65625,-0.830078125,-0.25041288075779344,20,1712139827206
787,0.84375,3.6484375,-0.916015625,-0.25041288075779344,19,1712139827206
787,0.708984375,3.611328125,-0.859375,-0.12520644037889672,21,1712139827206
787,0.71484375,3.6640625,-0.796875,-0.12520644037889672,41,1712139827206
787,0.72265625,3.70703125,-0.78125,-0.12520644037889672,37,1712139827206
787,0.609375,3.771484375,-0.75,-0.12520644037889672,16,1712139827206
788,0.6015625,3.728515625,-0.779296875,0.0,13,1712139827307
788,0.71484375,3.7265625,-0.421875,0.12520644037889672,35,1712139827307
788,0.72265625,3.763671875,-0.421875,0.12520644037889672,38,1712139827307
788,0.609375,3.810546875,-0.521484375,0.12520644037889672,28,1712139827307
788,0.4921875,3.857421875,-0.580078125,0.12520644037889672,18,1712139827307
788,0.6015625,3.8046875,-0.171875,0.25041288075779344,21,1712139827307
789,0.72265625,3.625,-1.095703125,0.0,13,1712139827407
789,0.609375,3.69140625,-1.078125,0.0,26,1712139827407
789,0.615234375,3.7734375,-0.923828125,0.0,68,1712139827407
789,0.744140625,3.791015625,-0.912109375,0.0,90,1712139827407
789,0.751953125,3.826171875,-0.9296875,0.0,62,1712139827407
789,0.6328125,3.849609375,-1.07421875,0.0,21,1712139827407
789,0.390625,3.90234375,-1.392578125,0.0,29,1712139827407
789,0.39453125,3.92578125,-1.435546875,0.0,28,1712139827407
789,0.708984375,3.65234375,-0.6640625,0.12520644037889672,21,1712139827407
789,0.71484375,3.6953125,-0.63671875,0.12520644037889672,44,1712139827407
789,0.72265625,3.724609375,-0.681640625,0.12520644037889672,48,1712139827407
789,0.609375,3.76953125,-0.763671875,0.12520644037889672,56,1712139827407
789,0.615234375,3.826171875,-0.671875,0.12520644037889672,128,1712139827407
789,0.62109375,3.873046875,-0.61328125,0.12520644037889672,170,1712139827407
789,0.501953125,3.931640625,-0.59765625,0.12520644037889672,126,1712139827407
789,0.505859375,3.95703125,-0.68359375,0.12520644037889672,59,1712139827407
789,0.3828125,4.001953125,-0.724609375,0.12520644037889672,29,1712139827407
789,0.38671875,4.021484375,-0.822265625,0.12520644037889672,35,1712139827407
789,0.390625,4.0,-1.076171875,0.12520644037889672,52,1712139827407
789,0.39453125,4.025390625,-1.126953125,0.12520644037889672,45,1712139827407
789,0.529296875,4.056640625,-1.103515625,0.12520644037889672,26,1712139827407
789,0.708984375,3.69140625,-0.38671875,0.25041288075779344,28,1712139827407
789,0.71484375,3.734375,-0.34375,0.25041288075779344,59,1712139827407
789,0.72265625,3.771484375,-0.337890625,0.25041288075779344,65,1712139827407
789,0.609375,3.822265625,-0.43359375,0.25041288075779344,51,1712139827407
789,0.615234375,3.86328125,-0.408203125,0.25041288075779344,78,1712139827407
789,0.62109375,3.90234375,-0.388671875,0.25041288075779344,100,1712139827407
789,0.501953125,3.9609375,-0.365234375,0.25041288075779344,71,1712139827407
789,0.37890625,3.9921875,-0.544921875,0.25041288075779344,34,1712139827407
789,0.71484375,3.75,0.015625,0.37561932113669017,24,1712139827407
789,0.6015625,3.80859375,0.0390625,0.37561932113669017,26,1712139827407
789,0.736328125,3.75390625,-0.912109375,-0.12520644037889672,21,1712139827407
789,0.62109375,3.802734375,-0.9609375,-0.12520644037889672,27,1712139827407
789,0.626953125,3.859375,-0.880859375,-0.12520644037889672,22,1712139827407
789,0.37890625,3.939453125,-0.83984375,-0.12520644037889672,25,1712139827407
789,-1.138671875,2.583984375,2.8984375,0.0,11,1712139827407
790,0.73046875,3.748046875,-0.765625,0.0,23,1712139827508
790,0.615234375,3.806640625,-0.771484375,0.0,48,1712139827508
790,0.62109375,3.841796875,-0.783203125,0.0,65,1712139827508
790,0.751953125,3.845703125,-0.849609375,0.0,46,1712139827508
790,0.615234375,3.841796875,-0.572265625,0.12520644037889672,84,1712139827508
790,0.62109375,3.876953125,-0.5859375,0.12520644037889672,128,1712139827508
790,0.626953125,3.908203125,-0.62890625,0.12520644037889672,103,1712139827508
790,0.6328125,3.923828125,-0.765625,0.12520644037889672,54,1712139827508
790,0.3828125,3.966796875,-0.896484375,0.12520644037889672,30,1712139827508
790,0.71484375,3.748046875,-0.123046875,0.25041288075779344,30,1712139827508
790,0.72265625,3.78125,-0.220703125,0.25041288075779344,54,1712139827508
790,0.73046875,3.81640625,-0.259765625,0.25041288075779344,39,1712139827508
790,0.615234375,3.85546875,-0.46875,0.25041288075779344,22,1712139827508
790,0.62109375,3.90625,-0.34765625,0.25041288075779344,68,1712139827508
790,0.626953125,3.93359375,-0.453125,0.25041288075779344,74,1712139827508
790,0.505859375,3.955078125,-0.685546875,0.25041288075779344,56,1712139827508
790,0.3828125,3.998046875,-0.75,0.25041288075779344,37,1712139827508
790,0.71484375,3.75,-0.005859375,0.37561932113669017,28,1712139827508
790,0.72265625,3.787109375,-0.060546875,0.37561932113669017,52,1712139827508
790,0.609375,3.841796875,-0.169921875,0.37561932113669017,49,1712139827508
790,0.4921875,3.888671875,-0.31640625,0.37561932113669017,25,1712139827508
790,0.51953125,4.037109375,-0.865234375,-0.12520644037889672,33,1712139827508
791,0.609375,3.787109375,-0.669921875,0.0,16,1712139827609
791,0.615234375,3.796875,-0.814453125,0.0,31,1712139827609
791,0.62109375,3.814453125,-0.908203125,0.0,39,1712139827609
791,0.501953125,3.890625,-0.826171875,0.0,21,1712139827609
791,0.609375,3.8203125,-0.443359375,0.12520644037889672,31,1712139827609
791,0.615234375,3.8359375,-0.609375,0.12520644037889672,79,1712139827609
791,0.62109375,3.875,-0.607421875,0.12520644037889672,109,1712139827609
791,0.501953125,3.93359375,-0.591796875,0.12520644037889672,66,1712139827609
791,0.609375,3.841796875,-0.1796875,0.25041288075779344,22,1712139827609
791,0.4921875,3.88671875,-0.34375,0.25041288075779344,67,1712139827609
791,0.49609375,3.923828125,-0.34765625,0.25041288075779344,104,1712139827609
791,0.626953125,3.943359375,-0.34765625,0.25041288075779344,73,1712139827609
791,0.505859375,4.001953125,-0.318359375,0.25041288075779344,27,1712139827609
791,0.49609375,3.9375,-0.111328125,0.37561932113669017,37,1712139827609
791,0.501953125,3.970703125,-0.232421875,0.37561932113669017,29,1712139827609
791,0.509765625,3.900390625,-1.099609375,-0.7512386422733803,39,1712139827609
791,0.38671875,3.95703125,-1.095703125,-0.7512386422733803,40,1712139827609
791,0.505859375,3.91015625,-0.912109375,-0.6260322018944836,21,1712139827609
791,0.3828125,3.98046875,-0.833984375,-0.6260322018944836,38,1712139827609
791,0.38671875,4.001953125,-0.9140625,-0.6260322018944836,39,1712139827609
791,0.259765625,3.986328125,-1.166015625,-0.6260322018944836,20,1712139827609
791,0.6328125,3.8984375,-0.884765625,-0.5008257615155869,22,1712139827609
791,0.650390625,3.974609375,-1.046875,-0.5008257615155869,30,1712139827609
791,0.525390625,4.044921875,-1.0,-0.5008257615155869,28,1712139827609
791,0.751953125,3.876953125,-0.69140625,-0.37561932113669017,17,1712139827609
791,0.6328125,3.89453125,-0.89453125,-0.37561932113669017,33,1712139827609
791,0.638671875,3.89453125,-1.052734375,-0.37561932113669017,36,1712139827609
791,0.515625,3.97265625,-0.974609375,-0.37561932113669017,28,1712139827609
791,0.51953125,4.05859375,-0.759765625,-0.37561932113669017,45,1712139827609
791,0.525390625,4.099609375,-0.748046875,-0.37561932113669017,41,1712139827609
791,0.396484375,4.15625,-0.7265625,-0.37561932113669017,24,1712139827609
791,0.7578125,3.912109375,-0.70703125,-0.25041288075779344,26,1712139827609
791,0.638671875,3.966796875,-0.734375,-0.25041288075779344,33,1712139827609
791,0.51953125,4.09375,-0.52734375,-0.25041288075779344,20,1712139827609
792,0.73046875,3.82421875,-0.03125,0.0,14,1712139827708
792,0.744140625,3.900390625,0.001953125,0.0,13,1712139827708
792,0.751953125,3.93359375,-0.162109375,0.0,18,1712139827708
792,0.51953125,4.029296875,-0.8984375,0.0,28,1712139827708
792,0.501953125,3.82421875,-1.09375,-0.7512386422733803,34,1712139827708
792,0.37890625,3.857421875,-1.162109375,-0.7512386422733803,41,1712139827708
792,0.3828125,3.87890625,-1.220703125,-0.7512386422733803,24,1712139827708
792,0.501953125,3.865234375,-0.9375,-0.6260322018944836,56,1712139827708
792,0.37890625,3.890625,-1.048828125,-0.6260322018944836,75,1712139827708
792,0.509765625,3.8984375,-1.111328125,-0.6260322018944836,48,1712139827708
792,0.375,3.9140625,-0.775390625,-0.5008257615155869,33,1712139827708
792,0.37890625,3.939453125,-0.84375,-0.5008257615155869,55,1712139827708
792,0.255859375,3.990234375,-0.83203125,-0.5008257615155869,38,1712139827708
792,0.6328125,3.869140625,-1.001953125,-0.37561932113669017,35,1712139827708
792,0.509765625,3.953125,-0.896484375,-0.37561932113669017,45,1712139827708
792,0.64453125,3.947265625,-1.001953125,-0.37561932113669017,67,1712139827708
792,0.650390625,3.96875,-1.0703125,-0.37561932113669017,66,1712139827708
792,0.525390625,3.98828125,-1.205078125,-0.37561932113669017,32,1712139827708
792,0.869140625,3.837890625,-0.53125,-0.25041288075779344,27,1712139827708
792,0.751953125,3.8828125,-0.65234375,-0.25041288075779344,40,1712139827708
792,0.6328125,3.94921875,-0.611328125,-0.25041288075779344,41,1712139827708
792,0.3828125,4.037109375,-0.490234375,-0.25041288075779344,34,1712139827708
792,0.64453125,3.9921875,-0.802734375,-0.25041288075779344,54,1712139827708
792,0.650390625,4.009765625,-0.900390625,-0.25041288075779344,68,1712139827708
792,0.73046875,3.8203125,-0.177734375,-0.12520644037889672,24,1712139827708
792,0.744140625,3.896484375,-0.162109375,-0.12520644037889672,31,1712139827708
792,0.751953125,3.931640625,-0.21484375,-0.12520644037889672,41,1712139827708
792,0.7578125,3.97265625,-0.126953125,-0.12520644037889672,30,1712139827708
792,0.51953125,4.0234375,-0.923828125,-0.12520644037889672,58,1712139827708
793,0.373046875,3.849609375,-0.89453125,0.25041288075779344,22,1712139827809
793,0.25,3.87109375,-1.0078125,0.25041288075779344,26,1712139827809
793,0.8515625,3.681640625,-0.9375,-0.7512386422733803,26,1712139827809
793,0.736328125,3.716796875,-1.0546875,-0.7512386422733803,28,1712139827809
793,0.736328125,3.794921875,-0.720703125,-0.6260322018944836,20,1712139827809
793,0.884765625,3.771484375,-1.171875,-0.5008257615155869,26,1712139827809
793,0.765625,3.919921875,-0.853515625,-0.5008257615155869,35,1712139827809
793,0.6328125,3.837890625,-1.1171875,-0.37561932113669017,36,1712139827809
793,0.638671875,3.904296875,-1.015625,-0.37561932113669017,35,1712139827809
793,0.609375,3.83984375,-0.212890625,-0.25041288075779344,25,1712139827809
794,0.71484375,3.69140625,-0.658203125,-0.7512386422733803,22,1712139827909
794,0.72265625,3.677734375,-0.90625,-0.7512386422733803,42,1712139827909
794,0.73046875,3.69921875,-0.9765625,-0.7512386422733803,55,1712139827909
794,0.736328125,3.71875,-1.046875,-0.7512386422733803,42,1712139827909
794,0.708984375,3.705078125,-0.248046875,-0.6260322018944836,27,1712139827909
794,0.71484375,3.728515625,-0.400390625,-0.6260322018944836,64,1712139827909
794,0.84375,3.71875,-0.578125,-0.6260322018944836,112,1712139827909
794,0.73046875,3.771484375,-0.638671875,-0.6260322018944836,150,1712139827909
794,0.736328125,3.818359375,-0.580078125,-0.6260322018944836,111,1712139827909
794,0.62109375,3.908203125,-0.326171875,-0.6260322018944836,28,1712139827909
794,0.58984375,3.732421875,0.0703125,-0.5008257615155869,25,1712139827909
794,0.71484375,3.75,-0.07421875,-0.5008257615155869,57,1712139827909
794,0.84375,3.7578125,-0.203125,-0.5008257615155869,92,1712139827909
794,0.73046875,3.814453125,-0.287109375,-0.5008257615155869,119,1712139827909
794,0.736328125,3.861328125,-0.07421875,-0.5008257615155869,79,1712139827909
794,0.49609375,3.896484375,-0.580078125,-0.5008257615155869,42,1712139827909
794,0.626953125,3.8671875,-0.845703125,-0.5008257615155869,75,1712139827909
794,0.609375,3.8203125,0.44921875,-0.37561932113669017,22,1712139827909
794,0.49609375,3.900390625,-0.552734375,-0.37561932113669017,31,1712139827909
794,0.501953125,3.8984375,-0.791015625,-0.37561932113669017,52,1712139827909
794,0.505859375,3.880859375,-1.025390625,-0.37561932113669017,54,1712139827909
794,0.3828125,3.94140625,-1.0,-0.37561932113669017,45,1712139827909
794,0.37890625,3.947265625,-0.8046875,-0.25041288075779344,48,1712139827909
794,0.3828125,3.998046875,-0.740234375,-0.25041288075779344,49,1712139827909
794,0.38671875,4.037109375,-0.744140625,-0.25041288075779344,29,1712139827909
794,0.251953125,4.0078125,-0.505859375,-0.12520644037889672,21,1712139827909
794,0.3828125,4.037109375,-0.49609375,-0.12520644037889672,23,1712139827909
794,2.853515625,0.0,3.564453125,-0.6260322018944836,15,1712139827909
795,0.4921875,3.759765625,-1.041015625,-1.0016515230311738,21,1712139828009
795,0.701171875,3.666015625,-0.265625,-0.876445082652277,27,1712139828009
795,0.708984375,3.689453125,-0.40625,-0.876445082652277,37,1712139828009
795,0.71484375,3.70703125,-0.572265625,-0.876445082652277,40,1712139828009
795,0.72265625,3.740234375,-0.599609375,-0.876445082652277,46,1712139828009
795,0.73046875,3.748046875,-0.767578125,-0.876445082652277,61,1712139828009
795,0.615234375,3.78125,-0.88671875,-0.876445082652277,83,1712139828009
795,0.62109375,3.79296875,-0.9921875,-0.876445082652277,69,1712139828009
795,0.626953125,3.7890625,-1.146484375,-0.876445082652277,31,1712139828009
795,0.693359375,3.63671875,0.076171875,-0.7512386422733803,25,1712139828009
795,0.583984375,3.693359375,-0.109375,-0.7512386422733803,72,1712139828009
795,0.708984375,3.701171875,-0.27734375,-0.7512386422733803,113,1712139828009
795,0.71484375,3.71875,-0.490234375,-0.7512386422733803,137,1712139828009
795,0.6015625,3.775390625,-0.5,-0.7512386422733803,150,1712139828009
795,0.609375,3.818359375,-0.4609375,-0.7512386422733803,124,1712139828009
795,0.615234375,3.833984375,-0.625,-0.7512386422733803,105,1712139828009
795,0.62109375,3.845703125,-0.763671875,-0.7512386422733803,87,1712139828009
795,0.693359375,3.6328125,0.18359375,-0.6260322018944836,21,1712139828009
795,0.583984375,3.6953125,0.046875,-0.6260322018944836,60,1712139828009
795,0.708984375,3.708984375,-0.15234375,-0.6260322018944836,101,1712139828009
795,0.71484375,3.73828125,-0.294921875,-0.6260322018944836,135,1712139828009
795,0.6015625,3.796875,-0.30859375,-0.6260322018944836,154,1712139828009
795,0.609375,3.837890625,-0.2578125,-0.6260322018944836,113,1712139828009
795,0.615234375,3.880859375,-0.1484375,-0.6260322018944836,46,1712139828009
795,0.58984375,3.71875,-0.330078125,-0.5008257615155869,27,1712139828009
795,0.595703125,3.76171875,-0.259765625,-0.5008257615155869,40,1712139828009
795,0.6015625,3.8046875,-0.146484375,-0.5008257615155869,49,1712139828009
795,0.486328125,3.86328125,-0.072265625,-0.5008257615155869,37,1712139828009
795,0.501953125,3.84765625,-1.005859375,-0.5008257615155869,53,1712139828009
795,0.37890625,3.92578125,-0.90625,-0.5008257615155869,68,1712139828009
795,0.501953125,3.87890625,-0.876953125,-0.37561932113669017,34,1712139828009
795,0.37890625,3.955078125,-0.763671875,-0.37561932113669017,44,1712139828009
795,0.3828125,4.03125,-0.53515625,-0.37561932113669017,29,1712139828009
796,0.3515625,3.62890625,0.84375,0.0,19,1712139828110
796,0.47265625,3.66015625,0.814453125,0.0,23,1712139828110
796,0.4765625,3.748046875,0.54296875,0.0,16,1712139828110
796,0.578125,3.486328125,-1.10546875,-1.0016515230311738,19,1712139828110
796,0.701171875,3.53515625,-1.001953125,-1.0016515230311738,51,1712139828110
796,0.708984375,3.58203125,-0.974609375,-1.0016515230311738,64,1712139828110
796,0.71484375,3.64453125,-0.880859375,-1.0016515230311738,46,1712139828110
796,0.482421875,3.720703125,-0.88671875,-1.0016515230311738,35,1712139828110
796,0.486328125,3.73828125,-0.97265625,-1.0016515230311738,27,1712139828110
796,0.6875,3.5703125,-0.458984375,-0.876445082652277,21,1712139828110
796,0.693359375,3.54296875,-0.826171875,-0.876445082652277,91,1712139828110
796,0.701171875,3.587890625,-0.798828125,-0.876445082652277,255,1712139828110
796,0.708984375,3.634765625,-0.75390625,-0.876445082652277,321,1712139828110
796,0.71484375,3.689453125,-0.67578125,-0.876445082652277,196,1712139828110
796,0.6015625,3.765625,-0.564453125,-0.876445082652277,55,1712139828110
796,0.572265625,3.619140625,-0.0078125,-0.7512386422733803,36,1712139828110
796,0.693359375,3.58984375,-0.583984375,-0.7512386422733803,81,1712139828110
796,0.701171875,3.630859375,-0.5703125,-0.7512386422733803,278,1712139828110
796,0.58984375,3.69921875,-0.50390625,-0.7512386422733803,365,1712139828110
796,0.71484375,3.71875,-0.490234375,-0.7512386422733803,227,1712139828110
796,0.6015625,3.7890625,-0.390625,-0.7512386422733803,62,1712139828110
796,0.583984375,3.6875,-0.244140625,-0.6260322018944836,67,1712139828110
796,0.58984375,3.7265625,-0.20703125,-0.6260322018944836,109,1712139828110
796,0.595703125,3.767578125,-0.16796875,-0.6260322018944836,75,1712139828110
796,0.578125,3.59765625,-0.654296875,-0.5008257615155869,23,1712139828110
796,0.583984375,3.634765625,-0.6640625,-0.5008257615155869,31,1712139828110
796,0.47265625,3.697265625,-0.62890625,-0.5008257615155869,21,1712139828110
796,-0.84375,1.953125,3.21484375,-0.876445082652277,28,1712139828110
796,-0.84375,1.869140625,3.265625,-0.7512386422733803,35,1712139828110
797,-0.240234375,2.435546875,2.978515625,0.876445082652277,19,1712139828210
797,-0.244140625,2.52734375,2.951171875,0.876445082652277,28,1712139828210
797,-0.24609375,2.662109375,2.884765625,0.876445082652277,23,1712139828210
797,0.361328125,3.740234375,-0.86328125,-1.0016515230311738,29,1712139828210
797,0.12109375,3.82421875,-0.71875,-1.0016515230311738,22,1712139828210
797,0.6796875,3.43359375,-0.94921875,-0.876445082652277,28,1712139828210
797,0.572265625,3.498046875,-0.9296875,-0.876445082652277,73,1712139828210
797,0.578125,3.541015625,-0.919921875,-0.876445082652277,87,1712139828210
797,0.583984375,3.546875,-1.0390625,-0.876445082652277,64,1712139828210
797,0.58984375,3.5234375,-1.23046875,-0.876445082652277,52,1712139828210
797,0.4765625,3.6015625,-1.17578125,-0.876445082652277,39,1712139828210
797,0.361328125,3.70703125,-0.994140625,-0.876445082652277,28,1712139828210
797,0.560546875,3.53125,-0.302734375,-0.7512386422733803,20,1712139828210
797,0.6796875,3.482421875,-0.748046875,-0.7512386422733803,87,1712139828210
797,0.6875,3.52734375,-0.724609375,-0.7512386422733803,211,1712139828210
797,0.693359375,3.564453125,-0.720703125,-0.7512386422733803,239,1712139828210
797,0.583984375,3.619140625,-0.744140625,-0.7512386422733803,125,1712139828210
797,0.353515625,3.603515625,-1.08203125,-0.7512386422733803,42,1712139828210
797,0.357421875,3.583984375,-1.263671875,-0.7512386422733803,31,1712139828210
797,0.560546875,3.5390625,-0.1796875,-0.6260322018944836,25,1712139828210
797,0.56640625,3.560546875,-0.39453125,-0.6260322018944836,91,1712139828210
797,0.572265625,3.58984375,-0.462890625,-0.6260322018944836,192,1712139828210
797,0.578125,3.630859375,-0.447265625,-0.6260322018944836,194,1712139828210
797,0.583984375,3.6796875,-0.345703125,-0.6260322018944836,76,1712139828210
797,0.56640625,3.58203125,-0.072265625,-0.5008257615155869,36,1712139828210
797,0.572265625,3.6171875,-0.119140625,-0.5008257615155869,52,1712139828210
797,0.578125,3.654296875,0.146484375,-0.5008257615155869,30,1712139828210
797,0.47265625,3.66015625,-0.814453125,-0.5008257615155869,35,1712139828210
797,0.3515625,3.677734375,-0.58984375,-0.37561932113669017,19,1712139828210
797,1.205078125,3.50390625,-1.068359375,0.876445082652277,11,1712139828210
797,1.216796875,3.548828125,-1.044921875,0.876445082652277,17,1712139828210
797,1.228515625,3.5546875,-1.14453125,0.876445082652277,14,1712139828210
797,-1.0625,2.08984375,2.96484375,-0.7512386422733803,23,1712139828210
798,-0.236328125,2.69921875,2.634765625,0.6260322018944836,21,1712139828311
798,-0.234375,2.70703125,2.5703125,0.7512386422733803,21,1712139828311
798,-0.236328125,2.5625,2.767578125,0.7512386422733803,32,1712139828311
798,-0.357421875,2.548828125,2.8203125,0.7512386422733803,25,1712139828311
798,-0.47265625,1.974609375,3.1875,0.876445082652277,18,1712139828311
798,-0.357421875,2.162109375,3.126953125,0.876445082652277,18,1712139828311
798,0.693359375,3.541015625,-0.83203125,-1.0016515230311738,33,1712139828311
798,0.818359375,3.572265625,-0.75390625,-1.0016515230311738,33,1712139828311
798,0.4765625,3.626953125,-1.08984375,-1.0016515230311738,32,1712139828311
798,0.361328125,3.69921875,-1.02734375,-1.0016515230311738,26,1712139828311
798,0.5546875,3.41796875,-0.78515625,-0.876445082652277,22,1712139828311
798,0.560546875,3.4140625,-0.955078125,-0.876445082652277,36,1712139828311
798,0.56640625,3.423828125,-1.05078125,-0.876445082652277,31,1712139828311
798,0.357421875,3.681640625,-0.94140625,-0.876445082652277,49,1712139828311
798,0.482421875,3.71875,-0.8984375,-0.876445082652277,44,1712139828311
798,0.365234375,3.828125,-0.619140625,-0.876445082652277,17,1712139828311
798,0.5546875,3.43359375,-0.712890625,-0.7512386422733803,33,1712139828311
798,0.560546875,3.439453125,-0.857421875,-0.7512386422733803,84,1712139828311
798,0.56640625,3.470703125,-0.884765625,-0.7512386422733803,111,1712139828311
798,0.572265625,3.521484375,-0.833984375,-0.7512386422733803,74,1712139828311
798,0.462890625,3.59375,-0.765625,-0.7512386422733803,21,1712139828311
798,0.560546875,3.416015625,-0.947265625,-0.6260322018944836,71,1712139828311
798,0.56640625,3.509765625,-0.71875,-0.6260322018944836,151,1712139828311
798,0.572265625,3.580078125,-0.53125,-0.6260322018944836,115,1712139828311
798,0.34765625,3.66796875,-0.369140625,-0.6260322018944836,30,1712139828311
798,0.583984375,3.556640625,-1.0,-0.6260322018944836,57,1712139828311
798,0.66796875,4.1796875,-0.611328125,-0.6260322018944836,43,1712139828311
798,0.673828125,4.16796875,-0.88671875,-0.6260322018944836,50,1712139828311
798,0.548828125,3.46875,-0.04296875,-0.5008257615155869,31,1712139828311
798,0.5546875,3.505859375,0.0546875,-0.5008257615155869,57,1712139828311
798,0.3359375,3.37890625,1.16015625,-0.5008257615155869,20,1712139828311
798,0.56640625,3.521484375,-0.66015625,-0.5008257615155869,56,1712139828311
798,0.458984375,3.63671875,0.02734375,-0.5008257615155869,43,1712139828311
798,0.810546875,3.357421875,-1.333984375,-0.5008257615155869,34,1712139828311
798,0.583984375,3.58984375,-0.87890625,-0.5008257615155869,57,1712139828311
798,0.5546875,3.498046875,0.25390625,-0.37561932113669017,40,1712139828311
798,0.44921875,3.55078125,0.251953125,-0.37561932113669017,41,1712139828311
798,0.6875,3.556640625,-0.55859375,-0.37561932113669017,22,1712139828311
798,0.578125,3.591796875,-0.6875,-0.37561932113669017,34,1712139828311
798,1.0625,3.5078125,-0.92578125,0.6260322018944836,11,1712139828311
798,1.169921875,3.40625,-1.013671875,0.7512386422733803,12,1712139828311
798,1.181640625,3.47265625,-0.91015625,0.7512386422733803,18,1712139828311
798,1.193359375,3.48828125,-0.994140625,0.7512386422733803,15,1712139828311
798,0.9453125,3.66015625,0.029296875,0.876445082652277,14,1712139828311
798,1.3125,3.560546875,-0.41015625,0.876445082652277,12,1712139828311
798,-1.095703125,2.390625,2.87109375,-0.876445082652277,9,1712139828311
799,0.6796875,3.35546875,-1.193359375,-1.0016515230311738,35,1712139828411
799,0.6875,3.365234375,-1.279296875,-1.0016515230311738,33,1712139828411
799,0.560546875,3.4375,-0.8671875,-0.876445082652277,30,1712139828411
799,0.6796875,3.41796875,-1.005859375,-0.876445082652277,56,1712139828411
799,0.6875,3.435546875,-1.076171875,-0.876445082652277,57,1712139828411
799,0.578125,3.501953125,-1.0546875,-0.876445082652277,40,1712139828411
799,0.466796875,3.587890625,-0.951171875,-0.876445082652277,30,1712139828411
799,0.236328125,3.6484375,-0.955078125,-0.876445082652277,24,1712139828411
799,0.658203125,3.287109375,-1.046875,-0.7512386422733803,26,1712139828411
799,0.666015625,3.3203125,-1.064453125,-0.7512386422733803,36,1712139828411
799,0.560546875,3.4140625,-0.955078125,-0.7512386422733803,41,1712139828411
799,0.56640625,3.451171875,-0.958984375,-0.7512386422733803,58,1712139828411
799,0.572265625,3.49609375,-0.935546875,-0.7512386422733803,65,1712139828411
799,0.462890625,3.564453125,-0.88671875,-0.7512386422733803,47,1712139828411
799,0.3515625,3.650390625,-0.73828125,-0.7512386422733803,32,1712139828411
799,0.353515625,3.69921875,-0.6875,-0.7512386422733803,25,1712139828411
799,0.65234375,3.357421875,-0.609375,-0.6260322018944836,41,1712139828411
799,0.548828125,3.404296875,-0.6640625,-0.6260322018944836,92,1712139828411
799,0.5546875,3.419921875,-0.775390625,-0.6260322018944836,120,1712139828411
799,0.560546875,3.427734375,-0.8984375,-0.6260322018944836,100,1712139828411
799,0.453125,3.486328125,-0.888671875,-0.6260322018944836,82,1712139828411
799,0.572265625,3.521484375,-0.837890625,-0.6260322018944836,93,1712139828411
799,0.462890625,3.58984375,-0.783203125,-0.6260322018944836,64,1712139828411
799,0.54296875,3.42578125,-0.189453125,-0.5008257615155869,55,1712139828411
799,0.548828125,3.45703125,-0.296875,-0.5008257615155869,115,1712139828411
799,0.5546875,3.4765625,-0.45703125,-0.5008257615155869,136,1712139828411
799,0.560546875,3.4765625,-0.689453125,-0.5008257615155869,91,1712139828411
799,0.453125,3.517578125,-0.76171875,-0.5008257615155869,47,1712139828411
799,0.458984375,3.607421875,-0.458984375,-0.5008257615155869,68,1712139828411
799,0.578125,3.62109375,-0.51953125,-0.5008257615155869,54,1712139828411
799,0.54296875,3.42578125,0.185546875,-0.37561932113669017,27,1712139828411
799,0.548828125,3.46875,0.0703125,-0.37561932113669017,51,1712139828411
799,0.5546875,3.505859375,-0.041015625,-0.37561932113669017,54,1712139828411
799,0.44921875,3.54296875,-0.34375,-0.37561932113669017,29,1712139828411
800,0.54296875,3.18359375,-1.279296875,-0.7512386422733803,24,1712139828511
800,0.548828125,3.3671875,-0.833984375,-0.7512386422733803,77,1712139828511
800,0.5546875,3.43359375,-0.712890625,-0.7512386422733803,88,1712139828511
800,0.560546875,3.4765625,-0.6875,-0.7512386422733803,51,1712139828511
800,0.33984375,3.322265625,-1.416015625,-0.7512386422733803,30,1712139828511
800,0.34375,3.486328125,-1.07421875,-0.7512386422733803,46,1712139828511
800,0.34765625,3.576171875,-0.8984375,-0.7512386422733803,45,1712139828511
800,0.234375,3.64453125,-0.8125,-0.7512386422733803,23,1712139828511
800,0.537109375,3.236328125,1.0234375,-0.6260322018944836,25,1712139828511
800,0.65234375,3.205078125,-1.169921875,-0.6260322018944836,65,1712139828511
800,0.548828125,3.404296875,-0.6640625,-0.6260322018944836,183,1712139828511
800,0.5546875,3.466796875,-0.529296875,-0.6260322018944836,191,1712139828511
800,0.44921875,3.53515625,-0.42578125,-0.6260322018944836,75,1712139828511
800,0.33984375,3.421875,-1.150390625,-0.6260322018944836,63,1712139828511
800,0.34375,3.541015625,-0.876953125,-0.6260322018944836,69,1712139828511
800,0.34765625,3.638671875,-0.587890625,-0.6260322018944836,42,1712139828511
800,0.65234375,3.236328125,-1.080078125,-0.5008257615155869,60,1712139828511
800,0.548828125,3.423828125,-0.556640625,-0.5008257615155869,136,1712139828511
800,0.5546875,3.47265625,-0.482421875,-0.5008257615155869,123,1712139828511
800,0.33984375,3.537109375,-0.728515625,-0.5008257615155869,76,1712139828511
800,0.34375,3.572265625,-0.7421875,-0.5008257615155869,60,1712139828511
800,0.54296875,3.28515625,-0.994140625,-0.37561932113669017,19,1712139828511
800,0.658203125,3.33203125,-0.896484375,-0.37561932113669017,30,1712139828511
800,0.666015625,3.37109375,-0.89453125,-0.37561932113669017,38,1712139828511
800,0.560546875,3.544921875,0.037109375,-0.37561932113669017,28,1712139828511
800,0.2265625,3.603515625,-0.33203125,-0.37561932113669017,36,1712139828511
800,-0.896484375,1.96875,2.86328125,-0.6260322018944836,38,1712139828511
801,0.63671875,3.314453125,-0.3984375,-0.7512386422733803,23,1712139828612
801,0.64453125,3.31640625,-0.626953125,-0.7512386422733803,26,1712139828612
801,0.439453125,3.388671875,-0.810546875,-0.7512386422733803,42,1712139828612
801,0.443359375,3.38671875,-0.96484375,-0.7512386422733803,60,1712139828612
801,0.3359375,3.39453125,-1.111328125,-0.7512386422733803,40,1712139828612
801,0.630859375,3.29296875,-0.21875,-0.6260322018944836,44,1712139828612
801,0.53125,3.33203125,-0.392578125,-0.6260322018944836,113,1712139828612
801,0.64453125,3.318359375,-0.615234375,-0.6260322018944836,165,1712139828612
801,0.65234375,3.32421875,-0.771484375,-0.6260322018944836,144,1712139828612
801,0.548828125,3.37890625,-0.78515625,-0.6260322018944836,73,1712139828612
801,0.443359375,3.447265625,-0.728515625,-0.6260322018944836,77,1712139828612
801,0.3359375,3.470703125,-0.84765625,-0.6260322018944836,51,1712139828612
801,0.630859375,3.294921875,-0.16796875,-0.5008257615155869,53,1712139828612
801,0.53125,3.33984375,-0.318359375,-0.5008257615155869,139,1712139828612
801,0.537109375,3.361328125,-0.46875,-0.5008257615155869,228,1712139828612
801,0.65234375,3.373046875,-0.51953125,-0.5008257615155869,221,1712139828612
801,0.548828125,3.4375,-0.462890625,-0.5008257615155869,114,1712139828612
801,0.443359375,3.48046875,-0.537109375,-0.5008257615155869,60,1712139828612
801,0.53125,3.345703125,-0.25,-0.37561932113669017,55,1712139828612
801,0.64453125,3.361328125,-0.30859375,-0.37561932113669017,96,1712139828612
801,0.54296875,3.419921875,-0.283203125,-0.37561932113669017,97,1712139828612
801,0.548828125,3.46875,-0.072265625,-0.37561932113669017,47,1712139828612
801,0.5546875,3.447265625,-0.642578125,-0.37561932113669017,33,1712139828612
802,0.658203125,3.279296875,-1.0703125,-0.876445082652277,20,1712139828713
802,0.53125,3.224609375,-0.9296875,-0.7512386422733803,23,1712139828713
802,0.64453125,3.267578125,-0.841796875,-0.7512386422733803,34,1712139828713
802,0.65234375,3.330078125,-0.74609375,-0.7512386422733803,38,1712139828713
802,0.548828125,3.392578125,-0.72265625,-0.7512386422733803,30,1712139828713
802,0.525390625,3.255859375,-0.640625,-0.6260322018944836,25,1712139828713
802,0.53125,3.287109375,-0.673828125,-0.6260322018944836,85,1712139828713
802,0.537109375,3.33203125,-0.64453125,-0.6260322018944836,102,1712139828713
802,0.54296875,3.380859375,-0.583984375,-0.6260322018944836,60,1712139828713
802,0.623046875,3.259765625,-0.138671875,-0.5008257615155869,45,1712139828713
802,0.630859375,3.29296875,-0.2109375,-0.5008257615155869,64,1712139828713
802,0.53125,3.337890625,-0.34375,-0.5008257615155869,84,1712139828713
802,0.4296875,3.39453125,-0.306640625,-0.5008257615155869,76,1712139828713
802,0.326171875,3.458984375,-0.03125,-0.5008257615155869,32,1712139828713
802,0.5546875,3.427734375,-0.7421875,-0.5008257615155869,30,1712139828713
802,0.560546875,3.462890625,-0.759765625,-0.5008257615155869,28,1712139828713
802,0.51953125,3.279296875,0.099609375,-0.37561932113669017,50,1712139828713
802,0.630859375,3.298828125,0.029296875,-0.37561932113669017,78,1712139828713
802,0.423828125,3.37109375,0.02734375,-0.37561932113669017,64,1712139828713
802,0.322265625,3.419921875,-0.09375,-0.37561932113669017,29,1712139828713
802,0.767578125,3.419921875,-0.232421875,-0.37561932113669017,29,1712139828713
802,0.5546875,3.486328125,-0.376953125,-0.37561932113669017,27,1712139828713
802,0.44921875,3.533203125,-0.435546875,-0.37561932113669017,21,1712139828713
802,0.525390625,3.3125,0.189453125,-0.25041288075779344,29,1712139828713
802,0.423828125,3.365234375,0.185546875,-0.25041288075779344,24,1712139828713
803,0.7265625,3.068359375,-1.044921875,-0.7512386422733803,20,1712139828813
803,0.423828125,3.169921875,-1.1484375,-0.7512386422733803,53,1712139828813
803,0.537109375,3.1875,-1.166015625,-0.7512386422733803,55,1712139828813
803,0.43359375,3.224609375,-1.21875,-0.7512386422733803,26,1712139828813
803,0.609375,3.1015625,-0.734375,-0.6260322018944836,19,1712139828813
803,0.615234375,3.12109375,-0.814453125,-0.6260322018944836,54,1712139828813
803,0.7265625,3.12890625,-0.84375,-0.6260322018944836,62,1712139828813
803,0.525390625,3.162109375,-1.00390625,-0.6260322018944836,39,1712139828813
803,0.53125,3.220703125,-0.94140625,-0.6260322018944836,109,1712139828813
803,0.4296875,3.267578125,-0.974609375,-0.6260322018944836,103,1712139828813
803,0.43359375,3.30859375,-0.96875,-0.6260322018944836,39,1712139828813
803,0.615234375,3.173828125,-0.5703125,-0.5008257615155869,60,1712139828813
803,0.623046875,3.212890625,-0.56640625,-0.5008257615155869,80,1712139828813
803,0.630859375,3.24609375,-0.59375,-0.5008257615155869,69,1712139828813
803,0.53125,3.28125,-0.70703125,-0.5008257615155869,90,1712139828813
803,0.4296875,3.333984375,-0.7109375,-0.5008257615155869,76,1712139828813
803,0.615234375,3.21875,-0.212890625,-0.37561932113669017,47,1712139828813
803,0.51953125,3.275390625,-0.1953125,-0.37561932113669017,79,1712139828813
803,0.525390625,3.3046875,-0.29296875,-0.37561932113669017,76,1712139828813
803,0.423828125,3.341796875,-0.447265625,-0.37561932113669017,44,1712139828813
803,0.513671875,3.2421875,-0.064453125,-0.25041288075779344,31,1712139828813
803,0.623046875,3.26171875,-0.017578125,-0.25041288075779344,50,1712139828813
803,0.525390625,3.318359375,-0.072265625,-0.25041288075779344,42,1712139828813
803,-0.869140625,2.43359375,2.322265625,-0.6260322018944836,20,1712139828813
804,0.513671875,3.2265625,0.326171875,0.0,17,1712139828914
804,0.51953125,3.28125,0.0390625,0.0,28,1712139828914
804,0.525390625,3.31640625,-0.12109375,0.0,29,1712139828914
804,0.423828125,3.36328125,-0.2421875,0.0,20,1712139828914
804,0.615234375,3.12890625,-0.779296875,-0.6260322018944836,24,1712139828914
804,0.51953125,3.17578125,-0.82421875,-0.6260322018944836,36,1712139828914
804,0.525390625,3.197265625,-0.88671875,-0.6260322018944836,36,1712139828914
804,0.423828125,3.23828125,-0.93359375,-0.6260322018944836,22,1712139828914
804,0.609375,2.939453125,-1.232421875,-0.5008257615155869,30,1712139828914
804,0.615234375,3.001953125,-1.17578125,-0.5008257615155869,59,1712139828914
804,0.623046875,3.1328125,-0.912109375,-0.5008257615155869,125,1712139828914
804,0.630859375,3.19140625,-0.841796875,-0.5008257615155869,161,1712139828914
804,0.53125,3.25390625,-0.8203125,-0.5008257615155869,110,1712139828914
804,0.537109375,3.306640625,-0.765625,-0.5008257615155869,44,1712139828914
804,0.609375,3.154296875,-0.462890625,-0.37561932113669017,75,1712139828914
804,0.615234375,3.1328125,-0.76171875,-0.37561932113669017,133,1712139828914
804,0.623046875,3.146484375,-0.86328125,-0.37561932113669017,181,1712139828914
804,0.525390625,3.25,-0.66796875,-0.37561932113669017,221,1712139828914
804,0.423828125,3.32421875,-0.556640625,-0.37561932113669017,156,1712139828914
804,0.4296875,3.37890625,-0.447265625,-0.37561932113669017,66,1712139828914
804,0.609375,3.1875,-0.060546875,-0.25041288075779344,58,1712139828914
804,0.615234375,3.21484375,-0.248046875,-0.25041288075779344,110,1712139828914
804,0.51953125,3.232421875,-0.55859375,-0.25041288075779344,117,1712139828914
804,0.525390625,3.271484375,-0.55859375,-0.25041288075779344,112,1712139828914
804,0.53125,3.330078125,-0.41796875,-0.25041288075779344,82,1712139828914
804,0.4296875,3.408203125,-0.1015625,-0.25041288075779344,38,1712139828914
805,0.615234375,3.2109375,0.302734375,0.0,23,1712139829013
805,0.623046875,3.26171875,0.025390625,0.0,24,1712139829013
805,0.701171875,2.8515625,-1.291015625,-0.5008257615155869,23,1712139829013
805,0.708984375,2.94921875,-1.15234375,-0.5008257615155869,39,1712139829013
805,0.71875,3.01171875,-1.09375,-0.5008257615155869,39,1712139829013
805,0.6015625,2.90234375,-1.22265625,-0.37561932113669017,26,1712139829013
805,0.708984375,3.087890625,-0.703125,-0.37561932113669017,82,1712139829013
805,0.71875,3.150390625,-0.5859375,-0.37561932113669017,127,1712139829013
805,0.7265625,3.15625,-0.732421875,-0.37561932113669017,78,1712139829013
805,0.708984375,3.158203125,-0.23828125,-0.25041288075779344,75,1712139829013
805,0.71875,3.1953125,-0.236328125,-0.25041288075779344,125,1712139829013
805,0.623046875,3.251953125,-0.265625,-0.25041288075779344,84,1712139829013
805,0.525390625,3.18359375,-0.93359375,-0.25041288075779344,27,1712139829013
805,0.708984375,3.166015625,0.056640625,-0.12520644037889672,21,1712139829013
805,0.71875,3.203125,0.021484375,-0.12520644037889672,25,1712139829013
805,0.623046875,3.240234375,-0.375,-0.12520644037889672,16,1712139829013
805,-0.51953125,2.2265625,2.408203125,-0.37561932113669017,42,1712139829013
805,-0.630859375,2.052734375,2.583984375,-0.25041288075779344,19,1712139829013
806,0.3046875,3.22265625,0.21484375,0.0,19,1712139829113
806,0.41015625,3.193359375,-0.638671875,0.0,26,1712139829113
806,0.310546875,3.23828125,-0.666015625,0.0,17,1712139829113
806,0.79296875,2.87890625,-1.060546875,-0.6260322018944836,19,1712139829113
806,0.685546875,2.931640625,-0.861328125,-0.5008257615155869,30,1712139829113
806,0.693359375,2.97265625,-0.8515625,-0.5008257615155869,37,1712139829113
806,0.701171875,2.96484375,-1.001953125,-0.5008257615155869,25,1712139829113
806,0.685546875,2.9921875,-0.615234375,-0.37561932113669017,22,1712139829113
806,0.59375,3.041015625,-0.66015625,-0.37561932113669017,39,1712139829113
806,0.6015625,3.109375,-0.501953125,-0.37561932113669017,53,1712139829113
806,0.5078125,3.193359375,-0.271484375,-0.37561932113669017,41,1712139829113
806,0.30859375,3.248046875,-0.375,-0.37561932113669017,25,1712139829113
806,0.416015625,3.234375,-0.626953125,-0.37561932113669017,27,1712139829113
806,0.525390625,3.2734375,-0.544921875,-0.37561932113669017,26,1712139829113
806,0.494140625,3.119140625,-0.263671875,-0.25041288075779344,40,1712139829113
806,0.501953125,3.1640625,-0.12890625,-0.25041288075779344,81,1712139829113
806,0.5078125,3.203125,0.099609375,-0.25041288075779344,81,1712139829113
806,0.41015625,3.23046875,0.4140625,-0.25041288075779344,40,1712139829113
806,0.51953125,3.271484375,-0.25390625,-0.25041288075779344,29,1712139829113
806,0.630859375,3.271484375,-0.42578125,-0.25041288075779344,45,1712139829113
806,0.63671875,3.279296875,-0.623046875,-0.25041288075779344,49,1712139829113
806,0.537109375,3.330078125,-0.654296875,-0.25041288075779344,39,1712139829113
806,0.744140625,3.765625,-1.015625,-0.25041288075779344,36,1712139829113
806,0.494140625,3.126953125,0.1171875,-0.12520644037889672,22,1712139829113
806,0.501953125,3.1640625,0.12890625,-0.12520644037889672,48,1712139829113
806,0.5078125,3.181640625,0.37890625,-0.12520644037889672,60,1712139829113
806,0.41015625,3.091796875,1.0234375,-0.12520644037889672,41,1712139829113
806,0.734375,3.2734375,-0.19140625,-0.12520644037889672,28,1712139829113
806,0.63671875,3.2890625,-0.5703125,-0.12520644037889672,39,1712139829113
806,0.64453125,3.3046875,-0.68359375,-0.12520644037889672,31,1712139829113
806,0.736328125,3.76171875,-0.873046875,-0.12520644037889672,31,1712139829113
806,0.744140625,3.8125,-0.8203125,-0.12520644037889672,34,1712139829113
806,-0.869140625,1.896484375,3.37890625,-0.25041288075779344,20,1712139829113
807,0.587890625,3.0625,0.26953125,0.0,14,1712139829214
807,0.59375,3.099609375,0.291015625,0.0,46,1712139829214
807,0.6015625,3.138671875,0.267578125,0.0,83,1712139829214
807,0.609375,3.181640625,0.193359375,0.0,77,1712139829214
807,0.41015625,3.2578125,0.01953125,0.0,31,1712139829214
807,0.693359375,2.962890625,-0.8828125,-0.37561932113669017,33,1712139829214
807,0.701171875,2.98828125,-0.931640625,-0.37561932113669017,79,1712139829214
807,0.609375,3.05859375,-0.900390625,-0.37561932113669017,104,1712139829214
807,0.615234375,3.1015625,-0.88671875,-0.37561932113669017,56,1712139829214
807,0.693359375,3.06640625,-0.3984375,-0.25041288075779344,80,1712139829214
807,0.701171875,3.0859375,-0.51953125,-0.25041288075779344,199,1712139829214
807,0.609375,3.1328125,-0.58984375,-0.25041288075779344,239,1712139829214
807,0.615234375,3.158203125,-0.650390625,-0.25041288075779344,125,1712139829214
807,0.587890625,3.0703125,0.171875,-0.12520644037889672,22,1712139829214
807,0.693359375,3.091796875,-0.029296875,-0.12520644037889672,95,1712139829214
807,0.701171875,3.126953125,-0.12109375,-0.12520644037889672,204,1712139829214
807,0.609375,3.1796875,-0.228515625,-0.12520644037889672,217,1712139829214
807,0.615234375,3.19921875,-0.3984375,-0.12520644037889672,101,1712139829214
807,0.93359375,3.154296875,-0.4609375,-0.12520644037889672,25,1712139829214
807,-2.90625,1.599609375,-0.162109375,-0.12520644037889672,13,1712139829214
808,0.67578125,2.99609375,-0.357421875,0.0,19,1712139829314
808,0.587890625,3.07421875,-0.083984375,0.0,32,1712139829314
808,0.494140625,3.12890625,-0.0078125,0.0,44,1712139829314
808,0.501953125,3.16796875,-0.04296875,0.0,45,1712139829314
808,0.5078125,3.205078125,0.0234375,0.0,33,1712139829314
808,0.59375,2.98828125,-0.87109375,-0.37561932113669017,51,1712139829314
808,0.6015625,3.001953125,-0.951171875,-0.37561932113669017,91,1712139829314
808,0.5078125,3.0625,-0.943359375,-0.37561932113669017,86,1712139829314
808,0.30859375,3.15234375,-0.86328125,-0.37561932113669017,46,1712139829314
808,0.310546875,3.232421875,-0.697265625,-0.37561932113669017,25,1712139829314
808,0.525390625,3.166015625,-0.994140625,-0.37561932113669017,19,1712139829314
808,0.7734375,2.853515625,-0.90625,-0.25041288075779344,32,1712139829314
808,0.685546875,3.0,-0.576171875,-0.25041288075779344,61,1712139829314
808,0.59375,3.048828125,-0.625,-0.25041288075779344,142,1712139829314
808,0.501953125,3.09375,-0.68359375,-0.25041288075779344,214,1712139829314
808,0.5078125,3.111328125,-0.771484375,-0.25041288075779344,172,1712139829314
808,0.30859375,3.158203125,-0.841796875,-0.25041288075779344,69,1712139829314
808,0.7265625,3.078125,-1.015625,-0.25041288075779344,46,1712139829314
808,0.630859375,3.203125,-0.791015625,-0.25041288075779344,43,1712139829314
808,0.66796875,2.916015625,-0.615234375,-0.12520644037889672,20,1712139829314
808,0.7734375,2.9296875,-0.6171875,-0.12520644037889672,40,1712139829314
808,0.685546875,3.03125,-0.376953125,-0.12520644037889672,71,1712139829314
808,0.59375,3.09375,-0.337890625,-0.12520644037889672,126,1712139829314
808,0.501953125,3.138671875,-0.427734375,-0.12520644037889672,156,1712139829314
808,0.40625,3.177734375,-0.521484375,-0.12520644037889672,102,1712139829314
808,0.7265625,3.212890625,-0.419921875,-0.12520644037889672,54,1712139829314
808,0.630859375,3.265625,-0.470703125,-0.12520644037889672,42,1712139829314
808,-0.93359375,2.169921875,2.333984375,-0.37561932113669017,15,1712139829314
808,-1.05078125,2.36328125,2.14453125,-0.37561932113669017,11,1712139829314
809,0.48828125,3.046875,-0.529296875,0.0,27,1712139829415
809,0.494140625,3.087890625,-0.51171875,0.0,110,1712139829415
809,0.501953125,3.125,-0.515625,0.0,169,1712139829415
809,0.5078125,3.15625,-0.552734375,0.0,122,1712139829415
809,0.41015625,3.224609375,-0.462890625,0.0,47,1712139829415
809,0.416015625,3.2890625,-0.19140625,0.0,28,1712139829415
809,0.314453125,3.3359375,-0.25,0.0,17,1712139829415
809,0.587890625,2.95703125,-0.84375,-0.37561932113669017,26,1712139829415
809,0.59375,2.998046875,-0.837890625,-0.37561932113669017,68,1712139829415
809,0.6015625,3.03125,-0.857421875,-0.37561932113669017,82,1712139829415
809,0.609375,3.0546875,-0.91015625,-0.37561932113669017,46,1712139829415
809,0.587890625,2.986328125,-0.734375,-0.25041288075779344,62,1712139829415
809,0.59375,3.013671875,-0.77734375,-0.25041288075779344,210,1712139829415
809,0.6015625,3.044921875,-0.810546875,-0.25041288075779344,285,1712139829415
809,0.5078125,3.1015625,-0.810546875,-0.25041288075779344,188,1712139829415
809,0.615234375,3.12109375,-0.8125,-0.25041288075779344,63,1712139829415
809,0.623046875,3.185546875,-0.705078125,-0.25041288075779344,46,1712139829415
809,0.525390625,3.22265625,-0.79296875,-0.25041288075779344,41,1712139829415
809,0.423828125,3.259765625,-0.861328125,-0.25041288075779344,23,1712139829415
809,0.48828125,3.03515625,-0.587890625,-0.12520644037889672,63,1712139829415
809,0.59375,3.0390625,-0.673828125,-0.12520644037889672,247,1712139829415
809,0.6015625,3.072265625,-0.69921875,-0.12520644037889672,362,1712139829415
809,0.5078125,3.12890625,-0.697265625,-0.12520644037889672,254,1712139829415
809,0.513671875,3.173828125,-0.669921875,-0.12520644037889672,97,1712139829415
809,0.51953125,3.248046875,-0.466796875,-0.12520644037889672,62,1712139829415
809,0.419921875,3.2890625,-0.53515625,-0.12520644037889672,46,1712139829415
809,-0.71875,2.283203125,2.248046875,-0.25041288075779344,32,1712139829415
810,0.48828125,2.814453125,-1.279296875,0.0,23,1712139829515
810,0.494140625,3.041015625,-0.7421875,0.0,52,1712139829515
810,0.400390625,3.150390625,-0.44140625,0.0,77,1712139829515
810,0.5078125,3.177734375,-0.416015625,0.0,75,1712139829515
810,0.41015625,3.1953125,-0.63671875,0.0,54,1712139829515
810,0.416015625,3.234375,-0.626953125,0.0,39,1712139829515
810,0.314453125,3.330078125,-0.3203125,0.0,27,1712139829515
810,0.587890625,1.99609375,-2.337890625,-0.25041288075779344,20,1712139829515
810,0.494140625,2.84375,-1.306640625,-0.25041288075779344,44,1712139829515
810,0.501953125,3.044921875,-0.869140625,-0.25041288075779344,73,1712139829515
810,0.5078125,3.125,-0.712890625,-0.25041288075779344,77,1712139829515
810,0.513671875,3.0625,-1.06640625,-0.25041288075779344,56,1712139829515
810,0.416015625,3.140625,-0.998046875,-0.25041288075779344,41,1712139829515
810,0.419921875,3.24609375,-0.75390625,-0.25041288075779344,32,1712139829515
810,0.390625,2.60546875,-1.69140625,-0.12520644037889672,32,1712139829515
810,0.494140625,2.98828125,-0.927734375,-0.12520644037889672,85,1712139829515
810,0.501953125,3.1015625,-0.642578125,-0.12520644037889672,138,1712139829515
810,0.5078125,3.1484375,-0.59765625,-0.12520644037889672,136,1712139829515
810,0.513671875,3.115234375,-0.900390625,-0.12520644037889672,98,1712139829515
810,0.416015625,3.20703125,-0.75390625,-0.12520644037889672,71,1712139829515
810,0.419921875,3.279296875,-0.59375,-0.12520644037889672,52,1712139829515
811,0.587890625,3.021484375,-0.568359375,0.0,46,1712139829616
811,0.59375,3.056640625,-0.58984375,0.0,72,1712139829616
811,0.6015625,3.087890625,-0.62109375,0.0,52,1712139829616
811,0.1015625,2.619140625,-1.912109375,0.0,15,1712139829616
811,0.580078125,2.9609375,-0.6796875,0.12520644037889672,28,1712139829616
811,0.48828125,3.0390625,-0.5703125,0.12520644037889672,26,1712139829616
811,0.494140625,3.111328125,-0.33203125,0.12520644037889672,16,1712139829616
811,0.587890625,2.880859375,-1.078125,-0.25041288075779344,46,1712139829616
811,0.693359375,2.904296875,-1.05859375,-0.25041288075779344,63,1712139829616
811,0.701171875,2.921875,-1.1171875,-0.25041288075779344,41,1712139829616
811,0.67578125,2.857421875,-0.96875,-0.12520644037889672,38,1712139829616
811,0.587890625,2.955078125,-0.849609375,-0.12520644037889672,102,1712139829616
811,0.59375,3.0078125,-0.796875,-0.12520644037889672,139,1712139829616
811,0.6015625,3.037109375,-0.83203125,-0.12520644037889672,94,1712139829616
811,0.1015625,2.482421875,-2.0859375,-0.12520644037889672,29,1712139829616
811,2.12890625,0.0,2.63671875,0.0,8,1712139829616
811,2.23046875,0.0,2.39453125,-0.12520644037889672,15,1712139829616
812,0.482421875,3.052734375,-0.07421875,0.0,26,1712139829716
812,0.587890625,3.060546875,-0.291015625,0.0,43,1712139829716
812,0.59375,3.080078125,-0.44140625,0.0,34,1712139829716
812,0.400390625,3.12890625,-0.580078125,0.0,53,1712139829716
812,0.40625,3.158203125,-0.623046875,0.0,55,1712139829716
812,0.30859375,3.1953125,-0.69140625,0.0,22,1712139829716
812,0.482421875,3.01171875,-0.51171875,-0.25041288075779344,23,1712139829716
812,0.587890625,3.021484375,-0.56640625,-0.25041288075779344,36,1712139829716
812,0.59375,2.990234375,-0.86328125,-0.25041288075779344,27,1712139829716
812,0.400390625,3.015625,-1.013671875,-0.25041288075779344,45,1712139829716
812,0.40625,3.056640625,-1.01171875,-0.25041288075779344,46,1712139829716
812,0.482421875,3.037109375,-0.31640625,-0.12520644037889672,51,1712139829716
812,0.587890625,3.04296875,-0.44140625,-0.12520644037889672,84,1712139829716
812,0.693359375,3.025390625,-0.63671875,-0.12520644037889672,67,1712139829716
812,0.501953125,3.068359375,-0.787109375,-0.12520644037889672,100,1712139829716
812,0.40625,3.115234375,-0.810546875,-0.12520644037889672,103,1712139829716
812,0.41015625,3.12109375,-0.935546875,-0.12520644037889672,41,1712139829716
813,0.4765625,3.013671875,-0.1171875,0.0,14,1712139829816
813,0.482421875,3.05078125,0.154296875,0.0,35,1712139829816
813,0.48828125,3.091796875,0.046875,0.0,55,1712139829816
813,0.494140625,3.125,-0.177734375,0.0,59,1712139829816
813,0.501953125,3.162109375,-0.185546875,0.0,56,1712139829816
813,0.40625,3.21875,-0.083984375,0.0,41,1712139829816
813,0.580078125,3.029296875,-0.220703125,-0.25041288075779344,32,1712139829816
813,0.587890625,3.052734375,-0.37109375,-0.25041288075779344,50,1712139829816
813,0.494140625,3.0703125,-0.607421875,-0.25041288075779344,52,1712139829816
813,0.400390625,3.11328125,-0.66015625,-0.25041288075779344,50,1712139829816
813,0.40625,3.1640625,-0.59765625,-0.25041288075779344,37,1712139829816
813,0.66796875,2.962890625,-0.328125,-0.12520644037889672,26,1712139829816
813,0.580078125,3.03515625,-0.103515625,-0.12520644037889672,66,1712139829816
813,0.48828125,3.087890625,-0.150390625,-0.12520644037889672,104,1712139829816
813,0.494140625,3.095703125,-0.462890625,-0.12520644037889672,114,1712139829816
813,0.501953125,3.1328125,-0.466796875,-0.12520644037889672,108,1712139829816
813,0.40625,3.201171875,-0.34375,-0.12520644037889672,76,1712139829816
814,0.572265625,3.0,0.001953125,0.0,24,1712139829917
814,0.482421875,3.0546875,-0.046875,0.0,49,1712139829917
814,0.587890625,3.05859375,0.3125,0.0,38,1712139829917
814,0.396484375,3.091796875,-0.56640625,0.0,31,1712139829917
814,0.501953125,3.09765625,-0.66015625,0.0,90,1712139829917
814,0.40625,3.154296875,-0.640625,0.0,82,1712139829917
814,0.41015625,3.19921875,-0.611328125,0.0,36,1712139829917
814,0.1953125,3.119140625,-0.177734375,0.12520644037889672,20,1712139829917
814,0.396484375,3.09765625,-0.53515625,0.12520644037889672,81,1712139829917
814,0.501953125,3.083984375,-0.720703125,0.12520644037889672,136,1712139829917
814,0.40625,3.12109375,-0.79296875,0.12520644037889672,112,1712139829917
814,0.513671875,3.13671875,-0.826171875,0.12520644037889672,46,1712139829917
814,0.396484375,3.125,-0.349609375,0.25041288075779344,55,1712139829917
814,0.501953125,3.115234375,-0.57421875,0.25041288075779344,93,1712139829917
814,0.40625,3.158203125,-0.626953125,0.25041288075779344,83,1712139829917
814,0.41015625,3.19140625,-0.65625,0.25041288075779344,40,1712139829917
814,0.40625,3.197265625,-0.384765625,0.37561932113669017,19,1712139829917
814,0.587890625,3.029296875,-0.5234375,-0.37561932113669017,19,1712139829917
814,0.494140625,3.07421875,-0.58203125,-0.37561932113669017,22,1712139829917
814,0.6015625,3.109375,-0.5078125,-0.37561932113669017,22,1712139829917
814,0.572265625,2.98828125,-0.25390625,-0.25041288075779344,34,1712139829917
814,0.580078125,3.02734375,-0.240234375,-0.25041288075779344,75,1712139829917
814,0.587890625,3.064453125,-0.25,-0.25041288075779344,83,1712139829917
814,0.494140625,3.123046875,-0.20703125,-0.25041288075779344,62,1712139829917
814,0.501953125,3.154296875,-0.28125,-0.25041288075779344,70,1712139829917
814,0.5078125,3.189453125,-0.314453125,-0.25041288075779344,57,1712139829917
814,0.4765625,3.01171875,-0.173828125,-0.12520644037889672,48,1712139829917
814,0.580078125,3.033203125,-0.171875,-0.12520644037889672,103,1712139829917
814,0.587890625,3.072265625,-0.1015625,-0.12520644037889672,101,1712139829917
814,0.59375,3.095703125,0.32421875,-0.12520644037889672,47,1712139829917
814,0.501953125,3.16015625,-0.20703125,-0.12520644037889672,75,1712139829917
814,0.5078125,3.19140625,-0.30078125,-0.12520644037889672,76,1712139829917
814,0.513671875,3.22265625,-0.36328125,-0.12520644037889672,38,1712139829917
815,0.572265625,2.953125,-0.533203125,0.0,40,1712139830018
815,0.580078125,3.009765625,-0.41015625,0.0,112,1712139830018
815,0.587890625,3.0546875,-0.35546875,0.0,161,1712139830018
815,0.59375,3.095703125,-0.330078125,0.0,121,1712139830018
815,0.6015625,3.1328125,-0.333984375,0.0,44,1712139830018
815,0.400390625,3.078125,-0.80078125,0.12520644037889672,29,1712139830018
815,0.3046875,3.154296875,-0.6953125,0.12520644037889672,29,1712139830018
815,0.30078125,3.1328125,-0.619140625,0.25041288075779344,26,1712139830018
815,0.40625,3.126953125,-0.763671875,0.25041288075779344,31,1712139830018
815,0.41015625,3.177734375,-0.716796875,0.25041288075779344,24,1712139830018
815,0.5078125,3.126953125,-0.701171875,0.37561932113669017,36,1712139830018
815,0.615234375,3.130859375,-0.7734375,0.37561932113669017,39,1712139830018
815,0.623046875,3.19140625,-0.6796875,0.37561932113669017,26,1712139830018
815,0.5078125,3.130859375,-0.681640625,0.5008257615155869,21,1712139830018
815,0.615234375,3.162109375,-0.630859375,0.5008257615155869,20,1712139830018
815,0.580078125,3.03125,-0.197265625,-0.5008257615155869,35,1712139830018
815,0.587890625,3.068359375,-0.2109375,-0.5008257615155869,28,1712139830018
815,0.572265625,3.0,-0.0625,-0.37561932113669017,36,1712139830018
815,0.580078125,3.037109375,-0.044921875,-0.37561932113669017,64,1712139830018
815,0.48828125,3.091796875,-0.005859375,-0.37561932113669017,49,1712139830018
815,0.501953125,3.166015625,-0.08984375,-0.37561932113669017,26,1712139830018
815,0.572265625,2.935546875,-0.6171875,-0.25041288075779344,45,1712139830018
815,0.67578125,2.9296875,-0.720703125,-0.25041288075779344,110,1712139830018
815,0.685546875,2.955078125,-0.775390625,-0.25041288075779344,151,1712139830018
815,0.693359375,2.98046875,-0.82421875,-0.25041288075779344,111,1712139830018
815,0.6015625,3.013671875,-0.916015625,-0.25041288075779344,49,1712139830018
815,0.66796875,2.880859375,-0.765625,-0.12520644037889672,68,1712139830018
815,0.580078125,2.97265625,-0.62109375,-0.12520644037889672,195,1712139830018
815,0.587890625,3.021484375,-0.5703125,-0.12520644037889672,287,1712139830018
815,0.693359375,3.041015625,-0.5625,-0.12520644037889672,214,1712139830018
815,0.6015625,3.09765625,-0.568359375,-0.12520644037889672,88,1712139830018
815,0.40625,3.158203125,-0.623046875,-0.12520644037889672,41,1712139830018
815,0.41015625,3.16796875,-0.75390625,-0.12520644037889672,40,1712139830018
816,0.470703125,2.9609375,-0.32421875,0.0,14,1712139830117
816,0.572265625,2.970703125,-0.4140625,0.0,53,1712139830117
816,0.580078125,3.001953125,-0.466796875,0.0,89,1712139830117
816,0.587890625,3.044921875,-0.42578125,0.0,79,1712139830117
816,0.59375,3.095703125,-0.330078125,0.0,41,1712139830117
816,0.701171875,3.126953125,0.109375,0.0,15,1712139830117
816,0.615234375,2.955078125,-1.2890625,0.0,26,1712139830117
816,0.623046875,2.943359375,-1.408203125,0.0,28,1712139830117
816,0.400390625,3.046875,-0.9140625,0.12520644037889672,18,1712139830117
816,0.3046875,3.146484375,-0.73046875,0.12520644037889672,26,1712139830117
816,0.41015625,3.1875,-0.673828125,0.12520644037889672,26,1712139830117
816,0.623046875,2.916015625,-1.46484375,0.12520644037889672,31,1712139830117
816,0.400390625,3.0859375,-0.775390625,0.25041288075779344,30,1712139830117
816,0.3046875,3.140625,-0.755859375,0.25041288075779344,38,1712139830117
816,0.30859375,3.189453125,-0.712890625,0.25041288075779344,27,1712139830117
816,0.400390625,3.109375,-0.673828125,0.37561932113669017,25,1712139830117
816,0.3046875,3.126953125,-0.81640625,0.37561932113669017,29,1712139830117
816,0.41015625,3.181640625,-0.703125,0.37561932113669017,22,1712139830117
816,0.66796875,2.96484375,-0.306640625,-0.6260322018944836,29,1712139830117
816,0.587890625,3.07421875,-0.08203125,-0.6260322018944836,31,1712139830117
816,0.59375,3.107421875,-0.173828125,-0.6260322018944836,35,1712139830117
816,0.66015625,2.939453125,-0.123046875,-0.5008257615155869,33,1712139830117
816,0.572265625,2.998046875,-0.11328125,-0.5008257615155869,51,1712139830117
816,0.580078125,3.021484375,-0.302734375,-0.5008257615155869,38,1712139830117
816,0.587890625,3.07421875,-0.08203125,-0.5008257615155869,42,1712139830117
816,0.494140625,3.126953125,-0.119140625,-0.5008257615155869,50,1712139830117
816,0.6015625,3.142578125,-0.228515625,-0.5008257615155869,27,1712139830117
816,0.66015625,2.943359375,0.0,-0.37561932113669017,24,1712139830117
816,0.572265625,2.99609375,-0.138671875,-0.37561932113669017,32,1712139830117
816,0.580078125,3.001953125,-0.4609375,-0.37561932113669017,39,1712139830117
816,0.587890625,3.041015625,-0.45703125,-0.37561932113669017,51,1712139830117
816,0.59375,3.10546875,-0.205078125,-0.37561932113669017,41,1712139830117
816,0.572265625,2.912109375,-0.720703125,-0.25041288075779344,69,1712139830117
816,0.482421875,2.984375,-0.650390625,-0.25041288075779344,122,1712139830117
816,0.587890625,3.0078125,-0.634765625,-0.25041288075779344,108,1712139830117
816,0.59375,3.064453125,-0.546875,-0.25041288075779344,47,1712139830117
816,0.701171875,3.052734375,-0.685546875,-0.25041288075779344,32,1712139830117
816,0.376953125,2.923828125,-0.63671875,-0.12520644037889672,26,1712139830117
816,0.4765625,2.95703125,-0.595703125,-0.12520644037889672,102,1712139830117
816,0.580078125,2.98046875,-0.58984375,-0.12520644037889672,178,1712139830117
816,0.587890625,3.0234375,-0.5625,-0.12520644037889672,157,1712139830117
816,0.59375,3.072265625,-0.49609375,-0.12520644037889672,76,1712139830117
816,0.701171875,3.099609375,-0.431640625,-0.12520644037889672,44,1712139830117
816,0.609375,3.150390625,-0.48828125,-0.12520644037889672,34,1712139830117
816,-1.001953125,1.482421875,2.66015625,0.0,10,1712139830117
816,-0.693359375,1.8828125,2.453125,-0.25041288075779344,25,1712139830117
817,0.470703125,2.923828125,-0.56640625,0.0,14,1712139830218
817,0.4765625,2.98828125,-0.41015625,0.0,36,1712139830218
817,0.482421875,3.033203125,-0.353515625,0.0,46,1712139830218
817,0.48828125,3.080078125,-0.28125,0.0,30,1712139830218
817,0.30859375,3.185546875,-0.734375,0.37561932113669017,27,1712139830218
817,0.310546875,3.189453125,-0.873046875,0.37561932113669017,29,1712139830218
817,0.642578125,2.859375,-0.234375,-0.5008257615155869,18,1712139830218
817,0.55859375,2.912109375,-0.267578125,-0.5008257615155869,45,1712139830218
817,0.56640625,2.94140625,-0.353515625,-0.5008257615155869,60,1712139830218
817,0.572265625,2.958984375,-0.48828125,-0.5008257615155869,52,1712139830218
817,0.482421875,2.99609375,-0.59765625,-0.5008257615155869,35,1712139830218
817,0.48828125,3.052734375,-0.49609375,-0.5008257615155869,23,1712139830218
817,0.65234375,2.904296875,-0.1015625,-0.37561932113669017,46,1712139830218
817,0.56640625,2.951171875,-0.25,-0.37561932113669017,66,1712139830218
817,0.572265625,2.966796875,-0.44140625,-0.37561932113669017,70,1712139830218
817,0.38671875,3.025390625,-0.505859375,-0.37561932113669017,54,1712139830218
817,0.29296875,3.078125,-0.482421875,-0.37561932113669017,25,1712139830218
817,0.376953125,2.96875,-0.380859375,-0.25041288075779344,19,1712139830218
817,0.287109375,3.01171875,-0.416015625,-0.25041288075779344,43,1712139830218
817,0.38671875,3.0390625,-0.423828125,-0.25041288075779344,50,1712139830218
817,0.48828125,3.025390625,-0.634765625,-0.25041288075779344,31,1712139830218
817,0.56640625,2.84375,-0.828125,-0.12520644037889672,28,1712139830218
817,0.572265625,2.921875,-0.677734375,-0.12520644037889672,64,1712139830218
817,0.580078125,2.982421875,-0.580078125,-0.12520644037889672,83,1712139830218
817,0.587890625,3.02734375,-0.54296875,-0.12520644037889672,56,1712139830218
817,-0.880859375,1.73828125,2.44921875,-0.37561932113669017,13,1712139830218
817,-0.880859375,1.830078125,2.3828125,-0.25041288075779344,16,1712139830218
818,0.56640625,2.884765625,-0.671875,0.0,13,1712139830319
818,0.572265625,2.955078125,-0.517578125,0.0,48,1712139830319
818,0.580078125,3.005859375,-0.439453125,0.0,70,1712139830319
818,0.587890625,3.044921875,-0.4296875,0.0,54,1712139830319
818,0.494140625,3.091796875,-0.48828125,0.0,19,1712139830319
818,0.51953125,3.060546875,-1.181640625,0.25041288075779344,20,1712139830319
818,0.642578125,2.85546875,-0.263671875,-0.37561932113669017,32,1712139830319
818,0.65234375,2.87890625,-0.388671875,-0.37561932113669017,47,1712139830319
818,0.470703125,2.912109375,-0.62890625,-0.37561932113669017,59,1712139830319
818,0.572265625,2.90234375,-0.755859375,-0.37561932113669017,71,1712139830319
818,0.580078125,2.9296875,-0.802734375,-0.37561932113669017,60,1712139830319
818,0.685546875,2.939453125,-0.83203125,-0.37561932113669017,34,1712139830319
818,0.642578125,2.869140625,-0.01953125,-0.25041288075779344,23,1712139830319
818,0.55859375,2.916015625,-0.2265625,-0.25041288075779344,42,1712139830319
818,0.56640625,2.9140625,-0.533203125,-0.25041288075779344,77,1712139830319
818,0.572265625,2.921875,-0.677734375,-0.25041288075779344,110,1712139830319
818,0.580078125,2.953125,-0.712890625,-0.25041288075779344,129,1712139830319
818,0.587890625,2.986328125,-0.728515625,-0.25041288075779344,93,1712139830319
818,0.59375,2.990234375,-0.86328125,-0.25041288075779344,34,1712139830319
818,0.56640625,2.880859375,-0.6875,-0.12520644037889672,43,1712139830319
818,0.572265625,2.92578125,-0.666015625,-0.12520644037889672,106,1712139830319
818,0.580078125,2.9765625,-0.603515625,-0.12520644037889672,154,1712139830319
818,0.587890625,3.017578125,-0.58984375,-0.12520644037889672,118,1712139830319
818,0.494140625,3.076171875,-0.576171875,-0.12520644037889672,40,1712139830319
818,0.66015625,2.87890625,-0.609375,-0.37561932113669017,59,1712139830319
818,-0.48828125,2.060546875,2.3046875,-0.37561932113669017,19,1712139830319
818,-0.693359375,2.2578125,2.11328125,-0.25041288075779344,22,1712139830319
818,-0.59375,2.13671875,2.263671875,-0.12520644037889672,22,1712139830319
819,0.634765625,2.8046875,-0.38671875,0.0,20,1712139830419
819,0.642578125,2.84375,-0.380859375,0.0,37,1712139830419
819,0.65234375,2.8828125,-0.36328125,0.0,32,1712139830419
819,0.38671875,3.052734375,-0.314453125,0.0,18,1712139830419
819,0.724609375,2.720703125,-0.703125,-0.25041288075779344,31,1712139830419
819,0.734375,2.767578125,-0.6640625,-0.25041288075779344,54,1712139830419
819,0.744140625,2.818359375,-0.611328125,-0.25041288075779344,45,1712139830419
819,0.38671875,2.998046875,-0.65234375,-0.25041288075779344,31,1712139830419
819,0.390625,3.041015625,-0.63671875,-0.25041288075779344,24,1712139830419
819,0.724609375,2.744140625,-0.599609375,-0.12520644037889672,43,1712139830419
819,0.642578125,2.81640625,-0.541015625,-0.12520644037889672,76,1712139830419
819,0.744140625,2.828125,-0.556640625,-0.12520644037889672,65,1712139830419
819,0.75390625,2.8984375,-0.357421875,-0.12520644037889672,25,1712139830419
819,0.482421875,3.017578125,-0.46875,-0.12520644037889672,39,1712139830419
819,0.48828125,3.064453125,-0.4140625,-0.12520644037889672,29,1712139830419
819,-0.376953125,1.958984375,2.26171875,-0.12520644037889672,14,1712139830419
820,0.724609375,2.765625,-0.498046875,0.0,16,1712139830519
820,0.734375,2.798828125,-0.521484375,0.0,15,1712139830519
820,0.470703125,2.927734375,-0.548828125,0.0,23,1712139830519
820,0.572265625,2.94921875,-0.546875,0.0,20,1712139830519
820,0.724609375,2.7109375,-0.736328125,-0.12520644037889672,29,1712139830519
820,0.734375,2.732421875,-0.796875,-0.12520644037889672,25,1712139830519
820,0.56640625,2.880859375,-0.693359375,-0.12520644037889672,44,1712139830519
820,0.572265625,2.91796875,-0.693359375,-0.12520644037889672,38,1712139830519
821,0.724609375,2.66796875,-0.880859375,0.0,14,1712139830620
821,0.734375,2.671875,-0.98046875,0.0,22,1712139830620
821,0.744140625,2.720703125,-0.951171875,0.0,19,1712139830620
821,0.634765625,2.74609375,-0.685546875,0.12520644037889672,30,1712139830620
821,0.642578125,2.78125,-0.69921875,0.12520644037889672,47,1712139830620
821,0.744140625,2.787109375,-0.734375,0.12520644037889672,42,1712139830620
821,0.66015625,2.865234375,-0.66796875,0.12520644037889672,23,1712139830620
821,0.642578125,2.806640625,-0.58984375,0.25041288075779344,28,1712139830620
821,0.65234375,2.849609375,-0.5625,0.25041288075779344,24,1712139830620
822,0.642578125,2.80859375,-0.580078125,0.12520644037889672,23,1712139830721
822,0.65234375,2.841796875,-0.603515625,0.12520644037889672,19,1712139830721
831,0.75390625,2.650390625,-1.224609375,-0.12520644037889672,14,1712139831574
832,0.734375,2.59765625,-1.162109375,-0.25041288075779344,26,1712139831675
832,0.744140625,2.62890625,-1.18359375,-0.25041288075779344,24,1712139831675
832,0.734375,2.70703125,-0.880859375,-0.12520644037889672,24,1712139831675
832,0.744140625,2.74609375,-0.876953125,-0.12520644037889672,18,1712139831675
832,0.482421875,2.861328125,-1.0703125,-0.12520644037889672,22,1712139831675
833,0.634765625,2.73828125,-0.720703125,0.0,12,1712139831775
833,0.642578125,2.763671875,-0.76953125,-0.25041288075779344,22,1712139831775
833,0.744140625,2.75390625,-0.853515625,-0.25041288075779344,22,1712139831775
833,0.4765625,2.892578125,-0.857421875,-0.25041288075779344,24,1712139831775
833,0.482421875,2.91015625,-0.9296875,-0.25041288075779344,23,1712139831775
833,0.724609375,2.712890625,-0.73046875,-0.12520644037889672,22,1712139831775
833,0.734375,2.751953125,-0.72265625,-0.12520644037889672,20,1712139831775
833,0.4765625,2.947265625,-0.646484375,-0.12520644037889672,26,1712139831775
833,0.482421875,2.95703125,-0.763671875,-0.12520644037889672,25,1712139831775
834,0.458984375,2.896484375,-0.208984375,0.0,13,1712139831875
834,0.55859375,2.8984375,-0.390625,0.0,14,1712139831875
834,0.470703125,2.947265625,-0.43359375,0.0,16,1712139831875
834,0.4765625,2.955078125,-0.60546875,0.0,20,1712139831875
834,0.626953125,2.654296875,-0.87109375,-0.37561932113669017,21,1712139831875
834,0.634765625,2.693359375,-0.873046875,-0.37561932113669017,37,1712139831875
834,0.642578125,2.72265625,-0.90234375,-0.37561932113669017,31,1712139831875
834,0.71484375,2.67578125,-0.72265625,-0.25041288075779344,41,1712139831875
834,0.634765625,2.732421875,-0.7421875,-0.25041288075779344,70,1712139831875
834,0.642578125,2.7578125,-0.7890625,-0.25041288075779344,61,1712139831875
834,0.65234375,2.77734375,-0.8515625,-0.25041288075779344,31,1712139831875
834,0.626953125,2.755859375,-0.455078125,-0.12520644037889672,26,1712139831875
834,0.634765625,2.77734375,-0.544921875,-0.12520644037889672,47,1712139831875
834,0.642578125,2.8125,-0.56640625,-0.12520644037889672,45,1712139831875
834,0.65234375,2.833984375,-0.63671875,-0.12520644037889672,31,1712139831875
834,0.470703125,2.912109375,-0.62890625,-0.12520644037889672,26,1712139831875
834,0.572265625,2.91015625,-0.73046875,-0.12520644037889672,32,1712139831875
835,0.373046875,2.853515625,-0.767578125,0.12520644037889672,24,1712139831976
835,0.376953125,2.91015625,-0.693359375,0.12520644037889672,35,1712139831976
835,0.380859375,2.97265625,-0.5859375,0.12520644037889672,28,1712139831976
835,0.283203125,2.947265625,-0.57421875,0.25041288075779344,16,1712139831976
835,0.685546875,2.8984375,-0.966796875,-0.37561932113669017,29,1712139831976
835,0.544921875,2.734375,-0.80078125,-0.25041288075779344,24,1712139831976
835,0.642578125,2.74609375,-0.830078125,-0.25041288075779344,22,1712139831976
835,0.67578125,2.931640625,-0.71875,-0.25041288075779344,39,1712139831976
835,0.685546875,2.96875,-0.716796875,-0.25041288075779344,54,1712139831976
835,0.693359375,3.001953125,-0.73828125,-0.25041288075779344,38,1712139831976
835,0.544921875,2.7578125,-0.716796875,-0.12520644037889672,25,1712139831976
835,0.642578125,2.7890625,-0.669921875,-0.12520644037889672,25,1712139831976
835,0.470703125,2.90234375,-0.669921875,-0.12520644037889672,30,1712139831976
835,0.4765625,2.9296875,-0.720703125,-0.12520644037889672,44,1712139831976
835,0.482421875,2.96484375,-0.734375,-0.12520644037889672,35,1712139831976
836,0.537109375,2.716796875,-0.724609375,0.0,17,1712139832126
836,0.634765625,2.74609375,-0.69140625,0.0,30,1712139832126
836,0.55078125,2.80859375,-0.66796875,0.0,25,1712139832126
836,0.46484375,2.78515625,-0.947265625,0.0,14,1712139832126
836,0.56640625,2.767578125,-1.0546875,0.0,23,1712139832126
836,0.4765625,2.83203125,-1.0390625,0.0,35,1712139832126
836,0.580078125,2.962890625,-0.666015625,0.0,36,1712139832126
836,0.685546875,3.021484375,-0.453125,0.0,35,1712139832126
836,0.494140625,3.044921875,-0.71875,0.0,23,1712139832126
836,0.626953125,2.728515625,-0.59765625,0.12520644037889672,41,1712139832126
836,0.634765625,2.78125,-0.533203125,0.12520644037889672,70,1712139832126
836,0.55078125,2.841796875,-0.51171875,0.12520644037889672,60,1712139832126
836,0.46484375,2.84375,-0.748046875,0.12520644037889672,46,1712139832126
836,0.470703125,2.875,-0.77734375,0.12520644037889672,79,1712139832126
836,0.380859375,2.943359375,-0.72265625,0.12520644037889672,103,1712139832126
836,0.38671875,2.984375,-0.7109375,0.12520644037889672,68,1712139832126
836,0.197265625,2.9765625,-1.06640625,0.12520644037889672,28,1712139832126
836,0.201171875,3.021484375,-1.05859375,0.12520644037889672,24,1712139832126
836,0.537109375,2.78515625,-0.39453125,0.25041288075779344,34,1712139832126
836,0.544921875,2.828125,-0.349609375,0.25041288075779344,57,1712139832126
836,0.55078125,2.865234375,-0.3515625,0.25041288075779344,48,1712139832126
836,0.373046875,2.880859375,-0.65234375,0.25041288075779344,47,1712139832126
836,0.376953125,2.92578125,-0.630859375,0.25041288075779344,81,1712139832126
836,0.380859375,2.970703125,-0.59375,0.25041288075779344,90,1712139832126
836,0.38671875,3.015625,-0.5625,0.25041288075779344,54,1712139832126
836,0.099609375,3.078125,-0.75,0.25041288075779344,24,1712139832126
836,0.099609375,3.103515625,-0.802734375,0.25041288075779344,20,1712139832126
836,0.279296875,2.91796875,-0.525390625,0.37561932113669017,21,1712139832126
836,0.283203125,2.96875,-0.455078125,0.37561932113669017,36,1712139832126
836,0.287109375,3.01171875,-0.416015625,0.37561932113669017,34,1712139832126
836,0.67578125,2.888671875,-0.873046875,-0.37561932113669017,19,1712139832126
836,0.763671875,2.86328125,-0.73828125,-0.25041288075779344,29,1712139832126
836,0.7734375,2.8828125,-0.80859375,-0.25041288075779344,74,1712139832126
836,0.685546875,2.935546875,-0.845703125,-0.25041288075779344,77,1712139832126
836,0.693359375,2.927734375,-0.99609375,-0.25041288075779344,35,1712139832126
836,0.470703125,2.9140625,-0.623046875,-0.12520644037889672,19,1712139832126
836,0.763671875,2.916015625,-0.4921875,-0.12520644037889672,30,1712139832126
836,0.67578125,2.95703125,-0.603515625,-0.12520644037889672,81,1712139832126
836,0.685546875,2.974609375,-0.69140625,-0.12520644037889672,93,1712139832126
836,0.59375,3.017578125,-0.765625,-0.12520644037889672,48,1712139832126
836,-0.66796875,2.3515625,1.83203125,0.0,18,1712139832126
837,0.373046875,2.736328125,-1.115234375,0.0,13,1712139832227
837,0.470703125,2.82421875,-0.947265625,0.0,35,1712139832227
837,0.4765625,2.90234375,-0.8203125,0.0,56,1712139832227
837,0.482421875,2.966796875,-0.728515625,0.0,46,1712139832227
837,0.373046875,2.853515625,-0.767578125,0.12520644037889672,19,1712139832227
837,0.376953125,2.921875,-0.64453125,0.12520644037889672,57,1712139832227
837,0.4765625,2.962890625,-0.568359375,0.12520644037889672,96,1712139832227
837,0.38671875,3.02734375,-0.501953125,0.12520644037889672,80,1712139832227
837,0.29296875,3.091796875,-0.384765625,0.12520644037889672,31,1712139832227
837,0.544921875,2.771484375,-0.66796875,0.25041288075779344,22,1712139832227
837,0.55078125,2.837890625,-0.53515625,0.25041288075779344,25,1712139832227
837,0.376953125,2.796875,-1.0625,0.25041288075779344,36,1712139832227
837,0.380859375,2.876953125,-0.951171875,0.25041288075779344,70,1712139832227
837,0.2890625,2.9453125,-0.8984375,0.25041288075779344,59,1712139832227
837,0.56640625,3.13671875,-1.73046875,0.25041288075779344,23,1712139832227
837,0.537109375,2.78515625,-0.384765625,0.37561932113669017,22,1712139832227
837,0.453125,2.845703125,-0.33984375,0.37561932113669017,51,1712139832227
837,0.458984375,2.884765625,-0.3203125,0.37561932113669017,55,1712139832227
837,0.376953125,2.9140625,-0.6796875,0.37561932113669017,68,1712139832227
837,0.287109375,2.978515625,-0.615234375,0.37561932113669017,117,1712139832227
837,0.2890625,3.021484375,-0.591796875,0.37561932113669017,98,1712139832227
837,0.29296875,3.060546875,-0.591796875,0.37561932113669017,41,1712139832227
837,0.447265625,2.818359375,-0.232421875,0.5008257615155869,23,1712139832227
837,0.453125,2.861328125,-0.1640625,0.5008257615155869,61,1712139832227
837,0.458984375,2.900390625,-0.14453125,0.5008257615155869,72,1712139832227
837,0.46484375,2.939453125,-0.109375,0.5008257615155869,30,1712139832227
837,0.283203125,2.970703125,-0.4375,0.5008257615155869,28,1712139832227
837,0.380859375,2.9921875,-0.4765625,0.5008257615155869,51,1712139832227
837,0.2890625,3.052734375,-0.400390625,0.5008257615155869,41,1712139832227
837,0.453125,2.865234375,0.06640625,0.6260322018944836,26,1712139832227
837,0.458984375,2.904296875,-0.001953125,0.6260322018944836,32,1712139832227
837,0.30859375,3.205078125,-0.642578125,-0.37561932113669017,31,1712139832227
837,0.310546875,3.205078125,-0.814453125,-0.37561932113669017,46,1712139832227
837,0.419921875,3.193359375,-0.95703125,-0.37561932113669017,35,1712139832227
837,0.67578125,2.947265625,-0.650390625,-0.25041288075779344,21,1712139832227
837,0.310546875,3.244140625,-0.63671875,-0.25041288075779344,38,1712139832227
837,0.2109375,3.26171875,-0.77734375,-0.25041288075779344,30,1712139832227
837,0.66796875,2.9296875,-0.548828125,-0.12520644037889672,22,1712139832227
837,0.67578125,2.990234375,-0.404296875,-0.12520644037889672,32,1712139832227
837,0.685546875,3.02734375,-0.412109375,-0.12520644037889672,26,1712139832227
838,0.373046875,2.736328125,-1.11328125,0.0,11,1712139832327
838,0.470703125,2.8203125,-0.9609375,0.0,47,1712139832327
838,0.4765625,2.896484375,-0.841796875,0.0,88,1712139832327
838,0.482421875,2.96484375,-0.734375,0.0,89,1712139832327
838,0.390625,3.04296875,-0.626953125,0.0,46,1712139832327
838,0.376953125,2.818359375,-1.001953125,0.12520644037889672,57,1712139832327
838,0.380859375,2.9140625,-0.828125,0.12520644037889672,109,1712139832327
838,0.38671875,2.97265625,-0.76171875,0.12520644037889672,105,1712139832327
838,0.390625,3.0390625,-0.64453125,0.12520644037889672,51,1712139832327
838,0.376953125,2.880859375,-0.806640625,0.25041288075779344,39,1712139832327
838,0.380859375,2.96875,-0.603515625,0.25041288075779344,79,1712139832327
838,0.38671875,3.021484375,-0.533203125,0.25041288075779344,78,1712139832327
838,0.29296875,3.080078125,-0.4765625,0.25041288075779344,42,1712139832327
838,0.19140625,2.935546875,-0.818359375,0.37561932113669017,30,1712139832327
838,0.2890625,3.009765625,-0.6484375,0.37561932113669017,65,1712139832327
838,0.29296875,3.07421875,-0.5078125,0.37561932113669017,53,1712139832327
838,0.3671875,2.9140625,-0.140625,0.5008257615155869,23,1712139832327
838,0.373046875,2.947265625,-0.203125,0.5008257615155869,39,1712139832327
838,0.376953125,2.986328125,-0.177734375,0.5008257615155869,37,1712139832327
838,0.287109375,3.013671875,-0.400390625,0.5008257615155869,22,1712139832327
838,0.193359375,3.041015625,-0.52734375,0.5008257615155869,30,1712139832327
838,0.29296875,3.09765625,-0.34375,0.5008257615155869,26,1712139832327
838,0.3671875,2.912109375,0.154296875,0.6260322018944836,20,1712139832327
838,0.373046875,2.955078125,0.029296875,0.6260322018944836,33,1712139832327
838,0.376953125,2.9921875,-0.009765625,0.6260322018944836,37,1712139832327
838,0.380859375,3.029296875,-0.0625,0.6260322018944836,34,1712139832327
838,0.2890625,3.076171875,-0.1171875,0.6260322018944836,26,1712139832327
838,0.4765625,2.87890625,-0.90234375,-0.25041288075779344,22,1712139832327
838,0.580078125,2.8984375,-0.90625,-0.25041288075779344,23,1712139832327
838,0.56640625,2.83203125,-0.8671875,-0.12520644037889672,47,1712139832327
838,0.572265625,2.892578125,-0.796875,-0.12520644037889672,86,1712139832327
838,0.580078125,2.951171875,-0.716796875,-0.12520644037889672,82,1712139832327
838,0.587890625,3.009765625,-0.630859375,-0.12520644037889672,39,1712139832327
839,0.470703125,2.84765625,-0.875,0.0,14,1712139832427
839,0.380859375,2.904296875,-0.86328125,0.0,19,1712139832427
839,0.38671875,2.9296875,-0.912109375,0.0,14,1712139832427
839,0.376953125,2.931640625,-0.595703125,0.12520644037889672,25,1712139832427
839,0.4765625,2.953125,-0.615234375,0.12520644037889672,40,1712139832427
839,0.38671875,2.9921875,-0.681640625,0.12520644037889672,33,1712139832427
839,0.373046875,2.935546875,-0.328125,0.25041288075779344,19,1712139832427
839,0.376953125,2.94921875,-0.5078125,0.25041288075779344,35,1712139832427
839,0.380859375,2.982421875,-0.5390625,0.25041288075779344,43,1712139832427
839,0.2890625,3.001953125,-0.6875,0.25041288075779344,34,1712139832427
839,0.09765625,2.974609375,-0.96875,0.25041288075779344,23,1712139832427
839,0.373046875,2.951171875,-0.13671875,0.37561932113669017,47,1712139832427
839,0.376953125,2.982421875,-0.248046875,0.37561932113669017,76,1712139832427
839,0.287109375,3.02734375,-0.294921875,0.37561932113669017,76,1712139832427
839,0.2890625,3.025390625,-0.57421875,0.37561932113669017,47,1712139832427
839,0.1953125,3.064453125,-0.607421875,0.37561932113669017,47,1712139832427
839,0.197265625,3.119140625,-0.5234375,0.37561932113669017,45,1712139832427
839,0.279296875,2.96484375,0.0546875,0.5008257615155869,40,1712139832427
839,0.283203125,3.001953125,-0.02734375,0.5008257615155869,75,1712139832427
839,0.287109375,3.0390625,-0.0703125,0.5008257615155869,80,1712139832427
839,0.193359375,3.076171875,-0.2421875,0.5008257615155869,51,1712139832427
839,0.1953125,3.11328125,-0.2578125,0.5008257615155869,63,1712139832427
839,0.197265625,3.154296875,-0.21875,0.5008257615155869,59,1712139832427
839,0.201171875,3.1953125,-0.189453125,0.5008257615155869,27,1712139832427
839,0.283203125,2.998046875,0.166015625,0.6260322018944836,24,1712139832427
839,0.287109375,3.03515625,0.181640625,0.6260322018944836,28,1712139832427
839,0.193359375,3.08203125,0.146484375,0.6260322018944836,20,1712139832427
839,0.1953125,3.123046875,0.08203125,0.6260322018944836,32,1712139832427
839,0.296875,3.154296875,0.091796875,0.6260322018944836,30,1712139832427
839,0.5078125,3.05078125,-0.98046875,-0.37561932113669017,30,1712139832427
839,0.71875,3.02734375,-1.046875,-0.37561932113669017,20,1712139832427
839,0.501953125,3.044921875,-0.875,-0.25041288075779344,39,1712139832427
839,0.609375,3.033203125,-0.978515625,-0.25041288075779344,65,1712139832427
839,0.513671875,3.08984375,-0.98046875,-0.25041288075779344,49,1712139832427
839,0.685546875,3.013671875,-0.501953125,-0.12520644037889672,20,1712139832427
839,0.400390625,3.07421875,-0.818359375,-0.12520644037889672,31,1712139832427
839,0.40625,3.115234375,-0.8125,-0.12520644037889672,53,1712139832427
839,0.513671875,3.1328125,-0.8359375,-0.12520644037889672,41,1712139832427
840,0.376953125,2.76171875,-1.154296875,0.0,16,1712139832527
840,0.380859375,2.900390625,-0.875,0.0,44,1712139832527
840,0.38671875,2.962890625,-0.79296875,0.0,55,1712139832527
840,0.29296875,3.041015625,-0.6796875,0.0,37,1712139832527
840,0.296875,3.107421875,-0.544921875,0.0,31,1712139832527
840,0.30078125,3.150390625,-0.5234375,0.0,54,1712139832527
840,0.3046875,3.171875,-0.61328125,0.0,67,1712139832527
840,0.30859375,3.193359375,-0.693359375,0.0,51,1712139832527
840,0.20703125,3.205078125,-0.84375,0.0,25,1712139832527
840,0.376953125,2.923828125,-0.634765625,0.12520644037889672,44,1712139832527
840,0.380859375,2.978515625,-0.55859375,0.12520644037889672,113,1712139832527
840,0.38671875,3.0234375,-0.515625,0.12520644037889672,139,1712139832527
840,0.29296875,3.0859375,-0.439453125,0.12520644037889672,88,1712139832527
840,0.197265625,3.142578125,-0.34765625,0.12520644037889672,26,1712139832527
840,0.283203125,2.96484375,-0.470703125,0.25041288075779344,25,1712139832527
840,0.287109375,3.009765625,-0.427734375,0.25041288075779344,44,1712139832527
840,0.2890625,3.060546875,-0.32421875,0.25041288075779344,49,1712139832527
840,0.279296875,2.96484375,-0.0546875,0.37561932113669017,29,1712139832527
840,0.283203125,2.998046875,-0.158203125,0.37561932113669017,71,1712139832527
840,0.287109375,3.03515625,-0.17578125,0.37561932113669017,88,1712139832527
840,0.2890625,3.072265625,-0.197265625,0.37561932113669017,68,1712139832527
840,0.390625,3.1015625,-0.14453125,0.37561932113669017,52,1712139832527
840,0.396484375,3.13671875,-0.197265625,0.37561932113669017,49,1712139832527
840,0.30078125,3.18359375,-0.244140625,0.37561932113669017,34,1712139832527
840,0.185546875,2.96875,0.125,0.5008257615155869,20,1712139832527
840,0.283203125,3.001953125,0.05859375,0.5008257615155869,50,1712139832527
840,0.287109375,3.041015625,0.01171875,0.5008257615155869,63,1712139832527
840,0.2890625,3.078125,-0.03125,0.5008257615155869,50,1712139832527
840,0.1953125,3.12109375,-0.126953125,0.5008257615155869,32,1712139832527
840,0.494140625,3.0703125,-0.603515625,-0.37561932113669017,28,1712139832527
840,0.501953125,3.07421875,-0.76171875,-0.37561932113669017,51,1712139832527
840,0.5078125,3.080078125,-0.888671875,-0.37561932113669017,45,1712139832527
840,0.30859375,3.087890625,-1.07421875,-0.37561932113669017,18,1712139832527
840,0.494140625,3.08984375,-0.498046875,-0.25041288075779344,40,1712139832527
840,0.400390625,3.087890625,-0.763671875,-0.25041288075779344,72,1712139832527
840,0.3046875,3.08203125,-0.96484375,-0.25041288075779344,91,1712139832527
840,0.30859375,3.09765625,-1.04296875,-0.25041288075779344,65,1712139832527
840,0.20703125,3.150390625,-1.029296875,-0.25041288075779344,25,1712139832527
840,0.376953125,2.90625,-0.7109375,-0.12520644037889672,18,1712139832527
840,0.4765625,2.90625,-0.80859375,-0.12520644037889672,40,1712139832527
840,0.482421875,2.953125,-0.78125,-0.12520644037889672,49,1712139832527
840,0.48828125,3.037109375,-0.580078125,-0.12520644037889672,36,1712139832527
840,0.396484375,3.099609375,-0.51953125,-0.12520644037889672,39,1712139832527
840,0.30078125,3.11328125,-0.708984375,-0.12520644037889672,95,1712139832527
840,0.3046875,3.130859375,-0.796875,-0.12520644037889672,124,1712139832527
840,0.30859375,3.150390625,-0.875,-0.12520644037889672,87,1712139832527
840,0.20703125,3.197265625,-0.875,-0.12520644037889672,33,1712139832527
840,-2.66796875,1.78515625,-0.689453125,-0.37561932113669017,10,1712139832527
840,-1.037109375,2.322265625,2.13671875,-0.25041288075779344,13,1712139832527
840,-1.037109375,2.146484375,2.3125,-0.12520644037889672,19,1712139832527
841,0.283203125,2.931640625,-0.6484375,0.0,14,1712139832628
841,0.380859375,2.9375,-0.748046875,0.0,36,1712139832628
841,0.38671875,3.001953125,-0.62890625,0.0,62,1712139832628
841,0.29296875,3.0703125,-0.537109375,0.0,59,1712139832628
841,0.296875,3.115234375,-0.494140625,0.0,34,1712139832628
841,0.376953125,2.943359375,-0.541015625,0.12520644037889672,20,1712139832628
841,0.287109375,2.99609375,-0.515625,0.12520644037889672,52,1712139832628
841,0.2890625,3.046875,-0.4375,0.12520644037889672,74,1712139832628
841,0.29296875,3.09765625,-0.349609375,0.12520644037889672,64,1712139832628
841,0.396484375,3.13671875,-0.22265625,0.12520644037889672,36,1712139832628
841,0.189453125,3.0,-0.25390625,0.25041288075779344,32,1712139832628
841,0.19140625,3.0390625,-0.234375,0.25041288075779344,80,1712139832628
841,0.2890625,3.072265625,-0.2109375,0.25041288075779344,104,1712139832628
841,0.29296875,3.111328125,-0.16796875,0.25041288075779344,80,1712139832628
841,0.296875,3.154296875,-0.080078125,0.25041288075779344,49,1712139832628
841,0.30078125,3.19140625,-0.099609375,0.25041288075779344,33,1712139832628
841,0.189453125,3.009765625,0.03515625,0.37561932113669017,28,1712139832628
841,0.19140625,3.048828125,-0.0078125,0.37561932113669017,67,1712139832628
841,0.193359375,3.0859375,-0.0390625,0.37561932113669017,77,1712139832628
841,0.1953125,3.125,-0.001953125,0.37561932113669017,59,1712139832628
841,0.296875,3.154296875,0.0859375,0.37561932113669017,36,1712139832628
841,0.201171875,3.201171875,-0.015625,0.37561932113669017,28,1712139832628
841,0.19140625,3.046875,0.076171875,0.5008257615155869,20,1712139832628
841,0.193359375,3.08203125,0.150390625,0.5008257615155869,21,1712139832628
841,0.587890625,2.986328125,-0.736328125,-0.37561932113669017,26,1712139832628
841,0.494140625,2.994140625,-0.912109375,-0.37561932113669017,51,1712139832628
841,0.6015625,2.970703125,-1.044921875,-0.37561932113669017,50,1712139832628
841,0.5078125,3.015625,-1.0859375,-0.37561932113669017,20,1712139832628
841,0.38671875,2.88671875,-1.037109375,-0.25041288075779344,24,1712139832628
841,0.59375,3.0546875,-0.599609375,-0.25041288075779344,41,1712139832628
841,0.501953125,3.087890625,-0.708984375,-0.25041288075779344,47,1712139832628
841,0.5078125,3.138671875,-0.6484375,-0.25041288075779344,16,1712139832628
841,0.3671875,2.8515625,-0.6171875,-0.12520644037889672,16,1712139832628
841,0.373046875,2.87890625,-0.6640625,-0.12520644037889672,17,1712139832628
841,0.4765625,2.8828125,-0.890625,-0.12520644037889672,32,1712139832628
841,0.38671875,2.966796875,-0.783203125,-0.12520644037889672,60,1712139832628
841,0.390625,3.013671875,-0.751953125,-0.12520644037889672,54,1712139832628
841,-2.53515625,1.6015625,-1.240234375,-0.37561932113669017,12,1712139832628
841,-2.63671875,1.671875,-0.884765625,-0.25041288075779344,10,1712139832628
842,0.2890625,2.98046875,-0.767578125,0.0,20,1712139832728
842,0.29296875,3.05859375,-0.599609375,0.0,39,1712139832728
842,0.296875,3.11328125,-0.51171875,0.0,47,1712139832728
842,0.30078125,3.142578125,-0.560546875,0.0,33,1712139832728
842,0.380859375,3.009765625,-0.353515625,0.12520644037889672,21,1712139832728
842,0.38671875,3.048828125,-0.34375,0.12520644037889672,48,1712139832728
842,0.29296875,3.09375,-0.37890625,0.12520644037889672,71,1712139832728
842,0.296875,3.12890625,-0.40234375,0.12520644037889672,60,1712139832728
842,0.201171875,3.17578125,-0.392578125,0.12520644037889672,32,1712139832728
842,0.1953125,3.12109375,-0.1328125,0.25041288075779344,38,1712139832728
842,0.099609375,3.158203125,-0.2421875,0.25041288075779344,26,1712139832728
842,0.3046875,3.228515625,-0.1015625,0.25041288075779344,21,1712139832728
842,0.193359375,3.0859375,-0.013671875,0.37561932113669017,25,1712139832728
842,0.09765625,3.12890625,-0.0078125,0.37561932113669017,56,1712139832728
842,0.099609375,3.166015625,-0.046875,0.37561932113669017,58,1712139832728
842,0.099609375,3.205078125,-0.0546875,0.37561932113669017,30,1712139832728
842,0.09765625,3.12890625,0.041015625,0.5008257615155869,23,1712139832728
842,0.099609375,3.166015625,-0.03515625,0.5008257615155869,26,1712139832728
842,0.48828125,3.033203125,-0.595703125,-0.25041288075779344,26,1712139832728
842,0.396484375,3.048828125,-0.765625,-0.25041288075779344,26,1712139832728
842,0.482421875,3.03125,-0.373046875,-0.12520644037889672,20,1712139832728
842,0.29296875,3.078125,-0.484375,-0.12520644037889672,18,1712139832728
842,0.296875,3.095703125,-0.611328125,-0.12520644037889672,31,1712139832728
842,0.30078125,3.115234375,-0.69921875,-0.12520644037889672,28,1712139832728
843,0.2890625,3.0390625,-0.48828125,0.0,33,1712139832779
843,0.29296875,3.08203125,-0.46875,0.0,72,1712139832779
843,0.296875,3.11328125,-0.51171875,0.0,86,1712139832779
843,0.201171875,3.15234375,-0.55078125,0.0,51,1712139832779
843,0.3671875,2.861328125,-0.564453125,0.12520644037889672,18,1712139832779
843,0.46484375,2.888671875,-0.55078125,0.12520644037889672,19,1712139832779
843,0.287109375,3.015625,-0.392578125,0.12520644037889672,31,1712139832779
843,0.2890625,3.06640625,-0.283203125,0.12520644037889672,81,1712139832779
843,0.1953125,3.111328125,-0.28515625,0.12520644037889672,139,1712139832779
843,0.296875,3.138671875,-0.3203125,0.12520644037889672,157,1712139832779
843,0.201171875,3.1796875,-0.37109375,0.12520644037889672,103,1712139832779
843,0.193359375,3.0859375,-0.083984375,0.25041288075779344,54,1712139832779
843,0.1953125,3.123046875,-0.064453125,0.25041288075779344,99,1712139832779
843,0.197265625,3.16015625,-0.12109375,0.25041288075779344,121,1712139832779
843,0.099609375,3.201171875,-0.171875,0.25041288075779344,83,1712139832779
843,0.197265625,3.158203125,0.17578125,0.37561932113669017,24,1712139832779
843,0.48828125,2.9765625,-0.83984375,-0.25041288075779344,28,1712139832779
843,0.494140625,2.994140625,-0.9140625,-0.25041288075779344,23,1712139832779
843,0.482421875,3.005859375,-0.541015625,-0.12520644037889672,32,1712139832779
843,0.48828125,3.0390625,-0.5703125,-0.12520644037889672,48,1712139832779
843,0.396484375,3.0703125,-0.6796875,-0.12520644037889672,42,1712139832779
844,0.373046875,2.841796875,-0.8046875,0.0,14,1712139832879
844,0.283203125,2.912109375,-0.732421875,0.0,17,1712139832879
844,0.287109375,2.97265625,-0.642578125,0.0,20,1712139832879
844,0.095703125,3.087890625,-0.123046875,0.0,16,1712139832879
844,0.09765625,3.1171875,-0.26171875,0.0,59,1712139832879
844,0.099609375,3.142578125,-0.390625,0.0,105,1712139832879
844,0.099609375,3.173828125,-0.443359375,0.0,92,1712139832879
844,0.1015625,3.203125,-0.5078125,0.0,45,1712139832879
844,0.3671875,2.859375,-0.576171875,0.12520644037889672,17,1712139832879
844,0.373046875,2.904296875,-0.541015625,0.12520644037889672,29,1712139832879
844,0.376953125,2.953125,-0.482421875,0.12520644037889672,42,1712139832879
844,0.380859375,2.994140625,-0.46875,0.12520644037889672,58,1712139832879
844,0.2890625,3.064453125,-0.30078125,0.12520644037889672,49,1712139832879
844,0.09765625,3.125,-0.154296875,0.12520644037889672,122,1712139832879
844,0.099609375,3.158203125,-0.24609375,0.12520644037889672,204,1712139832879
844,0.201171875,3.189453125,-0.263671875,0.12520644037889672,177,1712139832879
844,0.1015625,3.2265625,-0.333984375,0.12520644037889672,86,1712139832879
844,0.287109375,3.033203125,-0.22265625,0.25041288075779344,20,1712139832879
844,0.09765625,3.12890625,0.02734375,0.25041288075779344,68,1712139832879
844,0.099609375,3.166015625,-0.03125,0.25041288075779344,115,1712139832879
844,0.201171875,3.201171875,-0.03515625,0.25041288075779344,101,1712139832879
844,0.1015625,3.240234375,-0.130859375,0.25041288075779344,52,1712139832879
844,0.2109375,3.29296875,-0.626953125,0.25041288075779344,26,1712139832879
844,0.4765625,2.87109375,-0.923828125,-0.12520644037889672,24,1712139832879
844,0.482421875,2.935546875,-0.841796875,-0.12520644037889672,23,1712139832879
845,0.29296875,3.080078125,-0.470703125,0.0,34,1712139832979
845,0.197265625,3.125,-0.490234375,0.0,75,1712139832979
845,0.201171875,3.154296875,-0.544921875,0.0,79,1712139832979
845,0.1015625,3.154296875,-0.759765625,0.0,38,1712139832979
845,0.373046875,2.8828125,-0.646484375,0.12520644037889672,16,1712139832979
845,0.376953125,2.955078125,-0.46875,0.12520644037889672,18,1712139832979
845,0.095703125,3.033203125,-0.345703125,0.12520644037889672,16,1712139832979
845,0.29296875,3.09765625,-0.345703125,0.12520644037889672,57,1712139832979
845,0.099609375,3.15234375,-0.310546875,0.12520644037889672,132,1712139832979
845,0.099609375,3.18359375,-0.369140625,0.12520644037889672,143,1712139832979
845,0.1015625,3.1953125,-0.55078125,0.12520644037889672,71,1712139832979
845,0.1953125,3.12109375,-0.12890625,0.25041288075779344,30,1712139832979
845,0.099609375,3.1640625,-0.13671875,0.25041288075779344,71,1712139832979
845,0.099609375,3.19921875,-0.1875,0.25041288075779344,75,1712139832979
845,0.1015625,3.220703125,-0.3828125,0.25041288075779344,37,1712139832979
845,0.10546875,3.3359375,-0.6328125,0.25041288075779344,24,1712139832979
845,0.38671875,2.94921875,-0.849609375,-0.12520644037889672,21,1712139832979
845,0.390625,2.990234375,-0.841796875,-0.12520644037889672,19,1712139832979
846,0.283203125,2.8515625,-0.943359375,0.0,16,1712139833080
846,0.380859375,2.890625,-0.90625,0.0,48,1712139833080
846,0.38671875,2.95703125,-0.8203125,0.0,77,1712139833080
846,0.390625,2.994140625,-0.822265625,0.0,65,1712139833080
846,0.59375,2.8984375,-1.13671875,0.0,28,1712139833080
846,0.0,3.27734375,-0.208984375,0.0,15,1712139833080
846,0.103515625,3.27734375,-0.5234375,0.0,19,1712139833080
846,0.376953125,2.89453125,-0.76171875,0.12520644037889672,32,1712139833080
846,0.380859375,2.943359375,-0.716796875,0.12520644037889672,92,1712139833080
846,0.38671875,3.0,-0.642578125,0.12520644037889672,147,1712139833080
846,0.48828125,3.013671875,-0.689453125,0.12520644037889672,126,1712139833080
846,0.494140625,2.982421875,-0.951171875,0.12520644037889672,56,1712139833080
846,0.103515625,3.28125,-0.00390625,0.12520644037889672,28,1712139833080
846,0.20703125,3.30078125,-0.3125,0.12520644037889672,36,1712139833080
846,0.287109375,2.9921875,-0.54296875,0.25041288075779344,40,1712139833080
846,0.38671875,3.029296875,-0.486328125,0.25041288075779344,67,1712139833080
846,0.390625,3.06640625,-0.494140625,0.25041288075779344,57,1712139833080
846,0.494140625,2.994140625,-0.9140625,0.25041288075779344,25,1712139833080
846,-0.693359375,2.423828125,1.91796875,0.0,16,1712139833080
846,-0.693359375,2.1953125,2.17578125,0.12520644037889672,30,1712139833080
847,0.275390625,2.818359375,-0.791015625,0.0,10,1712139833181
847,0.373046875,2.841796875,-0.80859375,0.0,22,1712139833181
847,0.283203125,2.951171875,-0.556640625,0.0,16,1712139833181
847,0.380859375,2.896484375,-0.890625,0.0,60,1712139833181
847,0.38671875,2.94140625,-0.87109375,0.0,120,1712139833181
847,0.390625,2.99609375,-0.8203125,0.0,118,1712139833181
847,0.296875,3.091796875,-0.626953125,0.0,77,1712139833181
847,0.099609375,3.16796875,-0.490234375,0.0,63,1712139833181
847,0.1015625,3.201171875,-0.5234375,0.0,50,1712139833181
847,0.103515625,3.22265625,-0.615234375,0.0,29,1712139833181
847,0.3671875,2.828125,-0.712890625,0.12520644037889672,19,1712139833181
847,0.373046875,2.876953125,-0.673828125,0.12520644037889672,40,1712139833181
847,0.189453125,2.986328125,-0.373046875,0.12520644037889672,27,1712139833181
847,0.380859375,2.955078125,-0.673828125,0.12520644037889672,110,1712139833181
847,0.38671875,2.994140625,-0.669921875,0.12520644037889672,227,1712139833181
847,0.390625,3.04296875,-0.619140625,0.12520644037889672,222,1712139833181
847,0.296875,3.126953125,-0.416015625,0.12520644037889672,149,1712139833181
847,0.099609375,3.193359375,-0.2734375,0.12520644037889672,124,1712139833181
847,0.1015625,3.228515625,-0.314453125,0.12520644037889672,96,1712139833181
847,0.103515625,3.26171875,-0.359375,0.12520644037889672,54,1712139833181
847,0.373046875,2.9140625,-0.48046875,0.25041288075779344,22,1712139833181
847,0.380859375,2.994140625,-0.466796875,0.25041288075779344,56,1712139833181
847,0.2890625,3.044921875,-0.453125,0.25041288075779344,115,1712139833181
847,0.29296875,3.087890625,-0.419921875,0.25041288075779344,112,1712139833181
847,0.197265625,3.15234375,-0.25390625,0.25041288075779344,71,1712139833181
847,0.099609375,3.205078125,-0.08203125,0.25041288075779344,56,1712139833181
847,0.1015625,3.240234375,-0.15234375,0.25041288075779344,44,1712139833181
847,0.0,3.279296875,-0.1484375,0.25041288075779344,25,1712139833181
848,0.373046875,2.779296875,-1.001953125,0.0,27,1712139833280
848,0.376953125,2.869140625,-0.84765625,0.0,37,1712139833280
848,0.19140625,2.99609375,-0.56640625,0.0,15,1712139833280
848,0.38671875,2.982421875,-0.716796875,0.0,75,1712139833280
848,0.48828125,3.02734375,-0.62890625,0.0,120,1712139833280
848,0.296875,3.109375,-0.53125,0.0,99,1712139833280
848,0.201171875,3.16796875,-0.451171875,0.0,59,1712139833280
848,0.3671875,2.775390625,-0.8984375,0.12520644037889672,19,1712139833280
848,0.373046875,2.857421875,-0.75390625,0.12520644037889672,52,1712139833280
848,0.283203125,2.935546875,-0.6328125,0.12520644037889672,69,1712139833280
848,0.287109375,3.021484375,-0.345703125,0.12520644037889672,29,1712139833280
848,0.38671875,3.0234375,-0.525390625,0.12520644037889672,137,1712139833280
848,0.390625,3.076171875,-0.4296875,0.12520644037889672,226,1712139833280
848,0.296875,3.13671875,-0.33984375,0.12520644037889672,191,1712139833280
848,0.099609375,3.197265625,-0.23046875,0.12520644037889672,116,1712139833280
848,0.1015625,3.244140625,0.0,0.12520644037889672,59,1712139833280
848,0.373046875,2.888671875,-0.623046875,0.25041288075779344,32,1712139833280
848,0.283203125,2.96875,-0.453125,0.25041288075779344,42,1712139833280
848,0.38671875,3.046875,-0.35546875,0.25041288075779344,75,1712139833280
848,0.29296875,3.107421875,-0.24609375,0.25041288075779344,120,1712139833280
848,0.296875,3.150390625,-0.16015625,0.25041288075779344,94,1712139833280
848,0.099609375,3.205078125,-0.052734375,0.25041288075779344,51,1712139833280
848,0.099609375,3.154296875,-0.57421875,-0.12520644037889672,17,1712139833280
848,0.30078125,3.18359375,-0.23046875,0.12520644037889672,116,1712139833280
849,0.376953125,2.796875,-1.0625,0.0,16,1712139833381
849,0.380859375,2.869140625,-0.974609375,0.0,30,1712139833381
849,0.38671875,2.8828125,-1.05078125,0.0,60,1712139833381
849,0.29296875,2.966796875,-0.951171875,0.0,76,1712139833381
849,0.197265625,3.087890625,-0.681640625,0.0,49,1712139833381
849,0.212890625,3.244140625,-0.990234375,0.0,32,1712139833381
849,0.279296875,2.849609375,-0.8203125,0.12520644037889672,18,1712139833381
849,0.376953125,2.8828125,-0.80078125,0.12520644037889672,31,1712139833381
849,0.380859375,2.921875,-0.802734375,0.12520644037889672,56,1712139833381
849,0.38671875,2.9453125,-0.85546875,0.12520644037889672,113,1712139833381
849,0.29296875,3.02734375,-0.740234375,0.12520644037889672,145,1712139833381
849,0.197265625,3.123046875,-0.4921875,0.12520644037889672,89,1712139833381
849,0.279296875,2.90234375,-0.603515625,0.25041288075779344,12,1712139833381
849,0.376953125,2.9140625,-0.6796875,0.25041288075779344,21,1712139833381
849,0.287109375,2.9765625,-0.62109375,0.25041288075779344,35,1712139833381
849,0.2890625,3.00390625,-0.669921875,0.25041288075779344,72,1712139833381
849,0.29296875,3.06640625,-0.556640625,0.25041288075779344,89,1712139833381
849,0.099609375,3.158203125,-0.248046875,0.25041288075779344,48,1712139833381
849,-1.08984375,1.279296875,2.685546875,0.25041288075779344,25,1712139833381
850,0.380859375,2.876953125,-0.951171875,0.0,20,1712139833481
850,0.38671875,2.9453125,-0.859375,0.0,64,1712139833481
850,0.48828125,2.978515625,-0.828125,0.0,124,1712139833481
850,0.494140625,3.01953125,-0.82421875,0.0,123,1712139833481
850,0.501953125,3.01171875,-0.978515625,0.0,57,1712139833481
850,0.212890625,3.27734375,-0.8671875,0.0,27,1712139833481
850,0.283203125,2.89453125,-0.794921875,0.12520644037889672,15,1712139833481
850,0.380859375,2.931640625,-0.76953125,0.12520644037889672,38,1712139833481
850,0.38671875,2.99609375,-0.662109375,0.12520644037889672,121,1712139833481
850,0.390625,3.0390625,-0.640625,0.12520644037889672,235,1712139833481
850,0.396484375,3.078125,-0.638671875,0.12520644037889672,233,1712139833481
850,0.501953125,3.07421875,-0.759765625,0.12520644037889672,111,1712139833481
850,0.10546875,3.31640625,-0.728515625,0.12520644037889672,49,1712139833481
850,0.380859375,2.96484375,-0.625,0.25041288075779344,27,1712139833481
850,0.38671875,3.03125,-0.470703125,0.25041288075779344,77,1712139833481
850,0.48828125,3.064453125,-0.40625,0.25041288075779344,147,1712139833481
850,0.396484375,3.119140625,-0.390625,0.25041288075779344,151,1712139833481
850,0.400390625,3.14453125,-0.484375,0.25041288075779344,69,1712139833481
850,0.390625,3.103515625,-0.140625,0.37561932113669017,19,1712139833481
850,0.296875,3.154296875,-0.017578125,0.37561932113669017,20,1712139833481
850,-0.701171875,2.287109375,2.134765625,0.0,29,1712139833481
851,0.287109375,2.95703125,-0.708984375,0.0,15,1712139833581
851,0.482421875,2.908203125,-0.93359375,0.0,24,1712139833581
851,0.390625,2.953125,-0.962890625,0.0,58,1712139833581
851,0.494140625,2.982421875,-0.947265625,0.0,78,1712139833581
851,0.400390625,3.05859375,-0.87890625,0.0,61,1712139833581
851,0.609375,2.994140625,-1.09375,0.0,31,1712139833581
851,0.376953125,2.919921875,-0.65234375,0.12520644037889672,20,1712139833581
851,0.380859375,2.955078125,-0.66796875,0.12520644037889672,30,1712139833581
851,0.2890625,2.9609375,-0.841796875,0.12520644037889672,43,1712139833581
851,0.390625,3.0,-0.802734375,0.12520644037889672,105,1712139833581
851,0.396484375,3.0625,-0.712890625,0.12520644037889672,145,1712139833581
851,0.400390625,3.1015625,-0.708984375,0.12520644037889672,113,1712139833581
851,0.609375,3.060546875,-0.888671875,0.12520644037889672,57,1712139833581
851,0.2890625,2.99609375,-0.705078125,0.25041288075779344,21,1712139833581
851,0.390625,3.05078125,-0.58203125,0.25041288075779344,54,1712139833581
851,0.396484375,3.09765625,-0.5390625,0.25041288075779344,77,1712139833581
851,0.400390625,3.138671875,-0.51953125,0.25041288075779344,65,1712139833581
851,0.5078125,3.13671875,-0.658203125,0.25041288075779344,37,1712139833581
852,0.390625,3.060546875,-0.5234375,0.0,32,1712139833682
852,0.396484375,3.123046875,-0.357421875,0.0,40,1712139833682
852,0.201171875,3.19921875,-0.060546875,0.0,25,1712139833682
852,0.380859375,2.94921875,-0.69921875,0.12520644037889672,17,1712139833682
852,0.38671875,3.0078125,-0.60546875,0.12520644037889672,22,1712139833682
852,0.390625,3.095703125,-0.26171875,0.12520644037889672,61,1712139833682
852,0.396484375,3.13671875,-0.19921875,0.12520644037889672,75,1712139833682
852,0.201171875,3.19921875,-0.078125,0.12520644037889672,31,1712139833682
852,0.29296875,3.115234375,-0.0859375,0.25041288075779344,29,1712139833682
852,0.396484375,3.14453125,-0.0078125,0.25041288075779344,38,1712139833682
852,0.0,3.236328125,-0.2421875,-0.12520644037889672,25,1712139833682
852,0.0,3.265625,-0.33203125,-0.12520644037889672,19,1712139833682
853,0.390625,3.0078125,-0.775390625,0.0,52,1712139833782
853,0.396484375,3.029296875,-0.837890625,0.0,74,1712139833782
853,0.501953125,3.013671875,-0.97265625,0.0,45,1712139833782
853,0.390625,3.05078125,-0.580078125,0.12520644037889672,100,1712139833782
853,0.396484375,3.099609375,-0.525390625,0.12520644037889672,147,1712139833782
853,0.400390625,3.14453125,-0.482421875,0.12520644037889672,108,1712139833782
853,0.5078125,3.173828125,-0.44921875,0.12520644037889672,51,1712139833782
853,0.390625,3.09375,-0.275390625,0.25041288075779344,49,1712139833782
853,0.396484375,3.1328125,-0.26171875,0.25041288075779344,83,1712139833782
853,0.501953125,3.158203125,-0.24609375,0.25041288075779344,104,1712139833782
853,0.5078125,3.19140625,-0.296875,0.25041288075779344,87,1712139833782
853,0.41015625,3.240234375,-0.326171875,0.25041288075779344,41,1712139833782
853,0.494140625,3.1171875,-0.2890625,0.37561932113669017,34,1712139833782
853,0.400390625,3.17578125,-0.19140625,0.37561932113669017,54,1712139833782
853,0.5078125,3.203125,-0.087890625,0.37561932113669017,46,1712139833782
853,0.41015625,3.2578125,-0.056640625,0.37561932113669017,23,1712139833782
853,0.201171875,3.17578125,-0.396484375,-0.25041288075779344,28,1712139833782
853,0.203125,3.21484375,-0.3984375,-0.25041288075779344,29,1712139833782
853,0.212890625,3.201171875,-1.12109375,-0.25041288075779344,24,1712139833782
853,0.107421875,3.283203125,-1.005859375,-0.25041288075779344,26,1712139833782
853,0.197265625,3.130859375,-0.44921875,-0.12520644037889672,25,1712139833782
853,0.099609375,3.1953125,-0.263671875,-0.12520644037889672,51,1712139833782
853,0.1015625,3.2421875,-0.111328125,-0.12520644037889672,52,1712139833782
853,0.103515625,3.279296875,-0.1171875,-0.12520644037889672,19,1712139833782
853,0.103515625,3.26953125,-0.576171875,-0.12520644037889672,24,1712139833782
853,0.2109375,3.28515625,-0.67578125,-0.12520644037889672,36,1712139833782
853,0.212890625,3.275390625,-0.875,-0.12520644037889672,45,1712139833782
853,0.107421875,3.31640625,-0.888671875,-0.12520644037889672,49,1712139833782
854,0.48828125,2.9140625,-1.033203125,0.0,29,1712139833883
854,0.396484375,3.04296875,-0.791015625,0.0,53,1712139833883
854,0.30078125,3.173828125,-0.349609375,0.0,61,1712139833883
854,0.203125,3.236328125,0.09765625,0.0,45,1712139833883
854,0.0,3.2734375,0.255859375,0.0,18,1712139833883
854,0.4765625,2.916015625,-0.7734375,0.12520644037889672,25,1712139833883
854,0.482421875,2.890625,-0.98828125,0.12520644037889672,23,1712139833883
854,0.390625,3.0078125,-0.77734375,0.12520644037889672,56,1712139833883
854,0.396484375,3.076171875,-0.646484375,0.12520644037889672,89,1712139833883
854,0.400390625,3.125,-0.603515625,0.12520644037889672,75,1712139833883
854,0.3046875,3.181640625,-0.560546875,0.12520644037889672,40,1712139833883
854,0.41015625,3.234375,-0.390625,0.12520644037889672,18,1712139833883
854,0.390625,3.052734375,-0.568359375,0.25041288075779344,27,1712139833883
854,0.396484375,3.103515625,-0.505859375,0.25041288075779344,38,1712139833883
854,0.30078125,3.15234375,-0.5078125,0.25041288075779344,28,1712139833883
854,0.40625,3.19140625,-0.427734375,0.25041288075779344,27,1712139833883
854,0.513671875,3.208984375,-0.47265625,0.25041288075779344,26,1712139833883
854,0.5078125,3.1953125,-0.251953125,0.37561932113669017,22,1712139833883
854,0.513671875,3.224609375,-0.3359375,0.37561932113669017,25,1712139833883
854,0.197265625,3.130859375,-0.44921875,-0.25041288075779344,19,1712139833883
854,0.201171875,3.181640625,-0.34765625,-0.25041288075779344,45,1712139833883
854,0.203125,3.224609375,-0.3046875,-0.25041288075779344,47,1712139833883
854,0.103515625,3.26171875,-0.3671875,-0.25041288075779344,23,1712139833883
854,0.20703125,3.216796875,-0.796875,-0.25041288075779344,20,1712139833883
854,0.197265625,3.146484375,-0.32421875,-0.12520644037889672,43,1712139833883
854,0.201171875,3.1953125,-0.173828125,-0.12520644037889672,89,1712139833883
854,0.203125,3.234375,-0.150390625,-0.12520644037889672,92,1712139833883
854,0.205078125,3.2734375,-0.158203125,-0.12520644037889672,45,1712139833883
854,0.103515625,3.28125,-0.5078125,-0.12520644037889672,25,1712139833883
855,0.470703125,2.869140625,-0.80078125,0.0,12,1712139833984
855,0.4765625,2.892578125,-0.853515625,0.0,35,1712139833984
855,0.482421875,2.91796875,-0.900390625,0.0,40,1712139833984
855,0.48828125,2.8984375,-1.076171875,0.0,49,1712139833984
855,0.59375,2.9375,-1.029296875,0.0,106,1712139833984
855,0.501953125,3.01171875,-0.984375,0.0,115,1712139833984
855,0.40625,3.119140625,-0.794921875,0.0,73,1712139833984
855,0.30859375,3.23828125,-0.447265625,0.0,56,1712139833984
855,0.20703125,3.306640625,-0.240234375,0.0,42,1712139833984
855,0.10546875,3.357421875,0.064453125,0.0,20,1712139833984
855,0.470703125,2.890625,-0.72265625,0.12520644037889672,22,1712139833984
855,0.4765625,2.943359375,-0.6640625,0.12520644037889672,64,1712139833984
855,0.482421875,2.970703125,-0.708984375,0.12520644037889672,75,1712139833984
855,0.48828125,2.98828125,-0.794921875,0.12520644037889672,103,1712139833984
855,0.494140625,3.046875,-0.716796875,0.12520644037889672,234,1712139833984
855,0.400390625,3.11328125,-0.658203125,0.12520644037889672,258,1712139833984
855,0.40625,3.158203125,-0.623046875,0.12520644037889672,131,1712139833984
855,0.205078125,3.2578125,-0.34375,0.12520644037889672,28,1712139833984
855,0.4765625,2.97265625,-0.51171875,0.25041288075779344,35,1712139833984
855,0.482421875,3.009765625,-0.51953125,0.25041288075779344,40,1712139833984
855,0.390625,3.03515625,-0.66015625,0.25041288075779344,48,1712139833984
855,0.396484375,3.099609375,-0.529296875,0.25041288075779344,112,1712139833984
855,0.400390625,3.14453125,-0.48828125,0.25041288075779344,115,1712139833984
855,0.203125,3.224609375,-0.302734375,0.25041288075779344,43,1712139833984
855,0.71875,3.16015625,-0.5234375,0.25041288075779344,29,1712139833984
855,0.623046875,3.212890625,-0.568359375,0.25041288075779344,26,1712139833984
855,0.609375,3.16796875,-0.35546875,0.37561932113669017,28,1712139833984
855,0.615234375,3.203125,-0.37109375,0.37561932113669017,37,1712139833984
855,0.623046875,3.234375,-0.421875,0.37561932113669017,26,1712139833984
855,0.30859375,3.142578125,-0.90234375,-0.37561932113669017,19,1712139833984
855,0.2109375,3.138671875,-1.1796875,-0.37561932113669017,21,1712139833984
855,0.212890625,3.244140625,-0.98828125,-0.37561932113669017,37,1712139833984
855,0.21484375,3.291015625,-0.962890625,-0.37561932113669017,28,1712139833984
855,0.296875,3.0234375,-0.8984375,-0.25041288075779344,17,1712139833984
855,0.400390625,3.087890625,-0.763671875,-0.25041288075779344,22,1712139833984
855,0.203125,3.154296875,-0.73828125,-0.25041288075779344,30,1712139833984
855,0.30859375,3.201171875,-0.662109375,-0.25041288075779344,62,1712139833984
855,0.310546875,3.263671875,-0.525390625,-0.25041288075779344,56,1712139833984
855,0.212890625,3.255859375,-0.94921875,-0.25041288075779344,36,1712139833984
855,0.21484375,3.326171875,-0.8359375,-0.25041288075779344,35,1712139833984
855,0.296875,3.1015625,-0.576171875,-0.12520644037889672,44,1712139833984
855,0.30078125,3.142578125,-0.560546875,-0.12520644037889672,54,1712139833984
855,0.3046875,3.1640625,-0.650390625,-0.12520644037889672,38,1712139833984
855,0.205078125,3.2421875,-0.4765625,-0.12520644037889672,78,1712139833984
855,0.310546875,3.287109375,-0.353515625,-0.12520644037889672,82,1712139833984
855,0.2109375,3.353515625,-0.013671875,-0.12520644037889672,35,1712139833984
855,-1.025390625,1.52734375,2.71875,0.12520644037889672,18,1712139833984
855,-1.013671875,1.240234375,2.822265625,0.25041288075779344,25,1712139833984
856,0.580078125,2.884765625,-0.947265625,0.0,18,1712139834083
856,0.48828125,2.888671875,-1.103515625,0.0,25,1712139834083
856,0.494140625,2.953125,-1.03515625,0.0,45,1712139834083
856,0.501953125,3.0,-1.017578125,0.0,62,1712139834083
856,0.40625,3.095703125,-0.8828125,0.0,44,1712139834083
856,0.205078125,3.2578125,-0.353515625,0.0,21,1712139834083
856,0.4765625,2.953125,-0.6171875,0.12520644037889672,22,1712139834083
856,0.482421875,2.962890625,-0.73828125,0.12520644037889672,34,1712139834083
856,0.48828125,2.955078125,-0.91015625,0.12520644037889672,47,1712139834083
856,0.494140625,3.009765625,-0.857421875,0.12520644037889672,94,1712139834083
856,0.400390625,3.0859375,-0.775390625,0.12520644037889672,135,1712139834083
856,0.5078125,3.09765625,-0.822265625,0.12520644037889672,100,1712139834083
856,0.41015625,3.201171875,-0.60546875,0.12520644037889672,38,1712139834083
856,0.390625,3.017578125,-0.73828125,0.25041288075779344,19,1712139834083
856,0.494140625,3.044921875,-0.72265625,0.25041288075779344,36,1712139834083
856,0.501953125,3.09375,-0.6796875,0.25041288075779344,56,1712139834083
856,0.40625,3.17578125,-0.53125,0.25041288075779344,51,1712139834083
856,0.513671875,3.21875,-0.396484375,0.25041288075779344,33,1712139834083
856,0.10546875,3.318359375,-0.716796875,-0.37561932113669017,18,1712139834083
856,0.212890625,3.294921875,-0.802734375,-0.25041288075779344,25,1712139834083
856,0.59375,2.888671875,-1.16015625,-0.12520644037889672,20,1712139834083
856,0.501953125,2.947265625,-1.16015625,-0.12520644037889672,28,1712139834083
856,0.40625,3.06640625,-0.982421875,-0.12520644037889672,27,1712139834083
856,0.205078125,3.1640625,-0.849609375,-0.12520644037889672,20,1712139834083
857,0.494140625,3.12890625,-0.06640625,0.0,19,1712139834184
857,0.501953125,3.1484375,-0.34765625,0.0,47,1712139834184
857,0.5078125,3.16015625,-0.533203125,0.0,64,1712139834184
857,0.513671875,3.189453125,-0.58984375,0.0,61,1712139834184
857,0.51953125,3.2421875,-0.5,0.0,39,1712139834184
857,0.494140625,3.12109375,0.23046875,0.12520644037889672,35,1712139834184
857,0.501953125,3.166015625,-0.09765625,0.12520644037889672,91,1712139834184
857,0.5078125,3.19140625,-0.3046875,0.12520644037889672,132,1712139834184
857,0.513671875,3.21484375,-0.431640625,0.12520644037889672,117,1712139834184
857,0.416015625,3.27734375,-0.341796875,0.12520644037889672,62,1712139834184
857,0.501953125,3.16015625,0.2265625,0.25041288075779344,46,1712139834184
857,0.5078125,3.205078125,-0.048828125,0.25041288075779344,65,1712139834184
857,0.513671875,3.23828125,-0.1796875,0.25041288075779344,52,1712139834184
857,0.623046875,3.22265625,-0.505859375,0.25041288075779344,35,1712139834184
857,0.734375,3.1875,-0.765625,0.25041288075779344,30,1712139834184
857,0.744140625,3.236328125,-0.71875,0.25041288075779344,21,1712139834184
857,0.71875,3.16796875,-0.48046875,0.37561932113669017,23,1712139834184
857,0.7265625,3.208984375,-0.447265625,0.37561932113669017,36,1712139834184
857,0.630859375,3.26171875,-0.5,0.37561932113669017,30,1712139834184
857,0.205078125,3.0078125,-1.30078125,-0.37561932113669017,22,1712139834184
857,0.310546875,3.01953125,-1.349609375,-0.37561932113669017,27,1712139834184
857,0.314453125,3.111328125,-1.2265625,-0.37561932113669017,24,1712139834184
857,0.318359375,3.240234375,-0.970703125,-0.37561932113669017,24,1712139834184
857,0.30859375,3.15625,-0.84765625,-0.25041288075779344,41,1712139834184
857,0.310546875,3.15234375,-0.99609375,-0.25041288075779344,59,1712139834184
857,0.2109375,3.232421875,-0.89453125,-0.25041288075779344,52,1712139834184
857,0.212890625,3.322265625,-0.677734375,-0.25041288075779344,38,1712139834184
857,0.30859375,3.232421875,-0.4921875,-0.12520644037889672,24,1712139834184
857,0.310546875,3.23828125,-0.66796875,-0.12520644037889672,45,1712139834184
857,0.314453125,3.2734375,-0.6875,-0.12520644037889672,40,1712139834184
857,0.212890625,3.357421875,-0.470703125,-0.12520644037889672,23,1712139834184
857,-0.63671875,1.736328125,2.8515625,0.25041288075779344,11,1712139834184
858,0.587890625,2.94140625,-0.8984375,0.0,12,1712139834284
858,0.494140625,3.076171875,-0.57421875,0.0,19,1712139834284
858,0.30078125,3.1796875,-0.2890625,0.0,32,1712139834284
858,0.3046875,3.181640625,-0.55859375,0.0,39,1712139834284
858,0.513671875,3.087890625,-0.990234375,0.0,38,1712139834284
858,0.51953125,3.169921875,-0.845703125,0.0,33,1712139834284
858,0.525390625,3.236328125,-0.736328125,0.0,26,1712139834284
858,0.580078125,2.96875,-0.640625,0.12520644037889672,22,1712139834284
858,0.587890625,2.990234375,-0.720703125,0.12520644037889672,35,1712139834284
858,0.59375,3.04296875,-0.654296875,0.12520644037889672,63,1712139834284
858,0.6015625,3.109375,-0.505859375,0.12520644037889672,95,1712139834284
858,0.609375,3.162109375,-0.3984375,0.12520644037889672,77,1712139834284
858,0.513671875,3.216796875,-0.40625,0.12520644037889672,62,1712139834284
858,0.51953125,3.255859375,-0.408203125,0.12520644037889672,59,1712139834284
858,0.630859375,3.267578125,-0.466796875,0.12520644037889672,34,1712139834284
858,0.63671875,3.259765625,-0.71484375,0.12520644037889672,25,1712139834284
858,0.64453125,3.318359375,-0.61328125,0.12520644037889672,21,1712139834284
858,0.48828125,3.044921875,-0.53515625,0.25041288075779344,19,1712139834284
858,0.59375,3.08984375,-0.375,0.25041288075779344,35,1712139834284
858,0.6015625,3.14453125,-0.171875,0.25041288075779344,58,1712139834284
858,0.5078125,3.205078125,0.033203125,0.25041288075779344,47,1712139834284
858,0.623046875,3.251953125,-0.265625,0.25041288075779344,28,1712139834284
858,0.63671875,3.275390625,-0.63671875,0.25041288075779344,25,1712139834284
858,0.30859375,3.1328125,-0.9296875,-0.37561932113669017,19,1712139834284
858,0.310546875,3.138671875,-1.04296875,-0.37561932113669017,27,1712139834284
858,0.59375,2.994140625,-0.849609375,-0.25041288075779344,29,1712139834284
858,0.501953125,3.048828125,-0.859375,-0.25041288075779344,44,1712139834284
858,0.40625,3.064453125,-0.984375,-0.25041288075779344,38,1712139834284
858,0.30859375,3.171875,-0.78515625,-0.25041288075779344,48,1712139834284
858,0.20703125,3.234375,-0.728515625,-0.25041288075779344,55,1712139834284
858,0.2109375,3.275390625,-0.720703125,-0.25041288075779344,43,1712139834284
858,0.390625,3.03515625,-0.658203125,-0.12520644037889672,22,1712139834284
858,0.494140625,3.056640625,-0.67578125,-0.12520644037889672,64,1712139834284
858,0.400390625,3.103515625,-0.697265625,-0.12520644037889672,107,1712139834284
858,0.40625,3.111328125,-0.828125,-0.12520644037889672,98,1712139834284
858,0.30859375,3.16796875,-0.80859375,-0.12520644037889672,57,1712139834284
858,0.20703125,3.259765625,-0.60546875,-0.12520644037889672,39,1712139834284
859,0.59375,3.0703125,-0.505859375,0.0,22,1712139834384
859,0.501953125,3.140625,-0.408203125,0.0,37,1712139834384
859,0.5078125,3.17578125,-0.435546875,0.0,61,1712139834384
859,0.41015625,3.22265625,-0.46875,0.0,67,1712139834384
859,0.310546875,3.265625,-0.517578125,0.0,34,1712139834384
859,0.59375,3.08984375,-0.3671875,0.12520644037889672,38,1712139834384
859,0.701171875,3.111328125,-0.32421875,0.12520644037889672,67,1712139834384
859,0.708984375,3.1640625,-0.09765625,0.12520644037889672,55,1712139834384
859,0.615234375,3.1015625,0.8828125,0.12520644037889672,26,1712139834384
859,0.59375,3.11328125,-0.01171875,0.25041288075779344,24,1712139834384
859,0.701171875,3.12890625,0.041015625,0.25041288075779344,61,1712139834384
859,0.708984375,3.1640625,0.09375,0.25041288075779344,82,1712139834384
859,0.71875,3.19921875,0.150390625,0.25041288075779344,62,1712139834384
859,0.7265625,3.220703125,0.357421875,0.25041288075779344,31,1712139834384
859,0.701171875,3.1171875,0.275390625,0.37561932113669017,28,1712139834384
859,0.708984375,3.16015625,0.18359375,0.37561932113669017,54,1712139834384
859,0.71875,3.19921875,0.150390625,0.37561932113669017,51,1712139834384
859,0.51953125,3.271484375,0.2421875,0.37561932113669017,23,1712139834384
859,0.501953125,3.025390625,-0.9375,-0.25041288075779344,29,1712139834384
859,0.5078125,3.05859375,-0.95703125,-0.25041288075779344,53,1712139834384
859,0.41015625,3.126953125,-0.91015625,-0.25041288075779344,66,1712139834384
859,0.416015625,3.18359375,-0.853515625,-0.25041288075779344,56,1712139834384
859,0.419921875,3.25,-0.744140625,-0.25041288075779344,33,1712139834384
859,0.494140625,3.0703125,-0.607421875,-0.12520644037889672,33,1712139834384
859,0.501953125,3.09765625,-0.662109375,-0.12520644037889672,66,1712139834384
859,0.5078125,3.134765625,-0.6640625,-0.12520644037889672,106,1712139834384
859,0.41015625,3.193359375,-0.646484375,-0.12520644037889672,112,1712139834384
859,0.416015625,3.23046875,-0.650390625,-0.12520644037889672,69,1712139834384
859,0.419921875,3.275390625,-0.6171875,-0.12520644037889672,33,1712139834384
860,0.701171875,3.06640625,-0.62109375,0.0,22,1712139834485
860,0.810546875,3.12890625,-0.294921875,0.0,50,1712139834485
860,0.615234375,3.205078125,-0.35546875,0.0,63,1712139834485
860,0.51953125,3.25390625,-0.41015625,0.0,49,1712139834485
860,0.525390625,3.302734375,-0.32421875,0.0,28,1712139834485
860,0.80078125,3.10546875,-0.037109375,0.12520644037889672,35,1712139834485
860,0.810546875,3.140625,-0.05078125,0.12520644037889672,62,1712139834485
860,0.8203125,3.177734375,-0.078125,0.12520644037889672,61,1712139834485
860,0.830078125,3.21484375,-0.021484375,0.12520644037889672,42,1712139834485
860,0.734375,3.27734375,0.02734375,0.12520644037889672,20,1712139834485
860,0.701171875,3.1171875,0.28125,0.25041288075779344,23,1712139834485
860,0.708984375,3.16015625,0.1875,0.25041288075779344,44,1712139834485
860,0.8203125,3.17578125,0.123046875,0.25041288075779344,49,1712139834485
860,0.7265625,3.234375,0.201171875,0.25041288075779344,35,1712139834485
860,0.734375,3.263671875,0.298828125,0.25041288075779344,20,1712139834485
860,0.513671875,3.1328125,-0.83984375,-0.25041288075779344,37,1712139834485
860,0.51953125,3.1640625,-0.86328125,-0.25041288075779344,37,1712139834485
860,0.419921875,3.22265625,-0.849609375,-0.25041288075779344,22,1712139834485
860,0.494140625,3.017578125,-0.833984375,-0.12520644037889672,17,1712139834485
860,0.6015625,2.953125,-1.09375,-0.12520644037889672,29,1712139834485
860,0.5078125,3.130859375,-0.681640625,-0.12520644037889672,43,1712139834485
860,0.513671875,3.185546875,-0.609375,-0.12520644037889672,76,1712139834485
860,0.416015625,3.234375,-0.6328125,-0.12520644037889672,72,1712139834485
860,0.419921875,3.271484375,-0.642578125,-0.12520644037889672,42,1712139834485
861,0.095703125,3.048828125,-0.50390625,0.0,13,1712139834585
861,0.587890625,3.04296875,-0.4375,0.0,24,1712139834585
861,0.494140625,3.08984375,-0.501953125,0.0,78,1712139834585
861,0.501953125,3.119140625,-0.546875,0.0,116,1712139834585
861,0.40625,3.17578125,-0.53125,0.0,94,1712139834585
861,0.30859375,3.25390625,-0.3046875,0.0,42,1712139834585
861,0.93359375,3.1875,-0.009765625,0.0,23,1712139834585
861,0.83984375,3.251953125,-0.05078125,0.0,16,1712139834585
861,0.701171875,3.123046875,-0.1875,0.12520644037889672,36,1712139834585
861,0.912109375,3.11328125,0.068359375,0.12520644037889672,48,1712139834585
861,0.923828125,3.150390625,0.009765625,0.12520644037889672,57,1712139834585
861,0.830078125,3.216796875,0.015625,0.12520644037889672,63,1712139834585
861,0.83984375,3.251953125,-0.068359375,0.12520644037889672,43,1712139834585
861,0.912109375,3.109375,0.16796875,0.25041288075779344,31,1712139834585
861,0.8203125,3.17578125,0.146484375,0.25041288075779344,35,1712139834585
861,0.830078125,3.212890625,0.142578125,0.25041288075779344,34,1712139834585
861,0.630859375,3.2890625,0.2734375,0.25041288075779344,22,1712139834585
861,0.287109375,2.93359375,-0.802734375,-0.25041288075779344,27,1712139834585
861,0.193359375,2.947265625,-0.9140625,-0.25041288075779344,34,1712139834585
861,0.48828125,2.939453125,-0.95703125,-0.25041288075779344,29,1712139834585
861,0.59375,2.98046875,-0.89453125,-0.25041288075779344,74,1712139834585
861,0.6015625,3.00390625,-0.94921875,-0.25041288075779344,109,1712139834585
861,0.5078125,3.0546875,-0.96875,-0.25041288075779344,88,1712139834585
861,0.41015625,3.10546875,-0.984375,-0.25041288075779344,34,1712139834585
861,0.287109375,2.970703125,-0.646484375,-0.12520644037889672,27,1712139834585
861,0.193359375,2.986328125,-0.77734375,-0.12520644037889672,34,1712139834585
861,0.48828125,3.017578125,-0.671875,-0.12520644037889672,48,1712139834585
861,0.494140625,3.052734375,-0.689453125,-0.12520644037889672,156,1712139834585
861,0.6015625,3.0546875,-0.767578125,-0.12520644037889672,236,1712139834585
861,0.5078125,3.109375,-0.77734375,-0.12520644037889672,184,1712139834585
861,0.41015625,3.130859375,-0.896484375,-0.12520644037889672,69,1712139834585
861,0.623046875,3.1796875,-0.7265625,-0.12520644037889672,21,1712139834585
861,-0.103515625,2.625,2.03125,0.0,12,1712139834585
861,-2.90625,1.416015625,-0.763671875,-0.12520644037889672,16,1712139834585
862,0.587890625,3.029296875,-0.533203125,0.0,20,1712139834686
862,0.494140625,3.076171875,-0.576171875,0.0,43,1712139834686
862,0.6015625,3.09765625,-0.56640625,0.0,62,1712139834686
862,0.609375,3.150390625,-0.484375,0.0,67,1712139834686
862,0.615234375,3.208984375,-0.31640625,0.0,47,1712139834686
862,0.830078125,3.17578125,-0.50390625,0.0,18,1712139834686
862,1.013671875,3.076171875,0.189453125,0.12520644037889672,29,1712139834686
862,0.923828125,3.150390625,0.068359375,0.12520644037889672,46,1712139834686
862,0.849609375,3.287109375,-0.11328125,0.12520644037889672,26,1712139834686
862,0.8203125,3.1484375,0.4375,0.25041288075779344,24,1712139834686
862,0.587890625,2.9296875,-0.93359375,-0.25041288075779344,19,1712139834686
862,0.59375,2.96484375,-0.947265625,-0.25041288075779344,39,1712139834686
862,0.501953125,3.015625,-0.966796875,-0.25041288075779344,49,1712139834686
862,0.5078125,3.0625,-0.9453125,-0.25041288075779344,45,1712139834686
862,0.41015625,3.125,-0.919921875,-0.25041288075779344,25,1712139834686
862,0.587890625,2.978515625,-0.759765625,-0.12520644037889672,41,1712139834686
862,0.59375,3.01171875,-0.783203125,-0.12520644037889672,89,1712139834686
862,0.6015625,3.046875,-0.80078125,-0.12520644037889672,117,1712139834686
862,0.5078125,3.111328125,-0.7734375,-0.12520644037889672,106,1712139834686
862,0.513671875,3.15625,-0.748046875,-0.12520644037889672,58,1712139834686
863,0.580078125,2.966796875,-0.654296875,0.0,17,1712139834786
863,0.587890625,3.03125,-0.515625,0.0,37,1712139834786
863,0.59375,3.076171875,-0.47265625,0.0,56,1712139834786
863,0.6015625,3.1171875,-0.453125,0.0,55,1712139834786
863,0.5078125,3.169921875,-0.466796875,0.0,37,1712139834786
863,0.513671875,3.177734375,-0.64453125,0.0,20,1712139834786
863,0.93359375,3.18359375,-0.138671875,0.0,27,1712139834786
863,0.9453125,3.224609375,-0.017578125,0.0,17,1712139834786
863,0.59375,3.091796875,-0.357421875,0.12520644037889672,27,1712139834786
863,0.501953125,3.150390625,-0.322265625,0.12520644037889672,30,1712139834786
863,0.609375,3.18359375,-0.171875,0.12520644037889672,27,1712139834786
863,0.923828125,3.150390625,-0.08203125,0.12520644037889672,28,1712139834786
863,1.037109375,3.154296875,-0.02734375,0.12520644037889672,44,1712139834786
863,0.9453125,3.22265625,0.107421875,0.12520644037889672,26,1712139834786
863,0.93359375,3.185546875,0.1015625,0.25041288075779344,28,1712139834786
863,0.685546875,2.900390625,-0.9609375,-0.25041288075779344,34,1712139834786
863,0.59375,2.98046875,-0.896484375,-0.25041288075779344,49,1712139834786
863,0.6015625,3.021484375,-0.890625,-0.25041288075779344,48,1712139834786
863,0.609375,3.064453125,-0.875,-0.25041288075779344,35,1712139834786
863,0.67578125,2.888671875,-0.869140625,-0.12520644037889672,37,1712139834786
863,0.685546875,2.962890625,-0.744140625,-0.12520644037889672,81,1712139834786
863,0.59375,3.033203125,-0.701171875,-0.12520644037889672,124,1712139834786
863,0.701171875,3.064453125,-0.6328125,-0.12520644037889672,122,1712139834786
863,0.609375,3.12890625,-0.603515625,-0.12520644037889672,89,1712139834786
863,0.513671875,3.173828125,-0.6640625,-0.12520644037889672,48,1712139834786
864,0.59375,3.0,-0.830078125,0.0,15,1712139834886
864,0.6015625,3.119140625,-0.435546875,0.0,30,1712139834886
864,0.609375,3.171875,-0.318359375,0.0,45,1712139834886
864,0.71875,3.19140625,-0.271484375,0.0,37,1712139834886
864,0.93359375,3.173828125,-0.30078125,0.0,26,1712139834886
864,0.9453125,3.21484375,-0.23828125,0.0,17,1712139834886
864,0.923828125,3.146484375,-0.15625,0.12520644037889672,30,1712139834886
864,0.93359375,3.185546875,-0.083984375,0.12520644037889672,40,1712139834886
864,0.9453125,3.22265625,-0.103515625,0.12520644037889672,31,1712139834886
864,0.6015625,3.05078125,-0.78125,-0.25041288075779344,26,1712139834886
864,0.609375,3.08984375,-0.783203125,-0.25041288075779344,39,1712139834886
864,0.513671875,3.166015625,-0.703125,-0.25041288075779344,26,1712139834886
864,0.685546875,2.927734375,-0.8671875,-0.12520644037889672,27,1712139834886
864,0.693359375,2.90625,-1.0546875,-0.12520644037889672,34,1712139834886
864,0.6015625,3.078125,-0.66796875,-0.12520644037889672,49,1712139834886
864,0.609375,3.138671875,-0.548828125,-0.12520644037889672,78,1712139834886
864,0.513671875,3.1953125,-0.548828125,-0.12520644037889672,52,1712139834886
865,0.29296875,3.087890625,-0.419921875,0.0,12,1712139834986
865,0.494140625,3.09765625,-0.44921875,0.0,40,1712139834986
865,0.6015625,3.119140625,-0.435546875,0.0,62,1712139834986
865,0.609375,3.1640625,-0.38671875,0.0,50,1712139834986
865,0.615234375,3.189453125,-0.478515625,0.0,24,1712139834986
865,0.693359375,3.052734375,-0.4921875,0.12520644037889672,21,1712139834986
865,0.59375,2.947265625,-1.001953125,-0.25041288075779344,38,1712139834986
865,0.6015625,3.029296875,-0.8671875,-0.25041288075779344,55,1712139834986
865,0.609375,3.080078125,-0.81640625,-0.25041288075779344,42,1712139834986
865,0.587890625,2.970703125,-0.796875,-0.12520644037889672,32,1712139834986
865,0.59375,3.025390625,-0.728515625,-0.12520644037889672,87,1712139834986
865,0.6015625,3.078125,-0.666015625,-0.12520644037889672,121,1712139834986
865,0.609375,3.134765625,-0.580078125,-0.12520644037889672,88,1712139834986
865,0.513671875,3.19921875,-0.53125,-0.12520644037889672,32,1712139834986
865,-0.8203125,1.845703125,2.587890625,-0.12520644037889672,19,1712139834986
866,0.59375,2.994140625,-0.853515625,-0.12520644037889672,21,1712139835087
866,0.6015625,3.080078125,-0.65625,-0.12520644037889672,24,1712139835087
866,0.609375,3.140625,-0.544921875,-0.12520644037889672,24,1712139835087
866,0.71875,3.150390625,-0.580078125,-0.12520644037889672,20,1712139835087
867,1.142578125,3.111328125,-0.2265625,0.0,17,1712139835188
867,0.79296875,3.009765625,-0.58984375,0.12520644037889672,31,1712139835188
867,0.701171875,3.09765625,-0.44140625,0.12520644037889672,33,1712139835188
867,0.609375,3.16015625,-0.412109375,0.12520644037889672,18,1712139835188
867,1.025390625,3.119140625,-0.04296875,0.12520644037889672,25,1712139835188
867,1.037109375,3.154296875,-0.06640625,0.12520644037889672,40,1712139835188
867,1.05078125,3.185546875,-0.1796875,0.12520644037889672,31,1712139835188
867,0.494140625,3.072265625,-0.59375,-0.12520644037889672,15,1712139835188
867,0.6015625,3.095703125,-0.5859375,-0.12520644037889672,21,1712139835188
867,0.609375,3.125,-0.630859375,-0.12520644037889672,16,1712139835188
868,1.025390625,3.091796875,-0.41015625,0.0,16,1712139835288
868,1.037109375,3.138671875,-0.314453125,0.0,24,1712139835288
868,1.05078125,3.1796875,-0.26171875,0.0,19,1712139835288
868,0.59375,3.0546875,-0.595703125,0.12520644037889672,29,1712139835288
868,0.501953125,3.107421875,-0.6171875,0.12520644037889672,30,1712139835288
868,0.5078125,3.1796875,-0.404296875,0.12520644037889672,25,1712139835288
868,0.923828125,3.14453125,-0.2109375,0.12520644037889672,35,1712139835288
868,1.142578125,3.1171875,-0.10546875,0.12520644037889672,52,1712139835288
868,1.154296875,3.15234375,-0.099609375,0.12520644037889672,41,1712139835288
868,1.037109375,3.15234375,0.115234375,0.25041288075779344,21,1712139835288
868,0.693359375,2.87890625,-1.126953125,-0.12520644037889672,16,1712139835288
868,0.6015625,2.96875,-1.05078125,-0.12520644037889672,17,1712139835288
869,0.79296875,2.9609375,-0.80078125,0.0,18,1712139835389
869,0.80078125,2.994140625,-0.826171875,0.0,19,1712139835389
869,0.79296875,2.986328125,-0.703125,0.12520644037889672,40,1712139835389
869,0.80078125,3.041015625,-0.62890625,0.12520644037889672,44,1712139835389
869,1.037109375,3.150390625,-0.181640625,0.12520644037889672,31,1712139835389
869,-0.396484375,2.400390625,2.03125,0.0,10,1712139835389
869,-0.501953125,2.4375,2.0234375,0.0,10,1712139835389
869,-0.396484375,2.33203125,2.107421875,0.12520644037889672,21,1712139835389
870,0.701171875,3.103515625,-0.39453125,0.0,27,1712139835489
870,0.609375,3.169921875,-0.337890625,0.0,22,1712139835489
870,0.685546875,3.03125,-0.373046875,0.12520644037889672,21,1712139835489
870,0.693359375,3.068359375,-0.373046875,0.12520644037889672,31,1712139835489
870,0.80078125,3.087890625,-0.31640625,0.12520644037889672,31,1712139835489
870,0.609375,3.185546875,-0.1015625,0.12520644037889672,22,1712139835489
870,0.701171875,3.02734375,-0.7890625,-0.25041288075779344,24,1712139835489
870,0.693359375,3.033203125,-0.59765625,-0.12520644037889672,40,1712139835489
870,0.701171875,3.08203125,-0.541015625,-0.12520644037889672,67,1712139835489
870,0.708984375,3.11328125,-0.572265625,-0.12520644037889672,58,1712139835489
870,0.615234375,3.154296875,-0.66796875,-0.12520644037889672,21,1712139835489
870,-0.513671875,2.279296875,2.306640625,-0.12520644037889672,11,1712139835489
871,0.79296875,2.916015625,-0.953125,0.0,15,1712139835589
871,0.90234375,2.9140625,-0.990234375,0.0,16,1712139835589
871,0.783203125,2.982421875,-0.53515625,0.12520644037889672,25,1712139835589
871,0.79296875,2.998046875,-0.65234375,0.12520644037889672,46,1712139835589
871,0.701171875,3.056640625,-0.673828125,0.12520644037889672,47,1712139835589
871,0.708984375,3.091796875,-0.681640625,0.12520644037889672,27,1712139835589
871,0.693359375,2.95703125,-0.90625,-0.12520644037889672,20,1712139835589
871,0.701171875,2.98046875,-0.955078125,-0.12520644037889672,22,1712139835589
872,0.685546875,2.953125,-0.78125,0.0,18,1712139835690
872,0.693359375,3.03515625,-0.58984375,0.0,41,1712139835690
872,0.701171875,3.08203125,-0.5390625,0.0,49,1712139835690
872,0.708984375,3.123046875,-0.52734375,0.0,31,1712139835690
872,0.693359375,3.021484375,-0.658203125,0.12520644037889672,36,1712139835690
872,0.80078125,3.015625,-0.73828125,0.12520644037889672,41,1712139835690
872,0.708984375,3.033203125,-0.912109375,0.12520644037889672,23,1712139835690
872,0.693359375,3.015625,-0.6796875,-0.25041288075779344,24,1712139835690
872,0.701171875,3.04296875,-0.732421875,-0.25041288075779344,31,1712139835690
872,0.609375,3.095703125,-0.76171875,-0.25041288075779344,19,1712139835690
872,0.693359375,3.0546875,-0.478515625,-0.12520644037889672,42,1712139835690
872,0.6015625,3.111328125,-0.49609375,-0.12520644037889672,54,1712139835690
872,0.609375,3.1484375,-0.49609375,-0.12520644037889672,35,1712139835690
872,1.05078125,3.162109375,-0.43359375,-0.12520644037889672,26,1712139835690
872,1.0625,3.220703125,-0.21484375,-0.12520644037889672,27,1712139835690
873,0.783203125,3.025390625,-0.1796875,0.0,25,1712139835790
873,0.79296875,3.06640625,-0.111328125,0.0,58,1712139835790
873,0.80078125,3.10546875,0.037109375,0.0,65,1712139835790
873,0.912109375,3.109375,0.162109375,0.0,37,1712139835790
873,1.025390625,3.083984375,0.46875,0.0,20,1712139835790
873,1.142578125,3.099609375,0.34375,0.0,24,1712139835790
873,1.154296875,3.154296875,0.048828125,0.0,25,1712139835790
873,0.693359375,3.017578125,-0.673828125,0.12520644037889672,24,1712139835790
873,0.6015625,3.06640625,-0.71875,0.12520644037889672,24,1712139835790
873,0.80078125,3.013671875,-0.75,-0.37561932113669017,20,1712139835790
873,0.783203125,2.974609375,-0.58203125,-0.25041288075779344,38,1712139835790
873,0.890625,2.978515625,-0.611328125,-0.25041288075779344,94,1712139835790
873,0.80078125,3.060546875,-0.52734375,-0.25041288075779344,113,1712139835790
873,0.810546875,3.1015625,-0.501953125,-0.25041288075779344,69,1712139835790
873,1.025390625,3.076171875,-0.517578125,-0.25041288075779344,29,1712139835790
873,1.142578125,3.099609375,-0.34765625,-0.25041288075779344,28,1712139835790
873,1.154296875,3.142578125,-0.28125,-0.25041288075779344,31,1712139835790
873,0.783203125,2.9921875,-0.484375,-0.12520644037889672,64,1712139835790
873,0.890625,3.0078125,-0.4453125,-0.12520644037889672,140,1712139835790
873,0.80078125,3.0859375,-0.3515625,-0.12520644037889672,160,1712139835790
873,0.810546875,3.126953125,-0.3125,-0.12520644037889672,100,1712139835790
873,1.025390625,3.103515625,-0.298828125,-0.12520644037889672,52,1712139835790
873,1.037109375,3.150390625,-0.1640625,-0.12520644037889672,52,1712139835790
873,1.05078125,3.18359375,-0.212890625,-0.12520644037889672,52,1712139835790
874,0.380859375,2.99609375,-0.451171875,0.0,18,1712139835891
874,0.482421875,3.037109375,-0.33203125,0.0,12,1712139835891
874,0.685546875,3.046875,-0.22265625,0.0,35,1712139835891
874,0.59375,3.107421875,-0.18359375,0.0,69,1712139835891
874,0.701171875,3.126953125,-0.138671875,0.0,64,1712139835891
874,0.708984375,3.166015625,-0.046875,0.0,25,1712139835891
874,0.494140625,3.126953125,-0.12109375,0.12520644037889672,27,1712139835891
874,0.6015625,3.140625,-0.236328125,0.12520644037889672,33,1712139835891
874,0.609375,3.150390625,-0.484375,0.12520644037889672,24,1712139835891
874,0.380859375,2.8515625,-1.02734375,-0.25041288075779344,22,1712139835891
874,0.685546875,3.017578125,-0.46875,-0.25041288075779344,32,1712139835891
874,0.693359375,3.041015625,-0.55859375,-0.25041288075779344,70,1712139835891
874,0.80078125,3.0546875,-0.560546875,-0.25041288075779344,70,1712139835891
874,0.810546875,3.095703125,-0.533203125,-0.25041288075779344,39,1712139835891
874,0.376953125,2.91015625,-0.69140625,-0.12520644037889672,23,1712139835891
874,0.4765625,2.92578125,-0.734375,-0.12520644037889672,34,1712139835891
874,0.580078125,2.9765625,-0.6015625,-0.12520644037889672,24,1712139835891
874,0.685546875,3.03125,-0.3828125,-0.12520644037889672,72,1712139835891
874,0.693359375,3.0625,-0.4296875,-0.12520644037889672,142,1712139835891
874,0.6015625,3.123046875,-0.416015625,-0.12520644037889672,133,1712139835891
874,0.708984375,3.140625,-0.400390625,-0.12520644037889672,65,1712139835891
874,0.80078125,3.076171875,-0.423828125,-0.12520644037889672,133,1712139835891
875,0.7734375,2.974609375,-0.345703125,0.0,30,1712139835991
875,0.783203125,3.01171875,-0.345703125,0.0,66,1712139835991
875,0.79296875,3.05078125,-0.31640625,0.0,77,1712139835991
875,0.701171875,3.11328125,-0.310546875,0.0,55,1712139835991
875,0.708984375,3.150390625,-0.318359375,0.0,28,1712139835991
875,0.8203125,3.173828125,-0.181640625,0.0,17,1712139835991
875,0.587890625,3.06640625,-0.23828125,0.12520644037889672,23,1712139835991
875,0.494140625,3.123046875,-0.193359375,0.12520644037889672,33,1712139835991
875,0.501953125,3.15625,-0.265625,0.12520644037889672,23,1712139835991
875,0.912109375,3.091796875,-0.37890625,-0.37561932113669017,26,1712139835991
875,0.923828125,3.12890625,-0.37109375,-0.37561932113669017,31,1712139835991
875,0.869140625,2.8828125,-0.703125,-0.25041288075779344,29,1712139835991
875,0.783203125,2.94140625,-0.734375,-0.25041288075779344,63,1712139835991
875,0.79296875,2.9921875,-0.67578125,-0.25041288075779344,70,1712139835991
875,0.80078125,3.052734375,-0.5625,-0.25041288075779344,43,1712139835991
875,0.912109375,3.11328125,0.0546875,-0.25041288075779344,34,1712139835991
875,1.025390625,3.11328125,0.171875,-0.25041288075779344,28,1712139835991
875,0.7734375,2.9453125,-0.5390625,-0.12520644037889672,49,1712139835991
875,0.783203125,2.98828125,-0.51171875,-0.12520644037889672,104,1712139835991
875,0.79296875,3.033203125,-0.462890625,-0.12520644037889672,116,1712139835991
875,0.80078125,3.07421875,-0.439453125,-0.12520644037889672,78,1712139835991
875,0.810546875,3.072265625,-0.66015625,-0.12520644037889672,43,1712139835991
876,0.572265625,2.982421875,-0.32421875,0.0,12,1712139836091
876,0.7734375,2.978515625,-0.302734375,0.0,34,1712139836091
876,0.783203125,3.021484375,-0.228515625,0.0,33,1712139836091
876,0.79296875,3.052734375,-0.306640625,0.0,10,1712139836091
876,0.701171875,3.072265625,-0.587890625,0.0,11,1712139836091
876,0.708984375,3.15625,-0.26171875,0.0,21,1712139836091
876,0.685546875,3.048828125,-0.19140625,0.12520644037889672,24,1712139836091
876,0.59375,3.09375,-0.33203125,0.12520644037889672,36,1712139836091
876,0.6015625,3.109375,-0.5078125,0.12520644037889672,39,1712139836091
876,0.609375,3.13671875,-0.5703125,0.12520644037889672,27,1712139836091
876,1.001953125,3.02734375,-0.345703125,-0.5008257615155869,57,1712139836091
876,1.013671875,3.060546875,-0.359375,-0.5008257615155869,81,1712139836091
876,1.025390625,3.1015625,-0.322265625,-0.5008257615155869,63,1712139836091
876,0.93359375,3.1796875,-0.205078125,-0.5008257615155869,24,1712139836091
876,0.990234375,3.00390625,-0.181640625,-0.37561932113669017,22,1712139836091
876,1.001953125,3.03515625,-0.251953125,-0.37561932113669017,80,1712139836091
876,0.912109375,3.103515625,-0.248046875,-0.37561932113669017,134,1712139836091
876,0.923828125,3.142578125,-0.232421875,-0.37561932113669017,114,1712139836091
876,0.93359375,3.18359375,-0.166015625,-0.37561932113669017,45,1712139836091
876,0.9453125,3.197265625,-0.41015625,-0.37561932113669017,17,1712139836091
876,0.955078125,3.23046875,-0.4375,-0.37561932113669017,16,1712139836091
876,0.7734375,2.912109375,-0.697265625,-0.25041288075779344,49,1712139836091
876,0.783203125,2.95703125,-0.666015625,-0.25041288075779344,54,1712139836091
876,0.90234375,3.052734375,-0.3828125,-0.25041288075779344,78,1712139836091
876,0.810546875,3.134765625,-0.22265625,-0.25041288075779344,108,1712139836091
876,0.923828125,3.1484375,-0.119140625,-0.25041288075779344,82,1712139836091
876,0.93359375,3.1875,-0.05859375,-0.25041288075779344,29,1712139836091
876,0.763671875,2.890625,-0.623046875,-0.12520644037889672,23,1712139836091
876,0.67578125,2.978515625,-0.48046875,-0.12520644037889672,63,1712139836091
876,0.783203125,2.994140625,-0.474609375,-0.12520644037889672,58,1712139836091
876,0.59375,2.826171875,-1.302734375,-0.12520644037889672,24,1712139836091
876,0.80078125,3.009765625,-0.76171875,-0.12520644037889672,57,1712139836091
876,0.810546875,3.119140625,-0.37890625,-0.12520644037889672,35,1712139836091
877,0.66796875,2.9609375,-0.333984375,0.0,26,1712139836191
877,0.67578125,3.005859375,-0.259765625,0.0,61,1712139836191
877,0.685546875,3.046875,-0.216796875,0.0,72,1712139836191
877,0.59375,3.107421875,-0.17578125,0.0,42,1712139836191
877,0.501953125,3.1171875,-0.564453125,0.0,16,1712139836191
877,0.494140625,3.06640625,-0.62109375,0.12520644037889672,27,1712139836191
877,0.501953125,3.076171875,-0.755859375,0.12520644037889672,39,1712139836191
877,0.5078125,3.115234375,-0.755859375,0.12520644037889672,31,1712139836191
877,0.501953125,3.12890625,-0.48828125,0.25041288075779344,21,1712139836191
877,0.990234375,3.0,-0.25390625,-0.5008257615155869,30,1712139836191
877,0.90234375,3.044921875,-0.44921875,-0.5008257615155869,59,1712139836191
877,0.912109375,3.080078125,-0.455078125,-0.5008257615155869,57,1712139836191
877,0.93359375,3.142578125,-0.529296875,-0.5008257615155869,23,1712139836191
877,0.9453125,3.177734375,-0.546875,-0.5008257615155869,25,1712139836191
877,0.990234375,3.009765625,0.04296875,-0.37561932113669017,27,1712139836191
877,1.001953125,3.037109375,-0.244140625,-0.37561932113669017,77,1712139836191
877,0.912109375,3.107421875,-0.21484375,-0.37561932113669017,77,1712139836191
877,0.8203125,3.173828125,-0.169921875,-0.37561932113669017,25,1712139836191
877,0.9453125,3.19140625,-0.45703125,-0.37561932113669017,24,1712139836191
877,0.66796875,2.90234375,-0.673828125,-0.25041288075779344,37,1712139836191
877,0.7734375,2.919921875,-0.6640625,-0.25041288075779344,88,1712139836191
877,0.783203125,2.958984375,-0.654296875,-0.25041288075779344,98,1712139836191
877,0.59375,3.02734375,-0.724609375,-0.25041288075779344,44,1712139836191
877,0.66796875,2.93359375,-0.525390625,-0.12520644037889672,52,1712139836191
877,0.67578125,2.984375,-0.44921875,-0.12520644037889672,123,1712139836191
877,0.685546875,3.025390625,-0.41796875,-0.12520644037889672,142,1712139836191
877,0.693359375,3.068359375,-0.376953125,-0.12520644037889672,86,1712139836191
877,0.6015625,3.12109375,-0.427734375,-0.12520644037889672,33,1712139836191
877,0.615234375,3.15625,-0.658203125,-0.12520644037889672,27,1712139836191
877,-0.59375,2.005859375,2.380859375,-0.25041288075779344,23,1712139836191
878,0.66796875,2.97265625,-0.22265625,0.0,31,1712139836292
878,0.580078125,3.03125,-0.1875,0.0,64,1712139836292
878,0.587890625,3.072265625,-0.12890625,0.0,65,1712139836292
878,0.494140625,3.126953125,0.1328125,0.0,29,1712139836292
878,0.501953125,3.064453125,-0.80078125,0.12520644037889672,26,1712139836292
878,0.5078125,3.10546875,-0.791015625,0.12520644037889672,20,1712139836292
878,0.869140625,2.955078125,-0.263671875,-0.6260322018944836,34,1712139836292
878,0.880859375,2.99609375,-0.224609375,-0.6260322018944836,72,1712139836292
878,0.890625,3.033203125,-0.21484375,-0.6260322018944836,75,1712139836292
878,0.80078125,3.095703125,-0.244140625,-0.6260322018944836,32,1712139836292
878,0.869140625,2.966796875,0.025390625,-0.5008257615155869,50,1712139836292
878,0.880859375,3.00390625,-0.0234375,-0.5008257615155869,121,1712139836292
878,0.79296875,3.068359375,-0.013671875,-0.5008257615155869,136,1712139836292
878,0.80078125,3.10546875,-0.033203125,-0.5008257615155869,68,1712139836292
878,0.66796875,2.935546875,-0.51171875,-0.37561932113669017,19,1712139836292
878,0.7734375,2.970703125,-0.3671875,-0.37561932113669017,52,1712139836292
878,0.880859375,3.001953125,-0.11328125,-0.37561932113669017,83,1712139836292
878,0.79296875,3.06640625,0.115234375,-0.37561932113669017,79,1712139836292
878,0.80078125,3.095703125,0.232421875,-0.37561932113669017,35,1712139836292
878,0.66796875,2.923828125,-0.58203125,-0.25041288075779344,58,1712139836292
878,0.67578125,2.96484375,-0.560546875,-0.25041288075779344,115,1712139836292
878,0.587890625,3.033203125,-0.5,-0.25041288075779344,112,1712139836292
878,0.693359375,3.041015625,-0.5546875,-0.25041288075779344,59,1712139836292
878,0.66796875,2.95703125,-0.36328125,-0.12520644037889672,64,1712139836292
878,0.67578125,2.994140625,-0.373046875,-0.12520644037889672,137,1712139836292
878,0.587890625,3.0546875,-0.34765625,-0.12520644037889672,144,1712139836292
878,0.494140625,3.111328125,-0.3359375,-0.12520644037889672,79,1712139836292
878,0.501953125,3.13671875,-0.435546875,-0.12520644037889672,24,1712139836292
879,0.572265625,2.986328125,-0.279296875,0.0,26,1712139836392
879,0.482421875,3.048828125,-0.173828125,0.0,30,1712139836392
879,0.390625,3.1015625,-0.1796875,0.0,22,1712139836392
879,0.296875,3.119140625,-0.4765625,0.0,19,1712139836392
879,0.30078125,3.1328125,-0.615234375,0.0,20,1712139836392
879,0.494140625,3.052734375,-0.693359375,0.12520644037889672,35,1712139836392
879,0.400390625,3.087890625,-0.767578125,0.12520644037889672,43,1712139836392
879,0.396484375,3.099609375,-0.521484375,0.25041288075779344,20,1712139836392
879,0.400390625,3.115234375,-0.6484375,0.25041288075779344,26,1712139836392
879,0.869140625,2.95703125,-0.251953125,-0.7512386422733803,33,1712139836392
879,0.880859375,2.9921875,-0.2734375,-0.7512386422733803,39,1712139836392
879,0.890625,3.02734375,-0.29296875,-0.7512386422733803,22,1712139836392
879,0.763671875,2.955078125,-0.115234375,-0.6260322018944836,41,1712139836392
879,0.7734375,2.9921875,-0.083984375,-0.6260322018944836,71,1712139836392
879,0.783203125,3.029296875,-0.087890625,-0.6260322018944836,77,1712139836392
879,0.79296875,3.068359375,-0.048828125,-0.6260322018944836,39,1712139836392
879,0.66796875,2.98046875,0.03125,-0.5008257615155869,32,1712139836392
879,0.67578125,3.017578125,0.015625,-0.5008257615155869,53,1712139836392
879,0.783203125,3.03125,0.025390625,-0.5008257615155869,52,1712139836392
879,0.693359375,3.087890625,0.14453125,-0.5008257615155869,24,1712139836392
879,0.572265625,2.93359375,-0.625,-0.37561932113669017,43,1712139836392
879,0.580078125,2.9921875,-0.525390625,-0.37561932113669017,72,1712139836392
879,0.587890625,3.041015625,-0.455078125,-0.37561932113669017,64,1712139836392
879,0.396484375,3.11328125,-0.43359375,-0.37561932113669017,26,1712139836392
879,0.56640625,2.841796875,-0.83984375,-0.25041288075779344,28,1712139836392
879,0.572265625,2.927734375,-0.65234375,-0.25041288075779344,83,1712139836392
879,0.580078125,2.982421875,-0.57421875,-0.25041288075779344,119,1712139836392
879,0.48828125,3.05078125,-0.505859375,-0.25041288075779344,90,1712139836392
879,0.494140625,3.076171875,-0.578125,-0.25041288075779344,48,1712139836392
879,0.400390625,3.13671875,-0.53515625,-0.25041288075779344,29,1712139836392
879,0.56640625,2.892578125,-0.638671875,-0.12520644037889672,30,1712139836392
879,0.572265625,2.955078125,-0.51953125,-0.12520644037889672,72,1712139836392
879,0.580078125,3.005859375,-0.44140625,-0.12520644037889672,92,1712139836392
879,0.48828125,3.0625,-0.421875,-0.12520644037889672,68,1712139836392
879,0.494140625,3.09375,-0.46875,-0.12520644037889672,46,1712139836392
879,0.30078125,3.177734375,-0.31640625,-0.12520644037889672,32,1712139836392
880,0.56640625,2.9609375,0.072265625,0.0,17,1712139836493
880,0.572265625,3.0,0.015625,0.0,33,1712139836493
880,0.482421875,3.0546875,0.03125,0.0,29,1712139836493
880,0.390625,3.1015625,0.16015625,0.0,12,1712139836493
880,0.708984375,3.03125,-0.912109375,0.12520644037889672,30,1712139836493
880,0.71875,3.05078125,-0.9765625,0.12520644037889672,48,1712139836493
880,0.623046875,3.138671875,-0.88671875,0.12520644037889672,39,1712139836493
880,0.501953125,3.0859375,-0.716796875,0.25041288075779344,30,1712139836493
880,0.5078125,3.11328125,-0.759765625,0.25041288075779344,36,1712139836493
880,0.513671875,3.134765625,-0.83203125,0.25041288075779344,44,1712139836493
880,0.51953125,3.189453125,-0.767578125,0.25041288075779344,33,1712139836493
880,0.75390625,2.91015625,-0.234375,-0.876445082652277,30,1712139836493
880,0.763671875,2.94140625,-0.30078125,-0.876445082652277,38,1712139836493
880,0.67578125,3.00390625,-0.283203125,-0.876445082652277,25,1712139836493
880,0.65234375,2.90625,0.033203125,-0.7512386422733803,31,1712139836493
880,0.75390625,2.91796875,-0.09765625,-0.7512386422733803,90,1712139836493
880,0.66796875,2.9765625,-0.125,-0.7512386422733803,122,1712139836493
880,0.67578125,3.013671875,-0.15625,-0.7512386422733803,90,1712139836493
880,0.587890625,3.07421875,-0.056640625,-0.7512386422733803,43,1712139836493
880,0.744140625,2.876953125,0.181640625,-0.6260322018944836,24,1712139836493
880,0.66015625,2.939453125,0.138671875,-0.6260322018944836,74,1712139836493
880,0.66796875,2.978515625,0.076171875,-0.6260322018944836,110,1712139836493
880,0.67578125,3.017578125,-0.0078125,-0.6260322018944836,95,1712139836493
880,0.48828125,3.091796875,0.0078125,-0.6260322018944836,51,1712139836493
880,0.470703125,2.94921875,-0.4140625,-0.5008257615155869,43,1712139836493
880,0.572265625,2.966796875,-0.44921875,-0.5008257615155869,105,1712139836493
880,0.580078125,3.009765625,-0.4140625,-0.5008257615155869,124,1712139836493
880,0.48828125,3.068359375,-0.38671875,-0.5008257615155869,68,1712139836493
880,0.701171875,3.1171875,-0.263671875,-0.5008257615155869,26,1712139836493
880,0.56640625,2.93359375,-0.41796875,-0.37561932113669017,50,1712139836493
880,0.572265625,2.97265625,-0.404296875,-0.37561932113669017,122,1712139836493
880,0.580078125,3.013671875,-0.384765625,-0.37561932113669017,142,1712139836493
880,0.48828125,3.0703125,-0.361328125,-0.37561932113669017,74,1712139836493
880,0.830078125,3.14453125,-0.669921875,-0.37561932113669017,30,1712139836493
880,0.56640625,2.931640625,-0.42578125,-0.25041288075779344,28,1712139836493
880,0.66796875,2.94921875,-0.423828125,-0.25041288075779344,48,1712139836493
880,0.67578125,2.9921875,-0.39453125,-0.25041288075779344,54,1712139836493
880,0.685546875,3.02734375,-0.4140625,-0.25041288075779344,35,1712139836493
880,0.296875,3.060546875,-0.76171875,-0.25041288075779344,24,1712139836493
880,0.66015625,2.9375,-0.189453125,-0.12520644037889672,30,1712139836493
880,0.4765625,3.001953125,-0.3046875,-0.12520644037889672,56,1712139836493
880,0.482421875,3.041015625,-0.287109375,-0.12520644037889672,47,1712139836493
880,0.390625,3.083984375,-0.369140625,-0.12520644037889672,21,1712139836493
881,0.56640625,2.900390625,-0.603515625,0.0,21,1712139836593
881,0.572265625,2.935546875,-0.6171875,0.0,28,1712139836593
881,0.482421875,3.005859375,-0.541015625,0.0,16,1712139836593
881,0.8203125,2.69921875,-1.6796875,0.0,18,1712139836593
881,0.609375,2.818359375,-1.48828125,0.12520644037889672,24,1712139836593
881,0.71875,2.771484375,-1.607421875,0.12520644037889672,33,1712139836593
881,0.8203125,2.58203125,-1.853515625,0.25041288075779344,19,1712139836593
881,0.642578125,2.85546875,-0.267578125,-0.876445082652277,35,1712139836593
881,0.65234375,2.896484375,-0.228515625,-0.876445082652277,47,1712139836593
881,0.66015625,2.931640625,-0.2578125,-0.876445082652277,35,1712139836593
881,0.66796875,2.9609375,-0.33984375,-0.876445082652277,27,1712139836593
881,0.482421875,3.04296875,-0.265625,-0.876445082652277,20,1712139836593
881,0.642578125,2.869140625,0.0,-0.7512386422733803,53,1712139836593
881,0.65234375,2.90625,-0.001953125,-0.7512386422733803,69,1712139836593
881,0.56640625,2.962890625,0.0,-0.7512386422733803,59,1712139836593
881,0.572265625,2.998046875,-0.103515625,-0.7512386422733803,53,1712139836593
881,0.482421875,3.052734375,-0.0625,-0.7512386422733803,34,1712139836593
881,0.55078125,2.875,0.263671875,-0.6260322018944836,27,1712139836593
881,0.55859375,2.923828125,0.107421875,-0.6260322018944836,36,1712139836593
881,0.56640625,2.9609375,0.06640625,-0.6260322018944836,35,1712139836593
881,0.572265625,2.99609375,0.13671875,-0.6260322018944836,24,1712139836593
881,0.572265625,2.8984375,-0.7734375,-0.5008257615155869,25,1712139836593
881,0.580078125,2.978515625,-0.59765625,-0.5008257615155869,52,1712139836593
881,0.587890625,3.03125,-0.51953125,-0.5008257615155869,50,1712139836593
881,0.494140625,3.099609375,-0.43359375,-0.5008257615155869,25,1712139836593
881,0.56640625,2.85546875,-0.79296875,-0.37561932113669017,49,1712139836593
881,0.572265625,2.931640625,-0.640625,-0.37561932113669017,81,1712139836593
881,0.580078125,2.9921875,-0.521484375,-0.37561932113669017,76,1712139836593
881,0.48828125,3.072265625,-0.345703125,-0.37561932113669017,43,1712139836593
881,0.55859375,2.83984375,-0.703125,-0.25041288075779344,32,1712139836593
881,0.56640625,2.888671875,-0.66015625,-0.25041288075779344,92,1712139836593
881,0.572265625,2.94140625,-0.5859375,-0.25041288075779344,124,1712139836593
881,0.482421875,3.01953125,-0.462890625,-0.25041288075779344,83,1712139836593
881,0.48828125,3.0859375,-0.205078125,-0.25041288075779344,24,1712139836593
881,0.46484375,2.87890625,-0.603515625,-0.12520644037889672,26,1712139836593
881,0.56640625,2.90625,-0.576171875,-0.12520644037889672,71,1712139836593
881,0.572265625,2.94921875,-0.546875,-0.12520644037889672,88,1712139836593
881,0.580078125,3.0,-0.48046875,-0.12520644037889672,54,1712139836593
881,-0.41015625,3.00390625,1.2578125,0.12520644037889672,18,1712139836593
881,-0.41015625,3.205078125,0.580078125,0.25041288075779344,12,1712139836593
881,-0.783203125,1.078125,2.83203125,-0.25041288075779344,13,1712139836593
882,0.56640625,2.9453125,-0.326171875,0.0,50,1712139836694
882,0.4765625,2.99609375,-0.34375,0.0,75,1712139836694
882,0.482421875,3.025390625,-0.423828125,0.0,57,1712139836694
882,0.587890625,3.029296875,-0.529296875,0.0,34,1712139836694
882,0.56640625,2.921875,-0.486328125,0.12520644037889672,23,1712139836694
882,0.572265625,2.93359375,-0.626953125,0.12520644037889672,32,1712139836694
882,0.580078125,2.947265625,-0.736328125,0.12520644037889672,21,1712139836694
882,0.41015625,3.17578125,-0.724609375,0.25041288075779344,21,1712139836694
882,0.310546875,3.234375,-0.69140625,0.25041288075779344,24,1712139836694
882,0.513671875,3.091796875,-0.98046875,0.37561932113669017,21,1712139836694
882,0.416015625,3.189453125,-0.830078125,0.37561932113669017,22,1712139836694
882,0.51953125,3.0625,-1.17578125,0.5008257615155869,16,1712139836694
882,0.544921875,2.79296875,-0.5625,-0.6260322018944836,23,1712139836694
882,0.537109375,2.779296875,-0.435546875,-0.5008257615155869,24,1712139836694
882,0.544921875,2.826171875,-0.369140625,-0.5008257615155869,43,1712139836694
882,0.55078125,2.861328125,-0.39453125,-0.5008257615155869,34,1712139836694
882,0.544921875,2.841796875,-0.21484375,-0.37561932113669017,24,1712139836694
882,0.66015625,2.81640625,-0.853515625,-0.37561932113669017,33,1712139836694
882,0.572265625,2.904296875,-0.755859375,-0.37561932113669017,35,1712139836694
882,0.744140625,2.849609375,-0.443359375,-0.25041288075779344,34,1712139836694
882,0.56640625,2.89453125,-0.6328125,-0.25041288075779344,101,1712139836694
882,0.572265625,2.927734375,-0.658203125,-0.25041288075779344,120,1712139836694
882,0.482421875,2.955078125,-0.76953125,-0.25041288075779344,56,1712139836694
882,0.587890625,2.962890625,-0.8203125,-0.25041288075779344,29,1712139836694
882,0.3671875,2.822265625,-0.734375,-0.12520644037889672,16,1712139836694
882,0.744140625,2.87890625,-0.1640625,-0.12520644037889672,23,1712139836694
882,0.56640625,2.9296875,-0.44140625,-0.12520644037889672,103,1712139836694
882,0.572265625,2.96484375,-0.4609375,-0.12520644037889672,142,1712139836694
882,0.580078125,2.990234375,-0.533203125,-0.12520644037889672,96,1712139836694
882,0.587890625,3.009765625,-0.626953125,-0.12520644037889672,57,1712139836694
883,0.6171875,2.736328125,-0.341796875,0.0,20,1712139836795
883,0.537109375,2.791015625,-0.341796875,0.0,33,1712139836795
883,0.544921875,2.82421875,-0.384765625,0.0,27,1712139836795
883,0.458984375,2.875,-0.40625,0.0,12,1712139836795
883,0.470703125,2.919921875,-0.587890625,0.12520644037889672,19,1712139836795
883,0.66796875,2.880859375,-0.76171875,0.12520644037889672,19,1712139836795
883,0.67578125,2.9375,-0.685546875,0.12520644037889672,45,1712139836795
883,0.783203125,2.947265625,-0.705078125,0.12520644037889672,38,1712139836795
883,0.67578125,2.953125,-0.619140625,0.25041288075779344,23,1712139836795
883,0.587890625,3.0234375,-0.55859375,0.25041288075779344,18,1712139836795
883,0.6171875,2.654296875,-0.744140625,-0.25041288075779344,21,1712139836795
883,0.71484375,2.677734375,-0.720703125,-0.25041288075779344,33,1712139836795
883,0.544921875,2.7734375,-0.66015625,-0.25041288075779344,24,1712139836795
883,0.6171875,2.70703125,-0.521484375,-0.12520644037889672,37,1712139836795
883,0.626953125,2.744140625,-0.52734375,-0.12520644037889672,61,1712139836795
883,0.634765625,2.787109375,-0.494140625,-0.12520644037889672,48,1712139836795
883,0.55078125,2.83203125,-0.56640625,-0.12520644037889672,21,1712139836795
883,-0.642578125,1.6484375,2.34765625,-0.12520644037889672,11,1712139836795
884,0.6171875,2.64453125,-0.775390625,0.0,13,1712139836894
884,0.626953125,2.701171875,-0.71484375,0.0,20,1712139836894
884,0.544921875,2.748046875,-0.7578125,0.0,15,1712139836894
884,0.6171875,2.70703125,-0.517578125,0.12520644037889672,26,1712139836894
884,0.626953125,2.73046875,-0.58984375,0.12520644037889672,44,1712139836894
884,0.544921875,2.791015625,-0.57421875,0.12520644037889672,35,1712139836894
884,0.626953125,2.751953125,-0.48046875,0.25041288075779344,20,1712139836894
885,0.6171875,2.59375,-0.93359375,0.0,12,1712139836995
885,0.626953125,2.595703125,-1.03515625,0.0,19,1712139836995
885,0.634765625,2.595703125,-1.130859375,0.0,13,1712139836995
885,0.55859375,2.859375,-0.61328125,0.0,20,1712139836995
885,0.56640625,2.85546875,-0.78515625,0.0,33,1712139836995
885,0.4765625,2.884765625,-0.8828125,0.0,34,1712139836995
885,0.6171875,2.6640625,-0.705078125,0.12520644037889672,26,1712139836995
885,0.626953125,2.69140625,-0.751953125,0.12520644037889672,47,1712139836995
885,0.634765625,2.6875,-0.890625,0.12520644037889672,36,1712139836995
885,0.46484375,2.904296875,-0.466796875,0.12520644037889672,36,1712139836995
885,0.470703125,2.912109375,-0.625,0.12520644037889672,62,1712139836995
885,0.572265625,2.900390625,-0.767578125,0.12520644037889672,69,1712139836995
885,0.6171875,2.70703125,-0.515625,0.25041288075779344,24,1712139836995
885,0.626953125,2.73046875,-0.58984375,0.25041288075779344,45,1712139836995
885,0.634765625,2.755859375,-0.646484375,0.25041288075779344,40,1712139836995
885,0.46484375,2.919921875,-0.3515625,0.25041288075779344,24,1712139836995
885,0.470703125,2.931640625,-0.5234375,0.25041288075779344,46,1712139836995
885,0.4765625,2.955078125,-0.60546875,0.25041288075779344,53,1712139836995
885,0.482421875,2.958984375,-0.755859375,0.25041288075779344,47,1712139836995
886,0.537109375,2.634765625,-0.982421875,0.0,14,1712139837095
886,0.634765625,2.59375,-1.1328125,0.0,19,1712139837095
886,0.642578125,2.609375,-1.19140625,0.0,15,1712139837095
886,0.46484375,2.783203125,-0.953125,0.0,14,1712139837095
886,0.376953125,2.81640625,-1.009765625,0.0,14,1712139837095
886,0.529296875,2.689453125,-0.68359375,0.12520644037889672,20,1712139837095
886,0.626953125,2.669921875,-0.82421875,0.12520644037889672,57,1712139837095
886,0.634765625,2.685546875,-0.896484375,0.12520644037889672,76,1712139837095
886,0.642578125,2.71875,-0.9140625,0.12520644037889672,53,1712139837095
886,0.373046875,2.87109375,-0.697265625,0.12520644037889672,29,1712139837095
886,0.376953125,2.912109375,-0.689453125,0.12520644037889672,28,1712139837095
886,0.529296875,2.72265625,-0.537109375,0.25041288075779344,28,1712139837095
886,0.537109375,2.740234375,-0.63671875,0.25041288075779344,76,1712139837095
886,0.634765625,2.736328125,-0.72265625,0.25041288075779344,101,1712139837095
886,0.55078125,2.802734375,-0.6953125,0.25041288075779344,66,1712139837095
886,0.55859375,2.86328125,-0.59765625,0.25041288075779344,25,1712139837095
886,0.537109375,2.7734375,-0.46875,0.37561932113669017,33,1712139837095
886,0.634765625,2.783203125,-0.5234375,0.37561932113669017,44,1712139837095
886,0.55078125,2.833984375,-0.55078125,0.37561932113669017,27,1712139837095
886,-2.326171875,1.548828125,-1.029296875,0.25041288075779344,13,1712139837095
887,0.626953125,2.61328125,-0.986328125,0.0,21,1712139837196
887,0.634765625,2.640625,-1.021484375,0.0,34,1712139837196
887,0.642578125,2.638671875,-1.123046875,0.0,30,1712139837196
887,0.55859375,2.69140625,-1.146484375,0.0,13,1712139837196
887,0.537109375,2.697265625,-0.796875,0.12520644037889672,41,1712139837196
887,0.544921875,2.720703125,-0.8515625,0.12520644037889672,67,1712139837196
887,0.642578125,2.71875,-0.912109375,0.12520644037889672,60,1712139837196
887,0.55859375,2.763671875,-0.9609375,0.12520644037889672,26,1712139837196
887,0.537109375,2.74609375,-0.607421875,0.25041288075779344,31,1712139837196
887,0.544921875,2.767578125,-0.6796875,0.25041288075779344,50,1712139837196
887,0.642578125,2.7578125,-0.787109375,0.25041288075779344,45,1712139837196
887,0.65234375,2.796875,-0.787109375,0.25041288075779344,22,1712139837196
887,-0.46484375,2.4140625,1.6796875,0.0,8,1712139837196
887,-0.46484375,2.337890625,1.783203125,0.12520644037889672,14,1712139837196
888,0.724609375,2.525390625,-1.23046875,0.0,13,1712139837296
888,0.734375,2.51953125,-1.32421875,0.0,18,1712139837296
888,0.65234375,2.640625,-1.2109375,0.0,15,1712139837296
888,0.634765625,2.619140625,-1.076171875,0.12520644037889672,23,1712139837296
888,0.642578125,2.68359375,-1.01171875,0.12520644037889672,32,1712139837296
888,0.65234375,2.720703125,-1.017578125,0.12520644037889672,27,1712139837296
894,0.55078125,2.70703125,-1.005859375,-0.12520644037889672,17,1712139837898
895,0.376953125,2.8671875,-0.857421875,-0.12520644037889672,23,1712139837998
895,0.4765625,2.857421875,-0.96875,-0.12520644037889672,25,1712139837998
896,0.453125,2.814453125,-0.544921875,0.0,13,1712139838099
896,0.626953125,2.673828125,-0.806640625,-0.12520644037889672,21,1712139838099
896,0.544921875,2.73828125,-0.791015625,-0.12520644037889672,23,1712139838099
896,0.46484375,2.8359375,-0.783203125,-0.12520644037889672,21,1712139838099
897,0.529296875,2.76171875,-0.275390625,0.0,15,1712139838199
897,0.626953125,2.7578125,-0.4453125,0.0,38,1712139838199
897,0.634765625,2.79296875,-0.46875,0.0,47,1712139838199
897,0.642578125,2.826171875,-0.484375,0.0,31,1712139838199
897,0.6171875,2.6796875,-0.6484375,-0.25041288075779344,22,1712139838199
897,0.626953125,2.69140625,-0.74609375,-0.25041288075779344,57,1712139838199
897,0.634765625,2.720703125,-0.78515625,-0.25041288075779344,72,1712139838199
897,0.642578125,2.751953125,-0.8125,-0.25041288075779344,49,1712139838199
897,0.6171875,2.701171875,-0.552734375,-0.12520644037889672,31,1712139838199
897,0.626953125,2.7265625,-0.611328125,-0.12520644037889672,77,1712139838199
897,0.724609375,2.73046875,-0.66015625,-0.12520644037889672,94,1712139838199
897,0.642578125,2.80078125,-0.619140625,-0.12520644037889672,63,1712139838199
897,0.65234375,2.859375,-0.51171875,-0.12520644037889672,19,1712139838199
897,-2.326171875,1.748046875,-0.6328125,-0.12520644037889672,10,1712139838199
898,0.529296875,2.73046875,-0.4921875,0.0,13,1712139838300
898,0.537109375,2.771484375,-0.47265625,0.0,38,1712139838300
898,0.634765625,2.7890625,-0.48828125,0.0,48,1712139838300
898,0.642578125,2.822265625,-0.515625,0.0,30,1712139838300
898,0.29296875,2.939453125,-1.03515625,0.12520644037889672,23,1712139838300
898,0.626953125,2.669921875,-0.8203125,-0.25041288075779344,34,1712139838300
898,0.634765625,2.701171875,-0.84765625,-0.25041288075779344,45,1712139838300
898,0.642578125,2.724609375,-0.89453125,-0.25041288075779344,29,1712139838300
898,0.70703125,2.625,-0.76953125,-0.12520644037889672,24,1712139838300
898,0.626953125,2.716796875,-0.6484375,-0.12520644037889672,68,1712139838300
898,0.634765625,2.748046875,-0.6796875,-0.12520644037889672,88,1712139838300
898,0.642578125,2.7890625,-0.66796875,-0.12520644037889672,54,1712139838300
898,0.46484375,2.85546875,-0.705078125,-0.12520644037889672,23,1712139838300
898,0.470703125,2.90234375,-0.671875,-0.12520644037889672,33,1712139838300
898,0.4765625,2.935546875,-0.69140625,-0.12520644037889672,44,1712139838300
899,0.6171875,2.64453125,-0.779296875,0.0,14,1712139838400
899,0.71484375,2.673828125,-0.734375,0.0,37,1712139838400
899,0.634765625,2.744140625,-0.693359375,0.0,44,1712139838400
899,0.55078125,2.8046875,-0.68359375,0.0,31,1712139838400
899,0.46484375,2.853515625,-0.708984375,0.0,15,1712139838400
899,0.6171875,2.6953125,-0.576171875,0.12520644037889672,24,1712139838400
899,0.626953125,2.740234375,-0.541015625,0.12520644037889672,65,1712139838400
899,0.724609375,2.755859375,-0.546875,0.12520644037889672,82,1712139838400
899,0.55078125,2.84375,-0.49609375,0.12520644037889672,61,1712139838400
899,0.55859375,2.865234375,-0.5859375,0.12520644037889672,32,1712139838400
899,0.537109375,2.7890625,-0.357421875,0.25041288075779344,32,1712139838400
899,0.544921875,2.83203125,-0.31640625,0.25041288075779344,43,1712139838400
899,0.55078125,2.8671875,-0.3359375,0.25041288075779344,37,1712139838400
899,0.46484375,2.92578125,-0.30078125,0.25041288075779344,24,1712139838400
899,0.53125,3.0390625,-1.421875,-0.25041288075779344,21,1712139838400
899,-0.744140625,2.142578125,1.927734375,0.0,8,1712139838400
900,0.634765625,2.73828125,-0.72265625,0.0,15,1712139838500
900,0.734375,2.75,-0.734375,0.0,13,1712139838500
900,0.373046875,2.798828125,-0.947265625,0.0,13,1712139838500
900,0.376953125,2.85546875,-0.89453125,0.0,23,1712139838500
900,0.4765625,2.861328125,-0.95703125,0.0,24,1712139838500
900,0.46484375,2.806640625,-0.876953125,0.12520644037889672,39,1712139838500
900,0.470703125,2.86328125,-0.822265625,0.12520644037889672,60,1712139838500
900,0.380859375,2.923828125,-0.79296875,0.12520644037889672,53,1712139838500
900,0.38671875,2.921875,-0.9375,0.12520644037889672,22,1712139838500
900,0.626953125,2.7578125,-0.453125,0.25041288075779344,37,1712139838500
900,0.634765625,2.794921875,-0.455078125,0.25041288075779344,65,1712139838500
900,0.55078125,2.84765625,-0.48046875,0.25041288075779344,57,1712139838500
900,0.46484375,2.880859375,-0.58984375,0.25041288075779344,59,1712139838500
900,0.470703125,2.92578125,-0.564453125,0.25041288075779344,87,1712139838500
900,0.4765625,2.966796875,-0.544921875,0.25041288075779344,81,1712139838500
900,0.482421875,3.013671875,-0.49609375,0.25041288075779344,39,1712139838500
900,0.626953125,2.779296875,-0.291015625,0.37561932113669017,38,1712139838500
900,0.634765625,2.818359375,-0.265625,0.37561932113669017,66,1712139838500
900,0.642578125,2.857421875,-0.251953125,0.37561932113669017,56,1712139838500
900,0.55859375,2.91015625,-0.302734375,0.37561932113669017,38,1712139838500
900,0.470703125,2.958984375,-0.341796875,0.37561932113669017,47,1712139838500
900,0.4765625,3.005859375,-0.255859375,0.37561932113669017,39,1712139838500
900,0.56640625,2.8359375,-0.85546875,-0.12520644037889672,25,1712139838500
900,0.572265625,2.892578125,-0.79296875,-0.12520644037889672,31,1712139838500
900,0.482421875,2.958984375,-0.75390625,-0.12520644037889672,23,1712139838500
901,0.763671875,2.875,-0.693359375,0.0,29,1712139838601
901,0.7734375,2.9296875,-0.62109375,0.0,35,1712139838601
901,0.48828125,2.966796875,-0.8671875,0.0,33,1712139838601
901,0.396484375,2.9765625,-1.009765625,0.0,30,1712139838601
901,0.201171875,2.927734375,-1.291015625,0.0,18,1712139838601
901,0.56640625,2.87890625,-0.703125,0.12520644037889672,50,1712139838601
901,0.572265625,2.94140625,-0.59375,0.12520644037889672,83,1712139838601
901,0.67578125,2.98046875,-0.47265625,0.12520644037889672,82,1712139838601
901,0.685546875,3.03125,-0.375,0.12520644037889672,50,1712139838601
901,0.296875,2.958984375,-1.095703125,0.12520644037889672,28,1712139838601
901,0.373046875,2.865234375,-0.716796875,0.25041288075779344,21,1712139838601
901,0.470703125,2.927734375,-0.546875,0.25041288075779344,71,1712139838601
901,0.572265625,2.9609375,-0.4765625,0.25041288075779344,95,1712139838601
901,0.580078125,3.01953125,-0.3359375,0.25041288075779344,69,1712139838601
901,0.685546875,3.0546875,-0.060546875,0.25041288075779344,31,1712139838601
901,0.634765625,2.806640625,-0.376953125,0.37561932113669017,25,1712139838601
901,0.642578125,2.83984375,-0.408203125,0.37561932113669017,33,1712139838601
901,0.744140625,2.8671875,-0.3046875,0.37561932113669017,19,1712139838601
901,0.287109375,3.01953125,-0.357421875,0.37561932113669017,30,1712139838601
901,0.38671875,3.05859375,-0.240234375,0.37561932113669017,20,1712139838601
901,0.642578125,2.861328125,-0.201171875,0.5008257615155869,22,1712139838601
901,0.65234375,2.904296875,-0.109375,0.5008257615155869,28,1712139838601
901,0.56640625,2.962890625,-0.04296875,0.5008257615155869,26,1712139838601
901,0.3046875,3.171875,-0.609375,-0.25041288075779344,26,1712139838601
901,0.390625,2.974609375,-0.892578125,-0.12520644037889672,21,1712139838601
901,0.296875,3.02734375,-0.884765625,-0.12520644037889672,27,1712139838601
901,0.30078125,3.06640625,-0.890625,-0.12520644037889672,27,1712139838601
901,0.3046875,3.158203125,-0.681640625,-0.12520644037889672,24,1712139838601
901,-0.279296875,1.169921875,2.724609375,0.37561932113669017,10,1712139838601
