1206,-0.73046875,1.80078125,0.109375,0.0,55,1712919021633
1206,-0.681640625,1.86328125,0.064453125,0.0,118,1712919021633
1206,-0.6953125,1.8984375,0.0703125,0.0,123,1712919021633
1206,-0.708984375,1.93359375,0.095703125,0.0,70,1712919021633
1206,-0.72265625,1.92578125,-0.421875,0.0,31,1712919021633
1206,-0.73046875,1.77734375,0.310546875,0.12520644037889672,86,1712919021633
1206,-0.744140625,1.8203125,0.267578125,0.12520644037889672,188,1712919021633
1206,-0.7578125,1.853515625,0.28515625,0.12520644037889672,194,1712919021633
1206,-0.708984375,1.91015625,0.314453125,0.12520644037889672,139,1712919021633
1206,-0.65625,1.98828125,-0.1484375,0.12520644037889672,114,1712919021633
1206,-0.66796875,1.943359375,-0.587890625,0.12520644037889672,44,1712919021633
1206,-0.4765625,1.794921875,-0.439453125,0.25041288075779344,17,1712919021633
1206,-0.42578125,1.84765625,-0.439453125,0.25041288075779344,86,1712919021633
1206,-0.49609375,1.88671875,-0.37109375,0.25041288075779344,170,1712919021633
1206,-0.443359375,1.916015625,-0.478515625,0.25041288075779344,119,1712919021633
1206,-0.7734375,1.765625,0.732421875,0.25041288075779344,117,1712919021633
1206,-0.65625,1.994140625,-0.064453125,0.25041288075779344,192,1712919021633
1206,-0.66796875,2.015625,-0.251953125,0.25041288075779344,96,1712919021633
1206,-0.76171875,2.078125,-0.06640625,0.25041288075779344,27,1712919021633
1206,-0.4765625,1.837890625,-0.193359375,0.37561932113669017,25,1712919021633
1206,-0.546875,1.85546875,-0.21875,0.37561932113669017,137,1712919021633
1206,-0.55859375,1.892578125,-0.212890625,0.37561932113669017,273,1712919021633
1206,-0.568359375,1.9296875,-0.22265625,0.37561932113669017,223,1712919021633
1206,-0.708984375,1.8203125,-0.65625,0.37561932113669017,60,1712919021633
1206,-0.65625,1.982421875,-0.21875,0.37561932113669017,142,1712919021633
1206,-0.66796875,2.0,-0.353515625,0.37561932113669017,89,1712919021633
1206,-0.486328125,1.875,0.19140625,0.5008257615155869,64,1712919021633
1206,-0.49609375,1.91015625,0.21875,0.5008257615155869,120,1712919021633
1206,-0.505859375,1.93359375,0.31640625,0.5008257615155869,90,1712919021633
1206,-0.7734375,1.8828125,-0.32421875,0.5008257615155869,19,1712919021633
1206,-0.525390625,1.958984375,-0.541015625,0.5008257615155869,58,1712919021633
1206,-0.6015625,1.998046875,-0.46484375,0.5008257615155869,38,1712919021633
1206,-0.373046875,1.009765625,-1.66796875,0.6260322018944836,29,1712919021633
1206,-0.505859375,1.384765625,-1.38671875,0.6260322018944836,23,1712919021633
1206,-0.708984375,1.751953125,-0.826171875,0.6260322018944836,18,1712919021633
1206,-0.744140625,1.83984375,-0.00390625,-0.12520644037889672,23,1712919021633
1206,-0.6953125,1.900390625,0.005859375,-0.12520644037889672,23,1712919021633
1206,-1.07421875,1.078125,1.15234375,0.25041288075779344,10,1712919021633
1206,-1.07421875,1.375,1.0234375,0.25041288075779344,65,1712919021633
1206,1.611328125,1.2265625,-0.38671875,0.5008257615155869,12,1712919021633
1206,0.37890625,1.2265625,1.5625,0.6260322018944836,12,1712919021633
1207,-0.73046875,1.8046875,-0.015625,0.0,20,1712919021732
1207,-0.744140625,1.83984375,0.060546875,0.0,54,1712919021732
1207,-0.7578125,1.861328125,0.234375,0.0,55,1712919021732
1207,-1.03125,1.537109375,0.908203125,0.0,18,1712919021732
1207,-0.72265625,1.970703125,-0.048828125,0.0,28,1712919021732
1207,-0.734375,2.00390625,-0.11328125,0.0,29,1712919021732
1207,-0.748046875,2.0390625,-0.14453125,0.0,23,1712919021732
1207,-0.669921875,1.828125,-0.0234375,0.12520644037889672,49,1712919021732
1207,-0.681640625,1.86328125,-0.001953125,0.12520644037889672,146,1712919021732
1207,-0.6953125,1.8984375,0.080078125,0.12520644037889672,157,1712919021732
1207,-0.90234375,1.802734375,0.435546875,0.12520644037889672,54,1712919021732
1207,-0.65625,1.990234375,-0.140625,0.12520644037889672,102,1712919021732
1207,-0.66796875,2.029296875,-0.05078125,0.12520644037889672,84,1712919021732
1207,-0.748046875,2.04296875,0.0390625,0.12520644037889672,51,1712919021732
1207,-0.609375,1.84375,-0.142578125,0.25041288075779344,47,1712919021732
1207,-0.62109375,1.87890625,-0.15234375,0.25041288075779344,163,1712919021732
1207,-0.568359375,1.92578125,-0.251953125,0.25041288075779344,252,1712919021732
1207,-0.515625,1.974609375,-0.287109375,0.25041288075779344,234,1712919021732
1207,-0.65625,1.990234375,-0.126953125,0.25041288075779344,142,1712919021732
1207,-0.734375,2.005859375,-0.08984375,0.25041288075779344,78,1712919021732
1207,-0.6796875,2.05078125,-0.251953125,0.25041288075779344,64,1712919021732
1207,-0.69140625,2.095703125,-0.173828125,0.25041288075779344,36,1712919021732
1207,-0.486328125,1.85546875,-0.333984375,0.37561932113669017,46,1712919021732
1207,-0.49609375,1.900390625,-0.29296875,0.37561932113669017,241,1712919021732
1207,-0.505859375,1.939453125,-0.283203125,0.37561932113669017,492,1712919021732
1207,-0.515625,1.98046875,-0.244140625,0.37561932113669017,460,1712919021732
1207,-0.525390625,2.03125,0.05859375,0.37561932113669017,138,1712919021732
1207,-0.6015625,1.9453125,-0.650390625,0.37561932113669017,110,1712919021732
1207,-0.611328125,2.017578125,-0.53515625,0.37561932113669017,119,1712919021732
1207,-0.623046875,2.05078125,-0.556640625,0.37561932113669017,51,1712919021732
1207,3.2265625,2.09375,-0.98828125,0.37561932113669017,18,1712919021732
1207,3.2578125,2.173828125,-0.85546875,0.37561932113669017,21,1712919021732
1207,-0.546875,1.859375,-0.177734375,0.5008257615155869,26,1712919021732
1207,-0.55859375,1.896484375,-0.18359375,0.5008257615155869,170,1712919021732
1207,-0.505859375,1.9453125,-0.2265625,0.5008257615155869,389,1712919021732
1207,-0.515625,1.98046875,-0.244140625,0.5008257615155869,393,1712919021732
1207,-0.525390625,2.021484375,-0.216796875,0.5008257615155869,138,1712919021732
1207,-0.66796875,1.9609375,-0.529296875,0.5008257615155869,110,1712919021732
1207,-0.6796875,2.001953125,-0.517578125,0.5008257615155869,102,1712919021732
1207,-0.623046875,2.041015625,-0.591796875,0.5008257615155869,36,1712919021732
1207,3.1015625,2.390625,-0.65234375,0.5008257615155869,19,1712919021732
1207,3.2578125,2.228515625,-0.701171875,0.5008257615155869,20,1712919021732
1207,-0.49609375,1.908203125,-0.224609375,0.6260322018944836,39,1712919021732
1207,-0.443359375,1.953125,-0.29296875,0.6260322018944836,128,1712919021732
1207,-0.515625,1.966796875,-0.3359375,0.6260322018944836,169,1712919021732
1207,-0.458984375,2.01171875,-0.388671875,0.6260322018944836,90,1712919021732
1207,-0.6796875,2.03515625,-0.365234375,0.6260322018944836,24,1712919021732
1207,-0.443359375,1.955078125,-0.2734375,0.7512386422733803,24,1712919021732
1207,-0.515625,1.974609375,-0.296875,0.7512386422733803,39,1712919021732
1207,-0.458984375,2.0234375,-0.32421875,0.7512386422733803,33,1712919021732
1207,-0.322265625,1.919921875,-0.6796875,0.0,12,1712919021732
1207,-3.349609375,0.0,3.48046875,0.37561932113669017,14,1712919021732
1207,-3.2578125,0.0,3.484375,0.37561932113669017,18,1712919021732
1207,-3.349609375,0.0,3.423828125,0.5008257615155869,15,1712919021732
1207,-3.3828125,0.0,3.548828125,0.5008257615155869,16,1712919021732
1208,-0.62109375,1.865234375,-0.2734375,0.0,20,1712919021833
1208,-0.568359375,1.919921875,-0.28515625,0.0,30,1712919021833
1208,-0.64453125,1.953125,-0.134765625,0.0,21,1712919021833
1208,-0.58984375,1.916015625,-0.625,0.0,30,1712919021833
1208,-0.66796875,1.974609375,-0.4765625,0.0,57,1712919021833
1208,-0.6796875,2.013671875,-0.466796875,0.0,38,1712919021833
1208,-0.681640625,1.857421875,-0.158203125,0.12520644037889672,43,1712919021833
1208,-0.6328125,1.91796875,-0.115234375,0.12520644037889672,70,1712919021833
1208,-0.708984375,1.91796875,0.26953125,0.12520644037889672,51,1712919021833
1208,-0.65625,1.888671875,-0.638671875,0.12520644037889672,33,1712919021833
1208,-0.66796875,2.0078125,-0.30859375,0.12520644037889672,105,1712919021833
1208,-0.6796875,2.044921875,-0.30078125,0.12520644037889672,80,1712919021833
1208,-0.9296875,2.822265625,-0.19921875,0.12520644037889672,28,1712919021833
1208,-0.810546875,3.060546875,-0.71484375,0.12520644037889672,20,1712919021833
1208,-0.681640625,1.861328125,-0.087890625,0.25041288075779344,36,1712919021833
1208,-0.6328125,1.919921875,-0.09765625,0.25041288075779344,68,1712919021833
1208,-0.580078125,1.927734375,-0.44140625,0.25041288075779344,92,1712919021833
1208,-0.58984375,1.900390625,-0.66796875,0.25041288075779344,84,1712919021833
1208,-0.66796875,2.001953125,-0.3359375,0.25041288075779344,90,1712919021833
1208,-0.748046875,2.017578125,-0.32421875,0.25041288075779344,73,1712919021833
1208,-0.69140625,2.021484375,-0.58203125,0.25041288075779344,28,1712919021833
1208,3.2578125,2.234375,-0.681640625,0.25041288075779344,18,1712919021833
1208,3.287109375,2.25,-0.70703125,0.25041288075779344,20,1712919021833
1208,-0.568359375,1.9296875,-0.22265625,0.37561932113669017,50,1712919021833
1208,-0.580078125,1.962890625,-0.25,0.37561932113669017,89,1712919021833
1208,-0.58984375,1.98046875,-0.375,0.37561932113669017,86,1712919021833
1208,-0.66796875,1.96484375,-0.515625,0.37561932113669017,68,1712919021833
1208,-0.6796875,1.982421875,-0.58203125,0.37561932113669017,63,1712919021833
1208,-0.69140625,2.0,-0.65234375,0.37561932113669017,50,1712919021833
1208,-0.703125,2.033203125,-0.666015625,0.37561932113669017,26,1712919021833
1208,2.978515625,2.529296875,-0.705078125,0.37561932113669017,15,1712919021833
1208,3.2578125,2.271484375,-0.544921875,0.37561932113669017,29,1712919021833
1208,3.287109375,2.294921875,-0.548828125,0.37561932113669017,31,1712919021833
1208,3.19140625,2.46484375,-0.65234375,0.37561932113669017,19,1712919021833
1208,-0.6015625,1.974609375,-0.556640625,0.5008257615155869,30,1712919021833
1208,-0.611328125,2.021484375,-0.52734375,0.5008257615155869,41,1712919021833
1208,-0.69140625,2.04296875,-0.50390625,0.5008257615155869,34,1712919021833
1208,3.130859375,2.48046875,-0.32421875,0.5008257615155869,15,1712919021833
1208,3.162109375,2.482421875,-0.47265625,0.5008257615155869,16,1712919021833
1208,-0.58984375,1.890625,-0.69921875,0.6260322018944836,31,1712919021833
1208,-0.53515625,1.9765625,-0.615234375,0.6260322018944836,42,1712919021833
1208,-0.611328125,2.025390625,-0.509765625,0.6260322018944836,29,1712919021833
1208,-0.515625,1.830078125,-0.796875,0.7512386422733803,27,1712919021833
1208,-0.525390625,1.890625,-0.74609375,0.7512386422733803,41,1712919021833
1208,-0.53515625,1.953125,-0.685546875,0.7512386422733803,36,1712919021833
1208,-0.6796875,1.97265625,-0.619140625,0.7512386422733803,20,1712919021833
1208,-0.65625,1.873046875,-0.68359375,-0.12520644037889672,15,1712919021833
1208,-0.9609375,2.0625,-0.650390625,-0.12520644037889672,36,1712919021833
1208,-1.052734375,2.033203125,-0.736328125,-0.12520644037889672,31,1712919021833
1208,0.279296875,1.064453125,2.767578125,0.12520644037889672,26,1712919021833
1208,0.40625,1.61328125,2.78515625,0.12520644037889672,16,1712919021833
1208,-3.3828125,0.0,3.45703125,0.25041288075779344,14,1712919021833
1208,-3.287109375,0.0,3.61328125,0.25041288075779344,18,1712919021833
1208,-3.474609375,0.0,2.875,0.37561932113669017,14,1712919021833
1208,-3.3828125,0.0,3.37109375,0.37561932113669017,23,1712919021833
1208,-3.4140625,0.0,3.615234375,0.37561932113669017,26,1712919021833
1208,-3.447265625,0.0,3.560546875,0.37561932113669017,17,1712919021833
1208,-3.3828125,0.0,3.34375,0.5008257615155869,15,1712919021833
1208,-3.4140625,0.0,3.58203125,0.5008257615155869,15,1712919021833
1209,-0.744140625,1.83984375,0.0,0.0,20,1712919021932
1209,-0.6953125,1.875,-0.3046875,0.0,50,1712919021932
1209,-0.708984375,1.896484375,-0.388671875,0.0,103,1712919021932
1209,-0.65625,1.96484375,-0.33984375,0.0,153,1712919021932
1209,-0.66796875,2.017578125,-0.232421875,0.0,143,1712919021932
1209,-0.6796875,2.06640625,-0.052734375,0.0,78,1712919021932
1209,-1.03515625,2.08984375,-0.40625,0.0,64,1712919021932
1209,-1.052734375,2.123046875,-0.412109375,0.0,73,1712919021932
1209,-1.068359375,2.162109375,-0.39453125,0.0,42,1712919021932
1209,-0.744140625,1.83984375,0.060546875,0.12520644037889672,37,1712919021932
1209,-0.6953125,1.892578125,-0.171875,0.12520644037889672,96,1712919021932
1209,-0.708984375,1.91796875,-0.255859375,0.12520644037889672,201,1712919021932
1209,-0.65625,1.984375,-0.205078125,0.12520644037889672,293,1712919021932
1209,-0.66796875,2.029296875,-0.068359375,0.12520644037889672,259,1712919021932
1209,-0.748046875,2.0390625,0.1328125,0.12520644037889672,125,1712919021932
1209,-0.6953125,1.896484375,-0.125,0.25041288075779344,52,1712919021932
1209,-0.64453125,1.951171875,-0.1640625,0.25041288075779344,123,1712919021932
1209,-0.65625,1.990234375,-0.125,0.25041288075779344,182,1712919021932
1209,-0.734375,2.0078125,-0.009765625,0.25041288075779344,155,1712919021932
1209,-0.611328125,2.05859375,0.35546875,0.25041288075779344,80,1712919021932
1209,-0.484375,2.150390625,-0.216796875,0.25041288075779344,57,1712919021932
1209,-0.515625,1.9921875,-0.138671875,0.37561932113669017,29,1712919021932
1209,-0.58984375,2.009765625,-0.130859375,0.37561932113669017,54,1712919021932
1209,-0.53515625,2.064453125,-0.162109375,0.37561932113669017,74,1712919021932
1209,-0.544921875,2.07421875,-0.369140625,0.37561932113669017,108,1712919021932
1209,-0.623046875,2.060546875,-0.51953125,0.37561932113669017,126,1712919021932
1209,-0.5625,2.0859375,-0.63671875,0.37561932113669017,87,1712919021932
1209,-0.64453125,2.048828125,-0.794921875,0.37561932113669017,28,1712919021932
1209,3.162109375,2.451171875,-0.607421875,0.37561932113669017,19,1712919021932
1209,3.19140625,2.4453125,-0.724609375,0.37561932113669017,22,1712919021932
1209,-0.66796875,2.029296875,0.0859375,0.5008257615155869,26,1712919021932
1209,-0.611328125,2.08203125,-0.1640625,0.5008257615155869,54,1712919021932
1209,-0.623046875,2.095703125,-0.34765625,0.5008257615155869,77,1712919021932
1209,-0.6328125,2.109375,-0.470703125,0.5008257615155869,58,1712919021932
1209,-0.64453125,2.107421875,-0.625,0.5008257615155869,21,1712919021932
1209,-0.53515625,1.98046875,-0.603515625,0.6260322018944836,16,1712919021932
1209,-0.544921875,2.013671875,-0.62109375,0.6260322018944836,18,1712919021932
1209,-1.03515625,2.029296875,-0.642578125,-0.25041288075779344,58,1712919021932
1209,-0.9765625,2.08203125,-0.705078125,-0.25041288075779344,65,1712919021932
1209,-1.068359375,2.08203125,-0.703125,-0.25041288075779344,38,1712919021932
1209,-0.986328125,1.9921875,-0.36328125,-0.12520644037889672,24,1712919021932
1209,-0.9453125,2.0546875,-0.5546875,-0.12520644037889672,49,1712919021932
1209,-1.03515625,2.060546875,-0.53515625,-0.12520644037889672,122,1712919021932
1209,-1.052734375,2.09375,-0.54296875,-0.12520644037889672,137,1712919021932
1209,-1.068359375,2.130859375,-0.5390625,-0.12520644037889672,80,1712919021932
1209,-1.1640625,2.123046875,-0.541015625,-0.12520644037889672,22,1712919021932
1209,-3.4140625,0.0,3.451171875,0.37561932113669017,15,1712919021932
1209,-3.447265625,0.0,3.341796875,0.37561932113669017,17,1712919021932
1210,-0.6953125,1.892578125,-0.162109375,0.0,40,1712919022033
1210,-0.708984375,1.927734375,-0.171875,0.0,91,1712919022033
1210,-0.72265625,1.96484375,-0.15234375,0.0,111,1712919022033
1210,-0.66796875,2.025390625,0.1484375,0.0,76,1712919022033
1210,-0.884765625,1.986328125,0.09375,0.0,27,1712919022033
1210,-0.900390625,1.9921875,-0.35546875,0.0,29,1712919022033
1210,-0.84375,2.052734375,-0.38671875,0.0,31,1712919022033
1210,-0.9296875,2.080078125,-0.23046875,0.0,28,1712919022033
1210,-1.01953125,2.07421875,-0.28125,0.0,43,1712919022033
1210,-1.03515625,2.09375,-0.3828125,0.0,58,1712919022033
1210,-1.052734375,2.123046875,-0.416015625,0.0,44,1712919022033
1210,-0.6953125,1.900390625,0.00390625,0.12520644037889672,78,1712919022033
1210,-0.708984375,1.935546875,-0.037109375,0.12520644037889672,182,1712919022033
1210,-0.72265625,1.97265625,0.009765625,0.12520644037889672,221,1712919022033
1210,-0.66796875,2.015625,0.240234375,0.12520644037889672,142,1712919022033
1210,-0.81640625,2.017578125,0.03515625,0.12520644037889672,62,1712919022033
1210,-0.76171875,2.046875,-0.365234375,0.12520644037889672,65,1712919022033
1210,-0.703125,2.037109375,-0.65234375,0.12520644037889672,45,1712919022033
1210,-0.6953125,1.896484375,0.11328125,0.25041288075779344,34,1712919022033
1210,-0.708984375,1.93359375,0.111328125,0.25041288075779344,74,1712919022033
1210,-0.72265625,1.96484375,0.17578125,0.25041288075779344,86,1712919022033
1210,-0.66796875,2.025390625,0.140625,0.25041288075779344,68,1712919022033
1210,-0.6796875,2.064453125,-0.095703125,0.25041288075779344,70,1712919022033
1210,-0.69140625,2.078125,-0.3203125,0.25041288075779344,86,1712919022033
1210,-0.6328125,2.091796875,-0.544921875,0.25041288075779344,101,1712919022033
1210,-0.64453125,2.099609375,-0.6484375,0.25041288075779344,70,1712919022033
1210,-0.58984375,2.00390625,-0.216796875,0.37561932113669017,36,1712919022033
1210,-0.6015625,2.048828125,-0.091796875,0.37561932113669017,45,1712919022033
1210,-0.544921875,1.9453125,0.806640625,0.37561932113669017,27,1712919022033
1210,-0.484375,2.138671875,-0.3125,0.37561932113669017,56,1712919022033
1210,-0.6328125,2.123046875,-0.40625,0.37561932113669017,82,1712919022033
1210,-0.64453125,2.142578125,-0.4921875,0.37561932113669017,67,1712919022033
1210,-0.654296875,2.173828125,-0.51953125,0.37561932113669017,29,1712919022033
1210,-0.4765625,1.947265625,-0.84375,0.5008257615155869,41,1712919022033
1210,-0.552734375,2.037109375,-0.669921875,0.5008257615155869,70,1712919022033
1210,-0.5625,2.091796875,-0.615234375,0.5008257615155869,59,1712919022033
1210,-0.64453125,2.140625,-0.501953125,0.5008257615155869,32,1712919022033
1210,-0.552734375,2.111328125,-0.369140625,0.6260322018944836,23,1712919022033
1210,-0.6328125,2.130859375,-0.361328125,0.6260322018944836,18,1712919022033
1210,-1.001953125,2.013671875,-0.43359375,-0.25041288075779344,30,1712919022033
1210,-1.01953125,1.99609375,-0.634765625,-0.25041288075779344,44,1712919022033
1210,-0.9609375,2.0390625,-0.720703125,-0.25041288075779344,54,1712919022033
1210,-1.052734375,2.01953125,-0.7734375,-0.25041288075779344,39,1712919022033
1210,-0.708984375,1.921875,-0.232421875,-0.12520644037889672,27,1712919022033
1210,-0.65625,1.958984375,-0.373046875,-0.12520644037889672,35,1712919022033
1210,-0.80078125,1.88671875,-0.60546875,-0.12520644037889672,21,1712919022033
1210,-0.986328125,1.998046875,-0.330078125,-0.12520644037889672,32,1712919022033
1210,-1.001953125,2.033203125,-0.32421875,-0.12520644037889672,48,1712919022033
1210,-1.01953125,2.041015625,-0.470703125,-0.12520644037889672,84,1712919022033
1210,-1.03515625,2.060546875,-0.533203125,-0.12520644037889672,114,1712919022033
1210,-1.052734375,2.080078125,-0.591796875,-0.12520644037889672,88,1712919022033
1210,-1.068359375,2.09765625,-0.654296875,-0.12520644037889672,30,1712919022033
1210,-0.33984375,1.43359375,1.6015625,0.0,21,1712919022033
1210,-0.345703125,1.533203125,-1.55859375,0.0,18,1712919022033
1210,0.4765625,1.44140625,1.55859375,0.37561932113669017,17,1712919022033
1211,-0.525390625,1.986328125,-0.4296875,0.0,20,1712919022134
1211,-0.53515625,2.048828125,-0.291015625,0.0,38,1712919022134
1211,-0.544921875,2.060546875,-0.439453125,0.0,43,1712919022134
1211,-0.552734375,1.97265625,-0.83984375,0.0,47,1712919022134
1211,-0.5625,1.8828125,-1.1015625,0.0,42,1712919022134
1211,-0.64453125,2.015625,-0.875,0.0,32,1712919022134
1211,-1.01953125,2.06640625,-0.33984375,0.0,55,1712919022134
1211,-1.03515625,2.103515625,-0.328125,0.0,88,1712919022134
1211,-1.052734375,2.13671875,-0.330078125,0.0,76,1712919022134
1211,-1.068359375,2.169921875,-0.337890625,0.0,35,1712919022134
1211,3.19140625,2.453125,-0.693359375,0.0,18,1712919022134
1211,3.349609375,2.3359375,-0.5703125,0.0,17,1712919022134
1211,-0.64453125,1.91015625,-0.4296875,0.12520644037889672,25,1712919022134
1211,-0.65625,1.98046875,-0.232421875,0.12520644037889672,62,1712919022134
1211,-0.6015625,2.046875,-0.150390625,0.12520644037889672,99,1712919022134
1211,-0.6796875,2.046875,-0.2890625,0.12520644037889672,113,1712919022134
1211,-0.623046875,2.048828125,-0.5625,0.12520644037889672,137,1712919022134
1211,-0.6328125,2.041015625,-0.712890625,0.12520644037889672,134,1712919022134
1211,-0.572265625,2.10546875,-0.69921875,0.12520644037889672,84,1712919022134
1211,3.19140625,2.51953125,-0.390625,0.12520644037889672,33,1712919022134
1211,3.349609375,2.380859375,-0.330078125,0.12520644037889672,30,1712919022134
1211,-3.51171875,0.0,4.072265625,0.12520644037889672,15,1712919022134
1211,-0.58984375,2.01171875,-0.126953125,0.25041288075779344,34,1712919022134
1211,-0.53515625,2.0703125,-0.01953125,0.25041288075779344,65,1712919022134
1211,-0.611328125,2.078125,-0.205078125,0.25041288075779344,91,1712919022134
1211,-0.623046875,2.078125,-0.4453125,0.25041288075779344,137,1712919022134
1211,-0.5625,2.1171875,-0.521484375,0.25041288075779344,152,1712919022134
1211,-0.64453125,2.134765625,-0.5234375,0.25041288075779344,90,1712919022134
1211,3.19140625,2.54296875,-0.181640625,0.25041288075779344,17,1712919022134
1211,-3.478515625,0.0,-3.927734375,0.25041288075779344,16,1712919022134
1211,-0.4765625,2.11328125,-0.2109375,0.37561932113669017,23,1712919022134
1211,-0.552734375,2.111328125,-0.376953125,0.37561932113669017,48,1712919022134
1211,-0.5625,2.14453125,-0.396484375,0.37561932113669017,57,1712919022134
1211,-0.64453125,2.16796875,-0.359375,0.37561932113669017,32,1712919022134
1211,-0.884765625,1.916015625,-0.53515625,-0.25041288075779344,20,1712919022134
1211,-0.96875,1.951171875,-0.400390625,-0.25041288075779344,28,1712919022134
1211,-0.986328125,2.001953125,-0.3125,-0.25041288075779344,23,1712919022134
1211,-0.9453125,2.037109375,-0.6171875,-0.25041288075779344,51,1712919022134
1211,-1.03515625,2.04296875,-0.59765625,-0.25041288075779344,90,1712919022134
1211,-1.052734375,2.080078125,-0.595703125,-0.25041288075779344,80,1712919022134
1211,-1.068359375,2.099609375,-0.646484375,-0.25041288075779344,38,1712919022134
1211,-0.72265625,1.896484375,-0.537109375,-0.12520644037889672,28,1712919022134
1211,-0.80078125,1.943359375,-0.390625,-0.12520644037889672,35,1712919022134
1211,-0.81640625,2.001953125,-0.251953125,-0.12520644037889672,40,1712919022134
1211,-0.900390625,2.013671875,-0.19140625,-0.12520644037889672,45,1712919022134
1211,-1.056640625,1.98828125,-0.052734375,-0.12520644037889672,30,1712919022134
1211,-1.01953125,2.04296875,-0.45703125,-0.12520644037889672,94,1712919022134
1211,-1.03515625,2.076171875,-0.466796875,-0.12520644037889672,160,1712919022134
1211,-1.052734375,2.111328125,-0.466796875,-0.12520644037889672,137,1712919022134
1211,-1.068359375,2.142578125,-0.486328125,-0.12520644037889672,65,1712919022134
1211,-3.447265625,0.0,3.68359375,0.0,14,1712919022134
1211,-3.478515625,0.0,3.771484375,0.0,14,1712919022134
1211,-3.318359375,0.0,3.916015625,0.12520644037889672,25,1712919022134
1211,-3.349609375,0.0,3.953125,0.12520644037889672,26,1712919022134
1211,3.380859375,2.40234375,-0.33203125,0.12520644037889672,14,1712919022134
1211,-3.447265625,0.0,-3.98828125,0.25041288075779344,14,1712919022134
1211,3.091796875,2.716796875,-0.234375,0.25041288075779344,15,1712919022134
1212,-0.7734375,1.896484375,-0.228515625,0.0,32,1712919022234
1212,-0.787109375,1.931640625,-0.234375,0.0,72,1712919022234
1212,-0.80078125,1.970703125,-0.21875,0.0,74,1712919022234
1212,-0.884765625,1.974609375,-0.228515625,0.0,38,1712919022234
1212,-0.416015625,2.12109375,-0.478515625,0.0,23,1712919022234
1212,-1.07421875,2.01953125,-0.123046875,0.0,36,1712919022234
1212,-1.01953125,2.0703125,-0.31640625,0.0,77,1712919022234
1212,-1.109375,2.05859375,-0.36328125,0.0,74,1712919022234
1212,-1.126953125,2.087890625,-0.390625,0.0,31,1712919022234
1212,-0.7734375,1.91015625,-0.076171875,0.12520644037889672,25,1712919022234
1212,-0.787109375,1.9453125,-0.056640625,0.12520644037889672,61,1712919022234
1212,-0.734375,2.0078125,0.009765625,0.12520644037889672,75,1712919022234
1212,-0.6796875,2.06640625,0.013671875,0.12520644037889672,62,1712919022234
1212,-0.552734375,2.1328125,-0.220703125,0.12520644037889672,56,1712919022234
1212,-0.5625,2.15625,-0.326171875,0.12520644037889672,45,1712919022234
1212,-0.787109375,1.943359375,0.111328125,0.25041288075779344,20,1712919022234
1212,-0.80078125,1.974609375,0.158203125,0.25041288075779344,24,1712919022234
1212,-0.748046875,2.037109375,0.1484375,0.25041288075779344,21,1712919022234
1212,-0.623046875,2.125,-0.0234375,0.25041288075779344,22,1712919022234
1212,-0.7734375,1.82421875,-0.568359375,-0.25041288075779344,30,1712919022234
1212,-0.72265625,1.908203125,-0.5,-0.25041288075779344,69,1712919022234
1212,-0.734375,1.953125,-0.46484375,-0.25041288075779344,76,1712919022234
1212,-0.748046875,1.998046875,-0.427734375,-0.25041288075779344,47,1712919022234
1212,-0.830078125,1.998046875,-0.47265625,-0.25041288075779344,24,1712919022234
1212,-1.001953125,1.994140625,-0.515625,-0.25041288075779344,36,1712919022234
1212,-1.01953125,2.009765625,-0.58984375,-0.25041288075779344,80,1712919022234
1212,-1.03515625,2.033203125,-0.630859375,-0.25041288075779344,82,1712919022234
1212,-1.126953125,2.021484375,-0.654296875,-0.25041288075779344,37,1712919022234
1212,-0.6953125,1.875,-0.306640625,-0.12520644037889672,15,1712919022234
1212,-0.7734375,1.873046875,-0.380859375,-0.12520644037889672,79,1712919022234
1212,-0.787109375,1.9140625,-0.349609375,-0.12520644037889672,181,1712919022234
1212,-0.80078125,1.95703125,-0.318359375,-0.12520644037889672,200,1712919022234
1212,-0.81640625,2.0,-0.26953125,-0.12520644037889672,119,1712919022234
1212,-0.830078125,2.04296875,-0.1953125,-0.12520644037889672,49,1712919022234
1212,-0.986328125,2.021484375,-0.1171875,-0.12520644037889672,26,1712919022234
1212,-1.001953125,2.01953125,-0.40625,-0.12520644037889672,61,1712919022234
1212,-1.01953125,2.041015625,-0.46875,-0.12520644037889672,133,1712919022234
1212,-1.109375,2.037109375,-0.474609375,-0.12520644037889672,133,1712919022234
1212,-1.126953125,2.060546875,-0.513671875,-0.12520644037889672,57,1712919022234
1212,-1.17578125,1.39453125,1.25390625,0.0,17,1712919022234
1212,-0.287109375,1.23046875,-1.91015625,0.0,19,1712919022234
1213,-0.580078125,1.84765625,-0.708984375,0.0,21,1712919022334
1213,-0.58984375,1.955078125,-0.486328125,0.0,36,1712919022334
1213,-0.66796875,2.017578125,-0.236328125,0.0,22,1712919022334
1213,-0.81640625,2.017578125,-0.0234375,0.0,48,1712919022334
1213,-0.830078125,2.05078125,-0.083984375,0.0,47,1712919022334
1213,-0.6328125,2.1171875,-0.43359375,0.0,39,1712919022334
1213,-0.501953125,2.193359375,-0.42578125,0.0,37,1712919022334
1213,-0.654296875,2.21875,-0.265625,0.0,23,1712919022334
1213,-1.109375,1.98828125,-0.6484375,0.0,23,1712919022334
1213,-1.126953125,2.056640625,-0.53515625,0.0,15,1712919022334
1213,-0.64453125,1.927734375,-0.33984375,0.12520644037889672,29,1712919022334
1213,-0.72265625,1.95703125,-0.232421875,0.12520644037889672,50,1712919022334
1213,-0.734375,2.0,-0.1796875,0.12520644037889672,38,1712919022334
1213,-0.81640625,2.017578125,0.0,0.12520644037889672,26,1712919022334
1213,-0.76171875,2.072265625,-0.166015625,0.12520644037889672,22,1712919022334
1213,-0.72265625,1.96484375,-0.158203125,0.25041288075779344,15,1712919022334
1213,-0.580078125,1.734375,-0.94921875,-0.25041288075779344,21,1712919022334
1213,-0.58984375,1.8828125,-0.71484375,-0.25041288075779344,38,1712919022334
1213,-0.6015625,1.9765625,-0.552734375,-0.25041288075779344,24,1712919022334
1213,-0.81640625,2.00390625,-0.228515625,-0.25041288075779344,41,1712919022334
1213,-0.76171875,2.048828125,-0.353515625,-0.25041288075779344,39,1712919022334
1213,-0.4921875,2.03125,-0.83984375,-0.25041288075779344,41,1712919022334
1213,-0.501953125,2.08984375,-0.791015625,-0.25041288075779344,42,1712919022334
1213,-0.58203125,2.162109375,-0.640625,-0.25041288075779344,27,1712919022334
1213,-0.822265625,1.4765625,1.11328125,-0.12520644037889672,25,1712919022334
1213,-0.580078125,1.826171875,-0.759765625,-0.12520644037889672,62,1712919022334
1213,-0.58984375,1.939453125,-0.548828125,-0.12520644037889672,110,1712919022334
1213,-0.6015625,2.001953125,-0.4453125,-0.12520644037889672,72,1712919022334
1213,-0.81640625,2.01171875,-0.13671875,-0.12520644037889672,101,1712919022334
1213,-0.76171875,2.0625,-0.259765625,-0.12520644037889672,97,1712919022334
1213,-0.5625,2.08984375,-0.625,-0.12520644037889672,91,1712919022334
1213,-0.572265625,2.1328125,-0.60546875,-0.12520644037889672,81,1712919022334
1213,-0.509765625,2.251953125,-0.3046875,-0.12520644037889672,50,1712919022334
1213,-1.03515625,1.978515625,-0.787109375,-0.12520644037889672,53,1712919022334
1213,-1.126953125,2.01953125,-0.66015625,-0.12520644037889672,33,1712919022334
1213,-1.310546875,1.376953125,-1.345703125,0.0,19,1712919022334
1213,-1.310546875,0.0,-2.001953125,-0.25041288075779344,18,1712919022334
1213,-1.236328125,1.259765625,-1.517578125,-0.12520644037889672,44,1712919022334
1214,-0.6953125,1.849609375,-0.431640625,0.0,40,1712919022435
1214,-0.64453125,1.93359375,-0.30859375,0.0,143,1712919022435
1214,-0.72265625,1.953125,-0.267578125,0.0,229,1712919022435
1214,-0.80078125,1.96875,-0.22265625,0.0,183,1712919022435
1214,-0.81640625,2.015625,-0.05078125,0.0,84,1712919022435
1214,-0.552734375,2.13671875,-0.169921875,0.0,40,1712919022435
1214,-0.9296875,2.052734375,-0.41015625,0.0,48,1712919022435
1214,-0.9453125,2.078125,-0.455078125,0.0,59,1712919022435
1214,-1.03515625,2.07421875,-0.474609375,0.0,46,1712919022435
1214,-0.708984375,1.919921875,-0.25390625,0.12520644037889672,35,1712919022435
1214,-0.72265625,1.96484375,-0.171875,0.12520644037889672,55,1712919022435
1214,-0.80078125,1.9765625,-0.13671875,0.12520644037889672,41,1712919022435
1214,-0.787109375,1.943359375,-0.091796875,0.25041288075779344,22,1712919022435
1214,-0.484375,1.908203125,-1.013671875,-0.37561932113669017,45,1712919022435
1214,-0.4921875,1.974609375,-0.966796875,-0.37561932113669017,54,1712919022435
1214,-0.572265625,2.01953125,-0.91796875,-0.37561932113669017,36,1712919022435
1214,-0.6953125,1.765625,-0.703125,-0.25041288075779344,34,1712919022435
1214,-0.64453125,1.873046875,-0.568359375,-0.25041288075779344,124,1712919022435
1214,-0.72265625,1.8984375,-0.529296875,-0.25041288075779344,198,1712919022435
1214,-0.734375,1.947265625,-0.48828125,-0.25041288075779344,162,1712919022435
1214,-0.6796875,2.013671875,-0.462890625,-0.25041288075779344,92,1712919022435
1214,-0.552734375,2.02734375,-0.697265625,-0.25041288075779344,99,1712919022435
1214,-0.4921875,2.056640625,-0.7734375,-0.25041288075779344,100,1712919022435
1214,-0.71484375,2.0546875,-0.71484375,-0.25041288075779344,73,1712919022435
1214,-0.873046875,2.02734375,-0.744140625,-0.25041288075779344,64,1712919022435
1214,-0.9609375,1.98828125,-0.849609375,-0.25041288075779344,43,1712919022435
1214,-0.6953125,1.810546875,-0.578125,-0.12520644037889672,79,1712919022435
1214,-0.708984375,1.8828125,-0.44921875,-0.12520644037889672,284,1712919022435
1214,-0.72265625,1.9296875,-0.40234375,-0.12520644037889672,452,1712919022435
1214,-0.734375,1.974609375,-0.357421875,-0.12520644037889672,366,1712919022435
1214,-0.748046875,2.03125,-0.22265625,-0.12520644037889672,172,1712919022435
1214,-0.623046875,2.09375,-0.36328125,-0.12520644037889672,101,1712919022435
1214,-0.6328125,2.087890625,-0.560546875,-0.12520644037889672,83,1712919022435
1214,-0.787109375,2.08203125,-0.541015625,-0.12520644037889672,102,1712919022435
1214,-0.9453125,2.044921875,-0.5859375,-0.12520644037889672,124,1712919022435
1214,-0.9609375,2.06640625,-0.638671875,-0.12520644037889672,97,1712919022435
1214,-0.9765625,2.0859375,-0.69140625,-0.12520644037889672,40,1712919022435
1215,-0.373046875,1.86328125,-0.576171875,0.0,9,1712919022535
1215,-0.568359375,1.927734375,-0.23828125,0.0,84,1712919022535
1215,-0.64453125,1.94921875,-0.1953125,0.0,229,1712919022535
1215,-0.65625,1.986328125,-0.177734375,0.0,282,1712919022535
1215,-0.734375,1.99609375,-0.220703125,0.0,197,1712919022535
1215,-0.81640625,1.99609375,-0.294921875,0.0,97,1712919022535
1215,-0.830078125,2.033203125,-0.283203125,0.0,47,1712919022535
1215,-0.7734375,2.087890625,-0.33984375,0.0,69,1712919022535
1215,-0.9296875,2.06640625,-0.333984375,0.0,119,1712919022535
1215,-1.01953125,2.060546875,-0.369140625,0.0,148,1712919022535
1215,-0.9609375,2.125,-0.40234375,0.0,110,1712919022535
1215,-0.9765625,2.158203125,-0.419921875,0.0,47,1712919022535
1215,-3.189453125,0.0,-3.5703125,0.12520644037889672,24,1712919022535
1215,-3.33984375,0.0,-3.353515625,0.12520644037889672,26,1712919022535
1215,-0.4765625,1.96484375,-0.8046875,-0.37561932113669017,21,1712919022535
1215,-0.484375,1.97265625,-0.880859375,-0.37561932113669017,32,1712919022535
1215,-0.421875,1.994140625,-0.958984375,-0.37561932113669017,22,1712919022535
1215,-0.568359375,1.880859375,-0.482421875,-0.25041288075779344,81,1712919022535
1215,-0.64453125,1.904296875,-0.453125,-0.25041288075779344,223,1712919022535
1215,-0.65625,1.9453125,-0.443359375,-0.25041288075779344,279,1712919022535
1215,-0.734375,1.947265625,-0.490234375,-0.25041288075779344,187,1712919022535
1215,-0.81640625,1.953125,-0.50390625,-0.25041288075779344,81,1712919022535
1215,-0.416015625,1.8828125,-1.087890625,-0.25041288075779344,60,1712919022535
1215,-0.6328125,2.02734375,-0.751953125,-0.25041288075779344,90,1712919022535
1215,-0.859375,2.033203125,-0.611328125,-0.25041288075779344,114,1712919022535
1215,-0.9453125,2.02734375,-0.6484375,-0.25041288075779344,140,1712919022535
1215,-0.9609375,2.048828125,-0.693359375,-0.25041288075779344,102,1712919022535
1215,-0.9765625,2.072265625,-0.734375,-0.25041288075779344,42,1712919022535
1215,-0.373046875,1.85546875,-0.59765625,-0.12520644037889672,15,1712919022535
1215,-0.568359375,1.908203125,-0.36328125,-0.12520644037889672,153,1712919022535
1215,-0.64453125,1.931640625,-0.326171875,-0.12520644037889672,416,1712919022535
1215,-0.72265625,1.943359375,-0.330078125,-0.12520644037889672,516,1712919022535
1215,-0.734375,1.974609375,-0.365234375,-0.12520644037889672,359,1712919022535
1215,-0.748046875,2.001953125,-0.4140625,-0.12520644037889672,174,1712919022535
1215,-0.900390625,1.99609375,-0.326171875,-0.12520644037889672,80,1712919022535
1215,-0.7734375,2.064453125,-0.462890625,-0.12520644037889672,131,1712919022535
1215,-0.859375,2.068359375,-0.478515625,-0.12520644037889672,228,1712919022535
1215,-0.9453125,2.064453125,-0.515625,-0.12520644037889672,288,1712919022535
1215,-0.9609375,2.09375,-0.54296875,-0.12520644037889672,209,1712919022535
1215,-1.052734375,2.087890625,-0.5625,-0.12520644037889672,87,1712919022535
1215,-1.177734375,0.580078125,1.48828125,0.0,7,1712919022535
1215,-1.1171875,0.595703125,1.529296875,-0.12520644037889672,13,1712919022535
1216,-0.73046875,1.76953125,0.359375,0.0,17,1712919022635
1216,-0.681640625,1.814453125,0.423828125,0.0,47,1712919022635
1216,-0.6328125,1.916015625,-0.1484375,0.0,101,1712919022635
1216,-0.580078125,1.9609375,-0.265625,0.0,277,1712919022635
1216,-0.65625,1.9765625,-0.267578125,0.0,280,1712919022635
1216,-0.734375,1.982421875,-0.3203125,0.0,84,1712919022635
1216,-0.6796875,2.06640625,0.013671875,0.0,83,1712919022635
1216,-0.623046875,2.125,0.04296875,0.0,44,1712919022635
1216,-0.986328125,2.01953125,-0.15625,0.0,42,1712919022635
1216,-1.001953125,2.037109375,-0.302734375,0.0,97,1712919022635
1216,-1.01953125,2.0625,-0.365234375,0.0,118,1712919022635
1216,-0.9609375,2.123046875,-0.412109375,0.0,77,1712919022635
1216,-0.708984375,1.93359375,-0.080078125,0.12520644037889672,16,1712919022635
1216,-0.72265625,1.96875,-0.12109375,0.12520644037889672,14,1712919022635
1216,-0.4765625,1.8984375,-0.951171875,-0.5008257615155869,23,1712919022635
1216,-0.416015625,1.958984375,-0.947265625,-0.5008257615155869,25,1712919022635
1216,-0.333984375,1.884765625,-0.953125,-0.37561932113669017,35,1712919022635
1216,-0.408203125,1.974609375,-0.8203125,-0.37561932113669017,75,1712919022635
1216,-0.416015625,2.01953125,-0.810546875,-0.37561932113669017,96,1712919022635
1216,-0.4921875,2.03125,-0.841796875,-0.37561932113669017,73,1712919022635
1216,-0.501953125,2.048828125,-0.892578125,-0.37561932113669017,34,1712919022635
1216,-0.681640625,1.85546875,0.177734375,-0.25041288075779344,42,1712919022635
1216,-0.568359375,1.89453125,-0.421875,-0.25041288075779344,108,1712919022635
1216,-0.580078125,1.912109375,-0.5078125,-0.25041288075779344,285,1712919022635
1216,-0.65625,1.92578125,-0.517578125,-0.25041288075779344,277,1712919022635
1216,-0.66796875,1.943359375,-0.58984375,-0.25041288075779344,80,1712919022635
1216,-0.884765625,1.98828125,-0.037109375,-0.25041288075779344,66,1712919022635
1216,-0.416015625,1.953125,-0.95703125,-0.25041288075779344,79,1712919022635
1216,-0.421875,2.0234375,-0.89453125,-0.25041288075779344,92,1712919022635
1216,-1.001953125,2.033203125,-0.326171875,-0.25041288075779344,103,1712919022635
1216,-0.9453125,2.037109375,-0.611328125,-0.25041288075779344,127,1712919022635
1216,-0.9609375,2.037109375,-0.728515625,-0.25041288075779344,81,1712919022635
1216,-0.669921875,1.81640625,0.201171875,-0.12520644037889672,32,1712919022635
1216,-0.681640625,1.83984375,0.296875,-0.12520644037889672,85,1712919022635
1216,-0.6328125,1.90625,-0.251953125,-0.12520644037889672,188,1712919022635
1216,-0.580078125,1.939453125,-0.390625,-0.12520644037889672,507,1712919022635
1216,-0.65625,1.955078125,-0.39453125,-0.12520644037889672,504,1712919022635
1216,-0.66796875,1.978515625,-0.458984375,-0.12520644037889672,148,1712919022635
1216,-0.6796875,2.06640625,-0.078125,-0.12520644037889672,139,1712919022635
1216,-0.830078125,2.05078125,0.1015625,-0.12520644037889672,54,1712919022635
1216,-0.986328125,2.0234375,-0.091796875,-0.12520644037889672,75,1712919022635
1216,-1.001953125,2.0234375,-0.384765625,-0.12520644037889672,178,1712919022635
1216,-0.9453125,2.0625,-0.521484375,-0.12520644037889672,223,1712919022635
1216,-0.9609375,2.083984375,-0.58203125,-0.12520644037889672,143,1712919022635
1216,-1.669921875,0.0,1.611328125,-0.25041288075779344,46,1712919022635
1216,-1.126953125,1.91796875,0.357421875,-0.25041288075779344,47,1712919022635
1216,-1.669921875,0.0,1.734375,-0.12520644037889672,75,1712919022635
1216,-0.3515625,1.837890625,-1.25390625,-0.12520644037889672,44,1712919022635
1217,-0.609375,1.8359375,0.216796875,0.0,30,1712919022735
1217,-0.55859375,1.8984375,0.1640625,0.0,111,1712919022735
1217,-0.568359375,1.94140625,0.041015625,0.0,217,1712919022735
1217,-0.580078125,1.974609375,-0.103515625,0.0,265,1712919022735
1217,-0.58984375,2.005859375,-0.181640625,0.0,199,1712919022735
1217,-0.466796875,2.08203125,-0.126953125,0.0,116,1712919022735
1217,-0.544921875,2.10546875,-0.0625,0.0,72,1712919022735
1217,-0.484375,2.16015625,0.05859375,0.0,33,1712919022735
1217,-0.986328125,1.990234375,-0.380859375,0.0,28,1712919022735
1217,-0.9296875,2.060546875,-0.361328125,0.0,67,1712919022735
1217,-0.9453125,2.09375,-0.380859375,0.0,69,1712919022735
1217,-0.88671875,2.1640625,-0.361328125,0.0,38,1712919022735
1217,-0.6328125,1.921875,-0.0078125,0.12520644037889672,16,1712919022735
1217,-0.580078125,1.9765625,-0.0625,0.12520644037889672,21,1712919022735
1217,-0.33984375,2.01953125,-0.73828125,-0.37561932113669017,56,1712919022735
1217,-0.416015625,2.041015625,-0.751953125,-0.37561932113669017,74,1712919022735
1217,-0.4921875,2.048828125,-0.796875,-0.37561932113669017,44,1712919022735
1217,-0.546875,1.869140625,-0.009765625,-0.25041288075779344,27,1712919022735
1217,-0.55859375,1.904296875,-0.080078125,-0.25041288075779344,100,1712919022735
1217,-0.568359375,1.9296875,-0.212890625,-0.25041288075779344,195,1712919022735
1217,-0.515625,1.962890625,-0.3671875,-0.25041288075779344,238,1712919022735
1217,-0.525390625,1.982421875,-0.44921875,-0.25041288075779344,189,1712919022735
1217,-0.53515625,2.03515625,-0.375,-0.25041288075779344,92,1712919022735
1217,-0.271484375,1.892578125,-1.0390625,-0.25041288075779344,35,1712919022735
1217,-0.484375,2.03515625,-0.72265625,-0.25041288075779344,94,1712919022735
1217,-0.6328125,2.05078125,-0.68359375,-0.25041288075779344,88,1712919022735
1217,-0.859375,2.015625,-0.666015625,-0.25041288075779344,91,1712919022735
1217,-0.873046875,2.05859375,-0.6484375,-0.25041288075779344,88,1712919022735
1217,-0.88671875,2.10546875,-0.615234375,-0.25041288075779344,52,1712919022735
1217,-0.546875,1.865234375,0.111328125,-0.12520644037889672,55,1712919022735
1217,-0.55859375,1.904296875,0.03515625,-0.12520644037889672,208,1712919022735
1217,-0.568359375,1.939453125,-0.091796875,-0.12520644037889672,404,1712919022735
1217,-0.580078125,1.96484375,-0.234375,-0.12520644037889672,496,1712919022735
1217,-0.525390625,2.009765625,-0.30859375,-0.12520644037889672,380,1712919022735
1217,-0.53515625,2.052734375,-0.2734375,-0.12520644037889672,206,1712919022735
1217,-0.611328125,2.0859375,-0.111328125,-0.12520644037889672,89,1712919022735
1217,-0.7734375,2.046875,-0.53515625,-0.12520644037889672,74,1712919022735
1217,-0.859375,2.068359375,-0.478515625,-0.12520644037889672,134,1712919022735
1217,-0.873046875,2.103515625,-0.486328125,-0.12520644037889672,136,1712919022735
1217,-0.88671875,2.140625,-0.486328125,-0.12520644037889672,76,1712919022735
1217,-0.951171875,1.91015625,0.42578125,-0.25041288075779344,28,1712919022735
1218,-0.546875,1.845703125,0.287109375,0.0,41,1712919022836
1218,-0.55859375,1.83984375,0.49609375,0.0,77,1712919022836
1218,-0.568359375,1.166015625,-1.552734375,0.0,55,1712919022836
1218,-0.580078125,1.94921875,-0.33984375,0.0,134,1712919022836
1218,-0.525390625,2.03125,-0.095703125,0.0,185,1712919022836
1218,-0.466796875,2.0859375,-0.021484375,0.0,164,1712919022836
1218,-0.544921875,2.103515625,-0.109375,0.0,112,1712919022836
1218,-0.623046875,2.099609375,-0.328125,0.0,60,1712919022836
1218,-0.84375,2.015625,-0.546875,0.0,61,1712919022836
1218,-0.859375,2.068359375,-0.48046875,0.0,81,1712919022836
1218,-0.873046875,2.109375,-0.462890625,0.0,72,1712919022836
1218,-0.9609375,2.11328125,-0.458984375,0.0,38,1712919022836
1218,-0.568359375,1.935546875,-0.15234375,0.12520644037889672,42,1712919022836
1218,-0.580078125,1.974609375,-0.12109375,0.12520644037889672,62,1712919022836
1218,-0.65625,1.9921875,-0.099609375,0.12520644037889672,39,1712919022836
1218,-3.220703125,0.0,3.353515625,0.12520644037889672,27,1712919022836
1218,-3.25390625,0.0,3.521484375,0.12520644037889672,33,1712919022836
1218,-3.40625,0.0,3.44921875,0.12520644037889672,29,1712919022836
1218,-0.64453125,1.958984375,-0.029296875,0.25041288075779344,20,1712919022836
1218,-3.220703125,0.0,3.587890625,0.25041288075779344,25,1712919022836
1218,-3.373046875,0.0,3.7265625,0.25041288075779344,29,1712919022836
1218,-3.40625,0.0,3.662109375,0.25041288075779344,27,1712919022836
1218,-0.400390625,2.001953125,-0.6328125,-0.37561932113669017,29,1712919022836
1218,-0.33984375,2.037109375,-0.6875,-0.37561932113669017,37,1712919022836
1218,-0.484375,2.025390625,-0.751953125,-0.37561932113669017,26,1712919022836
1218,-0.546875,1.8671875,0.0390625,-0.25041288075779344,39,1712919022836
1218,-0.55859375,1.892578125,0.220703125,-0.25041288075779344,74,1712919022836
1218,-0.505859375,0.0,-1.994140625,-0.25041288075779344,49,1712919022836
1218,-0.515625,1.900390625,-0.609375,-0.25041288075779344,118,1712919022836
1218,-0.458984375,2.015625,-0.369140625,-0.25041288075779344,188,1712919022836
1218,-0.466796875,2.05859375,-0.337890625,-0.25041288075779344,207,1712919022836
1218,-0.408203125,2.09375,-0.42578125,-0.25041288075779344,174,1712919022836
1218,-0.484375,2.08203125,-0.578125,-0.25041288075779344,109,1712919022836
1218,-0.703125,1.984375,-0.798828125,-0.25041288075779344,71,1712919022836
1218,-0.859375,1.955078125,-0.830078125,-0.25041288075779344,81,1712919022836
1218,-0.873046875,2.005859375,-0.798828125,-0.25041288075779344,71,1712919022836
1218,-0.546875,1.861328125,0.169921875,-0.12520644037889672,77,1712919022836
1218,-0.49609375,1.87109375,0.4375,-0.12520644037889672,140,1712919022836
1218,-0.568359375,1.37890625,-1.3671875,-0.12520644037889672,121,1712919022836
1218,-0.580078125,1.921875,-0.466796875,-0.12520644037889672,290,1712919022836
1218,-0.525390625,2.017578125,-0.244140625,-0.12520644037889672,376,1712919022836
1218,-0.53515625,2.0625,-0.177734375,-0.12520644037889672,328,1712919022836
1218,-0.4765625,2.109375,-0.236328125,-0.12520644037889672,233,1712919022836
1218,-0.552734375,2.103515625,-0.412109375,-0.12520644037889672,130,1712919022836
1218,-0.7734375,2.009765625,-0.662109375,-0.12520644037889672,117,1712919022836
1218,-0.859375,2.01953125,-0.654296875,-0.12520644037889672,151,1712919022836
1218,-0.873046875,2.0625,-0.63671875,-0.12520644037889672,133,1712919022836
1218,-0.88671875,2.09765625,-0.642578125,-0.12520644037889672,69,1712919022836
1218,-1.07421875,3.228515625,1.732421875,0.12520644037889672,14,1712919022836
1218,-1.205078125,3.236328125,1.71484375,0.12520644037889672,21,1712919022836
1218,-1.337890625,3.330078125,1.509765625,0.12520644037889672,19,1712919022836
1218,-1.205078125,3.064453125,2.005859375,0.25041288075779344,16,1712919022836
1218,-1.337890625,3.095703125,1.9453125,0.25041288075779344,15,1712919022836
1219,-0.486328125,1.873046875,0.20703125,0.0,43,1712919022936
1219,-0.49609375,1.912109375,0.197265625,0.0,77,1712919022936
1219,-0.505859375,1.951171875,0.181640625,0.0,74,1712919022936
1219,-0.451171875,2.01171875,0.013671875,0.0,73,1712919022936
1219,-0.458984375,2.0390625,-0.193359375,0.0,90,1712919022936
1219,-0.466796875,2.07421875,-0.22265625,0.0,79,1712919022936
1219,-0.544921875,2.1015625,-0.13671875,0.0,32,1712919022936
1219,-0.9140625,1.962890625,-0.6171875,0.0,32,1712919022936
1219,-0.859375,2.06640625,-0.486328125,0.0,43,1712919022936
1219,-0.9453125,2.07421875,-0.47265625,0.0,35,1712919022936
1219,-3.25390625,0.0,3.3359375,0.0,24,1712919022936
1219,-3.28515625,0.0,3.466796875,0.0,22,1712919022936
1219,-0.328125,2.07421875,-0.0234375,0.12520644037889672,22,1712919022936
1219,-0.333984375,2.111328125,0.013671875,0.12520644037889672,20,1712919022936
1219,-3.220703125,0.0,3.3515625,0.12520644037889672,31,1712919022936
1219,-3.25390625,0.0,3.546875,0.12520644037889672,47,1712919022936
1219,-3.40625,0.0,3.69140625,0.12520644037889672,41,1712919022936
1219,-3.318359375,0.0,3.59765625,0.12520644037889672,25,1712919022936
1219,-3.33984375,0.0,3.75,0.25041288075779344,23,1712919022936
1219,-3.373046875,0.0,3.798828125,0.25041288075779344,34,1712919022936
1219,-3.40625,0.0,3.7734375,0.25041288075779344,29,1712919022936
1219,-0.451171875,2.009765625,-0.078125,-0.37561932113669017,36,1712919022936
1219,-0.458984375,2.041015625,-0.16796875,-0.37561932113669017,53,1712919022936
1219,-0.466796875,2.072265625,-0.2421875,-0.37561932113669017,45,1712919022936
1219,-0.486328125,1.884765625,-0.015625,-0.25041288075779344,37,1712919022936
1219,-0.49609375,1.921875,-0.05859375,-0.25041288075779344,62,1712919022936
1219,-0.443359375,1.974609375,-0.0390625,-0.25041288075779344,62,1712919022936
1219,-0.451171875,2.009765625,-0.07421875,-0.25041288075779344,95,1712919022936
1219,-0.39453125,2.052734375,-0.19921875,-0.25041288075779344,128,1712919022936
1219,-0.400390625,2.083984375,-0.26171875,-0.25041288075779344,107,1712919022936
1219,-0.544921875,2.091796875,-0.255859375,-0.25041288075779344,39,1712919022936
1219,-0.84375,1.923828125,-0.810546875,-0.25041288075779344,37,1712919022936
1219,-0.859375,1.966796875,-0.798828125,-0.25041288075779344,46,1712919022936
1219,-0.873046875,2.015625,-0.771484375,-0.25041288075779344,39,1712919022936
1219,-0.537109375,1.828125,0.126953125,-0.12520644037889672,15,1712919022936
1219,-0.486328125,1.8828125,0.076171875,-0.12520644037889672,79,1712919022936
1219,-0.49609375,1.919921875,0.072265625,-0.12520644037889672,139,1712919022936
1219,-0.443359375,1.97265625,0.078125,-0.12520644037889672,134,1712919022936
1219,-0.451171875,2.009765625,-0.0703125,-0.12520644037889672,142,1712919022936
1219,-0.39453125,2.046875,-0.255859375,-0.12520644037889672,184,1712919022936
1219,-0.466796875,2.064453125,-0.294921875,-0.12520644037889672,164,1712919022936
1219,-0.544921875,2.095703125,-0.220703125,-0.12520644037889672,62,1712919022936
1219,-0.96875,1.9453125,-0.42578125,-0.12520644037889672,26,1712919022936
1219,-0.84375,1.9765625,-0.67578125,-0.12520644037889672,62,1712919022936
1219,-0.859375,2.0234375,-0.64453125,-0.12520644037889672,82,1712919022936
1219,-0.873046875,2.0625,-0.634765625,-0.12520644037889672,66,1712919022936
1219,-0.9609375,2.0859375,-0.568359375,-0.12520644037889672,32,1712919022936
1219,-0.20703125,2.130859375,-0.56640625,-0.12520644037889672,23,1712919022936
1220,-0.537109375,1.794921875,0.361328125,0.0,15,1712919023037
1220,-0.546875,1.837890625,0.337890625,0.0,44,1712919023037
1220,-0.49609375,1.921875,0.068359375,0.0,64,1712919023037
1220,-0.443359375,1.96875,-0.138671875,0.0,151,1712919023037
1220,-0.515625,1.9921875,-0.11328125,0.0,190,1712919023037
1220,-0.458984375,2.046875,-0.099609375,0.0,114,1712919023037
1220,-0.400390625,2.09375,-0.1484375,0.0,31,1712919023037
1220,-0.76171875,2.07421875,-0.158203125,0.0,14,1712919023037
1220,-0.7734375,2.11328125,-0.09375,0.0,23,1712919023037
1220,-0.787109375,2.140625,-0.21875,0.0,22,1712919023037
1220,3.564453125,1.623046875,0.357421875,0.0,22,1712919023037
1220,3.474609375,1.919921875,0.087890625,0.0,21,1712919023037
1220,-0.37890625,1.9765625,-0.2109375,0.12520644037889672,36,1712919023037
1220,-0.451171875,2.005859375,-0.14453125,0.12520644037889672,45,1712919023037
1220,-0.458984375,2.046875,-0.0703125,0.12520644037889672,31,1712919023037
1220,-0.484375,2.083984375,-0.568359375,0.12520644037889672,18,1712919023037
1220,-3.564453125,0.0,2.53125,0.12520644037889672,21,1712919023037
1220,-3.59765625,0.0,2.34375,0.12520644037889672,20,1712919023037
1220,-0.322265625,2.01171875,0.30859375,-0.37561932113669017,19,1712919023037
1220,-0.197265625,2.048828125,0.416015625,-0.37561932113669017,20,1712919023037
1220,-0.486328125,1.8828125,0.0859375,-0.25041288075779344,39,1712919023037
1220,-0.43359375,1.92578125,-0.208984375,-0.25041288075779344,72,1712919023037
1220,-0.443359375,1.951171875,-0.3046875,-0.25041288075779344,176,1712919023037
1220,-0.451171875,1.98828125,-0.30859375,-0.25041288075779344,215,1712919023037
1220,-0.458984375,2.0234375,-0.31640625,-0.25041288075779344,133,1712919023037
1220,-0.53515625,2.033203125,-0.390625,-0.25041288075779344,41,1712919023037
1220,-0.830078125,2.021484375,-0.361328125,-0.25041288075779344,29,1712919023037
1220,-0.703125,2.095703125,-0.427734375,-0.25041288075779344,51,1712919023037
1220,-0.71484375,2.123046875,-0.474609375,-0.25041288075779344,51,1712919023037
1220,3.28515625,2.029296875,-0.498046875,-0.25041288075779344,25,1712919023037
1220,3.44140625,1.8359375,-0.505859375,-0.25041288075779344,48,1712919023037
1220,3.474609375,1.8203125,-0.615234375,-0.25041288075779344,44,1712919023037
1220,-0.537109375,1.818359375,0.216796875,-0.12520644037889672,27,1712919023037
1220,-0.486328125,1.873046875,0.21875,-0.12520644037889672,77,1712919023037
1220,-0.43359375,1.93359375,-0.115234375,-0.12520644037889672,127,1712919023037
1220,-0.443359375,1.95703125,-0.2578125,-0.12520644037889672,325,1712919023037
1220,-0.451171875,1.99609375,-0.2421875,-0.12520644037889672,408,1712919023037
1220,-0.458984375,2.03515625,-0.228515625,-0.12520644037889672,248,1712919023037
1220,-0.466796875,2.076171875,-0.20703125,-0.12520644037889672,64,1712919023037
1220,-0.830078125,2.048828125,-0.138671875,-0.12520644037889672,29,1712919023037
1220,-0.7734375,2.095703125,-0.279296875,-0.12520644037889672,53,1712919023037
1220,-0.71484375,2.1484375,-0.34765625,-0.12520644037889672,54,1712919023037
1220,-0.654296875,2.205078125,-0.3671875,-0.12520644037889672,24,1712919023037
1220,3.28515625,2.083984375,-0.169921875,-0.12520644037889672,25,1712919023037
1220,3.44140625,1.875,-0.32421875,-0.12520644037889672,49,1712919023037
1220,3.474609375,1.87890625,-0.40234375,-0.12520644037889672,47,1712919023037
1220,-1.228515625,3.361328125,1.630859375,0.12520644037889672,11,1712919023037
1220,-0.068359375,0.95703125,1.99609375,-0.25041288075779344,15,1712919023037
1220,-0.138671875,1.55859375,-1.56640625,-0.12520644037889672,21,1712919023037
1221,-0.41796875,1.84375,0.265625,0.0,61,1712919023137
1221,-0.42578125,1.87890625,0.28125,0.0,178,1712919023137
1221,-0.49609375,1.876953125,0.4140625,0.0,204,1712919023137
1221,-0.6953125,0.0,1.98828125,0.0,78,1712919023137
1221,-0.451171875,1.990234375,-0.291015625,0.0,120,1712919023137
1221,-0.458984375,2.04296875,-0.158203125,0.0,122,1712919023137
1221,-0.53515625,2.06640625,-0.1328125,0.0,49,1712919023137
1221,-0.748046875,2.037109375,-0.166015625,0.0,22,1712919023137
1221,-0.69140625,2.087890625,-0.25,0.0,39,1712919023137
1221,-0.703125,2.1171875,-0.302734375,0.0,53,1712919023137
1221,-0.71484375,2.150390625,-0.3359375,0.0,41,1712919023137
1221,-0.486328125,1.841796875,0.40625,0.12520644037889672,27,1712919023137
1221,-0.43359375,1.92578125,0.20703125,0.12520644037889672,53,1712919023137
1221,-0.443359375,1.970703125,-0.109375,0.12520644037889672,68,1712919023137
1221,-0.451171875,1.994140625,-0.267578125,0.12520644037889672,56,1712919023137
1221,-0.26171875,2.015625,-0.525390625,0.12520644037889672,39,1712919023137
1221,-0.201171875,2.01171875,-0.693359375,0.12520644037889672,26,1712919023137
1221,-3.1640625,0.0,3.576171875,0.12520644037889672,20,1712919023137
1221,-0.451171875,2.009765625,-0.099609375,0.25041288075779344,20,1712919023137
1221,-0.42578125,1.896484375,-0.095703125,-0.37561932113669017,38,1712919023137
1221,-0.373046875,1.94921875,-0.072265625,-0.37561932113669017,72,1712919023137
1221,-0.31640625,1.998046875,0.021484375,-0.37561932113669017,80,1712919023137
1221,-0.2578125,2.03125,0.244140625,-0.37561932113669017,56,1712919023137
1221,-0.328125,2.072265625,0.1015625,-0.37561932113669017,31,1712919023137
1221,-0.6015625,1.96875,-0.580078125,-0.37561932113669017,33,1712919023137
1221,-0.69140625,2.0,-0.6484375,-0.37561932113669017,34,1712919023137
1221,-0.6328125,2.029296875,-0.74609375,-0.37561932113669017,49,1712919023137
1221,-0.71484375,2.01953125,-0.810546875,-0.37561932113669017,38,1712919023137
1221,3.318359375,2.103515625,-0.181640625,-0.37561932113669017,25,1712919023137
1221,-0.41796875,1.861328125,0.044921875,-0.25041288075779344,78,1712919023137
1221,-0.42578125,1.900390625,0.03515625,-0.25041288075779344,241,1712919023137
1221,-0.43359375,1.93359375,0.125,-0.25041288075779344,326,1712919023137
1221,-0.37890625,1.916015625,0.529296875,-0.25041288075779344,182,1712919023137
1221,-0.193359375,2.048828125,0.107421875,-0.25041288075779344,123,1712919023137
1221,-0.458984375,2.01953125,-0.341796875,-0.25041288075779344,171,1712919023137
1221,-0.53515625,2.0234375,-0.435546875,-0.25041288075779344,112,1712919023137
1221,-0.611328125,2.021484375,-0.5234375,-0.25041288075779344,73,1712919023137
1221,-0.69140625,2.03515625,-0.53125,-0.25041288075779344,108,1712919023137
1221,-0.703125,2.056640625,-0.587890625,-0.25041288075779344,150,1712919023137
1221,-0.71484375,2.080078125,-0.638671875,-0.25041288075779344,116,1712919023137
1221,-0.80078125,2.04296875,-0.78125,-0.25041288075779344,42,1712919023137
1221,3.318359375,2.09765625,-0.234375,-0.25041288075779344,37,1712919023137
1221,3.349609375,2.115234375,-0.259765625,-0.25041288075779344,32,1712919023137
1221,-0.4765625,1.841796875,0.15625,-0.12520644037889672,115,1712919023137
1221,-0.42578125,1.892578125,0.1640625,-0.12520644037889672,349,1712919023137
1221,-0.43359375,1.912109375,0.3046875,-0.12520644037889672,405,1712919023137
1221,-0.6328125,1.123046875,1.560546875,-0.12520644037889672,137,1712919023137
1221,-0.322265625,2.021484375,-0.244140625,-0.12520644037889672,240,1712919023137
1221,-0.458984375,2.02734375,-0.296875,-0.12520644037889672,276,1712919023137
1221,-0.53515625,2.044921875,-0.326171875,-0.12520644037889672,131,1712919023137
1221,-0.611328125,2.04296875,-0.431640625,-0.12520644037889672,66,1712919023137
1221,-0.69140625,2.064453125,-0.3984375,-0.12520644037889672,104,1712919023137
1221,-0.703125,2.09375,-0.439453125,-0.12520644037889672,142,1712919023137
1221,-0.71484375,2.119140625,-0.494140625,-0.12520644037889672,111,1712919023137
1221,-0.80078125,2.09765625,-0.62109375,-0.12520644037889672,42,1712919023137
1221,3.44140625,1.865234375,-0.376953125,-0.12520644037889672,24,1712919023137
1221,-1.095703125,3.62109375,0.919921875,0.12520644037889672,13,1712919023137
1221,-0.197265625,2.0703125,0.283203125,-0.37561932113669017,31,1712919023137
1221,-0.837890625,1.287109375,-1.375,-0.25041288075779344,73,1712919023137
1221,-3.072265625,0.0,3.888671875,-0.25041288075779344,20,1712919023137
1221,-3.1015625,0.0,3.73828125,-0.25041288075779344,17,1712919023137
1221,-0.0625,2.021484375,0.060546875,-0.12520644037889672,82,1712919023137
1221,-3.1953125,0.0,-3.80859375,-0.12520644037889672,13,1712919023137
1222,-0.41015625,1.806640625,0.263671875,0.0,17,1712919023237
1222,-0.41796875,1.841796875,0.279296875,0.0,77,1712919023237
1222,-0.42578125,1.859375,0.388671875,0.0,119,1712919023237
1222,-0.373046875,1.888671875,-0.486328125,0.0,160,1712919023237
1222,-0.37890625,1.9609375,-0.326171875,0.0,278,1712919023237
1222,-0.38671875,2.00390625,-0.29296875,0.0,244,1712919023237
1222,-0.39453125,2.03125,-0.36328125,0.0,108,1712919023237
1222,-0.333984375,2.05078125,-0.501953125,0.0,35,1712919023237
1222,-0.271484375,2.10546875,-0.4765625,0.0,17,1712919023237
1222,-0.7734375,2.068359375,-0.4453125,0.0,15,1712919023237
1222,3.40625,1.876953125,-0.18359375,0.0,19,1712919023237
1222,3.44140625,1.900390625,-0.103515625,0.0,20,1712919023237
1222,-0.609375,1.71484375,0.693359375,0.12520644037889672,20,1712919023237
1222,-0.0625,1.841796875,-0.73828125,0.12520644037889672,17,1712919023237
1222,-0.251953125,1.9609375,-0.427734375,0.12520644037889672,24,1712919023237
1222,-0.2578125,1.998046875,-0.439453125,0.12520644037889672,25,1712919023237
1222,-0.26171875,2.048828125,-0.37890625,0.12520644037889672,33,1712919023237
1222,-0.201171875,2.08984375,-0.408203125,0.12520644037889672,43,1712919023237
1222,-0.271484375,2.123046875,-0.396484375,0.12520644037889672,32,1712919023237
1222,-0.138671875,2.171875,-0.40625,0.12520644037889672,16,1712919023237
1222,-0.267578125,2.091796875,-0.349609375,0.25041288075779344,16,1712919023237
1222,-0.357421875,1.87109375,-0.125,-0.37561932113669017,26,1712919023237
1222,-0.365234375,1.90234375,-0.189453125,-0.37561932113669017,40,1712919023237
1222,-0.310546875,1.958984375,-0.09375,-0.37561932113669017,45,1712919023237
1222,-0.37890625,1.984375,-0.125,-0.37561932113669017,55,1712919023237
1222,-0.515625,1.990234375,-0.162109375,-0.37561932113669017,37,1712919023237
1222,-0.611328125,1.94921875,-0.74609375,-0.37561932113669017,41,1712919023237
1222,-0.623046875,1.998046875,-0.724609375,-0.37561932113669017,83,1712919023237
1222,-0.703125,2.01171875,-0.7265625,-0.37561932113669017,90,1712919023237
1222,-0.71484375,2.03125,-0.77734375,-0.37561932113669017,63,1712919023237
1222,-0.728515625,2.056640625,-0.81640625,-0.37561932113669017,34,1712919023237
1222,-0.41015625,1.822265625,0.099609375,-0.25041288075779344,27,1712919023237
1222,-0.357421875,1.875,0.005859375,-0.25041288075779344,125,1712919023237
1222,-0.365234375,1.912109375,-0.005859375,-0.25041288075779344,202,1712919023237
1222,-0.310546875,1.92578125,-0.36328125,-0.25041288075779344,241,1712919023237
1222,-0.37890625,1.94140625,-0.427734375,-0.25041288075779344,373,1712919023237
1222,-0.38671875,1.970703125,-0.46484375,-0.25041288075779344,306,1712919023237
1222,-0.39453125,1.984375,-0.564453125,-0.25041288075779344,120,1712919023237
1222,-0.611328125,1.98828125,-0.63671875,-0.25041288075779344,61,1712919023237
1222,-0.69140625,2.021484375,-0.580078125,-0.25041288075779344,108,1712919023237
1222,-0.703125,2.056640625,-0.58984375,-0.25041288075779344,117,1712919023237
1222,-0.71484375,2.08203125,-0.62890625,-0.25041288075779344,81,1712919023237
1222,3.529296875,1.166015625,-1.162109375,-0.25041288075779344,23,1712919023237
1222,-0.41015625,1.818359375,0.15625,-0.12520644037889672,34,1712919023237
1222,-0.41796875,1.857421875,0.13671875,-0.12520644037889672,158,1712919023237
1222,-0.365234375,1.904296875,0.173828125,-0.12520644037889672,257,1712919023237
1222,-0.373046875,1.89453125,-0.46484375,-0.12520644037889672,347,1712919023237
1222,-0.37890625,1.9453125,-0.404296875,-0.12520644037889672,588,1712919023237
1222,-0.38671875,1.984375,-0.40625,-0.12520644037889672,503,1712919023237
1222,-0.39453125,2.01171875,-0.458984375,-0.12520644037889672,209,1712919023237
1222,-0.53515625,2.0234375,-0.4375,-0.12520644037889672,44,1712919023237
1222,-0.748046875,2.017578125,-0.32421875,-0.12520644037889672,26,1712919023237
1222,-0.76171875,2.0546875,-0.31640625,-0.12520644037889672,36,1712919023237
1222,-0.7734375,2.072265625,-0.423828125,-0.12520644037889672,39,1712919023237
1222,-0.787109375,2.111328125,-0.412109375,-0.12520644037889672,27,1712919023237
1222,3.529296875,1.5234375,-0.625,-0.12520644037889672,38,1712919023237
1222,3.564453125,1.544921875,-0.61328125,-0.12520644037889672,37,1712919023237
1222,0.12109375,1.552734375,-1.169921875,0.12520644037889672,13,1712919023237
1222,-0.806640625,1.3828125,1.17578125,0.12520644037889672,11,1712919023237
1222,-0.12109375,3.888671875,-0.15234375,-0.25041288075779344,12,1712919023237
1222,1.669921875,1.232421875,-0.513671875,-0.12520644037889672,25,1712919023237
1222,0.0,1.37890625,-1.68359375,-0.12520644037889672,16,1712919023237
1223,-0.3515625,1.802734375,0.35546875,0.0,24,1712919023338
1223,-0.357421875,1.853515625,0.28125,0.0,71,1712919023338
1223,-0.365234375,1.91015625,0.107421875,0.0,113,1712919023338
1223,-0.310546875,1.958984375,-0.087890625,0.0,138,1712919023338
1223,-0.31640625,1.9921875,-0.1640625,0.0,142,1712919023338
1223,-0.2578125,2.04296875,-0.083984375,0.0,101,1712919023338
1223,-0.197265625,2.083984375,-0.16796875,0.0,48,1712919023338
1223,-0.365234375,1.849609375,0.486328125,0.12520644037889672,18,1712919023338
1223,-0.568359375,1.9375,-0.13671875,0.12520644037889672,20,1712919023338
1223,-0.580078125,1.978515625,-0.046875,0.12520644037889672,22,1712919023338
1223,-0.130859375,2.015625,-0.572265625,0.12520644037889672,25,1712919023338
1223,-0.1328125,2.091796875,-0.416015625,0.12520644037889672,29,1712919023338
1223,-0.49609375,1.880859375,-0.39453125,-0.5008257615155869,34,1712919023338
1223,-0.443359375,1.931640625,-0.408203125,-0.5008257615155869,61,1712919023338
1223,-0.515625,1.947265625,-0.439453125,-0.5008257615155869,57,1712919023338
1223,-0.58984375,1.94140625,-0.537109375,-0.5008257615155869,35,1712919023338
1223,-0.66796875,1.94140625,-0.59375,-0.5008257615155869,27,1712919023338
1223,-0.544921875,2.013671875,-0.62109375,-0.5008257615155869,28,1712919023338
1223,-0.623046875,2.017578125,-0.66796875,-0.5008257615155869,21,1712919023338
1223,-0.298828125,1.884765625,-0.05078125,-0.37561932113669017,60,1712919023338
1223,-0.365234375,1.90625,-0.16015625,-0.37561932113669017,102,1712919023338
1223,-0.43359375,1.919921875,-0.2578125,-0.37561932113669017,194,1712919023338
1223,-0.443359375,1.955078125,-0.2734375,-0.37561932113669017,275,1712919023338
1223,-0.515625,1.978515625,-0.26953125,-0.37561932113669017,212,1712919023338
1223,-0.58984375,1.99609375,-0.27734375,-0.37561932113669017,87,1712919023338
1223,-0.6015625,1.99609375,-0.47265625,-0.37561932113669017,53,1712919023338
1223,-0.544921875,2.029296875,-0.568359375,-0.37561932113669017,64,1712919023338
1223,-0.552734375,2.04296875,-0.646484375,-0.37561932113669017,54,1712919023338
1223,3.25390625,1.95703125,-0.673828125,-0.37561932113669017,23,1712919023338
1223,3.40625,1.71875,-0.7734375,-0.37561932113669017,35,1712919023338
1223,3.44140625,1.736328125,-0.78125,-0.37561932113669017,28,1712919023338
1223,-0.29296875,1.84375,0.130859375,-0.25041288075779344,63,1712919023338
1223,-0.298828125,1.884765625,0.0625,-0.25041288075779344,190,1712919023338
1223,-0.365234375,1.912109375,-0.06640625,-0.25041288075779344,290,1712919023338
1223,-0.373046875,1.939453125,-0.197265625,-0.25041288075779344,368,1712919023338
1223,-0.37890625,1.974609375,-0.22265625,-0.25041288075779344,417,1712919023338
1223,-0.451171875,2.0,-0.212890625,-0.25041288075779344,285,1712919023338
1223,-0.458984375,2.0390625,-0.20703125,-0.25041288075779344,93,1712919023338
1223,3.25390625,1.984375,-0.587890625,-0.25041288075779344,31,1712919023338
1223,3.28515625,1.994140625,-0.625,-0.25041288075779344,48,1712919023338
1223,3.318359375,2.03125,-0.57421875,-0.25041288075779344,38,1712919023338
1223,-0.3515625,1.8203125,0.244140625,-0.12520644037889672,62,1712919023338
1223,-0.357421875,1.8671875,0.166015625,-0.12520644037889672,184,1712919023338
1223,-0.365234375,1.912109375,0.015625,-0.12520644037889672,287,1712919023338
1223,-0.310546875,1.953125,-0.169921875,-0.12520644037889672,351,1712919023338
1223,-0.31640625,1.984375,-0.236328125,-0.12520644037889672,368,1712919023338
1223,-0.322265625,2.0234375,-0.228515625,-0.12520644037889672,255,1712919023338
1223,-0.26171875,2.072265625,-0.2109375,-0.12520644037889672,99,1712919023338
1223,3.40625,1.76953125,-0.6484375,-0.12520644037889672,26,1712919023338
1223,-0.853515625,1.33984375,-1.373046875,0.0,25,1712919023338
1223,-0.240234375,3.8046875,-0.572265625,-0.37561932113669017,12,1712919023338
1224,-0.29296875,1.8203125,0.31640625,0.0,19,1712919023438
1224,-0.298828125,1.876953125,0.1796875,0.0,38,1712919023438
1224,-0.244140625,1.927734375,-0.130859375,0.0,111,1712919023438
1224,-0.310546875,1.947265625,-0.232421875,0.0,280,1712919023438
1224,-0.31640625,1.982421875,-0.251953125,0.0,348,1712919023438
1224,-0.38671875,2.005859375,-0.2734375,0.0,196,1712919023438
1224,-0.39453125,2.03125,-0.353515625,0.0,41,1712919023438
1224,-0.3046875,1.91796875,0.140625,0.12520644037889672,19,1712919023438
1224,-0.373046875,1.94921875,0.0234375,0.12520644037889672,37,1712919023438
1224,-0.31640625,1.998046875,-0.029296875,0.12520644037889672,45,1712919023438
1224,-0.451171875,2.005859375,-0.150390625,0.12520644037889672,27,1712919023438
1224,-3.349609375,0.662109375,2.025390625,0.12520644037889672,21,1712919023438
1224,-3.3828125,0.0,2.5546875,0.12520644037889672,17,1712919023438
1224,-0.43359375,1.8671875,-0.513671875,-0.5008257615155869,28,1712919023438
1224,-0.443359375,1.908203125,-0.505859375,-0.5008257615155869,31,1712919023438
1224,-0.53515625,2.005859375,-0.51171875,-0.5008257615155869,26,1712919023438
1224,-0.357421875,1.828125,-0.419921875,-0.37561932113669017,21,1712919023438
1224,-0.42578125,1.884765625,-0.236328125,-0.37561932113669017,73,1712919023438
1224,-0.43359375,1.923828125,-0.23046875,-0.37561932113669017,131,1712919023438
1224,-0.443359375,1.95703125,-0.25390625,-0.37561932113669017,118,1712919023438
1224,-0.515625,1.984375,-0.20703125,-0.37561932113669017,48,1712919023438
1224,-0.525390625,1.966796875,-0.513671875,-0.37561932113669017,28,1712919023438
1224,-0.53515625,2.03125,-0.400390625,-0.37561932113669017,49,1712919023438
1224,-0.544921875,2.072265625,-0.376953125,-0.37561932113669017,40,1712919023438
1224,-0.29296875,1.845703125,0.103515625,-0.25041288075779344,36,1712919023438
1224,-0.23828125,1.88671875,-0.1640625,-0.25041288075779344,78,1712919023438
1224,-0.3046875,1.91015625,-0.22265625,-0.25041288075779344,167,1712919023438
1224,-0.248046875,1.923828125,-0.42578125,-0.25041288075779344,311,1712919023438
1224,-0.251953125,1.9375,-0.525390625,-0.25041288075779344,365,1712919023438
1224,-0.2578125,1.9609375,-0.583984375,-0.25041288075779344,216,1712919023438
1224,-0.328125,2.001953125,-0.544921875,-0.25041288075779344,60,1712919023438
1224,-0.6015625,2.013671875,-0.388671875,-0.25041288075779344,35,1712919023438
1224,-0.544921875,2.07421875,-0.37109375,-0.25041288075779344,37,1712919023438
1224,3.373046875,1.58984375,-0.9765625,-0.25041288075779344,34,1712919023438
1224,-0.29296875,1.841796875,0.13671875,-0.12520644037889672,41,1712919023438
1224,-0.23828125,1.89453125,0.013671875,-0.12520644037889672,86,1712919023438
1224,-0.244140625,1.91796875,-0.22265625,-0.12520644037889672,213,1712919023438
1224,-0.310546875,1.9296875,-0.345703125,-0.12520644037889672,491,1712919023438
1224,-0.31640625,1.9609375,-0.390625,-0.12520644037889672,617,1712919023438
1224,-0.2578125,2.0,-0.427734375,-0.12520644037889672,354,1712919023438
1224,-0.328125,2.013671875,-0.49609375,-0.12520644037889672,78,1712919023438
1224,1.705078125,1.162109375,-0.384765625,0.0,22,1712919023438
1224,3.1015625,1.875,-1.62109375,0.12520644037889672,13,1712919023438
1224,3.130859375,2.177734375,-1.232421875,0.12520644037889672,12,1712919023438
1225,-0.34375,1.79296875,-0.1640625,0.0,9,1712919023539
1225,-0.29296875,1.845703125,-0.0859375,0.0,17,1712919023539
1225,-0.298828125,1.849609375,-0.365234375,0.0,22,1712919023539
1225,-0.244140625,1.927734375,0.11328125,0.0,67,1712919023539
1225,-0.310546875,1.9296875,-0.34765625,0.0,84,1712919023539
1225,-0.31640625,1.90625,-0.599609375,0.0,55,1712919023539
1225,-0.38671875,2.001953125,-0.3046875,0.0,28,1712919023539
1225,-3.072265625,1.466796875,1.966796875,0.0,16,1712919023539
1225,-2.978515625,1.162109375,2.35546875,0.0,24,1712919023539
1225,-3.130859375,0.0,2.505859375,0.0,18,1712919023539
1225,-0.365234375,1.8984375,0.228515625,0.12520644037889672,19,1712919023539
1225,-0.310546875,1.955078125,0.15234375,0.12520644037889672,24,1712919023539
1225,-3.1328125,0.0,3.5,0.12520644037889672,22,1712919023539
1225,-2.94921875,1.01953125,2.392578125,0.12520644037889672,32,1712919023539
1225,-2.978515625,0.0,2.71875,0.12520644037889672,45,1712919023539
1225,-3.130859375,0.0,2.830078125,0.12520644037889672,34,1712919023539
1225,0.0,1.6640625,-1.7890625,0.25041288075779344,24,1712919023539
1225,-3.1953125,0.0,2.5234375,0.25041288075779344,19,1712919023539
1225,-3.1015625,0.0,2.892578125,0.25041288075779344,28,1712919023539
1225,-3.2578125,0.0,3.0703125,0.25041288075779344,21,1712919023539
1225,-0.41796875,1.810546875,-0.439453125,-0.5008257615155869,20,1712919023539
1225,-0.42578125,1.853515625,-0.419921875,-0.5008257615155869,46,1712919023539
1225,-0.373046875,1.908203125,-0.3984375,-0.5008257615155869,51,1712919023539
1225,-0.443359375,1.921875,-0.451171875,-0.5008257615155869,37,1712919023539
1225,-0.515625,1.919921875,-0.546875,-0.5008257615155869,49,1712919023539
1225,-0.525390625,1.9296875,-0.640625,-0.5008257615155869,58,1712919023539
1225,-0.53515625,1.953125,-0.685546875,-0.5008257615155869,44,1712919023539
1225,-0.6796875,1.95703125,-0.6640625,-0.5008257615155869,29,1712919023539
1225,-0.3515625,1.787109375,-0.431640625,-0.37561932113669017,24,1712919023539
1225,-0.357421875,1.83984375,-0.361328125,-0.37561932113669017,106,1712919023539
1225,-0.42578125,1.8671875,-0.353515625,-0.37561932113669017,228,1712919023539
1225,-0.373046875,1.916015625,-0.36328125,-0.37561932113669017,254,1712919023539
1225,-0.37890625,1.947265625,-0.39453125,-0.37561932113669017,164,1712919023539
1225,-0.451171875,1.984375,-0.33203125,-0.37561932113669017,73,1712919023539
1225,-0.525390625,2.009765625,-0.30078125,-0.37561932113669017,62,1712919023539
1225,-0.53515625,1.994140625,-0.5546875,-0.37561932113669017,60,1712919023539
1225,-0.544921875,2.013671875,-0.62109375,-0.37561932113669017,51,1712919023539
1225,3.33984375,1.267578125,-1.345703125,-0.37561932113669017,21,1712919023539
1225,3.373046875,1.486328125,-1.12890625,-0.37561932113669017,31,1712919023539
1225,3.40625,1.505859375,-1.134765625,-0.37561932113669017,23,1712919023539
1225,-0.34375,1.759765625,-0.37890625,-0.25041288075779344,17,1712919023539
1225,-0.29296875,1.826171875,-0.27734375,-0.25041288075779344,54,1712919023539
1225,-0.357421875,1.8515625,-0.291015625,-0.25041288075779344,140,1712919023539
1225,-0.42578125,1.875,-0.306640625,-0.25041288075779344,278,1712919023539
1225,-0.43359375,1.908203125,-0.3359375,-0.25041288075779344,340,1712919023539
1225,-0.37890625,1.9453125,-0.41015625,-0.25041288075779344,261,1712919023539
1225,-0.38671875,1.978515625,-0.43359375,-0.25041288075779344,117,1712919023539
1225,-0.328125,2.068359375,-0.146484375,-0.25041288075779344,30,1712919023539
1225,-0.400390625,2.0,-0.63671875,-0.25041288075779344,57,1712919023539
1225,-0.408203125,2.037109375,-0.646484375,-0.25041288075779344,52,1712919023539
1225,3.494140625,1.359375,-0.8984375,-0.25041288075779344,31,1712919023539
1225,3.529296875,1.33203125,-0.966796875,-0.25041288075779344,25,1712919023539
1225,-0.34375,1.78515625,-0.23046875,-0.12520644037889672,19,1712919023539
1225,-0.29296875,1.83984375,-0.16796875,-0.12520644037889672,46,1712919023539
1225,-0.41796875,1.837890625,-0.3046875,-0.12520644037889672,66,1712919023539
1225,-0.486328125,1.8515625,-0.357421875,-0.12520644037889672,105,1712919023539
1225,-0.310546875,1.875,-0.57421875,-0.12520644037889672,172,1712919023539
1225,-0.37890625,1.935546875,-0.453125,-0.12520644037889672,176,1712919023539
1225,-0.38671875,1.986328125,-0.392578125,-0.12520644037889672,95,1712919023539
1225,-0.130859375,2.0859375,-0.203125,-0.12520644037889672,38,1712919023539
1225,-0.201171875,1.982421875,-0.7734375,-0.12520644037889672,48,1712919023539
1225,-0.13671875,2.06640625,-0.666015625,-0.12520644037889672,45,1712919023539
1225,-1.3515625,2.359375,2.83984375,0.0,10,1712919023539
1225,3.349609375,1.517578125,-1.49609375,0.0,18,1712919023539
1226,-0.228515625,1.80859375,0.1796875,0.0,35,1712919023639
1226,-0.17578125,1.84765625,0.228515625,0.0,72,1712919023639
1226,-0.119140625,1.87890625,0.314453125,0.0,82,1712919023639
1226,0.0,1.87890625,0.51171875,0.0,60,1712919023639
1226,-0.49609375,1.84375,-0.541015625,0.0,32,1712919023639
1226,-0.37890625,1.96875,-0.265625,0.0,27,1712919023639
1226,-0.1328125,2.0625,-0.548828125,0.0,45,1712919023639
1226,-0.13671875,2.09765625,-0.55859375,0.0,37,1712919023639
1226,3.685546875,1.326171875,-0.3359375,0.0,10,1712919023639
1226,3.59765625,1.50390625,-0.744140625,0.0,16,1712919023639
1226,3.6328125,1.365234375,-1.00390625,0.0,14,1712919023639
1226,-0.29296875,1.82421875,0.294921875,0.12520644037889672,15,1712919023639
1226,-0.1796875,1.87109375,0.330078125,0.12520644037889672,17,1712919023639
1226,-1.337890625,0.0,-3.810546875,0.12520644037889672,17,1712919023639
1226,3.685546875,1.359375,0.150390625,0.12520644037889672,19,1712919023639
1226,3.59765625,1.62890625,-0.400390625,0.12520644037889672,29,1712919023639
1226,3.5078125,1.759765625,-0.818359375,0.12520644037889672,25,1712919023639
1226,3.474609375,1.841796875,-0.546875,0.25041288075779344,15,1712919023639
1226,-2.880859375,0.0,3.47265625,0.25041288075779344,16,1712919023639
1226,-0.357421875,1.818359375,-0.45703125,-0.5008257615155869,33,1712919023639
1226,-0.365234375,1.873046875,-0.384765625,-0.5008257615155869,46,1712919023639
1226,-0.373046875,1.9296875,-0.275390625,-0.5008257615155869,34,1712919023639
1226,-0.228515625,1.8125,-0.1328125,-0.37561932113669017,42,1712919023639
1226,-0.234375,1.853515625,-0.091796875,-0.37561932113669017,92,1712919023639
1226,-0.298828125,1.87890625,-0.16015625,-0.37561932113669017,145,1712919023639
1226,-0.3046875,1.921875,-0.044921875,-0.37561932113669017,143,1712919023639
1226,-0.248046875,1.513671875,1.26171875,-0.37561932113669017,60,1712919023639
1226,-0.126953125,1.775390625,-0.9609375,-0.37561932113669017,37,1712919023639
1226,-0.193359375,2.009765625,-0.412109375,-0.37561932113669017,26,1712919023639
1226,-0.224609375,1.779296875,-0.06640625,-0.25041288075779344,22,1712919023639
1226,-0.228515625,1.818359375,-0.021484375,-0.25041288075779344,114,1712919023639
1226,-0.17578125,1.861328125,0.033203125,-0.25041288075779344,209,1712919023639
1226,-0.23828125,1.88671875,0.16796875,-0.25041288075779344,216,1712919023639
1226,-0.3046875,1.880859375,0.3984375,-0.25041288075779344,190,1712919023639
1226,-0.248046875,1.658203125,-1.0625,-0.25041288075779344,160,1712919023639
1226,-0.189453125,1.91796875,-0.615234375,-0.25041288075779344,122,1712919023639
1226,-0.193359375,2.0390625,-0.232421875,-0.25041288075779344,52,1712919023639
1226,0.0,2.048828125,-0.458984375,-0.25041288075779344,22,1712919023639
1226,-0.06640625,2.05078125,-0.6015625,-0.25041288075779344,47,1712919023639
1226,-0.068359375,2.072265625,-0.66015625,-0.25041288075779344,38,1712919023639
1226,-0.267578125,2.759765625,-0.716796875,-0.25041288075779344,33,1712919023639
1226,-0.36328125,2.859375,-0.33984375,-0.25041288075779344,36,1712919023639
1226,-0.3671875,2.9140625,-0.126953125,-0.25041288075779344,30,1712919023639
1226,-0.224609375,1.779296875,0.0078125,-0.12520644037889672,20,1712919023639
1226,-0.228515625,1.81640625,0.080078125,-0.12520644037889672,101,1712919023639
1226,-0.17578125,1.857421875,0.140625,-0.12520644037889672,189,1712919023639
1226,-0.119140625,1.884765625,0.275390625,-0.12520644037889672,175,1712919023639
1226,0.060546875,1.849609375,0.60546875,-0.12520644037889672,77,1712919023639
1226,-0.373046875,1.78125,-0.79296875,-0.12520644037889672,122,1712919023639
1226,-0.251953125,1.970703125,-0.3828125,-0.12520644037889672,100,1712919023639
1226,-0.322265625,2.021484375,-0.248046875,-0.12520644037889672,37,1712919023639
1226,-0.130859375,1.974609375,-0.701171875,-0.12520644037889672,50,1712919023639
1226,-0.06640625,2.04296875,-0.62890625,-0.12520644037889672,89,1712919023639
1226,-0.068359375,2.083984375,-0.623046875,-0.12520644037889672,73,1712919023639
1226,-0.357421875,2.8125,-0.40234375,-0.12520644037889672,46,1712919023639
1226,-0.36328125,2.87890625,-0.0546875,-0.12520644037889672,51,1712919023639
1226,-0.3671875,2.912109375,0.140625,-0.12520644037889672,42,1712919023639
1226,0.125,1.810546875,0.802734375,0.0,29,1712919023639
1226,-1.228515625,0.681640625,-3.671875,0.0,10,1712919023639
1226,-2.73046875,0.0,3.279296875,0.0,13,1712919023639
1226,-2.880859375,0.0,2.96484375,0.0,12,1712919023639
1226,-3.28515625,0.0,2.435546875,0.12520644037889672,15,1712919023639
1226,-1.228515625,0.625,-3.681640625,0.12520644037889672,19,1712919023639
1226,-2.853515625,0.0,3.498046875,0.12520644037889672,26,1712919023639
1227,-0.16796875,1.767578125,0.255859375,0.0,41,1712919023739
1227,-0.115234375,1.80859375,0.271484375,0.0,118,1712919023739
1227,-0.17578125,1.8359375,0.3125,0.0,155,1712919023739
1227,-0.119140625,1.857421875,0.423828125,0.0,96,1712919023739
1227,-0.244140625,1.888671875,-0.40625,0.0,53,1712919023739
1227,-0.248046875,1.95703125,-0.21875,0.0,58,1712919023739
1227,-0.251953125,1.994140625,-0.236328125,0.0,39,1712919023739
1227,-0.193359375,2.037109375,-0.251953125,0.0,30,1712919023739
1227,-3.04296875,0.0,2.697265625,0.0,17,1712919023739
1227,-3.072265625,0.0,2.755859375,0.0,22,1712919023739
1227,3.349609375,2.021484375,-0.677734375,0.0,15,1712919023739
1227,-0.171875,1.77734375,0.408203125,0.12520644037889672,24,1712919023739
1227,-0.234375,1.814453125,0.39453125,0.12520644037889672,31,1712919023739
1227,-0.23828125,1.837890625,0.45703125,0.12520644037889672,20,1712919023739
1227,0.0,2.048828125,-0.462890625,0.12520644037889672,34,1712919023739
1227,0.0,2.08203125,-0.48828125,0.12520644037889672,47,1712919023739
1227,0.0,2.1171875,-0.501953125,0.12520644037889672,36,1712919023739
1227,-2.919921875,0.0,3.00390625,0.12520644037889672,32,1712919023739
1227,-2.94921875,0.0,3.06640625,0.12520644037889672,42,1712919023739
1227,-2.853515625,0.0,3.27734375,0.12520644037889672,29,1712919023739
1227,-3.072265625,0.0,3.14453125,0.25041288075779344,20,1712919023739
1227,-0.43359375,1.767578125,-0.79296875,-0.6260322018944836,41,1712919023739
1227,-0.443359375,1.81640625,-0.7734375,-0.6260322018944836,43,1712919023739
1227,-0.515625,1.82421875,-0.810546875,-0.6260322018944836,24,1712919023739
1227,-0.234375,1.806640625,-0.4296875,-0.5008257615155869,20,1712919023739
1227,-0.298828125,1.8359375,-0.431640625,-0.5008257615155869,25,1712919023739
1227,-0.49609375,1.8125,-0.640625,-0.5008257615155869,53,1712919023739
1227,-0.443359375,1.8671875,-0.642578125,-0.5008257615155869,65,1712919023739
1227,-0.515625,1.828125,-0.80078125,-0.5008257615155869,37,1712919023739
1227,3.5078125,0.673828125,-1.115234375,-0.5008257615155869,26,1712919023739
1227,3.42578125,1.162109375,-1.095703125,-0.5008257615155869,22,1712919023739
1227,0.0,1.765625,0.48828125,-0.37561932113669017,23,1712919023739
1227,-0.3515625,1.759765625,-0.53125,-0.37561932113669017,73,1712919023739
1227,-0.298828125,1.8203125,-0.4921875,-0.37561932113669017,163,1712919023739
1227,-0.244140625,1.849609375,-0.55859375,-0.37561932113669017,176,1712919023739
1227,-0.185546875,1.86328125,-0.66015625,-0.37561932113669017,124,1712919023739
1227,-0.189453125,1.888671875,-0.697265625,-0.37561932113669017,79,1712919023739
1227,-0.322265625,1.896484375,-0.740234375,-0.37561932113669017,68,1712919023739
1227,-0.39453125,1.93359375,-0.720703125,-0.37561932113669017,55,1712919023739
1227,-0.400390625,1.955078125,-0.767578125,-0.37561932113669017,28,1712919023739
1227,-0.111328125,1.791015625,0.04296875,-0.25041288075779344,72,1712919023739
1227,-0.056640625,1.818359375,0.212890625,-0.25041288075779344,160,1712919023739
1227,0.0,1.568359375,1.01953125,-0.25041288075779344,134,1712919023739
1227,-0.298828125,1.791015625,-0.5859375,-0.25041288075779344,220,1712919023739
1227,-0.244140625,1.86328125,-0.509765625,-0.25041288075779344,363,1712919023739
1227,-0.185546875,1.90625,-0.51953125,-0.25041288075779344,297,1712919023739
1227,-0.189453125,1.9453125,-0.5234375,-0.25041288075779344,177,1712919023739
1227,-0.2578125,1.974609375,-0.533203125,-0.25041288075779344,111,1712919023739
1227,-0.328125,2.0078125,-0.517578125,-0.25041288075779344,73,1712919023739
1227,-3.818359375,0.0,-0.947265625,-0.25041288075779344,30,1712919023739
1227,-0.16796875,1.779296875,0.15625,-0.12520644037889672,87,1712919023739
1227,-0.115234375,1.814453125,0.220703125,-0.12520644037889672,229,1712919023739
1227,-0.1171875,1.80859375,0.4609375,-0.12520644037889672,247,1712919023739
1227,-0.060546875,1.19921875,-1.484375,-0.12520644037889672,144,1712919023739
1227,-0.244140625,1.876953125,-0.45703125,-0.12520644037889672,241,1712919023739
1227,-0.185546875,1.94140625,-0.37109375,-0.12520644037889672,223,1712919023739
1227,-0.251953125,1.970703125,-0.380859375,-0.12520644037889672,133,1712919023739
1227,-0.2578125,2.015625,-0.345703125,-0.12520644037889672,80,1712919023739
1227,3.28515625,1.83984375,-0.990234375,0.0,15,1712919023739
1227,3.318359375,1.923828125,-0.869140625,0.0,19,1712919023739
1227,-2.978515625,0.0,2.876953125,0.0,15,1712919023739
1227,3.40625,1.7421875,-0.720703125,0.12520644037889672,27,1712919023739
1227,3.318359375,2.005859375,-0.65625,0.12520644037889672,34,1712919023739
1227,3.474609375,1.873046875,-0.427734375,0.12520644037889672,27,1712919023739
1228,-0.21875,1.73828125,0.103515625,0.0,12,1712919023840
1228,-0.111328125,1.7890625,0.0703125,0.0,62,1712919023840
1228,-0.115234375,1.828125,0.05078125,0.0,129,1712919023840
1228,-0.1171875,1.8671875,-0.009765625,0.0,137,1712919023840
1228,-0.119140625,1.900390625,-0.1328125,0.0,83,1712919023840
1228,-0.244140625,1.904296875,-0.326171875,0.0,44,1712919023840
1228,-0.248046875,1.962890625,-0.16015625,0.0,29,1712919023840
1228,0.06640625,2.01171875,-0.71875,0.0,32,1712919023840
1228,0.068359375,2.052734375,-0.71875,0.0,30,1712919023840
1228,-0.171875,1.818359375,0.14453125,0.12520644037889672,23,1712919023840
1228,-0.17578125,1.861328125,0.0546875,0.12520644037889672,24,1712919023840
1228,0.130859375,2.05859375,-0.39453125,0.12520644037889672,39,1712919023840
1228,0.06640625,2.08203125,-0.4765625,0.12520644037889672,64,1712919023840
1228,0.068359375,2.123046875,-0.474609375,0.12520644037889672,54,1712919023840
1228,3.529296875,1.419921875,-0.833984375,0.12520644037889672,16,1712919023840
1228,3.44140625,1.744140625,-0.76171875,0.12520644037889672,24,1712919023840
1228,3.59765625,1.59765625,-0.513671875,0.12520644037889672,28,1712919023840
1228,3.8828125,0.896484375,-0.4296875,0.12520644037889672,27,1712919023840
1228,0.130859375,2.046875,-0.451171875,0.25041288075779344,39,1712919023840
1228,0.1328125,2.095703125,-0.404296875,0.25041288075779344,45,1712919023840
1228,0.13671875,2.1484375,-0.3125,0.25041288075779344,27,1712919023840
1228,0.130859375,2.025390625,-0.5390625,0.37561932113669017,22,1712919023840
1228,0.06640625,2.07421875,-0.515625,0.37561932113669017,23,1712919023840
1228,0.0,2.103515625,-0.5546875,0.37561932113669017,14,1712919023840
1228,-0.357421875,1.642578125,-0.90234375,-0.6260322018944836,18,1712919023840
1228,-0.365234375,1.763671875,-0.7421875,-0.6260322018944836,34,1712919023840
1228,-0.373046875,1.806640625,-0.732421875,-0.6260322018944836,32,1712919023840
1228,-0.31640625,1.8828125,-0.671875,-0.6260322018944836,18,1712919023840
1228,-0.41796875,1.751953125,-0.6328125,-0.5008257615155869,21,1712919023840
1228,-0.42578125,1.796875,-0.615234375,-0.5008257615155869,40,1712919023840
1228,-0.43359375,1.861328125,-0.5390625,-0.5008257615155869,31,1712919023840
1228,-0.31640625,1.90234375,-0.61328125,-0.5008257615155869,17,1712919023840
1228,-0.111328125,1.763671875,-0.314453125,-0.37561932113669017,29,1712919023840
1228,-0.115234375,1.787109375,-0.384765625,-0.37561932113669017,94,1712919023840
1228,-0.1171875,1.814453125,-0.443359375,-0.37561932113669017,155,1712919023840
1228,-0.1796875,1.837890625,-0.484375,-0.37561932113669017,152,1712919023840
1228,-0.181640625,1.875,-0.48828125,-0.37561932113669017,94,1712919023840
1228,-0.125,1.923828125,-0.470703125,-0.37561932113669017,50,1712919023840
1228,-0.251953125,1.923828125,-0.576171875,-0.37561932113669017,41,1712919023840
1228,-0.38671875,1.935546875,-0.591796875,-0.37561932113669017,27,1712919023840
1228,3.587890625,0.76171875,-0.513671875,-0.37561932113669017,33,1712919023840
1228,-0.111328125,1.78125,-0.185546875,-0.25041288075779344,116,1712919023840
1228,-0.115234375,1.814453125,-0.228515625,-0.25041288075779344,303,1712919023840
1228,-0.1171875,1.84375,-0.287109375,-0.25041288075779344,433,1712919023840
1228,-0.1796875,1.865234375,-0.359375,-0.25041288075779344,375,1712919023840
1228,-0.181640625,1.89453125,-0.40625,-0.25041288075779344,222,1712919023840
1228,-0.185546875,1.9296875,-0.423828125,-0.25041288075779344,110,1712919023840
1228,-0.251953125,1.958984375,-0.4375,-0.25041288075779344,49,1712919023840
1228,-0.1640625,1.74609375,-0.103515625,-0.12520644037889672,25,1712919023840
1228,-0.111328125,1.791015625,-0.048828125,-0.12520644037889672,133,1712919023840
1228,-0.171875,1.822265625,-0.0859375,-0.12520644037889672,306,1712919023840
1228,-0.17578125,1.85546875,-0.154296875,-0.12520644037889672,384,1712919023840
1228,-0.1796875,1.884765625,-0.248046875,-0.12520644037889672,304,1712919023840
1228,-0.244140625,1.900390625,-0.349609375,-0.12520644037889672,175,1712919023840
1228,-0.185546875,1.94140625,-0.373046875,-0.12520644037889672,90,1712919023840
1228,-0.189453125,1.958984375,-0.470703125,-0.12520644037889672,33,1712919023840
1228,0.0,2.046875,-0.2421875,-0.12520644037889672,23,1712919023840
1228,-2.919921875,0.0,2.83984375,0.12520644037889672,15,1712919023840
1228,-2.826171875,0.0,3.16796875,0.12520644037889672,23,1712919023840
1228,-2.73046875,0.0,3.474609375,0.12520644037889672,23,1712919023840
1228,-2.755859375,0.0,3.7734375,0.12520644037889672,19,1712919023840
1228,-0.748046875,0.74609375,1.90234375,0.25041288075779344,14,1712919023840
1228,1.61328125,0.98828125,-0.6015625,-0.5008257615155869,18,1712919023840
1228,1.70703125,0.890625,-0.62109375,-0.5008257615155869,16,1712919023840
1229,0.0,1.755859375,0.064453125,0.0,17,1712919023939
1229,-0.056640625,1.79296875,0.033203125,0.0,58,1712919023939
1229,-0.056640625,1.83203125,0.001953125,0.0,99,1712919023939
1229,-0.05859375,1.869140625,0.001953125,0.0,127,1712919023939
1229,-0.060546875,1.908203125,-0.021484375,0.0,155,1712919023939
1229,-0.12109375,1.943359375,-0.0078125,0.0,138,1712919023939
1229,-0.125,1.98046875,-0.0078125,0.0,73,1712919023939
1229,0.130859375,1.974609375,-0.705078125,0.0,40,1712919023939
1229,0.201171875,1.998046875,-0.734375,0.0,98,1712919023939
1229,0.13671875,2.0390625,-0.74609375,0.0,112,1712919023939
1229,0.068359375,2.072265625,-0.77734375,0.0,62,1712919023939
1229,0.0,1.83203125,0.05078125,0.12520644037889672,15,1712919023939
1229,0.0,1.865234375,0.130859375,0.12520644037889672,16,1712919023939
1229,0.130859375,1.998046875,-0.6328125,0.12520644037889672,66,1712919023939
1229,0.1328125,2.046875,-0.6015625,0.12520644037889672,171,1712919023939
1229,0.13671875,2.083984375,-0.611328125,0.12520644037889672,201,1712919023939
1229,0.068359375,2.12109375,-0.62890625,0.12520644037889672,112,1712919023939
1229,0.0703125,2.169921875,-0.59765625,0.12520644037889672,30,1712919023939
1229,-2.826171875,0.0,2.947265625,0.12520644037889672,22,1712919023939
1229,3.59765625,1.341796875,-1.0078125,0.12520644037889672,24,1712919023939
1229,3.7578125,1.263671875,-0.591796875,0.12520644037889672,25,1712919023939
1229,3.919921875,0.94921875,-0.326171875,0.12520644037889672,24,1712919023939
1229,0.130859375,2.0078125,-0.599609375,0.25041288075779344,46,1712919023939
1229,0.1328125,2.068359375,-0.521484375,0.25041288075779344,109,1712919023939
1229,0.068359375,2.1171875,-0.501953125,0.25041288075779344,125,1712919023939
1229,0.068359375,2.15625,-0.501953125,0.25041288075779344,70,1712919023939
1229,0.0703125,2.189453125,-0.5234375,0.25041288075779344,18,1712919023939
1229,0.130859375,2.052734375,-0.421875,0.37561932113669017,21,1712919023939
1229,0.1328125,2.0703125,-0.51953125,0.37561932113669017,42,1712919023939
1229,0.13671875,2.103515625,-0.537109375,0.37561932113669017,48,1712919023939
1229,0.068359375,2.138671875,-0.5703125,0.37561932113669017,28,1712919023939
1229,-0.3515625,1.73046875,-0.6171875,-0.5008257615155869,30,1712919023939
1229,-0.298828125,1.736328125,-0.736328125,-0.5008257615155869,43,1712919023939
1229,-0.3046875,1.751953125,-0.794921875,-0.5008257615155869,44,1712919023939
1229,-0.248046875,1.78515625,-0.830078125,-0.5008257615155869,29,1712919023939
1229,0.0,1.755859375,-0.37109375,-0.37561932113669017,23,1712919023939
1229,-0.056640625,1.76953125,-0.474609375,-0.37561932113669017,75,1712919023939
1229,-0.05859375,1.796875,-0.513671875,-0.37561932113669017,113,1712919023939
1229,-0.1796875,1.8203125,-0.544921875,-0.37561932113669017,110,1712919023939
1229,-0.181640625,1.837890625,-0.615234375,-0.37561932113669017,107,1712919023939
1229,-0.185546875,1.857421875,-0.67578125,-0.37561932113669017,84,1712919023939
1229,-0.189453125,1.86328125,-0.767578125,-0.37561932113669017,39,1712919023939
1229,-0.240234375,1.99609375,-1.580078125,-0.37561932113669017,25,1712919023939
1229,0.0,1.744140625,-0.2109375,-0.25041288075779344,23,1712919023939
1229,-0.056640625,1.77734375,-0.24609375,-0.25041288075779344,112,1712919023939
1229,-0.056640625,1.810546875,-0.28125,-0.25041288075779344,256,1712919023939
1229,-0.05859375,1.849609375,-0.27734375,-0.25041288075779344,336,1712919023939
1229,-0.060546875,1.888671875,-0.26953125,-0.25041288075779344,306,1712919023939
1229,-0.12109375,1.919921875,-0.3046875,-0.25041288075779344,257,1712919023939
1229,-0.125,1.94140625,-0.396484375,-0.25041288075779344,187,1712919023939
1229,-0.189453125,1.953125,-0.490234375,-0.25041288075779344,102,1712919023939
1229,-0.193359375,1.978515625,-0.544921875,-0.25041288075779344,41,1712919023939
1229,-0.0546875,1.755859375,-0.03515625,-0.12520644037889672,34,1712919023939
1229,-0.056640625,1.791015625,-0.103515625,-0.12520644037889672,132,1712919023939
1229,-0.056640625,1.826171875,-0.13671875,-0.12520644037889672,258,1712919023939
1229,-0.05859375,1.865234375,-0.126953125,-0.12520644037889672,331,1712919023939
1229,-0.060546875,1.904296875,-0.123046875,-0.12520644037889672,352,1712919023939
1229,-0.060546875,1.94140625,-0.14453125,-0.12520644037889672,302,1712919023939
1229,-0.125,1.97265625,-0.18359375,-0.12520644037889672,184,1712919023939
1229,-0.189453125,1.994140625,-0.28515625,-0.12520644037889672,84,1712919023939
1229,-0.193359375,2.009765625,-0.412109375,-0.12520644037889672,38,1712919023939
1229,-0.84375,1.3359375,1.60546875,0.12520644037889672,17,1712919023939
1229,3.44140625,1.630859375,-0.982421875,0.12520644037889672,20,1712919023939
1229,-2.853515625,0.0,3.103515625,0.12520644037889672,23,1712919023939
1230,-0.0546875,1.75390625,-0.056640625,0.0,28,1712919024040
1230,-0.111328125,1.783203125,-0.162109375,0.0,140,1712919024040
1230,-0.115234375,1.8203125,-0.1796875,0.0,254,1712919024040
1230,-0.17578125,1.853515625,-0.17578125,0.0,199,1712919024040
1230,-0.1796875,1.8984375,0.068359375,0.0,59,1712919024040
1230,0.0,1.943359375,-0.107421875,0.0,37,1712919024040
1230,-0.0625,2.013671875,-0.189453125,0.0,22,1712919024040
1230,-0.228515625,1.8046875,-0.216796875,0.12520644037889672,20,1712919024040
1230,-0.17578125,1.85546875,-0.15625,0.12520644037889672,35,1712919024040
1230,-0.060546875,1.896484375,-0.212890625,0.12520644037889672,39,1712919024040
1230,0.0,1.931640625,-0.23828125,0.12520644037889672,28,1712919024040
1230,0.13671875,2.08203125,-0.619140625,0.25041288075779344,37,1712919024040
1230,0.138671875,2.1015625,-0.681640625,0.25041288075779344,31,1712919024040
1230,0.201171875,1.998046875,-0.736328125,0.37561932113669017,20,1712919024040
1230,0.203125,2.046875,-0.708984375,0.37561932113669017,34,1712919024040
1230,0.20703125,2.072265625,-0.75,0.37561932113669017,33,1712919024040
1230,0.140625,2.109375,-0.779296875,0.37561932113669017,18,1712919024040
1230,0.20703125,2.08203125,-0.724609375,0.5008257615155869,17,1712919024040
1230,0.0,1.869140625,-0.060546875,-0.5008257615155869,25,1712919024040
1230,0.0,1.908203125,-0.001953125,-0.5008257615155869,37,1712919024040
1230,0.0,1.947265625,-0.033203125,-0.5008257615155869,25,1712919024040
1230,0.0,1.755859375,0.0078125,-0.37561932113669017,21,1712919024040
1230,0.056640625,1.79296875,-0.01953125,-0.37561932113669017,42,1712919024040
1230,0.0,1.822265625,-0.201171875,-0.37561932113669017,31,1712919024040
1230,-0.17578125,1.54296875,-1.04296875,-0.37561932113669017,47,1712919024040
1230,0.0,1.013671875,1.6171875,-0.37561932113669017,41,1712919024040
1230,-0.365234375,1.330078125,-1.375,-0.37561932113669017,14,1712919024040
1230,-0.185546875,1.7734375,-0.873046875,-0.37561932113669017,17,1712919024040
1230,-3.587890625,0.0,-0.05078125,-0.37561932113669017,19,1712919024040
1230,-3.626953125,0.0,0.00390625,-0.37561932113669017,23,1712919024040
1230,0.0546875,1.755859375,-0.02734375,-0.25041288075779344,54,1712919024040
1230,-0.056640625,1.775390625,-0.255859375,-0.25041288075779344,173,1712919024040
1230,-0.115234375,1.787109375,-0.38671875,-0.25041288075779344,302,1712919024040
1230,-0.1171875,1.80859375,-0.4609375,-0.25041288075779344,263,1712919024040
1230,-0.23828125,1.794921875,-0.60546875,-0.25041288075779344,108,1712919024040
1230,-0.365234375,1.791015625,-0.669921875,-0.25041288075779344,41,1712919024040
1230,-0.185546875,1.90625,-0.51953125,-0.25041288075779344,47,1712919024040
1230,-0.0625,1.96875,-0.462890625,-0.25041288075779344,45,1712919024040
1230,0.0,1.75390625,-0.076171875,-0.12520644037889672,61,1712919024040
1230,-0.111328125,1.7734375,-0.255859375,-0.12520644037889672,274,1712919024040
1230,-0.115234375,1.806640625,-0.283203125,-0.12520644037889672,487,1712919024040
1230,-0.1171875,1.845703125,-0.28515625,-0.12520644037889672,382,1712919024040
1230,-0.23828125,1.884765625,-0.189453125,-0.12520644037889672,113,1712919024040
1230,0.060546875,1.900390625,-0.419921875,-0.12520644037889672,49,1712919024040
1230,-0.0625,1.96484375,-0.28125,-0.12520644037889672,35,1712919024040
1230,-0.0625,1.994140625,-0.337890625,-0.12520644037889672,45,1712919024040
1230,-1.013671875,0.0,1.65625,0.0,32,1712919024040
1230,0.12109375,1.5546875,1.166015625,-0.37561932113669017,13,1712919024040
1230,-1.013671875,0.85546875,1.37109375,-0.25041288075779344,58,1712919024040
1230,-1.095703125,0.798828125,1.3984375,-0.25041288075779344,24,1712919024040
1230,-1.013671875,0.48046875,1.544921875,-0.12520644037889672,69,1712919024040
1230,-1.15625,0.359375,1.525390625,-0.12520644037889672,28,1712919024040
1231,0.0,1.716796875,0.076171875,0.0,59,1712919024140
1231,0.0546875,1.751953125,0.103515625,0.0,211,1712919024140
1231,0.0,1.791015625,0.107421875,0.0,332,1712919024140
1231,0.0,1.830078125,0.09765625,0.0,258,1712919024140
1231,0.05859375,1.8671875,0.103515625,0.0,86,1712919024140
1231,0.0,1.755859375,-0.03125,0.12520644037889672,68,1712919024140
1231,0.056640625,1.79296875,-0.0625,0.12520644037889672,137,1712919024140
1231,0.0,1.828125,-0.123046875,0.12520644037889672,134,1712919024140
1231,0.05859375,1.857421875,-0.220703125,0.12520644037889672,63,1712919024140
1231,0.119140625,1.904296875,-0.03515625,0.12520644037889672,29,1712919024140
1231,0.0,1.943359375,0.1171875,0.12520644037889672,27,1712919024140
1231,0.0,1.755859375,0.02734375,0.25041288075779344,23,1712919024140
1231,0.056640625,1.79296875,0.005859375,0.25041288075779344,58,1712919024140
1231,0.0,1.83203125,-0.02734375,0.25041288075779344,66,1712919024140
1231,0.05859375,1.869140625,-0.033203125,0.25041288075779344,37,1712919024140
1231,0.0,1.8671875,0.107421875,-0.6260322018944836,22,1712919024140
1231,0.060546875,1.90625,0.064453125,-0.6260322018944836,39,1712919024140
1231,0.0,1.947265625,0.046875,-0.6260322018944836,29,1712919024140
1231,0.111328125,1.783203125,-0.16015625,-0.5008257615155869,19,1712919024140
1231,0.056640625,1.83203125,0.015625,-0.5008257615155869,22,1712919024140
1231,0.0,1.865234375,0.15234375,-0.5008257615155869,40,1712919024140
1231,0.0,1.896484375,0.2109375,-0.5008257615155869,54,1712919024140
1231,0.0,1.93359375,0.22265625,-0.5008257615155869,35,1712919024140
1231,0.0,1.69921875,-0.2578125,-0.37561932113669017,23,1712919024140
1231,0.0546875,1.74609375,-0.17578125,-0.37561932113669017,74,1712919024140
1231,0.056640625,1.787109375,-0.15625,-0.37561932113669017,104,1712919024140
1231,0.056640625,1.826171875,-0.14453125,-0.37561932113669017,69,1712919024140
1231,0.05859375,1.8671875,-0.10546875,-0.37561932113669017,39,1712919024140
1231,0.0,1.90625,-0.11328125,-0.37561932113669017,42,1712919024140
1231,0.0,1.9375,-0.18359375,-0.37561932113669017,34,1712919024140
1231,0.052734375,1.712890625,-0.109375,-0.25041288075779344,96,1712919024140
1231,0.0546875,1.75390625,-0.056640625,-0.25041288075779344,333,1712919024140
1231,0.056640625,1.79296875,-0.03515625,-0.25041288075779344,485,1712919024140
1231,0.056640625,1.83203125,-0.009765625,-0.25041288075779344,355,1712919024140
1231,0.05859375,1.869140625,0.0625,-0.25041288075779344,150,1712919024140
1231,0.0,1.900390625,0.181640625,-0.25041288075779344,91,1712919024140
1231,0.0,1.943359375,0.123046875,-0.25041288075779344,72,1712919024140
1231,0.0,1.984375,-0.02734375,-0.25041288075779344,42,1712919024140
1231,-3.4765625,0.119140625,-0.8828125,-0.25041288075779344,22,1712919024140
1231,-3.513671875,0.26171875,-0.861328125,-0.25041288075779344,31,1712919024140
1231,-3.55078125,0.337890625,-0.84375,-0.25041288075779344,26,1712919024140
1231,0.0,1.71875,0.0,-0.12520644037889672,118,1712919024140
1231,0.0546875,1.75390625,0.04296875,-0.12520644037889672,410,1712919024140
1231,0.0,1.79296875,0.0703125,-0.12520644037889672,604,1712919024140
1231,0.056640625,1.828125,0.099609375,-0.12520644037889672,442,1712919024140
1231,0.05859375,1.853515625,0.24609375,-0.12520644037889672,159,1712919024140
1231,0.060546875,1.853515625,0.45703125,-0.12520644037889672,39,1712919024140
1231,0.0,1.9453125,0.087890625,-0.12520644037889672,41,1712919024140
1231,0.0,1.98046875,-0.126953125,-0.12520644037889672,40,1712919024140
1231,-0.0625,2.015625,-0.162109375,-0.12520644037889672,23,1712919024140
1231,-3.513671875,0.53515625,-0.72265625,-0.12520644037889672,24,1712919024140
1231,2.380859375,0.59765625,2.669921875,-0.25041288075779344,17,1712919024140
1231,2.404296875,1.107421875,2.533203125,-0.25041288075779344,17,1712919024140
1231,2.267578125,0.591796875,2.767578125,-0.12520644037889672,13,1712919024140
1232,0.052734375,1.71484375,0.080078125,0.0,68,1712919024242
1232,0.0546875,1.751953125,0.1015625,0.0,144,1712919024242
1232,0.056640625,1.791015625,0.095703125,0.0,139,1712919024242
1232,0.056640625,1.80859375,0.2890625,0.0,43,1712919024242
1232,0.05859375,1.859375,-0.19140625,0.0,40,1712919024242
1232,0.0,1.908203125,-0.0078125,0.0,51,1712919024242
1232,0.0546875,1.755859375,-0.03515625,0.12520644037889672,50,1712919024242
1232,0.0,1.794921875,-0.02734375,0.12520644037889672,126,1712919024242
1232,0.056640625,1.830078125,0.09375,0.12520644037889672,144,1712919024242
1232,0.1171875,1.84375,0.294921875,0.12520644037889672,75,1712919024242
1232,0.119140625,1.904296875,0.064453125,0.12520644037889672,24,1712919024242
1232,0.056640625,1.78515625,0.162109375,0.25041288075779344,47,1712919024242
1232,0.115234375,1.693359375,0.69140625,0.25041288075779344,46,1712919024242
1232,0.234375,1.3671875,1.25390625,0.25041288075779344,19,1712919024242
1232,-0.298828125,1.759765625,-0.67578125,0.25041288075779344,19,1712919024242
1232,-0.115234375,1.806640625,-0.287109375,0.37561932113669017,16,1712919024242
1232,0.0,1.853515625,-0.2578125,0.37561932113669017,15,1712919024242
1232,0.0,1.751953125,-0.1171875,-0.37561932113669017,21,1712919024242
1232,0.056640625,1.79296875,-0.017578125,-0.37561932113669017,52,1712919024242
1232,0.056640625,1.83203125,0.0078125,-0.37561932113669017,72,1712919024242
1232,0.0,1.869140625,-0.05078125,-0.37561932113669017,54,1712919024242
1232,0.0,1.896484375,-0.212890625,-0.37561932113669017,24,1712919024242
1232,-3.439453125,0.84765625,-0.240234375,-0.37561932113669017,26,1712919024242
1232,-3.4765625,0.841796875,-0.287109375,-0.37561932113669017,23,1712919024242
1232,0.052734375,1.712890625,-0.1171875,-0.25041288075779344,73,1712919024242
1232,0.109375,1.75,-0.08203125,-0.25041288075779344,145,1712919024242
1232,0.056640625,1.79296875,0.02734375,-0.25041288075779344,134,1712919024242
1232,0.0,1.83203125,0.03125,-0.25041288075779344,111,1712919024242
1232,0.05859375,1.869140625,-0.052734375,-0.25041288075779344,132,1712919024242
1232,0.060546875,1.90625,-0.076171875,-0.25041288075779344,103,1712919024242
1232,0.060546875,1.943359375,-0.091796875,-0.25041288075779344,47,1712919024242
1232,-3.40234375,0.869140625,-0.0625,-0.25041288075779344,25,1712919024242
1232,-3.439453125,0.873046875,-0.123046875,-0.25041288075779344,47,1712919024242
1232,-3.4765625,0.865234375,-0.20703125,-0.25041288075779344,45,1712919024242
1232,-3.626953125,0.0,-0.40625,-0.25041288075779344,33,1712919024242
1232,-3.6640625,0.0,-0.70703125,-0.25041288075779344,28,1712919024242
1232,0.052734375,1.67578125,-0.115234375,-0.12520644037889672,21,1712919024242
1232,0.107421875,1.71484375,-0.021484375,-0.12520644037889672,123,1712919024242
1232,0.109375,1.751953125,0.033203125,-0.12520644037889672,233,1712919024242
1232,0.111328125,1.78125,0.1796875,-0.12520644037889672,154,1712919024242
1232,0.0,1.82421875,-0.166015625,-0.12520644037889672,98,1712919024242
1232,0.05859375,1.865234375,-0.123046875,-0.12520644037889672,181,1712919024242
1232,0.060546875,1.908203125,-0.03515625,-0.12520644037889672,136,1712919024242
1232,0.060546875,1.9453125,0.04296875,-0.12520644037889672,61,1712919024242
1232,0.0,1.982421875,-0.0859375,-0.12520644037889672,23,1712919024242
1232,-3.439453125,0.880859375,-0.02734375,-0.12520644037889672,29,1712919024242
1232,-3.587890625,0.0,-0.06640625,-0.12520644037889672,34,1712919024242
1232,-3.626953125,0.0,-0.26171875,-0.12520644037889672,34,1712919024242
1232,3.55078125,0.798828125,-0.43359375,-0.12520644037889672,31,1712919024242
1232,0.955078125,0.873046875,1.404296875,0.12520644037889672,15,1712919024242
1232,-0.41015625,1.53515625,-0.98828125,0.25041288075779344,13,1712919024242
1232,0.89453125,1.20703125,1.177734375,0.25041288075779344,10,1712919024242
1232,2.330078125,0.0,3.095703125,-0.37561932113669017,16,1712919024242
1232,2.35546875,0.0,3.21875,-0.37561932113669017,13,1712919024242
1232,2.3046875,0.0,3.4453125,-0.25041288075779344,16,1712919024242
1232,2.330078125,0.0,3.408203125,-0.25041288075779344,25,1712919024242
1233,0.107421875,1.71484375,0.01171875,0.0,18,1712919024341
1233,0.109375,1.75,0.099609375,0.0,33,1712919024341
1233,0.111328125,1.7890625,-0.0625,0.0,52,1712919024341
1233,0.056640625,1.810546875,-0.2734375,0.0,93,1712919024341
1233,0.05859375,1.84375,-0.30859375,0.0,87,1712919024341
1233,0.0,1.880859375,-0.32421875,0.0,43,1712919024341
1233,0.107421875,1.712890625,0.064453125,0.12520644037889672,25,1712919024341
1233,0.109375,1.751953125,0.076171875,0.12520644037889672,51,1712919024341
1233,0.056640625,1.791015625,-0.09765625,0.12520644037889672,72,1712919024341
1233,0.0,1.8125,-0.271484375,0.12520644037889672,112,1712919024341
1233,0.0,1.853515625,-0.25,0.12520644037889672,116,1712919024341
1233,0.060546875,1.908203125,-0.044921875,0.12520644037889672,69,1712919024341
1233,0.0,1.7890625,0.125,0.25041288075779344,26,1712919024341
1233,0.0,1.830078125,-0.1015625,0.25041288075779344,41,1712919024341
1233,0.0,1.8671875,-0.109375,0.25041288075779344,44,1712919024341
1233,-0.0625,1.888671875,-0.607421875,0.25041288075779344,34,1712919024341
1233,-0.0625,1.91796875,-0.638671875,0.25041288075779344,30,1712919024341
1233,0.107421875,1.69921875,-0.22265625,-0.25041288075779344,20,1712919024341
1233,0.1640625,1.73828125,-0.185546875,-0.25041288075779344,39,1712919024341
1233,0.16796875,1.77734375,-0.169921875,-0.25041288075779344,42,1712919024341
1233,0.171875,1.822265625,-0.09765625,-0.25041288075779344,33,1712919024341
1233,0.234375,1.85546875,-0.05078125,-0.25041288075779344,19,1712919024341
1233,0.107421875,1.7109375,-0.095703125,-0.12520644037889672,55,1712919024341
1233,0.1640625,1.74609375,-0.0703125,-0.12520644037889672,106,1712919024341
1233,0.16796875,1.78515625,-0.044921875,-0.12520644037889672,112,1712919024341
1233,0.171875,1.82421875,0.060546875,-0.12520644037889672,83,1712919024341
1233,0.17578125,1.8515625,0.197265625,-0.12520644037889672,43,1712919024341
1233,0.23828125,1.892578125,0.046875,-0.12520644037889672,23,1712919024341
1233,0.12109375,1.935546875,-0.173828125,-0.12520644037889672,20,1712919024341
1234,0.1640625,1.744140625,-0.1171875,0.0,14,1712919024444
1234,0.056640625,1.7265625,-0.484375,0.0,45,1712919024444
1234,0.056640625,1.755859375,-0.5234375,0.0,79,1712919024444
1234,0.0,1.84375,-0.31640625,0.0,30,1712919024444
1234,0.1796875,1.818359375,-0.55078125,0.0,100,1712919024444
1234,0.12109375,1.869140625,-0.533203125,0.0,112,1712919024444
1234,0.125,1.921875,-0.484375,0.0,56,1712919024444
1234,0.0625,1.98046875,-0.40625,0.0,19,1712919024444
1234,0.21484375,1.703125,0.080078125,0.12520644037889672,25,1712919024444
1234,0.1640625,1.74609375,0.095703125,0.12520644037889672,41,1712919024444
1234,0.056640625,1.755859375,-0.3671875,0.12520644037889672,75,1712919024444
1234,0.056640625,1.775390625,-0.453125,0.12520644037889672,144,1712919024444
1234,-0.05859375,1.84375,-0.30859375,0.12520644037889672,71,1712919024444
1234,0.1796875,1.865234375,-0.3671875,0.12520644037889672,175,1712919024444
1234,0.12109375,1.908203125,-0.36328125,0.12520644037889672,196,1712919024444
1234,0.185546875,1.9453125,-0.353515625,0.12520644037889672,103,1712919024444
1234,0.0625,1.98046875,-0.408203125,0.12520644037889672,46,1712919024444
1234,0.0,2.001953125,-0.49609375,0.12520644037889672,32,1712919024444
1234,0.0,1.7734375,-0.26953125,0.25041288075779344,52,1712919024444
1234,0.0,1.80078125,-0.333984375,0.25041288075779344,107,1712919024444
1234,-0.1171875,1.822265625,-0.404296875,0.25041288075779344,79,1712919024444
1234,0.23828125,1.888671875,-0.134765625,0.25041288075779344,55,1712919024444
1234,0.181640625,1.927734375,-0.205078125,0.25041288075779344,75,1712919024444
1234,0.0625,1.95703125,-0.326171875,0.25041288075779344,51,1712919024444
1234,0.0,1.9609375,-0.494140625,0.25041288075779344,40,1712919024444
1234,0.0,1.9921875,-0.52734375,0.25041288075779344,33,1712919024444
1234,0.0,1.80078125,-0.34375,0.37561932113669017,19,1712919024444
1234,0.0,1.84765625,-0.29296875,0.37561932113669017,35,1712919024444
1234,0.0,1.880859375,-0.328125,0.37561932113669017,45,1712919024444
1234,0.0,1.8125,-0.708984375,0.37561932113669017,37,1712919024444
1234,-4.0078125,0.0,-1.34765625,0.37561932113669017,32,1712919024444
1234,-4.046875,0.0,-1.208984375,0.37561932113669017,45,1712919024444
1234,-4.083984375,0.0,-1.19140625,0.37561932113669017,34,1712919024444
1234,0.05859375,1.853515625,-0.25,0.5008257615155869,21,1712919024444
1234,-0.060546875,1.8125,-0.59375,0.5008257615155869,29,1712919024444
1234,0.0,1.82421875,-0.6796875,0.5008257615155869,27,1712919024444
1234,-3.8828125,0.0,-1.2578125,0.5008257615155869,24,1712919024444
1234,-4.046875,0.0,-1.029296875,0.5008257615155869,34,1712919024444
1234,-4.083984375,0.0,-0.921875,0.5008257615155869,26,1712919024444
1234,-3.251953125,1.17578125,-0.958984375,-0.37561932113669017,17,1712919024444
1234,-3.216796875,1.216796875,-0.880859375,-0.25041288075779344,29,1712919024444
1234,-3.251953125,1.296875,-0.787109375,-0.25041288075779344,38,1712919024444
1234,-3.173828125,1.63671875,-0.6328125,-0.25041288075779344,22,1712919024444
1234,0.21875,1.73828125,-0.109375,-0.12520644037889672,24,1712919024444
1234,0.16796875,1.775390625,-0.189453125,-0.12520644037889672,27,1712919024444
1234,0.115234375,1.796875,-0.337890625,-0.12520644037889672,25,1712919024444
1234,0.1171875,1.822265625,-0.408203125,-0.12520644037889672,21,1712919024444
1234,-3.216796875,1.359375,-0.634765625,-0.12520644037889672,23,1712919024444
1234,-3.251953125,1.423828125,-0.525390625,-0.12520644037889672,25,1712919024444
1234,-0.759765625,0.921875,1.439453125,0.0,19,1712919024444
1234,-0.818359375,0.74609375,1.5078125,0.12520644037889672,39,1712919024444
1234,-0.357421875,0.626953125,1.767578125,0.25041288075779344,35,1712919024444
1234,2.580078125,0.634765625,2.412109375,-0.37561932113669017,15,1712919024444
1234,2.552734375,0.3671875,2.44140625,-0.25041288075779344,23,1712919024444
1234,2.580078125,0.0,2.650390625,-0.25041288075779344,32,1712919024444
1234,2.607421875,0.0,2.681640625,-0.25041288075779344,19,1712919024444
1234,2.552734375,0.0,2.701171875,-0.12520644037889672,16,1712919024444
1234,2.466796875,0.0,3.025390625,-0.12520644037889672,19,1712919024444
1235,0.267578125,1.6875,-0.169921875,0.0,15,1712919024544
1235,0.2734375,1.734375,-0.046875,0.0,38,1712919024544
1235,0.3359375,1.7421875,0.26171875,0.0,41,1712919024544
1235,0.115234375,1.623046875,-0.84375,0.0,32,1712919024544
1235,0.234375,1.716796875,-0.705078125,0.0,102,1712919024544
1235,0.1796875,1.7890625,-0.640625,0.0,89,1712919024544
1235,0.181640625,1.822265625,-0.662109375,0.0,35,1712919024544
1235,0.248046875,1.939453125,-0.341796875,0.0,17,1712919024544
1235,0.251953125,1.91015625,-0.6171875,0.0,14,1712919024544
1235,0.267578125,1.6953125,-0.068359375,0.12520644037889672,37,1712919024544
1235,0.2734375,1.734375,0.025390625,0.12520644037889672,88,1712919024544
1235,0.28125,1.734375,0.365234375,0.12520644037889672,87,1712919024544
1235,0.171875,1.517578125,-1.01171875,0.12520644037889672,73,1712919024544
1235,0.234375,1.74609375,-0.630859375,0.12520644037889672,229,1712919024544
1235,0.23828125,1.822265625,-0.513671875,0.12520644037889672,220,1712919024544
1235,0.244140625,1.888671875,-0.408203125,0.12520644037889672,110,1712919024544
1235,0.185546875,1.962890625,-0.23046875,0.12520644037889672,48,1712919024544
1235,0.251953125,1.994140625,-0.2265625,0.12520644037889672,23,1712919024544
1235,0.21484375,1.705078125,0.021484375,0.25041288075779344,47,1712919024544
1235,0.21875,1.7421875,0.0546875,0.25041288075779344,96,1712919024544
1235,0.3359375,1.728515625,0.341796875,0.25041288075779344,49,1712919024544
1235,0.171875,1.728515625,-0.583984375,0.25041288075779344,150,1712919024544
1235,0.17578125,1.8203125,-0.396484375,0.25041288075779344,313,1712919024544
1235,0.1796875,1.876953125,-0.29296875,0.25041288075779344,281,1712919024544
1235,0.181640625,1.9296875,-0.19140625,0.25041288075779344,143,1712919024544
1235,0.185546875,1.97265625,-0.126953125,0.25041288075779344,49,1712919024544
1235,0.0,1.970703125,-0.4609375,0.25041288075779344,19,1712919024544
1235,0.064453125,1.974609375,-0.5859375,0.25041288075779344,26,1712919024544
1235,0.21484375,1.703125,0.083984375,0.37561932113669017,22,1712919024544
1235,0.21875,1.740234375,0.103515625,0.37561932113669017,49,1712919024544
1235,0.224609375,1.77734375,0.115234375,0.37561932113669017,44,1712919024544
1235,0.171875,1.8203125,-0.111328125,0.37561932113669017,122,1712919024544
1235,0.17578125,1.859375,-0.111328125,0.37561932113669017,209,1712919024544
1235,0.1796875,1.8984375,-0.072265625,0.37561932113669017,178,1712919024544
1235,0.060546875,1.939453125,-0.16796875,0.37561932113669017,88,1712919024544
1235,0.0,1.935546875,-0.44140625,0.37561932113669017,51,1712919024544
1235,0.0,1.9765625,-0.4296875,0.37561932113669017,43,1712919024544
1235,0.064453125,2.009765625,-0.45703125,0.37561932113669017,38,1712919024544
1235,0.0,2.05859375,-0.412109375,0.37561932113669017,25,1712919024544
1235,0.16796875,1.75390625,0.3359375,0.5008257615155869,20,1712919024544
1235,0.171875,1.80859375,0.24609375,0.5008257615155869,41,1712919024544
1235,0.17578125,1.8515625,0.19921875,0.5008257615155869,55,1712919024544
1235,0.119140625,1.8984375,0.16015625,0.5008257615155869,41,1712919024544
1235,-0.12109375,1.8984375,-0.416015625,0.5008257615155869,29,1712919024544
1235,-0.0625,1.94140625,-0.41015625,0.5008257615155869,33,1712919024544
1235,0.0,1.98046875,-0.416015625,0.5008257615155869,25,1712919024544
1235,-3.1484375,1.462890625,-0.12109375,-0.25041288075779344,19,1712919024544
1235,-3.18359375,1.482421875,-0.0703125,-0.25041288075779344,19,1712919024544
1235,0.228515625,1.681640625,-0.689453125,-0.12520644037889672,25,1712919024544
1235,0.17578125,1.716796875,-0.72265625,-0.12520644037889672,27,1712919024544
1235,0.1796875,1.7734375,-0.68359375,-0.12520644037889672,15,1712919024544
1235,-3.11328125,1.4453125,0.13671875,-0.12520644037889672,19,1712919024544
1235,-3.1484375,1.46875,0.0,-0.12520644037889672,27,1712919024544
1235,-3.072265625,1.69921875,-0.044921875,-0.12520644037889672,26,1712919024544
1235,-3.216796875,1.498046875,-0.09765625,-0.12520644037889672,18,1712919024544
1235,-0.572265625,1.453125,0.95703125,0.0,18,1712919024544
1235,-0.515625,1.435546875,1.015625,0.12520644037889672,42,1712919024544
1235,2.49609375,0.0,3.099609375,-0.25041288075779344,17,1712919024544
1235,2.5234375,0.0,3.021484375,-0.25041288075779344,16,1712919024544
1235,-0.4765625,1.40625,1.201171875,-0.12520644037889672,8,1712919024544
1235,2.46875,0.0,3.240234375,-0.12520644037889672,17,1712919024544
1235,2.49609375,0.0,3.24609375,-0.12520644037889672,23,1712919024544
1235,2.5234375,0.0,3.21484375,-0.12520644037889672,21,1712919024544
1235,2.44140625,0.0,3.169921875,-0.12520644037889672,12,1712919024544
1236,0.2734375,1.70703125,-0.30859375,0.0,13,1712919024643
1236,0.28125,1.763671875,-0.177734375,0.0,14,1712919024643
1236,0.171875,1.7265625,-0.587890625,0.0,13,1712919024643
1236,0.17578125,1.708984375,-0.740234375,0.0,28,1712919024643
1236,0.298828125,1.744140625,-0.716796875,0.0,73,1712919024643
1236,0.3046875,1.791015625,-0.69921875,0.0,93,1712919024643
1236,0.248046875,1.84765625,-0.681640625,0.0,47,1712919024643
1236,0.330078125,1.720703125,-0.12890625,0.12520644037889672,57,1712919024643
1236,0.392578125,1.744140625,-0.146484375,0.12520644037889672,132,1712919024643
1236,0.34375,1.791015625,-0.18359375,0.12520644037889672,178,1712919024643
1236,0.3515625,1.83203125,-0.150390625,0.12520644037889672,113,1712919024643
1236,0.119140625,1.73046875,-0.794921875,0.12520644037889672,48,1712919024643
1236,0.244140625,1.810546875,-0.67578125,0.12520644037889672,110,1712919024643
1236,0.185546875,1.841796875,-0.71484375,0.12520644037889672,63,1712919024643
1236,0.505859375,1.939453125,-0.2734375,0.12520644037889672,23,1712919024643
1236,0.451171875,1.953125,-0.478515625,0.12520644037889672,36,1712919024643
1236,0.322265625,1.6875,-0.03515625,0.25041288075779344,35,1712919024643
1236,0.330078125,1.724609375,-0.01171875,0.25041288075779344,154,1712919024643
1236,0.3359375,1.76171875,-0.03125,0.25041288075779344,305,1712919024643
1236,0.287109375,1.80859375,-0.0625,0.25041288075779344,348,1712919024643
1236,0.29296875,1.83984375,-0.162109375,0.25041288075779344,288,1712919024643
1236,0.23828125,1.875,-0.263671875,0.25041288075779344,208,1712919024643
1236,0.244140625,1.927734375,-0.134765625,0.25041288075779344,99,1712919024643
1236,0.248046875,1.958984375,-0.201171875,0.25041288075779344,55,1712919024643
1236,0.251953125,1.966796875,-0.400390625,0.25041288075779344,54,1712919024643
1236,0.12890625,1.974609375,-0.576171875,0.25041288075779344,45,1712919024643
1236,0.130859375,1.982421875,-0.6796875,0.25041288075779344,36,1712919024643
1236,0.322265625,1.685546875,0.06640625,0.37561932113669017,27,1712919024643
1236,0.2734375,1.73046875,0.107421875,0.37561932113669017,111,1712919024643
1236,0.28125,1.76953125,0.1015625,0.37561932113669017,195,1712919024643
1236,0.287109375,1.810546875,0.037109375,0.37561932113669017,218,1712919024643
1236,0.234375,1.845703125,-0.19140625,0.37561932113669017,273,1712919024643
1236,0.23828125,1.875,-0.267578125,0.37561932113669017,329,1712919024643
1236,0.244140625,1.916015625,-0.251953125,0.37561932113669017,243,1712919024643
1236,0.185546875,1.962890625,-0.224609375,0.37561932113669017,121,1712919024643
1236,0.126953125,1.99609375,-0.30859375,0.37561932113669017,75,1712919024643
1236,0.12890625,2.015625,-0.416015625,0.37561932113669017,65,1712919024643
1236,0.130859375,2.0390625,-0.48046875,0.37561932113669017,56,1712919024643
1236,0.1328125,2.076171875,-0.490234375,0.37561932113669017,34,1712919024643
1236,0.171875,1.8203125,-0.115234375,0.5008257615155869,28,1712919024643
1236,0.17578125,1.853515625,-0.173828125,0.5008257615155869,98,1712919024643
1236,0.1796875,1.89453125,-0.1484375,0.5008257615155869,153,1712919024643
1236,0.181640625,1.93359375,-0.126953125,0.5008257615155869,119,1712919024643
1236,0.185546875,1.96875,-0.171875,0.5008257615155869,63,1712919024643
1236,0.126953125,1.998046875,-0.29296875,0.5008257615155869,40,1712919024643
1236,0.193359375,2.03125,-0.294921875,0.5008257615155869,31,1712919024643
1236,0.130859375,2.06640625,-0.353515625,0.5008257615155869,22,1712919024643
1236,-3.865234375,1.228515625,-0.740234375,0.6260322018944836,24,1712919024643
1236,-3.900390625,1.232421875,-0.759765625,0.6260322018944836,20,1712919024643
1236,2.71484375,0.0,2.7890625,-0.37561932113669017,20,1712919024643
1236,2.744140625,0.0,2.6796875,-0.37561932113669017,33,1712919024643
1236,2.7734375,0.0,2.646484375,-0.37561932113669017,28,1712919024643
1236,2.71484375,0.0,3.1015625,-0.25041288075779344,40,1712919024643
1236,2.634765625,0.0,3.037109375,-0.25041288075779344,59,1712919024643
1236,2.662109375,0.0,2.935546875,-0.25041288075779344,49,1712919024643
1236,2.69140625,0.0,2.76171875,-0.25041288075779344,23,1712919024643
1236,2.576171875,0.0,-3.33203125,-0.12520644037889672,18,1712919024643
1236,2.60546875,0.0,3.453125,-0.12520644037889672,35,1712919024643
1236,2.634765625,0.0,3.3359375,-0.12520644037889672,39,1712919024643
1236,2.552734375,0.0,3.265625,-0.12520644037889672,27,1712919024643
1236,-0.49609375,1.474609375,1.234375,0.0,25,1712919024643
1236,-0.49609375,1.419921875,1.296875,0.12520644037889672,34,1712919024643
1236,-1.833984375,0.7109375,-0.474609375,0.12520644037889672,17,1712919024643
1236,0.251953125,1.978515625,-0.33984375,0.37561932113669017,75,1712919024643
1237,0.392578125,1.736328125,-0.228515625,0.0,30,1712919024744
1237,0.400390625,1.76953125,-0.25390625,0.0,53,1712919024744
1237,0.3515625,1.81640625,-0.279296875,0.0,48,1712919024744
1237,0.298828125,1.78515625,-0.60546875,0.0,34,1712919024744
1237,0.3046875,1.80859375,-0.65234375,0.0,38,1712919024744
1237,0.185546875,1.818359375,-0.775390625,0.0,19,1712919024744
1237,2.71484375,0.0,3.283203125,0.0,22,1712919024744
1237,2.744140625,0.0,3.306640625,0.0,23,1712919024744
1237,0.392578125,1.75,-0.0625,0.12520644037889672,30,1712919024744
1237,0.400390625,1.787109375,0.00390625,0.12520644037889672,55,1712919024744
1237,0.05859375,0.533203125,-1.79296875,0.12520644037889672,34,1712919024744
1237,0.298828125,1.8046875,-0.54296875,0.12520644037889672,149,1712919024744
1237,0.244140625,1.87890625,-0.4453125,0.12520644037889672,224,1712919024744
1237,0.185546875,1.9296875,-0.427734375,0.12520644037889672,122,1712919024744
1237,0.568359375,1.904296875,-0.37890625,0.12520644037889672,47,1712919024744
1237,0.451171875,1.953125,-0.478515625,0.12520644037889672,47,1712919024744
1237,0.384765625,1.712890625,-0.02734375,0.25041288075779344,54,1712919024744
1237,0.392578125,1.75,-0.009765625,0.25041288075779344,192,1712919024744
1237,0.400390625,1.787109375,-0.001953125,0.25041288075779344,275,1712919024744
1237,0.466796875,1.810546875,0.048828125,0.25041288075779344,139,1712919024744
1237,0.23828125,1.837890625,-0.455078125,0.25041288075779344,207,1712919024744
1237,0.244140625,1.912109375,-0.27734375,0.25041288075779344,358,1712919024744
1237,0.185546875,1.962890625,-0.228515625,0.25041288075779344,201,1712919024744
1237,0.6328125,1.916015625,-0.140625,0.25041288075779344,58,1712919024744
1237,0.451171875,2.009765625,-0.07421875,0.25041288075779344,51,1712919024744
1237,0.384765625,1.7109375,0.095703125,0.37561932113669017,67,1712919024744
1237,0.392578125,1.748046875,0.087890625,0.37561932113669017,226,1712919024744
1237,0.34375,1.796875,0.087890625,0.37561932113669017,314,1712919024744
1237,0.41015625,1.82421875,0.076171875,0.37561932113669017,175,1712919024744
1237,0.1796875,1.865234375,-0.3671875,0.37561932113669017,91,1712919024744
1237,0.244140625,1.9296875,-0.099609375,0.37561932113669017,174,1712919024744
1237,0.248046875,1.96484375,-0.125,0.37561932113669017,90,1712919024744
1237,0.6328125,1.77734375,0.73046875,0.37561932113669017,32,1712919024744
1237,-0.193359375,2.044921875,-0.17578125,0.37561932113669017,20,1712919024744
1237,0.197265625,1.896484375,-0.876953125,0.37561932113669017,21,1712919024744
1237,0.267578125,1.990234375,-0.732421875,0.37561932113669017,15,1712919024744
1237,0.330078125,1.701171875,0.291015625,0.5008257615155869,23,1712919024744
1237,0.3359375,1.75,0.216796875,0.5008257615155869,79,1712919024744
1237,0.34375,1.791015625,0.1875,0.5008257615155869,113,1712919024744
1237,0.3515625,1.830078125,0.162109375,0.5008257615155869,69,1712919024744
1237,0.3046875,1.919921875,0.123046875,0.5008257615155869,31,1712919024744
1237,0.310546875,1.94921875,0.212890625,0.5008257615155869,25,1712919024744
1237,-3.9375,0.923828125,-1.130859375,0.5008257615155869,24,1712919024744
1237,-3.97265625,0.771484375,-1.255859375,0.5008257615155869,22,1712919024744
1237,-3.9375,0.955078125,-1.107421875,0.6260322018944836,23,1712919024744
1237,-3.97265625,0.9921875,-1.091796875,0.6260322018944836,23,1712919024744
1237,2.68359375,0.0,2.7109375,-0.25041288075779344,27,1712919024744
1237,2.71484375,0.0,2.748046875,-0.25041288075779344,56,1712919024744
1237,2.744140625,0.0,2.7734375,-0.25041288075779344,61,1712919024744
1237,2.884765625,0.0,2.642578125,-0.25041288075779344,34,1712919024744
1237,0.400390625,1.75,-0.37109375,-0.12520644037889672,19,1712919024744
1237,0.3515625,1.78515625,-0.435546875,-0.12520644037889672,16,1712919024744
1237,2.68359375,0.0,3.0625,-0.12520644037889672,29,1712919024744
1237,2.71484375,0.0,3.0234375,-0.12520644037889672,58,1712919024744
1237,2.744140625,0.0,3.03515625,-0.12520644037889672,63,1712919024744
1237,2.884765625,0.0,2.935546875,-0.12520644037889672,37,1712919024744
1237,-1.61328125,0.771484375,-0.861328125,0.0,10,1712919024744
1237,-2.931640625,1.861328125,-0.103515625,0.0,16,1712919024744
1237,-2.962890625,1.876953125,-0.18359375,0.0,17,1712919024744
1237,-0.126953125,2.017578125,0.06640625,0.12520644037889672,27,1712919024744
1237,-0.0625,2.021484375,-0.048828125,0.25041288075779344,47,1712919024744
1237,-0.0625,1.9921875,-0.341796875,0.37561932113669017,31,1712919024744
1237,0.580078125,1.181640625,1.5859375,0.37561932113669017,18,1712919024744
1237,-0.525390625,1.833984375,0.87890625,0.37561932113669017,15,1712919024744
1238,0.400390625,1.767578125,-0.263671875,0.0,23,1712919024843
1238,0.41015625,1.798828125,-0.3125,0.0,41,1712919024843
1238,0.4765625,1.80859375,-0.376953125,0.0,44,1712919024843
1238,0.486328125,1.830078125,-0.44921875,0.0,33,1712919024843
1238,0.49609375,1.87890625,-0.40234375,0.0,21,1712919024843
1238,0.505859375,1.896484375,-0.48828125,0.0,25,1712919024843
1238,0.38671875,1.931640625,-0.609375,0.0,33,1712919024843
1238,2.68359375,0.0,3.294921875,0.0,22,1712919024843
1238,2.822265625,0.0,3.234375,0.0,35,1712919024843
1238,2.744140625,0.0,3.1640625,0.0,31,1712919024843
1238,0.44921875,1.736328125,-0.05078125,0.12520644037889672,13,1712919024843
1238,0.458984375,1.76953125,-0.1171875,0.12520644037889672,45,1712919024843
1238,0.466796875,1.802734375,-0.173828125,0.12520644037889672,88,1712919024843
1238,0.4765625,1.830078125,-0.251953125,0.12520644037889672,106,1712919024843
1238,0.42578125,1.8828125,-0.251953125,0.12520644037889672,101,1712919024843
1238,0.43359375,1.92578125,-0.216796875,0.12520644037889672,86,1712919024843
1238,0.443359375,1.912109375,-0.4921875,0.12520644037889672,76,1712919024843
1238,0.322265625,1.97265625,-0.5078125,0.12520644037889672,105,1712919024843
1238,0.197265625,2.037109375,-0.47265625,0.12520644037889672,65,1712919024843
1238,0.06640625,1.880859375,-1.013671875,0.12520644037889672,30,1712919024843
1238,0.44921875,1.736328125,0.0,0.25041288075779344,42,1712919024843
1238,0.400390625,1.787109375,0.02734375,0.25041288075779344,128,1712919024843
1238,0.41015625,1.826171875,-0.017578125,0.25041288075779344,188,1712919024843
1238,0.41796875,1.859375,-0.123046875,0.25041288075779344,159,1712919024843
1238,0.42578125,1.89453125,-0.15234375,0.25041288075779344,126,1712919024843
1238,0.43359375,1.9375,-0.017578125,0.25041288075779344,127,1712919024843
1238,0.37890625,1.939453125,-0.4375,0.25041288075779344,90,1712919024843
1238,0.2578125,2.005859375,-0.400390625,0.25041288075779344,124,1712919024843
1238,0.26171875,2.04296875,-0.41015625,0.25041288075779344,97,1712919024843
1238,0.06640625,2.029296875,-0.671875,0.25041288075779344,38,1712919024843
1238,0.392578125,1.744140625,0.15625,0.37561932113669017,34,1712919024843
1238,0.400390625,1.783203125,0.119140625,0.37561932113669017,98,1712919024843
1238,0.41015625,1.82421875,0.087890625,0.37561932113669017,130,1712919024843
1238,0.41796875,1.861328125,-0.0390625,0.37561932113669017,85,1712919024843
1238,0.365234375,1.91015625,-0.09765625,0.37561932113669017,49,1712919024843
1238,0.43359375,1.91796875,0.275390625,0.37561932113669017,75,1712919024843
1238,0.443359375,1.9375,0.37890625,0.37561932113669017,46,1712919024843
1238,0.193359375,2.0078125,-0.423828125,0.37561932113669017,45,1712919024843
1238,0.197265625,2.0703125,-0.291015625,0.37561932113669017,45,1712919024843
1238,0.1328125,2.080078125,-0.478515625,0.37561932113669017,18,1712919024843
1238,0.830078125,1.935546875,-0.68359375,-0.25041288075779344,23,1712919024843
1238,2.791015625,0.0,2.935546875,-0.25041288075779344,27,1712919024843
1238,2.822265625,0.0,2.787109375,-0.25041288075779344,44,1712919024843
1238,2.853515625,0.0,2.7734375,-0.25041288075779344,36,1712919024843
1238,2.791015625,0.0,3.142578125,-0.12520644037889672,45,1712919024843
1238,2.822265625,0.0,3.044921875,-0.12520644037889672,70,1712919024843
1238,2.853515625,0.0,2.953125,-0.12520644037889672,61,1712919024843
1238,2.884765625,0.0,2.830078125,-0.12520644037889672,30,1712919024843
1238,-2.8984375,1.828125,-0.2421875,0.0,14,1712919024843
1238,-2.931640625,1.849609375,-0.234375,0.0,21,1712919024843
1238,-2.853515625,2.0078125,-0.400390625,0.0,18,1712919024843
1238,0.80078125,1.96484375,0.263671875,0.12520644037889672,21,1712919024843
1238,-0.66796875,1.283203125,1.57421875,0.25041288075779344,23,1712919024843
1238,-0.734375,1.123046875,1.6640625,0.37561932113669017,11,1712919024843
1238,-2.791015625,1.875,-0.705078125,-0.25041288075779344,15,1712919024843
1238,-2.822265625,1.865234375,-0.791015625,-0.25041288075779344,23,1712919024843
1238,-2.744140625,2.0078125,-0.87890625,-0.25041288075779344,19,1712919024843
1238,-2.791015625,1.953125,-0.44140625,-0.12520644037889672,26,1712919024843
1238,-2.822265625,1.94921875,-0.546875,-0.12520644037889672,40,1712919024843
1238,-2.853515625,1.9453125,-0.640625,-0.12520644037889672,33,1712919024843
1238,-2.884765625,1.951171875,-0.69140625,-0.12520644037889672,16,1712919024843
1239,0.515625,1.755859375,-0.107421875,0.0,12,1712919024946
1239,0.525390625,1.791015625,-0.11328125,0.0,46,1712919024946
1239,0.4765625,1.84765625,-0.05078125,0.0,66,1712919024946
1239,0.42578125,1.837890625,-0.482421875,0.0,98,1712919024946
1239,0.373046875,1.875,-0.533203125,0.0,126,1712919024946
1239,0.443359375,1.892578125,-0.564453125,0.0,72,1712919024946
1239,0.0,1.77734375,1.044921875,0.0,27,1712919024946
1239,0.884765625,1.9453125,-0.408203125,0.0,57,1712919024946
1239,0.830078125,1.984375,-0.52734375,0.0,64,1712919024946
1239,2.791015625,0.0,2.884765625,0.0,19,1712919024946
1239,2.822265625,0.0,3.033203125,0.0,24,1712919024946
1239,0.515625,1.7578125,-0.0078125,0.12520644037889672,58,1712919024946
1239,0.525390625,1.794921875,-0.041015625,0.12520644037889672,185,1712919024946
1239,0.4765625,1.84765625,-0.052734375,0.12520644037889672,282,1712919024946
1239,0.42578125,1.884765625,-0.236328125,0.12520644037889672,329,1712919024946
1239,0.43359375,1.90625,-0.341796875,0.12520644037889672,351,1712919024946
1239,0.443359375,1.9453125,-0.33984375,0.12520644037889672,202,1712919024946
1239,0.515625,1.755859375,0.083984375,0.25041288075779344,94,1712919024946
1239,0.466796875,1.810546875,0.072265625,0.25041288075779344,269,1712919024946
1239,0.4765625,1.84765625,0.033203125,0.25041288075779344,404,1712919024946
1239,0.42578125,1.8984375,-0.072265625,0.25041288075779344,424,1712919024946
1239,0.43359375,1.9296875,-0.1640625,0.25041288075779344,397,1712919024946
1239,0.443359375,1.970703125,-0.12890625,0.25041288075779344,227,1712919024946
1239,0.708984375,1.904296875,0.345703125,0.25041288075779344,58,1712919024946
1239,0.458984375,1.763671875,0.185546875,0.37561932113669017,50,1712919024946
1239,0.466796875,1.802734375,0.16796875,0.37561932113669017,135,1712919024946
1239,0.4765625,1.84375,0.126953125,0.37561932113669017,186,1712919024946
1239,0.42578125,1.8984375,0.0703125,0.37561932113669017,179,1712919024946
1239,0.43359375,1.9375,0.001953125,0.37561932113669017,140,1712919024946
1239,0.443359375,1.97265625,0.060546875,0.37561932113669017,73,1712919024946
1239,3.0390625,0.0,2.27734375,-0.37561932113669017,30,1712919024946
1239,3.072265625,0.0,2.2890625,-0.37561932113669017,44,1712919024946
1239,3.216796875,0.0,2.248046875,-0.37561932113669017,33,1712919024946
1239,0.935546875,1.814453125,-0.634765625,-0.25041288075779344,29,1712919024946
1239,0.884765625,1.841796875,-0.748046875,-0.25041288075779344,69,1712919024946
1239,0.830078125,1.8984375,-0.78125,-0.25041288075779344,79,1712919024946
1239,0.84375,1.900390625,-0.865234375,-0.25041288075779344,50,1712919024946
1239,2.8984375,0.0,2.4375,-0.25041288075779344,31,1712919024946
1239,3.0390625,0.0,2.544921875,-0.25041288075779344,67,1712919024946
1239,3.072265625,0.0,2.591796875,-0.25041288075779344,82,1712919024946
1239,3.216796875,0.0,2.6015625,-0.25041288075779344,53,1712919024946
1239,0.486328125,1.7890625,-0.59375,-0.12520644037889672,26,1712919024946
1239,0.43359375,1.841796875,-0.6015625,-0.12520644037889672,31,1712919024946
1239,0.505859375,1.861328125,-0.611328125,-0.12520644037889672,19,1712919024946
1239,0.869140625,1.8671875,-0.57421875,-0.12520644037889672,37,1712919024946
1239,0.884765625,1.890625,-0.615234375,-0.12520644037889672,89,1712919024946
1239,0.830078125,1.943359375,-0.658203125,-0.12520644037889672,107,1712919024946
1239,0.7734375,2.005859375,-0.671875,-0.12520644037889672,66,1712919024946
1239,0.787109375,2.04296875,-0.671875,-0.12520644037889672,20,1712919024946
1239,2.8984375,0.0,2.75,-0.12520644037889672,43,1712919024946
1239,2.931640625,0.0,2.76953125,-0.12520644037889672,64,1712919024946
1239,2.962890625,0.0,2.8828125,-0.12520644037889672,58,1712919024946
1239,2.99609375,0.0,3.08984375,-0.12520644037889672,28,1712919024946
1239,-0.31640625,1.447265625,1.37890625,0.0,37,1712919024946
1239,0.7734375,1.73828125,-0.79296875,0.0,18,1712919024946
1239,-2.791015625,1.96875,-0.373046875,0.0,11,1712919024946
1239,-2.822265625,1.98046875,-0.42578125,0.0,13,1712919024946
1239,-0.064453125,1.5390625,-1.37109375,0.25041288075779344,55,1712919024946
1239,1.193359375,0.0,3.373046875,-0.37561932113669017,19,1712919024946
1239,1.20703125,1.5078125,2.93359375,-0.37561932113669017,25,1712919024946
1239,1.220703125,2.271484375,2.44140625,-0.37561932113669017,17,1712919024946
1239,1.181640625,1.103515625,3.03125,-0.25041288075779344,16,1712919024946
1239,1.193359375,1.1875,3.0390625,-0.25041288075779344,36,1712919024946
1239,1.20703125,1.642578125,2.859375,-0.25041288075779344,44,1712919024946
1240,0.515625,1.75390625,-0.130859375,0.0,23,1712919025045
1240,0.525390625,1.791015625,-0.109375,0.0,84,1712919025045
1240,0.537109375,1.830078125,-0.076171875,0.0,118,1712919025045
1240,0.546875,1.8671875,-0.0390625,0.0,54,1712919025045
1240,0.49609375,1.828125,-0.591796875,0.0,79,1712919025045
1240,0.443359375,1.896484375,-0.548828125,0.0,103,1712919025045
1240,0.451171875,1.95703125,-0.46875,0.0,59,1712919025045
1240,0.328125,2.0703125,-0.13671875,0.0,18,1712919025045
1240,0.81640625,1.91015625,-0.646484375,0.0,20,1712919025045
1240,0.830078125,1.958984375,-0.615234375,0.0,23,1712919025045
1240,3.11328125,0.0,2.92578125,0.0,18,1712919025045
1240,3.0390625,0.0,2.97265625,0.0,28,1712919025045
1240,3.072265625,0.0,2.98046875,0.0,26,1712919025045
1240,0.458984375,1.7734375,0.015625,0.12520644037889672,52,1712919025045
1240,0.525390625,1.794921875,0.01171875,0.12520644037889672,195,1712919025045
1240,0.537109375,1.830078125,0.0546875,0.12520644037889672,276,1712919025045
1240,0.546875,1.857421875,0.2109375,0.12520644037889672,102,1712919025045
1240,0.49609375,1.861328125,-0.4765625,0.12520644037889672,170,1712919025045
1240,0.443359375,1.93359375,-0.40234375,0.12520644037889672,218,1712919025045
1240,0.515625,1.958984375,-0.37890625,0.12520644037889672,117,1712919025045
1240,0.39453125,2.02734375,-0.3828125,0.12520644037889672,39,1712919025045
1240,0.333984375,2.041015625,-0.544921875,0.12520644037889672,31,1712919025045
1240,0.408203125,2.06640625,-0.544921875,0.12520644037889672,30,1712919025045
1240,0.515625,1.755859375,0.1015625,0.25041288075779344,50,1712919025045
1240,0.525390625,1.791015625,0.1328125,0.25041288075779344,187,1712919025045
1240,0.4765625,1.83984375,0.166015625,0.25041288075779344,276,1712919025045
1240,0.486328125,1.859375,0.30859375,0.25041288075779344,148,1712919025045
1240,0.43359375,1.875,-0.486328125,0.25041288075779344,82,1712919025045
1240,0.443359375,1.9609375,-0.23046875,0.25041288075779344,138,1712919025045
1240,0.451171875,1.998046875,-0.234375,0.25041288075779344,72,1712919025045
1240,0.328125,2.072265625,-0.09375,0.25041288075779344,21,1712919025045
1240,0.466796875,1.791015625,0.275390625,0.37561932113669017,54,1712919025045
1240,0.4765625,1.830078125,0.255859375,0.37561932113669017,88,1712919025045
1240,0.486328125,1.87109375,0.224609375,0.37561932113669017,66,1712919025045
1240,0.310546875,1.796875,-1.68359375,0.5008257615155869,21,1712919025045
1240,0.81640625,1.89453125,-0.6953125,-0.25041288075779344,17,1712919025045
1240,0.830078125,1.90234375,-0.771484375,-0.25041288075779344,21,1712919025045
1240,3.11328125,0.0,2.576171875,-0.25041288075779344,30,1712919025045
1240,3.1484375,0.0,2.533203125,-0.25041288075779344,56,1712919025045
1240,3.18359375,0.0,2.53125,-0.25041288075779344,53,1712919025045
1240,3.107421875,0.0,2.619140625,-0.25041288075779344,26,1712919025045
1240,0.525390625,1.779296875,-0.232421875,-0.12520644037889672,19,1712919025045
1240,0.537109375,1.80078125,-0.3359375,-0.12520644037889672,36,1712919025045
1240,0.546875,1.810546875,-0.4609375,-0.12520644037889672,44,1712919025045
1240,0.49609375,1.83984375,-0.55859375,-0.12520644037889672,36,1712919025045
1240,0.80078125,1.927734375,-0.4609375,-0.12520644037889672,17,1712919025045
1240,0.884765625,1.916015625,-0.533203125,-0.12520644037889672,40,1712919025045
1240,0.830078125,1.962890625,-0.599609375,-0.12520644037889672,49,1712919025045
1240,0.84375,1.982421875,-0.654296875,-0.12520644037889672,28,1712919025045
1240,3.11328125,0.0,2.615234375,-0.12520644037889672,37,1712919025045
1240,3.1484375,0.0,2.6953125,-0.12520644037889672,65,1712919025045
1240,3.18359375,0.0,2.708984375,-0.12520644037889672,62,1712919025045
1240,3.107421875,0.0,2.720703125,-0.12520644037889672,32,1712919025045
1240,-0.458984375,1.427734375,1.46875,0.0,15,1712919025045
1240,1.0859375,2.232421875,-2.431640625,0.0,15,1712919025045
1240,1.09765625,1.623046875,-2.9140625,0.0,14,1712919025045
1240,-0.39453125,1.455078125,1.4609375,0.12520644037889672,28,1712919025045
1240,-0.458984375,1.07421875,1.744140625,0.25041288075779344,17,1712919025045
1240,1.07421875,0.607421875,-3.20703125,-0.25041288075779344,16,1712919025045
1240,0.1328125,1.185546875,-1.7734375,-0.12520644037889672,9,1712919025045
1240,1.181640625,0.0,-3.34375,-0.12520644037889672,20,1712919025045
1240,1.193359375,0.4296875,-3.234375,-0.12520644037889672,34,1712919025045
1241,0.515625,1.7578125,-0.05859375,0.0,12,1712919025144
1241,0.583984375,1.775390625,-0.060546875,0.0,86,1712919025144
1241,0.537109375,1.830078125,-0.056640625,0.0,215,1712919025144
1241,0.609375,1.84765625,-0.087890625,0.0,262,1712919025144
1241,0.62109375,1.880859375,-0.142578125,0.0,192,1712919025144
1241,0.6328125,1.908203125,-0.23828125,0.0,120,1712919025144
1241,0.64453125,1.943359375,-0.236328125,0.0,72,1712919025144
1241,0.58984375,1.990234375,-0.3203125,0.0,39,1712919025144
1241,0.6015625,2.041015625,-0.21484375,0.0,22,1712919025144
1241,3.11328125,0.0,2.904296875,0.0,19,1712919025144
1241,3.0390625,0.0,3.033203125,0.0,23,1712919025144
1241,0.572265625,1.740234375,0.0078125,0.12520644037889672,22,1712919025144
1241,0.525390625,1.794921875,0.0625,0.12520644037889672,163,1712919025144
1241,0.537109375,1.830078125,0.056640625,0.12520644037889672,408,1712919025144
1241,0.546875,1.8671875,0.052734375,0.12520644037889672,491,1712919025144
1241,0.55859375,1.904296875,-0.005859375,0.12520644037889672,355,1712919025144
1241,0.568359375,1.935546875,-0.142578125,0.12520644037889672,231,1712919025144
1241,0.580078125,1.97265625,-0.16015625,0.12520644037889672,146,1712919025144
1241,0.458984375,2.041015625,-0.189453125,0.12520644037889672,78,1712919025144
1241,0.333984375,2.099609375,-0.22265625,0.12520644037889672,39,1712919025144
1241,0.525390625,1.78515625,0.193359375,0.25041288075779344,86,1712919025144
1241,0.537109375,1.82421875,0.173828125,0.25041288075779344,222,1712919025144
1241,0.546875,1.859375,0.17578125,0.25041288075779344,271,1712919025144
1241,0.62109375,1.8828125,0.103515625,0.25041288075779344,190,1712919025144
1241,0.6328125,1.921875,-0.013671875,0.25041288075779344,127,1712919025144
1241,0.580078125,1.978515625,-0.0234375,0.25041288075779344,79,1712919025144
1241,0.458984375,2.046875,0.091796875,0.25041288075779344,31,1712919025144
1241,3.11328125,0.0,2.47265625,-0.25041288075779344,23,1712919025144
1241,3.1484375,0.0,2.431640625,-0.25041288075779344,31,1712919025144
1241,3.29296875,0.0,2.36328125,-0.25041288075779344,22,1712919025144
1241,0.486328125,1.8046875,-0.541015625,-0.12520644037889672,15,1712919025144
1241,0.49609375,1.833984375,-0.57421875,-0.12520644037889672,24,1712919025144
1241,0.505859375,1.8515625,-0.640625,-0.12520644037889672,20,1712919025144
1241,0.787109375,1.884765625,-0.484375,-0.12520644037889672,28,1712919025144
1241,0.869140625,1.923828125,-0.33984375,-0.12520644037889672,32,1712919025144
1241,3.11328125,0.0,2.708984375,-0.12520644037889672,33,1712919025144
1241,3.1484375,0.0,2.7109375,-0.12520644037889672,43,1712919025144
1241,3.18359375,0.0,2.712890625,-0.12520644037889672,30,1712919025144
1241,1.181640625,1.283203125,-2.9609375,0.0,11,1712919025144
1241,1.193359375,0.837890625,-3.15234375,0.0,14,1712919025144
1241,1.181640625,0.0,3.341796875,-0.25041288075779344,12,1712919025144
1241,1.193359375,0.0,3.28515625,-0.25041288075779344,17,1712919025144
1241,1.31640625,1.984375,2.580078125,-0.25041288075779344,12,1712919025144
1241,0.1328125,1.748046875,1.224609375,-0.12520644037889672,18,1712919025144
1241,1.2890625,0.0,3.28125,-0.12520644037889672,18,1712919025144
1241,1.302734375,0.0,3.341796875,-0.12520644037889672,26,1712919025144
1241,1.20703125,0.0,-3.341796875,-0.12520644037889672,17,1712919025144
1242,0.525390625,1.794921875,0.013671875,0.0,17,1712919025247
1242,0.595703125,1.810546875,-0.091796875,0.0,57,1712919025247
1242,0.546875,1.859375,-0.185546875,0.0,100,1712919025247
1242,0.49609375,1.896484375,-0.310546875,0.0,104,1712919025247
1242,0.505859375,1.89453125,-0.5,0.0,67,1712919025247
1242,0.38671875,1.90234375,-0.69140625,0.0,34,1712919025247
1242,0.39453125,1.923828125,-0.7421875,0.0,31,1712919025247
1242,0.333984375,2.044921875,-0.525390625,0.0,33,1712919025247
1242,0.951171875,1.275390625,-1.484375,0.0,36,1712919025247
1242,0.96875,1.62890625,-1.14453125,0.0,34,1712919025247
1242,0.9140625,1.78125,-1.029296875,0.0,20,1712919025247
1242,0.583984375,1.775390625,0.0625,0.12520644037889672,36,1712919025247
1242,0.537109375,1.83203125,0.015625,0.12520644037889672,123,1712919025247
1242,0.486328125,1.8828125,-0.080078125,0.12520644037889672,217,1712919025247
1242,0.49609375,1.91015625,-0.208984375,0.12520644037889672,232,1712919025247
1242,0.443359375,1.9375,-0.375,0.12520644037889672,136,1712919025247
1242,0.38671875,1.9140625,-0.662109375,0.12520644037889672,63,1712919025247
1242,0.39453125,1.943359375,-0.6875,0.12520644037889672,60,1712919025247
1242,0.333984375,2.0546875,-0.48828125,0.12520644037889672,65,1712919025247
1242,0.271484375,2.123046875,-0.388671875,0.12520644037889672,59,1712919025247
1242,0.27734375,2.173828125,-0.32421875,0.12520644037889672,41,1712919025247
1242,0.537109375,1.828125,0.12109375,0.25041288075779344,54,1712919025247
1242,0.546875,1.8671875,0.04296875,0.25041288075779344,97,1712919025247
1242,0.49609375,1.921875,-0.03125,0.25041288075779344,100,1712919025247
1242,0.37890625,1.982421875,-0.146484375,0.25041288075779344,57,1712919025247
1242,0.451171875,1.89453125,-0.677734375,0.25041288075779344,37,1712919025247
1242,0.39453125,1.951171875,-0.671875,0.25041288075779344,44,1712919025247
1242,0.400390625,2.044921875,-0.478515625,0.25041288075779344,44,1712919025247
1242,0.33984375,2.123046875,-0.33203125,0.25041288075779344,38,1712919025247
1242,0.537109375,1.8125,-0.267578125,-0.12520644037889672,22,1712919025247
1242,0.546875,1.82421875,-0.400390625,-0.12520644037889672,42,1712919025247
1242,0.55859375,1.822265625,-0.556640625,-0.12520644037889672,46,1712919025247
1242,0.568359375,1.814453125,-0.693359375,-0.12520644037889672,29,1712919025247
1242,0.884765625,1.89453125,-0.60546875,-0.12520644037889672,25,1712919025247
1242,0.830078125,1.951171875,-0.638671875,-0.12520644037889672,26,1712919025247
1242,-0.322265625,1.44921875,1.431640625,0.0,19,1712919025247
1242,-0.39453125,1.517578125,1.396484375,0.0,16,1712919025247
1242,0.935546875,0.814453125,-1.740234375,0.0,22,1712919025247
1242,0.271484375,2.142578125,-0.271484375,0.0,32,1712919025247
1242,0.20703125,2.205078125,-0.01171875,0.0,24,1712919025247
1242,0.2109375,2.208984375,0.388671875,0.0,12,1712919025247
1242,-0.322265625,1.427734375,1.453125,0.12520644037889672,33,1712919025247
1242,1.068359375,0.0,-1.91796875,0.12520644037889672,34,1712919025247
1242,1.01953125,0.376953125,-1.884765625,0.12520644037889672,48,1712919025247
1242,0.96875,1.10546875,-1.65625,0.12520644037889672,40,1712919025247
1242,-0.322265625,1.517578125,1.357421875,0.25041288075779344,19,1712919025247
1242,1.01953125,1.068359375,-1.59765625,0.25041288075779344,29,1712919025247
1243,0.4765625,1.84765625,0.005859375,0.0,22,1712919025348
1243,0.546875,1.8671875,-0.05078125,0.0,39,1712919025348
1243,0.373046875,1.9453125,0.123046875,0.0,29,1712919025348
1243,0.822265625,1.84765625,-0.0546875,0.0,44,1712919025348
1243,0.7734375,1.91015625,-0.083984375,0.0,53,1712919025348
1243,0.787109375,1.9453125,-0.04296875,0.0,34,1712919025348
1243,0.935546875,1.896484375,-0.3125,0.0,35,1712919025348
1243,0.951171875,1.83984375,-0.66796875,0.0,61,1712919025348
1243,0.96875,1.88671875,-0.6328125,0.0,68,1712919025348
1243,0.9140625,1.97265625,-0.587890625,0.0,46,1712919025348
1243,0.537109375,1.830078125,0.08984375,0.12520644037889672,53,1712919025348
1243,0.546875,1.8671875,0.07421875,0.12520644037889672,90,1712919025348
1243,0.373046875,1.935546875,0.240234375,0.12520644037889672,61,1712919025348
1243,0.822265625,1.84765625,0.048828125,0.12520644037889672,81,1712919025348
1243,0.7734375,1.91015625,0.078125,0.12520644037889672,97,1712919025348
1243,0.787109375,1.943359375,0.123046875,0.12520644037889672,56,1712919025348
1243,0.935546875,1.888671875,-0.359375,0.12520644037889672,70,1712919025348
1243,0.951171875,1.837890625,-0.669921875,0.12520644037889672,129,1712919025348
1243,0.900390625,1.927734375,-0.611328125,0.12520644037889672,141,1712919025348
1243,0.9140625,1.98828125,-0.533203125,0.12520644037889672,85,1712919025348
1243,0.4765625,1.830078125,0.259765625,0.25041288075779344,22,1712919025348
1243,0.486328125,1.869140625,0.23828125,0.25041288075779344,36,1712919025348
1243,0.248046875,1.9375,0.3515625,0.25041288075779344,25,1712919025348
1243,0.7578125,1.859375,0.24609375,0.25041288075779344,46,1712919025348
1243,0.7734375,1.890625,0.27734375,0.25041288075779344,49,1712919025348
1243,0.130859375,1.953125,-0.7578125,0.25041288075779344,30,1712919025348
1243,0.935546875,1.6328125,-1.013671875,0.25041288075779344,46,1712919025348
1243,0.951171875,1.677734375,-1.005859375,0.25041288075779344,82,1712919025348
1243,0.900390625,1.837890625,-0.845703125,0.25041288075779344,90,1712919025348
1243,0.9140625,1.87890625,-0.83984375,0.25041288075779344,56,1712919025348
1243,0.884765625,1.677734375,-1.068359375,0.37561932113669017,21,1712919025348
1243,0.900390625,1.716796875,-1.0703125,0.37561932113669017,27,1712919025348
1243,0.546875,1.861328125,-0.154296875,-0.12520644037889672,24,1712919025348
1243,0.55859375,1.90234375,-0.1171875,-0.12520644037889672,18,1712919025348
1243,0.9296875,1.318359375,-1.15625,0.0,16,1712919025348
1243,0.126953125,1.265625,-1.57421875,0.0,26,1712919025348
1243,0.06640625,0.654296875,-1.994140625,0.0,20,1712919025348
1243,0.1328125,1.072265625,1.84375,0.0,26,1712919025348
1243,0.13671875,1.873046875,1.09765625,0.0,37,1712919025348
1243,0.138671875,1.666015625,1.453125,0.0,36,1712919025348
1243,0.126953125,1.421875,-1.43359375,0.12520644037889672,50,1712919025348
1243,0.06640625,1.31640625,-1.634765625,0.12520644037889672,37,1712919025348
1243,0.1328125,2.111328125,0.306640625,0.12520644037889672,51,1712919025348
1243,0.203125,2.015625,0.794921875,0.12520644037889672,70,1712919025348
1243,0.140625,1.1875,1.908203125,0.12520644037889672,45,1712919025348
1243,0.9921875,1.283203125,-1.142578125,0.25041288075779344,17,1712919025348
1243,0.0625,1.859375,-0.79296875,0.25041288075779344,28,1712919025348
1243,0.064453125,1.77734375,-1.041015625,0.25041288075779344,29,1712919025348
1243,0.853515625,1.8828125,0.37109375,0.25041288075779344,29,1712919025348
1243,0.201171875,2.126953125,0.08984375,0.25041288075779344,41,1712919025348
1243,0.203125,2.14453125,0.310546875,0.25041288075779344,47,1712919025348
1243,0.140625,2.193359375,-0.4921875,0.25041288075779344,35,1712919025348
1244,0.609375,1.826171875,-0.296875,0.0,25,1712919025446
1244,0.681640625,1.859375,-0.12890625,0.0,56,1712919025446
1244,0.6953125,1.8984375,-0.060546875,0.0,61,1712919025446
1244,0.7734375,1.91015625,-0.08203125,0.0,36,1712919025446
1244,0.39453125,2.03125,-0.353515625,0.0,25,1712919025446
1244,0.267578125,2.01953125,-0.650390625,0.0,60,1712919025446
1244,0.33984375,2.04296875,-0.66796875,0.0,69,1712919025446
1244,0.345703125,2.099609375,-0.611328125,0.0,45,1712919025446
1244,0.3515625,2.15625,-0.55078125,0.0,16,1712919025446
1244,0.609375,1.83203125,-0.25390625,0.12520644037889672,66,1712919025446
1244,0.62109375,1.880859375,-0.134765625,0.12520644037889672,141,1712919025446
1244,0.6953125,1.900390625,-0.03515625,0.12520644037889672,146,1712919025446
1244,0.708984375,1.935546875,0.001953125,0.12520644037889672,87,1712919025446
1244,0.458984375,2.033203125,-0.248046875,0.12520644037889672,55,1712919025446
1244,0.333984375,2.052734375,-0.4921875,0.12520644037889672,112,1712919025446
1244,0.271484375,2.09375,-0.5234375,0.12520644037889672,128,1712919025446
1244,0.345703125,2.125,-0.51953125,0.12520644037889672,85,1712919025446
1244,0.28125,2.173828125,-0.51953125,0.12520644037889672,30,1712919025446
1244,0.609375,1.849609375,0.025390625,0.25041288075779344,38,1712919025446
1244,0.62109375,1.8828125,0.087890625,0.25041288075779344,83,1712919025446
1244,0.6953125,1.89453125,0.154296875,0.25041288075779344,95,1712919025446
1244,0.64453125,1.951171875,0.171875,0.25041288075779344,69,1712919025446
1244,0.58984375,2.015625,-0.0234375,0.25041288075779344,46,1712919025446
1244,0.333984375,2.09375,-0.267578125,0.25041288075779344,64,1712919025446
1244,0.271484375,2.126953125,-0.37109375,0.25041288075779344,65,1712919025446
1244,0.345703125,2.146484375,-0.416015625,0.25041288075779344,41,1712919025446
1244,0.546875,1.787109375,-0.548828125,-0.12520644037889672,17,1712919025446
1244,0.55859375,1.83203125,-0.5234375,-0.12520644037889672,34,1712919025446
1244,0.568359375,1.873046875,-0.513671875,-0.12520644037889672,30,1712919025446
1244,0.408203125,2.0703125,-0.533203125,0.12520644037889672,127,1712919025446
1245,0.537109375,1.83203125,0.037109375,0.0,14,1712919025548
1245,0.609375,1.849609375,0.052734375,0.0,31,1712919025548
1245,0.55859375,1.900390625,0.12109375,0.0,31,1712919025548
1245,0.505859375,1.955078125,-0.1328125,0.0,17,1712919025548
1245,0.708984375,1.927734375,-0.1875,0.0,33,1712919025548
1245,0.58984375,1.99609375,-0.279296875,0.0,47,1712919025548
1245,0.466796875,2.04296875,-0.419921875,0.0,57,1712919025548
1245,0.33984375,2.0859375,-0.515625,0.0,63,1712919025548
1245,0.345703125,2.115234375,-0.55859375,0.0,41,1712919025548
1245,0.421875,2.08984375,-0.728515625,0.0,18,1712919025548
1245,0.537109375,1.8203125,0.205078125,0.12520644037889672,32,1712919025548
1245,0.546875,1.853515625,0.23828125,0.12520644037889672,69,1712919025548
1245,0.55859375,1.87890625,0.31640625,0.12520644037889672,66,1712919025548
1245,0.443359375,1.974609375,0.041015625,0.12520644037889672,38,1712919025548
1245,0.64453125,1.95703125,-0.072265625,0.12520644037889672,68,1712919025548
1245,0.58984375,2.0078125,-0.17578125,0.12520644037889672,89,1712919025548
1245,0.333984375,2.091796875,-0.29296875,0.12520644037889672,118,1712919025548
1245,0.33984375,2.107421875,-0.421875,0.12520644037889672,131,1712919025548
1245,0.345703125,2.142578125,-0.439453125,0.12520644037889672,71,1712919025548
1245,0.421875,2.12890625,-0.6015625,0.12520644037889672,31,1712919025548
1245,3.005859375,0.0,2.45703125,0.12520644037889672,24,1712919025548
1245,3.1484375,0.0,2.705078125,0.12520644037889672,33,1712919025548
1245,0.546875,1.845703125,0.291015625,0.25041288075779344,28,1712919025548
1245,0.55859375,1.8671875,0.380859375,0.25041288075779344,29,1712919025548
1245,0.64453125,1.958984375,-0.0078125,0.25041288075779344,34,1712919025548
1245,0.58984375,1.990234375,-0.3125,0.25041288075779344,51,1712919025548
1245,0.333984375,2.080078125,-0.3671875,0.25041288075779344,100,1712919025548
1245,0.271484375,2.1171875,-0.41796875,0.25041288075779344,115,1712919025548
1245,0.27734375,2.158203125,-0.412109375,0.25041288075779344,50,1712919025548
1245,0.267578125,2.0859375,-0.388671875,0.37561932113669017,29,1712919025548
1245,0.203125,2.126953125,-0.412109375,0.37561932113669017,33,1712919025548
1245,1.181640625,0.0,3.349609375,0.12520644037889672,17,1712919025548
1245,1.193359375,0.84765625,3.150390625,0.12520644037889672,22,1712919025548
1246,0.486328125,1.861328125,-0.29296875,0.0,11,1712919025648
1246,0.49609375,1.8671875,-0.455078125,0.0,16,1712919025648
1246,0.58984375,1.984375,-0.345703125,0.0,14,1712919025648
1246,0.333984375,2.0234375,-0.607421875,0.0,30,1712919025648
1246,0.33984375,2.048828125,-0.650390625,0.0,59,1712919025648
1246,0.345703125,2.080078125,-0.673828125,0.0,62,1712919025648
1246,0.3515625,2.111328125,-0.69921875,0.0,32,1712919025648
1246,0.4296875,2.185546875,-0.533203125,0.0,10,1712919025648
1246,0.4765625,1.84375,0.125,0.12520644037889672,15,1712919025648
1246,0.486328125,1.884765625,-0.056640625,0.12520644037889672,42,1712919025648
1246,0.49609375,1.912109375,-0.205078125,0.12520644037889672,56,1712919025648
1246,0.443359375,1.888671875,-0.57421875,0.12520644037889672,28,1712919025648
1246,0.64453125,1.955078125,0.11328125,0.12520644037889672,25,1712919025648
1246,0.525390625,2.005859375,-0.3359375,0.12520644037889672,38,1712919025648
1246,0.333984375,2.029296875,-0.5859375,0.12520644037889672,67,1712919025648
1246,0.33984375,2.068359375,-0.5859375,0.12520644037889672,121,1712919025648
1246,0.27734375,2.125,-0.560546875,0.12520644037889672,121,1712919025648
1246,0.28125,2.173828125,-0.517578125,0.12520644037889672,63,1712919025648
1246,3.0390625,0.0,3.0625,0.12520644037889672,16,1712919025648
1246,0.49609375,1.919921875,-0.08984375,0.25041288075779344,19,1712919025648
1246,0.333984375,2.01953125,-0.615234375,0.25041288075779344,29,1712919025648
1246,0.271484375,2.091796875,-0.533203125,0.25041288075779344,57,1712919025648
1246,0.27734375,2.146484375,-0.46875,0.25041288075779344,60,1712919025648
1246,0.28125,2.1953125,-0.4140625,0.25041288075779344,31,1712919025648
1246,0.546875,1.85546875,-0.21875,-0.12520644037889672,24,1712919025648
1246,0.55859375,1.869140625,-0.369140625,-0.12520644037889672,31,1712919025648
1246,0.6015625,1.9296875,-0.6953125,-0.12520644037889672,19,1712919025648
1246,0.748046875,1.984375,-0.48828125,-0.12520644037889672,31,1712919025648
1246,0.76171875,2.0234375,-0.4765625,-0.12520644037889672,28,1712919025648
1246,0.84375,1.87890625,-0.91015625,-0.12520644037889672,21,1712919025648
1246,1.193359375,1.994140625,2.58203125,0.12520644037889672,13,1712919025648
1247,0.486328125,1.875,-0.19921875,0.0,13,1712919025747
1247,0.43359375,1.900390625,-0.373046875,0.0,19,1712919025747
1247,0.505859375,1.921875,-0.37890625,0.0,18,1712919025747
1247,0.515625,1.984375,-0.20703125,0.0,13,1712919025747
1247,0.869140625,1.947265625,-0.162109375,0.0,39,1712919025747
1247,0.81640625,1.998046875,-0.28125,0.0,78,1712919025747
1247,0.830078125,2.015625,-0.38671875,0.0,78,1712919025747
1247,0.7734375,2.0625,-0.46484375,0.0,42,1712919025747
1247,0.572265625,2.15625,-0.517578125,0.0,12,1712919025747
1247,0.486328125,1.8828125,-0.07421875,0.12520644037889672,48,1712919025747
1247,0.49609375,1.900390625,-0.2890625,0.12520644037889672,71,1712919025747
1247,0.443359375,1.953125,-0.28515625,0.12520644037889672,62,1712919025747
1247,0.451171875,2.01171875,-0.0546875,0.12520644037889672,44,1712919025747
1247,0.458984375,1.98046875,0.521484375,0.12520644037889672,24,1712919025747
1247,3.005859375,0.0,2.595703125,0.12520644037889672,26,1712919025747
1247,2.931640625,0.0,2.75390625,0.12520644037889672,31,1712919025747
1247,0.43359375,1.931640625,-0.15625,0.25041288075779344,25,1712919025747
1247,0.443359375,1.966796875,-0.177734375,0.25041288075779344,23,1712919025747
1247,0.884765625,1.447265625,-1.365234375,-0.37561932113669017,27,1712919025747
1247,0.830078125,1.67578125,-1.185546875,-0.37561932113669017,25,1712919025747
1247,0.869140625,1.908203125,-0.416015625,-0.25041288075779344,46,1712919025747
1247,0.81640625,1.908203125,-0.654296875,-0.25041288075779344,84,1712919025747
1247,0.830078125,1.91015625,-0.75,-0.25041288075779344,78,1712919025747
1247,0.7734375,1.97265625,-0.76171875,-0.25041288075779344,38,1712919025747
1247,0.546875,1.82421875,-0.40625,-0.12520644037889672,26,1712919025747
1247,0.49609375,1.859375,-0.48828125,-0.12520644037889672,38,1712919025747
1247,0.505859375,1.86328125,-0.6015625,-0.12520644037889672,33,1712919025747
1247,0.515625,1.9765625,-0.279296875,-0.12520644037889672,23,1712919025747
1247,0.787109375,1.9453125,-0.0625,-0.12520644037889672,26,1712919025747
1247,0.80078125,1.95703125,-0.30859375,-0.12520644037889672,80,1712919025747
1247,0.81640625,1.9609375,-0.4765625,-0.12520644037889672,150,1712919025747
1247,0.830078125,1.970703125,-0.57421875,-0.12520644037889672,147,1712919025747
1247,0.7734375,2.02734375,-0.603515625,-0.12520644037889672,75,1712919025747
1247,0.787109375,2.056640625,-0.62890625,-0.12520644037889672,19,1712919025747
1247,0.06640625,0.39453125,-2.099609375,0.0,20,1712919025747
1247,1.861328125,0.0,1.591796875,0.0,7,1712919025747
1247,-1.359375,1.728515625,-0.640625,-0.12520644037889672,12,1712919025747
1248,0.65625,1.98828125,-0.146484375,0.0,14,1712919025849
1248,0.734375,1.978515625,-0.341796875,0.0,34,1712919025849
1248,0.6796875,2.00390625,-0.505859375,0.0,46,1712919025849
1248,0.69140625,2.025390625,-0.56640625,0.0,36,1712919025849
1248,0.6328125,2.06640625,-0.634765625,0.0,13,1712919025849
1248,2.8984375,0.0,2.181640625,0.0,18,1712919025849
1248,2.931640625,0.0,2.095703125,0.0,27,1712919025849
1248,3.072265625,0.0,1.845703125,0.0,22,1712919025849
1248,0.546875,1.8046875,0.484375,0.12520644037889672,29,1712919025849
1248,0.49609375,0.6875,-1.794921875,0.12520644037889672,30,1712919025849
1248,0.37890625,1.830078125,-0.775390625,0.12520644037889672,27,1712919025849
1248,0.515625,1.986328125,-0.197265625,0.12520644037889672,28,1712919025849
1248,0.65625,1.990234375,0.138671875,0.12520644037889672,24,1712919025849
1248,0.6015625,2.05078125,0.048828125,0.12520644037889672,18,1712919025849
1248,2.8984375,0.0,2.310546875,0.12520644037889672,34,1712919025849
1248,2.931640625,0.0,2.2265625,0.12520644037889672,49,1712919025849
1248,2.962890625,0.0,1.931640625,0.12520644037889672,40,1712919025849
1248,2.931640625,0.0,2.5,0.25041288075779344,22,1712919025849
1248,0.81640625,1.734375,-1.029296875,-0.37561932113669017,20,1712919025849
1248,0.76171875,1.8125,-1.01953125,-0.37561932113669017,18,1712919025849
1248,0.80078125,1.80078125,-0.826171875,-0.25041288075779344,28,1712919025849
1248,0.748046875,1.875,-0.810546875,-0.25041288075779344,43,1712919025849
1248,0.76171875,1.8828125,-0.884765625,-0.25041288075779344,35,1712919025849
1248,0.49609375,1.1640625,-1.529296875,-0.12520644037889672,20,1712919025849
1248,0.443359375,1.634765625,-1.107421875,-0.12520644037889672,19,1712919025849
1248,0.515625,1.962890625,-0.359375,-0.12520644037889672,18,1712919025849
1248,0.80078125,1.84765625,-0.716796875,-0.12520644037889672,42,1712919025849
1248,0.748046875,1.91796875,-0.703125,-0.12520644037889672,74,1712919025849
1248,0.69140625,1.953125,-0.783203125,-0.12520644037889672,61,1712919025849
1248,0.6328125,1.97265625,-0.8828125,-0.12520644037889672,23,1712919025849
1248,1.07421875,0.810546875,3.162109375,0.0,10,1712919025849
1248,1.193359375,1.625,2.828125,0.0,14,1712919025849
1248,1.07421875,0.0,-3.408203125,0.12520644037889672,21,1712919025849
1248,1.0859375,1.134765625,3.099609375,0.12520644037889672,29,1712919025849
1248,1.09765625,2.033203125,2.64453125,0.12520644037889672,21,1712919025849
1248,1.0859375,0.970703125,3.154296875,0.25041288075779344,13,1712919025849
1248,1.970703125,0.0,1.296875,-0.12520644037889672,12,1712919025849
1249,0.486328125,1.880859375,-0.12109375,0.0,31,1712919025948
1249,0.49609375,1.916015625,-0.16015625,0.0,48,1712919025948
1249,0.505859375,1.947265625,-0.22265625,0.0,38,1712919025948
1249,0.38671875,1.953125,-0.53515625,0.0,11,1712919025948
1249,0.72265625,1.93359375,-0.384765625,0.0,30,1712919025948
1249,0.734375,1.931640625,-0.55078125,0.0,54,1712919025948
1249,0.81640625,1.884765625,-0.716796875,0.0,50,1712919025948
1249,0.068359375,2.205078125,0.1953125,0.0,25,1712919025948
1249,2.822265625,0.76953125,1.873046875,0.0,14,1712919025948
1249,2.853515625,1.34765625,1.541015625,0.0,11,1712919025948
1249,0.4765625,1.84765625,0.0703125,0.12520644037889672,26,1712919025948
1249,0.486328125,1.884765625,0.025390625,0.12520644037889672,86,1712919025948
1249,0.49609375,1.921875,-0.03515625,0.12520644037889672,137,1712919025948
1249,0.505859375,1.955078125,-0.11328125,0.12520644037889672,108,1712919025948
1249,0.580078125,1.978515625,-0.017578125,0.12520644037889672,32,1712919025948
1249,0.65625,1.986328125,0.173828125,0.12520644037889672,39,1712919025948
1249,0.6015625,2.05078125,-0.04296875,0.12520644037889672,36,1712919025948
1249,0.544921875,2.0859375,-0.30078125,0.12520644037889672,26,1712919025948
1249,2.931640625,0.0,2.125,0.12520644037889672,27,1712919025948
1249,2.962890625,0.73046875,1.73828125,0.12520644037889672,22,1712919025948
1249,0.486328125,1.876953125,0.16796875,0.25041288075779344,33,1712919025948
1249,0.49609375,1.919921875,0.09765625,0.25041288075779344,52,1712919025948
1249,0.443359375,1.974609375,0.033203125,0.25041288075779344,41,1712919025948
1249,0.787109375,1.646484375,-1.0390625,-0.25041288075779344,33,1712919025948
1249,0.869140625,1.703125,-0.958984375,-0.25041288075779344,64,1712919025948
1249,0.884765625,1.71875,-0.998046875,-0.25041288075779344,66,1712919025948
1249,0.900390625,1.732421875,-1.044921875,-0.25041288075779344,37,1712919025948
1249,0.546875,1.845703125,-0.28515625,-0.12520644037889672,33,1712919025948
1249,0.49609375,1.892578125,-0.3359375,-0.12520644037889672,53,1712919025948
1249,0.505859375,1.91796875,-0.400390625,-0.12520644037889672,44,1712919025948
1249,0.787109375,1.755859375,-0.83984375,-0.12520644037889672,41,1712919025948
1249,0.869140625,1.73828125,-0.890625,-0.12520644037889672,86,1712919025948
1249,0.884765625,1.74609375,-0.951171875,-0.12520644037889672,89,1712919025948
1249,0.138671875,2.17578125,-0.388671875,-0.12520644037889672,54,1712919025948
1249,0.2109375,2.001953125,-1.01171875,-0.12520644037889672,25,1712919025948
1249,-0.451171875,0.888671875,1.8046875,0.0,6,1712919025948
1249,0.068359375,1.96875,0.923828125,0.0,32,1712919025948
1249,0.900390625,1.80859375,-0.908203125,0.0,25,1712919025948
1249,0.87890625,2.79296875,-1.94140625,0.0,6,1712919025948
1249,0.98828125,2.9375,-1.65234375,0.12520644037889672,12,1712919025948
1249,0.06640625,2.072265625,0.330078125,-0.25041288075779344,17,1712919025948
1249,0.06640625,1.98046875,0.80078125,-0.25041288075779344,35,1712919025948
1249,0.068359375,2.01953125,0.810546875,-0.25041288075779344,43,1712919025948
1249,0.138671875,2.013671875,0.912109375,-0.25041288075779344,31,1712919025948
1249,0.06640625,2.087890625,0.205078125,-0.12520644037889672,21,1712919025948
1249,0.06640625,2.04296875,0.623046875,-0.12520644037889672,53,1712919025948
1249,0.13671875,2.123046875,0.45703125,-0.12520644037889672,72,1712919025948
1249,0.900390625,1.68359375,-1.123046875,-0.12520644037889672,46,1712919025948
1250,0.42578125,1.8828125,-0.25,0.0,14,1712919026047
1250,0.43359375,1.921875,-0.240234375,0.0,24,1712919026047
1250,0.443359375,1.958984375,-0.25,0.0,28,1712919026047
1250,0.38671875,2.01953125,-0.15234375,0.0,25,1712919026047
1250,0.58984375,1.994140625,-0.2890625,0.0,24,1712919026047
1250,0.66796875,1.98046875,-0.447265625,0.0,33,1712919026047
1250,0.611328125,2.017578125,-0.541015625,0.0,32,1712919026047
1250,2.822265625,0.0,2.66796875,0.0,22,1712919026047
1250,2.853515625,0.0,2.689453125,0.0,32,1712919026047
1250,2.884765625,0.0,2.689453125,0.0,26,1712919026047
1250,0.42578125,1.89453125,-0.13671875,0.12520644037889672,33,1712919026047
1250,0.373046875,1.94921875,-0.076171875,0.12520644037889672,56,1712919026047
1250,0.443359375,1.97265625,-0.09375,0.12520644037889672,67,1712919026047
1250,0.451171875,2.01171875,-0.048828125,0.12520644037889672,64,1712919026047
1250,0.458984375,2.048828125,0.060546875,0.12520644037889672,44,1712919026047
1250,2.822265625,0.0,2.755859375,0.12520644037889672,40,1712919026047
1250,2.962890625,0.0,2.86328125,0.12520644037889672,58,1712919026047
1250,2.884765625,0.0,2.83984375,0.12520644037889672,46,1712919026047
1250,0.373046875,1.94921875,0.06640625,0.25041288075779344,21,1712919026047
1250,0.37890625,1.986328125,0.083984375,0.25041288075779344,25,1712919026047
1250,0.38671875,2.0234375,0.0859375,0.25041288075779344,24,1712919026047
1250,2.822265625,0.0,3.025390625,0.25041288075779344,23,1712919026047
1250,2.853515625,0.0,3.052734375,0.25041288075779344,33,1712919026047
1250,2.884765625,0.0,3.056640625,0.25041288075779344,26,1712919026047
1250,0.734375,1.86328125,-0.748046875,-0.25041288075779344,21,1712919026047
1250,0.748046875,1.888671875,-0.77734375,-0.25041288075779344,23,1712919026047
1250,0.43359375,1.916015625,-0.283203125,-0.12520644037889672,19,1712919026047
1250,0.443359375,1.9609375,-0.228515625,-0.12520644037889672,23,1712919026047
1250,0.38671875,2.013671875,-0.205078125,-0.12520644037889672,21,1712919026047
1250,0.65625,1.837890625,-0.7734375,-0.12520644037889672,26,1712919026047
1250,0.66796875,1.90234375,-0.7109375,-0.12520644037889672,49,1712919026047
1250,0.6796875,1.94140625,-0.708984375,-0.12520644037889672,54,1712919026047
1250,0.484375,2.06640625,-0.62890625,-0.12520644037889672,32,1712919026047
1250,-3.775390625,1.93359375,-0.7890625,-0.12520644037889672,24,1712919026047
1250,-3.943359375,1.41015625,-1.181640625,-0.12520644037889672,34,1712919026047
1250,-2.822265625,1.9609375,-0.5078125,0.12520644037889672,21,1712919026047
1250,-2.931640625,1.826171875,-0.376953125,0.25041288075779344,12,1712919026047
1250,-2.962890625,1.84375,-0.388671875,0.25041288075779344,17,1712919026047
1250,0.5390625,3.87109375,-1.82421875,-0.12520644037889672,13,1712919026047
1250,0.544921875,4.017578125,-1.580078125,-0.12520644037889672,18,1712919026047
1251,0.373046875,1.8671875,-0.55859375,0.0,27,1712919026148
1251,0.37890625,1.92578125,-0.490234375,0.0,36,1712919026148
1251,0.38671875,1.544921875,-1.30859375,0.0,15,1712919026148
1251,0.39453125,1.904296875,-0.791015625,0.0,25,1712919026148
1251,0.333984375,2.021484375,-0.607421875,0.0,38,1712919026148
1251,0.271484375,2.076171875,-0.587890625,0.0,42,1712919026148
1251,0.27734375,2.11328125,-0.599609375,0.0,36,1712919026148
1251,0.28125,2.1484375,-0.61328125,0.0,19,1712919026148
1251,2.931640625,0.0,2.365234375,0.0,32,1712919026148
1251,2.962890625,0.0,2.189453125,0.0,39,1712919026148
1251,0.373046875,1.873046875,-0.544921875,0.12520644037889672,40,1712919026148
1251,0.31640625,1.96484375,-0.3671875,0.12520644037889672,52,1712919026148
1251,-0.515625,0.6484375,1.88671875,0.12520644037889672,22,1712919026148
1251,0.458984375,1.958984375,-0.6015625,0.12520644037889672,51,1712919026148
1251,0.267578125,2.0546875,-0.529296875,0.12520644037889672,77,1712919026148
1251,0.271484375,2.1015625,-0.49609375,0.12520644037889672,95,1712919026148
1251,0.20703125,2.1484375,-0.4921875,0.12520644037889672,86,1712919026148
1251,0.2109375,2.1875,-0.494140625,0.12520644037889672,43,1712919026148
1251,2.931640625,0.0,2.61328125,0.12520644037889672,59,1712919026148
1251,2.962890625,0.0,2.482421875,0.12520644037889672,71,1712919026148
1251,2.99609375,0.0,2.234375,0.12520644037889672,41,1712919026148
1251,0.31640625,1.986328125,-0.2109375,0.25041288075779344,26,1712919026148
1251,0.39453125,2.00390625,-0.484375,0.25041288075779344,24,1712919026148
1251,0.267578125,2.083984375,-0.390625,0.25041288075779344,35,1712919026148
1251,0.271484375,2.12890625,-0.357421875,0.25041288075779344,41,1712919026148
1251,0.20703125,2.169921875,-0.3828125,0.25041288075779344,36,1712919026148
1251,0.140625,2.21875,-0.361328125,0.25041288075779344,18,1712919026148
1251,2.931640625,0.0,2.818359375,0.25041288075779344,32,1712919026148
1251,2.962890625,0.0,2.720703125,0.25041288075779344,39,1712919026148
1251,0.568359375,1.919921875,-0.29296875,-0.12520644037889672,23,1712919026148
1251,0.580078125,1.919921875,-0.48046875,-0.12520644037889672,19,1712919026148
1251,0.203125,1.935546875,-0.97265625,-0.12520644037889672,22,1712919026148
1251,-0.373046875,1.443359375,1.3125,0.0,16,1712919026148
1251,-0.37890625,1.357421875,1.453125,0.0,21,1712919026148
1251,-0.451171875,0.830078125,1.83203125,0.0,11,1712919026148
1251,-0.373046875,1.349609375,1.40625,0.12520644037889672,28,1712919026148
1251,-0.443359375,1.107421875,1.634765625,0.12520644037889672,37,1712919026148
1251,0.193359375,0.876953125,1.85546875,0.12520644037889672,17,1712919026148
1251,-0.37890625,1.103515625,1.65234375,0.25041288075779344,16,1712919026148
1252,0.43359375,1.876953125,-0.48046875,0.0,28,1712919026251
1252,0.443359375,1.908203125,-0.5078125,0.0,34,1712919026251
1252,0.458984375,1.958984375,-0.599609375,0.0,39,1712919026251
1252,0.466796875,1.94140625,-0.76171875,0.0,62,1712919026251
1252,0.408203125,2.001953125,-0.74609375,0.0,78,1712919026251
1252,0.345703125,2.056640625,-0.7421875,0.0,78,1712919026251
1252,0.28125,2.109375,-0.740234375,0.0,50,1712919026251
1252,2.962890625,0.0,2.169921875,0.0,17,1712919026251
1252,2.99609375,0.0,2.2890625,0.0,18,1712919026251
1252,0.42578125,1.83984375,-0.470703125,0.12520644037889672,21,1712919026251
1252,0.43359375,1.90234375,-0.361328125,0.12520644037889672,80,1712919026251
1252,0.443359375,1.939453125,-0.373046875,0.12520644037889672,106,1712919026251
1252,0.515625,1.91796875,-0.5546875,0.12520644037889672,47,1712919026251
1252,0.458984375,2.013671875,-0.376953125,0.12520644037889672,48,1712919026251
1252,0.333984375,2.04296875,-0.533203125,0.12520644037889672,78,1712919026251
1252,0.271484375,2.091796875,-0.537109375,0.12520644037889672,114,1712919026251
1252,0.20703125,2.140625,-0.5234375,0.12520644037889672,130,1712919026251
1252,0.2109375,2.17578125,-0.544921875,0.12520644037889672,91,1712919026251
1252,2.962890625,0.0,2.5,0.12520644037889672,36,1712919026251
1252,2.99609375,0.0,2.5078125,0.12520644037889672,37,1712919026251
1252,0.373046875,1.9375,-0.22265625,0.25041288075779344,30,1712919026251
1252,0.37890625,1.97265625,-0.236328125,0.25041288075779344,38,1712919026251
1252,0.333984375,2.064453125,-0.44140625,0.25041288075779344,33,1712919026251
1252,0.271484375,2.1171875,-0.42578125,0.25041288075779344,51,1712919026251
1252,0.27734375,2.158203125,-0.4140625,0.25041288075779344,61,1712919026251
1252,0.2109375,2.201171875,-0.42578125,0.25041288075779344,44,1712919026251
1252,0.6015625,1.61328125,-1.267578125,-0.25041288075779344,28,1712919026251
1252,0.611328125,1.705078125,-1.20703125,-0.25041288075779344,29,1712919026251
1252,0.49609375,1.81640625,-0.626953125,-0.12520644037889672,31,1712919026251
1252,0.505859375,1.86328125,-0.607421875,-0.12520644037889672,51,1712919026251
1252,0.515625,1.888671875,-0.642578125,-0.12520644037889672,47,1712919026251
1252,0.58984375,1.787109375,-0.9296875,-0.12520644037889672,40,1712919026251
1252,0.6015625,1.693359375,-1.158203125,-0.12520644037889672,48,1712919026251
1252,0.611328125,1.775390625,-1.099609375,-0.12520644037889672,47,1712919026251
1252,0.623046875,1.73046875,-1.232421875,-0.12520644037889672,25,1712919026251
1252,-0.322265625,1.404296875,1.474609375,0.12520644037889672,31,1712919026251
1252,-0.1328125,2.02734375,0.666015625,-0.25041288075779344,16,1712919026251
1252,-0.13671875,1.99609375,0.857421875,-0.25041288075779344,16,1712919026251
1252,-0.1328125,1.974609375,0.806640625,-0.12520644037889672,25,1712919026251
1252,-0.13671875,1.9453125,0.966796875,-0.12520644037889672,25,1712919026251
1252,-0.138671875,2.025390625,0.884765625,-0.12520644037889672,18,1712919026251
1253,0.365234375,1.87890625,-0.353515625,0.0,10,1712919026349
1253,0.43359375,1.890625,-0.419921875,0.0,40,1712919026349
1253,0.443359375,1.927734375,-0.4296875,0.0,68,1712919026349
1253,0.451171875,1.97265625,-0.396484375,0.0,56,1712919026349
1253,0.458984375,1.986328125,-0.501953125,0.0,35,1712919026349
1253,0.400390625,2.072265625,-0.337890625,0.0,31,1712919026349
1253,0.271484375,2.111328125,-0.447265625,0.0,32,1712919026349
1253,0.27734375,2.0859375,-0.6875,0.0,48,1712919026349
1253,0.28125,2.107421875,-0.740234375,0.0,48,1712919026349
1253,0.287109375,2.1640625,-0.69140625,0.0,24,1712919026349
1253,2.634765625,0.0,3.19921875,0.0,17,1712919026349
1253,2.7734375,0.0,3.267578125,0.0,23,1712919026349
1253,2.802734375,0.0,3.42578125,0.0,17,1712919026349
1253,0.365234375,1.826171875,-0.5703125,0.12520644037889672,17,1712919026349
1253,0.43359375,1.896484375,-0.3984375,0.12520644037889672,85,1712919026349
1253,0.37890625,1.958984375,-0.3359375,0.12520644037889672,154,1712919026349
1253,0.451171875,1.9921875,-0.2734375,0.12520644037889672,124,1712919026349
1253,0.328125,2.0703125,-0.11328125,0.12520644037889672,50,1712919026349
1253,0.267578125,1.994140625,-0.724609375,0.12520644037889672,60,1712919026349
1253,0.13671875,2.0390625,-0.748046875,0.12520644037889672,71,1712919026349
1253,0.20703125,2.09765625,-0.681640625,0.12520644037889672,106,1712919026349
1253,0.140625,2.12890625,-0.724609375,0.12520644037889672,100,1712919026349
1253,0.142578125,2.1796875,-0.69140625,0.12520644037889672,52,1712919026349
1253,2.744140625,0.0,3.34765625,0.12520644037889672,38,1712919026349
1253,2.7734375,0.0,3.4921875,0.12520644037889672,50,1712919026349
1253,2.802734375,0.0,-3.525390625,0.12520644037889672,37,1712919026349
1253,0.373046875,1.931640625,-0.267578125,0.25041288075779344,35,1712919026349
1253,0.443359375,1.9609375,-0.236328125,0.25041288075779344,61,1712919026349
1253,0.451171875,2.001953125,-0.1953125,0.25041288075779344,40,1712919026349
1253,0.197265625,2.03515625,-0.48046875,0.25041288075779344,27,1712919026349
1253,0.201171875,2.087890625,-0.416015625,0.25041288075779344,43,1712919026349
1253,0.13671875,2.1171875,-0.48828125,0.25041288075779344,71,1712919026349
1253,0.20703125,2.14453125,-0.5078125,0.25041288075779344,104,1712919026349
1253,0.140625,2.1796875,-0.548828125,0.25041288075779344,92,1712919026349
1253,0.142578125,2.21875,-0.552734375,0.25041288075779344,47,1712919026349
1253,2.7734375,0.0,-3.29296875,0.25041288075779344,19,1712919026349
1253,0.13671875,2.150390625,-0.30859375,0.37561932113669017,27,1712919026349
1253,0.138671875,2.18359375,-0.345703125,0.37561932113669017,35,1712919026349
1253,0.140625,2.20703125,-0.423828125,0.37561932113669017,27,1712919026349
1253,0.67578125,1.751953125,-1.501953125,-0.876445082652277,20,1712919026349
1253,0.72265625,1.70703125,-0.98828125,-0.25041288075779344,29,1712919026349
1253,0.66796875,1.869140625,-0.791015625,-0.25041288075779344,41,1712919026349
1253,0.6796875,1.962890625,-0.6484375,-0.25041288075779344,31,1712919026349
1253,0.43359375,1.61328125,-1.072265625,-0.12520644037889672,14,1712919026349
1253,0.443359375,1.845703125,-0.701171875,-0.12520644037889672,37,1712919026349
1253,0.322265625,1.998046875,-0.390625,-0.12520644037889672,37,1712919026349
1253,0.787109375,1.72265625,-0.90625,-0.12520644037889672,38,1712919026349
1253,0.66796875,1.896484375,-0.7265625,-0.12520644037889672,63,1712919026349
1253,0.611328125,1.994140625,-0.623046875,-0.12520644037889672,52,1712919026349
1253,0.623046875,2.01953125,-0.658203125,-0.12520644037889672,46,1712919026349
1253,0.6328125,2.048828125,-0.689453125,-0.12520644037889672,37,1712919026349
1253,-3.072265625,1.65234375,-0.400390625,0.0,10,1712919026349
1253,-2.99609375,1.888671875,-0.255859375,0.0,13,1712919026349
1253,-3.02734375,1.92578125,0.0390625,0.0,9,1712919026349
1253,0.869140625,1.91796875,0.375,0.12520644037889672,37,1712919026349
1253,0.81640625,1.921875,0.615234375,0.12520644037889672,49,1712919026349
1253,-2.962890625,1.880859375,-0.140625,0.12520644037889672,25,1712919026349
1253,-2.99609375,1.904296875,0.041015625,0.12520644037889672,31,1712919026349
1253,-3.02734375,1.90625,0.275390625,0.12520644037889672,22,1712919026349
1253,0.91796875,0.201171875,1.876953125,0.25041288075779344,14,1712919026349
1253,-3.107421875,1.658203125,0.451171875,0.25041288075779344,13,1712919026349
1253,0.0,2.0390625,0.5,-0.25041288075779344,19,1712919026349
1253,-0.1328125,1.87890625,1.01171875,-0.25041288075779344,21,1712919026349
1253,-0.248046875,1.79296875,0.81640625,-0.12520644037889672,8,1712919026349
1254,0.42578125,1.892578125,0.154296875,0.0,19,1712919026449
1254,0.49609375,1.91015625,0.21484375,0.0,32,1712919026449
1254,0.505859375,1.94921875,-0.19921875,0.0,35,1712919026449
1254,0.451171875,2.001953125,-0.1875,0.0,48,1712919026449
1254,0.58984375,2.013671875,0.064453125,0.0,49,1712919026449
1254,0.66796875,1.974609375,0.470703125,0.0,33,1712919026449
1254,0.69140625,1.8984375,-0.90625,0.0,27,1712919026449
1254,0.42578125,1.900390625,-0.013671875,0.12520644037889672,18,1712919026449
1254,0.373046875,1.9453125,-0.12890625,0.12520644037889672,44,1712919026449
1254,0.31640625,1.982421875,-0.259765625,0.12520644037889672,59,1712919026449
1254,0.38671875,1.990234375,-0.376953125,0.12520644037889672,47,1712919026449
1254,0.26171875,2.068359375,-0.248046875,0.12520644037889672,41,1712919026449
1254,0.466796875,2.02734375,-0.49609375,0.12520644037889672,44,1712919026449
1254,0.6796875,1.9453125,-0.697265625,0.12520644037889672,44,1712919026449
1254,0.373046875,1.94921875,-0.0625,0.25041288075779344,18,1712919026449
1254,0.31640625,1.994140625,-0.142578125,0.25041288075779344,23,1712919026449
1254,0.26171875,2.076171875,-0.177734375,0.25041288075779344,33,1712919026449
1254,0.400390625,2.07421875,-0.326171875,0.25041288075779344,39,1712919026449
1254,0.408203125,2.083984375,-0.4765625,0.25041288075779344,31,1712919026449
1254,0.20703125,2.12109375,-0.6015625,0.25041288075779344,61,1712919026449
1254,0.2109375,2.171875,-0.55859375,0.25041288075779344,67,1712919026449
1254,0.142578125,2.216796875,-0.5546875,0.25041288075779344,36,1712919026449
1254,0.203125,2.15234375,-0.25390625,0.37561932113669017,21,1712919026449
1254,0.20703125,2.169921875,-0.38671875,0.37561932113669017,47,1712919026449
1254,0.140625,2.208984375,-0.4140625,0.37561932113669017,52,1712919026449
1254,0.142578125,2.248046875,-0.412109375,0.37561932113669017,30,1712919026449
1254,0.65625,1.974609375,-0.287109375,-0.37561932113669017,21,1712919026449
1254,0.66796875,1.96875,-0.49609375,-0.37561932113669017,25,1712919026449
1254,0.49609375,1.916015625,-0.1484375,-0.25041288075779344,24,1712919026449
1254,0.64453125,1.9453125,-0.21875,-0.25041288075779344,33,1712919026449
1254,0.65625,1.97265625,-0.29296875,-0.25041288075779344,89,1712919026449
1254,0.66796875,2.0,-0.34765625,-0.25041288075779344,98,1712919026449
1254,0.6796875,2.04296875,-0.3125,-0.25041288075779344,47,1712919026449
1254,0.42578125,1.8984375,-0.044921875,-0.12520644037889672,45,1712919026449
1254,0.49609375,1.919921875,-0.08203125,-0.12520644037889672,79,1712919026449
1254,0.568359375,1.939453125,-0.072265625,-0.12520644037889672,54,1712919026449
1254,0.580078125,1.9765625,0.09765625,-0.12520644037889672,42,1712919026449
1254,0.65625,1.98828125,-0.158203125,-0.12520644037889672,114,1712919026449
1254,0.66796875,2.01953125,-0.212890625,-0.12520644037889672,120,1712919026449
1254,0.6796875,2.06640625,0.052734375,-0.12520644037889672,47,1712919026449
1254,-0.06640625,2.0078125,-0.732421875,0.0,18,1712919026449
1254,-0.203125,1.798828125,1.208984375,-0.12520644037889672,26,1712919026449
1255,0.357421875,1.87109375,0.126953125,0.0,27,1712919026549
1255,0.42578125,1.8984375,0.0703125,0.0,72,1712919026549
1255,0.373046875,1.94921875,-0.017578125,0.0,108,1712919026549
1255,0.443359375,1.966796875,-0.171875,0.0,101,1712919026549
1255,0.451171875,1.994140625,-0.265625,0.0,54,1712919026549
1255,0.466796875,1.947265625,-0.748046875,0.0,23,1712919026549
1255,0.611328125,2.029296875,-0.4921875,0.0,15,1712919026549
1255,0.421875,1.939453125,-1.064453125,0.0,33,1712919026549
1255,0.357421875,2.0234375,-1.013671875,0.0,22,1712919026549
1255,0.365234375,1.8671875,0.416015625,0.12520644037889672,18,1712919026549
1255,0.31640625,1.974609375,-0.302734375,0.12520644037889672,32,1712919026549
1255,0.38671875,2.015625,-0.19140625,0.12520644037889672,43,1712919026549
1255,0.328125,2.06640625,-0.185546875,0.12520644037889672,33,1712919026549
1255,0.28125,2.107421875,-0.744140625,0.12520644037889672,20,1712919026549
1255,0.287109375,2.1640625,-0.6953125,0.12520644037889672,43,1712919026549
1255,0.21875,2.203125,-0.724609375,0.12520644037889672,30,1712919026549
1255,0.322265625,2.03125,-0.126953125,0.25041288075779344,18,1712919026549
1255,0.20703125,2.166015625,-0.41015625,0.25041288075779344,34,1712919026549
1255,0.287109375,2.23046875,-0.439453125,0.25041288075779344,44,1712919026549
1255,0.21875,2.251953125,-0.552734375,0.25041288075779344,35,1712919026549
1255,0.20703125,2.162109375,-0.43359375,0.37561932113669017,31,1712919026549
1255,0.140625,2.154296875,-0.642578125,0.37561932113669017,29,1712919026549
1255,0.41796875,1.85546875,-0.15234375,-0.25041288075779344,25,1712919026549
1255,0.42578125,1.890625,-0.177734375,-0.25041288075779344,62,1712919026549
1255,0.43359375,1.916015625,-0.2890625,-0.25041288075779344,99,1712919026549
1255,0.505859375,1.916015625,-0.41015625,-0.25041288075779344,107,1712919026549
1255,0.580078125,1.94140625,-0.376953125,-0.25041288075779344,75,1712919026549
1255,0.4921875,1.775390625,-1.296875,-0.25041288075779344,33,1712919026549
1255,0.41796875,1.86328125,-0.001953125,-0.12520644037889672,56,1712919026549
1255,0.42578125,1.900390625,-0.03125,-0.12520644037889672,142,1712919026549
1255,0.43359375,1.931640625,-0.13671875,-0.12520644037889672,208,1712919026549
1255,0.443359375,1.94921875,-0.3125,-0.12520644037889672,193,1712919026549
1255,0.515625,1.9609375,-0.37109375,-0.12520644037889672,116,1712919026549
1255,0.65625,1.94921875,0.421875,-0.12520644037889672,33,1712919026549
1255,0.53515625,1.763671875,-1.083984375,-0.12520644037889672,36,1712919026549
1255,0.748046875,1.966796875,-0.5546875,-0.12520644037889672,25,1712919026549
1255,0.416015625,1.501953125,-1.572265625,-0.12520644037889672,41,1712919026549
1255,0.4921875,1.865234375,-1.162109375,-0.12520644037889672,54,1712919026549
1255,-1.564453125,1.34375,-0.697265625,0.0,9,1712919026549
1255,-0.130859375,1.048828125,1.814453125,-0.12520644037889672,20,1712919026549
1255,-1.49609375,1.296875,-0.90234375,-0.12520644037889672,16,1712919026549
1256,0.3515625,1.830078125,0.1640625,0.0,19,1712919026652
1256,0.357421875,1.87109375,0.115234375,0.0,85,1712919026652
1256,0.365234375,1.91015625,0.076171875,0.0,164,1712919026652
1256,0.373046875,1.94921875,0.07421875,0.0,176,1712919026652
1256,0.443359375,1.97265625,0.083984375,0.0,140,1712919026652
1256,0.451171875,2.009765625,0.10546875,0.0,97,1712919026652
1256,0.458984375,2.046875,-0.09765625,0.0,60,1712919026652
1256,0.6015625,2.015625,-0.376953125,0.0,62,1712919026652
1256,0.6796875,2.013671875,-0.462890625,0.0,68,1712919026652
1256,0.623046875,2.064453125,-0.5,0.0,45,1712919026652
1256,0.357421875,1.8671875,0.17578125,0.12520644037889672,17,1712919026652
1256,0.3046875,1.904296875,0.265625,0.12520644037889672,25,1712919026652
1256,0.568359375,1.904296875,-0.37890625,0.12520644037889672,16,1712919026652
1256,0.20703125,2.18359375,-0.30859375,0.12520644037889672,34,1712919026652
1256,0.2109375,2.177734375,-0.5390625,0.12520644037889672,78,1712919026652
1256,0.21484375,2.1484375,-0.765625,0.12520644037889672,110,1712919026652
1256,0.21875,2.103515625,-0.9765625,0.12520644037889672,73,1712919026652
1256,0.20703125,2.173828125,-0.37109375,0.25041288075779344,38,1712919026652
1256,0.2109375,2.18359375,-0.513671875,0.25041288075779344,119,1712919026652
1256,0.21484375,2.193359375,-0.623046875,0.25041288075779344,178,1712919026652
1256,0.21875,2.19921875,-0.734375,0.25041288075779344,122,1712919026652
1256,0.1484375,2.232421875,-0.775390625,0.25041288075779344,36,1712919026652
1256,0.2109375,2.1875,-0.494140625,0.37561932113669017,61,1712919026652
1256,0.21484375,2.220703125,-0.517578125,0.37561932113669017,92,1712919026652
1256,0.21875,2.251953125,-0.548828125,0.37561932113669017,65,1712919026652
1256,0.1484375,2.29296875,-0.56640625,0.37561932113669017,22,1712919026652
1256,0.55859375,1.83984375,-0.490234375,-0.37561932113669017,28,1712919026652
1256,0.568359375,1.875,-0.50390625,-0.37561932113669017,58,1712919026652
1256,0.580078125,1.912109375,-0.505859375,-0.37561932113669017,53,1712919026652
1256,0.525390625,1.9609375,-0.53515625,-0.37561932113669017,24,1712919026652
1256,0.41796875,1.857421875,-0.146484375,-0.25041288075779344,75,1712919026652
1256,0.42578125,1.890625,-0.1796875,-0.25041288075779344,152,1712919026652
1256,0.49609375,1.908203125,-0.236328125,-0.25041288075779344,214,1712919026652
1256,0.505859375,1.943359375,-0.24609375,-0.25041288075779344,241,1712919026652
1256,0.515625,1.98046875,-0.25390625,-0.25041288075779344,195,1712919026652
1256,0.525390625,1.9921875,-0.404296875,-0.25041288075779344,109,1712919026652
1256,0.6015625,1.9296875,-0.69921875,-0.25041288075779344,87,1712919026652
1256,0.611328125,1.951171875,-0.7421875,-0.25041288075779344,89,1712919026652
1256,0.623046875,1.98828125,-0.75,-0.25041288075779344,63,1712919026652
1256,0.6328125,2.00390625,-0.810546875,-0.25041288075779344,26,1712919026652
1256,0.3515625,1.837890625,0.0234375,-0.12520644037889672,38,1712919026652
1256,0.357421875,1.875,-0.0078125,-0.12520644037889672,166,1712919026652
1256,0.42578125,1.8984375,-0.046875,-0.12520644037889672,319,1712919026652
1256,0.43359375,1.935546875,-0.056640625,-0.12520644037889672,355,1712919026652
1256,0.505859375,1.958984375,-0.0625,-0.12520644037889672,300,1712919026652
1256,0.515625,1.994140625,-0.068359375,-0.12520644037889672,225,1712919026652
1256,0.458984375,2.03125,-0.271484375,-0.12520644037889672,141,1712919026652
1256,0.6015625,1.966796875,-0.5859375,-0.12520644037889672,131,1712919026652
1256,0.6796875,1.96875,-0.630859375,-0.12520644037889672,139,1712919026652
1256,0.623046875,2.0234375,-0.650390625,-0.12520644037889672,97,1712919026652
1256,0.5625,2.060546875,-0.716796875,-0.12520644037889672,39,1712919026652
1256,-0.814453125,1.515625,1.625,0.25041288075779344,20,1712919026652
1257,0.3515625,1.83203125,0.140625,0.0,24,1712919026750
1257,0.357421875,1.8671875,0.16015625,0.0,83,1712919026750
1257,0.42578125,1.8984375,0.05078125,0.0,151,1712919026750
1257,0.49609375,1.908203125,-0.236328125,0.0,235,1712919026750
1257,0.443359375,1.953125,-0.283203125,0.0,240,1712919026750
1257,0.451171875,2.01171875,-0.01171875,0.0,140,1712919026750
1257,0.39453125,2.056640625,0.1484375,0.0,73,1712919026750
1257,0.53515625,2.046875,-0.310546875,0.0,73,1712919026750
1257,0.611328125,2.0625,-0.326171875,0.0,61,1712919026750
1257,0.623046875,2.12109375,-0.126953125,0.0,29,1712919026750
1257,0.2109375,2.169921875,-0.5625,0.0,31,1712919026750
1257,0.21484375,2.18359375,-0.65625,0.0,69,1712919026750
1257,0.21875,2.197265625,-0.73828125,0.0,69,1712919026750
1257,0.22265625,2.23046875,-0.759765625,0.0,36,1712919026750
1257,0.642578125,2.8671875,0.037109375,0.0,30,1712919026750
1257,0.55859375,2.9140625,0.251953125,0.0,30,1712919026750
1257,-3.875,1.798828125,-0.181640625,0.0,17,1712919026750
1257,-3.775390625,2.080078125,-0.1953125,0.0,21,1712919026750
1257,0.3046875,1.921875,0.044921875,0.12520644037889672,17,1712919026750
1257,0.43359375,1.9375,-0.01953125,0.12520644037889672,32,1712919026750
1257,0.443359375,1.974609375,0.0234375,0.12520644037889672,34,1712919026750
1257,0.2109375,2.212890625,-0.357421875,0.12520644037889672,68,1712919026750
1257,0.21484375,2.2265625,-0.494140625,0.12520644037889672,144,1712919026750
1257,0.21875,2.24609375,-0.572265625,0.12520644037889672,141,1712919026750
1257,0.1484375,2.287109375,-0.58984375,0.12520644037889672,72,1712919026750
1257,0.140625,2.240234375,-0.189453125,0.25041288075779344,28,1712919026750
1257,0.21484375,2.24609375,-0.392578125,0.25041288075779344,62,1712919026750
1257,0.146484375,2.283203125,-0.4296875,0.25041288075779344,61,1712919026750
1257,0.1484375,2.322265625,-0.431640625,0.25041288075779344,32,1712919026750
1257,0.486328125,1.818359375,-0.498046875,-0.37561932113669017,22,1712919026750
1257,0.55859375,1.83203125,-0.5234375,-0.37561932113669017,57,1712919026750
1257,0.568359375,1.87890625,-0.4921875,-0.37561932113669017,68,1712919026750
1257,0.451171875,1.994140625,-0.271484375,-0.37561932113669017,29,1712919026750
1257,0.787109375,1.658203125,-1.021484375,-0.37561932113669017,30,1712919026750
1257,0.734375,1.78125,-0.92578125,-0.37561932113669017,49,1712919026750
1257,0.6796875,1.82421875,-0.97265625,-0.37561932113669017,36,1712919026750
1257,0.3515625,1.8359375,-0.0859375,-0.25041288075779344,22,1712919026750
1257,0.41796875,1.859375,-0.091796875,-0.25041288075779344,76,1712919026750
1257,0.42578125,1.876953125,-0.298828125,-0.25041288075779344,171,1712919026750
1257,0.49609375,1.8671875,-0.45703125,-0.25041288075779344,331,1712919026750
1257,0.505859375,1.908203125,-0.447265625,-0.25041288075779344,363,1712919026750
1257,0.515625,1.970703125,-0.3203125,-0.25041288075779344,184,1712919026750
1257,0.65625,1.91796875,-0.546875,-0.25041288075779344,96,1712919026750
1257,0.66796875,1.927734375,-0.63671875,-0.25041288075779344,157,1712919026750
1257,0.6796875,1.958984375,-0.66015625,-0.25041288075779344,125,1712919026750
1257,0.623046875,2.015625,-0.671875,-0.25041288075779344,58,1712919026750
1257,0.5625,2.025390625,-0.810546875,-0.25041288075779344,21,1712919026750
1257,0.642578125,2.84765625,-0.337890625,-0.25041288075779344,27,1712919026750
1257,0.3515625,1.837890625,0.025390625,-0.12520644037889672,44,1712919026750
1257,0.357421875,1.875,0.0390625,-0.12520644037889672,148,1712919026750
1257,0.42578125,1.8984375,-0.078125,-0.12520644037889672,285,1712919026750
1257,0.49609375,1.890625,-0.34765625,-0.12520644037889672,470,1712919026750
1257,0.505859375,1.923828125,-0.365234375,-0.12520644037889672,493,1712919026750
1257,0.451171875,2.005859375,-0.150390625,-0.12520644037889672,279,1712919026750
1257,0.458984375,2.048828125,-0.046875,-0.12520644037889672,139,1712919026750
1257,0.6015625,2.00390625,-0.4375,-0.12520644037889672,168,1712919026750
1257,0.611328125,2.033203125,-0.47265625,-0.12520644037889672,139,1712919026750
1257,0.623046875,2.064453125,-0.50390625,-0.12520644037889672,69,1712919026750
1257,0.4921875,2.09375,-0.666015625,-0.12520644037889672,28,1712919026750
1257,0.21484375,2.16015625,-0.732421875,-0.12520644037889672,29,1712919026750
1257,0.21875,2.1796875,-0.791015625,-0.12520644037889672,28,1712919026750
1257,0.81640625,2.751953125,-0.42578125,-0.12520644037889672,26,1712919026750
1257,0.642578125,2.8671875,-0.08203125,-0.12520644037889672,55,1712919026750
1257,0.65234375,2.904296875,0.06640625,-0.12520644037889672,56,1712919026750
1258,0.29296875,1.84375,0.123046875,0.0,41,1712919026851
1258,0.298828125,1.880859375,0.13671875,0.0,101,1712919026851
1258,0.365234375,1.91015625,-0.09765625,0.0,126,1712919026851
1258,0.373046875,1.861328125,-0.580078125,0.0,142,1712919026851
1258,0.37890625,1.91796875,-0.5234375,0.0,146,1712919026851
1258,0.38671875,1.9921875,-0.361328125,0.0,90,1712919026851
1258,0.2109375,2.20703125,-0.396484375,0.0,25,1712919026851
1258,0.21484375,2.232421875,-0.466796875,0.0,51,1712919026851
1258,0.146484375,2.271484375,-0.48828125,0.0,44,1712919026851
1258,0.55078125,2.884765625,-0.14453125,0.0,34,1712919026851
1258,0.65234375,2.900390625,-0.185546875,0.0,31,1712919026851
1258,0.310546875,1.951171875,-0.189453125,0.12520644037889672,20,1712919026851
1258,0.37890625,1.98046875,-0.173828125,0.12520644037889672,23,1712919026851
1258,0.373046875,1.81640625,-0.708984375,-0.37561932113669017,27,1712919026851
1258,0.37890625,1.888671875,-0.6171875,-0.37561932113669017,25,1712919026851
1258,0.58984375,1.873046875,-0.7421875,-0.37561932113669017,32,1712919026851
1258,0.66796875,1.876953125,-0.7734375,-0.37561932113669017,31,1712919026851
1258,0.3515625,1.8359375,-0.07421875,-0.25041288075779344,39,1712919026851
1258,0.357421875,1.87109375,-0.109375,-0.25041288075779344,96,1712919026851
1258,0.365234375,1.8359375,-0.5390625,-0.25041288075779344,132,1712919026851
1258,0.43359375,1.783203125,-0.755859375,-0.25041288075779344,183,1712919026851
1258,0.443359375,1.84765625,-0.697265625,-0.25041288075779344,180,1712919026851
1258,0.322265625,2.0078125,-0.33984375,-0.25041288075779344,82,1712919026851
1258,0.72265625,1.865234375,-0.640625,-0.25041288075779344,47,1712919026851
1258,0.6015625,1.96484375,-0.58984375,-0.25041288075779344,61,1712919026851
1258,0.544921875,2.03515625,-0.544921875,-0.25041288075779344,39,1712919026851
1258,0.21484375,2.158203125,-0.73828125,-0.25041288075779344,43,1712919026851
1258,0.146484375,2.1796875,-0.80859375,-0.25041288075779344,37,1712919026851
1258,0.3515625,1.837890625,0.037109375,-0.12520644037889672,75,1712919026851
1258,0.357421875,1.875,0.0234375,-0.12520644037889672,186,1712919026851
1258,0.365234375,1.896484375,-0.2421875,-0.12520644037889672,236,1712919026851
1258,0.373046875,1.82421875,-0.689453125,-0.12520644037889672,272,1712919026851
1258,0.443359375,1.87109375,-0.630859375,-0.12520644037889672,273,1712919026851
1258,0.38671875,1.974609375,-0.451171875,-0.12520644037889672,156,1712919026851
1258,0.2109375,2.1796875,-0.525390625,-0.12520644037889672,44,1712919026851
1258,0.21484375,2.203125,-0.591796875,-0.12520644037889672,98,1712919026851
1258,0.146484375,2.234375,-0.63671875,-0.12520644037889672,87,1712919026851
1258,0.642578125,2.84375,-0.373046875,-0.12520644037889672,63,1712919026851
1258,0.65234375,2.88671875,-0.322265625,-0.12520644037889672,57,1712919026851
1258,-0.373046875,1.47265625,1.27734375,-0.37561932113669017,14,1712919026851
1258,-0.37890625,1.3359375,1.47265625,-0.37561932113669017,13,1712919026851
1258,-0.38671875,1.08984375,1.70703125,-0.25041288075779344,42,1712919026851
1259,0.228515625,1.80859375,0.177734375,0.0,23,1712919026952
1259,0.29296875,1.83984375,0.171875,0.0,110,1712919026952
1259,0.23828125,1.888671875,0.15234375,0.0,224,1712919026952
1259,0.3046875,1.919921875,-0.1015625,0.0,301,1712919026952
1259,0.310546875,1.94140625,-0.27734375,0.0,376,1712919026952
1259,0.31640625,1.982421875,-0.25,0.0,342,1712919026952
1259,0.322265625,2.0234375,-0.234375,0.0,158,1712919026952
1259,0.140625,2.224609375,-0.322265625,0.0,52,1712919026952
1259,0.142578125,2.251953125,-0.388671875,0.0,79,1712919026952
1259,0.146484375,2.291015625,-0.39453125,0.0,63,1712919026952
1259,0.07421875,2.33203125,-0.3984375,0.0,26,1712919026952
1259,0.55078125,2.87109375,-0.3125,0.0,24,1712919026952
1259,0.298828125,1.853515625,0.34375,0.12520644037889672,24,1712919026952
1259,0.3046875,1.91796875,-0.12890625,0.12520644037889672,39,1712919026952
1259,0.310546875,1.953125,-0.17578125,0.12520644037889672,59,1712919026952
1259,0.31640625,1.994140625,-0.14453125,0.12520644037889672,56,1712919026952
1259,0.322265625,2.033203125,-0.103515625,0.12520644037889672,28,1712919026952
1259,0.580078125,1.830078125,-0.75390625,-0.5008257615155869,19,1712919026952
1259,0.65625,1.791015625,-0.87890625,-0.5008257615155869,22,1712919026952
1259,0.537109375,1.7578125,-0.515625,-0.37561932113669017,36,1712919026952
1259,0.486328125,1.81640625,-0.501953125,-0.37561932113669017,113,1712919026952
1259,0.49609375,1.859375,-0.48828125,-0.37561932113669017,163,1712919026952
1259,0.443359375,1.908203125,-0.509765625,-0.37561932113669017,115,1712919026952
1259,0.193359375,2.005859375,-0.431640625,-0.37561932113669017,39,1712919026952
1259,0.2109375,2.123046875,-0.724609375,-0.37561932113669017,34,1712919026952
1259,0.142578125,2.125,-0.841796875,-0.37561932113669017,47,1712919026952
1259,0.146484375,2.142578125,-0.90234375,-0.37561932113669017,35,1712919026952
1259,0.1484375,2.1953125,-0.873046875,-0.37561932113669017,17,1712919026952
1259,-3.70703125,1.59765625,-1.287109375,-0.37561932113669017,26,1712919026952
1259,-3.7421875,1.640625,-1.26171875,-0.37561932113669017,28,1712919026952
1259,0.287109375,1.80859375,-0.0546875,-0.25041288075779344,25,1712919026952
1259,0.29296875,1.84765625,-0.041015625,-0.25041288075779344,117,1712919026952
1259,0.298828125,1.8828125,-0.08984375,-0.25041288075779344,219,1712919026952
1259,0.365234375,1.8515625,-0.478515625,-0.25041288075779344,370,1712919026952
1259,0.373046875,1.888671875,-0.482421875,-0.25041288075779344,596,1712919026952
1259,0.37890625,1.931640625,-0.466796875,-0.25041288075779344,531,1712919026952
1259,0.322265625,1.986328125,-0.443359375,-0.25041288075779344,233,1712919026952
1259,0.138671875,2.203125,-0.16015625,-0.25041288075779344,31,1712919026952
1259,0.2109375,2.169921875,-0.568359375,-0.25041288075779344,115,1712919026952
1259,0.21484375,2.17578125,-0.68359375,-0.25041288075779344,164,1712919026952
1259,0.146484375,2.21484375,-0.701171875,-0.25041288075779344,125,1712919026952
1259,0.1484375,2.259765625,-0.69140625,-0.25041288075779344,54,1712919026952
1259,-3.70703125,1.763671875,-1.046875,-0.25041288075779344,39,1712919026952
1259,-3.7421875,1.798828125,-1.0234375,-0.25041288075779344,42,1712919026952
1259,0.287109375,1.810546875,0.029296875,-0.12520644037889672,42,1712919026952
1259,0.29296875,1.84765625,0.05859375,-0.12520644037889672,200,1712919026952
1259,0.298828125,1.884765625,0.033203125,-0.12520644037889672,399,1712919026952
1259,0.3046875,1.90234375,-0.283203125,-0.12520644037889672,545,1712919026952
1259,0.373046875,1.91015625,-0.390625,-0.12520644037889672,753,1712919026952
1259,0.37890625,1.953125,-0.369140625,-0.12520644037889672,692,1712919026952
1259,0.322265625,2.0078125,-0.34375,-0.12520644037889672,320,1712919026952
1259,0.20703125,2.197265625,-0.16796875,-0.12520644037889672,35,1712919026952
1259,0.2109375,2.19921875,-0.439453125,-0.12520644037889672,121,1712919026952
1259,0.142578125,2.224609375,-0.525390625,-0.12520644037889672,180,1712919026952
1259,0.146484375,2.2578125,-0.548828125,-0.12520644037889672,142,1712919026952
1259,0.1484375,2.30078125,-0.53515625,-0.12520644037889672,60,1712919026952
1259,0.634765625,2.78515625,-0.50390625,-0.12520644037889672,31,1712919026952
1259,0.55078125,2.869140625,-0.328125,-0.12520644037889672,43,1712919026952
1259,0.90234375,0.74609375,1.697265625,-0.37561932113669017,22,1712919026952
1259,-0.814453125,1.564453125,1.580078125,-0.25041288075779344,29,1712919026952
1259,-0.814453125,1.365234375,1.75390625,-0.12520644037889672,32,1712919026952
1260,0.171875,1.8203125,0.125,0.0,12,1712919027051
1260,0.234375,1.84375,0.205078125,0.0,76,1712919027051
1260,0.23828125,1.873046875,0.28515625,0.0,132,1712919027051
1260,0.244140625,1.87890625,0.4453125,0.0,78,1712919027051
1260,0.125,1.966796875,-0.2421875,0.0,32,1712919027051
1260,0.126953125,1.984375,-0.375,0.0,30,1712919027051
1260,0.322265625,2.03515625,0.0390625,0.0,27,1712919027051
1260,0.138671875,2.16796875,-0.42578125,0.0,29,1712919027051
1260,0.0703125,2.216796875,-0.388671875,0.0,40,1712919027051
1260,0.142578125,2.251953125,-0.3984375,0.0,29,1712919027051
1260,0.17578125,1.828125,0.357421875,0.12520644037889672,14,1712919027051
1260,0.23828125,1.84765625,0.416015625,0.12520644037889672,23,1712919027051
1260,2.853515625,0.0,3.111328125,0.12520644037889672,16,1712919027051
1260,0.49609375,1.837890625,-0.560546875,-0.5008257615155869,17,1712919027051
1260,0.443359375,1.912109375,-0.4921875,-0.5008257615155869,23,1712919027051
1260,0.515625,1.890625,-0.638671875,-0.5008257615155869,22,1712919027051
1260,0.357421875,1.873046875,-0.07421875,-0.37561932113669017,29,1712919027051
1260,0.486328125,1.87890625,-0.15625,-0.37561932113669017,32,1712919027051
1260,0.49609375,1.876953125,-0.4140625,-0.37561932113669017,48,1712919027051
1260,0.505859375,1.890625,-0.515625,-0.37561932113669017,62,1712919027051
1260,0.515625,1.9140625,-0.564453125,-0.37561932113669017,59,1712919027051
1260,0.458984375,1.947265625,-0.638671875,-0.37561932113669017,43,1712919027051
1260,0.140625,2.1328125,-0.708984375,-0.37561932113669017,43,1712919027051
1260,0.142578125,2.154296875,-0.763671875,-0.37561932113669017,46,1712919027051
1260,0.072265625,2.20703125,-0.7421875,-0.37561932113669017,26,1712919027051
1260,0.29296875,1.84765625,-0.05078125,-0.25041288075779344,105,1712919027051
1260,0.298828125,1.884765625,0.060546875,-0.25041288075779344,178,1712919027051
1260,0.365234375,1.896484375,0.2421875,-0.25041288075779344,103,1712919027051
1260,0.248046875,1.90234375,-0.5078125,-0.25041288075779344,72,1712919027051
1260,0.31640625,1.923828125,-0.541015625,-0.25041288075779344,83,1712919027051
1260,0.38671875,1.990234375,-0.373046875,-0.25041288075779344,69,1712919027051
1260,0.138671875,2.130859375,-0.583984375,-0.25041288075779344,64,1712919027051
1260,0.140625,2.1640625,-0.611328125,-0.25041288075779344,120,1712919027051
1260,0.142578125,2.1953125,-0.638671875,-0.25041288075779344,115,1712919027051
1260,0.146484375,2.24609375,-0.599609375,-0.25041288075779344,62,1712919027051
1260,0.287109375,1.80859375,-0.0546875,-0.12520644037889672,24,1712919027051
1260,0.29296875,1.845703125,0.078125,-0.12520644037889672,146,1712919027051
1260,0.298828125,1.876953125,0.171875,-0.12520644037889672,251,1712919027051
1260,0.3046875,1.888671875,0.36328125,-0.12520644037889672,146,1712919027051
1260,0.185546875,1.93359375,-0.40625,-0.12520644037889672,75,1712919027051
1260,0.189453125,1.953125,-0.490234375,-0.12520644037889672,76,1712919027051
1260,0.322265625,2.03125,-0.134765625,-0.12520644037889672,56,1712919027051
1260,0.138671875,2.14453125,-0.53125,-0.12520644037889672,71,1712919027051
1260,0.140625,2.1875,-0.521484375,-0.12520644037889672,114,1712919027051
1260,0.072265625,2.23046875,-0.51171875,-0.12520644037889672,93,1712919027051
1260,-2.962890625,1.841796875,-0.400390625,0.12520644037889672,11,1712919027051
1260,0.58984375,1.89453125,-0.68359375,-0.37561932113669017,43,1712919027051
1261,0.171875,1.798828125,0.30859375,0.0,28,1712919027151
1261,0.1171875,1.7890625,0.53515625,0.0,57,1712919027151
1261,0.060546875,1.697265625,0.873046875,0.0,59,1712919027151
1261,0.669921875,1.7734375,-0.443359375,0.0,51,1712919027151
1261,0.0,1.64453125,-1.111328125,0.0,32,1712919027151
1261,0.251953125,2.0078125,0.01953125,0.0,44,1712919027151
1261,0.2578125,2.04296875,0.09765625,0.0,52,1712919027151
1261,0.068359375,2.1875,-0.333984375,0.0,36,1712919027151
1261,0.0703125,2.21484375,-0.400390625,0.0,47,1712919027151
1261,0.0,2.25390625,-0.41015625,0.0,36,1712919027151
1261,2.71484375,0.0,2.55078125,0.0,18,1712919027151
1261,2.853515625,0.0,2.578125,0.0,33,1712919027151
1261,2.7734375,0.0,2.59765625,0.0,33,1712919027151
1261,2.69140625,0.0,2.72265625,0.0,22,1712919027151
1261,-3.400390625,1.25390625,-0.146484375,0.0,12,1712919027151
1261,2.71484375,0.0,2.822265625,0.12520644037889672,34,1712919027151
1261,2.744140625,0.0,2.7734375,0.12520644037889672,60,1712919027151
1261,2.7734375,0.0,2.8046875,0.12520644037889672,59,1712919027151
1261,2.69140625,0.0,2.908203125,0.12520644037889672,39,1712919027151
1261,-3.287109375,1.53125,-0.083984375,0.12520644037889672,22,1712919027151
1261,2.71484375,0.0,2.8671875,0.25041288075779344,18,1712919027151
1261,2.744140625,0.0,2.93359375,0.25041288075779344,31,1712919027151
1261,2.7734375,0.0,2.99609375,0.25041288075779344,31,1712919027151
1261,2.69140625,0.0,3.11328125,0.25041288075779344,20,1712919027151
1261,0.525390625,1.533203125,-0.931640625,-0.37561932113669017,17,1712919027151
1261,0.4765625,1.748046875,-0.59765625,-0.37561932113669017,57,1712919027151
1261,0.42578125,1.83984375,-0.47265625,-0.37561932113669017,85,1712919027151
1261,0.49609375,1.89453125,-0.322265625,-0.37561932113669017,70,1712919027151
1261,0.443359375,1.974609375,-0.037109375,-0.37561932113669017,29,1712919027151
1261,-3.640625,1.69140625,-1.095703125,-0.37561932113669017,29,1712919027151
1261,-3.673828125,1.78125,-0.98046875,-0.37561932113669017,37,1712919027151
1261,-3.83984375,1.615234375,-0.7734375,-0.37561932113669017,28,1712919027151
1261,0.171875,1.814453125,0.185546875,-0.25041288075779344,27,1712919027151
1261,0.05859375,1.787109375,0.55078125,-0.25041288075779344,45,1712919027151
1261,0.537109375,1.662109375,-0.76953125,-0.25041288075779344,133,1712919027151
1261,0.486328125,1.8125,-0.515625,-0.25041288075779344,198,1712919027151
1261,0.49609375,1.896484375,-0.30859375,-0.25041288075779344,163,1712919027151
1261,0.443359375,1.966796875,-0.1640625,-0.25041288075779344,105,1712919027151
1261,0.38671875,2.0234375,-0.099609375,-0.25041288075779344,62,1712919027151
1261,0.068359375,2.146484375,-0.541015625,-0.25041288075779344,32,1712919027151
1261,0.0703125,2.154296875,-0.654296875,-0.25041288075779344,56,1712919027151
1261,0.072265625,2.185546875,-0.68359375,-0.25041288075779344,46,1712919027151
1261,-3.771484375,1.5859375,-0.76171875,-0.25041288075779344,30,1712919027151
1261,-3.806640625,1.64453125,-0.66796875,-0.25041288075779344,36,1712919027151
1261,-3.83984375,1.689453125,-0.595703125,-0.25041288075779344,28,1712919027151
1261,0.228515625,1.8046875,0.2265625,-0.12520644037889672,48,1712919027151
1261,0.1171875,1.802734375,0.48828125,-0.12520644037889672,93,1712919027151
1261,0.595703125,1.556640625,-0.9296875,-0.12520644037889672,112,1712919027151
1261,0.546875,1.798828125,-0.505859375,-0.12520644037889672,154,1712919027151
1261,0.49609375,1.916015625,-0.15234375,-0.12520644037889672,114,1712919027151
1261,0.31640625,1.99609375,-0.083984375,-0.12520644037889672,107,1712919027151
1261,0.322265625,2.03515625,-0.033203125,-0.12520644037889672,100,1712919027151
1261,0.138671875,2.1640625,-0.4453125,-0.12520644037889672,64,1712919027151
1261,0.0703125,2.189453125,-0.521484375,-0.12520644037889672,86,1712919027151
1261,0.072265625,2.220703125,-0.55859375,-0.12520644037889672,68,1712919027151
1261,0.396484375,2.974609375,-1.015625,-0.12520644037889672,28,1712919027151
1261,0.65625,1.494140625,-0.9921875,0.0,45,1712919027151
1261,0.0,1.28125,1.46484375,0.0,49,1712919027151
1261,0.62109375,1.865234375,0.2734375,0.0,28,1712919027151
1261,-2.822265625,1.81640625,-0.89453125,0.0,12,1712919027151
1261,-2.962890625,1.68359375,-0.849609375,0.0,22,1712919027151
1261,-3.107421875,1.548828125,-0.74609375,0.0,25,1712919027151
1261,-3.140625,1.638671875,-0.576171875,0.0,20,1712919027151
1261,2.607421875,0.0,2.865234375,0.0,11,1712919027151
1262,0.111328125,1.791015625,0.021484375,0.0,13,1712919027252
1262,0.171875,1.82421875,0.00390625,0.0,91,1712919027252
1262,0.234375,1.85546875,-0.009765625,0.0,201,1712919027252
1262,0.1796875,1.900390625,-0.025390625,0.0,197,1712919027252
1262,0.244140625,1.927734375,0.111328125,0.0,111,1712919027252
1262,0.248046875,1.958984375,0.19921875,0.0,108,1712919027252
1262,0.189453125,1.994140625,0.283203125,0.0,53,1712919027252
1262,2.744140625,0.0,2.669921875,0.0,14,1712919027252
1262,2.552734375,0.0,2.91015625,0.0,16,1712919027252
1262,2.580078125,0.0,3.3359375,0.0,15,1712919027252
1262,-4.068359375,0.98828125,-0.33203125,0.0,14,1712919027252
1262,0.17578125,1.857421875,-0.13671875,0.12520644037889672,18,1712919027252
1262,0.1796875,1.8984375,-0.080078125,0.12520644037889672,21,1712919027252
1262,0.181640625,1.9375,-0.044921875,0.12520644037889672,14,1712919027252
1262,2.634765625,0.0,2.927734375,0.12520644037889672,24,1712919027252
1262,2.552734375,0.0,3.177734375,0.12520644037889672,28,1712919027252
1262,-3.365234375,1.234375,0.185546875,0.12520644037889672,28,1712919027252
1262,-3.400390625,1.197265625,0.400390625,0.12520644037889672,22,1712919027252
1262,-4.068359375,1.041015625,-0.03125,0.12520644037889672,14,1712919027252
1262,-3.216796875,1.5,0.005859375,0.25041288075779344,16,1712919027252
1262,-3.365234375,1.166015625,0.44921875,0.25041288075779344,16,1712919027252
1262,0.29296875,1.79296875,-0.443359375,-0.37561932113669017,23,1712919027252
1262,0.357421875,1.818359375,-0.458984375,-0.37561932113669017,40,1712919027252
1262,0.42578125,1.828125,-0.515625,-0.37561932113669017,47,1712919027252
1262,0.373046875,1.85546875,-0.6015625,-0.37561932113669017,33,1712919027252
1262,0.37890625,1.826171875,-0.783203125,-0.37561932113669017,26,1712919027252
1262,-3.736328125,0.94921875,-1.4609375,-0.37561932113669017,21,1712919027252
1262,-3.900390625,0.875,-1.154296875,-0.37561932113669017,47,1712919027252
1262,-3.9375,0.998046875,-1.068359375,-0.37561932113669017,45,1712919027252
1262,0.224609375,1.767578125,-0.216796875,-0.25041288075779344,15,1712919027252
1262,0.228515625,1.80078125,-0.251953125,-0.25041288075779344,100,1712919027252
1262,0.234375,1.8359375,-0.2734375,-0.25041288075779344,219,1712919027252
1262,0.23828125,1.873046875,-0.27734375,-0.25041288075779344,216,1712919027252
1262,0.3046875,1.912109375,-0.201171875,-0.25041288075779344,164,1712919027252
1262,0.310546875,1.94921875,-0.20703125,-0.25041288075779344,150,1712919027252
1262,0.31640625,1.984375,-0.236328125,-0.25041288075779344,80,1712919027252
1262,-3.900390625,1.125,-0.912109375,-0.25041288075779344,45,1712919027252
1262,-3.9375,1.267578125,-0.7265625,-0.25041288075779344,46,1712919027252
1262,0.224609375,1.779296875,-0.080078125,-0.12520644037889672,25,1712919027252
1262,0.228515625,1.814453125,-0.115234375,-0.12520644037889672,167,1712919027252
1262,0.234375,1.8515625,-0.12890625,-0.12520644037889672,370,1712919027252
1262,0.23828125,1.888671875,-0.134765625,-0.12520644037889672,359,1712919027252
1262,0.244140625,1.931640625,-0.021484375,-0.12520644037889672,221,1712919027252
1262,0.248046875,1.96875,0.0390625,-0.12520644037889672,213,1712919027252
1262,0.251953125,2.00390625,0.1015625,-0.12520644037889672,105,1712919027252
1262,0.0,2.103515625,-0.693359375,-0.12520644037889672,46,1712919027252
1262,0.0,2.140625,-0.703125,-0.12520644037889672,59,1712919027252
1262,-2.962890625,1.7265625,-0.755859375,0.0,11,1712919027252
1262,-3.107421875,1.671875,-0.40234375,0.0,15,1712919027252
1262,-3.365234375,1.2421875,-0.119140625,0.0,15,1712919027252
1262,2.88671875,0.0,3.392578125,0.0,9,1712919027252
1262,-3.072265625,1.626953125,-0.49609375,0.12520644037889672,19,1712919027252
1262,-3.107421875,1.697265625,-0.275390625,0.12520644037889672,27,1712919027252
1262,2.466796875,0.0,-3.51171875,0.12520644037889672,24,1712919027252
1262,2.494140625,0.0,-3.322265625,0.12520644037889672,17,1712919027252
1262,2.755859375,0.0,3.962890625,0.12520644037889672,12,1712919027252
1262,2.552734375,0.0,3.41015625,0.25041288075779344,15,1712919027252
1262,2.35546875,0.0,-3.451171875,0.25041288075779344,13,1712919027252
1262,0.64453125,3.962890625,-0.935546875,-0.37561932113669017,14,1712919027252
1263,0.228515625,1.787109375,-0.33203125,0.0,48,1712919027352
1263,0.234375,1.826171875,-0.328125,0.0,86,1712919027352
1263,0.23828125,1.826171875,-0.501953125,0.0,58,1712919027352
1263,0.181640625,1.921875,-0.24609375,0.0,102,1712919027352
1263,0.185546875,1.974609375,-0.080078125,0.0,118,1712919027352
1263,0.189453125,2.009765625,0.130859375,0.0,64,1712919027352
1263,-3.4765625,0.78515625,-0.419921875,0.0,15,1712919027352
1263,-3.400390625,1.150390625,-0.517578125,0.0,22,1712919027352
1263,-3.435546875,1.162109375,-0.52734375,0.0,17,1712919027352
1263,0.1796875,1.8828125,-0.255859375,0.12520644037889672,22,1712919027352
1263,0.12109375,1.939453125,-0.12109375,0.12520644037889672,25,1712919027352
1263,0.0625,1.984375,-0.037109375,0.12520644037889672,21,1712919027352
1263,0.0,2.12109375,-0.6328125,0.12520644037889672,25,1712919027352
1263,0.0,2.181640625,-0.560546875,0.12520644037889672,21,1712919027352
1263,-3.365234375,1.208984375,-0.314453125,0.12520644037889672,30,1712919027352
1263,-3.400390625,1.21875,-0.330078125,0.12520644037889672,41,1712919027352
1263,-3.435546875,1.21875,-0.373046875,0.12520644037889672,31,1712919027352
1263,-3.4765625,0.86328125,-0.216796875,0.25041288075779344,21,1712919027352
1263,-3.513671875,0.869140625,-0.232421875,0.25041288075779344,26,1712919027352
1263,-3.435546875,1.25390625,-0.228515625,0.25041288075779344,19,1712919027352
1263,0.365234375,1.85546875,-0.4609375,-0.6260322018944836,19,1712919027352
1263,0.34375,1.732421875,-0.48828125,-0.5008257615155869,45,1712919027352
1263,0.3515625,1.77734375,-0.466796875,-0.5008257615155869,112,1712919027352
1263,0.357421875,1.818359375,-0.458984375,-0.5008257615155869,140,1712919027352
1263,0.3046875,1.861328125,-0.486328125,-0.5008257615155869,94,1712919027352
1263,0.373046875,1.8203125,-0.697265625,-0.5008257615155869,47,1712919027352
1263,0.31640625,1.876953125,-0.685546875,-0.5008257615155869,37,1712919027352
1263,0.28125,1.693359375,-0.525390625,-0.37561932113669017,21,1712919027352
1263,0.287109375,1.76171875,-0.416015625,-0.37561932113669017,135,1712919027352
1263,0.3515625,1.79296875,-0.404296875,-0.37561932113669017,315,1712919027352
1263,0.298828125,1.84375,-0.392578125,-0.37561932113669017,359,1712919027352
1263,0.3046875,1.8828125,-0.388671875,-0.37561932113669017,202,1712919027352
1263,0.310546875,1.890625,-0.517578125,-0.37561932113669017,80,1712919027352
1263,0.31640625,1.89453125,-0.638671875,-0.37561932113669017,48,1712919027352
1263,0.224609375,1.73046875,-0.419921875,-0.25041288075779344,23,1712919027352
1263,0.287109375,1.7734375,-0.359375,-0.25041288075779344,134,1712919027352
1263,0.29296875,1.8203125,-0.3203125,-0.25041288075779344,297,1712919027352
1263,0.298828125,1.8671875,-0.2578125,-0.25041288075779344,303,1712919027352
1263,0.244140625,1.9296875,-0.10546875,-0.25041288075779344,176,1712919027352
1263,0.248046875,1.95703125,-0.224609375,-0.25041288075779344,151,1712919027352
1263,0.251953125,2.0,-0.17578125,-0.25041288075779344,81,1712919027352
1263,-3.95703125,0.8046875,-0.615234375,-0.25041288075779344,29,1712919027352
1263,-3.865234375,1.224609375,-0.74609375,-0.25041288075779344,48,1712919027352
1263,-3.900390625,1.20703125,-0.80078125,-0.25041288075779344,44,1712919027352
1263,0.16796875,1.75,-0.359375,-0.12520644037889672,20,1712919027352
1263,0.228515625,1.7734375,-0.400390625,-0.12520644037889672,91,1712919027352
1263,0.234375,1.814453125,-0.388671875,-0.12520644037889672,152,1712919027352
1263,0.298828125,1.859375,-0.31640625,-0.12520644037889672,41,1712919027352
1263,0.181640625,1.9296875,-0.1796875,-0.12520644037889672,177,1712919027352
1263,0.185546875,1.96875,-0.1796875,-0.12520644037889672,222,1712919027352
1263,0.189453125,2.013671875,0.001953125,-0.12520644037889672,118,1712919027352
1263,-3.994140625,0.71484375,-0.732421875,-0.12520644037889672,36,1712919027352
1263,-3.900390625,1.251953125,-0.728515625,-0.12520644037889672,37,1712919027352
1263,2.466796875,0.0,2.978515625,0.0,12,1712919027352
1263,2.494140625,0.0,3.091796875,0.0,16,1712919027352
1263,2.51953125,0.0,3.1171875,0.0,12,1712919027352
1263,2.35546875,0.0,3.259765625,0.12520644037889672,21,1712919027352
1263,2.494140625,0.0,3.181640625,0.12520644037889672,30,1712919027352
1263,2.51953125,0.0,3.203125,0.12520644037889672,21,1712919027352
1263,2.35546875,0.0,3.40625,0.25041288075779344,15,1712919027352
1263,2.494140625,0.0,3.392578125,0.25041288075779344,19,1712919027352
1263,2.404296875,0.0,3.302734375,0.25041288075779344,12,1712919027352
1263,0.509765625,3.96875,-0.8203125,-0.25041288075779344,16,1712919027352
1263,-1.849609375,0.46484375,-0.09375,-0.12520644037889672,24,1712919027352
1264,0.16796875,1.783203125,-0.111328125,0.0,9,1712919027453
1264,0.171875,1.822265625,-0.0703125,0.0,29,1712919027453
1264,0.17578125,1.859375,-0.091796875,0.0,63,1712919027453
1264,0.119140625,1.900390625,-0.126953125,0.0,114,1712919027453
1264,0.12109375,1.9375,-0.146484375,0.0,142,1712919027453
1264,0.125,1.978515625,-0.11328125,0.0,109,1712919027453
1264,0.126953125,2.01953125,-0.05078125,0.0,47,1712919027453
1264,0.0,2.044921875,-0.8515625,0.0,20,1712919027453
1264,0.0,2.111328125,-0.787109375,0.0,29,1712919027453
1264,0.0,2.15625,-0.7734375,0.0,22,1712919027453
1264,-3.400390625,1.166015625,-0.484375,0.0,17,1712919027453
1264,-3.55078125,0.7265625,-0.546875,0.0,15,1712919027453
1264,0.0,1.77734375,0.4453125,0.12520644037889672,15,1712919027453
1264,0.0,1.849609375,0.283203125,0.12520644037889672,24,1712919027453
1264,0.060546875,1.908203125,-0.013671875,0.12520644037889672,34,1712919027453
1264,0.060546875,1.9453125,-0.06640625,0.12520644037889672,40,1712919027453
1264,0.0625,1.9765625,-0.18359375,0.12520644037889672,25,1712919027453
1264,0.0,2.10546875,-0.685546875,0.12520644037889672,41,1712919027453
1264,0.0,2.15234375,-0.6640625,0.12520644037889672,61,1712919027453
1264,0.0,2.19921875,-0.640625,0.12520644037889672,45,1712919027453
1264,-3.4765625,0.880859375,-0.126953125,0.12520644037889672,20,1712919027453
1264,-3.400390625,1.248046875,-0.181640625,0.12520644037889672,32,1712919027453
1264,-3.55078125,0.8828125,-0.212890625,0.12520644037889672,26,1712919027453
1264,0.0,2.150390625,-0.525390625,0.25041288075779344,35,1712919027453
1264,0.0,2.1953125,-0.505859375,0.25041288075779344,52,1712919027453
1264,0.0,2.240234375,-0.474609375,0.25041288075779344,39,1712919027453
1264,0.29296875,1.8203125,-0.318359375,-0.7512386422733803,14,1712919027453
1264,0.298828125,1.8359375,-0.431640625,-0.7512386422733803,19,1712919027453
1264,0.3046875,1.85546875,-0.5078125,-0.7512386422733803,17,1712919027453
1264,0.234375,1.7109375,-0.71875,-0.6260322018944836,29,1712919027453
1264,0.23828125,1.78515625,-0.634765625,-0.6260322018944836,27,1712919027453
1264,0.3046875,1.8359375,-0.57421875,-0.6260322018944836,18,1712919027453
1264,0.28125,1.68359375,-0.5546875,-0.5008257615155869,19,1712919027453
1264,0.287109375,1.775390625,-0.349609375,-0.5008257615155869,60,1712919027453
1264,0.29296875,1.8046875,-0.392578125,-0.5008257615155869,101,1712919027453
1264,0.23828125,1.84375,-0.427734375,-0.5008257615155869,89,1712919027453
1264,0.244140625,1.8671875,-0.494140625,-0.5008257615155869,32,1712919027453
1264,0.28125,1.728515625,-0.38671875,-0.37561932113669017,89,1712919027453
1264,0.287109375,1.77734375,-0.337890625,-0.37561932113669017,205,1712919027453
1264,0.29296875,1.826171875,-0.283203125,-0.37561932113669017,220,1712919027453
1264,0.298828125,1.873046875,-0.20703125,-0.37561932113669017,111,1712919027453
1264,0.181640625,1.896484375,-0.40234375,-0.37561932113669017,27,1712919027453
1264,0.185546875,1.86328125,-0.66015625,-0.37561932113669017,25,1712919027453
1264,0.224609375,1.75,-0.328125,-0.25041288075779344,91,1712919027453
1264,0.287109375,1.77734375,-0.337890625,-0.25041288075779344,225,1712919027453
1264,0.234375,1.826171875,-0.3359375,-0.25041288075779344,249,1712919027453
1264,0.1796875,1.859375,-0.392578125,-0.25041288075779344,114,1712919027453
1264,0.181640625,1.87890625,-0.47265625,-0.25041288075779344,122,1712919027453
1264,0.185546875,1.9296875,-0.423828125,-0.25041288075779344,123,1712919027453
1264,0.189453125,1.970703125,-0.419921875,-0.25041288075779344,62,1712919027453
1264,0.16796875,1.732421875,-0.435546875,-0.12520644037889672,29,1712919027453
1264,0.171875,1.7890625,-0.359375,-0.12520644037889672,90,1712919027453
1264,0.17578125,1.837890625,-0.3046875,-0.12520644037889672,144,1712919027453
1264,0.119140625,1.888671875,-0.244140625,-0.12520644037889672,206,1712919027453
1264,0.12109375,1.92578125,-0.259765625,-0.12520644037889672,270,1712919027453
1264,0.125,1.96484375,-0.255859375,-0.12520644037889672,216,1712919027453
1264,0.126953125,2.005859375,-0.2265625,-0.12520644037889672,95,1712919027453
1264,2.380859375,0.0,3.1875,0.0,11,1712919027453
1264,2.51953125,0.0,3.234375,0.0,9,1712919027453
1264,2.35546875,0.0,3.1953125,0.12520644037889672,13,1712919027453
1264,2.380859375,0.0,3.287109375,0.12520644037889672,21,1712919027453
1264,2.404296875,0.0,3.4453125,0.12520644037889672,16,1712919027453
1264,1.216796875,0.0,1.603515625,-0.37561932113669017,14,1712919027453
1265,0.16796875,1.744140625,-0.390625,0.0,27,1712919027553
1265,0.171875,1.7421875,-0.5390625,0.0,33,1712919027553
1265,0.17578125,1.830078125,-0.341796875,0.0,33,1712919027553
1265,0.060546875,1.884765625,-0.29296875,0.0,71,1712919027553
1265,0.060546875,1.908203125,-0.384765625,0.0,79,1712919027553
1265,0.125,1.94140625,-0.392578125,0.0,46,1712919027553
1265,0.0,1.87109375,0.0,0.12520644037889672,31,1712919027553
1265,0.060546875,1.908203125,-0.01953125,0.12520644037889672,34,1712919027553
1265,0.060546875,1.943359375,-0.10546875,0.12520644037889672,32,1712919027553
1265,0.0,1.98046875,-0.1484375,0.12520644037889672,27,1712919027553
1265,-3.626953125,0.0,0.0,0.12520644037889672,21,1712919027553
1265,-3.55078125,0.90625,-0.06640625,0.12520644037889672,25,1712919027553
1265,0.16796875,1.736328125,-0.41796875,-0.5008257615155869,38,1712919027553
1265,0.228515625,1.751953125,-0.48828125,-0.5008257615155869,74,1712919027553
1265,0.234375,1.763671875,-0.576171875,-0.5008257615155869,61,1712919027553
1265,0.1796875,1.78125,-0.6640625,-0.5008257615155869,20,1712919027553
1265,0.21875,1.69140625,-0.416015625,-0.37561932113669017,42,1712919027553
1265,0.224609375,1.732421875,-0.41015625,-0.37561932113669017,178,1712919027553
1265,0.228515625,1.765625,-0.435546875,-0.37561932113669017,321,1712919027553
1265,0.17578125,1.8046875,-0.458984375,-0.37561932113669017,284,1712919027553
1265,0.1796875,1.833984375,-0.49609375,-0.37561932113669017,125,1712919027553
1265,0.12109375,1.88671875,-0.46875,-0.37561932113669017,26,1712919027553
1265,0.21875,1.708984375,-0.34375,-0.25041288075779344,72,1712919027553
1265,0.224609375,1.748046875,-0.333984375,-0.25041288075779344,275,1712919027553
1265,0.228515625,1.78515625,-0.341796875,-0.25041288075779344,463,1712919027553
1265,0.17578125,1.830078125,-0.341796875,-0.25041288075779344,377,1712919027553
1265,0.1796875,1.876953125,-0.29296875,-0.25041288075779344,109,1712919027553
1265,0.12109375,1.73828125,-0.8671875,-0.25041288075779344,39,1712919027553
1265,0.125,1.876953125,-0.6328125,-0.25041288075779344,54,1712919027553
1265,0.189453125,1.931640625,-0.5703125,-0.25041288075779344,38,1712919027553
1265,-3.830078125,0.0,-1.59375,-0.25041288075779344,24,1712919027553
1265,-3.994140625,0.0,-1.345703125,-0.25041288075779344,28,1712919027553
1265,0.21875,1.71484375,-0.302734375,-0.12520644037889672,45,1712919027553
1265,0.224609375,1.759765625,-0.267578125,-0.12520644037889672,162,1712919027553
1265,0.228515625,1.798828125,-0.267578125,-0.12520644037889672,251,1712919027553
1265,0.17578125,1.84765625,-0.232421875,-0.12520644037889672,147,1712919027553
1265,0.060546875,1.810546875,-0.603515625,-0.12520644037889672,68,1712919027553
1265,0.12109375,1.876953125,-0.505859375,-0.12520644037889672,149,1712919027553
1265,0.125,1.919921875,-0.4921875,-0.12520644037889672,110,1712919027553
1265,0.126953125,1.97265625,-0.435546875,-0.12520644037889672,60,1712919027553
1265,-4.083984375,0.0,-1.4296875,-0.12520644037889672,24,1712919027553
1265,-3.994140625,0.0,-1.0625,-0.12520644037889672,33,1712919027553
1265,-4.03125,0.4296875,-0.939453125,-0.12520644037889672,27,1712919027553
1265,-0.33984375,3.603515625,-0.240234375,0.12520644037889672,11,1712919027553
1265,-0.595703125,1.169921875,1.384765625,-0.5008257615155869,12,1712919027553
1265,-0.669921875,1.1484375,1.421875,-0.37561932113669017,19,1712919027553
1265,0.255859375,4.046875,-0.49609375,-0.12520644037889672,13,1712919027553
1266,0.16015625,1.6640625,-0.39453125,0.0,22,1712919027653
1266,0.1640625,1.732421875,-0.2421875,0.0,88,1712919027653
1266,0.111328125,1.78125,-0.181640625,0.0,153,1712919027653
1266,0.115234375,1.822265625,-0.1484375,0.0,144,1712919027653
1266,0.1171875,1.861328125,-0.140625,0.0,76,1712919027653
1266,0.119140625,1.904296875,-0.078125,0.0,24,1712919027653
1266,-3.439453125,0.6875,-0.548828125,0.0,10,1712919027653
1266,0.115234375,1.826171875,-0.103515625,0.12520644037889672,25,1712919027653
1266,0.1171875,1.865234375,-0.0625,0.12520644037889672,24,1712919027653
1266,0.0,1.908203125,0.03515625,0.12520644037889672,21,1712919027653
1266,0.0,1.9453125,0.07421875,0.12520644037889672,21,1712919027653
1266,-3.328125,1.087890625,-0.5859375,0.12520644037889672,17,1712919027653
1266,-0.072265625,2.21484375,-0.716796875,0.37561932113669017,19,1712919027653
1266,0.1640625,1.662109375,-0.5390625,-0.37561932113669017,29,1712919027653
1266,0.16796875,1.68359375,-0.599609375,-0.37561932113669017,63,1712919027653
1266,0.115234375,1.72265625,-0.615234375,-0.37561932113669017,70,1712919027653
1266,0.1171875,1.7578125,-0.630859375,-0.37561932113669017,42,1712919027653
1266,0.21875,1.701171875,-0.376953125,-0.25041288075779344,54,1712919027653
1266,0.16796875,1.744140625,-0.384765625,-0.25041288075779344,121,1712919027653
1266,0.171875,1.7734375,-0.431640625,-0.25041288075779344,160,1712919027653
1266,0.1171875,1.806640625,-0.47265625,-0.25041288075779344,110,1712919027653
1266,0.119140625,1.857421875,-0.427734375,-0.25041288075779344,37,1712919027653
1266,0.12109375,1.91796875,-0.3125,-0.25041288075779344,21,1712919027653
1266,0.125,1.9453125,-0.373046875,-0.25041288075779344,15,1712919027653
1266,0.21484375,1.6328125,-0.48828125,-0.12520644037889672,38,1712919027653
1266,0.1640625,1.71484375,-0.33984375,-0.12520644037889672,144,1712919027653
1266,0.16796875,1.765625,-0.271484375,-0.12520644037889672,259,1712919027653
1266,0.171875,1.806640625,-0.255859375,-0.12520644037889672,254,1712919027653
1266,0.1171875,1.845703125,-0.275390625,-0.12520644037889672,147,1712919027653
1266,0.119140625,1.89453125,-0.203125,-0.12520644037889672,63,1712919027653
1266,0.12109375,1.9375,-0.142578125,-0.12520644037889672,50,1712919027653
1266,0.0625,1.97265625,-0.2109375,-0.12520644037889672,39,1712919027653
1266,0.0625,2.001953125,-0.29296875,-0.12520644037889672,23,1712919027653
1266,2.552734375,1.04296875,2.23828125,0.0,7,1712919027653
1266,2.44140625,0.544921875,2.51953125,0.12520644037889672,11,1712919027653
1267,0.0546875,1.7109375,-0.396484375,0.0,17,1712919027754
1267,0.056640625,1.720703125,-0.5078125,0.0,23,1712919027754
1267,0.115234375,1.771484375,-0.453125,0.0,19,1712919027754
1267,0.0,1.908203125,-0.0078125,0.0,26,1712919027754
1267,0.0,1.9453125,-0.08984375,0.0,34,1712919027754
1267,0.0,1.984375,-0.029296875,0.0,23,1712919027754
1267,-3.29296875,0.802734375,-0.921875,0.0,19,1712919027754
1267,-3.328125,0.7734375,-0.96484375,0.0,27,1712919027754
1267,-3.365234375,0.837890625,-0.92578125,0.0,21,1712919027754
1267,0.0,1.83203125,0.021484375,0.12520644037889672,34,1712919027754
1267,0.0,1.869140625,-0.05859375,0.12520644037889672,70,1712919027754
1267,0.0,1.908203125,-0.05078125,0.12520644037889672,104,1712919027754
1267,0.0,1.947265625,-0.009765625,0.12520644037889672,106,1712919027754
1267,0.0,1.984375,0.02734375,0.12520644037889672,63,1712919027754
1267,-3.29296875,0.96875,-0.74609375,0.12520644037889672,35,1712919027754
1267,-3.328125,1.001953125,-0.72265625,0.12520644037889672,53,1712919027754
1267,-3.365234375,1.001953125,-0.74609375,0.12520644037889672,39,1712919027754
1267,0.0,1.869140625,0.05078125,0.25041288075779344,25,1712919027754
1267,0.0,1.90625,0.099609375,0.25041288075779344,36,1712919027754
1267,0.0,1.943359375,0.130859375,0.25041288075779344,37,1712919027754
1267,0.0,1.97265625,0.21484375,0.25041288075779344,22,1712919027754
1267,-3.29296875,1.142578125,-0.43359375,0.25041288075779344,22,1712919027754
1267,-3.328125,1.16015625,-0.423828125,0.25041288075779344,34,1712919027754
1267,-3.4765625,0.76953125,-0.447265625,0.25041288075779344,23,1712919027754
1267,0.0546875,1.63671875,-0.6328125,-0.25041288075779344,21,1712919027754
1267,0.056640625,1.66015625,-0.6796875,-0.25041288075779344,31,1712919027754
1267,0.056640625,1.734375,-0.58984375,-0.25041288075779344,33,1712919027754
1267,0.05859375,1.794921875,-0.5234375,-0.25041288075779344,29,1712919027754
1267,0.060546875,1.849609375,-0.470703125,-0.25041288075779344,25,1712919027754
1267,0.0546875,1.66015625,-0.572265625,-0.12520644037889672,32,1712919027754
1267,0.0,1.68359375,-0.62109375,-0.12520644037889672,47,1712919027754
1267,0.056640625,1.767578125,-0.484375,-0.12520644037889672,66,1712919027754
1267,0.05859375,1.828125,-0.392578125,-0.12520644037889672,71,1712919027754
1267,0.0,1.880859375,-0.32421875,-0.12520644037889672,66,1712919027754
1267,0.060546875,1.921875,-0.30859375,-0.12520644037889672,54,1712919027754
1267,0.0,1.962890625,-0.296875,-0.12520644037889672,28,1712919027754
1267,-4.046875,0.0,-0.330078125,-0.12520644037889672,23,1712919027754
1267,-4.083984375,0.0,-0.34375,-0.12520644037889672,22,1712919027754
1267,-0.572265625,1.181640625,1.279296875,0.0,10,1712919027754
1267,2.4140625,0.0,2.57421875,0.0,13,1712919027754
1267,2.552734375,0.3671875,2.44140625,0.0,19,1712919027754
1267,2.466796875,0.43359375,2.5703125,0.0,13,1712919027754
1267,2.3046875,0.0,2.671875,0.12520644037889672,23,1712919027754
1267,2.44140625,0.0,2.70703125,0.12520644037889672,33,1712919027754
1267,2.466796875,0.0,2.791015625,0.12520644037889672,22,1712919027754
1267,2.3046875,0.0,2.962890625,0.25041288075779344,15,1712919027754
1267,2.44140625,0.0,2.9140625,0.25041288075779344,21,1712919027754
1267,2.35546875,0.0,2.978515625,0.25041288075779344,13,1712919027754
1267,-2.529296875,0.0,3.833984375,-0.12520644037889672,12,1712919027754
1268,0.0546875,1.6953125,-0.453125,0.0,25,1712919027854
1268,0.056640625,1.759765625,-0.34375,0.0,60,1712919027854
1268,0.0,1.822265625,-0.193359375,0.0,136,1712919027854
1268,0.0,1.865234375,-0.1484375,0.0,244,1712919027854
1268,0.060546875,1.900390625,-0.16796875,0.0,315,1712919027854
1268,0.0,1.9375,-0.193359375,0.0,292,1712919027854
1268,0.0,1.974609375,-0.19921875,0.0,160,1712919027854
1268,0.0,2.01953125,-0.115234375,0.0,51,1712919027854
1268,0.0,2.060546875,-0.0546875,0.0,26,1712919027854
1268,0.052734375,1.671875,-0.388671875,0.12520644037889672,19,1712919027854
1268,0.109375,1.71875,-0.34375,0.12520644037889672,63,1712919027854
1268,0.056640625,1.77734375,-0.240234375,0.12520644037889672,135,1712919027854
1268,0.0,1.830078125,-0.08984375,0.12520644037889672,274,1712919027854
1268,0.0,1.87109375,-0.0390625,0.12520644037889672,466,1712919027854
1268,0.0,1.908203125,-0.05078125,0.12520644037889672,614,1712919027854
1268,0.0,1.9453125,-0.07421875,0.12520644037889672,561,1712919027854
1268,0.0,1.982421875,-0.0859375,0.12520644037889672,306,1712919027854
1268,0.0,2.0234375,-0.015625,0.12520644037889672,96,1712919027854
1268,0.0,2.060546875,0.08203125,0.12520644037889672,49,1712919027854
1268,0.109375,1.736328125,-0.232421875,0.25041288075779344,25,1712919027854
1268,0.0,1.791015625,-0.10546875,0.25041288075779344,56,1712919027854
1268,0.0,1.83203125,0.03125,0.25041288075779344,124,1712919027854
1268,0.0,1.869140625,0.08203125,0.25041288075779344,217,1712919027854
1268,0.0,1.908203125,0.072265625,0.25041288075779344,284,1712919027854
1268,0.0,1.947265625,0.048828125,0.25041288075779344,257,1712919027854
1268,-0.0625,1.982421875,0.060546875,0.25041288075779344,140,1712919027854
1268,-0.126953125,2.015625,0.12890625,0.25041288075779344,45,1712919027854
1268,-3.328125,1.064453125,-0.626953125,0.25041288075779344,33,1712919027854
1268,-3.365234375,1.138671875,-0.513671875,0.25041288075779344,32,1712919027854
1268,0.0,1.814453125,-0.45703125,-0.25041288075779344,17,1712919027854
1268,0.0,1.859375,-0.43359375,-0.25041288075779344,21,1712919027854
1268,0.109375,1.654296875,-0.58203125,-0.12520644037889672,20,1712919027854
1268,0.111328125,1.716796875,-0.51171875,-0.12520644037889672,32,1712919027854
1268,0.115234375,1.78125,-0.412109375,-0.12520644037889672,34,1712919027854
1268,0.0,1.8359375,-0.357421875,-0.12520644037889672,38,1712919027854
1268,0.0,1.8828125,-0.314453125,-0.12520644037889672,45,1712919027854
1268,0.0,1.91796875,-0.330078125,-0.12520644037889672,41,1712919027854
1268,0.0,1.94921875,-0.373046875,-0.12520644037889672,23,1712919027854
1268,2.44140625,0.0,2.79296875,0.25041288075779344,19,1712919027854
1268,2.466796875,0.0,2.876953125,0.25041288075779344,19,1712919027854
1269,-0.052734375,1.546875,-0.744140625,0.0,10,1712919027955
1269,0.0,1.5703125,-0.787109375,0.0,27,1712919027955
1269,0.0,1.5546875,-0.896484375,0.0,42,1712919027955
1269,0.0,1.75,-0.541015625,0.0,65,1712919027955
1269,0.0,1.853515625,-0.259765625,0.0,97,1712919027955
1269,0.0,1.888671875,-0.271484375,0.0,142,1712919027955
1269,-0.060546875,1.921875,-0.30078125,0.0,231,1712919027955
1269,0.0,1.96484375,-0.2890625,0.0,227,1712919027955
1269,0.0,2.005859375,-0.263671875,0.0,115,1712919027955
1269,0.0,2.0546875,-0.169921875,0.0,28,1712919027955
1269,0.0,1.533203125,-0.7734375,0.12520644037889672,17,1712919027955
1269,0.0546875,1.53125,-0.857421875,0.12520644037889672,62,1712919027955
1269,0.111328125,1.556640625,-0.884765625,0.12520644037889672,120,1712919027955
1269,0.0,1.76171875,-0.501953125,0.12520644037889672,178,1712919027955
1269,-0.05859375,1.857421875,-0.2109375,0.12520644037889672,245,1712919027955
1269,-0.060546875,1.900390625,-0.1640625,0.12520644037889672,331,1712919027955
1269,-0.060546875,1.9375,-0.17578125,0.12520644037889672,533,1712919027955
1269,-0.0625,1.9765625,-0.162109375,0.12520644037889672,527,1712919027955
1269,-0.0625,2.017578125,-0.130859375,0.12520644037889672,265,1712919027955
1269,-0.064453125,2.060546875,-0.037109375,0.12520644037889672,67,1712919027955
1269,0.0,1.578125,-0.6796875,0.25041288075779344,18,1712919027955
1269,0.0546875,1.615234375,-0.685546875,0.25041288075779344,75,1712919027955
1269,0.056640625,1.669921875,-0.654296875,0.25041288075779344,145,1712919027955
1269,0.056640625,1.7734375,-0.453125,0.25041288075779344,207,1712919027955
1269,0.0,1.861328125,-0.193359375,0.25041288075779344,256,1712919027955
1269,-0.060546875,1.90625,-0.0546875,0.25041288075779344,302,1712919027955
1269,-0.060546875,1.9453125,-0.046875,0.25041288075779344,485,1712919027955
1269,-0.0625,1.984375,-0.03515625,0.25041288075779344,484,1712919027955
1269,0.0,2.0234375,-0.00390625,0.25041288075779344,244,1712919027955
1269,-0.064453125,2.05859375,0.099609375,0.25041288075779344,63,1712919027955
1269,0.0546875,1.689453125,-0.478515625,0.37561932113669017,29,1712919027955
1269,0.056640625,1.7265625,-0.486328125,0.37561932113669017,57,1712919027955
1269,0.056640625,1.794921875,-0.369140625,0.37561932113669017,79,1712919027955
1269,0.0,1.861328125,-0.181640625,0.37561932113669017,84,1712919027955
1269,-0.060546875,1.908203125,0.04296875,0.37561932113669017,82,1712919027955
1269,-0.060546875,1.9453125,0.076171875,0.37561932113669017,129,1712919027955
1269,-0.0625,1.982421875,0.087890625,0.37561932113669017,128,1712919027955
1269,-0.0625,2.017578125,0.130859375,0.37561932113669017,66,1712919027955
1269,-3.365234375,1.013671875,-0.728515625,0.37561932113669017,19,1712919027955
1269,-0.056640625,1.7265625,-0.61328125,-0.12520644037889672,20,1712919027955
1269,0.0,1.810546875,-0.47265625,-0.12520644037889672,22,1712919027955
1269,0.0,1.86328125,-0.41796875,-0.12520644037889672,30,1712919027955
1269,0.0,1.900390625,-0.421875,-0.12520644037889672,48,1712919027955
1269,0.0,1.943359375,-0.40625,-0.12520644037889672,48,1712919027955
1269,0.0,1.99609375,-0.333984375,-0.12520644037889672,24,1712919027955
1270,0.0,1.630859375,-0.748046875,0.0,16,1712919028055
1270,0.056640625,1.67578125,-0.73828125,0.0,27,1712919028055
1270,0.0,1.75,-0.66015625,0.0,37,1712919028055
1270,0.0,1.84375,-0.4921875,0.0,50,1712919028055
1270,-0.060546875,1.888671875,-0.47265625,0.0,53,1712919028055
1270,-0.0625,1.904296875,-0.55859375,0.0,57,1712919028055
1270,-0.0625,1.919921875,-0.638671875,0.0,31,1712919028055
1270,0.056640625,1.71875,-0.513671875,0.12520644037889672,28,1712919028055
1270,0.056640625,1.71484375,-0.64453125,0.12520644037889672,44,1712919028055
1270,-0.05859375,1.787109375,-0.55078125,0.12520644037889672,70,1712919028055
1270,-0.060546875,1.87109375,-0.376953125,0.12520644037889672,95,1712919028055
1270,-0.12109375,1.919921875,-0.30078125,0.12520644037889672,88,1712919028055
1270,-0.125,1.962890625,-0.271484375,0.12520644037889672,88,1712919028055
1270,-0.126953125,2.001953125,-0.271484375,0.12520644037889672,65,1712919028055
1270,-0.12890625,2.0390625,-0.27734375,0.12520644037889672,30,1712919028055
1270,0.0546875,1.7109375,-0.390625,0.25041288075779344,27,1712919028055
1270,0.056640625,1.736328125,-0.44921875,0.25041288075779344,106,1712919028055
1270,0.056640625,1.767578125,-0.48046875,0.25041288075779344,178,1712919028055
1270,0.0,1.828125,-0.396484375,0.25041288075779344,249,1712919028055
1270,-0.119140625,1.888671875,-0.251953125,0.25041288075779344,327,1712919028055
1270,-0.060546875,1.9375,-0.173828125,0.25041288075779344,322,1712919028055
1270,-0.125,1.97265625,-0.18359375,0.25041288075779344,340,1712919028055
1270,-0.126953125,2.01171875,-0.16796875,0.25041288075779344,216,1712919028055
1270,-0.12890625,2.056640625,-0.05859375,0.25041288075779344,66,1712919028055
1270,0.0,1.728515625,-0.306640625,0.37561932113669017,22,1712919028055
1270,0.056640625,1.76171875,-0.330078125,0.37561932113669017,95,1712919028055
1270,0.056640625,1.798828125,-0.341796875,0.37561932113669017,166,1712919028055
1270,-0.05859375,1.84765625,-0.291015625,0.37561932113669017,217,1712919028055
1270,-0.119140625,1.900390625,-0.134765625,0.37561932113669017,274,1712919028055
1270,-0.12109375,1.94140625,-0.068359375,0.37561932113669017,273,1712919028055
1270,-0.125,1.98046875,-0.083984375,0.37561932113669017,292,1712919028055
1270,-0.126953125,2.017578125,-0.06640625,0.37561932113669017,179,1712919028055
1270,-0.12890625,2.0546875,0.111328125,0.37561932113669017,45,1712919028055
1270,0.06640625,2.095703125,0.099609375,0.37561932113669017,21,1712919028055
1270,-3.4765625,0.0,-0.892578125,0.37561932113669017,35,1712919028055
1270,-3.400390625,1.01171875,-0.75390625,0.37561932113669017,40,1712919028055
1270,0.0,1.78515625,-0.189453125,0.5008257615155869,20,1712919028055
1270,0.0,1.82421875,-0.17578125,0.5008257615155869,39,1712919028055
1270,-0.05859375,1.86328125,-0.150390625,0.5008257615155869,46,1712919028055
1270,-0.119140625,1.904296875,-0.029296875,0.5008257615155869,50,1712919028055
1270,-0.12109375,1.943359375,0.013671875,0.5008257615155869,51,1712919028055
1270,-0.0625,1.984375,0.00390625,0.5008257615155869,56,1712919028055
1270,-0.126953125,2.01953125,-0.02734375,0.5008257615155869,33,1712919028055
1270,-3.587890625,0.0,-0.697265625,0.5008257615155869,19,1712919028055
1270,-3.513671875,0.693359375,-0.57421875,0.5008257615155869,21,1712919028055
1270,0.0,1.626953125,-0.923828125,-0.12520644037889672,16,1712919028055
1270,0.0,1.771484375,-0.7109375,-0.12520644037889672,21,1712919028055
1270,0.0,1.83203125,-0.65625,-0.12520644037889672,21,1712919028055
1270,0.0,1.88671875,-0.62109375,-0.12520644037889672,22,1712919028055
1271,-0.1171875,1.76953125,-0.59375,0.0,15,1712919028155
1271,-0.060546875,1.8671875,-0.390625,0.0,25,1712919028155
1271,-0.12109375,1.931640625,-0.203125,0.0,21,1712919028155
1271,-0.0625,1.92578125,-0.478515625,0.0,35,1712919028155
1271,-0.0625,1.98046875,-0.40625,0.0,44,1712919028155
1271,0.0,2.037109375,-0.3203125,0.0,23,1712919028155
1271,0.0,1.66015625,-0.677734375,0.12520644037889672,53,1712919028155
1271,0.056640625,1.7265625,-0.611328125,0.12520644037889672,156,1712919028155
1271,0.0,1.77734375,-0.580078125,0.12520644037889672,237,1712919028155
1271,0.0,1.82421875,-0.560546875,0.12520644037889672,201,1712919028155
1271,0.0,1.8671875,-0.552734375,0.12520644037889672,124,1712919028155
1271,-0.125,1.91015625,-0.529296875,0.12520644037889672,103,1712919028155
1271,-0.126953125,1.9609375,-0.478515625,0.12520644037889672,90,1712919028155
1271,-0.064453125,2.01171875,-0.447265625,0.12520644037889672,48,1712919028155
1271,0.0,1.705078125,-0.55859375,0.25041288075779344,94,1712919028155
1271,0.056640625,1.763671875,-0.494140625,0.25041288075779344,302,1712919028155
1271,0.0,1.810546875,-0.47265625,0.25041288075779344,481,1712919028155
1271,0.0,1.849609375,-0.470703125,0.25041288075779344,436,1712919028155
1271,-0.060546875,1.892578125,-0.455078125,0.25041288075779344,317,1712919028155
1271,-0.125,1.951171875,-0.337890625,0.25041288075779344,321,1712919028155
1271,-0.126953125,2.00390625,-0.251953125,0.25041288075779344,327,1712919028155
1271,-0.064453125,2.046875,-0.240234375,0.25041288075779344,169,1712919028155
1271,0.0,2.080078125,-0.28515625,0.25041288075779344,29,1712919028155
1271,0.0,1.734375,-0.458984375,0.37561932113669017,52,1712919028155
1271,0.0,1.791015625,-0.38671875,0.37561932113669017,176,1712919028155
1271,0.0,1.833984375,-0.369140625,0.37561932113669017,284,1712919028155
1271,0.0,1.873046875,-0.36328125,0.37561932113669017,282,1712919028155
1271,-0.12109375,1.916015625,-0.3203125,0.37561932113669017,237,1712919028155
1271,-0.125,1.970703125,-0.1953125,0.37561932113669017,277,1712919028155
1271,-0.0625,2.01953125,-0.111328125,0.37561932113669017,297,1712919028155
1271,-0.064453125,2.056640625,-0.115234375,0.37561932113669017,152,1712919028155
1271,0.0,2.0703125,-0.35546875,0.37561932113669017,17,1712919028155
1271,-3.626953125,0.0,-0.7890625,0.37561932113669017,37,1712919028155
1271,-3.6640625,0.0,-0.794921875,0.37561932113669017,44,1712919028155
1271,-3.587890625,0.458984375,-0.794921875,0.37561932113669017,21,1712919028155
1271,3.390625,1.5546875,0.2890625,0.37561932113669017,26,1712919028155
1271,3.54296875,1.314453125,-0.009765625,0.37561932113669017,44,1712919028155
1271,3.578125,1.326171875,-0.0625,0.37561932113669017,33,1712919028155
1271,0.0,1.83984375,-0.337890625,0.5008257615155869,22,1712919028155
1271,-0.119140625,1.904296875,-0.04296875,0.5008257615155869,37,1712919028155
1271,-0.181640625,1.9375,0.08203125,0.5008257615155869,44,1712919028155
1271,-0.125,1.98046875,-0.068359375,0.5008257615155869,60,1712919028155
1271,-0.126953125,2.01953125,0.001953125,0.5008257615155869,70,1712919028155
1271,-0.12890625,2.056640625,-0.029296875,0.5008257615155869,33,1712919028155
1271,-3.6640625,0.0,-0.544921875,0.5008257615155869,21,1712919028155
1271,3.54296875,1.271484375,0.337890625,0.5008257615155869,30,1712919028155
1271,3.578125,1.28125,0.3515625,0.5008257615155869,23,1712919028155
1271,3.8828125,0.0,-1.181640625,-0.12520644037889672,17,1712919028155
1271,3.79296875,0.6640625,-1.2421875,-0.12520644037889672,19,1712919028155
1271,-1.115234375,0.474609375,1.71484375,0.25041288075779344,17,1712919028155
1271,-1.115234375,0.0,1.912109375,0.37561932113669017,13,1712919028155
1271,-0.34765625,3.68359375,-0.16796875,0.37561932113669017,12,1712919028155
1271,-0.458984375,3.634765625,-0.078125,0.5008257615155869,11,1712919028155
1271,-2.630859375,0.978515625,2.861328125,-0.12520644037889672,11,1712919028155
1271,-2.78125,0.0,3.005859375,-0.12520644037889672,11,1712919028155
1272,0.0,1.751953125,-0.654296875,0.0,23,1712919028255
1272,-0.060546875,1.822265625,-0.5625,0.0,44,1712919028255
1272,-0.12109375,1.8828125,-0.4765625,0.0,59,1712919028255
1272,-0.125,1.931640625,-0.44140625,0.0,65,1712919028255
1272,-0.126953125,1.974609375,-0.41796875,0.0,62,1712919028255
1272,-0.12890625,2.021484375,-0.37890625,0.0,47,1712919028255
1272,-0.130859375,2.064453125,-0.359375,0.0,22,1712919028255
1272,0.0,1.71875,-0.63671875,0.12520644037889672,43,1712919028255
1272,-0.05859375,1.763671875,-0.62109375,0.12520644037889672,81,1712919028255
1272,0.0,1.818359375,-0.583984375,0.12520644037889672,83,1712919028255
1272,-0.12109375,1.873046875,-0.515625,0.12520644037889672,68,1712919028255
1272,-0.185546875,1.93359375,-0.40625,0.12520644037889672,72,1712919028255
1272,-0.189453125,1.982421875,-0.353515625,0.12520644037889672,79,1712919028255
1272,-0.12890625,2.033203125,-0.30859375,0.12520644037889672,69,1712919028255
1272,-0.197265625,2.0625,-0.337890625,0.12520644037889672,36,1712919028255
1272,0.0,1.76171875,-0.337890625,0.25041288075779344,17,1712919028255
1272,0.0,1.759765625,-0.509765625,0.25041288075779344,89,1712919028255
1272,-0.05859375,1.80859375,-0.474609375,0.25041288075779344,203,1712919028255
1272,-0.060546875,1.8671875,-0.396484375,0.25041288075779344,281,1712919028255
1272,-0.12109375,1.923828125,-0.267578125,0.25041288075779344,328,1712919028255
1272,-0.125,1.970703125,-0.203125,0.25041288075779344,367,1712919028255
1272,-0.189453125,2.005859375,-0.19140625,0.25041288075779344,369,1712919028255
1272,-0.12890625,2.052734375,-0.15234375,0.25041288075779344,292,1712919028255
1272,-0.130859375,2.08984375,-0.16015625,0.25041288075779344,142,1712919028255
1272,-0.267578125,2.103515625,-0.275390625,0.25041288075779344,30,1712919028255
1272,0.0,1.794921875,-0.373046875,0.37561932113669017,60,1712919028255
1272,-0.05859375,1.837890625,-0.337890625,0.37561932113669017,150,1712919028255
1272,-0.119140625,1.890625,-0.234375,0.37561932113669017,237,1712919028255
1272,-0.181640625,1.935546875,-0.111328125,0.37561932113669017,310,1712919028255
1272,-0.185546875,1.974609375,-0.0625,0.37561932113669017,357,1712919028255
1272,-0.189453125,2.013671875,-0.052734375,0.37561932113669017,348,1712919028255
1272,-0.193359375,2.052734375,-0.02734375,0.37561932113669017,263,1712919028255
1272,-0.197265625,2.08984375,-0.02734375,0.37561932113669017,125,1712919028255
1272,-0.267578125,2.1171875,-0.140625,0.37561932113669017,27,1712919028255
1272,-0.1171875,1.8515625,-0.234375,0.5008257615155869,22,1712919028255
1272,-0.119140625,1.904296875,-0.0625,0.5008257615155869,45,1712919028255
1272,-0.181640625,1.9375,0.060546875,0.5008257615155869,73,1712919028255
1272,-0.185546875,1.974609375,0.09765625,0.5008257615155869,87,1712919028255
1272,-0.189453125,2.013671875,0.07421875,0.5008257615155869,80,1712919028255
1272,-0.193359375,2.05078125,0.08984375,0.5008257615155869,57,1712919028255
1272,-0.197265625,2.08984375,0.04296875,0.5008257615155869,26,1712919028255
1272,-0.060546875,1.748046875,-0.763671875,-0.12520644037889672,19,1712919028255
1272,-0.12109375,1.830078125,-0.650390625,-0.12520644037889672,24,1712919028255
1272,-0.125,1.884765625,-0.61328125,-0.12520644037889672,27,1712919028255
1272,-0.189453125,1.916015625,-0.619140625,-0.12520644037889672,25,1712919028255
1272,-1.26953125,0.0,-2.083984375,0.37561932113669017,15,1712919028255
1273,0.0,1.724609375,-0.724609375,0.0,13,1712919028355
1273,-0.060546875,1.76953125,-0.712890625,0.0,21,1712919028355
1273,-0.181640625,1.8359375,-0.62109375,0.0,26,1712919028355
1273,-0.185546875,1.88671875,-0.5859375,0.0,76,1712919028355
1273,-0.189453125,1.94921875,-0.5078125,0.0,124,1712919028355
1273,-0.193359375,2.00390625,-0.443359375,0.0,113,1712919028355
1273,-0.197265625,2.05078125,-0.408203125,0.0,63,1712919028355
1273,-0.201171875,2.078125,-0.45703125,0.0,26,1712919028355
1273,-0.05859375,1.80078125,-0.5,0.12520644037889672,61,1712919028355
1273,-0.060546875,1.849609375,-0.466796875,0.12520644037889672,140,1712919028355
1273,-0.12109375,1.90234375,-0.3984375,0.12520644037889672,193,1712919028355
1273,-0.185546875,1.94140625,-0.375,0.12520644037889672,242,1712919028355
1273,-0.189453125,1.986328125,-0.3359375,0.12520644037889672,319,1712919028355
1273,-0.193359375,2.03125,-0.294921875,0.12520644037889672,297,1712919028355
1273,-0.197265625,2.076171875,-0.25,0.12520644037889672,175,1712919028355
1273,-0.1328125,2.126953125,-0.16796875,0.12520644037889672,91,1712919028355
1273,-0.13671875,2.154296875,-0.275390625,0.12520644037889672,48,1712919028355
1273,-0.115234375,1.74609375,-0.544921875,0.25041288075779344,26,1712919028355
1273,-0.05859375,1.822265625,-0.41796875,0.25041288075779344,110,1712919028355
1273,-0.060546875,1.873046875,-0.359375,0.25041288075779344,242,1712919028355
1273,-0.12109375,1.923828125,-0.267578125,0.25041288075779344,311,1712919028355
1273,-0.185546875,1.966796875,-0.189453125,0.25041288075779344,322,1712919028355
1273,-0.251953125,2.0,-0.171875,0.25041288075779344,343,1712919028355
1273,-0.193359375,2.048828125,-0.1328125,0.25041288075779344,312,1712919028355
1273,-0.130859375,2.095703125,-0.05078125,0.25041288075779344,191,1712919028355
1273,-0.1328125,2.1328125,0.03125,0.25041288075779344,110,1712919028355
1273,-0.13671875,2.171875,-0.015625,0.25041288075779344,58,1712919028355
1273,3.5078125,1.173828125,-0.564453125,0.25041288075779344,21,1712919028355
1273,-0.115234375,1.736328125,-0.572265625,0.37561932113669017,22,1712919028355
1273,-0.1171875,1.83203125,-0.361328125,0.37561932113669017,70,1712919028355
1273,-0.119140625,1.88671875,-0.26953125,0.37561932113669017,135,1712919028355
1273,-0.12109375,1.9375,-0.150390625,0.37561932113669017,161,1712919028355
1273,-0.185546875,1.9765625,-0.013671875,0.37561932113669017,143,1712919028355
1273,-0.251953125,2.0078125,0.021484375,0.37561932113669017,124,1712919028355
1273,-0.193359375,2.052734375,0.05078125,0.37561932113669017,105,1712919028355
1273,-0.197265625,2.087890625,0.11328125,0.37561932113669017,70,1712919028355
1273,-0.1328125,2.125,0.193359375,0.37561932113669017,46,1712919028355
1273,-0.13671875,2.162109375,0.201171875,0.37561932113669017,23,1712919028355
1273,3.587890625,0.8046875,-0.443359375,0.37561932113669017,19,1712919028355
1273,3.625,0.859375,-0.349609375,0.37561932113669017,22,1712919028355
1273,-0.189453125,1.916015625,-0.62109375,-0.12520644037889672,26,1712919028355
1273,-0.193359375,1.984375,-0.5234375,-0.12520644037889672,23,1712919028355
1274,-0.05859375,1.759765625,-0.630859375,0.0,28,1712919028455
1274,-0.119140625,1.828125,-0.5390625,0.0,93,1712919028455
1274,-0.12109375,1.892578125,-0.439453125,0.0,171,1712919028455
1274,-0.185546875,1.953125,-0.298828125,0.0,221,1712919028455
1274,-0.189453125,2.001953125,-0.21875,0.0,217,1712919028455
1274,-0.2578125,2.037109375,-0.1796875,0.0,146,1712919028455
1274,-0.197265625,2.076171875,-0.2421875,0.0,94,1712919028455
1274,3.6328125,1.65625,-0.357421875,0.0,14,1712919028455
1274,3.66796875,1.603515625,-0.59765625,0.0,15,1712919028455
1274,-0.05859375,1.828125,-0.392578125,0.12520644037889672,50,1712919028455
1274,-0.119140625,1.86328125,-0.396484375,0.12520644037889672,190,1712919028455
1274,-0.12109375,1.91796875,-0.31640625,0.12520644037889672,353,1712919028455
1274,-0.185546875,1.96484375,-0.205078125,0.12520644037889672,453,1712919028455
1274,-0.251953125,2.00390625,-0.123046875,0.12520644037889672,420,1712919028455
1274,-0.193359375,2.05078125,-0.080078125,0.12520644037889672,277,1712919028455
1274,-0.26171875,2.080078125,-0.09765625,0.12520644037889672,172,1712919028455
1274,-0.1171875,1.79296875,-0.521484375,0.25041288075779344,51,1712919028455
1274,-0.119140625,1.8671875,-0.376953125,0.25041288075779344,175,1712919028455
1274,-0.12109375,1.92578125,-0.26171875,0.25041288075779344,302,1712919028455
1274,-0.185546875,1.97265625,-0.130859375,0.25041288075779344,341,1712919028455
1274,-0.189453125,2.013671875,-0.02734375,0.25041288075779344,283,1712919028455
1274,-0.2578125,2.044921875,0.001953125,0.25041288075779344,185,1712919028455
1274,-0.197265625,2.08984375,0.009765625,0.25041288075779344,107,1712919028455
1274,-0.234375,1.69921875,-0.748046875,0.37561932113669017,43,1712919028455
1274,-0.1796875,1.80078125,-0.609375,0.37561932113669017,93,1712919028455
1274,-0.12109375,1.884765625,-0.470703125,0.37561932113669017,108,1712919028455
1274,-0.185546875,1.96875,-0.1796875,0.37561932113669017,74,1712919028455
1274,-0.251953125,2.005859375,0.083984375,0.37561932113669017,37,1712919028455
1274,-0.234375,1.705078125,-0.734375,0.5008257615155869,31,1712919028455
1274,-0.1796875,1.802734375,-0.599609375,0.5008257615155869,49,1712919028455
1274,-0.181640625,1.865234375,-0.53125,0.5008257615155869,41,1712919028455
1274,-0.060546875,1.830078125,-0.662109375,-0.12520644037889672,31,1712919028455
1274,-0.125,1.91796875,-0.49609375,-0.12520644037889672,32,1712919028455
1274,-0.251953125,1.9609375,-0.431640625,-0.12520644037889672,27,1712919028455
1274,-0.2578125,1.97265625,-0.541015625,-0.12520644037889672,21,1712919028455
1274,3.845703125,0.74609375,-0.642578125,-0.12520644037889672,15,1712919028455
1274,3.8828125,0.529296875,-0.841796875,-0.12520644037889672,29,1712919028455
1274,3.79296875,1.056640625,-0.931640625,-0.12520644037889672,32,1712919028455
1274,3.830078125,0.62890625,-1.275390625,-0.12520644037889672,20,1712919028455
1274,-2.880859375,0.0,3.302734375,0.0,13,1712919028455
1274,-2.78125,0.0,3.251953125,0.0,14,1712919028455
1274,0.546875,1.34375,1.298828125,0.5008257615155869,21,1712919028455
1274,-2.60546875,0.0,3.181640625,-0.12520644037889672,13,1712919028455
1274,-2.630859375,0.0,3.123046875,-0.12520644037889672,25,1712919028455
1274,-2.78125,0.0,3.173828125,-0.12520644037889672,27,1712919028455
1274,-2.935546875,0.0,3.126953125,-0.12520644037889672,17,1712919028455
1275,-0.1171875,1.783203125,-0.5546875,0.0,12,1712919028558
1275,-0.119140625,1.830078125,-0.529296875,0.0,66,1712919028558
1275,-0.12109375,1.85546875,-0.580078125,0.0,137,1712919028558
1275,-0.125,1.828125,-0.763671875,0.0,131,1712919028558
1275,-0.31640625,1.734375,0.9921875,0.0,89,1712919028558
1275,-0.322265625,2.0234375,0.236328125,0.0,127,1712919028558
1275,-0.26171875,2.083984375,0.0078125,0.0,130,1712919028558
1275,-0.267578125,2.1171875,-0.130859375,0.0,86,1712919028558
1275,-0.271484375,2.14453125,-0.255859375,0.0,33,1712919028558
1275,-0.1171875,1.80859375,-0.4609375,0.12520644037889672,26,1712919028558
1275,-0.119140625,1.8515625,-0.4453125,0.12520644037889672,145,1712919028558
1275,-0.12109375,1.880859375,-0.484375,0.12520644037889672,312,1712919028558
1275,-0.125,1.890625,-0.591796875,0.12520644037889672,323,1712919028558
1275,-0.251953125,0.9609375,-1.76171875,0.12520644037889672,198,1712919028558
1275,-0.322265625,1.9921875,0.423828125,0.12520644037889672,231,1712919028558
1275,-0.26171875,2.078125,0.146484375,0.12520644037889672,244,1712919028558
1275,-0.267578125,2.12109375,0.01953125,0.12520644037889672,169,1712919028558
1275,-0.271484375,2.158203125,-0.01953125,0.12520644037889672,69,1712919028558
1275,3.54296875,0.712890625,-1.10546875,0.12520644037889672,32,1712919028558
1275,-0.17578125,1.810546875,-0.43359375,0.25041288075779344,24,1712919028558
1275,-0.119140625,1.86328125,-0.39453125,0.25041288075779344,132,1712919028558
1275,-0.181640625,1.896484375,-0.400390625,0.25041288075779344,285,1712919028558
1275,-0.125,1.935546875,-0.427734375,0.25041288075779344,316,1712919028558
1275,-0.189453125,1.916015625,-0.623046875,0.25041288075779344,170,1712919028558
1275,-0.322265625,1.876953125,0.7890625,0.25041288075779344,87,1712919028558
1275,-0.328125,2.05078125,0.3046875,0.25041288075779344,99,1712919028558
1275,-0.267578125,2.1171875,0.13671875,0.25041288075779344,77,1712919028558
1275,3.625,0.5078125,-0.775390625,0.25041288075779344,33,1712919028558
1275,3.662109375,0.470703125,-0.810546875,0.25041288075779344,48,1712919028558
1275,3.578125,0.8984375,-0.978515625,0.25041288075779344,36,1712919028558
1275,-0.1796875,1.845703125,-0.45703125,0.37561932113669017,59,1712919028558
1275,-0.12109375,1.90234375,-0.3984375,0.37561932113669017,118,1712919028558
1275,-0.185546875,1.9453125,-0.3515625,0.37561932113669017,119,1712919028558
1275,-0.189453125,2.0,-0.2421875,0.37561932113669017,61,1712919028558
1275,-0.2578125,2.044921875,0.017578125,0.37561932113669017,26,1712919028558
1275,3.662109375,0.80859375,-0.474609375,0.37561932113669017,23,1712919028558
1275,-0.1796875,1.77734375,-0.673828125,0.5008257615155869,16,1712919028558
1275,-0.12109375,1.8515625,-0.591796875,0.5008257615155869,25,1712919028558
1275,-0.185546875,1.8984375,-0.552734375,0.5008257615155869,18,1712919028558
1275,-0.12109375,1.837890625,-0.630859375,-0.12520644037889672,23,1712919028558
1275,-0.26171875,2.078125,-0.1328125,-0.12520644037889672,23,1712919028558
1275,-0.333984375,2.09765625,-0.25,-0.12520644037889672,19,1712919028558
1275,3.8828125,0.892578125,-0.4375,-0.12520644037889672,18,1712919028558
1275,-2.755859375,0.0,3.69921875,-0.12520644037889672,14,1712919028558
1276,-0.119140625,1.798828125,-0.626953125,0.0,54,1712919028656
1276,-0.12109375,1.83984375,-0.625,0.0,217,1712919028656
1276,-0.125,1.87890625,-0.630859375,0.0,354,1712919028656
1276,-0.189453125,1.912109375,-0.634765625,0.0,304,1712919028656
1276,-0.193359375,1.96875,-0.580078125,0.0,181,1712919028656
1276,-0.26171875,2.0234375,-0.4921875,0.0,88,1712919028656
1276,3.40625,1.84375,-0.388671875,0.0,15,1712919028656
1276,3.318359375,2.09375,-0.259765625,0.0,16,1712919028656
1276,-0.119140625,1.830078125,-0.52734375,0.12520644037889672,120,1712919028656
1276,-0.12109375,1.87109375,-0.5234375,0.12520644037889672,499,1712919028656
1276,-0.125,1.91015625,-0.525390625,0.12520644037889672,831,1712919028656
1276,-0.189453125,1.939453125,-0.541015625,0.12520644037889672,710,1712919028656
1276,-0.193359375,1.966796875,-0.587890625,0.12520644037889672,350,1712919028656
1276,-0.197265625,1.978515625,-0.671875,0.12520644037889672,119,1712919028656
1276,3.28515625,2.08984375,0.005859375,0.12520644037889672,28,1712919028656
1276,3.318359375,2.111328125,-0.017578125,0.12520644037889672,29,1712919028656
1276,-0.1796875,1.841796875,-0.466796875,0.25041288075779344,99,1712919028656
1276,-0.181640625,1.884765625,-0.44921875,0.25041288075779344,429,1712919028656
1276,-0.125,1.9296875,-0.4453125,0.25041288075779344,741,1712919028656
1276,-0.189453125,1.96484375,-0.439453125,0.25041288075779344,661,1712919028656
1276,-0.193359375,2.0,-0.4609375,0.25041288075779344,316,1712919028656
1276,-0.26171875,2.001953125,-0.57421875,0.25041288075779344,98,1712919028656
1276,3.54296875,0.958984375,-0.900390625,0.25041288075779344,24,1712919028656
1276,3.458984375,1.275390625,-0.990234375,0.25041288075779344,22,1712919028656
1276,-0.1796875,1.8515625,-0.431640625,0.37561932113669017,33,1712919028656
1276,-0.181640625,1.896484375,-0.400390625,0.37561932113669017,130,1712919028656
1276,-0.185546875,1.939453125,-0.376953125,0.37561932113669017,220,1712919028656
1276,-0.189453125,1.984375,-0.345703125,0.37561932113669017,193,1712919028656
1276,-0.2578125,2.01953125,-0.326171875,0.37561932113669017,93,1712919028656
1276,-0.26171875,2.04296875,-0.408203125,0.37561932113669017,33,1712919028656
1276,-0.2578125,2.03515625,0.203125,-0.25041288075779344,25,1712919028656
1276,-0.26171875,2.08203125,0.080078125,-0.25041288075779344,21,1712919028656
1276,-0.125,1.697265625,-1.021484375,-0.12520644037889672,41,1712919028656
1276,-0.189453125,1.927734375,-0.58203125,-0.12520644037889672,62,1712919028656
1276,-0.193359375,2.048828125,0.115234375,-0.12520644037889672,70,1712919028656
1276,-0.26171875,2.078125,0.140625,-0.12520644037889672,54,1712919028656
1276,-0.267578125,2.115234375,0.146484375,-0.12520644037889672,20,1712919028656
1276,3.7578125,1.107421875,-0.849609375,-0.12520644037889672,19,1712919028656
1276,3.541015625,1.818359375,-0.73046875,-0.12520644037889672,18,1712919028656
1276,-2.880859375,0.0,3.416015625,-0.12520644037889672,17,1712919028656
1276,-3.03515625,0.0,3.44921875,-0.12520644037889672,18,1712919028656
1277,-0.23828125,1.83203125,-0.4765625,0.0,21,1712919028757
1277,-0.181640625,1.869140625,-0.513671875,0.0,88,1712919028757
1277,-0.185546875,1.89453125,-0.56640625,0.0,165,1712919028757
1277,-0.189453125,1.912109375,-0.6328125,0.0,165,1712919028757
1277,-0.193359375,1.90625,-0.76171875,0.0,91,1712919028757
1277,-0.130859375,1.72265625,-1.193359375,0.0,25,1712919028757
1277,3.40625,1.884765625,-0.060546875,0.0,20,1712919028757
1277,3.318359375,2.111328125,0.0078125,0.0,27,1712919028757
1277,-0.1796875,1.8828125,-0.255859375,0.12520644037889672,50,1712919028757
1277,-0.181640625,1.90234375,-0.369140625,0.12520644037889672,189,1712919028757
1277,-0.185546875,1.93359375,-0.408203125,0.12520644037889672,323,1712919028757
1277,-0.189453125,1.966796875,-0.431640625,0.12520644037889672,294,1712919028757
1277,-0.193359375,2.005859375,-0.435546875,0.12520644037889672,153,1712919028757
1277,-0.328125,2.052734375,-0.296875,0.12520644037889672,50,1712919028757
1277,3.578125,1.00390625,-0.869140625,0.12520644037889672,33,1712919028757
1277,3.494140625,1.482421875,-0.67578125,0.12520644037889672,31,1712919028757
1277,3.40625,1.884765625,0.015625,0.12520644037889672,40,1712919028757
1277,3.318359375,2.107421875,0.103515625,0.12520644037889672,48,1712919028757
1277,3.474609375,1.912109375,0.193359375,0.12520644037889672,36,1712919028757
1277,-0.23828125,1.884765625,-0.1796875,0.25041288075779344,21,1712919028757
1277,-0.181640625,1.91796875,-0.28125,0.25041288075779344,87,1712919028757
1277,-0.185546875,1.94921875,-0.322265625,0.25041288075779344,161,1712919028757
1277,-0.189453125,1.984375,-0.34765625,0.25041288075779344,163,1712919028757
1277,-0.193359375,2.021484375,-0.357421875,0.25041288075779344,88,1712919028757
1277,3.54296875,1.0390625,-0.806640625,0.25041288075779344,28,1712919028757
1277,3.458984375,1.455078125,-0.697265625,0.25041288075779344,37,1712919028757
1277,3.494140625,1.52734375,-0.5703125,0.25041288075779344,34,1712919028757
1277,3.28515625,2.08984375,-0.005859375,0.25041288075779344,30,1712919028757
1277,3.318359375,2.07421875,0.390625,0.25041288075779344,32,1712919028757
1277,-0.310546875,1.94921875,-0.21875,-0.25041288075779344,19,1712919028757
1277,-0.37890625,1.986328125,-0.0546875,-0.25041288075779344,36,1712919028757
1277,-0.38671875,2.025390625,-0.044921875,-0.25041288075779344,36,1712919028757
1277,-0.181640625,1.888671875,-0.435546875,-0.12520644037889672,29,1712919028757
1277,-0.310546875,1.958984375,-0.05859375,-0.12520644037889672,55,1712919028757
1277,-0.37890625,1.986328125,0.05078125,-0.12520644037889672,105,1712919028757
1277,-0.38671875,2.0234375,0.048828125,-0.12520644037889672,99,1712919028757
1277,-0.39453125,2.0625,0.01953125,-0.12520644037889672,45,1712919028757
1277,1.837890625,0.580078125,-0.833984375,0.0,15,1712919028757
1277,-0.73046875,3.822265625,-0.16015625,0.0,11,1712919028757
1277,1.837890625,0.71875,-0.71875,0.12520644037889672,26,1712919028757
1277,-0.615234375,3.884765625,-0.0078125,0.12520644037889672,25,1712919028757
1277,-0.49609375,3.939453125,-0.060546875,0.12520644037889672,21,1712919028757
1278,-0.23828125,1.87109375,-0.294921875,0.0,17,1712919028859
1278,-0.244140625,1.900390625,-0.345703125,0.0,53,1712919028859
1278,-0.185546875,1.955078125,-0.2890625,0.0,64,1712919028859
1278,-0.251953125,2.00390625,-0.115234375,0.0,40,1712919028859
1278,-0.2578125,1.80078125,-0.970703125,0.0,41,1712919028859
1278,-0.328125,2.01953125,-0.47265625,0.0,48,1712919028859
1278,-0.400390625,2.08203125,-0.279296875,0.0,48,1712919028859
1278,3.349609375,2.072265625,-0.4921875,0.0,20,1712919028859
1278,3.3828125,2.087890625,-0.51953125,0.0,18,1712919028859
1278,-0.298828125,1.8671875,-0.267578125,0.12520644037889672,34,1712919028859
1278,-0.244140625,1.916015625,-0.240234375,0.12520644037889672,108,1712919028859
1278,-0.185546875,1.962890625,-0.22265625,0.12520644037889672,123,1712919028859
1278,-0.189453125,1.916015625,-0.623046875,0.12520644037889672,61,1712919028859
1278,-0.322265625,2.015625,-0.2890625,0.12520644037889672,153,1712919028859
1278,-0.328125,2.05859375,-0.25390625,0.12520644037889672,160,1712919028859
1278,-0.333984375,2.083984375,-0.33984375,0.12520644037889672,89,1712919028859
1278,-0.583984375,1.955078125,-1.724609375,0.12520644037889672,26,1712919028859
1278,3.458984375,1.11328125,-1.16796875,0.12520644037889672,33,1712919028859
1278,3.615234375,0.681640625,-1.15625,0.12520644037889672,30,1712919028859
1278,3.349609375,2.126953125,-0.146484375,0.12520644037889672,31,1712919028859
1278,-0.244140625,1.927734375,-0.1328125,0.25041288075779344,45,1712919028859
1278,-0.248046875,1.966796875,-0.08984375,0.25041288075779344,51,1712919028859
1278,-0.251953125,1.939453125,-0.515625,0.25041288075779344,24,1712919028859
1278,-0.38671875,2.01953125,-0.15625,0.25041288075779344,65,1712919028859
1278,-0.328125,2.064453125,-0.20703125,0.25041288075779344,69,1712919028859
1278,-0.400390625,1.998046875,-0.646484375,0.25041288075779344,40,1712919028859
1278,-0.822265625,1.88671875,-1.64453125,0.25041288075779344,21,1712919028859
1278,-0.751953125,1.931640625,-1.6875,0.25041288075779344,27,1712919028859
1278,3.458984375,1.283203125,-0.978515625,0.25041288075779344,50,1712919028859
1278,3.494140625,1.31640625,-0.962890625,0.25041288075779344,47,1712919028859
1278,3.458984375,1.51171875,-0.56640625,0.37561932113669017,24,1712919028859
1278,3.373046875,1.759765625,-0.625,0.37561932113669017,22,1712919028859
1278,-0.38671875,2.017578125,-0.169921875,-0.25041288075779344,32,1712919028859
1278,-0.39453125,2.0546875,-0.16796875,-0.25041288075779344,39,1712919028859
1278,-0.333984375,2.109375,-0.11328125,-0.25041288075779344,28,1712919028859
1278,-3.04296875,0.0,3.5234375,-0.25041288075779344,15,1712919028859
1278,-2.826171875,0.0,3.59765625,-0.25041288075779344,25,1712919028859
1278,-2.853515625,0.0,3.447265625,-0.25041288075779344,27,1712919028859
1278,-2.755859375,0.0,3.08984375,-0.25041288075779344,19,1712919028859
1278,-0.443359375,1.97265625,0.076171875,-0.12520644037889672,35,1712919028859
1278,-0.322265625,2.033203125,-0.095703125,-0.12520644037889672,83,1712919028859
1278,-0.39453125,2.060546875,-0.078125,-0.12520644037889672,103,1712919028859
1278,-0.400390625,2.099609375,-0.048828125,-0.12520644037889672,73,1712919028859
1278,-0.408203125,2.13671875,-0.04296875,-0.12520644037889672,28,1712919028859
1278,-3.04296875,0.0,3.62109375,-0.12520644037889672,16,1712919028859
1278,-2.826171875,0.0,3.8046875,-0.12520644037889672,31,1712919028859
1278,-2.853515625,0.0,3.58203125,-0.12520644037889672,38,1712919028859
1278,-2.880859375,0.0,3.41015625,-0.12520644037889672,27,1712919028859
1278,-2.978515625,0.0,3.71484375,0.0,19,1712919028859
1278,-3.005859375,0.0,3.828125,0.0,16,1712919028859
1278,-1.095703125,1.841796875,3.251953125,-0.25041288075779344,15,1712919028859
1278,3.564453125,1.65625,-0.138671875,-0.25041288075779344,22,1712919028859
1278,3.59765625,1.625,-0.421875,-0.25041288075779344,24,1712919028859
1278,3.6328125,1.59765625,-0.564453125,-0.25041288075779344,17,1712919028859
1278,-1.216796875,0.7578125,3.62109375,-0.12520644037889672,15,1712919028859
1278,3.564453125,1.658203125,-0.11328125,-0.12520644037889672,26,1712919028859
1278,3.59765625,1.654296875,-0.28515625,-0.12520644037889672,33,1712919028859
1278,3.6328125,1.640625,-0.423828125,-0.12520644037889672,26,1712919028859
1279,-0.244140625,1.896484375,-0.36328125,0.0,39,1712919028958
1279,-0.310546875,1.923828125,-0.3828125,0.0,64,1712919028958
1279,-0.31640625,1.986328125,-0.21875,0.0,60,1712919028958
1279,-0.38671875,2.015625,-0.1953125,0.0,56,1712919028958
1279,-0.458984375,2.03515625,-0.234375,0.0,52,1712919028958
1279,-0.400390625,2.072265625,-0.337890625,0.0,49,1712919028958
1279,-0.408203125,2.072265625,-0.521484375,0.0,32,1712919028958
1279,-3.1953125,0.0,3.60546875,0.0,19,1712919028958
1279,-3.1015625,0.0,3.609375,0.0,21,1712919028958
1279,3.2578125,2.298828125,-0.416015625,0.0,15,1712919028958
1279,-0.357421875,1.865234375,-0.1953125,0.12520644037889672,22,1712919028958
1279,-0.3046875,1.91015625,-0.23046875,0.12520644037889672,88,1712919028958
1279,-0.310546875,1.94921875,-0.2109375,0.12520644037889672,147,1712919028958
1279,-0.31640625,1.99609375,-0.09375,0.12520644037889672,110,1712919028958
1279,-0.451171875,2.0,0.216796875,0.12520644037889672,49,1712919028958
1279,-0.458984375,2.048828125,-0.001953125,0.12520644037889672,65,1712919028958
1279,-0.466796875,2.076171875,-0.197265625,0.12520644037889672,97,1712919028958
1279,-0.4765625,2.095703125,-0.3359375,0.12520644037889672,68,1712919028958
1279,3.1953125,2.265625,0.353515625,0.12520644037889672,13,1712919028958
1279,3.2265625,2.3046875,0.212890625,0.12520644037889672,24,1712919028958
1279,3.3828125,2.150390625,-0.0703125,0.12520644037889672,23,1712919028958
1279,-0.3046875,1.91796875,-0.12890625,0.25041288075779344,37,1712919028958
1279,-0.373046875,1.94921875,-0.068359375,0.25041288075779344,57,1712919028958
1279,-0.31640625,1.998046875,0.05859375,0.25041288075779344,35,1712919028958
1279,-0.466796875,2.0859375,-0.01953125,0.25041288075779344,37,1712919028958
1279,3.33984375,1.80078125,-0.412109375,0.25041288075779344,23,1712919028958
1279,3.373046875,1.783203125,-0.552734375,0.25041288075779344,38,1712919028958
1279,3.40625,1.7578125,-0.681640625,0.25041288075779344,31,1712919028958
1279,3.494140625,1.615234375,-0.2265625,0.37561932113669017,23,1712919028958
1279,3.40625,1.837890625,-0.423828125,0.37561932113669017,20,1712919028958
1279,-0.43359375,1.923828125,-0.22265625,-0.25041288075779344,17,1712919028958
1279,-0.37890625,1.986328125,-0.064453125,-0.25041288075779344,34,1712919028958
1279,-0.451171875,2.0078125,-0.125,-0.25041288075779344,43,1712919028958
1279,-0.458984375,2.03515625,-0.2421875,-0.25041288075779344,28,1712919028958
1279,-3.1328125,0.0,3.578125,-0.25041288075779344,20,1712919028958
1279,-3.04296875,0.0,3.6328125,-0.25041288075779344,36,1712919028958
1279,-3.072265625,0.0,3.09375,-0.25041288075779344,44,1712919028958
1279,-3.1015625,0.0,2.896484375,-0.25041288075779344,38,1712919028958
1279,-0.365234375,1.875,-0.373046875,-0.12520644037889672,22,1712919028958
1279,-0.310546875,1.951171875,-0.203125,-0.12520644037889672,49,1712919028958
1279,-0.37890625,1.986328125,-0.02734375,-0.12520644037889672,84,1712919028958
1279,-0.451171875,2.01171875,-0.044921875,-0.12520644037889672,101,1712919028958
1279,-0.458984375,2.044921875,-0.134765625,-0.12520644037889672,67,1712919028958
1279,-0.53515625,2.048828125,-0.2890625,-0.12520644037889672,23,1712919028958
1279,-3.1640625,0.0,3.625,-0.12520644037889672,32,1712919028958
1279,-3.072265625,0.0,3.318359375,-0.12520644037889672,43,1712919028958
1279,-3.1015625,0.0,3.1796875,-0.12520644037889672,40,1712919028958
1279,-3.2578125,0.0,2.978515625,-0.12520644037889672,22,1712919028958
1279,3.1953125,2.291015625,0.048828125,0.0,16,1712919028958
1279,3.2265625,2.30859375,-0.17578125,0.0,20,1712919028958
1279,-3.130859375,0.0,3.478515625,0.0,15,1712919028958
1279,-3.1953125,0.0,-3.37109375,0.12520644037889672,12,1712919028958
1279,-3.2265625,0.0,-3.701171875,0.12520644037889672,18,1712919028958
1279,-3.130859375,0.0,3.970703125,0.12520644037889672,17,1712919028958
1279,-1.205078125,2.43359375,2.736328125,-0.25041288075779344,18,1712919028958
1279,-1.216796875,2.23828125,2.9453125,-0.25041288075779344,28,1712919028958
1279,3.318359375,2.0390625,-0.548828125,-0.25041288075779344,30,1712919028958
1279,3.349609375,1.998046875,-0.7421875,-0.25041288075779344,27,1712919028958
1279,-1.216796875,1.79296875,3.236328125,-0.12520644037889672,24,1712919028958
1279,3.318359375,2.068359375,-0.419921875,-0.12520644037889672,28,1712919028958
1279,3.349609375,2.05859375,-0.548828125,-0.12520644037889672,29,1712919028958
1279,3.3828125,2.1015625,-0.45703125,-0.12520644037889672,16,1712919028958
1280,-0.515625,1.927734375,-0.521484375,0.0,28,1712919029057
1280,-0.525390625,1.919921875,-0.66796875,0.0,41,1712919029057
1280,-0.53515625,1.9609375,-0.662109375,0.0,35,1712919029057
1280,-0.544921875,2.029296875,-0.56640625,0.0,15,1712919029057
1280,-0.373046875,1.9375,-0.228515625,0.12520644037889672,31,1712919029057
1280,-0.251953125,1.982421875,-0.318359375,0.12520644037889672,27,1712919029057
1280,-0.580078125,1.9609375,-0.2578125,0.12520644037889672,40,1712919029057
1280,-0.525390625,2.001953125,-0.359375,0.12520644037889672,96,1712919029057
1280,-0.466796875,2.046875,-0.40234375,0.12520644037889672,87,1712919029057
1280,-0.4765625,2.07421875,-0.451171875,0.12520644037889672,35,1712919029057
1280,-0.529296875,1.658203125,2.224609375,0.12520644037889672,40,1712919029057
1280,3.1015625,2.478515625,0.0390625,0.12520644037889672,19,1712919029057
1280,-0.580078125,1.9453125,-0.359375,0.25041288075779344,32,1712919029057
1280,-0.525390625,2.009765625,-0.30859375,0.25041288075779344,60,1712919029057
1280,-0.6015625,2.02734375,-0.318359375,0.25041288075779344,48,1712919029057
1280,3.25390625,1.861328125,-0.90625,0.25041288075779344,22,1712919029057
1280,3.28515625,1.900390625,-0.869140625,0.25041288075779344,31,1712919029057
1280,3.318359375,2.02734375,-0.583984375,0.25041288075779344,27,1712919029057
1280,3.2265625,2.3125,-0.09765625,0.25041288075779344,19,1712919029057
1280,-2.826171875,0.357421875,2.7109375,-0.37561932113669017,24,1712919029057
1280,-2.853515625,0.0859375,2.759765625,-0.37561932113669017,34,1712919029057
1280,-2.880859375,0.0,2.8515625,-0.37561932113669017,30,1712919029057
1280,-2.798828125,0.9765625,2.525390625,-0.25041288075779344,13,1712919029057
1280,-2.826171875,0.0,2.904296875,-0.25041288075779344,37,1712919029057
1280,-2.978515625,0.0,3.029296875,-0.25041288075779344,42,1712919029057
1280,-3.005859375,0.0,3.080078125,-0.25041288075779344,29,1712919029057
1280,-0.373046875,1.91015625,-0.39453125,-0.12520644037889672,29,1712919029057
1280,-0.37890625,1.921875,-0.50390625,-0.12520644037889672,36,1712919029057
1280,-0.38671875,1.607421875,-1.232421875,-0.12520644037889672,15,1712919029057
1280,-0.39453125,1.994140625,0.5234375,-0.12520644037889672,18,1712919029057
1280,-0.333984375,2.099609375,0.228515625,-0.12520644037889672,20,1712919029057
1280,-3.072265625,0.0,3.005859375,-0.12520644037889672,21,1712919029057
1280,-3.1015625,0.0,3.19921875,-0.12520644037889672,22,1712919029057
1280,-3.2265625,0.0,-3.86328125,0.12520644037889672,10,1712919029057
1280,-3.072265625,0.0,3.365234375,0.25041288075779344,14,1712919029057
1280,-3.2265625,0.0,-3.880859375,0.25041288075779344,11,1712919029057
1280,3.44140625,1.57421875,-1.0703125,-0.37561932113669017,21,1712919029057
1280,3.474609375,1.5625,-1.12109375,-0.37561932113669017,30,1712919029057
1280,3.5078125,1.49609375,-1.236328125,-0.37561932113669017,26,1712919029057
1280,3.40625,1.587890625,-1.015625,-0.25041288075779344,12,1712919029057
1280,3.564453125,1.4765625,-0.763671875,-0.25041288075779344,31,1712919029057
1280,3.474609375,1.78125,-0.720703125,-0.25041288075779344,35,1712919029057
1280,3.3828125,2.01171875,-0.763671875,-0.25041288075779344,23,1712919029057
1280,3.318359375,2.06640625,-0.427734375,-0.12520644037889672,16,1712919029057
1280,3.2265625,2.275390625,-0.421875,-0.12520644037889672,16,1712919029057
1281,-0.55859375,1.904296875,0.0,0.0,23,1712919029158
1281,-0.505859375,1.958984375,-0.021484375,0.0,36,1712919029158
1281,-0.580078125,1.9296875,-0.435546875,0.0,27,1712919029158
1281,-0.58984375,1.939453125,-0.544921875,0.0,11,1712919029158
1281,-0.486328125,1.884765625,0.0234375,0.12520644037889672,22,1712919029158
1281,-0.49609375,1.919921875,0.087890625,0.12520644037889672,66,1712919029158
1281,-0.568359375,1.94140625,0.068359375,0.12520644037889672,84,1712919029158
1281,-0.580078125,1.970703125,-0.169921875,0.12520644037889672,49,1712919029158
1281,-0.58984375,1.982421875,-0.359375,0.12520644037889672,22,1712919029158
1281,-0.6015625,2.05078125,-0.048828125,0.12520644037889672,35,1712919029158
1281,-0.611328125,2.087890625,-0.05078125,0.12520644037889672,36,1712919029158
1281,-0.55859375,1.892578125,0.224609375,0.25041288075779344,25,1712919029158
1281,-0.568359375,1.931640625,0.19140625,0.25041288075779344,33,1712919029158
1281,-0.64453125,1.955078125,-0.09765625,0.25041288075779344,23,1712919029158
1281,3.28515625,1.943359375,-0.76953125,0.25041288075779344,23,1712919029158
1281,3.318359375,1.962890625,-0.7734375,0.25041288075779344,22,1712919029158
1281,-2.94921875,1.302734375,2.25,-0.5008257615155869,21,1712919029158
1281,-3.1015625,0.61328125,2.400390625,-0.5008257615155869,21,1712919029158
1281,-3.04296875,0.0,2.57421875,-0.37561932113669017,27,1712919029158
1281,-2.94921875,0.0,2.6328125,-0.37561932113669017,44,1712919029158
1281,-3.1015625,0.0,2.703125,-0.37561932113669017,41,1712919029158
1281,-3.130859375,0.0,2.6875,-0.37561932113669017,24,1712919029158
1281,-3.1640625,0.0,2.564453125,-0.25041288075779344,28,1712919029158
1281,-3.072265625,0.0,2.75390625,-0.25041288075779344,38,1712919029158
1281,-3.1015625,0.0,2.826171875,-0.25041288075779344,30,1712919029158
1281,-0.43359375,1.9140625,-0.302734375,-0.12520644037889672,27,1712919029158
1281,-0.443359375,1.96875,-0.158203125,-0.12520644037889672,23,1712919029158
1281,-1.640625,0.0,1.86328125,0.0,6,1712919029158
1281,-1.509765625,0.0,1.99609375,0.12520644037889672,14,1712919029158
1281,-3.04296875,0.0,2.9609375,0.25041288075779344,12,1712919029158
1281,-3.072265625,0.0,3.048828125,0.25041288075779344,12,1712919029158
1281,3.318359375,1.5078125,-1.4765625,-0.5008257615155869,15,1712919029158
1281,3.2265625,1.85546875,-1.384765625,-0.5008257615155869,15,1712919029158
1281,3.40625,1.45703125,-1.197265625,-0.37561932113669017,20,1712919029158
1281,3.44140625,1.533203125,-1.12890625,-0.37561932113669017,33,1712919029158
1281,3.349609375,1.8203125,-1.107421875,-0.37561932113669017,30,1712919029158
1281,3.3828125,1.833984375,-1.123046875,-0.37561932113669017,17,1712919029158
1281,-1.095703125,2.392578125,2.87109375,-0.25041288075779344,24,1712919029158
1281,-1.228515625,2.0703125,3.109375,-0.25041288075779344,27,1712919029158
1281,3.349609375,1.994140625,-0.751953125,-0.25041288075779344,21,1712919029158
1282,-0.7578125,1.861328125,0.236328125,0.0,15,1712919029260
1282,-0.64453125,1.958984375,-0.0078125,0.0,22,1712919029260
1282,-0.65625,1.98828125,-0.1640625,0.0,17,1712919029260
1282,-3.220703125,0.0,-3.578125,0.0,13,1712919029260
1282,-3.25390625,0.0,3.796875,0.0,28,1712919029260
1282,-3.1640625,0.0,3.5703125,0.0,38,1712919029260
1282,-3.318359375,0.0,3.419921875,0.0,32,1712919029260
1282,-3.349609375,0.0,3.6015625,0.0,14,1712919029260
1282,-0.55859375,1.90234375,0.1171875,0.12520644037889672,48,1712919029260
1282,-0.568359375,1.939453125,0.078125,0.12520644037889672,100,1712919029260
1282,-0.515625,1.994140625,0.076171875,0.12520644037889672,91,1712919029260
1282,-0.65625,1.990234375,0.1171875,0.12520644037889672,34,1712919029260
1282,-0.62109375,1.8671875,0.2578125,0.25041288075779344,17,1712919029260
1282,-0.568359375,1.93359375,0.169921875,0.25041288075779344,36,1712919029260
1282,-0.580078125,1.966796875,0.21875,0.25041288075779344,33,1712919029260
1282,-3.1640625,0.0,2.849609375,-0.37561932113669017,18,1712919029260
1282,-3.072265625,0.0,2.9765625,-0.37561932113669017,19,1712919029260
1282,-0.443359375,1.912109375,-0.48828125,-0.25041288075779344,31,1712919029260
1282,-0.451171875,1.93359375,-0.552734375,-0.25041288075779344,30,1712919029260
1282,-3.1328125,0.0,3.30859375,-0.25041288075779344,42,1712919029260
1282,-3.1640625,0.0,3.16015625,-0.25041288075779344,66,1712919029260
1282,-3.072265625,0.0,3.029296875,-0.25041288075779344,60,1712919029260
1282,-3.2265625,0.0,3.02734375,-0.25041288075779344,31,1712919029260
1282,-0.43359375,1.8984375,-0.380859375,-0.12520644037889672,46,1712919029260
1282,-0.443359375,1.9375,-0.376953125,-0.12520644037889672,86,1712919029260
1282,-0.451171875,1.97265625,-0.396484375,-0.12520644037889672,75,1712919029260
1282,-0.525390625,1.96484375,-0.525390625,-0.12520644037889672,28,1712919029260
1282,-3.220703125,0.0,3.79296875,-0.12520644037889672,23,1712919029260
1282,-3.1328125,0.0,3.5546875,-0.12520644037889672,55,1712919029260
1282,-3.1640625,0.0,3.376953125,-0.12520644037889672,78,1712919029260
1282,-3.1953125,0.0,3.279296875,-0.12520644037889672,66,1712919029260
1282,-3.349609375,0.0,3.291015625,-0.12520644037889672,31,1712919029260
1282,-1.07421875,3.138671875,1.888671875,0.0,7,1712919029260
1282,3.1953125,2.2109375,-0.603515625,0.0,17,1712919029260
1282,3.2265625,2.20703125,-0.693359375,0.0,9,1712919029260
1282,-1.216796875,2.57421875,-2.65625,-0.37561932113669017,11,1712919029260
1282,-1.10546875,3.375,-1.6875,-0.37561932113669017,10,1712919029260
1282,3.1328125,2.19140625,-0.498046875,-0.25041288075779344,22,1712919029260
1282,3.1640625,2.171875,-0.662109375,-0.25041288075779344,34,1712919029260
1282,3.318359375,1.958984375,-0.78515625,-0.25041288075779344,31,1712919029260
1282,-1.193359375,3.029296875,1.994140625,-0.12520644037889672,12,1712919029260
1283,-0.43359375,1.908203125,-0.333984375,0.0,14,1712919029361
1283,-0.568359375,1.94140625,-0.037109375,0.0,17,1712919029361
1283,-0.64453125,1.958984375,0.00390625,0.0,19,1712919029361
1283,-0.65625,1.986328125,-0.177734375,0.0,18,1712919029361
1283,-3.25390625,0.0,3.423828125,0.0,17,1712919029361
1283,-3.1640625,0.0,3.341796875,0.0,19,1712919029361
1283,3.1953125,2.28515625,-0.169921875,0.0,14,1712919029361
1283,-0.486328125,1.869140625,-0.240234375,0.12520644037889672,19,1712919029361
1283,-0.49609375,1.921875,-0.015625,0.12520644037889672,32,1712919029361
1283,-0.6328125,1.90625,0.24609375,0.12520644037889672,66,1712919029361
1283,-0.580078125,1.96875,0.201171875,0.12520644037889672,82,1712919029361
1283,-0.58984375,2.013671875,0.080078125,0.12520644037889672,54,1712919029361
1283,-0.66796875,2.021484375,-0.1953125,0.12520644037889672,46,1712919029361
1283,-0.6796875,2.041015625,-0.32421875,0.12520644037889672,41,1712919029361
1283,-0.6328125,1.8828125,0.3828125,0.25041288075779344,24,1712919029361
1283,-0.64453125,1.931640625,0.326171875,0.25041288075779344,30,1712919029361
1283,-0.568359375,1.892578125,-0.43359375,-0.25041288075779344,18,1712919029361
1283,-0.580078125,1.931640625,-0.42578125,-0.25041288075779344,23,1712919029361
1283,-3.1328125,0.0,3.005859375,-0.25041288075779344,33,1712919029361
1283,-3.04296875,0.0,2.91796875,-0.25041288075779344,39,1712919029361
1283,-3.072265625,0.0,2.76953125,-0.25041288075779344,25,1712919029361
1283,-0.49609375,1.900390625,-0.28515625,-0.12520644037889672,24,1712919029361
1283,-0.568359375,1.92578125,-0.25,-0.12520644037889672,54,1712919029361
1283,-0.515625,1.984375,-0.216796875,-0.12520644037889672,65,1712919029361
1283,-0.65625,1.9765625,-0.26171875,-0.12520644037889672,37,1712919029361
1283,-0.66796875,1.9921875,-0.392578125,-0.12520644037889672,20,1712919029361
1283,-0.6796875,1.986328125,-0.572265625,-0.12520644037889672,21,1712919029361
1283,-3.1015625,0.0,3.455078125,-0.12520644037889672,18,1712919029361
1283,-3.1328125,0.0,3.25390625,-0.12520644037889672,36,1712919029361
1283,-3.04296875,0.0,3.11328125,-0.12520644037889672,39,1712919029361
1283,-3.072265625,0.0,3.052734375,-0.12520644037889672,22,1712919029361
1283,-1.326171875,2.607421875,2.513671875,0.0,12,1712919029361
1283,3.1640625,2.267578125,-0.091796875,0.0,15,1712919029361
1283,-3.1953125,0.0,3.33984375,0.0,12,1712919029361
1283,-0.96484375,3.435546875,1.4609375,-0.25041288075779344,23,1712919029361
1283,3.28515625,1.96875,-0.703125,-0.25041288075779344,27,1712919029361
1283,3.1953125,2.193359375,-0.669921875,-0.25041288075779344,18,1712919029361
1283,-1.193359375,3.21875,1.671875,-0.12520644037889672,12,1712919029361
1283,-1.205078125,3.033203125,2.0546875,-0.12520644037889672,27,1712919029361
1283,-1.216796875,2.7421875,2.482421875,-0.12520644037889672,30,1712919029361
1283,3.318359375,2.083984375,-0.337890625,-0.12520644037889672,20,1712919029361
1284,-0.4765625,1.79296875,-0.4453125,0.0,14,1712919029459
1284,-0.486328125,1.841796875,-0.40625,0.0,79,1712919029459
1284,-0.43359375,1.892578125,-0.41015625,0.0,182,1712919029459
1284,-0.505859375,1.912109375,-0.42578125,0.0,208,1712919029459
1284,-0.515625,1.951171875,-0.419921875,0.0,120,1712919029459
1284,-0.458984375,2.04296875,-0.15625,0.0,37,1712919029459
1284,-0.466796875,1.974609375,0.671875,0.0,19,1712919029459
1284,-0.611328125,2.064453125,0.3125,0.0,18,1712919029459
1284,-0.4765625,1.814453125,-0.3515625,0.12520644037889672,28,1712919029459
1284,-0.486328125,1.859375,-0.306640625,0.12520644037889672,161,1712919029459
1284,-0.43359375,1.9140625,-0.294921875,0.12520644037889672,382,1712919029459
1284,-0.505859375,1.93359375,-0.310546875,0.12520644037889672,454,1712919029459
1284,-0.515625,1.97265625,-0.3046875,0.12520644037889672,271,1712919029459
1284,-0.458984375,2.048828125,0.009765625,0.12520644037889672,88,1712919029459
1284,-0.466796875,1.962890625,0.70703125,0.12520644037889672,42,1712919029459
1284,-0.544921875,2.056640625,0.453125,0.12520644037889672,39,1712919029459
1284,-0.552734375,2.12890625,0.25390625,0.12520644037889672,22,1712919029459
1284,-0.486328125,1.875,-0.19140625,0.25041288075779344,73,1712919029459
1284,-0.49609375,1.9140625,-0.173828125,0.25041288075779344,169,1712919029459
1284,-0.505859375,1.951171875,-0.185546875,0.25041288075779344,190,1712919029459
1284,-0.515625,1.990234375,-0.162109375,0.25041288075779344,111,1712919029459
1284,-0.525390625,2.029296875,0.107421875,0.25041288075779344,36,1712919029459
1284,-0.43359375,1.794921875,-0.7265625,-0.25041288075779344,24,1712919029459
1284,-0.443359375,1.841796875,-0.708984375,-0.25041288075779344,31,1712919029459
1284,-0.515625,1.875,-0.68359375,-0.25041288075779344,22,1712919029459
1284,-0.42578125,1.818359375,-0.546875,-0.12520644037889672,23,1712919029459
1284,-0.43359375,1.845703125,-0.5859375,-0.12520644037889672,67,1712919029459
1284,-0.505859375,1.859375,-0.6171875,-0.12520644037889672,90,1712919029459
1284,-0.515625,1.908203125,-0.5859375,-0.12520644037889672,63,1712919029459
1284,-0.458984375,2.037109375,-0.21875,-0.12520644037889672,27,1712919029459
1284,-3.25390625,0.0,2.767578125,-0.12520644037889672,15,1712919029459
1284,-3.28515625,0.0,2.818359375,-0.12520644037889672,19,1712919029459
1284,-1.6875,0.0,3.603515625,-0.12520644037889672,8,1712919029459
1285,-0.486328125,1.82421875,-0.474609375,0.0,64,1712919029562
1285,-0.49609375,1.869140625,-0.451171875,0.0,220,1712919029562
1285,-0.505859375,1.91015625,-0.43359375,0.0,353,1712919029562
1285,-0.515625,1.94921875,-0.42578125,0.0,295,1712919029562
1285,-0.525390625,1.982421875,-0.451171875,0.0,128,1712919029562
1285,-0.6015625,1.90234375,-0.765625,0.0,38,1712919029562
1285,-0.69140625,2.09765625,-0.15625,0.0,19,1712919029562
1285,-0.486328125,1.8515625,-0.349609375,0.12520644037889672,128,1712919029562
1285,-0.49609375,1.896484375,-0.30859375,0.12520644037889672,442,1712919029562
1285,-0.568359375,1.921875,-0.279296875,0.12520644037889672,723,1712919029562
1285,-0.580078125,1.9609375,-0.259765625,0.12520644037889672,599,1712919029562
1285,-0.58984375,1.9921875,-0.298828125,0.12520644037889672,266,1712919029562
1285,-0.6015625,1.947265625,-0.6484375,0.12520644037889672,79,1712919029562
1285,-0.81640625,1.998046875,-0.283203125,0.12520644037889672,31,1712919029562
1285,-0.623046875,2.125,-0.013671875,0.12520644037889672,36,1712919029562
1285,-0.6328125,2.16015625,-0.08203125,0.12520644037889672,20,1712919029562
1285,-0.486328125,1.869140625,-0.251953125,0.25041288075779344,89,1712919029562
1285,-0.49609375,1.91015625,-0.216796875,0.25041288075779344,285,1712919029562
1285,-0.505859375,1.94921875,-0.189453125,0.25041288075779344,428,1712919029562
1285,-0.580078125,1.970703125,-0.181640625,0.25041288075779344,347,1712919029562
1285,-0.58984375,2.00390625,-0.20703125,0.25041288075779344,144,1712919029562
1285,-0.6015625,1.978515625,-0.541015625,0.25041288075779344,36,1712919029562
1285,-0.748046875,2.04296875,-0.037109375,0.25041288075779344,18,1712919029562
1285,-0.69140625,2.103515625,0.025390625,0.25041288075779344,23,1712919029562
1285,-0.55859375,1.89453125,-0.19140625,0.37561932113669017,33,1712919029562
1285,-0.568359375,1.93359375,-0.16796875,0.37561932113669017,42,1712919029562
1285,-0.515625,1.9921875,-0.123046875,0.37561932113669017,28,1712919029562
1285,-0.6953125,1.89453125,-0.154296875,-0.25041288075779344,17,1712919029562
1285,-0.64453125,1.94921875,-0.185546875,-0.25041288075779344,20,1712919029562
1285,-0.310546875,1.76953125,-0.845703125,-0.12520644037889672,13,1712919029562
1285,-0.6953125,1.896484375,0.111328125,-0.12520644037889672,34,1712919029562
1285,-0.64453125,1.95703125,0.08984375,-0.12520644037889672,44,1712919029562
1285,-0.65625,1.98046875,0.2421875,-0.12520644037889672,24,1712919029562
1285,-0.869140625,1.708984375,0.515625,-0.12520644037889672,10,1712919029562
1286,-0.62109375,1.87890625,-0.16015625,0.0,48,1712919029662
1286,-0.568359375,1.939453125,-0.1015625,0.0,151,1712919029662
1286,-0.64453125,1.955078125,-0.11328125,0.0,216,1712919029662
1286,-0.65625,1.990234375,-0.134765625,0.0,152,1712919029662
1286,-0.734375,2.0078125,-0.052734375,0.0,51,1712919029662
1286,-0.748046875,2.033203125,-0.197265625,0.0,49,1712919029662
1286,-0.69140625,2.078125,-0.322265625,0.0,30,1712919029662
1286,-0.62109375,1.884765625,-0.033203125,0.12520644037889672,76,1712919029662
1286,-0.6328125,1.921875,0.02734375,0.12520644037889672,262,1712919029662
1286,-0.64453125,1.95703125,0.041015625,0.12520644037889672,400,1712919029662
1286,-0.58984375,2.013671875,0.052734375,0.12520644037889672,284,1712919029662
1286,-0.66796875,2.013671875,0.2578125,0.12520644037889672,84,1712919029662
1286,-0.748046875,2.04296875,-0.01171875,0.12520644037889672,88,1712919029662
1286,-0.76171875,2.076171875,-0.12109375,0.12520644037889672,52,1712919029662
1286,-0.9296875,2.681640625,0.900390625,0.12520644037889672,14,1712919029662
1286,-0.49609375,1.90625,-0.25390625,0.25041288075779344,66,1712919029662
1286,-0.568359375,1.91015625,-0.345703125,0.25041288075779344,192,1712919029662
1286,-0.580078125,1.958984375,-0.275390625,0.25041288075779344,278,1712919029662
1286,-0.525390625,2.0234375,-0.193359375,0.25041288075779344,195,1712919029662
1286,-0.466796875,2.03125,-0.47265625,0.25041288075779344,56,1712919029662
1286,-0.81640625,2.005859375,0.22265625,0.25041288075779344,37,1712919029662
1286,-0.55859375,1.90234375,-0.095703125,0.37561932113669017,42,1712919029662
1286,-0.568359375,1.935546875,-0.15234375,0.37561932113669017,95,1712919029662
1286,-0.580078125,1.96875,-0.19140625,0.37561932113669017,119,1712919029662
1286,-0.58984375,2.005859375,-0.18359375,0.37561932113669017,80,1712919029662
1286,-0.53515625,2.06640625,-0.107421875,0.37561932113669017,31,1712919029662
1286,-0.64453125,1.95703125,-0.064453125,-0.12520644037889672,15,1712919029662
1286,-0.65625,1.990234375,-0.125,-0.12520644037889672,15,1712919029662
1286,0.279296875,0.21875,-2.95703125,0.12520644037889672,13,1712919029662
1287,-0.6328125,1.900390625,-0.283203125,0.0,48,1712919029762
1287,-0.64453125,1.9296875,-0.337890625,0.0,138,1712919029762
1287,-0.65625,1.96875,-0.3203125,0.0,177,1712919029762
1287,-0.6015625,2.03125,-0.29296875,0.0,119,1712919029762
1287,-0.611328125,2.0859375,-0.087890625,0.0,58,1712919029762
1287,-0.623046875,2.12109375,-0.138671875,0.0,34,1712919029762
1287,-0.55859375,1.904296875,-0.044921875,0.12520644037889672,34,1712919029762
1287,-0.6328125,1.921875,-0.052734375,0.12520644037889672,114,1712919029762
1287,-0.64453125,1.95703125,-0.083984375,0.12520644037889672,215,1712919029762
1287,-0.72265625,1.96875,-0.099609375,0.12520644037889672,243,1712919029762
1287,-0.66796875,2.03125,-0.015625,0.12520644037889672,180,1712919029762
1287,-0.611328125,2.087890625,0.0390625,0.12520644037889672,122,1712919029762
1287,-0.623046875,2.119140625,-0.15625,0.12520644037889672,97,1712919029762
1287,-0.6328125,2.1328125,-0.357421875,0.12520644037889672,43,1712919029762
1287,-0.55859375,1.8984375,-0.154296875,0.25041288075779344,57,1712919029762
1287,-0.505859375,1.9453125,-0.236328125,0.25041288075779344,229,1712919029762
1287,-0.515625,1.970703125,-0.322265625,0.25041288075779344,397,1712919029762
1287,-0.525390625,1.9921875,-0.404296875,0.25041288075779344,356,1712919029762
1287,-0.53515625,1.994140625,-0.5546875,0.25041288075779344,147,1712919029762
1287,-0.6796875,2.056640625,0.201171875,0.25041288075779344,93,1712919029762
1287,-0.69140625,2.1015625,-0.076171875,0.25041288075779344,110,1712919029762
1287,-0.703125,2.126953125,-0.236328125,0.25041288075779344,44,1712919029762
1287,-0.55859375,1.89453125,-0.1953125,0.37561932113669017,40,1712919029762
1287,-0.505859375,1.9453125,-0.232421875,0.37561932113669017,190,1712919029762
1287,-0.515625,1.98046875,-0.248046875,0.37561932113669017,370,1712919029762
1287,-0.525390625,2.017578125,-0.248046875,0.37561932113669017,360,1712919029762
1287,-0.53515625,2.05078125,-0.279296875,0.37561932113669017,163,1712919029762
1287,1.6328125,1.3984375,-0.337890625,0.37561932113669017,20,1712919029762
1287,-0.76171875,2.078125,-0.0390625,0.37561932113669017,40,1712919029762
1287,-0.568359375,1.931640625,-0.1953125,0.5008257615155869,41,1712919029762
1287,-0.580078125,1.970703125,-0.162109375,0.5008257615155869,84,1712919029762
1287,-0.58984375,2.009765625,-0.14453125,0.5008257615155869,86,1712919029762
1287,-0.6015625,2.046875,-0.1328125,0.5008257615155869,45,1712919029762
1287,-0.515625,1.865234375,-0.7109375,-0.12520644037889672,29,1712919029762
1287,-0.525390625,1.921875,-0.662109375,-0.12520644037889672,35,1712919029762
1287,-0.6015625,1.970703125,-0.56640625,-0.12520644037889672,24,1712919029762
1287,-0.271484375,1.66015625,-1.380859375,0.37561932113669017,18,1712919029762
1288,-0.37890625,1.837890625,-0.7578125,0.0,13,1712919029861
1288,-0.322265625,1.826171875,-0.900390625,0.0,35,1712919029861
1288,-0.458984375,1.900390625,-0.765625,0.0,52,1712919029861
1288,-0.6015625,1.998046875,-0.4609375,0.0,83,1712919029861
1288,-0.611328125,2.052734375,-0.38671875,0.0,77,1712919029861
1288,-0.484375,1.96484375,0.896484375,0.0,23,1712919029861
1288,-0.6328125,1.91796875,0.12890625,0.12520644037889672,39,1712919029861
1288,-0.708984375,1.923828125,0.21875,0.12520644037889672,109,1712919029861
1288,-0.65625,1.994140625,0.0234375,0.12520644037889672,177,1712919029861
1288,-0.66796875,2.01953125,-0.205078125,0.12520644037889672,215,1712919029861
1288,-0.611328125,2.0703125,-0.2734375,0.12520644037889672,177,1712919029861
1288,-0.552734375,2.025390625,0.69921875,0.12520644037889672,61,1712919029861
1288,-0.84375,2.08203125,-0.16015625,0.12520644037889672,44,1712919029861
1288,-0.787109375,2.146484375,-0.14453125,0.12520644037889672,24,1712919029861
1288,3.162109375,2.37890625,-0.84765625,0.12520644037889672,19,1712919029861
1288,-0.568359375,1.939453125,-0.0703125,0.25041288075779344,92,1712919029861
1288,-0.580078125,1.9765625,-0.0703125,0.25041288075779344,272,1712919029861
1288,-0.58984375,2.013671875,-0.08984375,0.25041288075779344,396,1712919029861
1288,-0.6015625,2.044921875,-0.171875,0.25041288075779344,308,1712919029861
1288,-0.611328125,2.07421875,-0.232421875,0.25041288075779344,156,1712919029861
1288,-0.69140625,2.0859375,0.267578125,0.25041288075779344,87,1712919029861
1288,-0.7734375,2.08984375,0.32421875,0.25041288075779344,41,1712919029861
1288,3.2578125,2.21875,-0.732421875,0.25041288075779344,29,1712919029861
1288,3.287109375,2.26953125,-0.640625,0.25041288075779344,41,1712919029861
1288,3.318359375,2.279296875,-0.6875,0.25041288075779344,30,1712919029861
1288,-0.568359375,1.93359375,-0.171875,0.37561932113669017,73,1712919029861
1288,-0.580078125,1.97265625,-0.15625,0.37561932113669017,207,1712919029861
1288,-0.58984375,2.009765625,-0.146484375,0.37561932113669017,294,1712919029861
1288,-0.6015625,2.04296875,-0.189453125,0.37561932113669017,212,1712919029861
1288,-0.611328125,2.048828125,-0.40625,0.37561932113669017,72,1712919029861
1288,-0.69140625,2.099609375,-0.123046875,0.37561932113669017,48,1712919029861
1288,-0.703125,2.080078125,-0.501953125,0.37561932113669017,30,1712919029861
1288,3.130859375,2.462890625,-0.439453125,0.37561932113669017,17,1712919029861
1288,3.287109375,2.322265625,-0.416015625,0.37561932113669017,25,1712919029861
1288,3.19140625,2.51953125,-0.388671875,0.37561932113669017,18,1712919029861
1288,-0.515625,1.984375,-0.2109375,0.5008257615155869,40,1712919029861
1288,-0.58984375,2.00390625,-0.21484375,0.5008257615155869,52,1712919029861
1288,-0.66796875,2.01171875,-0.2734375,0.5008257615155869,39,1712919029861
1288,-0.6796875,2.03125,-0.384765625,0.5008257615155869,19,1712919029861
1288,-0.58984375,1.46484375,-1.384765625,-0.12520644037889672,19,1712919029861
1288,-0.6015625,1.81640625,-0.953125,-0.12520644037889672,25,1712919029861
1288,-0.748046875,1.908203125,-0.728515625,-0.12520644037889672,25,1712919029861
1288,-1.07421875,1.296875,1.12109375,0.0,11,1712919029861
1288,-1.03125,1.4296875,1.068359375,0.0,27,1712919029861
1288,-1.181640625,1.35546875,1.083984375,0.0,27,1712919029861
1288,-1.17578125,1.751953125,-0.669921875,0.0,12,1712919029861
1288,-3.287109375,0.0,3.390625,0.12520644037889672,14,1712919029861
1288,-3.2578125,0.0,3.44140625,0.25041288075779344,19,1712919029861
1288,-3.4140625,0.0,3.603515625,0.25041288075779344,28,1712919029861
1288,-3.318359375,0.0,3.7265625,0.25041288075779344,22,1712919029861
1288,-3.3828125,0.0,3.66796875,0.37561932113669017,10,1712919029861
1288,-3.287109375,0.0,3.830078125,0.37561932113669017,17,1712919029861
1288,-3.447265625,0.0,3.89453125,0.37561932113669017,12,1712919029861
1289,-0.966796875,1.548828125,0.95703125,0.0,28,1712919029962
1289,-0.984375,1.60546875,0.927734375,0.0,45,1712919029962
1289,-0.400390625,1.712890625,-1.21484375,0.0,51,1712919029962
1289,-0.4765625,2.044921875,0.5703125,0.0,51,1712919029962
1289,-0.484375,2.09765625,0.517578125,0.0,44,1712919029962
1289,-0.5625,2.1640625,0.267578125,0.0,27,1712919029962
1289,-1.1015625,2.2265625,-0.421875,0.0,20,1712919029962
1289,-1.119140625,2.248046875,-0.484375,0.0,24,1712919029962
1289,-0.38671875,1.892578125,-0.72265625,0.12520644037889672,68,1712919029962
1289,-0.39453125,1.9140625,-0.765625,0.12520644037889672,130,1712919029962
1289,-0.400390625,1.986328125,-0.6796875,0.12520644037889672,143,1712919029962
1289,-0.4765625,2.001953125,0.70703125,0.12520644037889672,118,1712919029962
1289,-0.552734375,2.052734375,0.619140625,0.12520644037889672,93,1712919029962
1289,-0.5625,2.1484375,0.37109375,0.12520644037889672,62,1712919029962
1289,-0.64453125,2.189453125,0.185546875,0.12520644037889672,33,1712919029962
1289,0.4765625,1.177734375,2.77734375,0.12520644037889672,25,1712919029962
1289,-0.451171875,1.96875,-0.408203125,0.25041288075779344,82,1712919029962
1289,-0.458984375,2.0078125,-0.404296875,0.25041288075779344,147,1712919029962
1289,-0.53515625,2.056640625,-0.236328125,0.25041288075779344,143,1712919029962
1289,-0.544921875,2.083984375,0.3125,0.25041288075779344,132,1712919029962
1289,-0.552734375,2.11328125,0.357421875,0.25041288075779344,121,1712919029962
1289,-0.6328125,2.142578125,0.28515625,0.25041288075779344,81,1712919029962
1289,-0.64453125,2.177734375,0.296875,0.25041288075779344,34,1712919029962
1289,-0.515625,1.994140625,-0.0625,0.37561932113669017,29,1712919029962
1289,-0.58984375,2.01171875,-0.10546875,0.37561932113669017,38,1712919029962
1289,-0.66796875,1.986328125,-0.421875,0.37561932113669017,59,1712919029962
1289,-0.611328125,2.044921875,-0.42578125,0.37561932113669017,88,1712919029962
1289,-0.623046875,2.0859375,-0.408203125,0.37561932113669017,80,1712919029962
1289,-0.6328125,2.109375,-0.474609375,0.37561932113669017,56,1712919029962
1289,-0.525390625,1.853515625,-0.837890625,0.5008257615155869,35,1712919029962
1289,-0.53515625,1.91015625,-0.796875,0.5008257615155869,67,1712919029962
1289,-0.611328125,1.921875,-0.81640625,0.5008257615155869,67,1712919029962
1289,-0.552734375,2.01171875,-0.740234375,0.5008257615155869,44,1712919029962
1289,-0.703125,2.07421875,-0.525390625,0.5008257615155869,26,1712919029962
1289,-0.6015625,1.955078125,-0.623046875,0.6260322018944836,25,1712919029962
1289,-0.611328125,2.0078125,-0.576171875,0.6260322018944836,28,1712919029962
1289,-0.69140625,2.03515625,-0.533203125,0.6260322018944836,16,1712919029962
1289,-1.0234375,2.17578125,-0.751953125,-0.25041288075779344,23,1712919029962
1289,-1.119140625,2.173828125,-0.75,-0.25041288075779344,27,1712919029962
1289,-0.6015625,1.943359375,-0.658203125,-0.12520644037889672,23,1712919029962
1289,-0.611328125,2.015625,-0.544921875,-0.12520644037889672,32,1712919029962
1289,-0.69140625,2.02734375,-0.560546875,-0.12520644037889672,27,1712919029962
1289,-1.1015625,2.189453125,-0.5859375,-0.12520644037889672,36,1712919029962
1289,-1.119140625,2.21484375,-0.619140625,-0.12520644037889672,43,1712919029962
1289,-1.134765625,2.26171875,-0.58203125,-0.12520644037889672,29,1712919029962
1289,-0.322265625,1.73828125,-1.060546875,0.0,20,1712919029962
1289,-0.39453125,1.595703125,-1.306640625,0.0,40,1712919029962
1289,-1.068359375,1.779296875,0.5078125,0.0,39,1712919029962
1289,-1.15625,1.6796875,-0.7578125,0.0,27,1712919029962
1289,-1.095703125,1.20703125,1.263671875,0.12520644037889672,52,1712919029962
1289,-1.115234375,1.375,1.12890625,0.12520644037889672,86,1712919029962
1289,-1.134765625,1.625,0.80078125,0.12520644037889672,76,1712919029962
1289,-0.859375,2.6171875,-1.318359375,0.12520644037889672,22,1712919029962
1290,-0.708984375,1.9296875,-0.146484375,0.0,82,1712919030062
1290,-0.65625,1.986328125,-0.1796875,0.0,199,1712919030062
1290,-0.6015625,2.04296875,-0.177734375,0.0,220,1712919030062
1290,-0.544921875,2.1015625,-0.150390625,0.0,129,1712919030062
1290,-0.623046875,2.099609375,-0.326171875,0.0,70,1712919030062
1290,-0.703125,2.115234375,-0.318359375,0.0,44,1712919030062
1290,-0.7578125,1.875,0.005859375,0.12520644037889672,20,1712919030062
1290,-0.64453125,1.958984375,-0.005859375,0.12520644037889672,148,1712919030062
1290,-0.72265625,1.96875,-0.09375,0.12520644037889672,364,1712919030062
1290,-0.66796875,2.029296875,-0.095703125,0.12520644037889672,408,1712919030062
1290,-0.544921875,2.107421875,-0.001953125,0.12520644037889672,238,1712919030062
1290,-0.69140625,2.1015625,-0.07421875,0.12520644037889672,114,1712919030062
1290,-0.7734375,2.115234375,0.017578125,0.12520644037889672,65,1712919030062
1290,-0.71484375,1.638671875,-1.431640625,0.12520644037889672,22,1712919030062
1290,-0.734375,2.681640625,0.955078125,0.12520644037889672,29,1712919030062
1290,-0.708984375,1.935546875,0.025390625,0.25041288075779344,86,1712919030062
1290,-0.65625,1.994140625,-0.046875,0.25041288075779344,223,1712919030062
1290,-0.6015625,2.05078125,-0.021484375,0.25041288075779344,269,1712919030062
1290,-0.611328125,2.08203125,0.154296875,0.25041288075779344,159,1712919030062
1290,-0.69140625,0.0,2.1640625,0.25041288075779344,50,1712919030062
1290,-0.84375,1.517578125,-1.43359375,0.25041288075779344,25,1712919030062
1290,-0.64453125,2.1015625,-0.646484375,0.25041288075779344,31,1712919030062
1290,-0.728515625,2.15625,-0.494140625,0.25041288075779344,21,1712919030062
1290,-0.525390625,2.03125,-0.05859375,0.37561932113669017,43,1712919030062
1290,-0.53515625,2.06640625,-0.125,0.37561932113669017,62,1712919030062
1290,-0.544921875,2.015625,-0.61328125,0.37561932113669017,44,1712919030062
1290,-0.703125,2.138671875,-0.06640625,0.37561932113669017,17,1712919030062
1290,-0.71484375,2.173828125,-0.080078125,0.37561932113669017,18,1712919030062
1290,-0.58984375,1.951171875,-0.50390625,-0.12520644037889672,19,1712919030062
1290,-0.6015625,1.990234375,-0.494140625,-0.12520644037889672,31,1712919030062
1290,-0.611328125,2.033203125,-0.478515625,-0.12520644037889672,29,1712919030062
1290,-0.7734375,1.91015625,-0.046875,0.12520644037889672,146,1712919030062
1291,-0.708984375,1.91015625,-0.3125,0.0,25,1712919030162
1291,-0.72265625,1.9609375,-0.20703125,0.0,111,1712919030162
1291,-0.80078125,1.9765625,-0.15625,0.0,193,1712919030162
1291,-0.748046875,2.041015625,-0.099609375,0.0,176,1712919030162
1291,-0.69140625,2.09765625,0.16015625,0.0,73,1712919030162
1291,-0.7734375,2.115234375,0.037109375,0.0,36,1712919030162
1291,3.091796875,2.546875,-0.974609375,0.0,11,1712919030162
1291,-0.7734375,1.91015625,0.0,0.12520644037889672,72,1712919030162
1291,-0.72265625,1.970703125,0.0546875,0.12520644037889672,264,1712919030162
1291,-0.80078125,1.978515625,0.103515625,0.12520644037889672,408,1712919030162
1291,-0.81640625,2.00390625,0.232421875,0.12520644037889672,309,1712919030162
1291,-0.76171875,2.00390625,0.5546875,0.12520644037889672,119,1712919030162
1291,-0.7734375,2.11328125,0.08203125,0.12520644037889672,98,1712919030162
1291,-0.787109375,2.150390625,0.056640625,0.12520644037889672,46,1712919030162
1291,-0.9921875,2.1953125,-0.40234375,0.12520644037889672,13,1712919030162
1291,-1.0859375,2.19921875,-0.37890625,0.12520644037889672,15,1712919030162
1291,-0.763671875,2.798828125,-0.955078125,0.12520644037889672,18,1712919030162
1291,-0.7734375,2.755859375,-1.171875,0.12520644037889672,16,1712919030162
1291,3.318359375,2.25390625,-0.767578125,0.12520644037889672,25,1712919030162
1291,3.220703125,2.421875,-0.869140625,0.12520644037889672,23,1712919030162
1291,-0.7734375,1.90625,0.14453125,0.25041288075779344,37,1712919030162
1291,-0.787109375,1.931640625,0.23828125,0.25041288075779344,133,1712919030162
1291,-0.869140625,1.908203125,0.4140625,0.25041288075779344,198,1712919030162
1291,-0.951171875,1.81640625,0.728515625,0.25041288075779344,136,1712919030162
1291,-0.552734375,2.1328125,-0.220703125,0.25041288075779344,90,1712919030162
1291,-0.703125,2.13671875,-0.09765625,0.25041288075779344,97,1712919030162
1291,-0.71484375,2.17578125,0.056640625,0.25041288075779344,35,1712919030162
1291,-0.654296875,2.107421875,-0.744140625,0.25041288075779344,19,1712919030162
1291,3.19140625,2.501953125,-0.49609375,0.25041288075779344,23,1712919030162
1291,3.220703125,2.498046875,-0.619140625,0.25041288075779344,23,1712919030162
1291,3.25,2.521484375,-0.62109375,0.25041288075779344,14,1712919030162
1291,-0.466796875,2.068359375,-0.27734375,0.37561932113669017,39,1712919030162
1291,-0.4765625,2.095703125,-0.337890625,0.37561932113669017,76,1712919030162
1291,-0.552734375,2.115234375,-0.34765625,0.37561932113669017,86,1712919030162
1291,-0.5625,2.1484375,-0.37890625,0.37561932113669017,53,1712919030162
1291,-0.72265625,1.970703125,-0.044921875,-0.25041288075779344,28,1712919030162
1291,-0.734375,2.001953125,0.142578125,-0.25041288075779344,41,1712919030162
1291,-0.748046875,2.0078125,0.376953125,-0.25041288075779344,33,1712919030162
1291,-0.859375,2.123046875,0.06640625,-0.25041288075779344,20,1712919030162
1291,-0.708984375,1.935546875,0.03125,-0.12520644037889672,25,1712919030162
1291,-0.65625,1.9921875,0.083984375,-0.12520644037889672,65,1712919030162
1291,-0.66796875,2.01953125,0.220703125,-0.12520644037889672,81,1712919030162
1291,-0.748046875,1.978515625,0.509765625,-0.12520644037889672,53,1712919030162
1291,-0.69140625,1.96484375,0.751953125,-0.12520644037889672,18,1712919030162
1291,-0.986328125,2.00390625,0.298828125,-0.12520644037889672,24,1712919030162
1291,-3.607421875,0.0,3.435546875,0.0,7,1712919030162
1291,0.380859375,1.57421875,2.58984375,0.12520644037889672,13,1712919030162
1291,0.38671875,1.306640625,2.775390625,0.12520644037889672,14,1712919030162
1291,-3.447265625,0.0,3.515625,0.12520644037889672,17,1712919030162
1291,-3.478515625,0.0,3.724609375,0.12520644037889672,16,1712919030162
1291,-0.203125,2.001953125,-0.830078125,0.25041288075779344,92,1712919030162
1291,-3.447265625,0.0,3.80859375,0.25041288075779344,17,1712919030162
1291,-3.478515625,0.0,3.771484375,0.25041288075779344,16,1712919030162
1291,-3.380859375,0.0,3.955078125,0.25041288075779344,10,1712919030162
1292,-0.708984375,1.91796875,0.2578125,0.0,47,1712919030263
1292,-0.72265625,1.970703125,0.025390625,0.0,116,1712919030263
1292,-0.66796875,2.009765625,-0.2890625,0.0,193,1712919030263
1292,-0.6796875,1.998046875,-0.533203125,0.0,217,1712919030263
1292,-0.69140625,2.0,-0.650390625,0.0,158,1712919030263
1292,-0.703125,2.017578125,-0.712890625,0.0,76,1712919030263
1292,-0.64453125,2.037109375,-0.82421875,0.0,38,1712919030263
1292,-0.65625,1.96875,-0.3203125,0.12520644037889672,96,1712919030263
1292,-0.66796875,1.994140625,-0.388671875,0.12520644037889672,292,1712919030263
1292,-0.6796875,2.025390625,-0.41015625,0.12520644037889672,418,1712919030263
1292,-0.69140625,2.0546875,-0.447265625,0.12520644037889672,308,1712919030263
1292,-0.703125,2.044921875,-0.62890625,0.12520644037889672,132,1712919030263
1292,-0.64453125,2.068359375,-0.7421875,0.12520644037889672,87,1712919030263
1292,-0.654296875,2.12109375,-0.703125,0.12520644037889672,42,1712919030263
1292,3.220703125,2.482421875,-0.681640625,0.12520644037889672,35,1712919030263
1292,3.25,2.451171875,-0.859375,0.12520644037889672,26,1712919030263
1292,-0.65625,1.98046875,-0.2421875,0.25041288075779344,69,1712919030263
1292,-0.6015625,2.0390625,-0.228515625,0.25041288075779344,215,1712919030263
1292,-0.6796875,2.0546875,-0.234375,0.25041288075779344,308,1712919030263
1292,-0.69140625,2.087890625,-0.255859375,0.25041288075779344,214,1712919030263
1292,-0.6328125,2.09375,-0.533203125,0.25041288075779344,110,1712919030263
1292,-0.64453125,2.125,-0.560546875,0.25041288075779344,97,1712919030263
1292,-0.654296875,2.181640625,-0.486328125,0.25041288075779344,52,1712919030263
1292,3.19140625,2.525390625,-0.35546875,0.25041288075779344,24,1712919030263
1292,3.220703125,2.55859375,-0.2734375,0.25041288075779344,29,1712919030263
1292,3.12109375,2.7265625,-0.37109375,0.25041288075779344,20,1712919030263
1292,-0.6015625,2.05078125,-0.04296875,0.37561932113669017,51,1712919030263
1292,-0.611328125,2.087890625,-0.0625,0.37561932113669017,71,1712919030263
1292,-0.552734375,2.126953125,-0.267578125,0.37561932113669017,64,1712919030263
1292,-0.5625,2.138671875,-0.431640625,0.37561932113669017,69,1712919030263
1292,-0.64453125,2.15234375,-0.447265625,0.37561932113669017,54,1712919030263
1292,-0.654296875,2.19140625,-0.435546875,0.37561932113669017,24,1712919030263
1292,-0.734375,2.005859375,-0.095703125,-0.5008257615155869,16,1712919030263
1292,-0.748046875,2.04296875,-0.060546875,-0.5008257615155869,21,1712919030263
1292,-0.76171875,2.080078125,0.021484375,-0.5008257615155869,22,1712919030263
1292,-0.7734375,2.11328125,0.064453125,-0.5008257615155869,17,1712919030263
1292,-0.787109375,1.9453125,-0.03515625,-0.37561932113669017,25,1712919030263
1292,-0.734375,2.005859375,0.0703125,-0.37561932113669017,59,1712919030263
1292,-0.748046875,2.041015625,0.109375,-0.37561932113669017,79,1712919030263
1292,-0.76171875,2.07421875,0.1484375,-0.37561932113669017,69,1712919030263
1292,-0.7734375,2.107421875,0.1875,-0.37561932113669017,43,1712919030263
1292,-0.787109375,2.13671875,0.2421875,-0.37561932113669017,18,1712919030263
1292,-0.708984375,1.935546875,0.064453125,-0.25041288075779344,48,1712919030263
1292,-0.787109375,1.947265625,0.01953125,-0.25041288075779344,77,1712919030263
1292,-0.734375,2.0078125,0.0390625,-0.25041288075779344,59,1712919030263
1292,-0.748046875,2.03515625,0.173828125,-0.25041288075779344,83,1712919030263
1292,-0.76171875,2.068359375,0.212890625,-0.25041288075779344,76,1712919030263
1292,-0.7734375,2.095703125,0.28515625,-0.25041288075779344,39,1712919030263
1292,-0.708984375,1.9296875,0.158203125,-0.12520644037889672,85,1712919030263
1292,-0.72265625,1.966796875,0.13671875,-0.12520644037889672,154,1712919030263
1292,-0.80078125,1.982421875,0.02734375,-0.12520644037889672,115,1712919030263
1292,-0.6796875,2.03515625,-0.36328125,-0.12520644037889672,28,1712919030263
1292,-3.478515625,0.0,3.740234375,0.12520644037889672,26,1712919030263
1292,-3.51171875,0.0,3.701171875,0.12520644037889672,21,1712919030263
1292,-3.318359375,0.0,3.958984375,0.25041288075779344,18,1712919030263
1292,-3.478515625,0.0,4.009765625,0.25041288075779344,23,1712919030263
1292,-3.640625,0.0,3.908203125,0.25041288075779344,17,1712919030263
1293,-0.7578125,1.853515625,0.2890625,0.0,32,1712919030363
1293,-0.7734375,1.888671875,0.287109375,0.0,106,1712919030363
1293,-0.72265625,1.962890625,0.185546875,0.0,176,1712919030363
1293,-0.66796875,2.02734375,-0.11328125,0.0,244,1712919030363
1293,-0.611328125,2.064453125,-0.31640625,0.0,336,1712919030363
1293,-0.69140625,2.07421875,-0.34765625,0.0,305,1712919030363
1293,-0.6328125,2.146484375,-0.26171875,0.0,155,1712919030363
1293,-0.9921875,2.119140625,-0.703125,0.0,13,1712919030363
1293,-1.0078125,2.1875,-0.59765625,0.0,33,1712919030363
1293,-1.0234375,2.23046875,-0.5703125,0.0,43,1712919030363
1293,-1.119140625,2.220703125,-0.59765625,0.0,30,1712919030363
1293,-0.58984375,2.00390625,-0.20703125,0.12520644037889672,52,1712919030363
1293,-0.6015625,2.033203125,-0.27734375,0.12520644037889672,249,1712919030363
1293,-0.611328125,2.072265625,-0.25390625,0.12520644037889672,515,1712919030363
1293,-0.69140625,2.08984375,-0.240234375,0.12520644037889672,500,1712919030363
1293,-0.6328125,2.158203125,-0.130859375,0.12520644037889672,228,1712919030363
1293,-0.859375,2.11328125,-0.20703125,0.12520644037889672,45,1712919030363
1293,-0.9921875,2.19921875,-0.388671875,0.12520644037889672,25,1712919030363
1293,-1.0859375,2.1953125,-0.39453125,0.12520644037889672,63,1712919030363
1293,-1.0234375,2.26171875,-0.427734375,0.12520644037889672,83,1712919030363
1293,-1.119140625,2.25,-0.48046875,0.12520644037889672,56,1712919030363
1293,-0.58984375,2.0,-0.2421875,0.25041288075779344,26,1712919030363
1293,-0.6015625,2.048828125,-0.115234375,0.25041288075779344,142,1712919030363
1293,-0.611328125,2.0859375,-0.087890625,0.25041288075779344,291,1712919030363
1293,-0.69140625,2.1015625,-0.060546875,0.25041288075779344,275,1712919030363
1293,-0.703125,2.13671875,0.09765625,0.25041288075779344,109,1712919030363
1293,-0.4296875,2.169921875,-0.595703125,0.25041288075779344,39,1712919030363
1293,-1.0859375,2.21875,-0.244140625,0.25041288075779344,34,1712919030363
1293,-1.1015625,2.25390625,-0.232421875,0.25041288075779344,47,1712919030363
1293,-0.4921875,2.138671875,-0.505859375,0.37561932113669017,21,1712919030363
1293,-0.64453125,2.1640625,-0.388671875,0.37561932113669017,23,1712919030363
1293,-0.6953125,1.900390625,0.01171875,-0.25041288075779344,40,1712919030363
1293,-0.7734375,1.91015625,0.060546875,-0.25041288075779344,128,1712919030363
1293,-0.72265625,1.970703125,0.033203125,-0.25041288075779344,174,1712919030363
1293,-0.734375,2.0078125,-0.03515625,-0.25041288075779344,102,1712919030363
1293,-0.6953125,1.896484375,0.125,-0.12520644037889672,62,1712919030363
1293,-0.708984375,1.9296875,0.16015625,-0.12520644037889672,203,1712919030363
1293,-0.787109375,1.94140625,0.15234375,-0.12520644037889672,302,1712919030363
1293,-0.734375,2.005859375,0.0703125,-0.12520644037889672,228,1712919030363
1293,-0.6796875,2.05859375,-0.19140625,-0.12520644037889672,109,1712919030363
1293,-0.623046875,2.109375,-0.259765625,-0.12520644037889672,69,1712919030363
1293,-0.6328125,2.158203125,-0.119140625,-0.12520644037889672,48,1712919030363
1293,1.71875,1.490234375,-0.27734375,0.12520644037889672,24,1712919030363
1294,-0.7578125,1.861328125,0.234375,0.0,40,1712919030463
1294,-0.7734375,1.892578125,0.26953125,0.0,100,1712919030463
1294,-0.787109375,1.927734375,0.275390625,0.0,125,1712919030463
1294,-0.734375,2.005859375,0.087890625,0.0,126,1712919030463
1294,-0.6796875,2.05859375,-0.17578125,0.0,159,1712919030463
1294,-0.623046875,2.103515625,-0.302734375,0.0,167,1712919030463
1294,-0.6328125,2.126953125,-0.388671875,0.0,124,1712919030463
1294,-0.64453125,2.1328125,-0.533203125,0.0,77,1712919030463
1294,-1.0859375,2.181640625,-0.466796875,0.0,18,1712919030463
1294,-1.0234375,2.228515625,-0.578125,0.0,38,1712919030463
1294,-1.119140625,2.20703125,-0.650390625,0.0,40,1712919030463
1294,-0.787109375,1.943359375,0.111328125,0.12520644037889672,42,1712919030463
1294,-0.66796875,2.0234375,-0.16796875,0.12520644037889672,100,1712919030463
1294,-0.611328125,2.078125,-0.201171875,0.12520644037889672,233,1712919030463
1294,-0.623046875,2.11328125,-0.23046875,0.12520644037889672,303,1712919030463
1294,-0.6328125,2.142578125,-0.283203125,0.12520644037889672,232,1712919030463
1294,-0.64453125,2.162109375,-0.400390625,0.12520644037889672,151,1712919030463
1294,-0.58203125,2.1953125,-0.515625,0.12520644037889672,91,1712919030463
1294,-1.0078125,2.224609375,-0.4375,0.12520644037889672,36,1712919030463
1294,-1.0234375,2.25,-0.48828125,0.12520644037889672,76,1712919030463
1294,-1.0390625,2.26953125,-0.560546875,0.12520644037889672,83,1712919030463
1294,-1.134765625,2.234375,-0.6796875,0.12520644037889672,49,1712919030463
1294,-0.734375,2.00390625,-0.125,0.25041288075779344,37,1712919030463
1294,-0.611328125,2.0859375,-0.08984375,0.25041288075779344,92,1712919030463
1294,-0.69140625,2.099609375,-0.12109375,0.25041288075779344,118,1712919030463
1294,-0.6328125,2.158203125,-0.12890625,0.25041288075779344,90,1712919030463
1294,-0.64453125,2.1875,-0.224609375,0.25041288075779344,60,1712919030463
1294,-0.654296875,2.21484375,-0.29296875,0.25041288075779344,37,1712919030463
1294,-1.1015625,2.224609375,-0.43359375,0.25041288075779344,49,1712919030463
1294,-1.119140625,2.232421875,-0.55078125,0.25041288075779344,59,1712919030463
1294,-1.216796875,2.20703125,-0.623046875,0.25041288075779344,39,1712919030463
1294,-0.7578125,1.875,-0.04296875,-0.25041288075779344,34,1712919030463
1294,-0.7734375,1.91015625,0.001953125,-0.25041288075779344,89,1712919030463
1294,-0.72265625,1.97265625,-0.005859375,-0.25041288075779344,116,1712919030463
1294,-0.734375,2.0078125,0.009765625,-0.25041288075779344,88,1712919030463
1294,-0.81640625,2.00390625,0.224609375,-0.25041288075779344,35,1712919030463
1294,-0.7578125,1.87109375,0.140625,-0.12520644037889672,74,1712919030463
1294,-0.7734375,1.90625,0.13671875,-0.12520644037889672,193,1712919030463
1294,-0.787109375,1.94140625,0.1328125,-0.12520644037889672,254,1712919030463
1294,-0.734375,2.001953125,0.146484375,-0.12520644037889672,193,1712919030463
1294,-0.81640625,1.98828125,0.3359375,-0.12520644037889672,80,1712919030463
1294,-0.6328125,2.017578125,-0.77734375,-0.12520644037889672,34,1712919030463
1294,-0.572265625,2.109375,-0.685546875,-0.12520644037889672,24,1712919030463
1294,-3.306640625,0.0,-3.419921875,-0.12520644037889672,19,1712919030463
1294,-1.771484375,2.40234375,-2.318359375,-0.12520644037889672,11,1712919030463
1295,-0.822265625,1.833984375,0.2265625,0.0,18,1712919030563
1295,-0.787109375,1.93359375,0.228515625,0.0,52,1712919030563
1295,-0.734375,2.005859375,0.0859375,0.0,99,1712919030563
1295,-0.6796875,2.06640625,-0.07421875,0.0,130,1712919030563
1295,-0.623046875,2.119140625,-0.146484375,0.0,133,1712919030563
1295,-0.5625,2.158203125,-0.3203125,0.0,98,1712919030563
1295,-0.501953125,2.15234375,-0.603515625,0.0,65,1712919030563
1295,-1.119140625,2.150390625,-0.81640625,0.0,25,1712919030563
1295,-0.787109375,1.939453125,-0.15625,0.12520644037889672,21,1712919030563
1295,-0.6015625,2.046875,-0.150390625,0.12520644037889672,81,1712919030563
1295,-0.544921875,2.1015625,-0.15234375,0.12520644037889672,179,1712919030563
1295,-0.552734375,2.134765625,-0.203125,0.12520644037889672,221,1712919030563
1295,-0.4921875,2.15625,-0.423828125,0.12520644037889672,184,1712919030563
1295,-0.501953125,2.162109375,-0.56640625,0.12520644037889672,140,1712919030563
1295,-0.58203125,2.162109375,-0.642578125,0.12520644037889672,91,1712919030563
1295,-1.119140625,2.19921875,-0.671875,0.12520644037889672,44,1712919030563
1295,-1.216796875,2.212890625,-0.603515625,0.12520644037889672,38,1712919030563
1295,-0.6015625,2.05078125,0.03125,0.25041288075779344,32,1712919030563
1295,-0.544921875,2.107421875,0.013671875,0.25041288075779344,76,1712919030563
1295,-0.552734375,2.142578125,-0.09375,0.25041288075779344,102,1712919030563
1295,-0.5625,2.1484375,-0.376953125,0.25041288075779344,99,1712919030563
1295,-0.572265625,2.146484375,-0.556640625,0.25041288075779344,84,1712919030563
1295,-0.654296875,2.15625,-0.58984375,0.25041288075779344,52,1712919030563
1295,-0.72265625,1.970703125,-0.04296875,-0.25041288075779344,48,1712919030563
1295,-0.734375,2.0078125,-0.0390625,-0.25041288075779344,82,1712919030563
1295,-0.81640625,2.015625,-0.0546875,-0.25041288075779344,65,1712919030563
1295,-0.76171875,2.078125,0.0390625,-0.25041288075779344,34,1712919030563
1295,-0.7578125,1.87109375,0.123046875,-0.12520644037889672,36,1712919030563
1295,-0.787109375,1.943359375,0.10546875,-0.12520644037889672,107,1712919030563
1295,-0.734375,2.005859375,0.09375,-0.12520644037889672,184,1712919030563
1295,-0.748046875,2.0390625,0.12890625,-0.12520644037889672,148,1712919030563
1295,-0.830078125,2.044921875,0.17578125,-0.12520644037889672,73,1712919030563
1296,-0.7578125,1.86328125,0.20703125,0.0,48,1712919030664
1296,-0.837890625,1.87109375,0.224609375,0.0,82,1712919030664
1296,-0.787109375,1.935546875,0.2109375,0.0,81,1712919030664
1296,-0.80078125,1.974609375,0.158203125,0.0,59,1712919030664
1296,-0.611328125,2.0625,-0.322265625,0.0,102,1712919030664
1296,-0.552734375,2.119140625,-0.328125,0.0,177,1712919030664
1296,-0.5625,2.169921875,-0.2265625,0.0,133,1712919030664
1296,-0.728515625,2.00390625,-0.939453125,0.0,55,1712919030664
1296,-0.666015625,2.1171875,-0.822265625,0.0,54,1712919030664
1296,-0.67578125,2.142578125,-0.859375,0.0,25,1712919030664
1296,-0.822265625,1.8203125,0.326171875,0.12520644037889672,24,1712919030664
1296,-0.837890625,1.85546875,0.32421875,0.12520644037889672,39,1712919030664
1296,-0.787109375,1.91796875,0.33203125,0.12520644037889672,33,1712919030664
1296,-0.66796875,2.029296875,0.064453125,0.12520644037889672,39,1712919030664
1296,-0.611328125,2.080078125,-0.177734375,0.12520644037889672,178,1712919030664
1296,-0.623046875,2.119140625,-0.162109375,0.12520644037889672,322,1712919030664
1296,-0.5625,2.181640625,-0.017578125,0.12520644037889672,227,1712919030664
1296,1.646484375,1.568359375,-0.271484375,0.12520644037889672,21,1712919030664
1296,-0.654296875,2.103515625,-0.755859375,0.12520644037889672,114,1712919030664
1296,-0.666015625,2.1796875,-0.642578125,0.12520644037889672,108,1712919030664
1296,-0.67578125,2.224609375,-0.6171875,0.12520644037889672,50,1712919030664
1296,-0.611328125,2.087890625,-0.046875,0.25041288075779344,99,1712919030664
1296,-0.623046875,2.125,-0.015625,0.25041288075779344,173,1712919030664
1296,-0.6328125,2.154296875,0.1796875,0.25041288075779344,111,1712919030664
1296,-0.64453125,1.724609375,-1.361328125,0.25041288075779344,32,1712919030664
1296,-0.728515625,2.125,-0.611328125,0.25041288075779344,88,1712919030664
1296,-0.666015625,2.21484375,-0.5,0.25041288075779344,77,1712919030664
1296,-0.751953125,2.234375,-0.47265625,0.25041288075779344,35,1712919030664
1296,-0.7578125,1.875,-0.05859375,-0.25041288075779344,41,1712919030664
1296,-0.7734375,1.91015625,-0.056640625,-0.25041288075779344,72,1712919030664
1296,-0.787109375,1.9453125,-0.046875,-0.25041288075779344,70,1712919030664
1296,-0.80078125,1.98046875,-0.056640625,-0.25041288075779344,53,1712919030664
1296,-0.81640625,2.015625,-0.064453125,-0.25041288075779344,38,1712919030664
1296,-0.744140625,1.837890625,0.07421875,-0.12520644037889672,26,1712919030664
1296,-0.6953125,1.8984375,0.060546875,-0.12520644037889672,104,1712919030664
1296,-0.7734375,1.91015625,0.078125,-0.12520644037889672,180,1712919030664
1296,-0.787109375,1.9453125,0.083984375,-0.12520644037889672,173,1712919030664
1296,-0.80078125,1.98046875,0.083984375,-0.12520644037889672,127,1712919030664
1296,-0.81640625,2.017578125,0.013671875,-0.12520644037889672,90,1712919030664
1296,-0.76171875,2.072265625,-0.162109375,-0.12520644037889672,59,1712919030664
1296,-0.4296875,1.36328125,1.791015625,0.12520644037889672,18,1712919030664
1297,-0.66796875,2.021484375,-0.185546875,0.0,17,1712919030766
1297,-0.611328125,2.064453125,-0.3203125,0.0,55,1712919030766
1297,-0.623046875,2.10546875,-0.28515625,0.0,94,1712919030766
1297,-0.703125,2.107421875,-0.369140625,0.0,69,1712919030766
1297,-0.71484375,2.029296875,-0.78515625,0.0,69,1712919030766
1297,-0.654296875,2.091796875,-0.783203125,0.0,77,1712919030766
1297,-0.591796875,2.1953125,-0.66015625,0.0,97,1712919030766
1297,-0.67578125,2.21484375,-0.650390625,0.0,80,1712919030766
1297,-0.763671875,2.23046875,-0.642578125,0.0,28,1712919030766
1297,-1.19921875,2.240234375,-0.294921875,0.0,18,1712919030766
1297,-0.7578125,1.859375,0.251953125,0.12520644037889672,20,1712919030766
1297,-0.7734375,1.8984375,0.224609375,0.12520644037889672,26,1712919030766
1297,-0.787109375,1.923828125,0.291015625,0.12520644037889672,17,1712919030766
1297,-0.466796875,2.041015625,-0.431640625,0.12520644037889672,20,1712919030766
1297,-0.611328125,2.076171875,-0.22265625,0.12520644037889672,97,1712919030766
1297,-0.623046875,2.119140625,-0.142578125,0.12520644037889672,177,1712919030766
1297,-0.703125,2.126953125,-0.240234375,0.12520644037889672,140,1712919030766
1297,-0.71484375,2.083984375,-0.62890625,0.12520644037889672,135,1712919030766
1297,-0.728515625,2.111328125,-0.65625,0.12520644037889672,147,1712919030766
1297,-0.591796875,2.2265625,-0.544921875,0.12520644037889672,204,1712919030766
1297,-0.67578125,2.234375,-0.57421875,0.12520644037889672,165,1712919030766
1297,-0.6875,2.265625,-0.60546875,0.12520644037889672,59,1712919030766
1297,-0.611328125,2.0859375,-0.09765625,0.25041288075779344,47,1712919030766
1297,-0.623046875,2.125,0.021484375,0.25041288075779344,78,1712919030766
1297,-0.7734375,2.10546875,-0.203125,0.25041288075779344,61,1712919030766
1297,-0.787109375,2.0703125,-0.5859375,0.25041288075779344,78,1712919030766
1297,-0.58203125,2.2265625,-0.361328125,0.25041288075779344,112,1712919030766
1297,-0.591796875,2.255859375,-0.3984375,0.25041288075779344,174,1712919030766
1297,-0.67578125,2.265625,-0.439453125,0.25041288075779344,140,1712919030766
1297,-0.763671875,2.267578125,-0.498046875,0.25041288075779344,51,1712919030766
1297,-0.58203125,2.244140625,-0.21484375,0.37561932113669017,29,1712919030766
1297,-0.591796875,2.2734375,-0.2890625,0.37561932113669017,44,1712919030766
1297,-0.67578125,2.29296875,-0.259765625,0.37561932113669017,34,1712919030766
1297,-1.1015625,2.14453125,-0.732421875,-0.25041288075779344,31,1712919030766
1297,-1.119140625,2.1875,-0.712890625,-0.25041288075779344,44,1712919030766
1297,-1.134765625,2.2265625,-0.69921875,-0.25041288075779344,32,1712919030766
1297,-0.822265625,1.84765625,0.0390625,-0.12520644037889672,15,1712919030766
1297,-0.708984375,1.935546875,-0.060546875,-0.12520644037889672,20,1712919030766
1297,-0.80078125,1.978515625,0.11328125,-0.12520644037889672,21,1712919030766
1297,-1.1015625,2.201171875,-0.537109375,-0.12520644037889672,33,1712919030766
1297,-1.119140625,2.234375,-0.548828125,-0.12520644037889672,45,1712919030766
1297,-1.134765625,2.265625,-0.560546875,-0.12520644037889672,34,1712919030766
1297,-1.203125,1.279296875,1.21875,0.12520644037889672,13,1712919030766
1298,-0.744140625,1.837890625,0.076171875,0.0,14,1712919030866
1298,-0.7578125,1.875,0.04296875,0.0,57,1712919030866
1298,-0.7734375,1.91015625,0.03125,0.0,95,1712919030866
1298,-0.787109375,1.947265625,0.01953125,0.0,78,1712919030866
1298,-0.80078125,1.982421875,-0.001953125,0.0,37,1712919030866
1298,-0.748046875,2.04296875,-0.072265625,0.0,30,1712919030866
1298,-0.69140625,2.09765625,-0.158203125,0.0,27,1712919030866
1298,-0.509765625,2.1640625,-0.693359375,0.0,89,1712919030866
1298,-0.591796875,2.193359375,-0.662109375,0.0,125,1712919030866
1298,-0.67578125,2.212890625,-0.65625,0.0,104,1712919030866
1298,-0.6875,2.244140625,-0.681640625,0.0,53,1712919030866
1298,-1.0078125,2.2421875,-0.33203125,0.0,23,1712919030866
1298,-1.1015625,2.259765625,-0.15625,0.0,29,1712919030866
1298,-0.744140625,1.8359375,0.11328125,0.12520644037889672,25,1712919030866
1298,-0.7578125,1.87109375,0.140625,0.12520644037889672,104,1712919030866
1298,-0.7734375,1.904296875,0.150390625,0.12520644037889672,174,1712919030866
1298,-0.787109375,1.94140625,0.150390625,0.12520644037889672,142,1712919030866
1298,-0.80078125,1.978515625,0.1015625,0.12520644037889672,76,1712919030866
1298,-0.748046875,2.04296875,0.00390625,0.12520644037889672,73,1712919030866
1298,-0.69140625,2.099609375,-0.109375,0.12520644037889672,81,1712919030866
1298,-0.6328125,2.142578125,-0.287109375,0.12520644037889672,78,1712919030866
1298,-0.572265625,2.154296875,-0.525390625,0.12520644037889672,100,1712919030866
1298,-0.58203125,2.1796875,-0.57421875,0.12520644037889672,189,1712919030866
1298,-0.591796875,2.22265625,-0.55859375,0.12520644037889672,259,1712919030866
1298,-0.6015625,2.26953125,-0.5234375,0.12520644037889672,209,1712919030866
1298,-0.6875,2.28515625,-0.525390625,0.12520644037889672,102,1712919030866
1298,-0.775390625,2.29296875,-0.546875,0.12520644037889672,27,1712919030866
1298,-0.822265625,1.830078125,0.259765625,0.25041288075779344,58,1712919030866
1298,-0.837890625,1.86328125,0.2734375,0.25041288075779344,101,1712919030866
1298,-0.853515625,1.900390625,0.26171875,0.25041288075779344,97,1712919030866
1298,-0.869140625,1.939453125,0.2265625,0.25041288075779344,67,1712919030866
1298,-0.81640625,2.009765625,0.181640625,0.25041288075779344,43,1712919030866
1298,-0.572265625,2.166015625,-0.4765625,0.25041288075779344,70,1712919030866
1298,-0.58203125,2.201171875,-0.490234375,0.25041288075779344,148,1712919030866
1298,-0.666015625,2.21484375,-0.50390625,0.25041288075779344,181,1712919030866
1298,-0.67578125,2.2578125,-0.48046875,0.25041288075779344,136,1712919030866
1298,-0.6875,2.294921875,-0.478515625,0.25041288075779344,65,1712919030866
1298,-0.91796875,1.818359375,0.505859375,0.37561932113669017,22,1712919030866
1298,-1.001953125,1.8125,0.52734375,0.37561932113669017,18,1712919030866
1298,-0.58203125,2.212890625,-0.427734375,0.37561932113669017,34,1712919030866
1298,-0.666015625,2.22265625,-0.46484375,0.37561932113669017,39,1712919030866
1298,-0.67578125,2.224609375,-0.611328125,0.37561932113669017,26,1712919030866
1298,-1.181640625,2.146484375,-0.58984375,-0.37561932113669017,25,1712919030866
1298,-1.19921875,2.189453125,-0.560546875,-0.37561932113669017,22,1712919030866
1298,-1.0859375,2.203125,-0.349609375,-0.25041288075779344,24,1712919030866
1298,-1.1015625,2.216796875,-0.46484375,-0.25041288075779344,27,1712919030866
1298,-0.787109375,1.94140625,-0.1484375,-0.12520644037889672,19,1712919030866
1298,-0.69140625,2.064453125,-0.404296875,-0.12520644037889672,34,1712919030866
1298,-0.703125,2.109375,-0.35546875,-0.12520644037889672,34,1712919030866
1298,-1.0078125,2.24609375,-0.3125,-0.12520644037889672,32,1712919030866
1298,-1.1015625,2.240234375,-0.34375,-0.12520644037889672,41,1712919030866
1298,-2.015625,0.0,1.97265625,0.12520644037889672,14,1712919030866
1298,-0.517578125,2.259765625,-0.4765625,0.25041288075779344,180,1712919030866
1299,-0.822265625,1.84765625,0.04296875,0.0,17,1712919030965
1299,-0.7734375,1.91015625,0.025390625,0.0,38,1712919030965
1299,-0.72265625,1.970703125,0.037109375,0.0,56,1712919030965
1299,-0.734375,2.0078125,0.021484375,0.0,77,1712919030965
1299,-0.748046875,2.04296875,-0.060546875,0.0,79,1712919030965
1299,-0.69140625,2.09765625,-0.146484375,0.0,64,1712919030965
1299,-0.84375,2.076171875,-0.22265625,0.0,34,1712919030965
1299,-0.509765625,2.181640625,-0.6328125,0.0,41,1712919030965
1299,-0.591796875,2.158203125,-0.76953125,0.0,40,1712919030965
1299,-0.67578125,2.142578125,-0.859375,0.0,22,1712919030965
1299,-0.9921875,2.216796875,-0.26953125,0.0,31,1712919030965
1299,-1.0078125,2.255859375,-0.224609375,0.0,62,1712919030965
1299,-1.1015625,2.259765625,-0.16015625,0.0,60,1712919030965
1299,-1.119140625,2.291015625,-0.205078125,0.0,27,1712919030965
1299,-3.306640625,0.0,-3.779296875,0.0,16,1712919030965
1299,-0.7578125,1.87109375,0.13671875,0.12520644037889672,36,1712919030965
1299,-0.708984375,1.931640625,0.140625,0.12520644037889672,71,1712919030965
1299,-0.72265625,1.9609375,0.203125,0.12520644037889672,80,1712919030965
1299,-0.734375,2.001953125,0.162109375,0.12520644037889672,122,1712919030965
1299,-0.6796875,2.060546875,0.16796875,0.12520644037889672,111,1712919030965
1299,-0.69140625,2.068359375,0.384765625,0.12520644037889672,32,1712919030965
1299,-0.4375,2.171875,-0.716796875,0.12520644037889672,65,1712919030965
1299,-0.517578125,2.126953125,-0.900390625,0.12520644037889672,73,1712919030965
1299,-0.525390625,2.064453125,-1.115234375,0.12520644037889672,39,1712919030965
1299,-3.306640625,0.0,-3.4140625,0.12520644037889672,28,1712919030965
1299,-3.33984375,0.0,-3.4765625,0.12520644037889672,21,1712919030965
1299,-0.7578125,1.85546875,0.279296875,0.25041288075779344,31,1712919030965
1299,-0.7734375,1.892578125,0.26171875,0.25041288075779344,64,1712919030965
1299,-0.72265625,1.953125,0.275390625,0.25041288075779344,45,1712919030965
1299,-0.66796875,2.001953125,0.3359375,0.25041288075779344,25,1712919030965
1299,-0.748046875,2.015625,0.33203125,0.25041288075779344,46,1712919030965
1299,-0.501953125,2.197265625,-0.408203125,0.25041288075779344,30,1712919030965
1299,-0.509765625,2.17578125,-0.654296875,0.25041288075779344,74,1712919030965
1299,-0.517578125,2.189453125,-0.736328125,0.25041288075779344,92,1712919030965
1299,-0.6015625,2.181640625,-0.81640625,0.25041288075779344,55,1712919030965
1299,-0.837890625,1.8359375,0.421875,0.37561932113669017,26,1712919030965
1299,-0.787109375,1.908203125,0.38671875,0.37561932113669017,37,1712919030965
1299,-0.80078125,1.955078125,0.328125,0.37561932113669017,22,1712919030965
1299,-0.509765625,2.201171875,-0.5625,0.37561932113669017,30,1712919030965
1299,-0.591796875,2.212890625,-0.59375,0.37561932113669017,39,1712919030965
1299,-0.67578125,2.228515625,-0.59765625,0.37561932113669017,26,1712919030965
1299,-0.9921875,2.146484375,-0.615234375,-0.37561932113669017,22,1712919030965
1299,-1.0859375,2.125,-0.6796875,-0.37561932113669017,54,1712919030965
1299,-1.1015625,2.14453125,-0.728515625,-0.37561932113669017,68,1712919030965
1299,-1.119140625,2.16796875,-0.767578125,-0.37561932113669017,46,1712919030965
1299,-0.76171875,2.009765625,-0.533203125,-0.25041288075779344,27,1712919030965
1299,-0.7734375,2.060546875,-0.4765625,-0.25041288075779344,26,1712919030965
1299,-0.9921875,2.177734375,-0.494140625,-0.25041288075779344,72,1712919030965
1299,-1.0078125,2.20703125,-0.5234375,-0.25041288075779344,155,1712919030965
1299,-1.1015625,2.201171875,-0.5390625,-0.25041288075779344,168,1712919030965
1299,-1.119140625,2.22265625,-0.59375,-0.25041288075779344,96,1712919030965
1299,-1.134765625,2.267578125,-0.5546875,-0.25041288075779344,27,1712919030965
1299,-0.748046875,1.98046875,-0.505859375,-0.12520644037889672,33,1712919030965
1299,-0.76171875,2.029296875,-0.453125,-0.12520644037889672,77,1712919030965
1299,-0.7734375,2.076171875,-0.408203125,-0.12520644037889672,73,1712919030965
1299,-0.654296875,2.11328125,-0.728515625,-0.12520644037889672,36,1712919030965
1299,-0.751953125,2.20703125,-0.58984375,-0.12520644037889672,32,1712919030965
1299,-0.9921875,2.19921875,-0.380859375,-0.12520644037889672,78,1712919030965
1299,-1.0078125,2.23828125,-0.359375,-0.12520644037889672,156,1712919030965
1299,-1.0234375,2.271484375,-0.380859375,-0.12520644037889672,154,1712919030965
1299,-1.119140625,2.263671875,-0.408203125,-0.12520644037889672,79,1712919030965
1299,3.25,2.544921875,-0.5234375,-0.12520644037889672,19,1712919030965
1299,3.412109375,2.404296875,-0.4609375,-0.12520644037889672,19,1712919030965
1299,-1.771484375,0.0,-3.71484375,0.0,10,1712919030965
1300,-0.7578125,1.875,0.01171875,0.0,23,1712919031065
1300,-0.708984375,1.935546875,0.00390625,0.0,91,1712919031065
1300,-0.72265625,1.97265625,-0.009765625,0.0,141,1712919031065
1300,-0.734375,2.0078125,-0.044921875,0.0,93,1712919031065
1300,-0.6796875,2.02734375,-0.40625,0.0,34,1712919031065
1300,-0.76171875,2.064453125,-0.25,0.0,106,1712919031065
1300,-0.7734375,2.09765625,-0.26953125,0.0,106,1712919031065
1300,-0.71484375,2.146484375,-0.35546875,0.0,72,1712919031065
1300,-0.58203125,2.103515625,-0.814453125,0.0,63,1712919031065
1300,-0.517578125,2.056640625,-1.05078125,0.0,62,1712919031065
1300,-0.525390625,2.056640625,-1.130859375,0.0,47,1712919031065
1300,-0.458984375,1.787109375,-1.6015625,0.0,22,1712919031065
1300,-0.9296875,2.291015625,-0.212890625,0.0,52,1712919031065
1300,-0.9453125,2.31640625,-0.296875,0.0,67,1712919031065
1300,-1.0390625,2.32421875,-0.248046875,0.0,38,1712919031065
1300,-0.6953125,1.89453125,0.134765625,0.12520644037889672,44,1712919031065
1300,-0.7734375,1.90625,0.138671875,0.12520644037889672,169,1712919031065
1300,-0.787109375,1.943359375,0.123046875,0.12520644037889672,258,1712919031065
1300,-0.80078125,1.98046875,0.083984375,0.12520644037889672,157,1712919031065
1300,-0.81640625,2.013671875,0.1171875,0.12520644037889672,73,1712919031065
1300,-0.76171875,2.07421875,0.1328125,0.12520644037889672,74,1712919031065
1300,-0.4375,1.6796875,-1.552734375,0.12520644037889672,38,1712919031065
1300,-0.517578125,1.99609375,-1.1640625,0.12520644037889672,80,1712919031065
1300,-0.6015625,2.103515625,-0.998046875,0.12520644037889672,82,1712919031065
1300,-0.611328125,2.169921875,-0.9453125,0.12520644037889672,50,1712919031065
1300,-3.458984375,0.0,3.748046875,0.12520644037889672,28,1712919031065
1300,-3.373046875,0.0,3.6015625,0.12520644037889672,26,1712919031065
1300,-0.7578125,1.857421875,0.26171875,0.25041288075779344,26,1712919031065
1300,-0.708984375,1.919921875,0.244140625,0.25041288075779344,104,1712919031065
1300,-0.787109375,1.9296875,0.2578125,0.25041288075779344,155,1712919031065
1300,-0.80078125,1.96875,0.228515625,0.25041288075779344,91,1712919031065
1300,-0.884765625,1.966796875,0.287109375,0.25041288075779344,25,1712919031065
1300,-0.830078125,2.033203125,0.27734375,0.25041288075779344,31,1712919031065
1300,-0.509765625,1.990234375,-1.09765625,0.25041288075779344,48,1712919031065
1300,-0.517578125,2.115234375,-0.927734375,0.25041288075779344,86,1712919031065
1300,-0.6015625,2.177734375,-0.826171875,0.25041288075779344,82,1712919031065
1300,-0.611328125,2.232421875,-0.783203125,0.25041288075779344,45,1712919031065
1300,-1.068359375,2.03125,-0.8359375,-0.37561932113669017,21,1712919031065
1300,-1.0859375,2.11328125,-0.71875,-0.37561932113669017,26,1712919031065
1300,-0.6796875,2.0,-0.525390625,-0.25041288075779344,56,1712919031065
1300,-0.69140625,2.03125,-0.544921875,-0.25041288075779344,94,1712919031065
1300,-0.703125,2.06640625,-0.556640625,-0.25041288075779344,91,1712919031065
1300,-0.64453125,2.1015625,-0.64453125,-0.25041288075779344,64,1712919031065
1300,-0.58203125,2.087890625,-0.849609375,-0.25041288075779344,43,1712919031065
1300,-1.298828125,1.986328125,-0.583984375,-0.25041288075779344,23,1712919031065
1300,-0.697265625,2.349609375,-0.392578125,-0.25041288075779344,27,1712919031065
1300,-0.865234375,2.298828125,-0.5625,-0.25041288075779344,43,1712919031065
1300,-0.958984375,2.291015625,-0.609375,-0.25041288075779344,32,1712919031065
1300,-0.72265625,1.962890625,-0.1875,-0.12520644037889672,20,1712919031065
1300,-0.734375,1.984375,-0.298828125,-0.12520644037889672,53,1712919031065
1300,-0.6796875,2.029296875,-0.3984375,-0.12520644037889672,132,1712919031065
1300,-0.76171875,2.037109375,-0.412109375,-0.12520644037889672,216,1712919031065
1300,-0.703125,2.09765625,-0.416015625,-0.12520644037889672,212,1712919031065
1300,-0.64453125,2.13671875,-0.51171875,-0.12520644037889672,144,1712919031065
1300,-0.58203125,2.126953125,-0.751953125,-0.12520644037889672,101,1712919031065
1300,-0.591796875,2.125,-0.857421875,-0.12520644037889672,64,1712919031065
1300,-0.853515625,2.29296875,-0.41796875,-0.12520644037889672,88,1712919031065
1300,-0.9453125,2.291015625,-0.455078125,-0.12520644037889672,113,1712919031065
1300,-1.0390625,2.294921875,-0.4375,-0.12520644037889672,68,1712919031065
1300,3.12109375,2.67578125,-0.64453125,-0.12520644037889672,20,1712919031065
1300,3.150390625,2.701171875,-0.646484375,-0.12520644037889672,24,1712919031065
1300,0.3046875,1.921875,1.4765625,0.0,12,1712919031065
1300,0.36328125,1.890625,1.310546875,0.12520644037889672,20,1712919031065
1300,-1.55078125,1.6875,0.951171875,-0.25041288075779344,22,1712919031065
1301,-0.708984375,1.935546875,0.056640625,0.0,17,1712919031167
1301,-0.72265625,1.97265625,0.009765625,0.0,33,1712919031167
1301,-0.734375,2.00390625,-0.12109375,0.0,34,1712919031167
1301,-0.6796875,2.05078125,-0.259765625,0.0,48,1712919031167
1301,-0.69140625,2.09375,-0.19140625,0.0,60,1712919031167
1301,-0.7734375,2.107421875,-0.1875,0.0,47,1712919031167
1301,-0.9296875,2.05078125,-0.419921875,0.0,30,1712919031167
1301,-0.728515625,2.14453125,-0.544921875,0.0,50,1712919031167
1301,-0.740234375,2.185546875,-0.529296875,0.0,60,1712919031167
1301,-0.67578125,2.2421875,-0.544921875,0.0,53,1712919031167
1301,-0.83984375,2.21875,-0.583984375,0.0,31,1712919031167
1301,-0.7734375,1.90625,0.142578125,0.12520644037889672,33,1712919031167
1301,-0.72265625,1.966796875,0.130859375,0.12520644037889672,63,1712919031167
1301,-0.734375,2.0,0.1796875,0.12520644037889672,44,1712919031167
1301,-0.748046875,2.037109375,0.15234375,0.12520644037889672,41,1712919031167
1301,-0.830078125,2.05078125,0.072265625,0.12520644037889672,69,1712919031167
1301,-0.7734375,2.11328125,0.087890625,0.12520644037889672,49,1712919031167
1301,-0.708984375,1.9140625,0.291015625,0.25041288075779344,19,1712919031167
1301,-0.787109375,1.927734375,0.2734375,0.25041288075779344,37,1712919031167
1301,-0.80078125,1.951171875,0.349609375,0.25041288075779344,28,1712919031167
1301,-0.81640625,1.98828125,0.341796875,0.25041288075779344,30,1712919031167
1301,-0.830078125,2.037109375,0.25390625,0.25041288075779344,46,1712919031167
1301,-0.84375,2.072265625,0.2578125,0.25041288075779344,29,1712919031167
1301,-0.6015625,1.990234375,-0.501953125,-0.25041288075779344,24,1712919031167
1301,-0.6796875,2.013671875,-0.466796875,-0.25041288075779344,58,1712919031167
1301,-0.69140625,2.052734375,-0.458984375,-0.25041288075779344,74,1712919031167
1301,-0.7734375,2.05078125,-0.521484375,-0.25041288075779344,54,1712919031167
1301,-0.859375,2.0078125,-0.69140625,-0.25041288075779344,40,1712919031167
1301,-0.728515625,2.0625,-0.798828125,-0.25041288075779344,60,1712919031167
1301,-0.666015625,2.111328125,-0.8359375,-0.25041288075779344,65,1712919031167
1301,-0.67578125,2.130859375,-0.884765625,-0.25041288075779344,51,1712919031167
1301,-0.6015625,2.0078125,-0.421875,-0.12520644037889672,44,1712919031167
1301,-0.6796875,2.041015625,-0.326171875,-0.12520644037889672,119,1712919031167
1301,-0.69140625,2.08203125,-0.30078125,-0.12520644037889672,163,1712919031167
1301,-0.703125,2.123046875,-0.271484375,-0.12520644037889672,123,1712919031167
1301,-0.859375,2.0703125,-0.474609375,-0.12520644037889672,70,1712919031167
1301,-0.654296875,2.134765625,-0.66015625,-0.12520644037889672,105,1712919031167
1301,-0.666015625,2.169921875,-0.669921875,-0.12520644037889672,125,1712919031167
1301,-0.67578125,2.193359375,-0.71875,-0.12520644037889672,107,1712919031167
1301,-0.763671875,2.21484375,-0.6953125,-0.12520644037889672,62,1712919031167
1302,-0.7734375,1.904296875,0.158203125,0.0,11,1712919031266
1302,-0.787109375,1.9296875,0.25,0.0,18,1712919031266
1302,-0.66796875,2.021484375,-0.197265625,0.0,44,1712919031266
1302,-0.611328125,2.072265625,-0.25,0.0,103,1712919031266
1302,-0.623046875,2.109375,-0.25390625,0.0,124,1712919031266
1302,-0.703125,2.123046875,-0.26171875,0.0,96,1712919031266
1302,-0.64453125,2.181640625,-0.265625,0.0,59,1712919031266
1302,-0.517578125,2.28125,-0.359375,0.0,41,1712919031266
1302,-0.6015625,2.298828125,-0.37109375,0.0,42,1712919031266
1302,-0.83984375,2.265625,-0.359375,0.0,38,1712919031266
1302,-0.9296875,2.283203125,-0.287109375,0.0,40,1712919031266
1302,-0.708984375,1.916015625,0.275390625,0.12520644037889672,39,1712919031266
1302,-0.72265625,1.953125,0.267578125,0.12520644037889672,91,1712919031266
1302,-0.734375,1.990234375,0.26171875,0.12520644037889672,101,1712919031266
1302,-0.748046875,2.02734375,0.2578125,0.12520644037889672,68,1712919031266
1302,-0.76171875,2.0703125,0.1953125,0.12520644037889672,44,1712919031266
1302,-0.7734375,2.111328125,0.115234375,0.12520644037889672,30,1712919031266
1302,-0.72265625,1.931640625,0.396484375,0.25041288075779344,33,1712919031266
1302,-0.734375,1.9609375,0.43359375,0.25041288075779344,36,1712919031266
1302,-0.81640625,1.94921875,0.515625,0.25041288075779344,23,1712919031266
1302,-0.4375,2.125,-0.84765625,-0.6260322018944836,25,1712919031266
1302,-0.517578125,2.126953125,-0.8984375,-0.6260322018944836,36,1712919031266
1302,-0.525390625,2.154296875,-0.931640625,-0.6260322018944836,25,1712919031266
1302,-0.501953125,2.109375,-0.73828125,-0.5008257615155869,22,1712919031266
1302,-0.4375,2.162109375,-0.744140625,-0.5008257615155869,68,1712919031266
1302,-0.517578125,2.17578125,-0.775390625,-0.5008257615155869,90,1712919031266
1302,-0.525390625,2.21484375,-0.775390625,-0.5008257615155869,61,1712919031266
1302,-0.458984375,2.3125,-0.642578125,-0.5008257615155869,17,1712919031266
1302,-0.4296875,2.15625,-0.642578125,-0.37561932113669017,29,1712919031266
1302,-0.4375,2.1875,-0.671875,-0.37561932113669017,89,1712919031266
1302,-0.517578125,2.203125,-0.6953125,-0.37561932113669017,129,1712919031266
1302,-0.525390625,2.2265625,-0.740234375,-0.37561932113669017,97,1712919031266
1302,-0.6875,2.189453125,-0.8359375,-0.37561932113669017,36,1712919031266
1302,3.349609375,2.27734375,-0.767578125,-0.37561932113669017,19,1712919031266
1302,3.25,2.478515625,-0.779296875,-0.37561932113669017,16,1712919031266
1302,-0.65625,1.9921875,-0.091796875,-0.25041288075779344,21,1712919031266
1302,-0.6015625,1.970703125,-0.572265625,-0.25041288075779344,39,1712919031266
1302,-0.611328125,2.0,-0.59765625,-0.25041288075779344,86,1712919031266
1302,-0.623046875,2.044921875,-0.576171875,-0.25041288075779344,115,1712919031266
1302,-0.6328125,2.0703125,-0.62109375,-0.25041288075779344,102,1712919031266
1302,-0.71484375,2.095703125,-0.5859375,-0.25041288075779344,61,1712919031266
1302,-0.4375,2.212890625,-0.58203125,-0.25041288075779344,68,1712919031266
1302,-0.517578125,2.23046875,-0.6015625,-0.25041288075779344,130,1712919031266
1302,-0.6015625,2.236328125,-0.650390625,-0.25041288075779344,116,1712919031266
1302,-0.6875,2.24609375,-0.673828125,-0.25041288075779344,69,1712919031266
1302,-0.9296875,2.22265625,-0.58984375,-0.25041288075779344,54,1712919031266
1302,-0.9453125,2.271484375,-0.54296875,-0.25041288075779344,40,1712919031266
1302,3.19140625,2.498046875,-0.51171875,-0.25041288075779344,26,1712919031266
1302,3.220703125,2.5234375,-0.5078125,-0.25041288075779344,41,1712919031266
1302,3.25,2.5390625,-0.548828125,-0.25041288075779344,38,1712919031266
1302,3.412109375,2.40234375,-0.466796875,-0.25041288075779344,22,1712919031266
1302,-0.64453125,1.958984375,-0.025390625,-0.12520644037889672,22,1712919031266
1302,-0.65625,1.994140625,-0.02734375,-0.12520644037889672,61,1712919031266
1302,-0.6015625,2.029296875,-0.30078125,-0.12520644037889672,84,1712919031266
1302,-0.611328125,2.02734375,-0.50390625,-0.12520644037889672,150,1712919031266
1302,-0.623046875,2.07421875,-0.462890625,-0.12520644037889672,194,1712919031266
1302,-0.6328125,2.10546875,-0.486328125,-0.12520644037889672,161,1712919031266
1302,-0.64453125,2.154296875,-0.44140625,-0.12520644037889672,102,1712919031266
1302,-0.517578125,2.255859375,-0.4921875,-0.12520644037889672,91,1712919031266
1302,-0.6015625,2.26171875,-0.55078125,-0.12520644037889672,95,1712919031266
1302,-0.83984375,2.2421875,-0.484375,-0.12520644037889672,77,1712919031266
1302,-0.9296875,2.26171875,-0.423828125,-0.12520644037889672,78,1712919031266
1302,-0.9453125,2.3046875,-0.37890625,-0.12520644037889672,58,1712919031266
1302,3.064453125,2.701171875,-0.09375,-0.12520644037889672,18,1712919031266
1303,-0.6015625,2.0390625,-0.21875,0.0,37,1712919031367
1303,-0.611328125,2.083984375,-0.146484375,0.0,70,1712919031367
1303,-0.552734375,2.140625,-0.109375,0.0,74,1712919031367
1303,-0.6328125,2.154296875,-0.16796875,0.0,49,1712919031367
1303,-0.64453125,2.181640625,-0.263671875,0.0,31,1712919031367
1303,-0.728515625,2.197265625,-0.25,0.0,24,1712919031367
1303,-0.66796875,2.03125,0.0078125,0.12520644037889672,16,1712919031367
1303,-0.611328125,2.087890625,0.00390625,0.12520644037889672,38,1712919031367
1303,-0.623046875,2.125,0.015625,0.12520644037889672,42,1712919031367
1303,-0.5625,2.17578125,0.15625,0.12520644037889672,25,1712919031367
1303,-3.373046875,0.0,-3.638671875,0.25041288075779344,25,1712919031367
1303,-3.40625,0.0,-3.689453125,0.25041288075779344,27,1712919031367
1303,-0.4375,2.177734375,-0.69921875,-0.6260322018944836,19,1712919031367
1303,-0.517578125,2.203125,-0.69140625,-0.6260322018944836,20,1712919031367
1303,-0.509765625,2.1796875,-0.640625,-0.5008257615155869,31,1712919031367
1303,-0.517578125,2.22265625,-0.62890625,-0.5008257615155869,35,1712919031367
1303,-0.451171875,2.28125,-0.615234375,-0.5008257615155869,26,1712919031367
1303,-0.4296875,2.18359375,-0.541015625,-0.37561932113669017,20,1712919031367
1303,-0.4375,2.240234375,-0.4609375,-0.37561932113669017,36,1712919031367
1303,-0.517578125,2.271484375,-0.423828125,-0.37561932113669017,39,1712919031367
1303,-0.451171875,2.33203125,-0.376953125,-0.37561932113669017,29,1712919031367
1303,-0.53515625,1.990234375,-0.568359375,-0.25041288075779344,27,1712919031367
1303,-0.544921875,2.056640625,-0.4609375,-0.25041288075779344,60,1712919031367
1303,-0.552734375,2.107421875,-0.3984375,-0.25041288075779344,71,1712919031367
1303,-0.5625,2.134765625,-0.4453125,-0.25041288075779344,55,1712919031367
1303,-0.501953125,2.169921875,-0.533203125,-0.25041288075779344,46,1712919031367
1303,-0.509765625,2.23828125,-0.396484375,-0.25041288075779344,44,1712919031367
1303,-0.591796875,2.271484375,-0.30859375,-0.25041288075779344,29,1712919031367
1303,-0.53515625,2.033203125,-0.3828125,-0.12520644037889672,74,1712919031367
1303,-0.544921875,2.08984375,-0.2734375,-0.12520644037889672,155,1712919031367
1303,-0.552734375,2.130859375,-0.2421875,-0.12520644037889672,171,1712919031367
1303,-0.5625,2.166015625,-0.255859375,-0.12520644037889672,114,1712919031367
1303,-0.572265625,2.18359375,-0.392578125,-0.12520644037889672,67,1712919031367
1303,-0.654296875,2.19921875,-0.3984375,-0.12520644037889672,48,1712919031367
1303,-0.88671875,2.123046875,-0.55078125,-0.12520644037889672,31,1712919031367
1304,-0.72265625,1.970703125,-0.05859375,0.0,15,1712919031468
1304,-0.66796875,2.01953125,-0.21484375,0.0,37,1712919031468
1304,-0.611328125,2.06640625,-0.306640625,0.0,55,1712919031468
1304,-0.552734375,2.1328125,-0.220703125,0.0,57,1712919031468
1304,-0.4921875,2.1953125,-0.107421875,0.0,37,1712919031468
1304,-0.787109375,2.033203125,0.69921875,0.0,24,1712919031468
1304,-0.9453125,2.0546875,0.5546875,0.0,17,1712919031468
1304,-0.65625,1.990234375,0.142578125,0.12520644037889672,26,1712919031468
1304,-0.734375,2.005859375,-0.05859375,0.12520644037889672,32,1712919031468
1304,-0.33984375,2.126953125,0.30859375,0.12520644037889672,16,1712919031468
1304,-0.623046875,2.125,-0.02734375,0.12520644037889672,37,1712919031468
1304,-0.6328125,2.158203125,-0.111328125,0.12520644037889672,39,1712919031468
1304,-0.64453125,2.19140625,-0.16015625,0.12520644037889672,21,1712919031468
1304,-3.318359375,0.0,3.375,0.25041288075779344,25,1712919031468
1304,-0.80078125,2.142578125,-0.44140625,-0.876445082652277,21,1712919031468
1304,-0.814453125,2.1953125,-0.353515625,-0.876445082652277,23,1712919031468
1304,-0.64453125,2.1171875,-0.58984375,-0.7512386422733803,18,1712919031468
1304,-0.728515625,2.146484375,-0.537109375,-0.7512386422733803,30,1712919031468
1304,-0.814453125,2.1640625,-0.505859375,-0.7512386422733803,32,1712919031468
1304,-0.826171875,2.1953125,-0.533203125,-0.7512386422733803,23,1712919031468
1304,-0.787109375,2.123046875,-0.345703125,-0.6260322018944836,26,1712919031468
1304,-0.728515625,2.177734375,-0.38671875,-0.6260322018944836,53,1712919031468
1304,-0.814453125,2.19140625,-0.375,-0.6260322018944836,60,1712919031468
1304,-0.751953125,2.255859375,-0.36328125,-0.6260322018944836,37,1712919031468
1304,-0.859375,2.119140625,-0.1328125,-0.5008257615155869,22,1712919031468
1304,-0.728515625,2.19921875,-0.240234375,-0.5008257615155869,45,1712919031468
1304,-0.814453125,2.20703125,-0.255859375,-0.5008257615155869,51,1712919031468
1304,-0.90234375,2.2109375,-0.283203125,-0.5008257615155869,29,1712919031468
1304,-0.859375,2.08203125,-0.4140625,-0.37561932113669017,28,1712919031468
1304,-0.80078125,2.15234375,-0.388671875,-0.37561932113669017,37,1712919031468
1304,-0.814453125,2.193359375,-0.36328125,-0.37561932113669017,30,1712919031468
1304,3.287109375,2.24609375,-0.720703125,-0.37561932113669017,28,1712919031468
1304,3.318359375,2.23828125,-0.814453125,-0.37561932113669017,41,1712919031468
1304,3.349609375,2.248046875,-0.849609375,-0.37561932113669017,34,1712919031468
1304,-0.53515625,1.984375,-0.58984375,-0.25041288075779344,24,1712919031468
1304,-0.4765625,2.044921875,-0.572265625,-0.25041288075779344,51,1712919031468
1304,-0.484375,2.09375,-0.529296875,-0.25041288075779344,67,1712919031468
1304,-0.4921875,2.111328125,-0.61328125,-0.25041288075779344,53,1712919031468
1304,-0.71484375,2.01953125,-0.810546875,-0.25041288075779344,35,1712919031468
1304,3.287109375,2.298828125,-0.529296875,-0.25041288075779344,53,1712919031468
1304,3.318359375,2.3203125,-0.533203125,-0.25041288075779344,74,1712919031468
1304,3.349609375,2.341796875,-0.5390625,-0.25041288075779344,56,1712919031468
1304,-0.53515625,2.029296875,-0.412109375,-0.12520644037889672,61,1712919031468
1304,-0.544921875,2.068359375,-0.40625,-0.12520644037889672,114,1712919031468
1304,-0.552734375,2.109375,-0.380859375,-0.12520644037889672,118,1712919031468
1304,-0.6328125,2.13671875,-0.330078125,-0.12520644037889672,86,1712919031468
1304,-0.71484375,2.162109375,-0.2421875,-0.12520644037889672,62,1712919031468
1304,3.287109375,2.34765625,-0.228515625,-0.12520644037889672,36,1712919031468
1304,3.318359375,2.37109375,-0.212890625,-0.12520644037889672,45,1712919031468
1304,3.349609375,2.400390625,-0.134765625,-0.12520644037889672,31,1712919031468
1304,0.33984375,0.216796875,-2.138671875,0.12520644037889672,10,1712919031468
1304,-1.10546875,3.71875,0.640625,0.25041288075779344,13,1712919031468
1304,-3.318359375,0.0,3.318359375,-0.37561932113669017,23,1712919031468
1304,-3.349609375,0.0,3.33203125,-0.37561932113669017,19,1712919031468
1304,-3.287109375,0.0,3.623046875,-0.25041288075779344,31,1712919031468
1304,-3.318359375,0.0,3.61328125,-0.25041288075779344,43,1712919031468
1304,-3.349609375,0.0,3.60546875,-0.25041288075779344,33,1712919031468
1304,-3.4140625,0.0,3.962890625,-0.12520644037889672,21,1712919031468
1304,-3.447265625,0.0,4.0078125,-0.12520644037889672,28,1712919031468
1304,-3.478515625,0.0,4.03515625,-0.12520644037889672,19,1712919031468
1305,-0.27734375,2.197265625,0.021484375,0.0,44,1712919031567
1305,-0.28125,2.23046875,-0.126953125,0.0,40,1712919031567
1305,-0.53515625,1.97265625,-0.625,0.12520644037889672,27,1712919031567
1305,-0.544921875,2.103515625,-0.10546875,0.12520644037889672,52,1712919031567
1305,-0.484375,2.16015625,-0.068359375,0.12520644037889672,60,1712919031567
1305,-0.4921875,2.193359375,-0.142578125,0.12520644037889672,59,1712919031567
1305,-0.501953125,2.216796875,-0.27734375,0.12520644037889672,32,1712919031567
1305,-0.484375,2.158203125,0.109375,0.25041288075779344,22,1712919031567
1305,-0.4921875,2.197265625,0.0390625,0.25041288075779344,25,1712919031567
1305,-3.318359375,0.0,3.390625,0.25041288075779344,30,1712919031567
1305,-3.349609375,0.0,3.23828125,0.25041288075779344,30,1712919031567
1305,-0.27734375,2.1328125,-0.5234375,-0.7512386422733803,28,1712919031567
1305,-0.28125,2.197265625,-0.40625,-0.7512386422733803,30,1712919031567
1305,-0.271484375,2.08203125,-0.57421875,-0.6260322018944836,49,1712919031567
1305,-0.27734375,2.13671875,-0.51171875,-0.6260322018944836,53,1712919031567
1305,-0.859375,2.123046875,-0.072265625,-0.6260322018944836,28,1712919031567
1305,-0.400390625,1.724609375,-0.470703125,-0.5008257615155869,26,1712919031567
1305,-0.41015625,1.76171875,-0.478515625,-0.5008257615155869,45,1712919031567
1305,-0.4765625,1.7734375,-0.521484375,-0.5008257615155869,44,1712919031567
1305,-0.42578125,1.806640625,-0.58984375,-0.5008257615155869,32,1712919031567
1305,-0.33984375,2.095703125,-0.474609375,-0.5008257615155869,92,1712919031567
1305,-0.345703125,2.1328125,-0.484375,-0.5008257615155869,102,1712919031567
1305,-0.421875,2.134765625,-0.578125,-0.5008257615155869,82,1712919031567
1305,-0.64453125,2.15625,-0.427734375,-0.5008257615155869,96,1712919031567
1305,-0.654296875,2.201171875,-0.384765625,-0.5008257615155869,76,1712919031567
1305,-0.740234375,2.220703125,-0.3515625,-0.5008257615155869,26,1712919031567
1305,-0.458984375,1.73046875,-0.388671875,-0.37561932113669017,42,1712919031567
1305,-0.466796875,1.7734375,-0.3671875,-0.37561932113669017,67,1712919031567
1305,-0.4765625,1.80859375,-0.37890625,-0.37561932113669017,58,1712919031567
1305,-0.486328125,1.837890625,-0.41796875,-0.37561932113669017,32,1712919031567
1305,-0.33984375,2.11328125,-0.390625,-0.37561932113669017,70,1712919031567
1305,-0.416015625,2.130859375,-0.439453125,-0.37561932113669017,97,1712919031567
1305,-0.5625,2.150390625,-0.357421875,-0.37561932113669017,119,1712919031567
1305,-0.64453125,2.1796875,-0.287109375,-0.37561932113669017,157,1712919031567
1305,-0.728515625,2.19921875,-0.23828125,-0.37561932113669017,119,1712919031567
1305,-0.740234375,2.23828125,-0.20703125,-0.37561932113669017,43,1712919031567
1305,-0.515625,1.73828125,-0.265625,-0.25041288075779344,22,1712919031567
1305,-0.466796875,1.7890625,-0.283203125,-0.25041288075779344,34,1712919031567
1305,-0.4765625,1.830078125,-0.255859375,-0.25041288075779344,32,1712919031567
1305,-0.42578125,1.884765625,-0.2421875,-0.25041288075779344,24,1712919031567
1305,-0.27734375,2.15625,-0.41796875,-0.25041288075779344,56,1712919031567
1305,-0.71484375,2.169921875,-0.15625,-0.25041288075779344,86,1712919031567
1305,-0.728515625,2.203125,-0.203125,-0.25041288075779344,67,1712919031567
1305,3.287109375,2.3515625,-0.1875,-0.25041288075779344,28,1712919031567
1305,3.447265625,2.177734375,-0.255859375,-0.25041288075779344,33,1712919031567
1305,-0.271484375,2.150390625,-0.181640625,-0.12520644037889672,56,1712919031567
1305,-0.27734375,2.1953125,-0.095703125,-0.12520644037889672,71,1712919031567
1305,-0.140625,2.248046875,0.021484375,-0.12520644037889672,44,1712919031567
1305,3.287109375,2.337890625,0.318359375,-0.12520644037889672,25,1712919031567
1305,3.318359375,2.361328125,0.3046875,-0.12520644037889672,29,1712919031567
1305,-3.287109375,0.0,-4.00390625,-0.25041288075779344,15,1712919031567
1305,-3.318359375,0.0,4.029296875,-0.25041288075779344,18,1712919031567
1305,-0.96875,1.126953125,-1.640625,-0.12520644037889672,36,1712919031567
1305,-0.9140625,1.45703125,-1.455078125,-0.12520644037889672,33,1712919031567
1305,-3.287109375,0.0,-3.62890625,-0.12520644037889672,15,1712919031567
1305,-3.318359375,0.0,-3.68359375,-0.12520644037889672,18,1712919031567
1306,-0.458984375,1.7109375,-0.466796875,0.0,17,1712919031618
1306,-0.41015625,1.783203125,-0.390625,0.0,30,1712919031618
1306,-0.41796875,1.810546875,-0.4375,0.0,32,1712919031618
1306,-0.486328125,1.82421875,-0.478515625,0.0,21,1712919031618
1306,-0.544921875,2.0546875,-0.46484375,0.0,42,1712919031618
1306,-0.623046875,2.0625,-0.51171875,0.0,31,1712919031618
1306,-0.458984375,1.740234375,-0.34765625,0.12520644037889672,29,1712919031618
1306,-0.41015625,1.796875,-0.3203125,0.12520644037889672,54,1712919031618
1306,-0.41796875,1.8359375,-0.3125,0.12520644037889672,59,1712919031618
1306,-0.42578125,1.876953125,-0.294921875,0.12520644037889672,36,1712919031618
1306,-0.58984375,1.97265625,0.412109375,0.12520644037889672,23,1712919031618
1306,-0.6015625,1.984375,0.521484375,0.12520644037889672,24,1712919031618
1306,-0.416015625,2.173828125,0.029296875,0.12520644037889672,21,1712919031618
1306,-0.421875,2.2109375,-0.056640625,0.12520644037889672,21,1712919031618
1306,-0.458984375,1.748046875,-0.30859375,0.25041288075779344,14,1712919031618
1306,-0.41015625,1.80859375,-0.24609375,0.25041288075779344,26,1712919031618
1306,-0.4765625,1.8359375,-0.20703125,0.25041288075779344,26,1712919031618
1306,-0.4765625,1.93359375,-0.875,-0.25041288075779344,32,1712919031618
1306,-0.623046875,1.958984375,-0.82421875,-0.25041288075779344,38,1712919031618
1306,-0.6328125,2.052734375,-0.677734375,-0.25041288075779344,39,1712919031618
1306,-0.525390625,2.029296875,0.1328125,-0.12520644037889672,46,1712919031618
1306,-0.53515625,2.068359375,-0.068359375,-0.12520644037889672,53,1712919031618
1306,-0.544921875,1.927734375,-0.849609375,-0.12520644037889672,62,1712919031618
1306,-0.623046875,2.00390625,-0.708984375,-0.12520644037889672,51,1712919031618
1307,-0.400390625,1.740234375,-0.4140625,0.0,16,1712919031768
1307,-0.41015625,1.759765625,-0.486328125,0.0,21,1712919031768
1307,-0.41796875,1.779296875,-0.552734375,0.0,18,1712919031768
1307,-0.486328125,1.80078125,-0.556640625,0.0,13,1712919031768
1307,-0.515625,1.98828125,0.171875,0.0,27,1712919031768
1307,-0.458984375,2.044921875,0.111328125,0.0,88,1712919031768
1307,-0.466796875,2.0859375,0.013671875,0.0,150,1712919031768
1307,-0.4765625,2.119140625,-0.123046875,0.0,147,1712919031768
1307,-0.416015625,2.146484375,-0.3515625,0.0,78,1712919031768
1307,-0.28125,1.9609375,-1.0703125,0.0,25,1712919031768
1307,-0.271484375,2.158203125,-0.05859375,0.12520644037889672,46,1712919031768
1307,-0.20703125,2.173828125,-0.365234375,0.12520644037889672,71,1712919031768
1307,-0.2109375,2.20703125,-0.400390625,0.12520644037889672,55,1712919031768
1307,-0.34375,1.712890625,-0.552734375,0.25041288075779344,18,1712919031768
1307,-0.3515625,1.77734375,-0.466796875,0.25041288075779344,49,1712919031768
1307,-0.357421875,1.826171875,-0.427734375,0.25041288075779344,59,1712919031768
1307,-0.365234375,1.873046875,-0.380859375,0.25041288075779344,51,1712919031768
1307,-0.43359375,1.916015625,-0.283203125,0.25041288075779344,39,1712919031768
1307,-0.271484375,2.146484375,-0.228515625,0.25041288075779344,61,1712919031768
1307,-0.27734375,2.18359375,-0.24609375,0.25041288075779344,105,1712919031768
1307,-0.28125,2.220703125,-0.2421875,0.25041288075779344,89,1712919031768
1307,-0.21484375,2.26953125,-0.2265625,0.25041288075779344,34,1712919031768
1307,-0.34375,1.775390625,-0.298828125,0.37561932113669017,25,1712919031768
1307,-0.41015625,1.798828125,-0.310546875,0.37561932113669017,58,1712919031768
1307,-0.41796875,1.8359375,-0.31640625,0.37561932113669017,69,1712919031768
1307,-0.42578125,1.880859375,-0.263671875,0.37561932113669017,52,1712919031768
1307,-0.49609375,1.916015625,-0.162109375,0.37561932113669017,31,1712919031768
1307,-0.271484375,2.111328125,-0.451171875,0.37561932113669017,70,1712919031768
1307,-0.27734375,2.158203125,-0.40625,0.37561932113669017,108,1712919031768
1307,-0.28125,2.205078125,-0.3671875,0.37561932113669017,87,1712919031768
1307,-0.287109375,2.24609375,-0.341796875,0.37561932113669017,36,1712919031768
1307,-0.201171875,2.060546875,-0.533203125,0.5008257615155869,47,1712919031768
1307,-0.203125,2.10546875,-0.513671875,0.5008257615155869,118,1712919031768
1307,-0.27734375,2.138671875,-0.498046875,0.5008257615155869,144,1712919031768
1307,-0.2109375,2.19140625,-0.474609375,0.5008257615155869,97,1712919031768
1307,-0.21484375,2.234375,-0.45703125,0.5008257615155869,39,1712919031768
1307,-0.201171875,2.076171875,-0.46875,0.6260322018944836,31,1712919031768
1307,-0.203125,2.125,-0.416015625,0.6260322018944836,80,1712919031768
1307,-0.27734375,2.1640625,-0.373046875,0.6260322018944836,99,1712919031768
1307,-0.2109375,2.216796875,-0.33984375,0.6260322018944836,67,1712919031768
1307,-0.287109375,2.25,-0.31640625,0.6260322018944836,27,1712919031768
1307,-0.8359375,1.8046875,-1.78515625,-0.7512386422733803,17,1712919031768
1307,-0.84765625,1.845703125,-1.794921875,-0.7512386422733803,17,1712919031768
1307,-0.76171875,1.86328125,-1.814453125,-0.6260322018944836,17,1712919031768
1307,-0.451171875,2.009765625,-0.103515625,-0.25041288075779344,26,1712919031768
1307,-0.458984375,2.04296875,-0.16796875,-0.25041288075779344,84,1712919031768
1307,-0.466796875,2.07421875,-0.216796875,-0.25041288075779344,130,1712919031768
1307,-0.408203125,2.115234375,-0.310546875,-0.25041288075779344,98,1712919031768
1307,-0.345703125,2.068359375,-0.708984375,-0.25041288075779344,22,1712919031768
1307,-0.4921875,1.244140625,-1.8125,-0.25041288075779344,39,1712919031768
1307,-0.501953125,1.451171875,-1.69921875,-0.25041288075779344,33,1712919031768
1307,-0.525390625,2.330078125,-0.28515625,-0.25041288075779344,26,1712919031768
1307,-0.451171875,2.01171875,0.041015625,-0.12520644037889672,54,1712919031768
1307,-0.458984375,2.048828125,-0.015625,-0.12520644037889672,168,1712919031768
1307,-0.466796875,2.083984375,-0.1015625,-0.12520644037889672,277,1712919031768
1307,-0.4765625,2.11328125,-0.205078125,-0.12520644037889672,247,1712919031768
1307,-0.416015625,2.13671875,-0.400390625,-0.12520644037889672,102,1712919031768
1307,-0.4921875,1.3515625,-1.732421875,-0.12520644037889672,36,1712919031768
1307,-0.572265625,2.203125,-0.255859375,-0.12520644037889672,35,1712919031768
1307,-1.056640625,1.935546875,0.45703125,0.0,13,1712919031768
1307,1.521484375,1.373046875,-0.8359375,-0.25041288075779344,12,1712919031768
1307,0.28125,1.765625,1.369140625,-0.25041288075779344,22,1712919031768
1307,0.2109375,1.98828125,1.0390625,-0.12520644037889672,25,1712919031768
1308,-0.357421875,1.865234375,-0.19140625,0.0,12,1712919031868
1308,-0.38671875,1.99609375,0.34375,0.0,65,1712919031868
1308,-0.458984375,2.02734375,0.29296875,0.0,153,1712919031868
1308,-0.466796875,2.072265625,0.23046875,0.0,193,1712919031868
1308,-0.4765625,2.123046875,0.01953125,0.0,137,1712919031868
1308,-0.416015625,2.099609375,-0.568359375,0.0,79,1712919031868
1308,-0.28125,2.193359375,-0.4296875,0.0,83,1712919031868
1308,-0.287109375,2.232421875,-0.423828125,0.0,61,1712919031868
1308,-0.36328125,2.28125,-0.291015625,0.0,29,1712919031868
1308,-0.271484375,2.109375,-0.46484375,0.12520644037889672,73,1712919031868
1308,-0.20703125,2.14453125,-0.51171875,0.12520644037889672,173,1712919031868
1308,-0.28125,2.181640625,-0.48046875,0.12520644037889672,238,1712919031868
1308,-0.21484375,2.23828125,-0.43359375,0.12520644037889672,172,1712919031868
1308,-0.291015625,2.28515625,-0.341796875,0.12520644037889672,65,1712919031868
1308,-0.271484375,2.123046875,-0.390625,0.25041288075779344,78,1712919031868
1308,-0.27734375,2.162109375,-0.38671875,0.25041288075779344,216,1712919031868
1308,-0.28125,2.205078125,-0.357421875,0.25041288075779344,295,1712919031868
1308,-0.287109375,2.25,-0.3203125,0.25041288075779344,206,1712919031868
1308,-0.291015625,2.298828125,-0.240234375,0.25041288075779344,72,1712919031868
1308,-0.33984375,2.126953125,-0.310546875,0.37561932113669017,31,1712919031868
1308,-0.27734375,2.18359375,-0.248046875,0.37561932113669017,93,1712919031868
1308,-0.28125,2.224609375,-0.21875,0.37561932113669017,123,1712919031868
1308,-0.287109375,2.267578125,-0.15234375,0.37561932113669017,82,1712919031868
1308,-0.291015625,2.310546875,0.05859375,0.37561932113669017,22,1712919031868
1308,-0.146484375,2.271484375,-0.4921875,0.5008257615155869,17,1712919031868
1308,-0.53515625,1.986328125,-0.58203125,-0.37561932113669017,51,1712919031868
1308,-0.544921875,2.033203125,-0.55078125,-0.37561932113669017,99,1712919031868
1308,-0.552734375,2.091796875,-0.474609375,-0.37561932113669017,98,1712919031868
1308,-0.5625,2.1640625,-0.263671875,-0.37561932113669017,40,1712919031868
1308,-0.38671875,2.025390625,0.046875,-0.25041288075779344,61,1712919031868
1308,-0.39453125,2.0625,-0.021484375,-0.25041288075779344,156,1712919031868
1308,-0.400390625,2.09375,-0.166015625,-0.25041288075779344,235,1712919031868
1308,-0.4765625,2.099609375,-0.314453125,-0.25041288075779344,252,1712919031868
1308,-0.552734375,2.10546875,-0.40234375,-0.25041288075779344,177,1712919031868
1308,-0.6328125,2.076171875,-0.59765625,-0.25041288075779344,56,1712919031868
1308,-0.501953125,2.20703125,-0.349609375,-0.25041288075779344,36,1712919031868
1308,-0.58203125,2.23046875,-0.326171875,-0.25041288075779344,37,1712919031868
1308,-0.41796875,1.845703125,-0.244140625,-0.12520644037889672,20,1712919031868
1308,-0.38671875,2.015625,0.1953125,-0.12520644037889672,122,1712919031868
1308,-0.458984375,2.04296875,0.1484375,-0.12520644037889672,284,1712919031868
1308,-0.400390625,2.099609375,0.072265625,-0.12520644037889672,364,1712919031868
1308,-0.4765625,2.119140625,-0.1171875,-0.12520644037889672,281,1712919031868
1308,-0.552734375,2.095703125,-0.44921875,-0.12520644037889672,133,1712919031868
1308,-0.6328125,2.044921875,-0.69921875,-0.12520644037889672,36,1712919031868
1308,-0.501953125,2.232421875,-0.126953125,-0.12520644037889672,41,1712919031868
1308,-0.58203125,2.25,-0.1484375,-0.12520644037889672,33,1712919031868
1309,-0.29296875,1.740234375,-0.623046875,0.0,14,1712919031968
1309,-0.298828125,1.796875,-0.568359375,0.0,13,1712919031968
1309,-0.37890625,1.955078125,0.353515625,0.0,32,1712919031968
1309,-0.38671875,1.986328125,0.3984375,0.0,96,1712919031968
1309,-0.328125,1.98046875,0.61328125,0.0,109,1712919031968
1309,-0.201171875,1.740234375,1.2265625,0.0,70,1712919031968
1309,-0.748046875,1.943359375,-0.6328125,0.0,49,1712919031968
1309,-0.345703125,1.90625,-1.072265625,0.0,51,1712919031968
1309,-0.2109375,2.1015625,-0.783203125,0.0,98,1712919031968
1309,-0.21484375,2.1875,-0.642578125,0.0,101,1712919031968
1309,-0.146484375,2.26171875,-0.537109375,0.0,48,1712919031968
1309,-0.287109375,1.73828125,-0.505859375,0.12520644037889672,28,1712919031968
1309,-0.29296875,1.791015625,-0.451171875,0.12520644037889672,45,1712919031968
1309,-0.298828125,1.833984375,-0.439453125,0.12520644037889672,35,1712919031968
1309,-0.408203125,2.130859375,-0.166015625,0.12520644037889672,46,1712919031968
1309,-0.20703125,2.154296875,-0.47265625,0.12520644037889672,116,1712919031968
1309,-0.2109375,2.1875,-0.494140625,0.12520644037889672,205,1712919031968
1309,-0.21484375,2.234375,-0.458984375,0.12520644037889672,194,1712919031968
1309,-0.21875,2.28515625,-0.396484375,0.12520644037889672,91,1712919031968
1309,-0.287109375,1.763671875,-0.41015625,0.25041288075779344,34,1712919031968
1309,-0.29296875,1.80859375,-0.37890625,0.25041288075779344,50,1712919031968
1309,-0.298828125,1.849609375,-0.36328125,0.25041288075779344,36,1712919031968
1309,-0.20703125,2.166015625,-0.408203125,0.25041288075779344,70,1712919031968
1309,-0.2109375,2.208984375,-0.380859375,0.25041288075779344,127,1712919031968
1309,-0.21484375,2.255859375,-0.337890625,0.25041288075779344,117,1712919031968
1309,-0.21875,2.302734375,-0.263671875,0.25041288075779344,56,1712919031968
1309,-0.29296875,1.82421875,-0.291015625,0.37561932113669017,20,1712919031968
1309,-0.544921875,2.05859375,-0.4453125,-0.5008257615155869,25,1712919031968
1309,-0.53515625,2.056640625,-0.240234375,-0.37561932113669017,72,1712919031968
1309,-0.544921875,2.08984375,-0.263671875,-0.37561932113669017,137,1712919031968
1309,-0.552734375,2.123046875,-0.298828125,-0.37561932113669017,124,1712919031968
1309,-0.6328125,2.125,-0.400390625,-0.37561932113669017,51,1712919031968
1309,-0.37890625,1.986328125,0.08203125,-0.25041288075779344,39,1712919031968
1309,-0.322265625,2.029296875,0.158203125,-0.25041288075779344,111,1712919031968
1309,-0.26171875,2.017578125,0.517578125,-0.25041288075779344,102,1712919031968
1309,-0.466796875,1.521484375,1.427734375,-0.25041288075779344,120,1712919031968
1309,-0.544921875,2.107421875,-0.044921875,-0.25041288075779344,208,1712919031968
1309,-0.552734375,2.142578125,-0.083984375,-0.25041288075779344,187,1712919031968
1309,-0.5625,2.173828125,-0.166015625,-0.25041288075779344,87,1712919031968
1309,-0.37890625,1.978515625,0.1953125,-0.12520644037889672,61,1712919031968
1309,-0.38671875,2.0078125,0.265625,-0.12520644037889672,178,1712919031968
1309,-0.26171875,2.013671875,0.537109375,-0.12520644037889672,196,1712919031968
1309,-0.267578125,1.697265625,1.2734375,-0.12520644037889672,137,1712919031968
1309,-0.4765625,1.73046875,-1.23046875,-0.12520644037889672,145,1712919031968
1309,-0.484375,2.1484375,0.220703125,-0.12520644037889672,115,1712919031968
1309,-0.5625,2.173828125,0.169921875,-0.12520644037889672,55,1712919031968
1309,-0.935546875,1.748046875,-0.80078125,0.0,37,1712919031968
1309,-0.13671875,0.677734375,2.0625,0.0,42,1712919031968
1310,-0.37890625,1.94140625,0.42578125,0.0,43,1712919032069
1310,-0.38671875,1.953125,0.537109375,0.0,63,1712919032069
1310,-0.458984375,1.947265625,-0.634765625,0.0,52,1712919032069
1310,-0.400390625,2.09375,-0.16015625,0.0,186,1712919032069
1310,-0.33984375,2.14453125,-0.140625,0.0,208,1712919032069
1310,-0.416015625,2.1640625,-0.224609375,0.0,109,1712919032069
1310,-0.28125,2.197265625,-0.41015625,0.0,43,1712919032069
1310,-0.287109375,2.1328125,-0.783203125,0.0,31,1712919032069
1310,-0.291015625,2.177734375,-0.76953125,0.0,19,1712919032069
1310,-1.228515625,1.576171875,3.38671875,0.0,11,1712919032069
1310,-2.853515625,0.0,3.759765625,0.0,11,1712919032069
1310,-0.458984375,1.98828125,-0.4921875,0.12520644037889672,44,1712919032069
1310,-0.53515625,2.04296875,-0.337890625,0.12520644037889672,99,1712919032069
1310,-0.4765625,2.09765625,-0.33203125,0.12520644037889672,108,1712919032069
1310,-0.484375,2.111328125,-0.462890625,0.12520644037889672,63,1712919032069
1310,-0.2109375,2.177734375,-0.53515625,0.12520644037889672,68,1712919032069
1310,-0.287109375,2.19921875,-0.576171875,0.12520644037889672,71,1712919032069
1310,-0.291015625,2.2578125,-0.4921875,0.12520644037889672,41,1712919032069
1310,-2.919921875,0.0,2.69140625,0.12520644037889672,18,1712919032069
1310,-2.94921875,0.0,3.060546875,0.12520644037889672,21,1712919032069
1310,-2.853515625,0.0,-3.931640625,0.12520644037889672,21,1712919032069
1310,-2.880859375,0.0,-3.216796875,0.12520644037889672,19,1712919032069
1310,-0.1796875,1.78515625,-0.654296875,0.25041288075779344,23,1712919032069
1310,-0.244140625,1.8359375,-0.599609375,0.25041288075779344,23,1712919032069
1310,-0.53515625,2.0546875,-0.248046875,0.25041288075779344,41,1712919032069
1310,-0.544921875,2.08984375,-0.265625,0.25041288075779344,45,1712919032069
1310,-0.28125,2.185546875,-0.46484375,0.25041288075779344,33,1712919032069
1310,-0.21484375,2.244140625,-0.408203125,0.25041288075779344,35,1712919032069
1310,-2.919921875,0.0,3.03515625,0.25041288075779344,18,1712919032069
1310,-2.94921875,0.0,3.154296875,0.25041288075779344,18,1712919032069
1310,-0.234375,1.796875,-0.466796875,0.37561932113669017,25,1712919032069
1310,-0.23828125,1.828125,-0.498046875,0.37561932113669017,29,1712919032069
1310,-0.244140625,1.8671875,-0.498046875,0.37561932113669017,21,1712919032069
1310,-0.31640625,1.98828125,0.197265625,-0.37561932113669017,20,1712919032069
1310,-0.38671875,2.01953125,0.1484375,-0.37561932113669017,34,1712919032069
1310,-0.39453125,2.01171875,-0.45703125,-0.37561932113669017,93,1712919032069
1310,-0.466796875,2.033203125,-0.470703125,-0.37561932113669017,180,1712919032069
1310,-0.4765625,2.064453125,-0.494140625,-0.37561932113669017,186,1712919032069
1310,-0.484375,2.109375,-0.462890625,-0.37561932113669017,110,1712919032069
1310,-0.4921875,2.158203125,-0.41796875,-0.37561932113669017,49,1712919032069
1310,-0.37890625,1.974609375,0.232421875,-0.25041288075779344,78,1712919032069
1310,-0.322265625,2.00390625,0.357421875,-0.25041288075779344,105,1712919032069
1310,-0.39453125,2.001953125,-0.494140625,-0.25041288075779344,187,1712919032069
1310,-0.400390625,2.068359375,-0.365234375,-0.25041288075779344,429,1712919032069
1310,-0.408203125,2.10546875,-0.3671875,-0.25041288075779344,456,1712919032069
1310,-0.484375,2.1328125,-0.3515625,-0.25041288075779344,250,1712919032069
1310,-0.4921875,2.185546875,-0.2265625,-0.25041288075779344,83,1712919032069
1310,0.580078125,1.814453125,2.435546875,-0.25041288075779344,23,1712919032069
1310,-0.310546875,1.91796875,0.41015625,-0.12520644037889672,20,1712919032069
1310,-0.37890625,1.958984375,0.330078125,-0.12520644037889672,91,1712919032069
1310,-0.322265625,1.9921875,0.423828125,-0.12520644037889672,124,1712919032069
1310,-0.39453125,2.00390625,-0.4921875,-0.12520644037889672,133,1712919032069
1310,-0.400390625,2.087890625,-0.21484375,-0.12520644037889672,412,1712919032069
1310,-0.33984375,2.138671875,-0.2109375,-0.12520644037889672,442,1712919032069
1310,-0.416015625,2.166015625,-0.20703125,-0.12520644037889672,227,1712919032069
1310,-0.5625,2.181640625,-0.021484375,-0.12520644037889672,53,1712919032069
1310,3.318359375,1.92578125,-0.86328125,0.0,10,1712919032069
1310,-1.240234375,0.599609375,3.72265625,0.0,11,1712919032069
1310,3.40625,1.1171875,-1.517578125,0.12520644037889672,16,1712919032069
1310,3.44140625,1.53125,-1.1328125,0.12520644037889672,19,1712919032069
1310,-1.240234375,2.310546875,-2.98046875,0.12520644037889672,18,1712919032069
1310,3.6328125,1.619140625,0.501953125,0.12520644037889672,15,1712919032069
1310,3.40625,1.494140625,-1.1484375,0.25041288075779344,16,1712919032069
1310,3.44140625,1.61328125,-1.009765625,0.25041288075779344,16,1712919032069
1311,-0.12890625,1.986328125,0.533203125,0.0,23,1712919032169
1311,-0.130859375,2.00390625,0.611328125,0.0,51,1712919032169
1311,-0.06640625,1.9453125,0.8828125,0.0,71,1712919032169
1311,-0.13671875,1.22265625,-1.794921875,0.0,60,1712919032169
1311,-0.20703125,1.83203125,-1.2265625,0.0,30,1712919032169
1311,-0.2109375,2.14453125,-0.654296875,0.0,33,1712919032169
1311,-0.142578125,2.212890625,-0.57421875,0.0,49,1712919032169
1311,-0.146484375,2.248046875,-0.591796875,0.0,42,1712919032169
1311,-0.22265625,2.29296875,-0.546875,0.0,21,1712919032169
1311,-0.20703125,2.095703125,-0.68359375,0.12520644037889672,29,1712919032169
1311,-0.2109375,2.189453125,-0.48046875,0.12520644037889672,76,1712919032169
1311,-0.21484375,2.232421875,-0.462890625,0.12520644037889672,108,1712919032169
1311,-0.21875,2.2734375,-0.458984375,0.12520644037889672,86,1712919032169
1311,-0.1484375,2.318359375,-0.451171875,0.12520644037889672,40,1712919032169
1311,-3.1953125,0.0,2.822265625,0.12520644037889672,29,1712919032169
1311,-3.1015625,0.0,3.255859375,0.12520644037889672,29,1712919032169
1311,-3.005859375,0.0,3.84765625,0.12520644037889672,19,1712919032169
1311,-0.345703125,2.12890625,-0.498046875,0.25041288075779344,33,1712919032169
1311,-0.28125,2.19921875,-0.40234375,0.25041288075779344,48,1712919032169
1311,-0.21484375,2.244140625,-0.404296875,0.25041288075779344,61,1712919032169
1311,-0.21875,2.287109375,-0.384765625,0.25041288075779344,48,1712919032169
1311,-0.22265625,2.310546875,-0.458984375,0.25041288075779344,25,1712919032169
1311,-3.1640625,0.0,2.81640625,0.25041288075779344,19,1712919032169
1311,-3.1953125,0.0,2.703125,0.25041288075779344,32,1712919032169
1311,-3.2265625,0.0,2.970703125,0.25041288075779344,29,1712919032169
1311,-0.23828125,1.78125,-0.64453125,0.37561932113669017,19,1712919032169
1311,-0.181640625,1.83984375,-0.61328125,0.37561932113669017,25,1712919032169
1311,-0.181640625,1.8671875,-0.51953125,0.5008257615155869,21,1712919032169
1311,-0.525390625,2.005859375,-0.330078125,-0.6260322018944836,21,1712919032169
1311,-0.6015625,2.017578125,-0.375,-0.6260322018944836,23,1712919032169
1311,-0.515625,1.943359375,-0.458984375,-0.5008257615155869,43,1712919032169
1311,-0.458984375,2.01171875,-0.388671875,-0.5008257615155869,124,1712919032169
1311,-0.53515625,2.03125,-0.392578125,-0.5008257615155869,159,1712919032169
1311,-0.544921875,2.0703125,-0.388671875,-0.5008257615155869,103,1712919032169
1311,-0.484375,2.119140625,-0.423828125,-0.5008257615155869,34,1712919032169
1311,-0.251953125,2.001953125,-0.138671875,-0.37561932113669017,33,1712919032169
1311,-0.451171875,1.974609375,-0.38671875,-0.37561932113669017,86,1712919032169
1311,-0.458984375,2.021484375,-0.33203125,-0.37561932113669017,280,1712919032169
1311,-0.466796875,2.064453125,-0.294921875,-0.37561932113669017,382,1712919032169
1311,-0.544921875,2.08984375,-0.271484375,-0.37561932113669017,251,1712919032169
1311,-0.552734375,2.12890625,-0.25,-0.37561932113669017,79,1712919032169
1311,-0.31640625,1.99609375,-0.078125,-0.25041288075779344,54,1712919032169
1311,-0.322265625,2.03515625,-0.0625,-0.25041288075779344,91,1712919032169
1311,-0.458984375,2.0390625,-0.193359375,-0.25041288075779344,234,1712919032169
1311,-0.466796875,2.078125,-0.185546875,-0.25041288075779344,349,1712919032169
1311,-0.408203125,2.12890625,-0.189453125,-0.25041288075779344,242,1712919032169
1311,-0.416015625,2.171875,-0.12890625,-0.25041288075779344,79,1712919032169
1311,3.59765625,0.75390625,-1.5,-0.25041288075779344,35,1712919032169
1311,3.5078125,1.296875,-1.4453125,-0.25041288075779344,37,1712919032169
1311,-0.37890625,1.98828125,0.0,-0.12520644037889672,27,1712919032169
1311,-0.515625,1.99609375,0.001953125,-0.12520644037889672,32,1712919032169
1311,-0.197265625,2.08984375,0.0078125,-0.12520644037889672,77,1712919032169
1311,-0.201171875,2.125,-0.115234375,-0.12520644037889672,153,1712919032169
1311,-0.271484375,2.1484375,-0.2109375,-0.12520644037889672,133,1712919032169
1311,-0.20703125,2.19921875,-0.138671875,-0.12520644037889672,56,1712919032169
1311,3.59765625,1.34375,-1.005859375,-0.12520644037889672,32,1712919032169
1311,3.6328125,1.38671875,-0.97265625,-0.12520644037889672,35,1712919032169
1311,-0.7734375,1.765625,-0.73046875,0.0,16,1712919032169
1311,-0.787109375,1.87890625,-0.5078125,0.0,38,1712919032169
1311,-0.80078125,1.98046875,-0.083984375,0.0,46,1712919032169
1311,-1.10546875,3.302734375,1.826171875,0.12520644037889672,21,1712919032169
1311,-1.1171875,3.0859375,-2.232421875,0.12520644037889672,21,1712919032169
1311,3.6328125,1.685546875,0.16796875,0.12520644037889672,18,1712919032169
1311,-1.095703125,2.994140625,2.236328125,0.25041288075779344,17,1712919032169
1312,-0.189453125,2.001953125,0.21875,0.0,16,1712919032269
1312,-0.12890625,1.921875,-0.732421875,0.0,16,1712919032269
1312,-0.26171875,2.05859375,-0.318359375,0.0,33,1712919032269
1312,-0.400390625,2.087890625,-0.216796875,0.0,43,1712919032269
1312,-0.408203125,2.11328125,-0.326171875,0.0,32,1712919032269
1312,3.6328125,1.318359375,-1.064453125,0.0,13,1712919032269
1312,3.541015625,1.734375,-0.912109375,0.0,13,1712919032269
1312,-0.142578125,2.17578125,-0.69921875,0.12520644037889672,38,1712919032269
1312,-0.146484375,2.255859375,-0.55859375,0.12520644037889672,36,1712919032269
1312,0.0,1.478515625,-2.087890625,0.12520644037889672,21,1712919032269
1312,-0.162109375,1.572265625,-2.05859375,0.12520644037889672,28,1712919032269
1312,-0.1640625,1.673828125,-2.02734375,0.12520644037889672,22,1712919032269
1312,-3.1953125,0.0,2.955078125,0.12520644037889672,24,1712919032269
1312,-3.2265625,0.0,3.62890625,0.12520644037889672,25,1712919032269
1312,-3.005859375,0.0,3.7421875,0.12520644037889672,18,1712919032269
1312,-3.03515625,0.0,3.421875,0.12520644037889672,22,1712919032269
1312,0.0,1.572265625,-1.96875,0.25041288075779344,21,1712919032269
1312,-0.16015625,1.623046875,-1.970703125,0.25041288075779344,31,1712919032269
1312,-0.162109375,1.767578125,-1.89453125,0.25041288075779344,41,1712919032269
1312,-0.1640625,1.869140625,-1.84765625,0.25041288075779344,33,1712919032269
1312,-3.072265625,0.0,2.837890625,0.25041288075779344,26,1712919032269
1312,-3.2265625,0.0,2.9140625,0.25041288075779344,28,1712919032269
1312,-0.38671875,1.998046875,-0.333984375,-0.5008257615155869,30,1712919032269
1312,-0.458984375,2.013671875,-0.375,-0.5008257615155869,41,1712919032269
1312,-0.400390625,2.076171875,-0.3125,-0.5008257615155869,31,1712919032269
1312,-0.248046875,1.96875,0.01171875,-0.37561932113669017,92,1712919032269
1312,-0.189453125,2.013671875,-0.046875,-0.37561932113669017,217,1712919032269
1312,-0.2578125,2.04296875,-0.107421875,-0.37561932113669017,294,1712919032269
1312,-0.26171875,2.08203125,-0.05859375,-0.37561932113669017,249,1712919032269
1312,-0.267578125,2.11328125,0.171875,-0.37561932113669017,122,1712919032269
1312,-0.33984375,2.14453125,0.150390625,-0.37561932113669017,32,1712919032269
1312,3.44140625,1.466796875,-1.21484375,-0.37561932113669017,27,1712919032269
1312,3.474609375,1.732421875,-0.830078125,-0.37561932113669017,33,1712919032269
1312,-0.244140625,1.912109375,0.267578125,-0.25041288075779344,26,1712919032269
1312,-0.248046875,1.96484375,0.130859375,-0.25041288075779344,153,1712919032269
1312,-0.189453125,2.013671875,0.060546875,-0.25041288075779344,365,1712919032269
1312,-0.193359375,2.052734375,0.01953125,-0.25041288075779344,501,1712919032269
1312,-0.197265625,2.08984375,0.037109375,-0.25041288075779344,430,1712919032269
1312,-0.201171875,2.1015625,0.3359375,-0.25041288075779344,224,1712919032269
1312,-0.13671875,1.556640625,1.515625,-0.25041288075779344,51,1712919032269
1312,-0.416015625,1.982421875,-0.89453125,-0.25041288075779344,25,1712919032269
1312,0.0,2.126953125,-0.740234375,-0.25041288075779344,22,1712919032269
1312,-0.3671875,2.63671875,-1.248046875,-0.25041288075779344,50,1712919032269
1312,-0.373046875,2.421875,-1.69140625,-0.25041288075779344,50,1712919032269
1312,3.59765625,1.447265625,-0.849609375,-0.25041288075779344,25,1712919032269
1312,-0.248046875,1.953125,0.251953125,-0.12520644037889672,72,1712919032269
1312,-0.251953125,2.001953125,0.142578125,-0.12520644037889672,179,1712919032269
1312,-0.2578125,2.044921875,0.072265625,-0.12520644037889672,269,1712919032269
1312,-0.26171875,2.083984375,0.005859375,-0.12520644037889672,256,1712919032269
1312,-0.201171875,2.12109375,-0.181640625,-0.12520644037889672,161,1712919032269
1312,-0.271484375,1.685546875,-1.349609375,-0.12520644037889672,57,1712919032269
1312,-0.27734375,2.08984375,-0.67578125,-0.12520644037889672,47,1712919032269
1312,-0.140625,2.201171875,-0.4609375,-0.12520644037889672,53,1712919032269
1312,-0.142578125,2.240234375,-0.451171875,-0.12520644037889672,37,1712919032269
1312,-0.458984375,2.693359375,-1.0859375,-0.12520644037889672,44,1712919032269
1312,-0.46484375,2.458984375,-1.61328125,-0.12520644037889672,40,1712919032269
1312,-3.005859375,0.0,3.306640625,0.0,11,1712919032269
1312,-3.03515625,0.0,3.1171875,0.0,12,1712919032269
1312,-1.10546875,3.2578125,1.904296875,0.12520644037889672,13,1712919032269
1312,3.2265625,2.310546875,0.142578125,0.12520644037889672,13,1712919032269
1312,3.5078125,1.8671875,-0.525390625,0.12520644037889672,13,1712919032269
1312,3.541015625,1.880859375,-0.546875,0.12520644037889672,19,1712919032269
1312,3.1953125,2.28125,-0.21875,0.25041288075779344,14,1712919032269
1312,3.2265625,2.255859375,-0.517578125,0.25041288075779344,16,1712919032269
1313,-0.185546875,1.94921875,0.322265625,0.0,21,1712919032370
1313,-0.251953125,1.974609375,0.36328125,0.0,33,1712919032370
1313,-0.2578125,1.994140625,0.45703125,0.0,27,1712919032370
1313,-0.197265625,2.08984375,0.015625,0.0,40,1712919032370
1313,-0.201171875,2.126953125,0.064453125,0.0,41,1712919032370
1313,0.0,2.22265625,-0.361328125,0.0,37,1712919032370
1313,0.0,2.236328125,-0.49609375,0.0,47,1712919032370
1313,0.0,2.25390625,-0.587890625,0.0,34,1712919032370
1313,-3.072265625,0.0,2.884765625,0.0,17,1712919032370
1313,-3.2265625,0.0,2.8359375,0.0,25,1712919032370
1313,-3.005859375,0.0,3.06640625,0.0,21,1712919032370
1313,-3.1953125,0.0,3.02734375,0.12520644037889672,32,1712919032370
1313,-3.1015625,0.0,3.107421875,0.12520644037889672,49,1712919032370
1313,-3.130859375,0.0,3.271484375,0.12520644037889672,41,1712919032370
1313,-3.03515625,0.0,3.572265625,0.12520644037889672,19,1712919032370
1313,-3.2265625,0.0,3.1875,0.25041288075779344,25,1712919032370
1313,-3.130859375,0.0,3.359375,0.25041288075779344,20,1712919032370
1313,-0.451171875,1.9921875,-0.279296875,-0.5008257615155869,30,1712919032370
1313,-0.39453125,2.04296875,-0.27734375,-0.5008257615155869,32,1712919032370
1313,-0.333984375,2.09765625,-0.25,-0.5008257615155869,20,1712919032370
1313,-0.185546875,1.974609375,-0.1015625,-0.37561932113669017,51,1712919032370
1313,-0.189453125,1.94140625,-0.541015625,-0.37561932113669017,77,1712919032370
1313,-0.12890625,1.873046875,-0.8515625,-0.37561932113669017,100,1712919032370
1313,-0.06640625,1.73828125,-1.17578125,-0.37561932113669017,90,1712919032370
1313,-0.06640625,1.783203125,-1.177734375,-0.37561932113669017,59,1712919032370
1313,-0.203125,2.087890625,-0.578125,-0.37561932113669017,35,1712919032370
1313,-0.181640625,1.919921875,0.265625,-0.25041288075779344,39,1712919032370
1313,-0.185546875,1.97265625,0.13671875,-0.25041288075779344,87,1712919032370
1313,-0.189453125,1.970703125,-0.4140625,-0.25041288075779344,146,1712919032370
1313,-0.193359375,1.97265625,-0.5703125,-0.25041288075779344,235,1712919032370
1313,-0.130859375,2.0,-0.626953125,-0.25041288075779344,251,1712919032370
1313,-0.1328125,2.05859375,-0.560546875,-0.25041288075779344,156,1712919032370
1313,-0.203125,2.15234375,-0.255859375,-0.25041288075779344,56,1712919032370
1313,-0.345703125,2.150390625,-0.400390625,-0.25041288075779344,25,1712919032370
1313,0.0,2.173828125,-0.587890625,-0.25041288075779344,32,1712919032370
1313,0.0,2.16796875,-0.73828125,-0.25041288075779344,38,1712919032370
1313,0.0,2.162109375,-0.8671875,-0.25041288075779344,30,1712919032370
1313,-0.07421875,2.234375,-0.775390625,-0.25041288075779344,26,1712919032370
1313,-0.181640625,1.90234375,0.373046875,-0.12520644037889672,20,1712919032370
1313,-0.185546875,1.947265625,0.333984375,-0.12520644037889672,50,1712919032370
1313,-0.189453125,2.013671875,-0.0546875,-0.12520644037889672,85,1712919032370
1313,-0.193359375,2.005859375,-0.43359375,-0.12520644037889672,150,1712919032370
1313,-0.130859375,2.0625,-0.369140625,-0.12520644037889672,188,1712919032370
1313,-0.1328125,2.119140625,-0.25,-0.12520644037889672,130,1712919032370
1313,-0.068359375,2.15625,0.28125,-0.12520644037889672,39,1712919032370
1313,0.0,2.2109375,-0.125,-0.12520644037889672,22,1712919032370
1313,0.0,2.20703125,-0.4453125,-0.12520644037889672,62,1712919032370
1313,0.0,2.220703125,-0.55859375,-0.12520644037889672,76,1712919032370
1313,0.0,2.2265625,-0.6796875,-0.12520644037889672,53,1712919032370
1313,0.0,2.283203125,-0.626953125,-0.12520644037889672,31,1712919032370
1313,-0.615234375,3.208984375,-0.32421875,-0.12520644037889672,17,1712919032370
1313,-1.10546875,2.318359375,2.9765625,0.0,13,1712919032370
1313,3.474609375,1.748046875,-0.80078125,0.0,20,1712919032370
1313,3.5078125,1.76171875,-0.8125,0.0,19,1712919032370
1313,-1.10546875,2.482421875,-2.841796875,0.12520644037889672,23,1712919032370
1313,3.349609375,2.03125,-0.646484375,0.12520644037889672,33,1712919032370
1313,3.3828125,2.080078125,-0.546875,0.12520644037889672,30,1712919032370
1313,3.541015625,1.857421875,-0.625,0.12520644037889672,17,1712919032370
1313,-1.240234375,2.98828125,2.302734375,0.25041288075779344,15,1712919032370
1313,3.3828125,2.1171875,-0.380859375,0.25041288075779344,14,1712919032370
1313,0.6796875,0.7734375,1.916015625,-0.12520644037889672,21,1712919032370
1313,0.71875,1.634765625,2.75390625,-0.12520644037889672,11,1712919032370
1314,-0.181640625,1.931640625,0.166015625,0.0,18,1712919032470
1314,-0.185546875,1.9765625,0.037109375,0.0,52,1712919032470
1314,-0.189453125,2.013671875,-0.01953125,0.0,66,1712919032470
1314,-0.193359375,2.052734375,-0.001953125,0.0,45,1712919032470
1314,-0.197265625,2.0859375,-0.123046875,0.0,37,1712919032470
1314,-0.466796875,2.029296875,-0.482421875,0.0,29,1712919032470
1314,-2.978515625,0.0,2.89453125,0.0,11,1712919032470
1314,-3.005859375,0.0,3.109375,0.0,15,1712919032470
1314,-0.251953125,2.001953125,0.1484375,0.12520644037889672,27,1712919032470
1314,0.0,2.18359375,-0.689453125,0.12520644037889672,42,1712919032470
1314,0.0,2.23046875,-0.66796875,0.12520644037889672,46,1712919032470
1314,0.0,2.263671875,-0.6875,0.12520644037889672,26,1712919032470
1314,-2.978515625,0.0,2.88671875,0.12520644037889672,22,1712919032470
1314,-2.880859375,0.0,3.044921875,0.12520644037889672,31,1712919032470
1314,3.66796875,0.900390625,-1.455078125,0.12520644037889672,27,1712919032470
1314,0.0,2.142578125,-0.69140625,0.25041288075779344,20,1712919032470
1314,0.0,2.208984375,-0.60546875,0.25041288075779344,46,1712919032470
1314,0.0,2.25,-0.599609375,0.25041288075779344,52,1712919032470
1314,0.0,2.30859375,-0.525390625,0.25041288075779344,30,1712919032470
1314,-3.005859375,0.0,3.064453125,0.25041288075779344,20,1712919032470
1314,-3.03515625,0.0,2.982421875,0.25041288075779344,21,1712919032470
1314,0.0,2.2421875,-0.46484375,0.37561932113669017,22,1712919032470
1314,0.0,2.271484375,-0.513671875,0.37561932113669017,24,1712919032470
1314,-0.39453125,1.955078125,-0.658203125,-0.6260322018944836,23,1712919032470
1314,-0.466796875,1.966796875,-0.6953125,-0.6260322018944836,25,1712919032470
1314,-0.248046875,1.91015625,-0.48046875,-0.5008257615155869,35,1712919032470
1314,-0.251953125,1.947265625,-0.48828125,-0.5008257615155869,53,1712919032470
1314,-0.193359375,2.01953125,-0.3671875,-0.5008257615155869,29,1712919032470
1314,-0.525390625,1.900390625,-0.724609375,-0.5008257615155869,37,1712919032470
1314,-0.466796875,1.96875,-0.69140625,-0.5008257615155869,59,1712919032470
1314,-0.544921875,1.978515625,-0.724609375,-0.5008257615155869,37,1712919032470
1314,3.578125,1.123046875,-0.7109375,-0.5008257615155869,30,1712919032470
1314,3.734375,0.5234375,-0.80078125,-0.5008257615155869,33,1712919032470
1314,-0.12109375,1.927734375,-0.244140625,-0.37561932113669017,73,1712919032470
1314,-0.125,1.947265625,-0.369140625,-0.37561932113669017,220,1712919032470
1314,-0.189453125,1.96875,-0.4296875,-0.37561932113669017,322,1712919032470
1314,-0.2578125,1.998046875,-0.435546875,-0.37561932113669017,235,1712919032470
1314,-0.130859375,2.076171875,-0.28515625,-0.37561932113669017,120,1712919032470
1314,0.0,1.8828125,-1.013671875,-0.37561932113669017,48,1712919032470
1314,-0.544921875,1.99609375,-0.67578125,-0.37561932113669017,38,1712919032470
1314,-0.1796875,1.8984375,0.099609375,-0.25041288075779344,21,1712919032470
1314,-0.181640625,1.9375,-0.080078125,-0.25041288075779344,105,1712919032470
1314,-0.185546875,1.96484375,-0.2109375,-0.25041288075779344,292,1712919032470
1314,-0.189453125,1.9921875,-0.30078125,-0.25041288075779344,417,1712919032470
1314,-0.2578125,2.013671875,-0.35546875,-0.25041288075779344,318,1712919032470
1314,-0.26171875,2.05859375,-0.3203125,-0.25041288075779344,167,1712919032470
1314,-0.1328125,2.1328125,0.03125,-0.25041288075779344,54,1712919032470
1314,-0.408203125,2.044921875,-0.623046875,-0.25041288075779344,41,1712919032470
1314,-0.181640625,1.9296875,0.1796875,-0.12520644037889672,45,1712919032470
1314,-0.248046875,1.96875,-0.037109375,-0.12520644037889672,91,1712919032470
1314,-0.251953125,2.0,-0.1796875,-0.12520644037889672,122,1712919032470
1314,-0.322265625,2.009765625,-0.32421875,-0.12520644037889672,101,1712919032470
1314,-0.39453125,2.01171875,-0.453125,-0.12520644037889672,65,1712919032470
1314,-0.466796875,1.998046875,-0.6015625,-0.12520644037889672,55,1712919032470
1314,-0.4765625,2.0390625,-0.591796875,-0.12520644037889672,48,1712919032470
1314,3.474609375,1.662109375,-0.96484375,0.0,9,1712919032470
1314,3.6328125,1.318359375,-1.064453125,0.0,14,1712919032470
1314,3.474609375,1.708984375,-0.87890625,0.12520644037889672,19,1712919032470
1314,3.5078125,1.630859375,-1.05078125,0.12520644037889672,26,1712919032470
1314,-2.908203125,0.0,3.029296875,0.12520644037889672,27,1712919032470
1314,3.6328125,1.1875,-1.208984375,0.25041288075779344,19,1712919032470
1314,3.66796875,0.0,-1.837890625,0.25041288075779344,20,1712919032470
1314,-0.66796875,2.029296875,0.046875,-0.37561932113669017,39,1712919032470
1315,-0.119140625,1.904296875,0.017578125,0.0,14,1712919032570
1315,-0.12109375,1.94140625,0.064453125,0.0,51,1712919032570
1315,-0.125,1.98046875,0.048828125,0.0,85,1712919032570
1315,-0.126953125,2.01953125,0.01171875,0.0,62,1712919032570
1315,-0.26171875,2.07421875,0.18359375,0.0,17,1712919032570
1315,3.6328125,1.287109375,-1.1015625,0.0,11,1712919032570
1315,-0.248046875,1.966796875,0.09375,0.12520644037889672,21,1712919032570
1315,-0.126953125,2.01171875,0.166015625,0.12520644037889672,18,1712919032570
1315,3.59765625,1.50390625,-0.744140625,0.12520644037889672,17,1712919032570
1315,3.6328125,1.37109375,-0.99609375,0.12520644037889672,22,1712919032570
1315,3.66796875,0.87109375,-1.47265625,0.12520644037889672,23,1712919032570
1315,3.830078125,0.0,-1.890625,0.12520644037889672,21,1712919032570
1315,3.66796875,0.853515625,-1.482421875,0.25041288075779344,22,1712919032570
1315,3.830078125,0.0,-1.607421875,0.25041288075779344,23,1712919032570
1315,-0.31640625,1.8359375,-0.791015625,-0.6260322018944836,32,1712919032570
1315,-0.38671875,1.88671875,-0.736328125,-0.6260322018944836,62,1712919032570
1315,-0.39453125,1.927734375,-0.73046875,-0.6260322018944836,64,1712919032570
1315,-0.466796875,1.962890625,-0.708984375,-0.6260322018944836,36,1712919032570
1315,-0.12109375,1.87109375,-0.5234375,-0.5008257615155869,35,1712919032570
1315,-0.125,1.912109375,-0.51953125,-0.5008257615155869,68,1712919032570
1315,-0.0625,1.95703125,-0.513671875,-0.5008257615155869,52,1712919032570
1315,-0.451171875,1.927734375,-0.576171875,-0.5008257615155869,68,1712919032570
1315,-0.39453125,1.958984375,-0.6484375,-0.5008257615155869,92,1712919032570
1315,-0.400390625,1.986328125,-0.68359375,-0.5008257615155869,62,1712919032570
1315,-0.408203125,2.0078125,-0.732421875,-0.5008257615155869,29,1712919032570
1315,-0.1796875,1.8828125,-0.259765625,-0.37561932113669017,27,1712919032570
1315,-0.181640625,1.857421875,-0.5546875,-0.37561932113669017,117,1712919032570
1315,-0.125,1.927734375,-0.45703125,-0.37561932113669017,233,1712919032570
1315,-0.126953125,1.998046875,-0.296875,-0.37561932113669017,168,1712919032570
1315,-0.2578125,1.541015625,-1.345703125,-0.37561932113669017,34,1712919032570
1315,-0.197265625,1.994140625,-0.62890625,-0.37561932113669017,95,1712919032570
1315,-0.333984375,2.03125,-0.578125,-0.37561932113669017,59,1712919032570
1315,-0.33984375,2.06640625,-0.59375,-0.37561932113669017,33,1712919032570
1315,-0.353515625,2.42578125,-1.40625,-0.37561932113669017,24,1712919032570
1315,-0.1171875,1.865234375,-0.05859375,-0.25041288075779344,17,1712919032570
1315,-0.119140625,1.904296875,-0.015625,-0.25041288075779344,56,1712919032570
1315,-0.12109375,1.9140625,-0.33984375,-0.25041288075779344,145,1712919032570
1315,-0.125,1.953125,-0.328125,-0.25041288075779344,234,1712919032570
1315,-0.126953125,2.017578125,-0.076171875,-0.25041288075779344,128,1712919032570
1315,-0.12890625,1.900390625,-0.787109375,-0.25041288075779344,72,1712919032570
1315,-0.130859375,2.0234375,-0.544921875,-0.25041288075779344,105,1712919032570
1315,-0.201171875,2.099609375,-0.3515625,-0.25041288075779344,45,1712919032570
1315,-0.201171875,3.193359375,0.205078125,-0.25041288075779344,38,1712919032570
1315,-0.3046875,3.2265625,0.173828125,-0.25041288075779344,36,1712919032570
1315,-0.119140625,1.904296875,0.033203125,-0.12520644037889672,45,1712919032570
1315,-0.060546875,1.9453125,0.02734375,-0.12520644037889672,117,1712919032570
1315,-0.0625,1.984375,-0.01171875,-0.12520644037889672,153,1712919032570
1315,-0.0625,2.01953125,-0.111328125,-0.12520644037889672,93,1712919032570
1315,-0.193359375,1.974609375,-0.55859375,-0.12520644037889672,56,1712919032570
1315,-0.197265625,2.00390625,-0.59765625,-0.12520644037889672,37,1712919032570
1315,-2.880859375,0.0,3.13671875,0.0,10,1712919032570
1315,-2.853515625,0.0,3.205078125,0.12520644037889672,17,1712919032570
1315,-2.880859375,0.0,3.193359375,0.12520644037889672,20,1712919032570
1315,-2.908203125,0.0,3.033203125,0.12520644037889672,21,1712919032570
1315,-2.80859375,0.38671875,2.94140625,0.12520644037889672,19,1712919032570
1315,-2.908203125,0.0,3.177734375,0.25041288075779344,22,1712919032570
1315,-2.80859375,0.0,3.080078125,0.25041288075779344,22,1712919032570
1315,-0.822265625,1.341796875,1.271484375,-0.5008257615155869,29,1712919032570
1316,-0.05859375,1.869140625,0.06640625,0.0,33,1712919032670
1316,0.0,1.90625,0.080078125,0.0,93,1712919032670
1316,0.0,1.947265625,0.03125,0.0,131,1712919032670
1316,-0.0625,1.982421875,-0.095703125,0.0,105,1712919032670
1316,-0.126953125,2.00390625,-0.244140625,0.0,60,1712919032670
1316,-0.12890625,2.056640625,-0.05859375,0.0,62,1712919032670
1316,-0.06640625,2.09765625,-0.037109375,0.0,35,1712919032670
1316,-0.12109375,1.943359375,0.005859375,0.12520644037889672,17,1712919032670
1316,3.72265625,0.9296875,-1.0234375,0.12520644037889672,20,1712919032670
1316,3.7578125,0.9921875,-0.98046875,0.12520644037889672,25,1712919032670
1316,-3.95703125,1.013671875,-0.01953125,0.12520644037889672,22,1712919032670
1316,-4.123046875,0.0,-0.2265625,0.12520644037889672,30,1712919032670
1316,4.03125,0.986328125,-0.3046875,0.12520644037889672,21,1712919032670
1316,-4.083984375,0.0,0.072265625,0.25041288075779344,22,1712919032670
1316,-4.123046875,0.0,-0.072265625,0.25041288075779344,27,1712919032670
1316,-0.248046875,1.775390625,-0.853515625,-0.7512386422733803,18,1712919032670
1316,-0.189453125,1.83984375,-0.8203125,-0.7512386422733803,22,1712919032670
1316,-0.244140625,1.8203125,-0.6484375,-0.6260322018944836,36,1712919032670
1316,-0.248046875,1.833984375,-0.716796875,-0.6260322018944836,75,1712919032670
1316,-0.31640625,1.865234375,-0.71875,-0.6260322018944836,92,1712919032670
1316,-0.322265625,1.90625,-0.716796875,-0.6260322018944836,60,1712919032670
1316,3.54296875,1.072265625,-0.763671875,-0.6260322018944836,24,1712919032670
1316,3.578125,1.099609375,-0.74609375,-0.6260322018944836,19,1712919032670
1316,-0.181640625,1.833984375,-0.625,-0.5008257615155869,32,1712919032670
1316,-0.373046875,1.859375,-0.5859375,-0.5008257615155869,55,1712919032670
1316,-0.31640625,1.8828125,-0.669921875,-0.5008257615155869,84,1712919032670
1316,-0.322265625,1.935546875,-0.634765625,-0.5008257615155869,57,1712919032670
1316,-0.119140625,1.90234375,-0.11328125,-0.37561932113669017,38,1712919032670
1316,-0.12109375,1.9296875,-0.236328125,-0.37561932113669017,62,1712919032670
1316,-0.0625,1.943359375,-0.40234375,-0.37561932113669017,59,1712919032670
1316,0.0,1.9609375,-0.501953125,-0.37561932113669017,52,1712919032670
1316,0.0,2.0078125,-0.46484375,-0.37561932113669017,48,1712919032670
1316,-0.06640625,2.068359375,-0.35546875,-0.37561932113669017,46,1712919032670
1316,-0.1328125,2.095703125,-0.400390625,-0.37561932113669017,33,1712919032670
1316,-0.330078125,2.041015625,-1.6328125,-0.37561932113669017,27,1712919032670
1316,-0.333984375,2.03125,-1.705078125,-0.37561932113669017,24,1712919032670
1316,-0.05859375,1.865234375,-0.1171875,-0.25041288075779344,39,1712919032670
1316,-0.060546875,1.908203125,-0.03515625,-0.25041288075779344,89,1712919032670
1316,-0.060546875,1.9453125,-0.037109375,-0.25041288075779344,92,1712919032670
1316,-0.125,1.935546875,-0.42578125,-0.25041288075779344,74,1712919032670
1316,-0.0625,1.9921875,-0.349609375,-0.25041288075779344,133,1712919032670
1316,-0.064453125,2.041015625,-0.283203125,-0.25041288075779344,167,1712919032670
1316,-0.06640625,2.083984375,-0.24609375,-0.25041288075779344,119,1712919032670
1316,-0.06640625,2.115234375,-0.30078125,-0.25041288075779344,56,1712919032670
1316,-0.05859375,1.869140625,-0.060546875,-0.12520644037889672,60,1712919032670
1316,0.0,1.908203125,-0.01171875,-0.12520644037889672,152,1712919032670
1316,0.0,1.9453125,-0.0546875,-0.12520644037889672,194,1712919032670
1316,0.0,1.962890625,-0.30078125,-0.12520644037889672,135,1712919032670
1316,-0.0625,1.994140625,-0.337890625,-0.12520644037889672,124,1712919032670
1316,-0.064453125,2.05078125,-0.19140625,-0.12520644037889672,165,1712919032670
1316,-0.06640625,2.091796875,-0.16796875,-0.12520644037889672,108,1712919032670
1316,-0.201171875,3.14453125,0.591796875,-0.12520644037889672,22,1712919032670
1316,-2.73046875,0.0,3.1875,0.12520644037889672,18,1712919032670
1316,-2.755859375,0.0,3.068359375,0.12520644037889672,22,1712919032670
1317,0.0,1.87109375,-0.00390625,0.0,35,1712919032771
1317,0.0,1.908203125,0.017578125,0.0,83,1712919032771
1317,0.0,1.947265625,0.0234375,0.0,90,1712919032771
1317,0.0,1.978515625,-0.166015625,0.0,57,1712919032771
1317,0.0,1.9921875,-0.3515625,0.0,58,1712919032771
1317,-0.064453125,2.0546875,-0.166015625,0.0,48,1712919032771
1317,-0.06640625,2.09765625,-0.033203125,0.0,37,1712919032771
1317,0.0,2.130859375,-0.166015625,0.0,21,1712919032771
1317,0.0,1.892578125,0.24609375,0.12520644037889672,25,1712919032771
1317,0.0,1.900390625,0.427734375,0.12520644037889672,22,1712919032771
1317,0.0,2.0078125,-0.24609375,0.12520644037889672,21,1712919032771
1317,0.0,2.060546875,-0.08203125,0.12520644037889672,24,1712919032771
1317,-4.083984375,0.0,-0.474609375,0.12520644037889672,25,1712919032771
1317,-4.123046875,0.0,-0.2578125,0.12520644037889672,25,1712919032771
1317,-4.046875,0.0,-0.34765625,0.25041288075779344,22,1712919032771
1317,-4.083984375,0.0,-0.154296875,0.25041288075779344,38,1712919032771
1317,-4.123046875,0.0,-0.02734375,0.25041288075779344,38,1712919032771
1317,-4.162109375,0.0,0.173828125,0.25041288075779344,23,1712919032771
1317,-4.083984375,0.0,0.220703125,0.37561932113669017,19,1712919032771
1317,-4.123046875,0.0,0.322265625,0.37561932113669017,18,1712919032771
1317,-0.181640625,1.88671875,-0.443359375,-0.6260322018944836,21,1712919032771
1317,-0.185546875,1.890625,-0.572265625,-0.6260322018944836,31,1712919032771
1317,-0.126953125,1.90234375,-0.67578125,-0.6260322018944836,31,1712919032771
1317,-0.12890625,1.94140625,-0.6796875,-0.6260322018944836,25,1712919032771
1317,-0.1171875,1.775390625,-0.576171875,-0.5008257615155869,27,1712919032771
1317,-0.119140625,1.814453125,-0.58203125,-0.5008257615155869,26,1712919032771
1317,-0.185546875,1.90625,-0.51953125,-0.5008257615155869,50,1712919032771
1317,-0.189453125,1.939453125,-0.544921875,-0.5008257615155869,52,1712919032771
1317,-0.193359375,1.966796875,-0.587890625,-0.5008257615155869,39,1712919032771
1317,-0.197265625,2.0,-0.609375,-0.5008257615155869,22,1712919032771
1317,3.625,0.0,-1.15234375,-0.5008257615155869,21,1712919032771
1317,-0.1171875,1.814453125,-0.443359375,-0.37561932113669017,67,1712919032771
1317,-0.119140625,1.86328125,-0.400390625,-0.37561932113669017,94,1712919032771
1317,-0.060546875,1.908203125,-0.3828125,-0.37561932113669017,54,1712919032771
1317,-0.185546875,1.90625,-0.51953125,-0.37561932113669017,31,1712919032771
1317,-0.189453125,1.970703125,-0.41796875,-0.37561932113669017,44,1712919032771
1317,-0.193359375,2.009765625,-0.416015625,-0.37561932113669017,39,1712919032771
1317,-0.130859375,2.052734375,-0.41796875,-0.37561932113669017,30,1712919032771
1317,-3.703125,0.0,-1.412109375,-0.37561932113669017,18,1712919032771
1317,-3.7421875,0.0,-1.123046875,-0.37561932113669017,28,1712919032771
1317,-0.115234375,1.798828125,-0.333984375,-0.25041288075779344,20,1712919032771
1317,-0.1171875,1.84375,-0.291015625,-0.25041288075779344,85,1712919032771
1317,-0.060546875,1.8828125,-0.306640625,-0.25041288075779344,157,1712919032771
1317,-0.060546875,1.927734375,-0.265625,-0.25041288075779344,140,1712919032771
1317,0.0,1.96875,-0.255859375,-0.25041288075779344,63,1712919032771
1317,-0.0625,1.982421875,-0.3984375,-0.25041288075779344,61,1712919032771
1317,-0.064453125,2.048828125,-0.216796875,-0.25041288075779344,61,1712919032771
1317,-0.06640625,2.0859375,-0.23828125,-0.25041288075779344,62,1712919032771
1317,0.0,2.11328125,-0.326171875,-0.25041288075779344,37,1712919032771
1317,-3.7421875,0.0,-0.8828125,-0.25041288075779344,22,1712919032771
1317,0.0,1.86328125,-0.162109375,-0.12520644037889672,85,1712919032771
1317,0.0,1.904296875,-0.14453125,-0.12520644037889672,192,1712919032771
1317,0.0,1.9453125,-0.09765625,-0.12520644037889672,196,1712919032771
1317,0.0,1.97265625,-0.21484375,-0.12520644037889672,105,1712919032771
1317,-0.0625,1.974609375,-0.44140625,-0.12520644037889672,113,1712919032771
1317,-0.064453125,2.041015625,-0.279296875,-0.12520644037889672,94,1712919032771
1317,-0.06640625,2.09375,-0.134765625,-0.12520644037889672,69,1712919032771
1317,-0.06640625,2.119140625,-0.2734375,-0.12520644037889672,41,1712919032771
1317,0.251953125,4.037109375,0.091796875,0.25041288075779344,12,1712919032771
1318,0.0,1.828125,-0.115234375,0.0,30,1712919032871
1318,-0.05859375,1.865234375,-0.1328125,0.0,68,1712919032871
1318,-0.060546875,1.8984375,-0.185546875,0.0,62,1712919032871
1318,0.0,1.9453125,-0.08984375,0.0,25,1712919032871
1318,0.125,1.97265625,-0.177734375,0.0,11,1712919032871
1318,0.0625,2.017578125,-0.150390625,0.0,22,1712919032871
1318,0.0,2.05859375,-0.107421875,0.0,30,1712919032871
1318,0.0,2.09765625,-0.099609375,0.0,24,1712919032871
1318,0.0,1.87109375,-0.04296875,0.12520644037889672,18,1712919032871
1318,0.0,1.908203125,-0.056640625,0.12520644037889672,29,1712919032871
1318,0.12109375,1.94140625,0.056640625,0.12520644037889672,32,1712919032871
1318,0.248046875,1.904296875,0.501953125,0.12520644037889672,28,1712919032871
1318,3.8828125,0.0,-1.130859375,0.12520644037889672,23,1712919032871
1318,3.919921875,0.0,-1.048828125,0.12520644037889672,24,1712919032871
1318,0.0,1.607421875,-1.029296875,-0.6260322018944836,14,1712919032871
1318,0.0,1.736328125,-0.8828125,-0.6260322018944836,15,1712919032871
1318,-0.1171875,1.748046875,-0.654296875,-0.5008257615155869,23,1712919032871
1318,-0.119140625,1.806640625,-0.60546875,-0.5008257615155869,46,1712919032871
1318,-0.12109375,1.853515625,-0.5859375,-0.5008257615155869,46,1712919032871
1318,-0.0625,1.923828125,-0.48828125,-0.5008257615155869,24,1712919032871
1318,3.587890625,0.0,-0.98828125,-0.5008257615155869,24,1712919032871
1318,0.0,1.7265625,-0.615234375,-0.37561932113669017,42,1712919032871
1318,-0.05859375,1.779296875,-0.576171875,-0.37561932113669017,169,1712919032871
1318,-0.060546875,1.828125,-0.546875,-0.37561932113669017,293,1712919032871
1318,-0.060546875,1.87890625,-0.5078125,-0.37561932113669017,249,1712919032871
1318,-0.0625,1.935546875,-0.4375,-0.37561932113669017,102,1712919032871
1318,3.587890625,0.16015625,-0.904296875,-0.37561932113669017,27,1712919032871
1318,-0.056640625,1.775390625,-0.44921875,-0.25041288075779344,82,1712919032871
1318,-0.05859375,1.814453125,-0.44921875,-0.25041288075779344,296,1712919032871
1318,-0.060546875,1.85546875,-0.443359375,-0.25041288075779344,470,1712919032871
1318,-0.060546875,1.8984375,-0.42578125,-0.25041288075779344,374,1712919032871
1318,-0.125,1.935546875,-0.421875,-0.25041288075779344,147,1712919032871
1318,-0.0625,1.958984375,-0.50390625,-0.25041288075779344,31,1712919032871
1318,-0.056640625,1.81640625,-0.240234375,-0.12520644037889672,70,1712919032871
1318,-0.05859375,1.84765625,-0.28125,-0.12520644037889672,199,1712919032871
1318,-0.119140625,1.880859375,-0.302734375,-0.12520644037889672,260,1712919032871
1318,-0.12109375,1.908203125,-0.36328125,-0.12520644037889672,174,1712919032871
1318,-0.125,1.89453125,-0.580078125,-0.12520644037889672,69,1712919032871
1318,-0.0625,1.958984375,-0.50390625,-0.12520644037889672,45,1712919032871
1318,0.0,2.03515625,-0.326171875,-0.12520644037889672,58,1712919032871
1318,0.0,2.078125,-0.296875,-0.12520644037889672,44,1712919032871
1318,-0.97265625,0.0,1.775390625,0.0,13,1712919032871
1318,-0.49609375,1.3828125,1.333984375,0.0,6,1712919032871
1318,-2.630859375,0.0,3.15625,0.12520644037889672,16,1712919032871
1318,-2.78125,0.0,3.1796875,0.12520644037889672,16,1712919032871
1318,-1.01171875,0.806640625,1.5546875,-0.25041288075779344,18,1712919032871
1319,-0.056640625,1.775390625,-0.451171875,0.0,61,1712919032922
1319,0.0,1.82421875,-0.412109375,0.0,168,1712919032922
1319,-0.060546875,1.869140625,-0.3828125,0.0,222,1712919032922
1319,-0.060546875,1.912109375,-0.359375,0.0,139,1712919032922
1319,-0.125,1.955078125,-0.318359375,0.0,31,1712919032922
1319,0.0,1.845703125,-0.30078125,0.12520644037889672,33,1712919032922
1319,0.0,1.896484375,-0.216796875,0.12520644037889672,39,1712919032922
1319,0.0,1.9453125,0.09375,0.12520644037889672,24,1712919032922
1319,0.185546875,1.94140625,0.373046875,0.12520644037889672,16,1712919032922
1319,0.189453125,2.009765625,0.13671875,0.12520644037889672,17,1712919032922
1319,0.115234375,1.76953125,-0.4609375,-0.37561932113669017,37,1712919032922
1319,0.05859375,1.751953125,-0.65234375,-0.37561932113669017,59,1712919032922
1319,0.060546875,1.76171875,-0.732421875,-0.37561932113669017,51,1712919032922
1319,0.0,1.75390625,-0.845703125,-0.37561932113669017,27,1712919032922
1319,0.0,1.7421875,-0.5703125,-0.25041288075779344,104,1712919032922
1319,0.0,1.771484375,-0.6015625,-0.25041288075779344,240,1712919032922
1319,0.0,1.8125,-0.59765625,-0.25041288075779344,276,1712919032922
1319,-0.060546875,1.853515625,-0.59375,-0.25041288075779344,153,1712919032922
1319,-0.125,1.923828125,-0.470703125,-0.25041288075779344,28,1712919032922
1319,-3.626953125,0.0,-0.521484375,-0.25041288075779344,27,1712919032922
1319,-3.6640625,0.0,-0.421875,-0.25041288075779344,35,1712919032922
1319,-3.703125,0.0,-0.48046875,-0.25041288075779344,22,1712919032922
1319,0.0,1.71484375,-0.52734375,-0.12520644037889672,16,1712919032922
1319,-0.056640625,1.7578125,-0.517578125,-0.12520644037889672,130,1712919032922
1319,0.0,1.80078125,-0.50390625,-0.12520644037889672,350,1712919032922
1319,-0.060546875,1.845703125,-0.482421875,-0.12520644037889672,446,1712919032922
1319,-0.060546875,1.892578125,-0.455078125,-0.12520644037889672,276,1712919032922
1319,-0.0625,1.96875,-0.25,-0.12520644037889672,59,1712919032922
1319,0.0,1.869140625,-0.77734375,-0.12520644037889672,25,1712919032922
1319,0.0,1.96484375,-0.626953125,-0.12520644037889672,23,1712919032922
1319,3.55078125,0.875,-0.248046875,-0.12520644037889672,24,1712919032922
1319,-0.9296875,0.427734375,1.701171875,0.0,17,1712919032922
1319,-1.88671875,0.0,-0.763671875,-0.37561932113669017,16,1712919032922
1319,-0.9296875,0.94140625,1.48046875,-0.25041288075779344,22,1712919032922
1319,-0.9296875,0.84375,1.537109375,-0.12520644037889672,34,1712919032922
1320,0.056640625,1.7109375,-0.65234375,0.0,36,1712919033022
1320,0.05859375,1.794921875,-0.521484375,0.0,117,1712919033022
1320,0.060546875,1.84765625,-0.4765625,0.0,172,1712919033022
1320,0.060546875,1.896484375,-0.4375,0.0,128,1712919033022
1320,0.125,1.8984375,-0.568359375,0.0,40,1712919033022
1320,0.064453125,2.060546875,-0.01171875,0.0,18,1712919033022
1320,0.0,1.775390625,-0.453125,0.12520644037889672,66,1712919033022
1320,0.0,1.83203125,-0.373046875,0.12520644037889672,217,1712919033022
1320,0.060546875,1.880859375,-0.31640625,0.12520644037889672,339,1712919033022
1320,0.060546875,1.92578125,-0.279296875,0.12520644037889672,273,1712919033022
1320,0.125,1.943359375,-0.38671875,0.12520644037889672,105,1712919033022
1320,-0.126953125,2.00390625,-0.255859375,0.12520644037889672,24,1712919033022
1320,0.12890625,2.056640625,0.076171875,0.12520644037889672,39,1712919033022
1320,0.0,1.794921875,-0.365234375,0.25041288075779344,35,1712919033022
1320,0.05859375,1.84765625,-0.28125,0.25041288075779344,108,1712919033022
1320,0.0,1.89453125,-0.228515625,0.25041288075779344,160,1712919033022
1320,0.060546875,1.935546875,-0.19921875,0.25041288075779344,121,1712919033022
1320,0.0,1.970703125,-0.2421875,0.25041288075779344,42,1712919033022
1320,-4.046875,0.0,-1.0546875,0.25041288075779344,29,1712919033022
1320,-4.083984375,0.0,-0.90625,0.25041288075779344,32,1712919033022
1320,-3.994140625,0.828125,-0.599609375,0.25041288075779344,27,1712919033022
1320,-3.900390625,1.361328125,-0.49609375,0.25041288075779344,26,1712919033022
1320,3.919921875,0.654296875,-0.76171875,0.37561932113669017,21,1712919033022
1320,-4.083984375,0.0,-0.6484375,0.37561932113669017,24,1712919033022
1320,-3.994140625,0.95703125,-0.361328125,0.37561932113669017,18,1712919033022
1320,0.12109375,1.876953125,-0.505859375,-0.25041288075779344,18,1712919033022
1320,-0.05859375,1.833984375,-0.36328125,-0.12520644037889672,16,1712919033022
1320,0.1796875,1.88671875,-0.228515625,-0.12520644037889672,34,1712919033022
1320,0.181640625,1.912109375,-0.31640625,-0.12520644037889672,51,1712919033022
1320,0.125,1.921875,-0.482421875,-0.12520644037889672,37,1712919033022
1320,-0.884765625,0.62890625,1.70703125,0.12520644037889672,15,1712919033022
1320,-2.65625,0.0,3.12890625,0.37561932113669017,11,1712919033022
1321,0.05859375,1.4375,-1.1953125,0.0,13,1712919033123
1321,0.0,1.283203125,-1.4140625,0.0,22,1712919033123
1321,0.0,0.76953125,1.7890625,0.0,15,1712919033123
1321,0.125,1.96875,-0.220703125,0.0,22,1712919033123
1321,0.0,0.234375,2.009765625,0.0,16,1712919033123
1321,0.2578125,2.044921875,-0.06640625,0.0,49,1712919033123
1321,0.197265625,2.07421875,-0.251953125,0.0,64,1712919033123
1321,0.1328125,2.1015625,-0.373046875,0.0,33,1712919033123
1321,0.0,1.77734375,-0.447265625,0.12520644037889672,21,1712919033123
1321,0.05859375,1.8203125,-0.4296875,0.12520644037889672,85,1712919033123
1321,0.119140625,1.86328125,-0.3984375,0.12520644037889672,146,1712919033123
1321,0.12109375,1.916015625,-0.322265625,0.12520644037889672,139,1712919033123
1321,0.125,1.935546875,-0.421875,0.12520644037889672,92,1712919033123
1321,0.0,1.1640625,-1.654296875,0.12520644037889672,28,1712919033123
1321,0.193359375,2.052734375,0.05078125,0.12520644037889672,97,1712919033123
1321,0.197265625,2.0859375,-0.146484375,0.12520644037889672,127,1712919033123
1321,0.1328125,2.119140625,-0.25,0.12520644037889672,64,1712919033123
1321,0.056640625,1.80859375,-0.28515625,0.25041288075779344,34,1712919033123
1321,0.05859375,1.841796875,-0.318359375,0.25041288075779344,144,1712919033123
1321,0.060546875,1.876953125,-0.337890625,0.25041288075779344,259,1712919033123
1321,0.060546875,1.9140625,-0.349609375,0.25041288075779344,245,1712919033123
1321,0.0625,1.94140625,-0.40625,0.25041288075779344,127,1712919033123
1321,-0.0625,1.4765625,-1.3828125,0.25041288075779344,17,1712919033123
1321,0.193359375,2.052734375,0.044921875,0.25041288075779344,70,1712919033123
1321,0.197265625,2.087890625,-0.09375,0.25041288075779344,85,1712919033123
1321,0.1328125,2.12890625,-0.15234375,0.25041288075779344,45,1712919033123
1321,0.0,1.8203125,-0.208984375,0.37561932113669017,17,1712919033123
1321,0.05859375,1.85546875,-0.224609375,0.37561932113669017,79,1712919033123
1321,0.060546875,1.888671875,-0.26953125,0.37561932113669017,151,1712919033123
1321,0.060546875,1.923828125,-0.287109375,0.37561932113669017,144,1712919033123
1321,0.0625,1.958984375,-0.314453125,0.37561932113669017,69,1712919033123
1321,-4.10546875,0.33203125,-0.998046875,0.37561932113669017,24,1712919033123
1321,0.0,1.892578125,-0.25390625,0.5008257615155869,20,1712919033123
1321,0.0,1.93359375,-0.23046875,0.5008257615155869,17,1712919033123
1321,0.12109375,1.8125,-0.69921875,-0.12520644037889672,16,1712919033123
1321,-3.513671875,0.6171875,-0.654296875,-0.12520644037889672,33,1712919033123
1321,-3.55078125,0.720703125,-0.5546875,-0.12520644037889672,28,1712919033123
1321,-0.6953125,1.30859375,1.37890625,0.0,12,1712919033123
1321,-0.7578125,1.212890625,1.4296875,0.12520644037889672,23,1712919033123
1321,-0.822265625,0.9765625,1.5703125,0.25041288075779344,16,1712919033123
1321,2.380859375,0.0,2.904296875,-0.12520644037889672,17,1712919033123
1321,2.404296875,0.0,2.8671875,-0.12520644037889672,16,1712919033123
1322,0.1796875,0.521484375,-1.828125,0.0,22,1712919033273
1322,0.0,1.625,-1.072265625,0.0,33,1712919033273
1322,0.0625,1.83203125,-0.759765625,0.0,49,1712919033273
1322,0.31640625,1.9609375,-0.3828125,0.0,48,1712919033273
1322,0.515625,1.916015625,-0.556640625,0.0,20,1712919033273
1322,0.357421875,1.875,0.03515625,0.12520644037889672,47,1712919033273
1322,0.3046875,1.921875,0.078125,0.12520644037889672,118,1712919033273
1322,0.310546875,1.958984375,0.087890625,0.12520644037889672,149,1712919033273
1322,0.37890625,1.986328125,0.033203125,0.12520644037889672,107,1712919033273
1322,0.451171875,2.0078125,-0.12890625,0.12520644037889672,29,1712919033273
1322,0.197265625,2.08984375,-0.01171875,0.12520644037889672,61,1712919033273
1322,0.267578125,2.119140625,-0.06640625,0.12520644037889672,49,1712919033273
1322,0.17578125,1.798828125,-0.48046875,0.25041288075779344,42,1712919033273
1322,0.1796875,1.869140625,-0.34375,0.25041288075779344,124,1712919033273
1322,0.181640625,1.923828125,-0.2421875,0.25041288075779344,197,1712919033273
1322,0.248046875,1.96484375,-0.126953125,0.25041288075779344,191,1712919033273
1322,0.31640625,1.998046875,0.029296875,0.25041288075779344,106,1712919033273
1322,0.2578125,2.041015625,0.140625,0.25041288075779344,75,1712919033273
1322,0.197265625,2.08984375,-0.021484375,0.25041288075779344,108,1712919033273
1322,0.267578125,2.12109375,-0.03515625,0.25041288075779344,68,1712919033273
1322,0.13671875,2.16015625,-0.228515625,0.25041288075779344,18,1712919033273
1322,0.17578125,1.841796875,-0.27734375,0.37561932113669017,46,1712919033273
1322,0.119140625,1.865234375,-0.384765625,0.37561932113669017,177,1712919033273
1322,0.12109375,1.892578125,-0.439453125,0.37561932113669017,343,1712919033273
1322,0.125,1.923828125,-0.470703125,0.37561932113669017,324,1712919033273
1322,0.0625,1.953125,-0.52734375,0.37561932113669017,126,1712919033273
1322,0.2578125,2.04296875,0.115234375,0.37561932113669017,37,1712919033273
1322,0.197265625,2.087890625,-0.099609375,0.37561932113669017,59,1712919033273
1322,0.267578125,2.119140625,0.091796875,0.37561932113669017,25,1712919033273
1322,-3.7421875,2.0625,0.169921875,0.37561932113669017,28,1712919033273
1322,0.1171875,1.806640625,-0.46875,0.5008257615155869,21,1712919033273
1322,0.119140625,1.85546875,-0.4296875,0.5008257615155869,157,1712919033273
1322,0.12109375,1.900390625,-0.404296875,0.5008257615155869,353,1712919033273
1322,0.125,1.94140625,-0.396484375,0.5008257615155869,353,1712919033273
1322,0.0625,1.984375,-0.392578125,0.5008257615155869,163,1712919033273
1322,0.064453125,2.03125,-0.34765625,0.5008257615155869,23,1712919033273
1322,0.060546875,1.87109375,-0.3671875,0.6260322018944836,45,1712919033273
1322,0.12109375,1.916015625,-0.322265625,0.6260322018944836,99,1712919033273
1322,0.0625,1.96484375,-0.27734375,0.6260322018944836,102,1712919033273
1322,0.0625,2.0,-0.3046875,0.6260322018944836,51,1712919033273
1322,2.580078125,0.0,2.677734375,-0.37561932113669017,17,1712919033273
1322,2.720703125,0.0,2.720703125,-0.37561932113669017,22,1712919033273
1322,2.662109375,0.0,3.015625,-0.25041288075779344,21,1712919033273
1322,2.69140625,0.0,3.025390625,-0.25041288075779344,42,1712919033273
1322,2.720703125,0.0,2.98828125,-0.25041288075779344,47,1712919033273
1322,2.748046875,0.0,2.953125,-0.25041288075779344,31,1712919033273
1322,0.1796875,1.501953125,-1.1640625,-0.12520644037889672,14,1712919033273
1322,0.244140625,1.615234375,-1.05859375,-0.12520644037889672,26,1712919033273
1322,0.185546875,1.73046875,-0.955078125,-0.12520644037889672,26,1712919033273
1322,2.552734375,0.0,-3.46875,-0.12520644037889672,20,1712919033273
1322,2.69140625,0.0,3.3671875,-0.12520644037889672,32,1712919033273
1322,2.607421875,0.0,3.283203125,-0.12520644037889672,31,1712919033273
1322,2.748046875,0.0,3.208984375,-0.12520644037889672,20,1712919033273
1322,-0.71484375,1.345703125,1.150390625,0.0,12,1712919033273
1322,-0.669921875,1.470703125,1.0859375,0.0,27,1712919033273
1322,-0.681640625,1.474609375,1.140625,0.0,34,1712919033273
1322,-0.6328125,1.576171875,1.099609375,0.0,26,1712919033273
1322,-0.837890625,1.6953125,0.8203125,0.0,12,1712919033273
1322,-0.966796875,0.529296875,1.7421875,0.12520644037889672,18,1712919033273
1322,-0.6953125,1.21875,1.45703125,0.37561932113669017,66,1712919033273
1322,-0.966796875,0.546875,1.736328125,0.37561932113669017,22,1712919033273
1322,0.400390625,4.21875,-0.5625,0.37561932113669017,15,1712919033273
1322,-0.837890625,0.755859375,1.724609375,0.5008257615155869,20,1712919033273
1322,-3.140625,1.494140625,-0.88671875,-0.37561932113669017,14,1712919033273
1323,0.537109375,1.828125,-0.107421875,0.0,18,1712919033374
1323,0.486328125,1.87890625,-0.15625,0.0,51,1712919033374
1323,0.43359375,1.919921875,-0.255859375,0.0,86,1712919033374
1323,0.443359375,1.953125,-0.2890625,0.0,89,1712919033374
1323,0.451171875,2.0078125,-0.1328125,0.0,60,1712919033374
1323,0.458984375,2.04296875,0.146484375,0.0,28,1712919033374
1323,0.357421875,1.87109375,-0.134765625,0.12520644037889672,65,1712919033374
1323,0.365234375,1.90625,-0.162109375,0.12520644037889672,192,1712919033374
1323,0.373046875,1.939453125,-0.20703125,0.12520644037889672,285,1712919033374
1323,0.37890625,1.978515625,-0.193359375,0.12520644037889672,254,1712919033374
1323,0.38671875,2.025390625,-0.025390625,0.12520644037889672,165,1712919033374
1323,0.39453125,2.0625,0.0390625,0.12520644037889672,97,1712919033374
1323,0.400390625,2.083984375,-0.263671875,0.12520644037889672,73,1712919033374
1323,0.17578125,1.796875,-0.490234375,0.25041288075779344,18,1712919033374
1323,0.298828125,1.87109375,-0.232421875,0.25041288075779344,124,1712919033374
1323,0.3046875,1.912109375,-0.19921875,0.25041288075779344,322,1712919033374
1323,0.248046875,1.9609375,-0.189453125,0.25041288075779344,423,1712919033374
1323,0.31640625,1.9921875,-0.16796875,0.25041288075779344,331,1712919033374
1323,0.322265625,2.037109375,0.013671875,0.25041288075779344,197,1712919033374
1323,0.328125,2.0703125,0.10546875,0.25041288075779344,134,1712919033374
1323,0.333984375,2.107421875,-0.1171875,0.25041288075779344,107,1712919033374
1323,0.33984375,2.123046875,-0.337890625,0.25041288075779344,56,1712919033374
1323,0.17578125,1.833984375,-0.326171875,0.37561932113669017,19,1712919033374
1323,0.23828125,1.873046875,-0.28125,0.37561932113669017,111,1712919033374
1323,0.181640625,1.921875,-0.255859375,0.37561932113669017,267,1712919033374
1323,0.185546875,1.958984375,-0.255859375,0.37561932113669017,335,1712919033374
1323,0.251953125,1.982421875,-0.31640625,0.37561932113669017,254,1712919033374
1323,0.193359375,2.017578125,-0.373046875,0.37561932113669017,156,1712919033374
1323,0.197265625,2.08984375,-0.076171875,0.37561932113669017,81,1712919033374
1323,0.267578125,2.0703125,0.45703125,0.37561932113669017,36,1712919033374
1323,-3.775390625,2.00390625,-0.587890625,0.37561932113669017,35,1712919033374
1323,-3.80859375,2.068359375,-0.400390625,0.37561932113669017,27,1712919033374
1323,0.1796875,1.861328125,-0.380859375,0.5008257615155869,37,1712919033374
1323,0.181640625,1.89453125,-0.40625,0.5008257615155869,91,1712919033374
1323,0.185546875,1.927734375,-0.435546875,0.5008257615155869,142,1712919033374
1323,0.126953125,1.970703125,-0.439453125,0.5008257615155869,150,1712919033374
1323,0.12890625,2.0078125,-0.453125,0.5008257615155869,115,1712919033374
1323,0.130859375,2.041015625,-0.4765625,0.5008257615155869,67,1712919033374
1323,0.1328125,2.060546875,-0.55078125,0.5008257615155869,32,1712919033374
1323,-3.9375,1.052734375,-1.013671875,0.5008257615155869,23,1712919033374
1323,-3.640625,2.298828125,-0.26953125,0.5008257615155869,27,1712919033374
1323,-3.80859375,2.1015625,-0.162109375,0.5008257615155869,20,1712919033374
1323,0.0625,1.951171875,-0.359375,0.6260322018944836,38,1712919033374
1323,0.0625,1.982421875,-0.404296875,0.6260322018944836,55,1712919033374
1323,0.064453125,2.017578125,-0.416015625,0.6260322018944836,41,1712919033374
1323,0.130859375,2.0625,-0.37109375,0.6260322018944836,24,1712919033374
1323,2.720703125,0.0,2.796875,-0.25041288075779344,16,1712919033374
1323,0.11328125,3.6171875,-0.24609375,-0.25041288075779344,12,1712919033374
1324,0.41796875,1.859375,-0.1015625,0.0,19,1712919033475
1324,0.42578125,1.8984375,-0.087890625,0.0,85,1712919033475
1324,0.43359375,1.93359375,-0.11328125,0.0,157,1712919033475
1324,0.443359375,1.970703125,-0.125,0.0,153,1712919033475
1324,0.451171875,2.005859375,-0.142578125,0.0,99,1712919033475
1324,0.39453125,2.056640625,-0.154296875,0.0,56,1712919033475
1324,0.466796875,2.072265625,-0.236328125,0.0,41,1712919033475
1324,2.7734375,0.0,3.291015625,0.0,22,1712919033475
1324,2.802734375,0.0,3.337890625,0.0,23,1712919033475
1324,0.41796875,1.861328125,-0.0390625,0.12520644037889672,47,1712919033475
1324,0.42578125,1.900390625,-0.017578125,0.12520644037889672,200,1712919033475
1324,0.43359375,1.9375,0.005859375,0.12520644037889672,338,1712919033475
1324,0.443359375,1.974609375,0.033203125,0.12520644037889672,303,1712919033475
1324,0.38671875,2.025390625,-0.005859375,0.12520644037889672,207,1712919033475
1324,0.39453125,2.05859375,-0.12109375,0.12520644037889672,157,1712919033475
1324,0.400390625,2.09375,-0.166015625,0.12520644037889672,125,1712919033475
1324,0.408203125,2.126953125,-0.2109375,0.12520644037889672,65,1712919033475
1324,0.357421875,1.875,-0.052734375,0.25041288075779344,49,1712919033475
1324,0.365234375,1.91015625,-0.072265625,0.25041288075779344,218,1712919033475
1324,0.310546875,1.95703125,-0.12109375,0.25041288075779344,382,1712919033475
1324,0.37890625,1.9765625,-0.201171875,0.25041288075779344,325,1712919033475
1324,0.38671875,2.0234375,-0.083984375,0.25041288075779344,186,1712919033475
1324,0.39453125,2.0625,-0.046875,0.25041288075779344,165,1712919033475
1324,0.400390625,2.09765625,-0.080078125,0.25041288075779344,137,1712919033475
1324,0.33984375,2.14453125,-0.130859375,0.25041288075779344,81,1712919033475
1324,0.27734375,2.173828125,-0.31640625,0.25041288075779344,35,1712919033475
1324,-3.505859375,2.49609375,-0.3125,0.25041288075779344,28,1712919033475
1324,0.298828125,1.8828125,-0.09765625,0.37561932113669017,23,1712919033475
1324,0.3046875,1.9140625,-0.1875,0.37561932113669017,120,1712919033475
1324,0.310546875,1.94140625,-0.2734375,0.37561932113669017,260,1712919033475
1324,0.251953125,1.966796875,-0.40625,0.37561932113669017,292,1712919033475
1324,0.193359375,1.96484375,-0.595703125,0.37561932113669017,190,1712919033475
1324,0.130859375,1.912109375,-0.85546875,0.37561932113669017,89,1712919033475
1324,0.267578125,2.029296875,-0.61328125,0.37561932113669017,52,1712919033475
1324,0.271484375,2.158203125,-0.0859375,0.37561932113669017,36,1712919033475
1324,0.20703125,2.189453125,-0.251953125,0.37561932113669017,19,1712919033475
1324,-3.607421875,2.263671875,-0.375,0.37561932113669017,24,1712919033475
1324,-3.640625,2.294921875,-0.306640625,0.37561932113669017,32,1712919033475
1324,-3.671875,2.318359375,-0.28515625,0.37561932113669017,30,1712919033475
1324,0.244140625,1.908203125,-0.30078125,0.5008257615155869,26,1712919033475
1324,0.185546875,1.94140625,-0.37109375,0.5008257615155869,102,1712919033475
1324,0.189453125,1.958984375,-0.466796875,0.5008257615155869,191,1712919033475
1324,0.12890625,1.98828125,-0.525390625,0.5008257615155869,194,1712919033475
1324,0.130859375,2.01953125,-0.55859375,0.5008257615155869,117,1712919033475
1324,0.1328125,2.064453125,-0.5390625,0.5008257615155869,45,1712919033475
1324,0.185546875,1.916015625,-0.482421875,0.6260322018944836,23,1712919033475
1324,0.126953125,1.958984375,-0.486328125,0.6260322018944836,68,1712919033475
1324,0.12890625,1.9921875,-0.51171875,0.6260322018944836,78,1712919033475
1324,0.06640625,2.03125,-0.52734375,0.6260322018944836,50,1712919033475
1324,2.884765625,0.0,2.79296875,-0.25041288075779344,32,1712919033475
1324,2.802734375,0.0,2.931640625,-0.25041288075779344,35,1712919033475
1324,0.43359375,1.912109375,-0.30859375,-0.12520644037889672,21,1712919033475
1324,0.443359375,1.9375,-0.380859375,-0.12520644037889672,22,1712919033475
1324,2.744140625,0.0,2.994140625,-0.12520644037889672,20,1712919033475
1324,2.7734375,0.0,2.9765625,-0.12520644037889672,44,1712919033475
1324,2.802734375,0.0,3.078125,-0.12520644037889672,46,1712919033475
1324,2.947265625,0.0,-3.46484375,-0.12520644037889672,21,1712919033475
1324,-2.99609375,1.861328125,-0.41015625,0.0,14,1712919033475
1324,-3.140625,1.72265625,-0.23046875,0.0,14,1712919033475
1324,-0.72265625,1.26171875,1.515625,0.37561932113669017,53,1712919033475
1324,-0.734375,1.228515625,1.587890625,0.5008257615155869,23,1712919033475
1324,-2.99609375,1.685546875,-0.888671875,-0.25041288075779344,18,1712919033475
1324,-3.02734375,1.703125,-0.8984375,-0.25041288075779344,19,1712919033475
1324,-2.962890625,1.748046875,-0.70703125,-0.12520644037889672,11,1712919033475
1325,0.486328125,1.8828125,-0.083984375,0.0,46,1712919033576
1325,0.43359375,1.9296875,-0.171875,0.0,119,1712919033576
1325,0.505859375,1.744140625,-0.89453125,0.0,133,1712919033576
1325,0.38671875,1.8046875,-0.91796875,0.0,90,1712919033576
1325,0.39453125,2.0,-0.5,0.0,80,1712919033576
1325,0.400390625,2.080078125,-0.2890625,0.0,53,1712919033576
1325,2.7734375,0.0,3.015625,0.0,38,1712919033576
1325,2.802734375,0.0,2.880859375,0.0,33,1712919033576
1325,0.486328125,1.884765625,0.037109375,0.12520644037889672,91,1712919033576
1325,0.43359375,1.9375,-0.044921875,0.12520644037889672,240,1712919033576
1325,0.505859375,1.89453125,-0.501953125,0.12520644037889672,265,1712919033576
1325,0.451171875,1.810546875,-0.875,0.12520644037889672,162,1712919033576
1325,0.39453125,2.033203125,-0.34375,0.12520644037889672,134,1712919033576
1325,0.400390625,2.09375,-0.169921875,0.12520644037889672,100,1712919033576
1325,0.33984375,2.123046875,-0.33984375,0.12520644037889672,69,1712919033576
1325,0.42578125,1.8984375,0.0625,0.25041288075779344,54,1712919033576
1325,0.43359375,1.935546875,-0.052734375,0.25041288075779344,147,1712919033576
1325,0.443359375,1.896484375,-0.544921875,0.25041288075779344,174,1712919033576
1325,0.38671875,1.8984375,-0.701171875,0.25041288075779344,132,1712919033576
1325,0.39453125,2.0234375,-0.400390625,0.25041288075779344,121,1712919033576
1325,0.333984375,2.083984375,-0.3359375,0.25041288075779344,107,1712919033576
1325,0.33984375,2.107421875,-0.42578125,0.25041288075779344,81,1712919033576
1325,0.27734375,2.125,-0.556640625,0.25041288075779344,42,1712919033576
1325,0.251953125,1.869140625,-0.73046875,0.37561932113669017,43,1712919033576
1325,0.193359375,1.97265625,-0.564453125,0.37561932113669017,97,1712919033576
1325,0.197265625,2.017578125,-0.546875,0.37561932113669017,124,1712919033576
1325,0.201171875,2.0546875,-0.5546875,0.37561932113669017,97,1712919033576
1325,0.203125,2.09375,-0.5546875,0.37561932113669017,51,1712919033576
1325,0.27734375,2.115234375,-0.595703125,0.37561932113669017,17,1712919033576
1325,-3.70703125,1.75390625,-1.064453125,0.37561932113669017,23,1712919033576
1325,-3.875,1.400390625,-1.14453125,0.37561932113669017,30,1712919033576
1325,0.189453125,1.98046875,-0.37109375,0.5008257615155869,26,1712919033576
1325,0.193359375,2.013671875,-0.392578125,0.5008257615155869,66,1712919033576
1325,0.197265625,2.041015625,-0.447265625,0.5008257615155869,81,1712919033576
1325,0.1328125,2.080078125,-0.478515625,0.5008257615155869,54,1712919033576
1325,0.13671875,2.099609375,-0.55859375,0.5008257615155869,18,1712919033576
1325,0.88671875,1.947265625,-1.01171875,-0.25041288075779344,29,1712919033576
1325,0.826171875,2.0078125,-1.033203125,-0.25041288075779344,38,1712919033576
1325,0.83984375,2.056640625,-1.015625,-0.25041288075779344,28,1712919033576
1325,2.853515625,0.0,2.6640625,-0.25041288075779344,23,1712919033576
1325,2.884765625,0.0,2.572265625,-0.25041288075779344,37,1712919033576
1325,2.916015625,0.0,2.392578125,-0.25041288075779344,30,1712919033576
1325,0.373046875,1.890625,-0.474609375,-0.12520644037889672,13,1712919033576
1325,0.37890625,1.9375,-0.4453125,-0.12520644037889672,23,1712919033576
1325,0.451171875,1.9453125,-0.51171875,-0.12520644037889672,24,1712919033576
1325,0.88671875,2.041015625,-0.802734375,-0.12520644037889672,28,1712919033576
1325,0.826171875,2.1171875,-0.78515625,-0.12520644037889672,36,1712919033576
1325,0.83984375,2.166015625,-0.7578125,-0.12520644037889672,27,1712919033576
1325,2.853515625,0.0,2.80859375,-0.12520644037889672,45,1712919033576
1325,2.884765625,0.0,2.744140625,-0.12520644037889672,74,1712919033576
1325,2.916015625,0.0,2.625,-0.12520644037889672,64,1712919033576
1325,2.833984375,0.0,2.521484375,-0.12520644037889672,30,1712919033576
1325,-2.884765625,1.96484375,-0.650390625,0.0,23,1712919033576
1325,-3.02734375,1.810546875,-0.65625,0.0,19,1712919033576
1325,-1.9375,0.765625,-0.751953125,0.37561932113669017,10,1712919033576
1325,-0.6796875,1.33984375,1.57421875,0.5008257615155869,11,1712919033576
1325,0.0,2.140625,1.009765625,-0.25041288075779344,15,1712919033576
1325,-2.884765625,1.677734375,-1.212890625,-0.25041288075779344,19,1712919033576
1325,-2.853515625,1.876953125,-0.81640625,-0.12520644037889672,24,1712919033576
1325,-2.884765625,1.8671875,-0.892578125,-0.12520644037889672,41,1712919033576
1325,-3.02734375,1.7109375,-0.884765625,-0.12520644037889672,35,1712919033576
1325,-3.060546875,1.662109375,-1.013671875,-0.12520644037889672,18,1712919033576
1326,0.42578125,1.892578125,-0.162109375,0.0,15,1712919033676
1326,0.43359375,1.904296875,-0.3515625,0.0,70,1712919033676
1326,0.443359375,1.93359375,-0.3984375,0.0,168,1712919033676
1326,0.451171875,1.966796875,-0.42578125,0.0,219,1712919033676
1326,0.458984375,2.005859375,-0.416015625,0.0,169,1712919033676
1326,0.466796875,2.0546875,-0.365234375,0.0,93,1712919033676
1326,0.408203125,2.111328125,-0.3359375,0.0,43,1712919033676
1326,0.65234375,2.90625,-0.041015625,0.0,21,1712919033676
1326,2.744140625,0.0,3.259765625,0.0,22,1712919033676
1326,2.884765625,0.0,3.21484375,0.0,28,1712919033676
1326,2.802734375,0.0,3.009765625,0.0,17,1712919033676
1326,0.486328125,1.884765625,-0.0625,0.12520644037889672,31,1712919033676
1326,0.43359375,1.923828125,-0.21875,0.12520644037889672,146,1712919033676
1326,0.37890625,1.970703125,-0.2578125,0.12520644037889672,345,1712919033676
1326,0.38671875,2.005859375,-0.283203125,0.12520644037889672,450,1712919033676
1326,0.39453125,2.04296875,-0.287109375,0.12520644037889672,360,1712919033676
1326,0.466796875,2.06640625,-0.291015625,0.12520644037889672,215,1712919033676
1326,0.408203125,2.115234375,-0.3125,0.12520644037889672,104,1712919033676
1326,0.345703125,2.146484375,-0.421875,0.12520644037889672,42,1712919033676
1326,0.55859375,2.921875,0.1484375,0.12520644037889672,39,1712919033676
1326,0.56640625,2.958984375,0.140625,0.12520644037889672,42,1712919033676
1326,-3.640625,2.064453125,-1.048828125,0.12520644037889672,29,1712919033676
1326,-3.671875,2.109375,-1.005859375,0.12520644037889672,42,1712919033676
1326,0.373046875,1.943359375,-0.150390625,0.25041288075779344,90,1712919033676
1326,0.31640625,1.9921875,-0.158203125,0.25041288075779344,223,1712919033676
1326,0.38671875,2.015625,-0.185546875,0.25041288075779344,290,1712919033676
1326,0.39453125,2.05078125,-0.2265625,0.25041288075779344,234,1712919033676
1326,0.333984375,2.087890625,-0.314453125,0.25041288075779344,155,1712919033676
1326,0.33984375,2.12109375,-0.349609375,0.25041288075779344,80,1712919033676
1326,-3.607421875,2.06640625,-1.0,0.25041288075779344,53,1712919033676
1326,-3.775390625,1.861328125,-0.947265625,0.25041288075779344,88,1712919033676
1326,-3.80859375,1.912109375,-0.88671875,0.25041288075779344,84,1712919033676
1326,0.31640625,1.9921875,-0.154296875,0.37561932113669017,37,1712919033676
1326,0.2578125,2.041015625,-0.146484375,0.37561932113669017,46,1712919033676
1326,0.197265625,2.068359375,-0.298828125,0.37561932113669017,65,1712919033676
1326,0.201171875,2.095703125,-0.369140625,0.37561932113669017,66,1712919033676
1326,0.13671875,2.154296875,-0.271484375,0.37561932113669017,31,1712919033676
1326,-3.7421875,1.91796875,-0.779296875,0.37561932113669017,52,1712919033676
1326,-3.775390625,1.953125,-0.740234375,0.37561932113669017,81,1712919033676
1326,-3.80859375,1.978515625,-0.72265625,0.37561932113669017,65,1712919033676
1326,-3.91015625,1.728515625,-0.58203125,0.5008257615155869,20,1712919033676
1326,2.962890625,0.0,2.87109375,-0.25041288075779344,23,1712919033676
1326,2.884765625,0.0,2.669921875,-0.25041288075779344,29,1712919033676
1326,3.02734375,0.0,2.568359375,-0.25041288075779344,22,1712919033676
1326,0.49609375,1.8984375,-0.302734375,-0.12520644037889672,14,1712919033676
1326,0.505859375,1.923828125,-0.365234375,-0.12520644037889672,27,1712919033676
1326,0.451171875,1.978515625,-0.361328125,-0.12520644037889672,31,1712919033676
1326,0.39453125,2.029296875,-0.37109375,-0.12520644037889672,29,1712919033676
1326,0.466796875,2.04296875,-0.419921875,-0.12520644037889672,25,1712919033676
1326,2.853515625,0.0,2.9453125,-0.12520644037889672,43,1712919033676
1326,2.884765625,0.0,2.927734375,-0.12520644037889672,55,1712919033676
1326,2.916015625,0.0,2.75,-0.12520644037889672,37,1712919033676
1326,-2.884765625,2.009765625,-0.49609375,0.0,15,1712919033676
1326,-2.916015625,1.9375,-0.7890625,0.0,9,1712919033676
1326,-0.552734375,1.470703125,1.560546875,0.12520644037889672,24,1712919033676
1326,-0.6796875,0.787109375,1.912109375,0.37561932113669017,18,1712919033676
1327,0.373046875,1.89453125,-0.462890625,0.0,14,1712919033725
1327,0.37890625,1.931640625,-0.466796875,0.0,68,1712919033725
1327,0.38671875,1.96484375,-0.4921875,0.0,123,1712919033725
1327,0.328125,2.0078125,-0.515625,0.0,106,1712919033725
1327,0.333984375,2.017578125,-0.623046875,0.0,53,1712919033725
1327,0.33984375,2.01171875,-0.7578125,0.0,34,1712919033725
1327,0.373046875,1.916015625,-0.359375,0.12520644037889672,24,1712919033725
1327,0.37890625,1.95703125,-0.34765625,0.12520644037889672,128,1712919033725
1327,0.38671875,1.990234375,-0.375,0.12520644037889672,229,1712919033725
1327,0.39453125,2.013671875,-0.44921875,0.12520644037889672,197,1712919033725
1327,0.333984375,2.044921875,-0.525390625,0.12520644037889672,111,1712919033725
1327,0.271484375,2.09765625,-0.509765625,0.12520644037889672,74,1712919033725
1327,-3.775390625,1.84765625,-0.97265625,0.12520644037889672,31,1712919033725
1327,-3.943359375,1.5703125,-0.958984375,0.12520644037889672,22,1712919033725
1327,0.310546875,1.927734375,-0.359375,0.25041288075779344,18,1712919033725
1327,0.37890625,1.970703125,-0.2578125,0.25041288075779344,83,1712919033725
1327,0.38671875,2.005859375,-0.271484375,0.25041288075779344,145,1712919033725
1327,0.328125,2.041015625,-0.365234375,0.25041288075779344,133,1712919033725
1327,0.267578125,2.07421875,-0.439453125,0.25041288075779344,93,1712919033725
1327,0.203125,2.123046875,-0.431640625,0.25041288075779344,64,1712919033725
1327,-3.7421875,2.013671875,-0.478515625,0.25041288075779344,22,1712919033725
1327,-3.775390625,1.98828125,-0.63671875,0.25041288075779344,44,1712919033725
1327,-3.943359375,1.744140625,-0.5859375,0.25041288075779344,39,1712919033725
1327,0.201171875,2.095703125,-0.3671875,0.37561932113669017,23,1712919033725
1327,0.873046875,1.986328125,-0.84765625,-0.37561932113669017,40,1712919033725
1327,0.88671875,2.029296875,-0.8359375,-0.37561932113669017,44,1712919033725
1327,0.90234375,2.037109375,-0.908203125,-0.37561932113669017,26,1712919033725
1327,0.859375,2.0546875,-0.53515625,-0.25041288075779344,27,1712919033725
1327,0.80078125,2.1015625,-0.6015625,-0.25041288075779344,66,1712919033725
1327,0.814453125,2.125,-0.650390625,-0.25041288075779344,72,1712919033725
1327,0.826171875,2.1484375,-0.697265625,-0.25041288075779344,42,1712919033725
1327,0.443359375,1.93359375,-0.400390625,-0.12520644037889672,25,1712919033725
1327,0.451171875,1.943359375,-0.521484375,-0.12520644037889672,33,1712919033725
1327,0.458984375,2.0078125,-0.404296875,-0.12520644037889672,35,1712919033725
1327,0.53515625,2.06640625,-0.11328125,-0.12520644037889672,31,1712919033725
1327,0.80078125,2.142578125,-0.43359375,-0.12520644037889672,41,1712919033725
1327,0.740234375,2.1953125,-0.490234375,-0.12520644037889672,45,1712919033725
1327,0.826171875,2.162109375,-0.65234375,-0.12520644037889672,29,1712919033725
1327,2.962890625,0.0,2.8203125,-0.12520644037889672,28,1712919033725
1327,2.99609375,0.0,2.763671875,-0.12520644037889672,31,1712919033725
1327,0.80859375,4.19140625,-0.62109375,0.12520644037889672,17,1712919033725
1327,0.6796875,4.244140625,-0.6875,0.12520644037889672,14,1712919033725
1327,1.109375,2.634765625,2.10546875,-0.12520644037889672,17,1712919033725
1328,0.373046875,1.720703125,0.91796875,0.0,16,1712919033876
1328,0.31640625,1.564453125,-1.244140625,0.0,63,1712919033876
1328,0.322265625,1.849609375,-0.853515625,0.0,132,1712919033876
1328,0.328125,1.9453125,-0.720703125,0.0,126,1712919033876
1328,0.333984375,2.00390625,-0.666015625,0.0,54,1712919033876
1328,0.271484375,2.03515625,-0.720703125,0.0,83,1712919033876
1328,0.27734375,2.0546875,-0.77734375,0.0,76,1712919033876
1328,0.28125,2.095703125,-0.77734375,0.0,33,1712919033876
1328,0.859375,2.123046875,0.029296875,0.0,25,1712919033876
1328,0.80078125,2.177734375,-0.205078125,0.0,35,1712919033876
1328,0.814453125,2.193359375,-0.359375,0.0,24,1712919033876
1328,0.42578125,1.896484375,0.126953125,0.12520644037889672,16,1712919033876
1328,0.55859375,1.90234375,0.1015625,0.12520644037889672,33,1712919033876
1328,0.37890625,1.912109375,-0.54296875,0.12520644037889672,91,1712919033876
1328,0.38671875,1.982421875,-0.41015625,0.12520644037889672,270,1712919033876
1328,0.39453125,2.03125,-0.35546875,0.12520644037889672,277,1712919033876
1328,0.333984375,2.0625,-0.453125,0.12520644037889672,106,1712919033876
1328,0.271484375,2.0625,-0.640625,0.12520644037889672,169,1712919033876
1328,0.27734375,2.09765625,-0.650390625,0.12520644037889672,152,1712919033876
1328,0.3515625,2.125,-0.65625,0.12520644037889672,68,1712919033876
1328,-3.775390625,1.708984375,-1.19921875,0.12520644037889672,34,1712919033876
1328,-3.80859375,1.755859375,-1.166015625,0.12520644037889672,42,1712919033876
1328,0.31640625,1.962890625,-0.376953125,0.25041288075779344,63,1712919033876
1328,0.38671875,2.0078125,-0.2578125,0.25041288075779344,169,1712919033876
1328,0.39453125,2.052734375,-0.201171875,0.25041288075779344,164,1712919033876
1328,0.267578125,2.052734375,-0.53515625,0.25041288075779344,65,1712919033876
1328,0.271484375,2.095703125,-0.515625,0.25041288075779344,130,1712919033876
1328,0.27734375,2.134765625,-0.515625,0.25041288075779344,109,1712919033876
1328,0.28125,2.171875,-0.5234375,0.25041288075779344,45,1712919033876
1328,-3.80859375,1.919921875,-0.8671875,0.25041288075779344,31,1712919033876
1328,0.203125,2.12890625,-0.3984375,0.37561932113669017,27,1712919033876
1328,0.859375,1.94140625,-0.861328125,-0.5008257615155869,40,1712919033876
1328,0.873046875,1.96875,-0.88671875,-0.5008257615155869,52,1712919033876
1328,0.814453125,2.044921875,-0.87109375,-0.5008257615155869,35,1712919033876
1328,0.84375,1.98828125,-0.63671875,-0.37561932113669017,61,1712919033876
1328,0.859375,2.001953125,-0.70703125,-0.37561932113669017,153,1712919033876
1328,0.873046875,2.029296875,-0.73828125,-0.37561932113669017,195,1712919033876
1328,0.88671875,2.05859375,-0.759765625,-0.37561932113669017,127,1712919033876
1328,0.826171875,2.123046875,-0.767578125,-0.37561932113669017,43,1712919033876
1328,0.49609375,1.921875,0.041015625,-0.25041288075779344,52,1712919033876
1328,0.568359375,1.939453125,0.107421875,-0.25041288075779344,75,1712919033876
1328,0.64453125,1.955078125,0.10546875,-0.25041288075779344,67,1712919033876
1328,0.58984375,2.015625,-0.009765625,-0.25041288075779344,57,1712919033876
1328,0.53515625,2.068359375,-0.08984375,-0.25041288075779344,36,1712919033876
1328,0.7734375,2.0625,-0.466796875,-0.25041288075779344,63,1712919033876
1328,0.859375,2.052734375,-0.54296875,-0.25041288075779344,155,1712919033876
1328,0.80078125,2.11328125,-0.564453125,-0.25041288075779344,188,1712919033876
1328,0.814453125,2.142578125,-0.59375,-0.25041288075779344,124,1712919033876
1328,0.826171875,2.142578125,-0.712890625,-0.25041288075779344,40,1712919033876
1328,0.486328125,1.8828125,0.08203125,-0.12520644037889672,22,1712919033876
1328,0.49609375,1.916015625,0.150390625,-0.12520644037889672,72,1712919033876
1328,0.505859375,1.927734375,0.34765625,-0.12520644037889672,96,1712919033876
1328,0.64453125,1.92578125,0.349609375,-0.12520644037889672,79,1712919033876
1328,0.65625,1.98828125,0.158203125,-0.12520644037889672,72,1712919033876
1328,0.6015625,2.05078125,0.025390625,-0.12520644037889672,47,1712919033876
1328,0.787109375,2.12109375,-0.36328125,-0.12520644037889672,32,1712919033876
1328,0.80078125,2.154296875,-0.37890625,-0.12520644037889672,35,1712919033876
1328,2.962890625,0.0,-3.08984375,-0.12520644037889672,22,1712919033876
1328,-0.53515625,1.6171875,1.291015625,0.0,28,1712919033876
1328,-0.5625,1.576171875,1.5078125,0.0,20,1712919033876
1328,0.072265625,2.0078125,-1.099609375,0.0,15,1712919033876
1328,2.103515625,0.0,1.685546875,-0.37561932113669017,23,1712919033876
1328,2.103515625,0.0,1.76953125,-0.25041288075779344,22,1712919033876
1329,0.55859375,1.904296875,-0.02734375,0.0,11,1712919033977
1329,0.505859375,1.947265625,-0.220703125,0.0,31,1712919033977
1329,0.451171875,1.9765625,-0.376953125,0.0,89,1712919033977
1329,0.458984375,2.013671875,-0.37890625,0.0,137,1712919033977
1329,0.400390625,2.0546875,-0.431640625,0.0,125,1712919033977
1329,0.271484375,2.06640625,-0.625,0.0,104,1712919033977
1329,0.27734375,2.060546875,-0.763671875,0.0,77,1712919033977
1329,0.3515625,2.087890625,-0.76953125,0.0,38,1712919033977
1329,0.4296875,2.158203125,-0.63671875,0.0,21,1712919033977
1329,0.71484375,2.73046875,0.48046875,0.0,14,1712919033977
1329,0.43359375,1.916015625,0.28515625,0.12520644037889672,23,1712919033977
1329,0.251953125,1.537109375,-1.291015625,0.12520644037889672,27,1712919033977
1329,0.38671875,1.9375,-0.587890625,0.12520644037889672,124,1712919033977
1329,0.39453125,2.005859375,-0.478515625,0.12520644037889672,199,1712919033977
1329,0.333984375,2.052734375,-0.49609375,0.12520644037889672,207,1712919033977
1329,0.271484375,2.078125,-0.5859375,0.12520644037889672,205,1712919033977
1329,0.27734375,2.09765625,-0.654296875,0.12520644037889672,160,1712919033977
1329,0.28125,2.134765625,-0.66015625,0.12520644037889672,77,1712919033977
1329,0.357421875,2.185546875,-0.5859375,0.12520644037889672,35,1712919033977
1329,0.31640625,1.853515625,-0.748046875,0.25041288075779344,27,1712919033977
1329,0.38671875,1.98046875,-0.41796875,0.25041288075779344,104,1712919033977
1329,0.39453125,2.03125,-0.3515625,0.25041288075779344,165,1712919033977
1329,0.333984375,2.078125,-0.37109375,0.25041288075779344,174,1712919033977
1329,0.271484375,2.11328125,-0.44140625,0.25041288075779344,170,1712919033977
1329,0.27734375,2.13671875,-0.513671875,0.25041288075779344,130,1712919033977
1329,0.2109375,2.18359375,-0.5078125,0.25041288075779344,62,1712919033977
1329,0.287109375,2.2109375,-0.5234375,0.25041288075779344,25,1712919033977
1329,0.322265625,2.029296875,-0.17578125,0.37561932113669017,26,1712919033977
1329,0.328125,2.06640625,-0.181640625,0.37561932113669017,40,1712919033977
1329,0.333984375,2.095703125,-0.251953125,0.37561932113669017,42,1712919033977
1329,0.271484375,2.1328125,-0.33203125,0.37561932113669017,38,1712919033977
1329,0.27734375,2.169921875,-0.337890625,0.37561932113669017,28,1712919033977
1329,0.568359375,1.94140625,0.00390625,-0.6260322018944836,31,1712919033977
1329,0.515625,1.99609375,0.044921875,-0.6260322018944836,45,1712919033977
1329,0.525390625,2.033203125,0.021484375,-0.6260322018944836,37,1712919033977
1329,0.49609375,1.921875,-0.03125,-0.5008257615155869,29,1712919033977
1329,0.505859375,1.95703125,0.0703125,-0.5008257615155869,68,1712919033977
1329,0.515625,1.994140625,0.099609375,-0.5008257615155869,106,1712919033977
1329,0.58984375,2.013671875,0.06640625,-0.5008257615155869,100,1712919033977
1329,0.53515625,2.068359375,0.0546875,-0.5008257615155869,53,1712919033977
1329,0.76171875,1.953125,-0.7109375,-0.5008257615155869,31,1712919033977
1329,0.84375,1.93359375,-0.78515625,-0.5008257615155869,83,1712919033977
1329,0.859375,1.962890625,-0.80859375,-0.5008257615155869,107,1712919033977
1329,0.873046875,1.98046875,-0.857421875,-0.5008257615155869,72,1712919033977
1329,0.814453125,2.013671875,-0.939453125,-0.5008257615155869,24,1712919033977
1329,0.310546875,1.943359375,0.25390625,-0.37561932113669017,24,1712919033977
1329,0.505859375,1.951171875,0.177734375,-0.37561932113669017,53,1712919033977
1329,0.515625,1.98828125,0.177734375,-0.37561932113669017,83,1712919033977
1329,0.525390625,2.029296875,0.130859375,-0.37561932113669017,92,1712919033977
1329,0.53515625,2.068359375,0.095703125,-0.37561932113669017,62,1712919033977
1329,0.76171875,2.009765625,-0.533203125,-0.37561932113669017,49,1712919033977
1329,0.7734375,2.02734375,-0.6015625,-0.37561932113669017,119,1712919033977
1329,0.859375,2.0234375,-0.64453125,-0.37561932113669017,155,1712919033977
1329,0.80078125,2.087890625,-0.65234375,-0.37561932113669017,108,1712919033977
1329,0.814453125,2.1171875,-0.677734375,-0.37561932113669017,36,1712919033977
1329,0.546875,1.8671875,0.041015625,-0.25041288075779344,17,1712919033977
1329,0.55859375,1.90234375,0.099609375,-0.25041288075779344,27,1712919033977
1329,0.505859375,1.958984375,0.01953125,-0.25041288075779344,28,1712919033977
1329,0.515625,1.99609375,-0.041015625,-0.25041288075779344,39,1712919033977
1329,0.525390625,2.033203125,0.03125,-0.25041288075779344,37,1712919033977
1329,0.466796875,2.083984375,0.078125,-0.25041288075779344,24,1712919033977
1329,0.69140625,2.0625,-0.4140625,-0.25041288075779344,41,1712919033977
1329,0.7734375,2.0703125,-0.4296875,-0.25041288075779344,61,1712919033977
1329,0.787109375,2.1015625,-0.458984375,-0.25041288075779344,64,1712919033977
1330,0.4765625,1.802734375,0.408203125,0.0,12,1712919034076
1330,0.42578125,1.853515625,0.416015625,0.0,23,1712919034076
1330,0.49609375,1.904296875,0.2578125,0.0,28,1712919034076
1330,0.505859375,1.94921875,0.19140625,0.0,32,1712919034076
1330,0.39453125,1.982421875,-0.568359375,0.0,41,1712919034076
1330,0.333984375,2.0546875,-0.490234375,0.0,38,1712919034076
1330,0.408203125,2.0,-0.75390625,0.0,20,1712919034076
1330,0.7734375,2.09765625,-0.26953125,0.0,25,1712919034076
1330,0.71484375,2.1484375,-0.341796875,0.0,21,1712919034076
1330,3.107421875,0.0,2.837890625,0.0,25,1712919034076
1330,0.505859375,1.951171875,-0.1796875,0.12520644037889672,29,1712919034076
1330,0.328125,2.0078125,-0.5234375,0.12520644037889672,59,1712919034076
1330,0.333984375,2.05859375,-0.47265625,0.12520644037889672,76,1712919034076
1330,0.271484375,2.072265625,-0.607421875,0.12520644037889672,66,1712919034076
1330,0.27734375,2.072265625,-0.73046875,0.12520644037889672,57,1712919034076
1330,0.2109375,2.115234375,-0.744140625,0.12520644037889672,37,1712919034076
1330,-3.671875,2.10546875,-1.01171875,0.12520644037889672,31,1712919034076
1330,0.328125,2.03125,-0.419921875,0.25041288075779344,54,1712919034076
1330,0.333984375,2.060546875,-0.4609375,0.25041288075779344,75,1712919034076
1330,0.271484375,2.091796875,-0.53515625,0.25041288075779344,85,1712919034076
1330,0.20703125,2.126953125,-0.576171875,0.25041288075779344,79,1712919034076
1330,0.2109375,2.162109375,-0.59765625,0.25041288075779344,51,1712919034076
1330,0.201171875,2.099609375,-0.345703125,0.37561932113669017,32,1712919034076
1330,0.203125,2.13671875,-0.359375,0.37561932113669017,42,1712919034076
1330,0.20703125,2.158203125,-0.451171875,0.37561932113669017,37,1712919034076
1330,0.2109375,2.185546875,-0.5,0.37561932113669017,23,1712919034076
1330,0.568359375,1.94140625,-0.0078125,-0.6260322018944836,24,1712919034076
1330,0.580078125,1.978515625,0.00390625,-0.6260322018944836,22,1712919034076
1330,0.546875,1.869140625,-0.01953125,-0.5008257615155869,35,1712919034076
1330,0.55859375,1.904296875,0.060546875,-0.5008257615155869,59,1712919034076
1330,0.568359375,1.939453125,0.1015625,-0.5008257615155869,69,1712919034076
1330,0.515625,1.994140625,0.087890625,-0.5008257615155869,55,1712919034076
1330,0.525390625,2.033203125,0.015625,-0.5008257615155869,32,1712919034076
1330,0.7734375,1.662109375,-1.306640625,-0.5008257615155869,20,1712919034076
1330,0.787109375,1.796875,-1.181640625,-0.5008257615155869,18,1712919034076
1330,0.4765625,1.84765625,0.029296875,-0.37561932113669017,52,1712919034076
1330,0.546875,1.869140625,0.017578125,-0.37561932113669017,119,1712919034076
1330,0.49609375,1.921875,0.05078125,-0.37561932113669017,146,1712919034076
1330,0.568359375,1.94140625,0.044921875,-0.37561932113669017,124,1712919034076
1330,0.580078125,1.978515625,-0.005859375,-0.37561932113669017,100,1712919034076
1330,0.58984375,2.013671875,-0.046875,-0.37561932113669017,80,1712919034076
1330,0.66796875,2.02734375,-0.10546875,-0.37561932113669017,47,1712919034076
1330,0.76171875,1.8671875,-0.9140625,-0.37561932113669017,49,1712919034076
1330,0.84375,1.9140625,-0.833984375,-0.37561932113669017,80,1712919034076
1330,0.787109375,1.998046875,-0.798828125,-0.37561932113669017,64,1712919034076
1330,0.728515625,2.0,-0.943359375,-0.37561932113669017,21,1712919034076
1330,0.4765625,1.84375,0.123046875,-0.25041288075779344,54,1712919034076
1330,0.486328125,1.880859375,0.140625,-0.25041288075779344,126,1712919034076
1330,0.49609375,1.91796875,0.130859375,-0.25041288075779344,159,1712919034076
1330,0.568359375,1.939453125,0.091796875,-0.25041288075779344,132,1712919034076
1330,0.580078125,1.9765625,0.091796875,-0.25041288075779344,101,1712919034076
1330,0.58984375,2.01171875,0.123046875,-0.25041288075779344,84,1712919034076
1330,0.66796875,2.03125,0.029296875,-0.25041288075779344,59,1712919034076
1330,0.76171875,1.98828125,-0.611328125,-0.25041288075779344,69,1712919034076
1330,0.7734375,2.029296875,-0.59765625,-0.25041288075779344,112,1712919034076
1330,0.787109375,2.068359375,-0.587890625,-0.25041288075779344,86,1712919034076
1330,0.728515625,2.12109375,-0.625,-0.25041288075779344,28,1712919034076
1330,3.107421875,0.0,2.3359375,-0.25041288075779344,22,1712919034076
1330,0.486328125,1.873046875,0.20703125,-0.12520644037889672,28,1712919034076
1330,0.49609375,1.9140625,0.18359375,-0.12520644037889672,58,1712919034076
1330,0.505859375,1.939453125,0.27734375,-0.12520644037889672,70,1712919034076
1330,0.515625,1.810546875,0.83984375,-0.12520644037889672,49,1712919034076
1330,0.76171875,2.04296875,-0.388671875,-0.12520644037889672,36,1712919034076
1330,0.7734375,2.076171875,-0.40625,-0.12520644037889672,64,1712919034076
1331,0.41796875,1.85546875,0.16015625,0.0,29,1712919034177
1331,0.42578125,1.896484375,0.12109375,0.0,68,1712919034177
1331,0.43359375,1.9296875,0.158203125,0.0,76,1712919034177
1331,0.31640625,1.93359375,0.505859375,0.0,28,1712919034177
1331,0.580078125,1.939453125,-0.39453125,0.0,52,1712919034177
1331,0.525390625,2.013671875,-0.28515625,0.0,75,1712919034177
1331,0.466796875,2.076171875,-0.208984375,0.0,72,1712919034177
1331,0.4765625,2.115234375,-0.193359375,0.0,48,1712919034177
1331,0.552734375,2.134765625,-0.20703125,0.0,27,1712919034177
1331,0.6328125,2.1484375,-0.24609375,0.0,28,1712919034177
1331,0.451171875,1.990234375,-0.287109375,0.12520644037889672,33,1712919034177
1331,0.39453125,2.052734375,-0.197265625,0.12520644037889672,47,1712919034177
1331,0.333984375,2.10546875,-0.154296875,0.12520644037889672,48,1712919034177
1331,0.408203125,2.119140625,-0.279296875,0.12520644037889672,43,1712919034177
1331,0.345703125,2.134765625,-0.4765625,0.12520644037889672,47,1712919034177
1331,0.3515625,2.150390625,-0.5703125,0.12520644037889672,45,1712919034177
1331,0.287109375,2.169921875,-0.67578125,0.12520644037889672,29,1712919034177
1331,0.26171875,2.08203125,0.083984375,0.25041288075779344,21,1712919034177
1331,0.267578125,2.12109375,0.017578125,0.25041288075779344,25,1712919034177
1331,0.33984375,2.11328125,-0.392578125,0.25041288075779344,33,1712919034177
1331,0.345703125,2.140625,-0.443359375,0.25041288075779344,59,1712919034177
1331,0.28125,2.1796875,-0.49609375,0.25041288075779344,66,1712919034177
1331,0.287109375,2.205078125,-0.552734375,0.25041288075779344,46,1712919034177
1331,0.291015625,2.23046875,-0.60546875,0.25041288075779344,25,1712919034177
1331,0.27734375,2.169921875,-0.33984375,0.37561932113669017,29,1712919034177
1331,0.28125,2.197265625,-0.404296875,0.37561932113669017,36,1712919034177
1331,0.21484375,2.232421875,-0.46875,0.37561932113669017,27,1712919034177
1331,0.21875,2.263671875,-0.5,0.37561932113669017,19,1712919034177
1331,0.546875,1.8671875,-0.044921875,-0.5008257615155869,26,1712919034177
1331,0.55859375,1.904296875,-0.03125,-0.5008257615155869,36,1712919034177
1331,0.568359375,1.94140625,0.009765625,-0.5008257615155869,23,1712919034177
1331,0.466796875,1.810546875,-0.037109375,-0.37561932113669017,28,1712919034177
1331,0.4765625,1.84765625,-0.0625,-0.37561932113669017,93,1712919034177
1331,0.546875,1.8671875,-0.064453125,-0.37561932113669017,166,1712919034177
1331,0.55859375,1.904296875,-0.041015625,-0.37561932113669017,170,1712919034177
1331,0.505859375,1.958984375,-0.013671875,-0.37561932113669017,90,1712919034177
1331,0.72265625,1.970703125,0.015625,-0.37561932113669017,29,1712919034177
1331,0.6796875,2.0390625,-0.337890625,-0.37561932113669017,19,1712919034177
1331,0.466796875,1.810546875,0.046875,-0.25041288075779344,45,1712919034177
1331,0.4765625,1.84765625,0.017578125,-0.25041288075779344,145,1712919034177
1331,0.486328125,1.884765625,0.01953125,-0.25041288075779344,247,1712919034177
1331,0.49609375,1.921875,0.01171875,-0.25041288075779344,256,1712919034177
1331,0.505859375,1.958984375,0.00390625,-0.25041288075779344,138,1712919034177
1331,0.58984375,1.9921875,-0.302734375,-0.25041288075779344,45,1712919034177
1331,0.6015625,2.015625,-0.37890625,-0.25041288075779344,75,1712919034177
1331,0.611328125,2.056640625,-0.365234375,-0.25041288075779344,70,1712919034177
1331,0.623046875,2.0859375,-0.404296875,-0.25041288075779344,48,1712919034177
1331,0.703125,2.044921875,-0.630859375,-0.25041288075779344,43,1712919034177
1331,0.71484375,2.0546875,-0.71484375,-0.25041288075779344,28,1712919034177
1331,0.41015625,1.822265625,0.109375,-0.12520644037889672,19,1712919034177
1331,0.4765625,1.84765625,0.056640625,-0.12520644037889672,75,1712919034177
1331,0.42578125,1.8984375,0.0703125,-0.12520644037889672,160,1712919034177
1331,0.43359375,1.935546875,0.0546875,-0.12520644037889672,188,1712919034177
1331,0.443359375,1.97265625,0.080078125,-0.12520644037889672,102,1712919034177
1331,0.64453125,1.86328125,-0.603515625,-0.12520644037889672,51,1712919034177
1331,0.58984375,1.98046875,-0.3671875,-0.12520644037889672,92,1712919034177
1331,0.6015625,2.02734375,-0.3203125,-0.12520644037889672,108,1712919034177
1331,0.611328125,2.06640625,-0.298828125,-0.12520644037889672,79,1712919034177
1331,0.623046875,2.087890625,-0.392578125,-0.12520644037889672,60,1712919034177
1331,0.703125,2.083984375,-0.482421875,-0.12520644037889672,66,1712919034177
1331,0.64453125,2.15234375,-0.4453125,-0.12520644037889672,42,1712919034177
1331,-0.416015625,1.2109375,1.806640625,0.0,15,1712919034177
1331,-0.2109375,1.4765625,1.689453125,0.0,15,1712919034177
1332,0.3515625,1.826171875,0.2109375,0.0,14,1712919034227
1332,0.41796875,1.853515625,0.19140625,0.0,57,1712919034227
1332,0.42578125,1.888671875,0.201171875,0.0,109,1712919034227
1332,0.49609375,1.912109375,0.193359375,0.0,99,1712919034227
1332,0.568359375,1.94140625,-0.017578125,0.0,42,1712919034227
1332,0.580078125,1.939453125,-0.388671875,0.0,62,1712919034227
1332,0.58984375,1.953125,-0.494140625,0.0,42,1712919034227
1332,0.611328125,2.048828125,-0.404296875,0.0,57,1712919034227
1332,0.69140625,2.05859375,-0.435546875,0.0,67,1712919034227
1332,0.703125,2.08984375,-0.458984375,0.0,47,1712919034227
1332,0.42578125,1.861328125,0.37890625,0.12520644037889672,24,1712919034227
1332,0.43359375,1.9140625,0.294921875,0.12520644037889672,28,1712919034227
1332,0.505859375,1.9375,-0.28515625,0.12520644037889672,32,1712919034227
1332,0.515625,1.974609375,-0.291015625,0.12520644037889672,67,1712919034227
1332,0.458984375,2.025390625,-0.310546875,0.12520644037889672,83,1712919034227
1332,0.466796875,2.044921875,-0.416015625,0.12520644037889672,59,1712919034227
1332,0.28125,2.189453125,-0.447265625,0.12520644037889672,45,1712919034227
1332,0.287109375,2.208984375,-0.53515625,0.12520644037889672,41,1712919034227
1332,0.451171875,2.00390625,-0.16796875,0.25041288075779344,22,1712919034227
1332,0.458984375,2.041015625,-0.171875,0.25041288075779344,29,1712919034227
1332,0.400390625,2.068359375,-0.359375,0.25041288075779344,22,1712919034227
1332,0.27734375,2.16796875,-0.3515625,0.25041288075779344,49,1712919034227
1332,0.2109375,2.1875,-0.490234375,0.25041288075779344,87,1712919034227
1332,0.21484375,2.197265625,-0.607421875,0.25041288075779344,73,1712919034227
1332,0.146484375,2.201171875,-0.744140625,0.25041288075779344,31,1712919034227
1332,0.20703125,2.166015625,-0.412109375,0.37561932113669017,42,1712919034227
1332,0.2109375,2.185546875,-0.498046875,0.37561932113669017,65,1712919034227
1332,0.21484375,2.216796875,-0.53125,0.37561932113669017,55,1712919034227
1332,0.21875,2.23828125,-0.6015625,0.37561932113669017,30,1712919034227
1332,0.546875,1.86328125,-0.125,-0.5008257615155869,25,1712919034227
1332,0.55859375,1.90234375,-0.08984375,-0.5008257615155869,37,1712919034227
1332,0.6328125,1.919921875,-0.095703125,-0.5008257615155869,32,1712919034227
1332,0.466796875,1.806640625,-0.119140625,-0.37561932113669017,53,1712919034227
1332,0.41796875,1.853515625,-0.181640625,-0.37561932113669017,79,1712919034227
1332,0.365234375,1.892578125,-0.279296875,-0.37561932113669017,52,1712919034227
1332,0.62109375,1.875,0.20703125,-0.37561932113669017,61,1712919034227
1332,0.568359375,1.939453125,0.0859375,-0.37561932113669017,72,1712919034227
1332,0.515625,1.994140625,-0.08203125,-0.37561932113669017,47,1712919034227
1332,0.66796875,1.9921875,-0.39453125,-0.37561932113669017,38,1712919034227
1332,0.6796875,2.01171875,-0.4765625,-0.37561932113669017,30,1712919034227
1332,0.400390625,1.787109375,0.025390625,-0.25041288075779344,27,1712919034227
1332,0.41015625,1.826171875,0.01171875,-0.25041288075779344,113,1712919034227
1332,0.41796875,1.861328125,-0.04296875,-0.25041288075779344,204,1712919034227
1332,0.42578125,1.89453125,-0.130859375,-0.25041288075779344,213,1712919034227
1332,0.373046875,1.943359375,-0.162109375,-0.25041288075779344,130,1712919034227
1332,0.251953125,2.0,0.1796875,-0.25041288075779344,39,1712919034227
1332,0.64453125,1.38671875,-1.3828125,-0.25041288075779344,37,1712919034227
1332,0.72265625,1.8828125,-0.583984375,-0.25041288075779344,49,1712919034227
1332,0.66796875,2.00390625,-0.330078125,-0.25041288075779344,72,1712919034227
1332,0.611328125,2.0546875,-0.3671875,-0.25041288075779344,67,1712919034227
1332,0.76171875,2.001953125,-0.560546875,-0.25041288075779344,56,1712919034227
1332,0.703125,2.0703125,-0.541015625,-0.25041288075779344,45,1712919034227
1332,0.400390625,1.78125,0.154296875,-0.12520644037889672,17,1712919034227
1332,0.41015625,1.822265625,0.095703125,-0.12520644037889672,76,1712919034227
1332,0.41796875,1.861328125,0.06640625,-0.12520644037889672,174,1712919034227
1332,0.42578125,1.900390625,0.0390625,-0.12520644037889672,248,1712919034227
1332,0.49609375,1.921875,0.009765625,-0.12520644037889672,190,1712919034227
1332,0.568359375,1.912109375,-0.341796875,-0.12520644037889672,75,1712919034227
1332,0.515625,1.908203125,-0.5859375,-0.12520644037889672,153,1712919034227
1332,0.58984375,1.927734375,-0.587890625,-0.12520644037889672,138,1712919034227
1332,0.66796875,2.0,-0.3515625,-0.12520644037889672,41,1712919034227
1332,0.6796875,2.021484375,-0.435546875,-0.12520644037889672,87,1712919034227
1332,0.69140625,2.03515625,-0.533203125,-0.12520644037889672,121,1712919034227
1332,0.7734375,2.044921875,-0.54296875,-0.12520644037889672,96,1712919034227
1333,0.400390625,1.779296875,0.18359375,0.0,45,1712919034328
1333,0.41015625,1.818359375,0.16796875,0.0,126,1712919034328
1333,0.357421875,1.869140625,0.15625,0.0,169,1712919034328
1333,0.365234375,1.90625,0.142578125,0.0,124,1712919034328
1333,0.373046875,1.94140625,0.181640625,0.0,46,1712919034328
1333,0.251953125,1.98828125,0.283203125,0.0,33,1712919034328
1333,0.39453125,2.05078125,-0.212890625,0.0,48,1712919034328
1333,0.53515625,2.037109375,-0.36328125,0.0,60,1712919034328
1333,0.611328125,2.056640625,-0.357421875,0.0,53,1712919034328
1333,0.76171875,2.04296875,-0.384765625,0.0,55,1712919034328
1333,0.7734375,2.046875,-0.533203125,0.0,39,1712919034328
1333,0.21484375,2.173828125,-0.6875,0.0,34,1712919034328
1333,0.21875,2.15625,-0.849609375,0.0,29,1712919034328
1333,0.298828125,1.859375,0.310546875,0.12520644037889672,19,1712919034328
1333,0.408203125,2.033203125,-0.66015625,0.12520644037889672,46,1712919034328
1333,0.140625,2.2265625,-0.3046875,0.12520644037889672,30,1712919034328
1333,0.21484375,2.228515625,-0.48046875,0.12520644037889672,52,1712919034328
1333,0.291015625,2.2265625,-0.615234375,0.12520644037889672,54,1712919034328
1333,0.294921875,2.2421875,-0.69921875,0.12520644037889672,27,1712919034328
1333,0.400390625,1.91015625,-0.87109375,0.25041288075779344,27,1712919034328
1333,0.408203125,2.009765625,-0.728515625,0.25041288075779344,25,1712919034328
1333,0.2109375,2.185546875,-0.505859375,0.25041288075779344,68,1712919034328
1333,0.21484375,2.208984375,-0.56640625,0.25041288075779344,87,1712919034328
1333,0.146484375,2.26953125,-0.50390625,0.25041288075779344,44,1712919034328
1333,0.27734375,2.177734375,-0.294921875,0.37561932113669017,28,1712919034328
1333,0.28125,2.185546875,-0.466796875,0.37561932113669017,89,1712919034328
1333,0.287109375,2.203125,-0.55859375,0.37561932113669017,119,1712919034328
1333,0.21875,2.228515625,-0.640625,0.37561932113669017,78,1712919034328
1333,0.22265625,2.23046875,-0.76171875,0.37561932113669017,30,1712919034328
1333,0.28125,2.1875,-0.4609375,0.5008257615155869,34,1712919034328
1333,0.21484375,2.228515625,-0.48046875,0.5008257615155869,47,1712919034328
1333,0.21875,2.26953125,-0.470703125,0.5008257615155869,36,1712919034328
1333,0.1484375,2.296875,-0.5546875,0.5008257615155869,15,1712919034328
1333,0.4765625,1.84765625,-0.060546875,-0.37561932113669017,39,1712919034328
1333,0.486328125,1.884765625,-0.064453125,-0.37561932113669017,70,1712919034328
1333,0.49609375,1.921875,-0.0390625,-0.37561932113669017,62,1712919034328
1333,0.505859375,1.958984375,-0.056640625,-0.37561932113669017,27,1712919034328
1333,0.734375,1.970703125,-0.380859375,-0.37561932113669017,34,1712919034328
1333,0.748046875,2.005859375,-0.388671875,-0.37561932113669017,42,1712919034328
1333,0.76171875,2.041015625,-0.3984375,-0.37561932113669017,29,1712919034328
1333,0.400390625,1.787109375,-0.0234375,-0.25041288075779344,47,1712919034328
1333,0.41015625,1.82421875,-0.068359375,-0.25041288075779344,139,1712919034328
1333,0.41796875,1.861328125,-0.060546875,-0.25041288075779344,216,1712919034328
1333,0.486328125,1.884765625,-0.025390625,-0.25041288075779344,229,1712919034328
1333,0.49609375,1.921875,0.029296875,-0.25041288075779344,144,1712919034328
1333,0.443359375,1.974609375,0.0078125,-0.25041288075779344,54,1712919034328
1333,0.38671875,2.0234375,-0.060546875,-0.25041288075779344,39,1712919034328
1333,0.328125,2.009765625,-0.513671875,-0.25041288075779344,32,1712919034328
1333,0.748046875,1.974609375,-0.525390625,-0.25041288075779344,45,1712919034328
1333,0.76171875,1.978515625,-0.63671875,-0.25041288075779344,56,1712919034328
1333,0.703125,2.0,-0.76171875,-0.25041288075779344,34,1712919034328
1333,0.400390625,1.787109375,0.076171875,-0.12520644037889672,81,1712919034328
1333,0.41015625,1.82421875,0.05078125,-0.12520644037889672,230,1712919034328
1333,0.41796875,1.861328125,0.0390625,-0.12520644037889672,324,1712919034328
1333,0.42578125,1.8984375,0.05078125,-0.12520644037889672,271,1712919034328
1333,0.43359375,1.93359375,0.107421875,-0.12520644037889672,126,1712919034328
1333,0.31640625,1.998046875,0.056640625,-0.12520644037889672,69,1712919034328
1333,0.38671875,2.025390625,-0.015625,-0.12520644037889672,77,1712919034328
1333,0.39453125,2.046875,-0.24609375,-0.12520644037889672,88,1712919034328
1333,0.466796875,2.07421875,-0.21875,-0.12520644037889672,62,1712919034328
1333,0.81640625,1.943359375,-0.5390625,-0.12520644037889672,56,1712919034328
1333,0.76171875,2.025390625,-0.47265625,-0.12520644037889672,82,1712919034328
1333,0.7734375,2.04296875,-0.55078125,-0.12520644037889672,55,1712919034328
1333,0.0703125,2.0859375,0.84765625,0.0,26,1712919034328
1334,0.3515625,1.830078125,0.16015625,0.0,24,1712919034428
1334,0.357421875,1.87109375,0.111328125,0.0,26,1712919034428
1334,0.546875,1.8125,0.44921875,0.0,12,1712919034428
1334,0.43359375,1.92578125,0.2109375,0.0,28,1712919034428
1334,0.568359375,1.88671875,-0.458984375,0.0,32,1712919034428
1334,0.515625,1.962890625,-0.3671875,0.0,71,1712919034428
1334,0.58984375,1.984375,-0.349609375,0.0,87,1712919034428
1334,0.6015625,1.998046875,-0.466796875,0.0,82,1712919034428
1334,0.6796875,1.990234375,-0.560546875,0.0,88,1712919034428
1334,0.69140625,2.041015625,-0.505859375,0.0,79,1712919034428
1334,0.703125,2.115234375,-0.3203125,0.0,42,1712919034428
1334,0.4296875,2.16015625,-0.62890625,0.0,40,1712919034428
1334,0.36328125,2.177734375,-0.740234375,0.0,60,1712919034428
1334,0.369140625,2.19140625,-0.814453125,0.0,43,1712919034428
1334,0.365234375,1.912109375,0.0390625,0.12520644037889672,24,1712919034428
1334,0.310546875,1.958984375,0.06640625,0.12520644037889672,34,1712919034428
1334,0.37890625,1.982421875,-0.146484375,0.12520644037889672,27,1712919034428
1334,0.38671875,1.994140625,-0.353515625,0.12520644037889672,58,1712919034428
1334,0.39453125,2.041015625,-0.298828125,0.12520644037889672,74,1712919034428
1334,0.466796875,1.716796875,-1.185546875,0.12520644037889672,50,1712919034428
1334,0.408203125,1.876953125,-1.021484375,0.12520644037889672,54,1712919034428
1334,0.28125,2.134765625,-0.66015625,0.12520644037889672,44,1712919034428
1334,0.357421875,2.197265625,-0.5390625,0.12520644037889672,115,1712919034428
1334,0.36328125,2.212890625,-0.625,0.12520644037889672,165,1712919034428
1334,0.369140625,2.236328125,-0.681640625,0.12520644037889672,120,1712919034428
1334,0.375,2.2734375,-0.6875,0.12520644037889672,42,1712919034428
1334,0.33984375,2.0390625,-0.6796875,0.25041288075779344,30,1712919034428
1334,0.357421875,2.224609375,-0.40625,0.25041288075779344,115,1712919034428
1334,0.36328125,2.25,-0.4765625,0.25041288075779344,176,1712919034428
1334,0.369140625,2.275390625,-0.53515625,0.25041288075779344,131,1712919034428
1334,0.30078125,2.31640625,-0.5703125,0.25041288075779344,51,1712919034428
1334,0.357421875,2.25390625,-0.20703125,0.37561932113669017,29,1712919034428
1334,0.36328125,2.27734375,-0.322265625,0.37561932113669017,49,1712919034428
1334,0.369140625,2.30859375,-0.369140625,0.37561932113669017,43,1712919034428
1334,0.30078125,2.3515625,-0.40234375,0.37561932113669017,23,1712919034428
1334,0.41796875,1.859375,-0.099609375,-0.25041288075779344,18,1712919034428
1334,0.486328125,1.8828125,-0.099609375,-0.25041288075779344,19,1712919034428
1334,0.49609375,1.919921875,0.0703125,-0.25041288075779344,20,1712919034428
1334,0.6328125,1.8125,-0.640625,-0.25041288075779344,20,1712919034428
1334,0.580078125,1.927734375,-0.443359375,-0.25041288075779344,57,1712919034428
1334,0.65625,1.947265625,-0.43359375,-0.25041288075779344,85,1712919034428
1334,0.734375,1.9609375,-0.4296875,-0.25041288075779344,84,1712919034428
1334,0.748046875,1.982421875,-0.4921875,-0.25041288075779344,75,1712919034428
1334,0.830078125,1.958984375,-0.611328125,-0.25041288075779344,66,1712919034428
1334,0.7734375,2.044921875,-0.537109375,-0.25041288075779344,40,1712919034428
1334,0.787109375,2.091796875,-0.5,-0.25041288075779344,25,1712919034428
1334,0.728515625,2.1328125,-0.587890625,-0.25041288075779344,19,1712919034428
1334,0.41015625,1.82421875,0.072265625,-0.12520644037889672,29,1712919034428
1334,0.41796875,1.86328125,0.0,-0.12520644037889672,42,1712919034428
1334,0.486328125,1.884765625,-0.060546875,-0.12520644037889672,36,1712919034428
1334,0.49609375,1.919921875,0.072265625,-0.12520644037889672,36,1712919034428
1334,0.568359375,1.859375,-0.560546875,-0.12520644037889672,43,1712919034428
1334,0.580078125,1.9453125,-0.36328125,-0.12520644037889672,101,1712919034428
1334,0.65625,1.962890625,-0.3515625,-0.12520644037889672,133,1712919034428
1334,0.734375,1.9765625,-0.353515625,-0.12520644037889672,129,1712919034428
1334,0.81640625,1.97265625,-0.419921875,-0.12520644037889672,136,1712919034428
1334,0.830078125,1.9921875,-0.498046875,-0.12520644037889672,127,1712919034428
1334,0.7734375,2.0703125,-0.435546875,-0.12520644037889672,68,1712919034428
1334,0.71484375,2.123046875,-0.48046875,-0.12520644037889672,22,1712919034428
1334,0.0,1.484375,1.693359375,-0.25041288075779344,22,1712919034428
1335,0.34375,1.79296875,-0.15625,0.0,24,1712919034529
1335,0.3515625,1.828125,-0.185546875,0.0,62,1712919034529
1335,0.298828125,1.87109375,-0.23828125,0.0,85,1712919034529
1335,0.365234375,1.88671875,-0.3125,0.0,78,1712919034529
1335,0.373046875,1.92578125,-0.310546875,0.0,51,1712919034529
1335,0.37890625,1.95703125,-0.341796875,0.0,27,1712919034529
1335,0.884765625,1.9609375,-0.32421875,0.0,42,1712919034529
1335,0.830078125,2.0234375,-0.345703125,0.0,43,1712919034529
1335,0.501953125,2.193359375,-0.43359375,0.0,14,1712919034529
1335,0.34375,1.80078125,-0.0234375,0.12520644037889672,46,1712919034529
1335,0.3515625,1.8359375,-0.072265625,0.12520644037889672,117,1712919034529
1335,0.298828125,1.880859375,-0.130859375,0.12520644037889672,166,1712919034529
1335,0.3046875,1.916015625,-0.169921875,0.12520644037889672,157,1712919034529
1335,0.373046875,1.939453125,-0.20703125,0.12520644037889672,122,1712919034529
1335,0.443359375,1.95703125,-0.255859375,0.12520644037889672,95,1712919034529
1335,0.451171875,1.984375,-0.333984375,0.12520644037889672,95,1712919034529
1335,0.458984375,2.021484375,-0.330078125,0.12520644037889672,88,1712919034529
1335,0.291015625,2.248046875,-0.53125,0.12520644037889672,58,1712919034529
1335,0.294921875,2.265625,-0.6171875,0.12520644037889672,53,1712919034529
1335,0.34375,1.798828125,0.06640625,0.25041288075779344,35,1712919034529
1335,0.3515625,1.8359375,0.05078125,0.25041288075779344,102,1712919034529
1335,0.298828125,1.884765625,0.03125,0.25041288075779344,154,1712919034529
1335,0.3046875,1.923828125,-0.013671875,0.25041288075779344,151,1712919034529
1335,0.310546875,1.9609375,-0.025390625,0.25041288075779344,113,1712919034529
1335,0.31640625,1.998046875,-0.0625,0.25041288075779344,69,1712919034529
1335,0.36328125,2.25,-0.47265625,0.25041288075779344,82,1712919034529
1335,0.294921875,2.283203125,-0.548828125,0.25041288075779344,76,1712919034529
1335,0.29296875,1.837890625,0.1953125,0.37561932113669017,24,1712919034529
1335,0.298828125,1.876953125,0.1796875,0.37561932113669017,40,1712919034529
1335,0.3046875,1.91796875,0.14453125,0.37561932113669017,43,1712919034529
1335,0.310546875,1.955078125,0.154296875,0.37561932113669017,33,1712919034529
1335,0.7734375,1.94921875,-0.8203125,-0.37561932113669017,25,1712919034529
1335,0.787109375,1.974609375,-0.8515625,-0.37561932113669017,23,1712919034529
1335,0.6328125,1.865234375,-0.4609375,-0.25041288075779344,25,1712919034529
1335,0.64453125,1.90234375,-0.466796875,-0.25041288075779344,47,1712919034529
1335,0.65625,1.947265625,-0.427734375,-0.25041288075779344,50,1712919034529
1335,0.66796875,1.984375,-0.43359375,-0.25041288075779344,32,1712919034529
1335,0.81640625,1.90234375,-0.669921875,-0.25041288075779344,41,1712919034529
1335,0.623046875,1.953125,-0.837890625,-0.25041288075779344,34,1712919034529
1335,0.703125,1.994140625,-0.77734375,-0.25041288075779344,48,1712919034529
1335,0.71484375,2.0703125,-0.669921875,-0.25041288075779344,57,1712919034529
1335,0.728515625,2.1171875,-0.640625,-0.25041288075779344,29,1712919034529
1335,3.2578125,0.0,2.314453125,-0.25041288075779344,28,1712919034529
1335,3.18359375,0.0,2.37109375,-0.25041288075779344,33,1712919034529
1335,3.216796875,0.0,2.380859375,-0.25041288075779344,25,1712919034529
1335,0.3515625,1.828125,-0.18359375,-0.12520644037889672,24,1712919034529
1335,0.357421875,1.86328125,-0.208984375,-0.12520644037889672,39,1712919034529
1335,0.365234375,1.900390625,-0.21875,-0.12520644037889672,34,1712919034529
1335,0.568359375,1.8984375,-0.40234375,-0.12520644037889672,57,1712919034529
1335,0.580078125,1.935546875,-0.404296875,-0.12520644037889672,96,1712919034529
1335,0.58984375,1.9765625,-0.392578125,-0.12520644037889672,88,1712919034529
1335,0.66796875,1.984375,-0.431640625,-0.12520644037889672,54,1712919034529
1335,0.81640625,1.955078125,-0.494140625,-0.12520644037889672,88,1712919034529
1335,0.76171875,2.00390625,-0.552734375,-0.12520644037889672,80,1712919034529
1335,0.5625,2.037109375,-0.779296875,-0.12520644037889672,36,1712919034529
1335,0.64453125,2.12890625,-0.548828125,-0.12520644037889672,42,1712919034529
1335,0.728515625,2.171875,-0.416015625,-0.12520644037889672,23,1712919034529
1335,3.2578125,0.0,2.517578125,-0.12520644037889672,29,1712919034529
1335,3.18359375,0.0,2.57421875,-0.12520644037889672,36,1712919034529
1335,3.216796875,0.0,2.595703125,-0.12520644037889672,31,1712919034529
1335,0.203125,1.908203125,1.02734375,0.0,24,1712919034529
1335,0.068359375,1.7265625,1.384765625,0.0,26,1712919034529
1335,-0.138671875,1.94140625,1.056640625,-0.25041288075779344,18,1712919034529
1335,1.20703125,0.0,3.36328125,-0.25041288075779344,17,1712919034529
1336,0.4765625,1.84765625,-0.072265625,0.0,26,1712919034628
1336,0.486328125,1.8828125,-0.103515625,0.0,52,1712919034628
1336,0.49609375,1.91796875,-0.138671875,0.0,51,1712919034628
1336,0.568359375,1.93359375,-0.177734375,0.0,69,1712919034628
1336,0.64453125,1.951171875,-0.158203125,0.0,123,1712919034628
1336,0.65625,1.98828125,-0.1640625,0.0,128,1712919034628
1336,0.6015625,2.048828125,-0.12109375,0.0,79,1712919034628
1336,0.4375,2.162109375,-0.74609375,0.0,65,1712919034628
1336,0.369140625,2.20703125,-0.76953125,0.0,89,1712919034628
1336,0.375,2.224609375,-0.83203125,0.0,58,1712919034628
1336,0.41015625,1.82421875,-0.0390625,0.12520644037889672,45,1712919034628
1336,0.41796875,1.861328125,-0.041015625,0.12520644037889672,117,1712919034628
1336,0.42578125,1.8984375,-0.041015625,0.12520644037889672,162,1712919034628
1336,0.43359375,1.935546875,-0.078125,0.12520644037889672,123,1712919034628
1336,0.443359375,1.958984375,-0.244140625,0.12520644037889672,51,1712919034628
1336,0.451171875,1.974609375,-0.380859375,0.12520644037889672,37,1712919034628
1336,0.36328125,2.232421875,-0.556640625,0.12520644037889672,147,1712919034628
1336,0.369140625,2.255859375,-0.615234375,0.12520644037889672,200,1712919034628
1336,0.375,2.275390625,-0.6796875,0.12520644037889672,130,1712919034628
1336,0.400390625,1.787109375,0.060546875,0.25041288075779344,16,1712919034628
1336,0.41015625,1.826171875,0.009765625,0.25041288075779344,83,1712919034628
1336,0.41796875,1.86328125,-0.001953125,0.25041288075779344,173,1712919034628
1336,0.42578125,1.900390625,-0.013671875,0.25041288075779344,189,1712919034628
1336,0.43359375,1.9375,-0.044921875,0.25041288075779344,127,1712919034628
1336,0.37890625,1.98046875,-0.15625,0.25041288075779344,54,1712919034628
1336,0.4375,2.244140625,-0.439453125,0.25041288075779344,128,1712919034628
1336,0.369140625,2.29296875,-0.455078125,0.25041288075779344,179,1712919034628
1336,0.375,2.3203125,-0.51171875,0.25041288075779344,116,1712919034628
1336,0.3515625,1.83203125,0.134765625,0.37561932113669017,49,1712919034628
1336,0.357421875,1.873046875,0.08203125,0.37561932113669017,89,1712919034628
1336,0.42578125,1.900390625,0.01953125,0.37561932113669017,81,1712919034628
1336,0.373046875,1.94921875,-0.025390625,0.37561932113669017,54,1712919034628
1336,0.31640625,1.99609375,-0.080078125,0.37561932113669017,49,1712919034628
1336,0.322265625,2.033203125,-0.119140625,0.37561932113669017,35,1712919034628
1336,0.291015625,2.298828125,-0.228515625,0.37561932113669017,33,1712919034628
1336,0.369140625,2.322265625,-0.26171875,0.37561932113669017,46,1712919034628
1336,0.30078125,2.373046875,-0.25,0.37561932113669017,31,1712919034628
1336,0.31640625,1.998046875,0.015625,0.5008257615155869,30,1712919034628
1336,0.2578125,2.044921875,0.029296875,0.5008257615155869,24,1712919034628
1336,0.734375,1.91796875,-0.595703125,-0.37561932113669017,15,1712919034628
1336,0.81640625,1.923828125,-0.607421875,-0.37561932113669017,22,1712919034628
1336,0.900390625,1.900390625,-0.697265625,-0.37561932113669017,16,1712919034628
1336,3.005859375,0.0,2.353515625,-0.37561932113669017,19,1712919034628
1336,3.1484375,0.0,2.26953125,-0.37561932113669017,30,1712919034628
1336,3.18359375,0.0,2.17578125,-0.37561932113669017,25,1712919034628
1336,0.6953125,1.85546875,-0.412109375,-0.25041288075779344,48,1712919034628
1336,0.708984375,1.8984375,-0.380859375,-0.25041288075779344,100,1712919034628
1336,0.72265625,1.931640625,-0.400390625,-0.25041288075779344,109,1712919034628
1336,0.734375,1.958984375,-0.44140625,-0.25041288075779344,91,1712919034628
1336,0.81640625,1.966796875,-0.451171875,-0.25041288075779344,74,1712919034628
1336,0.830078125,2.01953125,-0.369140625,-0.25041288075779344,44,1712919034628
1336,3.11328125,0.0,2.400390625,-0.25041288075779344,47,1712919034628
1336,3.1484375,0.0,2.412109375,-0.25041288075779344,72,1712919034628
1336,3.18359375,0.0,2.41796875,-0.25041288075779344,61,1712919034628
1336,3.107421875,0.0,2.5703125,-0.25041288075779344,27,1712919034628
1336,0.62109375,1.8515625,-0.359375,-0.12520644037889672,17,1712919034628
1336,0.6953125,1.880859375,-0.275390625,-0.12520644037889672,101,1712919034628
1336,0.64453125,1.939453125,-0.263671875,-0.12520644037889672,211,1712919034628
1336,0.65625,1.9765625,-0.2734375,-0.12520644037889672,218,1712919034628
1336,0.734375,1.984375,-0.298828125,-0.12520644037889672,142,1712919034628
1336,0.748046875,2.02734375,-0.259765625,-0.12520644037889672,79,1712919034628
1336,0.76171875,2.080078125,-0.015625,-0.12520644037889672,37,1712919034628
1336,0.369140625,2.150390625,-0.919921875,-0.12520644037889672,18,1712919034628
1336,3.11328125,0.0,2.54296875,-0.12520644037889672,36,1712919034628
1337,0.357421875,1.857421875,-0.26171875,0.0,19,1712919034729
1337,0.365234375,1.8515625,-0.478515625,0.0,23,1712919034729
1337,0.43359375,1.927734375,-0.19140625,0.0,21,1712919034729
1337,0.568359375,1.9375,0.119140625,0.0,22,1712919034729
1337,0.708984375,1.91796875,-0.265625,0.0,45,1712919034729
1337,0.65625,1.978515625,-0.259765625,0.0,62,1712919034729
1337,0.66796875,1.982421875,-0.439453125,0.0,38,1712919034729
1337,0.4375,2.169921875,-0.724609375,0.0,41,1712919034729
1337,0.443359375,2.201171875,-0.748046875,0.0,76,1712919034729
1337,0.451171875,2.224609375,-0.79296875,0.0,70,1712919034729
1337,0.458984375,2.240234375,-0.86328125,0.0,33,1712919034729
1337,2.8984375,0.0,3.029296875,0.0,18,1712919034729
1337,0.466796875,1.80859375,-0.09765625,0.12520644037889672,33,1712919034729
1337,0.41796875,1.861328125,-0.07421875,0.12520644037889672,123,1712919034729
1337,0.42578125,1.8984375,-0.08984375,0.12520644037889672,213,1712919034729
1337,0.43359375,1.93359375,-0.125,0.12520644037889672,169,1712919034729
1337,0.31640625,1.984375,-0.234375,0.12520644037889672,47,1712919034729
1337,0.708984375,1.923828125,0.208984375,0.12520644037889672,59,1712919034729
1337,0.4375,2.220703125,-0.544921875,0.12520644037889672,81,1712919034729
1337,0.443359375,2.2421875,-0.611328125,0.12520644037889672,148,1712919034729
1337,0.451171875,2.267578125,-0.6640625,0.12520644037889672,135,1712919034729
1337,0.380859375,2.310546875,-0.697265625,0.12520644037889672,63,1712919034729
1337,0.41015625,1.82421875,0.041015625,0.25041288075779344,84,1712919034729
1337,0.41796875,1.86328125,0.015625,0.25041288075779344,310,1712919034729
1337,0.42578125,1.900390625,-0.009765625,0.25041288075779344,500,1712919034729
1337,0.373046875,1.94921875,-0.0234375,0.25041288075779344,421,1712919034729
1337,0.37890625,1.986328125,-0.08203125,0.25041288075779344,185,1712919034729
1337,0.2578125,2.037109375,-0.173828125,0.25041288075779344,48,1712919034729
1337,0.36328125,2.26953125,-0.37890625,0.25041288075779344,59,1712919034729
1337,0.369140625,2.291015625,-0.4609375,0.25041288075779344,105,1712919034729
1337,0.451171875,2.302734375,-0.5234375,0.25041288075779344,94,1712919034729
1337,0.380859375,2.3515625,-0.544921875,0.25041288075779344,42,1712919034729
1337,0.41015625,1.818359375,0.15234375,0.37561932113669017,61,1712919034729
1337,0.41796875,1.859375,0.1171875,0.37561932113669017,216,1712919034729
1337,0.42578125,1.8984375,0.091796875,0.37561932113669017,347,1712919034729
1337,0.373046875,1.947265625,0.08203125,0.37561932113669017,309,1712919034729
1337,0.37890625,1.986328125,0.05859375,0.37561932113669017,163,1712919034729
1337,0.322265625,2.03515625,0.017578125,0.37561932113669017,63,1712919034729
1337,0.357421875,1.859375,0.2421875,0.5008257615155869,29,1712919034729
1337,0.365234375,1.90234375,0.193359375,0.5008257615155869,51,1712919034729
1337,0.310546875,1.955078125,0.16015625,0.5008257615155869,53,1712919034729
1337,0.31640625,1.990234375,0.171875,0.5008257615155869,37,1712919034729
1337,0.2578125,2.0390625,0.154296875,0.5008257615155869,22,1712919034729
1337,0.853515625,1.7734375,-0.73046875,-0.37561932113669017,36,1712919034729
1337,0.869140625,1.77734375,-0.80859375,-0.37561932113669017,78,1712919034729
1337,0.884765625,1.783203125,-0.880859375,-0.37561932113669017,90,1712919034729
1337,0.830078125,1.845703125,-0.900390625,-0.37561932113669017,61,1712919034729
1337,0.84375,1.826171875,-1.01171875,-0.37561932113669017,25,1712919034729
1337,0.6953125,1.849609375,-0.431640625,-0.25041288075779344,30,1712919034729
1337,0.708984375,1.89453125,-0.396484375,-0.25041288075779344,47,1712919034729
1337,0.853515625,1.83203125,-0.5703125,-0.25041288075779344,48,1712919034729
1337,0.869140625,1.869140625,-0.568359375,-0.25041288075779344,111,1712919034729
1337,0.884765625,1.888671875,-0.623046875,-0.25041288075779344,136,1712919034729
1337,0.830078125,1.9375,-0.6796875,-0.25041288075779344,94,1712919034729
1337,0.84375,1.921875,-0.814453125,-0.25041288075779344,40,1712919034729
1337,3.220703125,0.0,2.89453125,-0.25041288075779344,25,1712919034729
1337,3.1484375,0.0,2.806640625,-0.25041288075779344,22,1712919034729
1337,0.365234375,1.869140625,-0.40625,-0.12520644037889672,16,1712919034729
1337,0.6953125,1.876953125,-0.298828125,-0.12520644037889672,76,1712919034729
1337,0.708984375,1.90625,-0.3359375,-0.12520644037889672,139,1712919034729
1337,0.72265625,1.94140625,-0.33984375,-0.12520644037889672,110,1712919034729
1337,0.869140625,1.916015625,-0.37890625,-0.12520644037889672,54,1712919034729
1337,0.884765625,1.94921875,-0.390625,-0.12520644037889672,66,1712919034729
1337,0.830078125,1.9921875,-0.498046875,-0.12520644037889672,53,1712919034729
1338,0.486328125,1.880859375,-0.1328125,0.0,38,1712919034829
1338,0.49609375,1.916015625,-0.16015625,0.0,64,1712919034829
1338,0.443359375,1.91796875,-0.47265625,0.0,61,1712919034829
1338,0.580078125,1.927734375,-0.443359375,0.0,112,1712919034829
1338,0.65625,1.953125,-0.404296875,0.0,145,1712919034829
1338,0.66796875,1.998046875,-0.36328125,0.0,101,1712919034829
1338,0.748046875,2.025390625,-0.26953125,0.0,47,1712919034829
1338,0.509765625,2.177734375,-0.6484375,0.0,19,1712919034829
1338,0.443359375,2.236328125,-0.63671875,0.0,33,1712919034829
1338,0.451171875,2.2578125,-0.6953125,0.0,33,1712919034829
1338,0.41796875,1.86328125,0.005859375,0.12520644037889672,40,1712919034829
1338,0.486328125,1.884765625,-0.015625,0.12520644037889672,135,1712919034829
1338,0.43359375,1.9375,-0.0234375,0.12520644037889672,193,1712919034829
1338,0.37890625,1.97265625,-0.236328125,0.12520644037889672,119,1712919034829
1338,0.580078125,1.95703125,-0.287109375,0.12520644037889672,188,1712919034829
1338,0.58984375,1.994140625,-0.28515625,0.12520644037889672,243,1712919034829
1338,0.6015625,2.029296875,-0.294921875,0.12520644037889672,140,1712919034829
1338,0.509765625,2.2109375,-0.5234375,0.12520644037889672,36,1712919034829
1338,0.443359375,2.265625,-0.517578125,0.12520644037889672,62,1712919034829
1338,0.451171875,2.29296875,-0.568359375,0.12520644037889672,62,1712919034829
1338,0.4765625,1.845703125,0.10546875,0.25041288075779344,55,1712919034829
1338,0.42578125,1.896484375,0.111328125,0.25041288075779344,169,1712919034829
1338,0.43359375,1.935546875,0.095703125,0.25041288075779344,232,1712919034829
1338,0.37890625,1.986328125,0.087890625,0.25041288075779344,125,1712919034829
1338,0.64453125,1.95703125,-0.083984375,0.25041288075779344,75,1712919034829
1338,0.58984375,2.01171875,-0.10546875,0.25041288075779344,116,1712919034829
1338,0.6015625,2.046875,-0.146484375,0.25041288075779344,63,1712919034829
1338,0.4375,2.26171875,-0.34375,0.25041288075779344,24,1712919034829
1338,0.443359375,2.296875,-0.357421875,0.25041288075779344,40,1712919034829
1338,0.375,2.341796875,-0.40234375,0.25041288075779344,39,1712919034829
1338,0.41796875,1.84765625,0.236328125,0.37561932113669017,23,1712919034829
1338,0.486328125,1.869140625,0.240234375,0.37561932113669017,67,1712919034829
1338,0.43359375,1.923828125,0.224609375,0.37561932113669017,88,1712919034829
1338,0.443359375,1.966796875,0.162109375,0.37561932113669017,54,1712919034829
1338,0.38671875,2.025390625,0.046875,0.37561932113669017,24,1712919034829
1338,0.853515625,1.609375,-1.044921875,-0.5008257615155869,22,1712919034829
1338,0.869140625,1.67578125,-1.00390625,-0.5008257615155869,36,1712919034829
1338,0.884765625,1.70703125,-1.01953125,-0.5008257615155869,32,1712919034829
1338,0.853515625,1.669921875,-0.9453125,-0.37561932113669017,43,1712919034829
1338,0.869140625,1.748046875,-0.873046875,-0.37561932113669017,68,1712919034829
1338,0.81640625,1.8359375,-0.833984375,-0.37561932113669017,56,1712919034829
1338,0.830078125,1.880859375,-0.822265625,-0.37561932113669017,25,1712919034829
1338,0.853515625,1.826171875,-0.587890625,-0.25041288075779344,54,1712919034829
1338,0.869140625,1.857421875,-0.60546875,-0.25041288075779344,92,1712919034829
1338,0.884765625,1.884765625,-0.6328125,-0.25041288075779344,76,1712919034829
1338,0.830078125,1.9375,-0.6796875,-0.25041288075779344,33,1712919034829
1338,0.55859375,1.865234375,-0.38671875,-0.12520644037889672,19,1712919034829
1338,0.6953125,1.85546875,-0.41015625,-0.12520644037889672,43,1712919034829
1338,0.708984375,1.8828125,-0.453125,-0.12520644037889672,50,1712919034829
1338,0.91796875,1.87890625,-0.185546875,-0.12520644037889672,43,1712919034829
1338,0.869140625,1.921875,-0.3515625,-0.12520644037889672,87,1712919034829
1338,0.884765625,1.935546875,-0.45703125,-0.12520644037889672,74,1712919034829
1338,0.830078125,1.97265625,-0.568359375,-0.12520644037889672,37,1712919034829
1338,3.11328125,0.0,2.216796875,-0.12520644037889672,23,1712919034829
1338,3.0390625,0.0,2.388671875,-0.12520644037889672,20,1712919034829
1338,1.9375,0.0,1.427734375,-0.37561932113669017,13,1712919034829
1338,2.005859375,0.0,1.611328125,-0.25041288075779344,17,1712919034829
1339,0.486328125,1.8828125,-0.080078125,0.0,40,1712919034930
1339,0.49609375,1.919921875,-0.091796875,0.0,76,1712919034930
1339,0.31640625,1.994140625,0.138671875,0.0,54,1712919034930
1339,0.837890625,1.84765625,-0.369140625,0.0,141,1712919034930
1339,0.787109375,1.908203125,-0.3828125,0.0,166,1712919034930
1339,0.734375,1.95703125,-0.44921875,0.0,83,1712919034930
1339,0.41796875,1.86328125,0.025390625,0.12520644037889672,16,1712919034930
1339,0.486328125,1.884765625,0.029296875,0.12520644037889672,91,1712919034930
1339,0.49609375,1.921875,0.03515625,0.12520644037889672,171,1712919034930
1339,0.31640625,1.978515625,0.275390625,0.12520644037889672,117,1712919034930
1339,0.7734375,1.888671875,-0.2890625,0.12520644037889672,264,1712919034930
1339,0.787109375,1.927734375,-0.271484375,0.12520644037889672,317,1712919034930
1339,0.734375,1.982421875,-0.314453125,0.12520644037889672,167,1712919034930
1339,1.013671875,2.90234375,-1.0390625,0.12520644037889672,26,1712919034930
1339,0.357421875,1.873046875,0.076171875,0.25041288075779344,17,1712919034930
1339,0.486328125,1.87890625,0.15625,0.25041288075779344,85,1712919034930
1339,0.49609375,1.916015625,0.142578125,0.25041288075779344,163,1712919034930
1339,0.443359375,1.962890625,0.205078125,0.25041288075779344,130,1712919034930
1339,0.837890625,1.85546875,-0.328125,0.25041288075779344,101,1712919034930
1339,0.72265625,1.966796875,-0.15234375,0.25041288075779344,134,1712919034930
1339,0.734375,2.0,-0.173828125,0.25041288075779344,70,1712919034930
1339,0.365234375,1.900390625,0.21875,0.37561932113669017,24,1712919034930
1339,0.49609375,1.908203125,0.232421875,0.37561932113669017,47,1712919034930
1339,0.505859375,1.94921875,0.205078125,0.37561932113669017,48,1712919034930
1339,0.451171875,2.009765625,0.072265625,0.37561932113669017,31,1712919034930
1339,0.91796875,1.7109375,-0.796875,-0.37561932113669017,33,1712919034930
1339,0.869140625,1.759765625,-0.84765625,-0.37561932113669017,34,1712919034930
1339,0.81640625,1.798828125,-0.912109375,-0.37561932113669017,20,1712919034930
1339,0.837890625,1.771484375,-0.640625,-0.25041288075779344,51,1712919034930
1339,0.853515625,1.8046875,-0.65234375,-0.25041288075779344,87,1712919034930
1339,0.80078125,1.873046875,-0.646484375,-0.25041288075779344,87,1712919034930
1339,0.81640625,1.923828125,-0.607421875,-0.25041288075779344,56,1712919034930
1339,0.830078125,1.958984375,-0.611328125,-0.25041288075779344,27,1712919034930
1339,0.49609375,1.8984375,-0.296875,-0.12520644037889672,19,1712919034930
1339,0.6328125,1.875,-0.421875,-0.12520644037889672,32,1712919034930
1339,0.708984375,1.857421875,-0.546875,-0.12520644037889672,61,1712919034930
1339,0.787109375,1.869140625,-0.546875,-0.12520644037889672,88,1712919034930
1339,0.80078125,1.916015625,-0.50390625,-0.12520644037889672,85,1712919034930
1339,0.748046875,2.0,-0.41796875,-0.12520644037889672,63,1712919034930
1339,0.830078125,2.01953125,-0.365234375,-0.12520644037889672,38,1712919034930
1339,0.94921875,1.771484375,-0.236328125,0.0,42,1712919034930
1339,1.01171875,1.578125,-0.76171875,0.12520644037889672,79,1712919034930
1339,-0.3046875,1.767578125,2.705078125,0.12520644037889672,18,1712919034930
1339,-0.38671875,0.0,2.02734375,0.25041288075779344,55,1712919034930
1340,0.62109375,1.884765625,0.009765625,0.0,44,1712919035030
1340,0.6328125,1.91796875,-0.126953125,0.0,129,1712919035030
1340,0.708984375,1.923828125,-0.22265625,0.0,176,1712919035030
1340,0.787109375,1.916015625,-0.345703125,0.0,109,1712919035030
1340,0.935546875,1.787109375,-0.70703125,0.0,27,1712919035030
1340,0.6796875,2.056640625,-0.2109375,0.0,35,1712919035030
1340,0.42578125,1.8984375,0.072265625,0.12520644037889672,19,1712919035030
1340,0.62109375,1.8828125,0.119140625,0.12520644037889672,72,1712919035030
1340,0.6328125,1.921875,0.001953125,0.12520644037889672,217,1712919035030
1340,0.708984375,1.93359375,-0.107421875,0.12520644037889672,320,1712919035030
1340,0.787109375,1.93359375,-0.220703125,0.12520644037889672,210,1712919035030
1340,1.001953125,1.796875,-0.58203125,0.12520644037889672,53,1712919035030
1340,0.6796875,2.06640625,0.029296875,0.12520644037889672,41,1712919035030
1340,0.42578125,1.896484375,0.11328125,0.25041288075779344,20,1712919035030
1340,0.43359375,1.935546875,0.0546875,0.25041288075779344,34,1712919035030
1340,0.6953125,1.880859375,0.263671875,0.25041288075779344,87,1712919035030
1340,0.7734375,1.91015625,0.02734375,0.25041288075779344,136,1712919035030
1340,0.787109375,1.9375,-0.18359375,0.25041288075779344,93,1712919035030
1340,0.935546875,1.826171875,-0.59765625,0.25041288075779344,28,1712919035030
1340,0.37890625,1.978515625,0.18359375,0.37561932113669017,25,1712919035030
1340,0.38671875,2.01953125,0.134765625,0.37561932113669017,27,1712919035030
1340,0.580078125,1.810546875,-0.798828125,-0.12520644037889672,16,1712919035030
1340,0.65625,1.876953125,-0.677734375,-0.12520644037889672,27,1712919035030
1340,0.66796875,1.91796875,-0.666015625,-0.12520644037889672,27,1712919035030
1340,0.748046875,1.927734375,-0.677734375,-0.12520644037889672,22,1712919035030
1340,0.267578125,1.8828125,0.9765625,0.0,21,1712919035030
1340,0.201171875,1.650390625,1.34375,0.12520644037889672,42,1712919035030
1340,0.201171875,1.89453125,0.97265625,0.25041288075779344,24,1712919035030
1341,0.486328125,1.884765625,-0.052734375,0.0,12,1712919035130
1341,0.49609375,1.921875,-0.0390625,0.0,45,1712919035130
1341,0.443359375,1.97265625,0.0546875,0.0,61,1712919035130
1341,0.837890625,1.748046875,-0.703125,0.0,54,1712919035130
1341,0.787109375,1.892578125,-0.458984375,0.0,109,1712919035130
1341,0.734375,1.96484375,-0.408203125,0.0,91,1712919035130
1341,0.748046875,2.00390625,-0.3984375,0.0,43,1712919035130
1341,0.546875,1.869140625,0.00390625,0.12520644037889672,21,1712919035130
1341,0.49609375,1.921875,0.06640625,0.12520644037889672,81,1712919035130
1341,0.443359375,1.96875,0.14453125,0.12520644037889672,128,1712919035130
1341,0.322265625,1.990234375,0.427734375,0.12520644037889672,114,1712919035130
1341,0.853515625,1.861328125,-0.46484375,0.12520644037889672,180,1712919035130
1341,0.80078125,1.94921875,-0.359375,0.12520644037889672,157,1712919035130
1341,0.748046875,2.021484375,-0.302734375,0.12520644037889672,86,1712919035130
1341,0.76171875,2.04296875,-0.388671875,0.12520644037889672,37,1712919035130
1341,0.49609375,1.9140625,0.171875,0.25041288075779344,50,1712919035130
1341,0.443359375,1.966796875,0.1640625,0.25041288075779344,109,1712919035130
1341,0.38671875,2.017578125,0.16796875,0.25041288075779344,160,1712919035130
1341,0.328125,2.064453125,0.197265625,0.25041288075779344,143,1712919035130
1341,0.333984375,2.091796875,0.28515625,0.25041288075779344,76,1712919035130
1341,0.748046875,2.015625,-0.337890625,0.25041288075779344,35,1712919035130
1341,0.443359375,1.96875,0.146484375,0.37561932113669017,35,1712919035130
1341,0.451171875,2.009765625,0.09765625,0.37561932113669017,90,1712919035130
1341,0.458984375,2.046875,0.078125,0.37561932113669017,105,1712919035130
1341,0.400390625,2.099609375,0.0546875,0.37561932113669017,56,1712919035130
1341,0.853515625,1.779296875,-0.71875,-0.12520644037889672,18,1712919035130
1341,0.80078125,1.923828125,-0.478515625,-0.12520644037889672,16,1712919035130
1341,0.193359375,1.9140625,0.7421875,0.0,34,1712919035130
1341,0.90234375,1.671875,-0.80078125,0.12520644037889672,96,1712919035130
1341,0.130859375,1.810546875,1.0546875,0.12520644037889672,91,1712919035130
1341,0.869140625,1.796875,-0.765625,0.25041288075779344,58,1712919035130
1341,-0.06640625,1.65625,1.2890625,-0.12520644037889672,10,1712919035130
1341,-0.06640625,1.62109375,1.392578125,-0.12520644037889672,12,1712919035130
1342,0.43359375,1.9375,-0.033203125,0.0,13,1712919035230
1342,0.443359375,1.962890625,0.20703125,0.0,19,1712919035230
1342,0.515625,1.9765625,-0.279296875,0.0,42,1712919035230
1342,0.525390625,2.009765625,-0.3125,0.0,91,1712919035230
1342,0.53515625,2.044921875,-0.32421875,0.0,86,1712919035230
1342,0.611328125,2.052734375,-0.380859375,0.0,42,1712919035230
1342,0.76171875,2.025390625,-0.46875,0.0,19,1712919035230
1342,3.0390625,0.0,2.75390625,0.0,17,1712919035230
1342,2.962890625,0.0,3.1015625,0.0,17,1712919035230
1342,0.43359375,1.935546875,0.072265625,0.12520644037889672,21,1712919035230
1342,0.37890625,1.974609375,0.220703125,0.12520644037889672,29,1712919035230
1342,0.451171875,2.0078125,-0.109375,0.12520644037889672,95,1712919035230
1342,0.525390625,2.02734375,-0.146484375,0.12520644037889672,201,1712919035230
1342,0.53515625,2.0625,-0.18359375,0.12520644037889672,190,1712919035230
1342,0.544921875,2.087890625,-0.275390625,0.12520644037889672,97,1712919035230
1342,0.69140625,2.0546875,-0.44921875,0.12520644037889672,42,1712919035230
1342,3.005859375,0.0,2.771484375,0.12520644037889672,24,1712919035230
1342,3.0390625,0.0,3.05859375,0.12520644037889672,33,1712919035230
1342,2.962890625,0.0,3.37890625,0.12520644037889672,33,1712919035230
1342,2.884765625,0.0,-3.408203125,0.12520644037889672,25,1712919035230
1342,0.451171875,2.01171875,0.015625,0.25041288075779344,87,1712919035230
1342,0.458984375,2.048828125,0.001953125,0.25041288075779344,172,1712919035230
1342,0.466796875,2.0859375,-0.015625,0.25041288075779344,153,1712919035230
1342,0.4765625,2.12109375,-0.07421875,0.25041288075779344,67,1712919035230
1342,0.623046875,2.107421875,-0.275390625,0.25041288075779344,18,1712919035230
1342,0.38671875,2.025390625,0.033203125,0.37561932113669017,25,1712919035230
1342,0.39453125,2.056640625,0.14453125,0.37561932113669017,41,1712919035230
1342,0.400390625,2.09375,0.166015625,0.37561932113669017,34,1712919035230
1342,0.458984375,1.7890625,-0.998046875,-0.12520644037889672,16,1712919035230
1342,0.6015625,1.943359375,-0.66015625,-0.12520644037889672,17,1712919035230
1342,0.748046875,1.78125,-1.001953125,-0.12520644037889672,18,1712919035230
1342,1.07421875,0.0,3.357421875,0.12520644037889672,14,1712919035230
1343,0.322265625,2.025390625,-0.21484375,0.0,24,1712919035331
1343,0.39453125,2.0625,-0.04296875,0.0,45,1712919035331
1343,0.466796875,2.080078125,-0.146484375,0.0,37,1712919035331
1343,0.748046875,1.94140625,-0.638671875,0.0,48,1712919035331
1343,0.76171875,1.97265625,-0.658203125,0.0,47,1712919035331
1343,0.7734375,2.001953125,-0.68359375,0.0,26,1712919035331
1343,3.11328125,0.0,2.375,0.0,16,1712919035331
1343,3.1484375,0.0,2.435546875,0.0,19,1712919035331
1343,0.49609375,1.91015625,0.220703125,0.12520644037889672,21,1712919035331
1343,0.443359375,1.958984375,0.244140625,0.12520644037889672,30,1712919035331
1343,0.38671875,2.01953125,-0.1484375,0.12520644037889672,40,1712919035331
1343,0.458984375,2.048828125,0.04296875,0.12520644037889672,93,1712919035331
1343,0.400390625,2.09765625,0.080078125,0.12520644037889672,82,1712919035331
1343,0.6796875,2.037109375,-0.349609375,0.12520644037889672,71,1712919035331
1343,0.76171875,2.021484375,-0.486328125,0.12520644037889672,76,1712919035331
1343,0.7734375,2.046875,-0.53125,0.12520644037889672,45,1712919035331
1343,3.11328125,0.0,2.673828125,0.12520644037889672,32,1712919035331
1343,3.1484375,0.0,2.681640625,0.12520644037889672,38,1712919035331
1343,0.38671875,2.017578125,-0.18359375,0.25041288075779344,28,1712919035331
1343,0.26171875,2.08203125,-0.04296875,0.25041288075779344,51,1712919035331
1343,0.935546875,1.072265625,-1.595703125,0.25041288075779344,53,1712919035331
1343,0.884765625,1.55078125,-1.244140625,0.25041288075779344,21,1712919035331
1343,0.69140625,2.078125,-0.318359375,0.25041288075779344,27,1712919035331
1343,0.703125,2.111328125,-0.341796875,0.25041288075779344,22,1712919035331
1343,0.787109375,1.86328125,-0.564453125,0.37561932113669017,33,1712919035331
1343,0.80078125,1.8984375,-0.568359375,0.37561932113669017,44,1712919035331
1343,0.748046875,1.953125,-0.599609375,0.37561932113669017,31,1712919035331
1343,0.734375,1.943359375,-0.50390625,-0.25041288075779344,19,1712919035331
1343,0.37890625,1.986328125,0.044921875,-0.12520644037889672,18,1712919035331
1343,0.787109375,1.91796875,-0.3359375,-0.12520644037889672,41,1712919035331
1343,0.734375,1.986328125,-0.287109375,-0.12520644037889672,44,1712919035331
1343,0.748046875,2.025390625,-0.265625,-0.12520644037889672,22,1712919035331
1343,-0.333984375,1.119140625,1.791015625,0.0,21,1712919035331
1343,1.181640625,0.6953125,-3.150390625,0.12520644037889672,18,1712919035331
1343,1.302734375,1.107421875,3.0234375,0.12520644037889672,21,1712919035331
1343,0.91796875,0.962890625,1.625,0.25041288075779344,49,1712919035331
1343,0.201171875,2.103515625,0.318359375,0.25041288075779344,44,1712919035331
1343,0.271484375,2.15234375,0.166015625,0.25041288075779344,19,1712919035331
1344,0.6015625,2.0234375,-0.333984375,0.0,20,1712919035431
1344,3.11328125,0.0,2.310546875,0.0,19,1712919035431
1344,3.1484375,0.0,2.333984375,0.0,24,1712919035431
1344,3.18359375,0.0,2.390625,0.0,15,1712919035431
1344,0.65625,1.98828125,-0.15625,0.12520644037889672,27,1712919035431
1344,0.6015625,2.041015625,-0.20703125,0.12520644037889672,38,1712919035431
1344,3.11328125,0.0,2.69140625,0.12520644037889672,34,1712919035431
1344,3.1484375,0.0,2.673828125,0.12520644037889672,43,1712919035431
1344,3.18359375,0.0,2.70703125,0.12520644037889672,26,1712919035431
1344,0.66796875,2.029296875,-0.0859375,0.25041288075779344,24,1712919035431
1344,0.6796875,2.0,-0.5234375,0.25041288075779344,22,1712919035431
1344,0.65625,1.927734375,-0.513671875,-0.12520644037889672,23,1712919035431
1344,0.734375,1.923828125,-0.572265625,-0.12520644037889672,23,1712919035431
1344,0.30078125,2.2734375,-0.72265625,-0.12520644037889672,26,1712919035431
1344,1.181640625,0.0,3.423828125,0.0,11,1712919035431
1344,1.0859375,0.7109375,-3.22265625,0.0,13,1712919035431
1344,1.09765625,1.87109375,-2.76171875,0.0,8,1712919035431
1344,1.07421875,0.990234375,-3.109375,0.12520644037889672,19,1712919035431
1344,1.193359375,0.0,-3.294921875,0.12520644037889672,24,1712919035431
1344,1.20703125,0.7421875,-3.212890625,0.12520644037889672,15,1712919035431
1345,0.787109375,1.91015625,-0.37890625,0.0,19,1712919035532
1345,0.80078125,1.904296875,-0.552734375,0.0,45,1712919035532
1345,0.748046875,1.951171875,-0.609375,0.0,50,1712919035532
1345,0.76171875,1.9765625,-0.646484375,0.0,25,1712919035532
1345,3.005859375,0.0,2.4765625,0.0,14,1712919035532
1345,3.1484375,0.0,2.408203125,0.0,28,1712919035532
1345,3.18359375,0.0,2.505859375,0.0,27,1712919035532
1345,0.708984375,1.93359375,-0.099609375,0.12520644037889672,31,1712919035532
1345,0.787109375,1.935546875,-0.20703125,0.12520644037889672,43,1712919035532
1345,0.80078125,1.935546875,-0.427734375,0.12520644037889672,69,1712919035532
1345,0.81640625,1.958984375,-0.484375,0.12520644037889672,85,1712919035532
1345,0.76171875,2.017578125,-0.50390625,0.12520644037889672,47,1712919035532
1345,3.005859375,0.0,2.703125,0.12520644037889672,25,1712919035532
1345,3.0390625,0.0,2.71875,0.12520644037889672,50,1712919035532
1345,3.072265625,0.0,2.849609375,0.12520644037889672,49,1712919035532
1345,3.107421875,0.0,3.1484375,0.12520644037889672,27,1712919035532
1345,0.787109375,1.943359375,-0.107421875,0.25041288075779344,17,1712919035532
1345,0.80078125,1.9609375,-0.28125,0.25041288075779344,39,1712919035532
1345,0.81640625,1.98046875,-0.37890625,0.25041288075779344,48,1712919035532
1345,0.69140625,2.072265625,-0.36328125,0.25041288075779344,26,1712919035532
1345,3.0390625,0.0,2.96875,0.25041288075779344,26,1712919035532
1345,3.072265625,0.0,3.064453125,0.25041288075779344,25,1712919035532
1345,0.64453125,1.9296875,-0.33203125,-0.12520644037889672,19,1712919035532
1345,0.72265625,1.91796875,-0.4609375,-0.12520644037889672,31,1712919035532
1345,0.734375,1.91796875,-0.59375,-0.12520644037889672,25,1712919035532
1345,-3.505859375,2.513671875,-0.0546875,-0.12520644037889672,20,1712919035532
1345,-3.53515625,2.529296875,-0.1875,-0.12520644037889672,28,1712919035532
1345,0.0,1.8515625,1.21484375,0.0,15,1712919035532
1345,1.20703125,1.359375,3.005859375,0.0,14,1712919035532
1345,0.06640625,1.208984375,1.76171875,0.12520644037889672,35,1712919035532
1345,-0.068359375,1.6953125,1.421875,0.12520644037889672,24,1712919035532
1345,1.193359375,0.0,-3.359375,0.12520644037889672,26,1712919035532
1345,0.06640625,0.240234375,2.083984375,0.25041288075779344,10,1712919035532
1345,1.20703125,0.189453125,3.29296875,0.25041288075779344,13,1712919035532
1346,0.568359375,1.931640625,-0.19921875,0.0,29,1712919035633
1346,0.708984375,1.91015625,-0.314453125,0.0,83,1712919035633
1346,0.72265625,1.935546875,-0.376953125,0.0,106,1712919035633
1346,0.66796875,1.99609375,-0.373046875,0.0,66,1712919035633
1346,0.4765625,2.115234375,-0.185546875,0.0,36,1712919035633
1346,3.0390625,0.0,2.458984375,0.0,27,1712919035633
1346,3.18359375,0.0,2.517578125,0.0,30,1712919035633
1346,3.107421875,0.0,2.595703125,0.0,19,1712919035633
1346,0.568359375,1.94140625,-0.04296875,0.12520644037889672,61,1712919035633
1346,0.64453125,1.955078125,-0.111328125,0.12520644037889672,160,1712919035633
1346,0.65625,1.98828125,-0.146484375,0.12520644037889672,198,1712919035633
1346,0.66796875,2.017578125,-0.2265625,0.12520644037889672,116,1712919035633
1346,0.4765625,2.12109375,-0.109375,0.12520644037889672,51,1712919035633
1346,3.0390625,0.0,2.6796875,0.12520644037889672,50,1712919035633
1346,3.18359375,0.0,2.64453125,0.12520644037889672,56,1712919035633
1346,3.107421875,0.0,2.78125,0.12520644037889672,34,1712919035633
1346,0.568359375,1.94140625,0.0390625,0.25041288075779344,29,1712919035633
1346,0.64453125,1.958984375,0.015625,0.25041288075779344,75,1712919035633
1346,0.65625,1.994140625,-0.017578125,0.25041288075779344,95,1712919035633
1346,0.66796875,2.02734375,-0.1015625,0.25041288075779344,55,1712919035633
1346,0.408203125,2.13671875,0.052734375,0.25041288075779344,20,1712919035633
1346,3.0390625,0.0,2.939453125,0.25041288075779344,24,1712919035633
1346,3.072265625,0.0,2.943359375,0.25041288075779344,27,1712919035633
1346,0.451171875,2.0078125,-0.12890625,-0.25041288075779344,27,1712919035633
1346,0.39453125,2.056640625,-0.158203125,-0.25041288075779344,42,1712919035633
1346,0.400390625,2.08984375,-0.203125,-0.25041288075779344,42,1712919035633
1346,0.4765625,2.07421875,-0.44921875,-0.25041288075779344,24,1712919035633
1346,0.37890625,1.98828125,-0.01171875,-0.12520644037889672,25,1712919035633
1346,0.38671875,2.025390625,-0.001953125,-0.12520644037889672,49,1712919035633
1346,0.328125,2.07421875,0.03125,-0.12520644037889672,59,1712919035633
1346,0.333984375,2.111328125,0.03515625,-0.12520644037889672,50,1712919035633
1346,0.4765625,2.056640625,-0.52734375,-0.12520644037889672,26,1712919035633
1346,1.0859375,1.044921875,3.130859375,0.12520644037889672,26,1712919035633
1346,1.20703125,1.5078125,2.93359375,0.25041288075779344,14,1712919035633
1347,0.43359375,1.935546875,-0.0703125,0.0,22,1712919035733
1347,0.505859375,1.955078125,-0.134765625,0.0,56,1712919035733
1347,0.515625,1.974609375,-0.294921875,0.0,68,1712919035733
1347,0.72265625,1.884765625,-0.58203125,0.0,52,1712919035733
1347,0.869140625,1.8203125,-0.708984375,0.0,53,1712919035733
1347,0.748046875,1.990234375,-0.458984375,0.0,50,1712919035733
1347,0.43359375,1.9375,0.029296875,0.12520644037889672,41,1712919035733
1347,0.505859375,1.958984375,-0.01953125,0.12520644037889672,108,1712919035733
1347,0.515625,1.99609375,-0.052734375,0.12520644037889672,143,1712919035733
1347,0.58984375,2.005859375,-0.19140625,0.12520644037889672,125,1712919035733
1347,0.734375,1.96484375,-0.416015625,0.12520644037889672,122,1712919035733
1347,0.748046875,1.99609375,-0.439453125,0.12520644037889672,117,1712919035733
1347,0.76171875,2.0078125,-0.5390625,0.12520644037889672,63,1712919035733
1347,3.072265625,0.0,2.94140625,0.12520644037889672,28,1712919035733
1347,0.43359375,1.93359375,0.126953125,0.25041288075779344,40,1712919035733
1347,0.505859375,1.955078125,0.1328125,0.25041288075779344,109,1712919035733
1347,0.451171875,2.005859375,0.150390625,0.25041288075779344,149,1712919035733
1347,0.458984375,2.041015625,0.185546875,0.25041288075779344,123,1712919035733
1347,0.466796875,2.076171875,0.19921875,0.25041288075779344,85,1712919035733
1347,0.6796875,2.056640625,-0.205078125,0.25041288075779344,66,1712919035733
1347,0.443359375,1.966796875,0.171875,0.37561932113669017,47,1712919035733
1347,0.515625,1.990234375,0.154296875,0.37561932113669017,82,1712919035733
1347,0.458984375,2.04296875,0.142578125,0.37561932113669017,81,1712919035733
1347,0.53515625,2.06640625,0.126953125,0.37561932113669017,54,1712919035733
1347,0.4765625,2.11328125,0.19921875,0.37561932113669017,30,1712919035733
1347,0.458984375,2.03515625,0.23046875,0.5008257615155869,24,1712919035733
1347,0.53515625,2.064453125,0.158203125,0.5008257615155869,25,1712919035733
1347,0.322265625,2.03515625,-0.08984375,-0.37561932113669017,46,1712919035733
1347,0.328125,2.072265625,-0.09765625,-0.37561932113669017,70,1712919035733
1347,0.267578125,2.12109375,-0.046875,-0.37561932113669017,50,1712919035733
1347,0.13671875,2.16015625,0.21484375,-0.37561932113669017,16,1712919035733
1347,0.31640625,1.998046875,0.05859375,-0.25041288075779344,32,1712919035733
1347,0.322265625,2.03515625,0.05078125,-0.25041288075779344,75,1712919035733
1347,0.328125,2.07421875,0.033203125,-0.25041288075779344,88,1712919035733
1347,0.267578125,2.12109375,0.005859375,-0.25041288075779344,52,1712919035733
1347,0.748046875,1.7265625,-1.09375,-0.25041288075779344,42,1712919035733
1347,0.69140625,1.84375,-1.01171875,-0.25041288075779344,36,1712919035733
1347,0.6328125,1.9453125,-0.943359375,-0.25041288075779344,23,1712919035733
1347,0.31640625,1.984375,0.23828125,-0.12520644037889672,30,1712919035733
1347,0.322265625,2.025390625,0.21484375,-0.12520644037889672,54,1712919035733
1347,0.328125,2.072265625,0.0859375,-0.12520644037889672,67,1712919035733
1347,0.400390625,2.083984375,-0.255859375,-0.12520644037889672,59,1712919035733
1347,0.544921875,1.958984375,-0.775390625,-0.12520644037889672,55,1712919035733
1347,0.623046875,1.9140625,-0.921875,-0.12520644037889672,46,1712919035733
1347,-0.06640625,1.5625,1.40234375,0.0,32,1712919035733
1347,0.1328125,1.939453125,0.888671875,0.0,45,1712919035733
1347,0.203125,2.02734375,0.76171875,0.0,40,1712919035733
1347,0.55859375,1.904296875,0.017578125,0.12520644037889672,41,1712919035733
1347,1.09765625,2.322265625,2.396484375,0.12520644037889672,15,1712919035733
1347,0.81640625,1.45703125,-1.39453125,-0.37561932113669017,13,1712919035733
1347,0.80078125,1.587890625,-1.185546875,-0.25041288075779344,36,1712919035733
1348,0.443359375,1.970703125,-0.123046875,0.0,36,1712919035833
1348,0.451171875,2.0078125,-0.115234375,0.0,84,1712919035833
1348,0.458984375,2.04296875,-0.150390625,0.0,97,1712919035833
1348,0.466796875,2.080078125,-0.1484375,0.0,58,1712919035833
1348,0.544921875,2.091796875,-0.244140625,0.0,29,1712919035833
1348,0.69140625,2.03515625,-0.533203125,0.0,32,1712919035833
1348,0.294921875,2.333984375,-0.2578125,0.0,32,1712919035833
1348,0.30078125,2.357421875,-0.375,0.0,44,1712919035833
1348,0.3046875,2.38671875,-0.42578125,0.0,31,1712919035833
1348,3.18359375,0.0,2.52734375,0.0,21,1712919035833
1348,0.443359375,1.97265625,-0.083984375,0.12520644037889672,58,1712919035833
1348,0.515625,1.98828125,-0.17578125,0.12520644037889672,120,1712919035833
1348,0.525390625,2.021484375,-0.216796875,0.12520644037889672,135,1712919035833
1348,0.466796875,2.078125,-0.173828125,0.12520644037889672,74,1712919035833
1348,0.951171875,1.775390625,-0.822265625,0.12520644037889672,27,1712919035833
1348,0.76171875,1.99609375,-0.583984375,0.12520644037889672,65,1712919035833
1348,0.703125,2.06640625,-0.552734375,0.12520644037889672,60,1712919035833
1348,0.71484375,2.095703125,-0.5859375,0.12520644037889672,31,1712919035833
1348,3.072265625,0.0,2.673828125,0.12520644037889672,37,1712919035833
1348,0.505859375,1.958984375,0.03515625,0.25041288075779344,41,1712919035833
1348,0.515625,1.99609375,0.00390625,0.25041288075779344,96,1712919035833
1348,0.525390625,2.033203125,-0.017578125,0.25041288075779344,107,1712919035833
1348,0.6015625,2.046875,-0.126953125,0.25041288075779344,65,1712919035833
1348,0.748046875,2.00390625,-0.40234375,0.25041288075779344,61,1712919035833
1348,0.76171875,2.009765625,-0.537109375,0.25041288075779344,50,1712919035833
1348,0.703125,2.07421875,-0.52734375,0.25041288075779344,33,1712919035833
1348,0.515625,1.98828125,0.166015625,0.37561932113669017,28,1712919035833
1348,0.525390625,2.025390625,0.16796875,0.37561932113669017,34,1712919035833
1348,0.734375,2.005859375,-0.0546875,0.37561932113669017,43,1712919035833
1348,0.6796875,2.064453125,-0.0859375,0.37561932113669017,49,1712919035833
1348,0.69140625,2.09765625,-0.16015625,0.37561932113669017,31,1712919035833
1348,0.37890625,1.986328125,-0.048828125,-0.25041288075779344,17,1712919035833
1348,0.38671875,2.021484375,-0.125,-0.25041288075779344,48,1712919035833
1348,0.458984375,2.03515625,-0.23046875,-0.25041288075779344,57,1712919035833
1348,0.466796875,2.0390625,-0.4375,-0.25041288075779344,33,1712919035833
1348,0.369140625,2.26953125,-0.560546875,-0.25041288075779344,31,1712919035833
1348,0.375,2.291015625,-0.62890625,-0.25041288075779344,44,1712919035833
1348,0.3046875,2.349609375,-0.59375,-0.25041288075779344,31,1712919035833
1348,0.31640625,1.98828125,0.205078125,-0.12520644037889672,27,1712919035833
1348,0.322265625,2.03515625,0.08984375,-0.12520644037889672,85,1712919035833
1348,0.328125,2.072265625,0.0546875,-0.12520644037889672,99,1712919035833
1348,0.400390625,2.09765625,-0.09765625,-0.12520644037889672,54,1712919035833
1348,0.4765625,2.0,-0.7109375,-0.12520644037889672,30,1712919035833
1348,0.484375,1.962890625,-0.904296875,-0.12520644037889672,35,1712919035833
1348,0.36328125,2.244140625,-0.505859375,-0.12520644037889672,28,1712919035833
1348,0.294921875,2.30859375,-0.4296875,-0.12520644037889672,60,1712919035833
1348,0.375,2.322265625,-0.5,-0.12520644037889672,84,1712919035833
1348,0.3046875,2.369140625,-0.513671875,-0.12520644037889672,58,1712919035833
1348,1.09765625,0.0,3.37109375,0.0,11,1712919035833
1348,0.13671875,1.927734375,1.0,0.12520644037889672,18,1712919035833
1348,1.09765625,0.0,-3.47265625,0.12520644037889672,22,1712919035833
1349,0.505859375,1.958984375,-0.0234375,0.0,33,1712919035933
1349,0.580078125,1.96484375,-0.2265625,0.0,101,1712919035933
1349,0.58984375,1.994140625,-0.2890625,0.0,158,1712919035933
1349,0.6015625,2.029296875,-0.296875,0.0,129,1712919035933
1349,0.544921875,2.056640625,-0.45703125,0.0,52,1712919035933
1349,0.69140625,2.021484375,-0.58203125,0.0,22,1712919035933
1349,0.369140625,2.32421875,-0.2578125,0.0,33,1712919035933
1349,0.30078125,2.375,-0.236328125,0.0,31,1712919035933
1349,3.072265625,0.0,2.576171875,0.0,26,1712919035933
1349,3.107421875,0.0,2.556640625,0.0,18,1712919035933
1349,0.7578125,1.8046875,-0.513671875,0.12520644037889672,27,1712919035933
1349,0.580078125,1.958984375,-0.27734375,0.12520644037889672,128,1712919035933
1349,0.58984375,1.998046875,-0.255859375,0.12520644037889672,223,1712919035933
1349,0.6015625,2.03515625,-0.26171875,0.12520644037889672,182,1712919035933
1349,0.611328125,2.05859375,-0.353515625,0.12520644037889672,68,1712919035933
1349,3.0390625,0.0,2.771484375,0.12520644037889672,34,1712919035933
1349,3.072265625,0.0,2.751953125,0.12520644037889672,51,1712919035933
1349,3.216796875,0.0,2.82421875,0.12520644037889672,38,1712919035933
1349,0.580078125,1.96875,-0.1953125,0.25041288075779344,70,1712919035933
1349,0.58984375,2.0,-0.248046875,0.25041288075779344,102,1712919035933
1349,0.6015625,2.029296875,-0.296875,0.25041288075779344,93,1712919035933
1349,0.6796875,2.0234375,-0.419921875,0.25041288075779344,63,1712919035933
1349,0.830078125,1.93359375,-0.69140625,0.25041288075779344,39,1712919035933
1349,0.84375,1.90234375,-0.859375,0.25041288075779344,20,1712919035933
1349,3.072265625,0.0,3.0,0.25041288075779344,25,1712919035933
1349,0.458984375,1.998046875,0.453125,0.37561932113669017,22,1712919035933
1349,0.81640625,1.958984375,-0.484375,0.37561932113669017,27,1712919035933
1349,0.76171875,2.037109375,-0.419921875,0.37561932113669017,31,1712919035933
1349,0.7734375,2.046875,-0.533203125,0.37561932113669017,16,1712919035933
1349,0.443359375,1.97265625,-0.05859375,-0.25041288075779344,26,1712919035933
1349,0.38671875,2.0234375,-0.056640625,-0.25041288075779344,50,1712919035933
1349,0.39453125,2.0625,-0.0078125,-0.25041288075779344,45,1712919035933
1349,0.4375,2.232421875,-0.498046875,-0.25041288075779344,36,1712919035933
1349,0.369140625,2.27734375,-0.52734375,-0.25041288075779344,57,1712919035933
1349,0.375,2.306640625,-0.56640625,-0.25041288075779344,57,1712919035933
1349,0.3046875,2.333984375,-0.654296875,-0.25041288075779344,32,1712919035933
1349,0.443359375,1.974609375,0.015625,-0.12520644037889672,63,1712919035933
1349,0.38671875,2.025390625,0.041015625,-0.12520644037889672,118,1712919035933
1349,0.39453125,2.05859375,0.130859375,-0.12520644037889672,107,1712919035933
1349,0.400390625,2.0703125,0.353515625,-0.12520644037889672,55,1712919035933
1349,0.4765625,1.93359375,-0.87890625,-0.12520644037889672,39,1712919035933
1349,0.36328125,2.275390625,-0.341796875,-0.12520644037889672,44,1712919035933
1349,0.369140625,2.3046875,-0.396484375,-0.12520644037889672,69,1712919035933
1349,0.375,2.33203125,-0.44921875,-0.12520644037889672,68,1712919035933
1349,0.3046875,2.37109375,-0.505859375,-0.12520644037889672,38,1712919035933
1349,1.20703125,3.109375,-1.09765625,0.0,19,1712919035933
1349,1.220703125,3.28125,-0.5859375,0.0,14,1712919035933
1349,0.0,1.544921875,1.30859375,0.12520644037889672,15,1712919035933
1349,1.0859375,0.0,-3.37890625,0.12520644037889672,20,1712919035933
1349,1.09765625,3.126953125,1.166015625,0.12520644037889672,32,1712919035933
1349,1.109375,3.373046875,0.015625,0.12520644037889672,23,1712919035933
1349,0.0,1.736328125,1.375,0.25041288075779344,20,1712919035933
1349,-0.0703125,1.634765625,1.548828125,0.25041288075779344,12,1712919035933
1349,1.09765625,3.29296875,-0.53125,0.25041288075779344,17,1712919035933
1349,-0.0703125,1.6015625,1.58203125,0.37561932113669017,10,1712919035933
1350,0.568359375,1.921875,-0.279296875,0.0,18,1712919036034
1350,0.580078125,1.923828125,-0.4609375,0.0,75,1712919036034
1350,0.58984375,1.935546875,-0.5625,0.0,145,1712919036034
1350,0.6015625,1.9453125,-0.6484375,0.0,135,1712919036034
1350,0.544921875,1.994140625,-0.681640625,0.0,59,1712919036034
1350,0.416015625,2.04296875,-0.748046875,0.0,19,1712919036034
1350,0.4921875,2.06640625,-0.748046875,0.0,24,1712919036034
1350,0.36328125,2.28125,-0.291015625,0.0,30,1712919036034
1350,0.294921875,2.330078125,-0.30078125,0.0,51,1712919036034
1350,0.30078125,2.361328125,-0.345703125,0.0,47,1712919036034
1350,3.40234375,0.0,1.53125,0.0,28,1712919036034
1350,-3.439453125,0.0,1.27734375,0.0,30,1712919036034
1350,2.69140625,0.0,-2.779296875,0.0,25,1712919036034
1350,2.720703125,0.0,-3.21484375,0.0,15,1712919036034
1350,0.49609375,1.919921875,0.091796875,0.12520644037889672,22,1712919036034
1350,0.505859375,1.95703125,0.099609375,0.12520644037889672,85,1712919036034
1350,0.515625,1.994140625,-0.076171875,0.12520644037889672,183,1712919036034
1350,0.525390625,2.01171875,-0.2890625,0.12520644037889672,271,1712919036034
1350,0.53515625,2.025390625,-0.427734375,0.12520644037889672,251,1712919036034
1350,0.611328125,2.017578125,-0.537109375,0.12520644037889672,128,1712919036034
1350,0.623046875,2.037109375,-0.60546875,0.12520644037889672,59,1712919036034
1350,0.6328125,2.013671875,-0.78515625,0.12520644037889672,46,1712919036034
1350,0.572265625,2.05078125,-0.845703125,0.12520644037889672,30,1712919036034
1350,3.0390625,0.0,2.498046875,0.12520644037889672,37,1712919036034
1350,3.072265625,0.0,2.548828125,0.12520644037889672,73,1712919036034
1350,3.107421875,0.0,2.58984375,0.12520644037889672,78,1712919036034
1350,3.140625,0.0,2.626953125,0.12520644037889672,48,1712919036034
1350,0.443359375,1.966796875,0.17578125,0.25041288075779344,39,1712919036034
1350,0.451171875,2.01171875,0.044921875,0.25041288075779344,89,1712919036034
1350,0.525390625,2.02734375,-0.146484375,0.25041288075779344,118,1712919036034
1350,0.53515625,2.05078125,-0.283203125,0.25041288075779344,100,1712919036034
1350,0.748046875,2.009765625,-0.365234375,0.25041288075779344,96,1712919036034
1350,0.76171875,2.029296875,-0.44921875,0.25041288075779344,107,1712919036034
1350,0.703125,2.0859375,-0.474609375,0.25041288075779344,79,1712919036034
1350,0.64453125,2.15625,-0.42578125,0.25041288075779344,33,1712919036034
1350,3.072265625,0.0,2.83984375,0.25041288075779344,42,1712919036034
1350,3.107421875,0.0,2.81640625,0.25041288075779344,43,1712919036034
1350,0.58984375,1.96875,0.427734375,0.37561932113669017,30,1712919036034
1350,0.6015625,2.041015625,0.208984375,0.37561932113669017,34,1712919036034
1350,0.81640625,1.97265625,-0.421875,0.37561932113669017,50,1712919036034
1350,0.76171875,2.0390625,-0.40625,0.37561932113669017,74,1712919036034
1350,0.703125,2.109375,-0.35546875,0.37561932113669017,48,1712919036034
1350,0.369140625,2.146484375,-0.923828125,-0.37561932113669017,27,1712919036034
1350,0.30078125,2.185546875,-0.958984375,-0.37561932113669017,28,1712919036034
1350,0.505859375,1.955078125,-0.125,-0.25041288075779344,26,1712919036034
1350,0.515625,1.984375,-0.21484375,-0.25041288075779344,44,1712919036034
1350,0.458984375,2.029296875,-0.28515625,-0.25041288075779344,40,1712919036034
1350,0.53515625,2.0234375,-0.43359375,-0.25041288075779344,24,1712919036034
1350,0.36328125,2.197265625,-0.681640625,-0.25041288075779344,43,1712919036034
1350,0.369140625,2.236328125,-0.6796875,-0.25041288075779344,89,1712919036034
1350,0.375,2.259765625,-0.732421875,-0.25041288075779344,88,1712919036034
1350,0.3046875,2.296875,-0.7734375,-0.25041288075779344,41,1712919036034
1350,2.853515625,0.0,3.38671875,-0.25041288075779344,30,1712919036034
1350,2.884765625,0.0,-3.544921875,-0.25041288075779344,54,1712919036034
1350,2.916015625,0.0,3.568359375,-0.25041288075779344,48,1712919036034
1350,2.947265625,0.0,-3.603515625,-0.25041288075779344,22,1712919036034
1350,0.505859375,1.95703125,-0.078125,-0.12520644037889672,67,1712919036034
1350,0.515625,1.9921875,-0.1171875,-0.12520644037889672,114,1712919036034
1350,0.525390625,2.0234375,-0.1875,-0.12520644037889672,105,1712919036034
1350,0.466796875,2.060546875,-0.322265625,-0.12520644037889672,58,1712919036034
1350,0.36328125,2.255859375,-0.453125,-0.12520644037889672,57,1712919036034
1350,0.369140625,2.28515625,-0.49609375,-0.12520644037889672,108,1712919036034
1350,0.375,2.310546875,-0.5546875,-0.12520644037889672,101,1712919036034
1350,0.3046875,2.349609375,-0.59765625,-0.12520644037889672,45,1712919036034
1351,0.505859375,1.95703125,-0.0703125,0.0,20,1712919036134
1351,0.451171875,2.009765625,-0.09765625,0.0,40,1712919036134
1351,0.525390625,2.017578125,-0.244140625,0.0,61,1712919036134
1351,0.6015625,2.037109375,-0.25,0.0,80,1712919036134
1351,0.544921875,2.095703125,-0.224609375,0.0,77,1712919036134
1351,0.552734375,2.138671875,-0.154296875,0.0,48,1712919036134
1351,0.287109375,2.26953125,-0.1171875,0.0,30,1712919036134
1351,0.291015625,2.296875,-0.2421875,0.0,81,1712919036134
1351,0.294921875,2.328125,-0.3125,0.0,108,1712919036134
1351,0.30078125,2.361328125,-0.34375,0.0,70,1712919036134
1351,3.072265625,0.0,2.865234375,0.0,44,1712919036134
1351,2.99609375,0.0,2.9296875,0.0,52,1712919036134
1351,3.02734375,0.0,2.95703125,0.0,32,1712919036134
1351,0.505859375,1.958984375,-0.00390625,0.12520644037889672,19,1712919036134
1351,0.451171875,2.01171875,0.025390625,0.12520644037889672,41,1712919036134
1351,0.525390625,2.033203125,0.0390625,0.12520644037889672,74,1712919036134
1351,0.53515625,2.068359375,0.0703125,0.12520644037889672,104,1712919036134
1351,0.544921875,2.10546875,0.09375,0.12520644037889672,90,1712919036134
1351,0.484375,2.13671875,0.32421875,0.12520644037889672,47,1712919036134
1351,3.072265625,0.0,2.75390625,0.12520644037889672,68,1712919036134
1351,3.107421875,0.0,2.7890625,0.12520644037889672,76,1712919036134
1351,3.02734375,0.0,2.845703125,0.12520644037889672,45,1712919036134
1351,0.58984375,1.5,1.345703125,0.25041288075779344,21,1712919036134
1351,0.333984375,1.8671875,0.986328125,0.25041288075779344,26,1712919036134
1351,0.203125,1.9453125,0.951171875,0.25041288075779344,25,1712919036134
1351,0.900390625,1.779296875,-0.962890625,0.25041288075779344,20,1712919036134
1351,0.84375,2.001953125,-0.591796875,0.25041288075779344,18,1712919036134
1351,0.71484375,2.07421875,-0.65625,0.25041288075779344,36,1712919036134
1351,0.654296875,2.08984375,-0.794921875,0.25041288075779344,37,1712919036134
1351,2.962890625,0.0,2.93359375,0.25041288075779344,34,1712919036134
1351,2.99609375,0.0,2.998046875,0.25041288075779344,37,1712919036134
1351,0.525390625,1.9921875,-0.40625,0.37561932113669017,23,1712919036134
1351,0.6015625,1.97265625,-0.5625,0.37561932113669017,35,1712919036134
1351,0.6796875,1.998046875,-0.533203125,0.37561932113669017,40,1712919036134
1351,0.623046875,2.01953125,-0.66015625,0.37561932113669017,26,1712919036134
1351,0.6328125,2.080078125,-0.58984375,0.37561932113669017,28,1712919036134
1351,0.71484375,2.12109375,-0.486328125,0.37561932113669017,53,1712919036134
1351,0.728515625,2.1484375,-0.5234375,0.37561932113669017,49,1712919036134
1351,0.740234375,2.17578125,-0.568359375,0.37561932113669017,27,1712919036134
1351,0.64453125,2.166015625,-0.37890625,0.5008257615155869,29,1712919036134
1351,0.728515625,2.189453125,-0.322265625,0.5008257615155869,29,1712919036134
1351,0.287109375,2.1640625,-0.693359375,-0.37561932113669017,24,1712919036134
1351,0.36328125,2.173828125,-0.751953125,-0.37561932113669017,56,1712919036134
1351,0.294921875,2.224609375,-0.75390625,-0.37561932113669017,59,1712919036134
1351,0.224609375,2.28515625,-0.71484375,-0.37561932113669017,29,1712919036134
1351,0.357421875,2.212890625,-0.474609375,-0.25041288075779344,56,1712919036134
1351,0.36328125,2.228515625,-0.56640625,-0.25041288075779344,156,1712919036134
1351,0.294921875,2.26953125,-0.603515625,-0.25041288075779344,187,1712919036134
1351,0.375,2.279296875,-0.669921875,-0.25041288075779344,114,1712919036134
1351,0.3046875,2.333984375,-0.65625,-0.25041288075779344,33,1712919036134
1351,0.451171875,2.01171875,-0.05078125,-0.12520644037889672,22,1712919036134
1351,0.458984375,2.044921875,-0.11328125,-0.12520644037889672,28,1712919036134
1351,0.466796875,2.08203125,-0.140625,-0.12520644037889672,31,1712919036134
1351,0.4765625,2.1171875,-0.158203125,-0.12520644037889672,31,1712919036134
1351,0.416015625,2.16015625,-0.25,-0.12520644037889672,32,1712919036134
1351,0.287109375,2.251953125,-0.310546875,-0.12520644037889672,58,1712919036134
1351,0.36328125,2.259765625,-0.42578125,-0.12520644037889672,175,1712919036134
1351,0.294921875,2.30078125,-0.466796875,-0.12520644037889672,224,1712919036134
1351,0.30078125,2.33203125,-0.509765625,-0.12520644037889672,142,1712919036134
1351,0.3046875,2.369140625,-0.51171875,-0.12520644037889672,43,1712919036134
1351,2.884765625,0.0,-3.115234375,-0.12520644037889672,24,1712919036134
1351,1.109375,2.0078125,2.708984375,0.12520644037889672,40,1712919036134
1351,1.12109375,2.634765625,2.162109375,0.12520644037889672,24,1712919036134
1351,-0.525390625,1.669921875,1.16015625,0.25041288075779344,12,1712919036134
1352,0.568359375,1.9375,-0.115234375,0.0,50,1712919036235
1352,0.580078125,1.97265625,-0.142578125,0.0,106,1712919036235
1352,0.525390625,2.029296875,-0.1328125,0.0,103,1712919036235
1352,0.466796875,1.97265625,-0.6796875,0.0,66,1712919036235
1352,0.4765625,1.931640625,-0.8828125,0.0,39,1712919036235
1352,0.484375,1.916015625,-0.998046875,0.0,24,1712919036235
1352,0.3515625,2.091796875,-0.759765625,0.0,31,1712919036235
1352,0.287109375,2.232421875,-0.42578125,0.0,32,1712919036235
1352,0.21875,2.30859375,-0.216796875,0.0,24,1712919036235
1352,0.443359375,2.296875,-0.365234375,0.0,26,1712919036235
1352,0.375,2.302734375,-0.5859375,0.0,19,1712919036235
1352,0.568359375,1.94140625,0.00390625,0.12520644037889672,94,1712919036235
1352,0.580078125,1.978515625,-0.009765625,0.12520644037889672,201,1712919036235
1352,0.525390625,2.033203125,0.013671875,0.12520644037889672,193,1712919036235
1352,0.400390625,2.00390625,-0.62890625,0.12520644037889672,129,1712919036235
1352,0.4765625,1.998046875,-0.720703125,0.12520644037889672,97,1712919036235
1352,0.484375,2.021484375,-0.765625,0.12520644037889672,66,1712919036235
1352,0.421875,2.087890625,-0.734375,0.12520644037889672,53,1712919036235
1352,0.4296875,2.181640625,-0.552734375,0.12520644037889672,30,1712919036235
1352,3.107421875,0.0,2.6953125,0.12520644037889672,26,1712919036235
1352,0.568359375,1.935546875,0.140625,0.25041288075779344,46,1712919036235
1352,0.580078125,1.970703125,0.16796875,0.25041288075779344,101,1712919036235
1352,0.525390625,1.962890625,0.52734375,0.25041288075779344,83,1712919036235
1352,0.333984375,1.755859375,-1.173828125,0.25041288075779344,42,1712919036235
1352,0.544921875,2.060546875,-0.4375,0.25041288075779344,73,1712919036235
1352,0.623046875,2.099609375,-0.330078125,0.25041288075779344,54,1712919036235
1352,3.107421875,0.0,2.755859375,0.25041288075779344,33,1712919036235
1352,3.140625,0.0,2.654296875,0.25041288075779344,26,1712919036235
1352,0.58984375,1.99609375,0.275390625,0.37561932113669017,23,1712919036235
1352,0.6015625,2.05078125,-0.033203125,0.37561932113669017,26,1712919036235
1352,0.611328125,2.07421875,-0.244140625,0.37561932113669017,40,1712919036235
1352,0.69140625,2.103515625,-0.046875,0.37561932113669017,29,1712919036235
1352,0.7734375,2.05078125,-0.517578125,0.37561932113669017,26,1712919036235
1352,0.787109375,2.080078125,-0.55078125,0.37561932113669017,81,1712919036235
1352,0.80078125,2.115234375,-0.5546875,0.37561932113669017,80,1712919036235
1352,0.7734375,2.078125,-0.392578125,0.5008257615155869,35,1712919036235
1352,0.787109375,2.111328125,-0.408203125,0.5008257615155869,84,1712919036235
1352,0.80078125,2.14453125,-0.423828125,0.5008257615155869,87,1712919036235
1352,0.740234375,2.208984375,-0.41796875,0.5008257615155869,51,1712919036235
1352,0.80078125,2.185546875,-0.07421875,0.6260322018944836,19,1712919036235
1352,0.287109375,2.23046875,-0.435546875,-0.37561932113669017,20,1712919036235
1352,0.291015625,2.2109375,-0.673828125,-0.37561932113669017,28,1712919036235
1352,0.294921875,2.193359375,-0.83984375,-0.37561932113669017,22,1712919036235
1352,0.28125,2.20703125,-0.34765625,-0.25041288075779344,26,1712919036235
1352,0.287109375,2.2265625,-0.45703125,-0.25041288075779344,68,1712919036235
1352,0.291015625,2.244140625,-0.546875,-0.25041288075779344,82,1712919036235
1352,0.22265625,2.2890625,-0.560546875,-0.25041288075779344,50,1712919036235
1352,0.150390625,2.298828125,-0.69140625,-0.25041288075779344,19,1712919036235
1352,0.58984375,1.96484375,-0.447265625,-0.12520644037889672,24,1712919036235
1352,0.53515625,1.998046875,-0.54296875,-0.12520644037889672,31,1712919036235
1352,0.544921875,2.015625,-0.615234375,-0.12520644037889672,38,1712919036235
1352,0.416015625,2.107421875,-0.541015625,-0.12520644037889672,33,1712919036235
1352,0.28125,2.22265625,-0.23046875,-0.12520644037889672,27,1712919036235
1352,0.287109375,2.248046875,-0.333984375,-0.12520644037889672,60,1712919036235
1352,0.21875,2.29296875,-0.33984375,-0.12520644037889672,58,1712919036235
1352,0.294921875,2.310546875,-0.416015625,-0.12520644037889672,39,1712919036235
1352,0.30078125,2.283203125,-0.69140625,-0.12520644037889672,28,1712919036235
1352,-0.33984375,1.708984375,1.3046875,0.0,21,1712919036235
1352,-0.345703125,1.890625,1.099609375,0.0,16,1712919036235
1352,-0.421875,1.783203125,1.310546875,0.0,16,1712919036235
1352,-0.501953125,1.71484375,1.43359375,0.12520644037889672,17,1712919036235
1352,-0.072265625,0.689453125,2.22265625,0.6260322018944836,10,1712919036235
1352,-0.67578125,1.287109375,1.916015625,-0.25041288075779344,11,1712919036235
1353,0.568359375,1.93359375,-0.177734375,0.0,47,1712919036337
1353,0.580078125,1.966796875,-0.205078125,0.0,116,1712919036337
1353,0.58984375,2.005859375,-0.189453125,0.0,137,1712919036337
1353,0.53515625,2.06640625,-0.1328125,0.0,92,1712919036337
1353,0.4765625,2.09765625,0.33203125,0.0,46,1712919036337
1353,0.416015625,1.013671875,1.923828125,0.0,28,1712919036337
1353,0.3515625,1.8359375,-1.2578125,0.0,38,1712919036337
1353,0.287109375,2.1484375,-0.744140625,0.0,49,1712919036337
1353,0.21875,2.259765625,-0.515625,0.0,39,1712919036337
1353,0.1484375,2.34765625,-0.259765625,0.0,16,1712919036337
1353,0.55859375,1.900390625,-0.14453125,0.12520644037889672,17,1712919036337
1353,0.568359375,1.94140625,-0.064453125,0.12520644037889672,120,1712919036337
1353,0.580078125,1.9765625,-0.0703125,0.12520644037889672,297,1712919036337
1353,0.58984375,2.013671875,-0.078125,0.12520644037889672,357,1712919036337
1353,0.53515625,2.068359375,-0.060546875,0.12520644037889672,249,1712919036337
1353,0.611328125,2.087890625,0.064453125,0.12520644037889672,136,1712919036337
1353,0.623046875,2.05078125,0.556640625,0.12520644037889672,55,1712919036337
1353,0.28125,1.275390625,-1.8359375,0.12520644037889672,39,1712919036337
1353,0.501953125,1.890625,-1.193359375,0.12520644037889672,45,1712919036337
1353,0.568359375,1.94140625,0.0546875,0.25041288075779344,122,1712919036337
1353,0.515625,1.994140625,0.072265625,0.25041288075779344,302,1712919036337
1353,0.525390625,2.03125,0.0625,0.25041288075779344,367,1712919036337
1353,0.6015625,2.05078125,-0.005859375,0.25041288075779344,266,1712919036337
1353,0.611328125,2.087890625,-0.013671875,0.25041288075779344,167,1712919036337
1353,0.69140625,2.103515625,0.013671875,0.25041288075779344,98,1712919036337
1353,0.7734375,2.08984375,-0.330078125,0.25041288075779344,72,1712919036337
1353,0.71484375,2.103515625,-0.552734375,0.25041288075779344,67,1712919036337
1353,0.58203125,2.177734375,-0.5859375,0.25041288075779344,26,1712919036337
1353,0.751953125,2.189453125,-0.650390625,0.25041288075779344,32,1712919036337
1353,0.763671875,2.23046875,-0.640625,0.25041288075779344,33,1712919036337
1353,3.216796875,0.0,2.72265625,0.25041288075779344,34,1712919036337
1353,3.140625,0.0,2.859375,0.25041288075779344,49,1712919036337
1353,3.173828125,0.0,2.953125,0.25041288075779344,39,1712919036337
1353,0.568359375,1.93359375,0.177734375,0.37561932113669017,40,1712919036337
1353,0.580078125,1.970703125,0.177734375,0.37561932113669017,99,1712919036337
1353,0.58984375,2.009765625,0.15625,0.37561932113669017,123,1712919036337
1353,0.6015625,2.05078125,0.072265625,0.37561932113669017,103,1712919036337
1353,0.611328125,2.087890625,0.0,0.37561932113669017,82,1712919036337
1353,0.69140625,2.103515625,-0.0390625,0.37561932113669017,76,1712919036337
1353,0.703125,2.130859375,-0.197265625,0.37561932113669017,94,1712919036337
1353,0.71484375,2.158203125,-0.283203125,0.37561932113669017,79,1712919036337
1353,0.654296875,2.203125,-0.37109375,0.37561932113669017,31,1712919036337
1353,0.814453125,2.095703125,-0.740234375,0.37561932113669017,30,1712919036337
1353,0.751953125,2.181640625,-0.677734375,0.37561932113669017,44,1712919036337
1353,0.763671875,2.236328125,-0.62109375,0.37561932113669017,41,1712919036337
1353,0.775390625,2.28125,-0.595703125,0.37561932113669017,22,1712919036337
1353,2.99609375,0.0,3.01953125,0.37561932113669017,31,1712919036337
1353,3.02734375,0.0,3.0546875,0.37561932113669017,41,1712919036337
1353,3.173828125,0.0,2.955078125,0.37561932113669017,30,1712919036337
1353,0.69140625,2.1015625,-0.08203125,0.5008257615155869,21,1712919036337
1353,0.703125,2.126953125,-0.23828125,0.5008257615155869,41,1712919036337
1353,0.71484375,2.1015625,-0.56640625,0.5008257615155869,54,1712919036337
1353,0.80078125,2.076171875,-0.689453125,0.5008257615155869,91,1712919036337
1353,0.814453125,2.119140625,-0.66796875,0.5008257615155869,121,1712919036337
1353,0.826171875,2.150390625,-0.6875,0.5008257615155869,87,1712919036337
1353,0.763671875,2.220703125,-0.671875,0.5008257615155869,38,1712919036337
1353,0.787109375,2.087890625,-0.51953125,0.6260322018944836,53,1712919036337
1353,0.873046875,2.08984375,-0.54296875,0.6260322018944836,141,1712919036337
1353,0.814453125,2.14453125,-0.5859375,0.6260322018944836,180,1712919036337
1353,0.826171875,2.173828125,-0.609375,0.6260322018944836,118,1712919036337
1353,0.763671875,2.232421875,-0.63671875,0.6260322018944836,40,1712919036337
1353,0.859375,2.107421875,-0.267578125,0.7512386422733803,36,1712919036337
1353,0.873046875,2.11328125,-0.439453125,0.7512386422733803,95,1712919036337
1353,0.88671875,2.126953125,-0.5390625,0.7512386422733803,116,1712919036337
1354,0.64453125,1.955078125,-0.123046875,0.0,17,1712919036436
1354,0.525390625,2.017578125,-0.2578125,0.0,29,1712919036436
1354,0.53515625,1.962890625,-0.658203125,0.0,94,1712919036436
1354,0.544921875,2.005859375,-0.642578125,0.0,169,1712919036436
1354,0.552734375,2.044921875,-0.64453125,0.0,151,1712919036436
1354,0.4921875,2.09375,-0.66796875,0.0,61,1712919036436
1354,0.4296875,2.103515625,-0.80078125,0.0,10,1712919036436
1354,0.36328125,2.103515625,-0.9296875,0.0,15,1712919036436
1354,0.294921875,2.203125,-0.81640625,0.0,16,1712919036436
1354,0.568359375,1.94140625,0.005859375,0.12520644037889672,27,1712919036436
1354,0.580078125,1.978515625,-0.025390625,0.12520644037889672,92,1712919036436
1354,0.58984375,2.013671875,-0.056640625,0.12520644037889672,154,1712919036436
1354,0.53515625,2.03125,-0.3984375,0.12520644037889672,277,1712919036436
1354,0.544921875,2.052734375,-0.474609375,0.12520644037889672,454,1712919036436
1354,0.552734375,2.08984375,-0.48046875,0.12520644037889672,425,1712919036436
1354,0.5625,2.126953125,-0.484375,0.12520644037889672,197,1712919036436
1354,0.501953125,2.185546875,-0.46484375,0.12520644037889672,41,1712919036436
1354,0.36328125,2.228515625,-0.572265625,0.12520644037889672,43,1712919036436
1354,0.294921875,2.263671875,-0.625,0.12520644037889672,45,1712919036436
1354,0.568359375,1.935546875,0.14453125,0.25041288075779344,40,1712919036436
1354,0.515625,1.9921875,0.11328125,0.25041288075779344,137,1712919036436
1354,0.58984375,2.013671875,0.076171875,0.25041288075779344,232,1712919036436
1354,0.53515625,2.064453125,-0.142578125,0.25041288075779344,324,1712919036436
1354,0.544921875,2.0859375,-0.296875,0.25041288075779344,479,1712919036436
1354,0.552734375,2.123046875,-0.3046875,0.25041288075779344,464,1712919036436
1354,0.5625,2.166015625,-0.255859375,0.25041288075779344,235,1712919036436
1354,0.501953125,2.234375,-0.044921875,0.25041288075779344,48,1712919036436
1354,2.916015625,0.0,2.84765625,0.25041288075779344,40,1712919036436
1354,2.947265625,0.0,2.806640625,0.25041288075779344,37,1712919036436
1354,0.505859375,1.9375,0.287109375,0.37561932113669017,18,1712919036436
1354,0.515625,1.982421875,0.240234375,0.37561932113669017,64,1712919036436
1354,0.525390625,2.021484375,0.21484375,0.37561932113669017,109,1712919036436
1354,0.53515625,2.068359375,0.091796875,0.37561932113669017,133,1712919036436
1354,0.544921875,2.10546875,-0.091796875,0.37561932113669017,174,1712919036436
1354,0.552734375,2.142578125,-0.083984375,0.37561932113669017,174,1712919036436
1354,0.5625,2.1796875,0.041015625,0.37561932113669017,95,1712919036436
1354,0.751953125,2.162109375,-0.736328125,0.37561932113669017,20,1712919036436
1354,2.916015625,0.0,3.07421875,0.37561932113669017,27,1712919036436
1354,2.947265625,0.0,3.142578125,0.37561932113669017,29,1712919036436
1354,0.740234375,2.15625,-0.634765625,0.5008257615155869,39,1712919036436
1354,0.751953125,2.1953125,-0.6328125,0.5008257615155869,49,1712919036436
1354,0.83984375,2.22265625,-0.568359375,0.5008257615155869,41,1712919036436
1354,0.853515625,2.25,-0.607421875,0.5008257615155869,20,1712919036436
1354,0.666015625,2.19921875,-0.564453125,0.6260322018944836,28,1712919036436
1354,0.751953125,2.25,-0.3984375,0.6260322018944836,45,1712919036436
1354,0.83984375,2.26953125,-0.3359375,0.6260322018944836,42,1712919036436
1354,0.916015625,1.935546875,-1.17578125,0.7512386422733803,32,1712919036436
1354,0.853515625,1.919921875,-1.3203125,0.7512386422733803,22,1712919036436
1354,0.90234375,2.041015625,-0.896484375,0.876445082652277,26,1712919036436
1354,0.83984375,2.109375,-0.90234375,0.876445082652277,31,1712919036436
1354,0.853515625,2.177734375,-0.828125,0.876445082652277,21,1712919036436
1354,0.544921875,1.931640625,-0.841796875,-0.12520644037889672,23,1712919036436
1354,0.552734375,1.98046875,-0.82421875,-0.12520644037889672,21,1712919036436
1354,0.36328125,2.19921875,-0.67578125,-0.12520644037889672,18,1712919036436
1354,0.294921875,2.228515625,-0.7421875,-0.12520644037889672,19,1712919036436
1354,-0.28125,1.73046875,1.416015625,0.0,34,1712919036436
1354,-1.71875,1.35546875,-0.67578125,0.0,9,1712919036436
1354,-0.4296875,1.361328125,1.791015625,0.12520644037889672,29,1712919036436
1354,-0.4296875,1.125,1.94921875,0.25041288075779344,32,1712919036436
1354,2.248046875,0.0,1.5078125,0.876445082652277,11,1712919036436
1354,-0.203125,1.580078125,1.482421875,-0.12520644037889672,12,1712919036436
1354,-0.20703125,1.544921875,1.572265625,-0.12520644037889672,11,1712919036436
1355,0.333984375,2.091796875,-0.2890625,0.0,13,1712919036535
1355,0.408203125,2.123046875,-0.25,0.0,28,1712919036535
1355,0.345703125,2.162109375,-0.333984375,0.0,40,1712919036535
1355,0.28125,2.2265625,-0.1953125,0.0,27,1712919036535
1355,0.294921875,2.244140625,-0.693359375,0.0,19,1712919036535
1355,0.466796875,2.04296875,-0.41796875,0.12520644037889672,76,1712919036535
1355,0.4765625,2.072265625,-0.462890625,0.12520644037889672,219,1712919036535
1355,0.416015625,2.119140625,-0.486328125,0.12520644037889672,262,1712919036535
1355,0.421875,2.15234375,-0.509765625,0.12520644037889672,145,1712919036535
1355,0.369140625,2.255859375,-0.615234375,0.12520644037889672,48,1712919036535
1355,0.224609375,2.328125,-0.5625,0.12520644037889672,43,1712919036535
1355,0.515625,1.99609375,0.025390625,0.25041288075779344,25,1712919036535
1355,0.458984375,2.048828125,0.017578125,0.25041288075779344,36,1712919036535
1355,0.466796875,2.05078125,-0.3828125,0.25041288075779344,116,1712919036535
1355,0.4765625,2.087890625,-0.384765625,0.25041288075779344,378,1712919036535
1355,0.416015625,2.13671875,-0.41015625,0.25041288075779344,440,1712919036535
1355,0.421875,2.16796875,-0.4453125,0.25041288075779344,237,1712919036535
1355,0.357421875,2.208984375,-0.486328125,0.25041288075779344,38,1712919036535
1355,0.369140625,2.296875,-0.435546875,0.25041288075779344,51,1712919036535
1355,0.30078125,2.353515625,-0.396484375,0.25041288075779344,41,1712919036535
1355,0.458984375,2.041015625,0.171875,0.37561932113669017,26,1712919036535
1355,0.466796875,2.052734375,-0.373046875,0.37561932113669017,57,1712919036535
1355,0.4765625,2.1015625,-0.30078125,0.37561932113669017,207,1712919036535
1355,0.416015625,2.15234375,-0.306640625,0.37561932113669017,242,1712919036535
1355,0.4921875,2.173828125,-0.3203125,0.37561932113669017,136,1712919036535
1355,0.4296875,2.2109375,-0.41796875,0.37561932113669017,25,1712919036535
1355,0.697265625,2.2734375,-0.705078125,0.37561932113669017,47,1712919036535
1355,2.947265625,0.0,2.4765625,0.37561932113669017,26,1712919036535
1355,2.978515625,0.0,2.7109375,0.37561932113669017,29,1712919036535
1355,0.484375,2.150390625,-0.203125,0.5008257615155869,19,1712919036535
1355,0.865234375,1.970703125,-1.30859375,0.6260322018944836,23,1712919036535
1355,-0.5625,1.517578125,1.56640625,0.0,15,1712919036535
1355,-1.7890625,1.267578125,-0.662109375,0.25041288075779344,33,1712919036535
1355,-1.71875,1.392578125,-0.595703125,0.37561932113669017,22,1712919036535
1355,1.1328125,2.912109375,1.841796875,0.37561932113669017,14,1712919036535
1356,0.525390625,2.0234375,-0.205078125,0.0,15,1712919036637
1356,0.53515625,2.052734375,-0.263671875,0.0,28,1712919036637
1356,0.544921875,2.1015625,-0.15625,0.0,15,1712919036637
1356,0.416015625,1.9609375,-0.94140625,0.0,25,1712919036637
1356,0.421875,2.109375,-0.66796875,0.0,43,1712919036637
1356,0.357421875,2.177734375,-0.61328125,0.0,29,1712919036637
1356,0.53515625,2.068359375,-0.095703125,0.12520644037889672,29,1712919036637
1356,0.421875,2.193359375,-0.283203125,0.12520644037889672,43,1712919036637
1356,0.4296875,2.21875,-0.37890625,0.12520644037889672,32,1712919036637
1356,0.525390625,2.033203125,-0.025390625,0.25041288075779344,83,1712919036637
1356,0.53515625,2.0703125,-0.0078125,0.25041288075779344,161,1712919036637
1356,0.611328125,2.087890625,0.00390625,0.25041288075779344,89,1712919036637
1356,0.345703125,2.033203125,-0.80859375,0.25041288075779344,142,1712919036637
1356,0.421875,2.16015625,-0.48046875,0.25041288075779344,256,1712919036637
1356,0.4296875,2.193359375,-0.50390625,0.25041288075779344,185,1712919036637
1356,0.291015625,2.23046875,-0.599609375,0.25041288075779344,76,1712919036637
1356,0.458984375,2.046875,0.107421875,0.37561932113669017,85,1712919036637
1356,0.466796875,2.08203125,0.142578125,0.37561932113669017,162,1712919036637
1356,0.544921875,2.10546875,0.052734375,0.37561932113669017,95,1712919036637
1356,0.345703125,2.07421875,-0.693359375,0.37561932113669017,175,1712919036637
1356,0.3515625,2.16015625,-0.529296875,0.37561932113669017,290,1712919036637
1356,0.357421875,2.189453125,-0.568359375,0.37561932113669017,210,1712919036637
1356,0.291015625,2.203125,-0.697265625,0.37561932113669017,86,1712919036637
1356,0.07421875,2.326171875,-0.427734375,0.37561932113669017,46,1712919036637
1356,0.458984375,2.033203125,0.25,0.5008257615155869,22,1712919036637
1356,0.466796875,2.068359375,0.279296875,0.5008257615155869,42,1712919036637
1356,0.4765625,2.123046875,0.06640625,0.5008257615155869,32,1712919036637
1356,0.416015625,2.123046875,-0.47265625,0.5008257615155869,70,1712919036637
1356,0.421875,2.150390625,-0.521484375,0.5008257615155869,99,1712919036637
1356,0.357421875,2.17578125,-0.6171875,0.5008257615155869,68,1712919036637
1356,0.21875,2.212890625,-0.693359375,0.5008257615155869,29,1712919036637
1356,2.86328125,0.0,2.87109375,0.5008257615155869,32,1712919036637
1356,2.892578125,0.0,3.0703125,0.5008257615155869,32,1712919036637
1356,-0.58203125,1.3984375,1.76953125,0.25041288075779344,41,1712919036637
1356,0.484375,2.056640625,-0.66015625,0.37561932113669017,175,1712919036637
1356,-0.58203125,1.2890625,1.849609375,0.37561932113669017,52,1712919036637
1356,-0.740234375,1.142578125,1.935546875,0.37561932113669017,26,1712919036637
1356,-0.654296875,1.1015625,1.9453125,0.5008257615155869,18,1712919036637
1356,-3.091796875,1.77734375,-0.841796875,0.5008257615155869,19,1712919036637
1356,-3.0078125,1.982421875,-0.853515625,0.5008257615155869,18,1712919036637
1357,0.552734375,2.142578125,0.087890625,0.0,11,1712919036739
1357,0.421875,2.208984375,-0.140625,0.0,21,1712919036739
1357,0.4296875,2.177734375,-0.564453125,0.0,42,1712919036739
1357,0.4375,2.23828125,-0.474609375,0.0,40,1712919036739
1357,0.443359375,2.3046875,-0.310546875,0.0,16,1712919036739
1357,0.466796875,2.083984375,-0.1015625,0.12520644037889672,62,1712919036739
1357,0.4765625,2.12109375,-0.103515625,0.12520644037889672,122,1712919036739
1357,0.484375,2.154296875,-0.158203125,0.12520644037889672,105,1712919036739
1357,0.2109375,2.21875,-0.322265625,0.12520644037889672,21,1712919036739
1357,0.572265625,2.216796875,0.04296875,0.12520644037889672,57,1712919036739
1357,0.58203125,2.25390625,-0.033203125,0.12520644037889672,57,1712919036739
1357,0.458984375,2.048828125,0.041015625,0.25041288075779344,22,1712919036739
1357,0.400390625,2.09765625,0.10546875,0.25041288075779344,96,1712919036739
1357,0.4765625,2.12109375,0.076171875,0.25041288075779344,198,1712919036739
1357,0.416015625,2.17578125,0.017578125,0.25041288075779344,194,1712919036739
1357,0.421875,2.189453125,-0.322265625,0.25041288075779344,92,1712919036739
1357,0.501953125,2.234375,0.017578125,0.25041288075779344,103,1712919036739
1357,0.509765625,2.26953125,0.09375,0.25041288075779344,101,1712919036739
1357,0.443359375,2.32421875,0.0703125,0.25041288075779344,46,1712919036739
1357,0.466796875,2.029296875,0.48046875,0.37561932113669017,31,1712919036739
1357,0.4765625,2.072265625,0.466796875,0.37561932113669017,42,1712919036739
1357,0.416015625,2.1640625,0.220703125,0.37561932113669017,85,1712919036739
1357,0.3515625,2.21484375,0.208984375,0.37561932113669017,112,1712919036739
1357,0.287109375,2.265625,0.16796875,0.37561932113669017,115,1712919036739
1357,0.36328125,2.30078125,-0.00390625,0.37561932113669017,93,1712919036739
1357,0.369140625,2.3125,-0.34375,0.37561932113669017,65,1712919036739
1357,0.30078125,2.30859375,-0.603515625,0.37561932113669017,98,1712919036739
1357,0.3046875,2.33203125,-0.66015625,0.37561932113669017,101,1712919036739
1357,0.388671875,2.322265625,-0.783203125,0.37561932113669017,62,1712919036739
1357,0.400390625,2.095703125,0.12109375,0.5008257615155869,27,1712919036739
1357,0.408203125,2.13671875,0.0546875,0.5008257615155869,54,1712919036739
1357,0.27734375,2.19140625,0.150390625,0.5008257615155869,51,1712919036739
1357,0.6328125,1.908203125,-1.013671875,0.5008257615155869,77,1712919036739
1357,0.64453125,1.853515625,-1.181640625,0.5008257615155869,87,1712919036739
1357,0.146484375,2.322265625,-0.095703125,0.5008257615155869,50,1712919036739
1357,0.22265625,2.302734375,-0.5,0.5008257615155869,77,1712919036739
1357,0.224609375,2.3359375,-0.529296875,0.5008257615155869,108,1712919036739
1357,0.228515625,2.376953125,-0.51953125,0.5008257615155869,102,1712919036739
1357,0.310546875,2.392578125,-0.578125,0.5008257615155869,60,1712919036739
1357,0.39453125,2.41015625,-0.62109375,0.5008257615155869,26,1712919036739
1357,0.416015625,2.154296875,-0.296875,0.6260322018944836,42,1712919036739
1357,0.421875,2.169921875,-0.427734375,0.6260322018944836,109,1712919036739
1357,0.4296875,2.197265625,-0.48046875,0.6260322018944836,127,1712919036739
1357,0.36328125,2.251953125,-0.46484375,0.6260322018944836,72,1712919036739
1357,0.22265625,2.328125,-0.3671875,0.6260322018944836,40,1712919036739
1357,0.150390625,2.369140625,-0.380859375,0.6260322018944836,38,1712919036739
1357,0.15234375,2.412109375,-0.359375,0.6260322018944836,29,1712919036739
1357,2.892578125,0.0,3.197265625,0.6260322018944836,22,1712919036739
1357,2.923828125,0.0,3.208984375,0.6260322018944836,30,1712919036739
1357,2.953125,0.0,3.248046875,0.6260322018944836,19,1712919036739
1357,0.4296875,2.056640625,-0.912109375,-0.12520644037889672,18,1712919036739
1357,-1.759765625,1.373046875,-0.306640625,0.12520644037889672,14,1712919036739
1357,-0.2109375,1.978515625,1.056640625,0.5008257615155869,71,1712919036739
1357,-0.21484375,2.060546875,0.9765625,0.5008257615155869,84,1712919036739
1357,-1.818359375,1.177734375,-0.853515625,0.5008257615155869,30,1712919036739
1357,-3.125,1.904296875,-0.56640625,0.6260322018944836,17,1712919036739
1357,-3.15625,1.916015625,-0.599609375,0.6260322018944836,22,1712919036739
1357,-3.306640625,1.80078125,-0.32421875,0.6260322018944836,15,1712919036739
1358,0.333984375,2.1015625,-0.197265625,0.0,13,1712919036837
1358,0.408203125,2.125,-0.236328125,0.0,48,1712919036837
1358,0.416015625,2.162109375,-0.244140625,0.0,73,1712919036837
1358,0.3515625,2.205078125,-0.294921875,0.0,59,1712919036837
1358,0.357421875,2.173828125,-0.623046875,0.0,39,1712919036837
1358,0.36328125,2.107421875,-0.921875,0.0,38,1712919036837
1358,0.400390625,2.09765625,-0.10546875,0.12520644037889672,60,1712919036837
1358,0.408203125,2.134765625,-0.103515625,0.12520644037889672,200,1712919036837
1358,0.345703125,2.185546875,-0.091796875,0.12520644037889672,283,1712919036837
1358,0.3515625,2.22265625,-0.115234375,0.12520644037889672,201,1712919036837
1358,0.287109375,2.265625,-0.177734375,0.12520644037889672,70,1712919036837
1358,0.36328125,2.298828125,-0.08984375,0.12520644037889672,46,1712919036837
1358,0.333984375,2.111328125,0.04296875,0.25041288075779344,88,1712919036837
1358,0.408203125,2.13671875,0.029296875,0.25041288075779344,284,1712919036837
1358,0.345703125,2.1875,0.03515625,0.25041288075779344,397,1712919036837
1358,0.3515625,2.224609375,0.017578125,0.25041288075779344,268,1712919036837
1358,0.287109375,2.271484375,-0.02734375,0.25041288075779344,64,1712919036837
1358,0.4375,2.287109375,0.013671875,0.25041288075779344,52,1712919036837
1358,0.400390625,2.09765625,0.109375,0.37561932113669017,49,1712919036837
1358,0.33984375,2.146484375,0.12109375,0.37561932113669017,160,1712919036837
1358,0.416015625,2.173828125,0.06640625,0.37561932113669017,234,1712919036837
1358,0.3515625,2.224609375,-0.0390625,0.37561932113669017,186,1712919036837
1358,0.357421875,2.220703125,-0.435546875,0.37561932113669017,124,1712919036837
1358,0.36328125,2.265625,-0.392578125,0.37561932113669017,156,1712919036837
1358,0.369140625,2.31640625,-0.318359375,0.37561932113669017,122,1712919036837
1358,0.375,2.375,0.03125,0.37561932113669017,42,1712919036837
1358,0.33984375,2.146484375,0.095703125,0.5008257615155869,48,1712919036837
1358,0.345703125,2.1875,-0.01953125,0.5008257615155869,101,1712919036837
1358,0.3515625,2.205078125,-0.2890625,0.5008257615155869,150,1712919036837
1358,0.357421875,2.2109375,-0.48046875,0.5008257615155869,260,1712919036837
1358,0.36328125,2.248046875,-0.48828125,0.5008257615155869,353,1712919036837
1358,0.369140625,2.294921875,-0.447265625,0.5008257615155869,269,1712919036837
1358,0.30078125,2.373046875,-0.248046875,0.5008257615155869,82,1712919036837
1358,0.53515625,2.310546875,-0.583984375,0.5008257615155869,35,1712919036837
1358,0.46484375,2.3984375,-0.439453125,0.5008257615155869,44,1712919036837
1358,0.55078125,2.40625,-0.509765625,0.5008257615155869,50,1712919036837
1358,0.55859375,2.43359375,-0.556640625,0.5008257615155869,44,1712919036837
1358,0.568359375,2.4765625,-0.52734375,0.5008257615155869,24,1712919036837
1358,0.345703125,2.1875,-0.029296875,0.6260322018944836,28,1712919036837
1358,0.3515625,2.181640625,-0.439453125,0.6260322018944836,78,1712919036837
1358,0.357421875,2.216796875,-0.447265625,0.6260322018944836,209,1712919036837
1358,0.36328125,2.2578125,-0.435546875,0.6260322018944836,310,1712919036837
1358,0.369140625,2.30078125,-0.41796875,0.6260322018944836,238,1712919036837
1358,0.30078125,2.359375,-0.36328125,0.6260322018944836,81,1712919036837
1358,0.3046875,2.416015625,-0.189453125,0.6260322018944836,22,1712919036837
1358,0.310546875,2.439453125,-0.326171875,0.6260322018944836,31,1712919036837
1358,0.47265625,2.439453125,-0.421875,0.6260322018944836,37,1712919036837
1358,0.48046875,2.470703125,-0.453125,0.6260322018944836,28,1712919036837
1358,0.357421875,2.23046875,-0.37890625,0.7512386422733803,49,1712919036837
1358,0.291015625,2.283203125,-0.353515625,0.7512386422733803,77,1712919036837
1358,0.294921875,2.318359375,-0.380859375,0.7512386422733803,66,1712919036837
1358,0.224609375,2.361328125,-0.3984375,0.7512386422733803,31,1712919036837
1358,0.4296875,2.0390625,-0.94921875,-0.12520644037889672,14,1712919036837
1358,0.4375,2.017578125,-1.080078125,-0.12520644037889672,15,1712919036837
1359,0.345703125,2.166015625,-0.30859375,0.0,22,1712919036938
1359,0.28125,2.19140625,-0.44140625,0.0,19,1712919036938
1359,0.291015625,2.23046875,-0.6015625,0.0,12,1712919036938
1359,0.22265625,2.234375,-0.75,0.0,17,1712919036938
1359,0.30078125,2.208984375,-0.90234375,0.0,18,1712919036938
1359,0.33984375,2.14453125,-0.13671875,0.12520644037889672,21,1712919036938
1359,0.345703125,2.1796875,-0.171875,0.12520644037889672,47,1712919036938
1359,0.3515625,2.220703125,-0.138671875,0.12520644037889672,57,1712919036938
1359,0.357421875,2.259765625,-0.08984375,0.12520644037889672,43,1712919036938
1359,0.291015625,2.310546875,0.009765625,0.12520644037889672,33,1712919036938
1359,0.369140625,2.337890625,0.01953125,0.12520644037889672,42,1712919036938
1359,0.375,2.375,0.048828125,0.12520644037889672,31,1712919036938
1359,0.33984375,2.1484375,0.02734375,0.25041288075779344,64,1712919036938
1359,0.345703125,2.1875,-0.005859375,0.25041288075779344,140,1712919036938
1359,0.3515625,2.224609375,-0.013671875,0.25041288075779344,143,1712919036938
1359,0.287109375,2.2734375,-0.021484375,0.25041288075779344,72,1712919036938
1359,0.291015625,2.310546875,-0.03515625,0.25041288075779344,45,1712919036938
1359,0.294921875,2.345703125,-0.126953125,0.25041288075779344,67,1712919036938
1359,0.30078125,2.3671875,-0.294921875,0.25041288075779344,57,1712919036938
1359,0.271484375,2.15234375,0.166015625,0.37561932113669017,43,1712919036938
1359,0.27734375,2.189453125,0.177734375,0.37561932113669017,85,1712919036938
1359,0.28125,2.2265625,0.18359375,0.37561932113669017,71,1712919036938
1359,0.287109375,2.25390625,-0.294921875,0.37561932113669017,61,1712919036938
1359,0.21875,2.263671875,-0.5,0.37561932113669017,129,1712919036938
1359,0.294921875,2.296875,-0.494140625,0.37561932113669017,254,1712919036938
1359,0.224609375,2.341796875,-0.50390625,0.37561932113669017,260,1712919036938
1359,0.228515625,2.361328125,-0.587890625,0.37561932113669017,143,1712919036938
1359,0.078125,2.314453125,-0.892578125,0.37561932113669017,39,1712919036938
1359,0.55078125,2.3828125,-0.607421875,0.37561932113669017,32,1712919036938
1359,0.3515625,2.22265625,-0.1015625,0.5008257615155869,33,1712919036938
1359,0.21484375,2.244140625,-0.400390625,0.5008257615155869,61,1712919036938
1359,0.21875,2.28125,-0.412109375,0.5008257615155869,193,1712919036938
1359,0.22265625,2.326171875,-0.37109375,0.5008257615155869,363,1712919036938
1359,0.224609375,2.36328125,-0.3828125,0.5008257615155869,357,1712919036938
1359,0.228515625,2.39453125,-0.431640625,0.5008257615155869,190,1712919036938
1359,0.154296875,2.40234375,-0.6015625,0.5008257615155869,56,1712919036938
1359,-3.390625,1.58203125,0.001953125,0.5008257615155869,26,1712919036938
1359,-3.54296875,1.314453125,0.041015625,0.5008257615155869,34,1712919036938
1359,2.744140625,0.0,-3.72265625,0.5008257615155869,24,1712919036938
1359,0.287109375,2.240234375,-0.384765625,0.6260322018944836,20,1712919036938
1359,0.21875,2.302734375,-0.271484375,0.6260322018944836,81,1712919036938
1359,0.22265625,2.345703125,-0.232421875,0.6260322018944836,151,1712919036938
1359,0.150390625,2.390625,-0.20703125,0.6260322018944836,139,1712919036938
1359,0.15234375,2.42578125,-0.255859375,0.6260322018944836,71,1712919036938
1359,0.154296875,2.40625,-0.5859375,0.6260322018944836,42,1712919036938
1359,0.078125,2.421875,-0.69140625,0.6260322018944836,59,1712919036938
1359,0.080078125,2.4609375,-0.69140625,0.6260322018944836,59,1712919036938
1359,0.162109375,2.517578125,-0.611328125,0.6260322018944836,40,1712919036938
1359,-3.390625,1.56640625,0.21484375,0.6260322018944836,18,1712919036938
1359,-3.42578125,1.58984375,0.158203125,0.6260322018944836,23,1712919036938
1359,0.078125,2.419921875,-0.544921875,0.7512386422733803,28,1712919036938
1359,0.078125,2.455078125,-0.560546875,0.7512386422733803,55,1712919036938
1359,0.080078125,2.49609375,-0.55078125,0.7512386422733803,59,1712919036938
1359,0.0,2.529296875,-0.58203125,0.7512386422733803,37,1712919036938
1359,0.078125,2.474609375,-0.47265625,0.876445082652277,15,1712919036938
1359,0.0,2.52734375,-0.39453125,0.876445082652277,16,1712919036938
1359,-0.775390625,1.388671875,1.904296875,0.37561932113669017,28,1712919036938
1359,-0.775390625,1.146484375,2.05859375,0.5008257615155869,31,1712919036938
1359,2.572265625,0.0,-3.68359375,0.5008257615155869,23,1712919036938
1359,2.59765625,0.0,-3.744140625,0.5008257615155869,32,1712919036938
1359,-3.458984375,1.60546875,0.162109375,0.5008257615155869,24,1712919036938
1359,2.572265625,0.0,-3.33984375,0.6260322018944836,15,1712919036938
1359,2.59765625,0.0,-3.4921875,0.6260322018944836,22,1712919036938
1360,0.28125,2.177734375,-0.501953125,0.0,14,1712919037037
1360,0.294921875,2.330078125,-0.291015625,0.12520644037889672,16,1712919037037
1360,0.30078125,2.35546875,-0.38671875,0.12520644037889672,16,1712919037037
1360,0.486328125,2.447265625,-0.71875,0.12520644037889672,40,1712919037037
1360,0.576171875,2.423828125,-0.85546875,0.12520644037889672,65,1712919037037
1360,0.501953125,2.470703125,-0.884765625,0.12520644037889672,64,1712919037037
1360,0.5078125,2.486328125,-0.951171875,0.12520644037889672,31,1712919037037
1360,0.27734375,2.19140625,-0.154296875,0.25041288075779344,65,1712919037037
1360,0.2109375,2.236328125,-0.169921875,0.25041288075779344,128,1712919037037
1360,0.21484375,2.267578125,-0.2421875,0.25041288075779344,104,1712919037037
1360,0.36328125,2.29296875,0.171875,0.25041288075779344,37,1712919037037
1360,0.294921875,2.337890625,-0.216796875,0.25041288075779344,116,1712919037037
1360,0.30078125,2.357421875,-0.37109375,0.25041288075779344,172,1712919037037
1360,0.3046875,2.3828125,-0.443359375,0.25041288075779344,169,1712919037037
1360,0.232421875,2.427734375,-0.453125,0.25041288075779344,106,1712919037037
1360,0.48046875,2.443359375,-0.583984375,0.25041288075779344,48,1712919037037
1360,0.486328125,2.521484375,-0.375,0.25041288075779344,63,1712919037037
1360,0.494140625,2.509765625,-0.630859375,0.25041288075779344,110,1712919037037
1360,0.501953125,2.5234375,-0.724609375,0.25041288075779344,118,1712919037037
1360,0.5078125,2.55078125,-0.76171875,0.25041288075779344,64,1712919037037
1360,0.20703125,2.205078125,-0.013671875,0.37561932113669017,99,1712919037037
1360,0.2109375,2.2421875,-0.033203125,0.37561932113669017,205,1712919037037
1360,0.21484375,2.279296875,-0.078125,0.37561932113669017,186,1712919037037
1360,0.291015625,2.306640625,-0.134765625,0.37561932113669017,44,1712919037037
1360,0.22265625,2.3515625,-0.140625,0.37561932113669017,167,1712919037037
1360,0.224609375,2.380859375,-0.26171875,0.37561932113669017,283,1712919037037
1360,0.228515625,2.412109375,-0.314453125,0.37561932113669017,284,1712919037037
1360,0.232421875,2.451171875,-0.314453125,0.37561932113669017,173,1712919037037
1360,0.314453125,2.494140625,-0.154296875,0.37561932113669017,73,1712919037037
1360,0.576171875,2.560546875,-0.232421875,0.37561932113669017,47,1712919037037
1360,0.583984375,2.54296875,-0.58203125,0.37561932113669017,58,1712919037037
1360,0.20703125,2.203125,0.0859375,0.5008257615155869,45,1712919037037
1360,0.2109375,2.240234375,0.10546875,0.5008257615155869,98,1712919037037
1360,0.21484375,2.279296875,0.0625,0.5008257615155869,93,1712919037037
1360,0.21875,2.31640625,-0.078125,0.5008257615155869,24,1712919037037
1360,0.22265625,2.35546875,-0.068359375,0.5008257615155869,81,1712919037037
1360,0.224609375,2.390625,-0.126953125,0.5008257615155869,151,1712919037037
1360,0.228515625,2.427734375,-0.166015625,0.5008257615155869,148,1712919037037
1360,0.154296875,2.46875,-0.20703125,0.5008257615155869,85,1712919037037
1360,-0.16015625,2.482421875,-0.59765625,0.5008257615155869,48,1712919037037
1360,0.0,2.533203125,-0.56640625,0.5008257615155869,64,1712919037037
1360,0.0,2.58203125,-0.5234375,0.5008257615155869,49,1712919037037
1360,-0.080078125,2.5546875,-0.078125,0.6260322018944836,21,1712919037037
1360,0.0,2.595703125,-0.00390625,0.6260322018944836,21,1712919037037
1360,0.0,2.419921875,-0.828125,0.7512386422733803,20,1712919037037
1360,-0.5078125,2.013671875,1.7421875,0.12520644037889672,16,1712919037037
1360,-0.330078125,2.0078125,-1.673828125,0.37561932113669017,32,1712919037037
1360,-0.41796875,1.65234375,2.05859375,0.37561932113669017,30,1712919037037
1361,0.21484375,2.2109375,-0.55859375,0.0,20,1712919037137
1361,0.146484375,2.25390625,-0.56640625,0.0,19,1712919037137
1361,0.30078125,2.16015625,-1.013671875,0.0,33,1712919037137
1361,0.3046875,2.236328125,-0.935546875,0.0,72,1712919037137
1361,0.310546875,2.2890625,-0.904296875,0.0,75,1712919037137
1361,0.236328125,2.357421875,-0.857421875,0.0,37,1712919037137
1361,0.41796875,2.435546875,-1.017578125,0.0,26,1712919037137
1361,0.423828125,2.46484375,-1.046875,0.0,20,1712919037137
1361,0.30078125,2.22265625,-0.8671875,0.12520644037889672,36,1712919037137
1361,0.3046875,2.275390625,-0.837890625,0.12520644037889672,54,1712919037137
1361,0.310546875,2.3359375,-0.775390625,0.12520644037889672,46,1712919037137
1361,0.412109375,2.490234375,-0.751953125,0.12520644037889672,48,1712919037137
1361,0.501953125,2.501953125,-0.791015625,0.12520644037889672,73,1712919037137
1361,0.423828125,2.552734375,-0.806640625,0.12520644037889672,58,1712919037137
1361,0.21484375,2.26171875,-0.296875,0.25041288075779344,32,1712919037137
1361,0.146484375,2.318359375,-0.17578125,0.25041288075779344,23,1712919037137
1361,0.22265625,2.248046875,-0.70703125,0.25041288075779344,56,1712919037137
1361,0.30078125,2.27734375,-0.712890625,0.25041288075779344,242,1712919037137
1361,0.228515625,2.34375,-0.650390625,0.25041288075779344,446,1712919037137
1361,0.310546875,2.375,-0.646484375,0.25041288075779344,441,1712919037137
1361,0.236328125,2.435546875,-0.603515625,0.25041288075779344,218,1712919037137
1361,0.240234375,2.451171875,-0.689453125,0.25041288075779344,56,1712919037137
1361,0.494140625,2.513671875,-0.615234375,0.25041288075779344,129,1712919037137
1361,0.501953125,2.54296875,-0.6484375,0.25041288075779344,207,1712919037137
1361,0.423828125,2.59765625,-0.646484375,0.25041288075779344,160,1712919037137
1361,0.4296875,2.634765625,-0.658203125,0.25041288075779344,54,1712919037137
1361,0.2109375,2.23828125,-0.142578125,0.37561932113669017,86,1712919037137
1361,0.21484375,2.27734375,-0.126953125,0.37561932113669017,173,1712919037137
1361,0.21875,2.31640625,-0.1171875,0.37561932113669017,165,1712919037137
1361,0.22265625,2.34375,-0.2421875,0.37561932113669017,115,1712919037137
1361,0.30078125,2.330078125,-0.51953125,0.37561932113669017,323,1712919037137
1361,0.3046875,2.365234375,-0.53515625,0.37561932113669017,564,1712919037137
1361,0.232421875,2.423828125,-0.4765625,0.37561932113669017,548,1712919037137
1361,0.236328125,2.462890625,-0.478515625,0.37561932113669017,276,1712919037137
1361,0.240234375,2.455078125,-0.67578125,0.37561932113669017,81,1712919037137
1361,0.244140625,2.451171875,-0.818359375,0.37561932113669017,53,1712919037137
1361,0.330078125,2.58984375,-0.3515625,0.37561932113669017,83,1712919037137
1361,0.501953125,2.57421875,-0.51171875,0.37561932113669017,128,1712919037137
1361,0.5078125,2.609375,-0.52734375,0.37561932113669017,96,1712919037137
1361,0.140625,2.248046875,-0.001953125,0.5008257615155869,101,1712919037137
1361,0.142578125,2.28515625,0.015625,0.5008257615155869,208,1712919037137
1361,0.146484375,2.32421875,0.02734375,0.5008257615155869,212,1712919037137
1361,0.1484375,2.361328125,0.037109375,0.5008257615155869,137,1712919037137
1361,0.224609375,2.3828125,-0.2265625,0.5008257615155869,163,1712919037137
1361,0.228515625,2.408203125,-0.33984375,0.5008257615155869,215,1712919037137
1361,0.232421875,2.4453125,-0.34765625,0.5008257615155869,190,1712919037137
1361,0.236328125,2.48046875,-0.373046875,0.5008257615155869,96,1712919037137
1361,0.240234375,2.41796875,-0.796875,0.5008257615155869,40,1712919037137
1361,0.162109375,2.45703125,-0.822265625,0.5008257615155869,55,1712919037137
1361,0.08203125,2.525390625,-0.74609375,0.5008257615155869,76,1712919037137
1361,0.0,2.591796875,-0.654296875,0.5008257615155869,60,1712919037137
1361,-3.734375,0.955078125,-0.02734375,0.5008257615155869,34,1712919037137
1361,-3.650390625,1.353515625,0.05078125,0.5008257615155869,32,1712919037137
1361,0.140625,2.24609375,0.08984375,0.6260322018944836,33,1712919037137
1361,0.142578125,2.28125,0.150390625,0.6260322018944836,71,1712919037137
1361,0.146484375,2.318359375,0.171875,0.6260322018944836,76,1712919037137
1361,0.1484375,2.3515625,0.21484375,0.6260322018944836,53,1712919037137
1361,0.07421875,2.392578125,0.240234375,0.6260322018944836,29,1712919037137
1361,0.0,2.462890625,-0.8203125,0.6260322018944836,37,1712919037137
1361,0.0,2.515625,-0.78125,0.6260322018944836,58,1712919037137
1361,0.0,2.572265625,-0.724609375,0.6260322018944836,43,1712919037137
1361,-3.734375,0.947265625,0.1328125,0.6260322018944836,30,1712919037137
1361,-3.771484375,0.95703125,0.13671875,0.6260322018944836,30,1712919037137
1361,0.0,2.498046875,-0.70703125,0.7512386422733803,38,1712919037137
1362,0.21875,2.236328125,-0.611328125,0.0,16,1712919037240
1362,0.1484375,2.2578125,-0.697265625,0.0,19,1712919037240
1362,0.150390625,2.26171875,-0.8046875,0.0,14,1712919037240
1362,0.228515625,2.189453125,-1.05859375,0.0,17,1712919037240
1362,0.232421875,2.2265625,-1.0703125,0.0,31,1712919037240
1362,0.158203125,2.296875,-1.0234375,0.0,32,1712919037240
1362,0.232421875,2.296875,-0.91015625,0.12520644037889672,27,1712919037240
1362,0.236328125,2.337890625,-0.908203125,0.12520644037889672,30,1712919037240
1362,0.16015625,2.388671875,-0.90234375,0.12520644037889672,20,1712919037240
1362,0.412109375,2.525390625,-0.62890625,0.12520644037889672,27,1712919037240
1362,0.41796875,2.548828125,-0.685546875,0.12520644037889672,88,1712919037240
1362,0.5078125,2.552734375,-0.7578125,0.12520644037889672,128,1712919037240
1362,0.4296875,2.599609375,-0.78515625,0.12520644037889672,97,1712919037240
1362,0.34765625,2.65234375,-0.779296875,0.12520644037889672,34,1712919037240
1362,0.146484375,2.302734375,-0.3125,0.25041288075779344,23,1712919037240
1362,0.1484375,2.33984375,-0.330078125,0.25041288075779344,29,1712919037240
1362,0.30078125,2.28125,-0.703125,0.25041288075779344,32,1712919037240
1362,0.228515625,2.212890625,-1.01171875,0.25041288075779344,107,1712919037240
1362,0.232421875,2.32421875,-0.837890625,0.25041288075779344,208,1712919037240
1362,0.236328125,2.3984375,-0.736328125,0.25041288075779344,214,1712919037240
1362,0.16015625,2.47265625,-0.638671875,0.25041288075779344,118,1712919037240
1362,0.412109375,2.568359375,-0.412109375,0.25041288075779344,34,1712919037240
1362,0.501953125,2.568359375,-0.546875,0.25041288075779344,141,1712919037240
1362,0.423828125,2.61328125,-0.580078125,0.25041288075779344,220,1712919037240
1362,0.4296875,2.638671875,-0.640625,0.25041288075779344,172,1712919037240
1362,0.34765625,2.67578125,-0.69921875,0.25041288075779344,62,1712919037240
1362,0.142578125,2.279296875,-0.169921875,0.37561932113669017,55,1712919037240
1362,0.146484375,2.318359375,-0.173828125,0.37561932113669017,154,1712919037240
1362,0.22265625,2.349609375,-0.1875,0.37561932113669017,209,1712919037240
1362,0.150390625,2.3984375,-0.099609375,0.37561932113669017,155,1712919037240
1362,0.3046875,2.171875,-1.078125,0.37561932113669017,122,1712919037240
1362,0.232421875,2.361328125,-0.7265625,0.37561932113669017,246,1712919037240
1362,0.158203125,2.45703125,-0.537109375,0.37561932113669017,257,1712919037240
1362,0.16015625,2.51171875,-0.451171875,0.37561932113669017,135,1712919037240
1362,0.1640625,2.5390625,-0.681640625,0.37561932113669017,38,1712919037240
1362,0.501953125,2.60546875,-0.322265625,0.37561932113669017,61,1712919037240
1362,0.423828125,2.646484375,-0.40234375,0.37561932113669017,112,1712919037240
1362,0.4296875,2.6640625,-0.5234375,0.37561932113669017,94,1712919037240
1362,0.34765625,2.685546875,-0.658203125,0.37561932113669017,36,1712919037240
1362,0.142578125,2.28515625,-0.03125,0.5008257615155869,68,1712919037240
1362,0.146484375,2.32421875,-0.02734375,0.5008257615155869,200,1712919037240
1362,0.22265625,2.35546875,-0.04296875,0.5008257615155869,286,1712919037240
1362,0.150390625,2.400390625,-0.044921875,0.5008257615155869,224,1712919037240
1362,0.3046875,2.400390625,0.341796875,0.5008257615155869,74,1712919037240
1362,0.46484375,2.12890625,-1.185546875,0.5008257615155869,60,1712919037240
1362,0.0,2.515625,-0.125,0.5008257615155869,81,1712919037240
1362,0.0,2.55859375,-0.01953125,0.5008257615155869,41,1712919037240
1362,0.1640625,2.552734375,-0.6328125,0.5008257615155869,50,1712919037240
1362,0.16796875,2.56640625,-0.728515625,0.5008257615155869,46,1712919037240
1362,0.0,2.59765625,-0.771484375,0.5008257615155869,25,1712919037240
1362,-3.771484375,0.9453125,-0.197265625,0.5008257615155869,42,1712919037240
1362,-3.80859375,0.951171875,-0.212890625,0.5008257615155869,56,1712919037240
1362,-3.845703125,0.95703125,-0.228515625,0.5008257615155869,40,1712919037240
1362,0.142578125,2.283203125,0.10546875,0.6260322018944836,24,1712919037240
1362,0.146484375,2.322265625,0.11328125,0.6260322018944836,77,1712919037240
1362,0.1484375,2.361328125,0.08984375,0.6260322018944836,117,1712919037240
1362,0.150390625,2.400390625,0.05078125,0.6260322018944836,98,1712919037240
1362,0.076171875,2.44140625,-0.078125,0.6260322018944836,56,1712919037240
1362,0.0,2.474609375,-0.169921875,0.6260322018944836,50,1712919037240
1362,0.0,2.513671875,-0.177734375,0.6260322018944836,41,1712919037240
1362,0.1640625,2.560546875,-0.599609375,0.6260322018944836,27,1712919037240
1362,0.083984375,2.57421875,-0.716796875,0.6260322018944836,29,1712919037240
1362,0.0,2.61328125,-0.71875,0.6260322018944836,24,1712919037240
1362,-3.771484375,0.958984375,0.12109375,0.6260322018944836,37,1712919037240
1363,0.150390625,2.33203125,-0.56640625,0.0,18,1712919037339
1363,0.228515625,2.388671875,-0.46484375,0.0,16,1712919037339
1363,0.388671875,2.44921875,-0.087890625,0.0,11,1712919037339
1363,0.501953125,2.50390625,-0.791015625,0.0,35,1712919037339
1363,0.423828125,2.552734375,-0.80859375,0.0,71,1712919037339
1363,0.4296875,2.580078125,-0.84375,0.0,70,1712919037339
1363,0.34765625,2.6484375,-0.794921875,0.0,34,1712919037339
1363,0.0,2.443359375,-0.61328125,0.12520644037889672,15,1712919037339
1363,0.0,2.41796875,-0.8359375,0.12520644037889672,19,1712919037339
1363,0.41796875,2.544921875,-0.701171875,0.12520644037889672,43,1712919037339
1363,0.423828125,2.591796875,-0.669921875,0.12520644037889672,107,1712919037339
1363,0.4296875,2.630859375,-0.671875,0.12520644037889672,118,1712919037339
1363,0.34765625,2.693359375,-0.626953125,0.12520644037889672,59,1712919037339
1363,0.1484375,2.33984375,-0.328125,0.25041288075779344,28,1712919037339
1363,0.150390625,2.375,-0.353515625,0.25041288075779344,37,1712919037339
1363,0.0,2.462890625,-0.53515625,0.25041288075779344,35,1712919037339
1363,0.240234375,2.3671875,-0.9375,0.25041288075779344,47,1712919037339
1363,0.494140625,2.556640625,-0.40234375,0.25041288075779344,34,1712919037339
1363,0.41796875,2.546875,-0.6953125,0.25041288075779344,49,1712919037339
1363,0.423828125,2.587890625,-0.6875,0.25041288075779344,49,1712919037339
1363,0.34375,2.689453125,-0.447265625,0.25041288075779344,50,1712919037339
1363,0.072265625,2.3203125,-0.17578125,0.37561932113669017,35,1712919037339
1363,0.1484375,2.35546875,-0.169921875,0.37561932113669017,112,1712919037339
1363,0.150390625,2.392578125,-0.1953125,0.37561932113669017,162,1712919037339
1363,0.15234375,2.4140625,-0.341796875,0.37561932113669017,116,1712919037339
1363,0.310546875,2.294921875,-0.892578125,0.37561932113669017,63,1712919037339
1363,0.39453125,2.365234375,-0.771484375,0.37561932113669017,107,1712919037339
1363,0.3203125,2.48046875,-0.533203125,0.37561932113669017,127,1712919037339
1363,0.32421875,2.548828125,-0.369140625,0.37561932113669017,100,1712919037339
1363,0.330078125,2.603515625,-0.234375,0.37561932113669017,56,1712919037339
1363,0.41796875,2.61328125,-0.3671875,0.37561932113669017,45,1712919037339
1363,0.423828125,2.630859375,-0.5,0.37561932113669017,51,1712919037339
1363,0.34375,2.646484375,-0.65625,0.37561932113669017,36,1712919037339
1363,0.34765625,2.65625,-0.765625,0.37561932113669017,33,1712919037339
1363,0.072265625,2.326171875,-0.068359375,0.5008257615155869,41,1712919037339
1363,0.07421875,2.365234375,-0.064453125,0.5008257615155869,135,1712919037339
1363,0.150390625,2.3984375,-0.091796875,0.5008257615155869,223,1712919037339
1363,0.076171875,2.4375,-0.14453125,0.5008257615155869,202,1712919037339
1363,0.232421875,2.455078125,-0.271484375,0.5008257615155869,79,1712919037339
1363,0.158203125,2.501953125,-0.26171875,0.5008257615155869,152,1712919037339
1363,0.080078125,2.53515625,-0.330078125,0.5008257615155869,206,1712919037339
1363,0.162109375,2.57421875,-0.30078125,0.5008257615155869,135,1712919037339
1363,0.1640625,2.625,-0.130859375,0.5008257615155869,51,1712919037339
1363,0.2578125,2.666015625,-0.619140625,0.5008257615155869,26,1712919037339
1363,0.26171875,2.68359375,-0.703125,0.5008257615155869,31,1712919037339
1363,0.07421875,2.365234375,0.0625,0.6260322018944836,53,1712919037339
1363,0.150390625,2.400390625,0.01171875,0.6260322018944836,112,1712919037339
1363,0.076171875,2.44140625,-0.009765625,0.6260322018944836,124,1712919037339
1363,0.154296875,2.4765625,-0.00390625,0.6260322018944836,47,1712919037339
1363,0.0,2.51171875,-0.201171875,0.6260322018944836,128,1712919037339
1363,0.0,2.548828125,-0.22265625,0.6260322018944836,185,1712919037339
1363,0.0,2.5859375,-0.23828125,0.6260322018944836,110,1712919037339
1363,0.0,2.515625,-0.130859375,0.7512386422733803,39,1712919037339
1363,0.0,2.556640625,-0.1015625,0.7512386422733803,50,1712919037339
1363,-0.162109375,2.58984375,-0.068359375,0.7512386422733803,28,1712919037339
1363,0.423828125,2.484375,-1.0,-0.12520644037889672,16,1712919037339
1363,-0.46484375,0.0,-2.4765625,0.0,6,1712919037339
1363,-0.59375,1.845703125,1.89453125,0.25041288075779344,25,1712919037339
1364,0.078125,2.369140625,-0.732421875,0.0,10,1712919037439
1364,0.158203125,2.240234375,-1.140625,0.0,12,1712919037439
1364,0.16015625,2.25,-1.20703125,0.0,16,1712919037439
1364,0.08203125,2.326171875,-1.150390625,0.0,16,1712919037439
1364,0.423828125,2.548828125,-0.81640625,0.0,32,1712919037439
1364,0.34375,2.599609375,-0.826171875,0.0,48,1712919037439
1364,0.34765625,2.61328125,-0.90234375,0.0,35,1712919037439
1364,0.265625,2.6875,-0.83203125,0.0,12,1712919037439
1364,0.423828125,2.59765625,-0.6484375,0.12520644037889672,70,1712919037439
1364,0.34375,2.642578125,-0.67578125,0.12520644037889672,103,1712919037439
1364,0.34765625,2.66796875,-0.728515625,0.12520644037889672,77,1712919037439
1364,0.353515625,2.712890625,-0.70703125,0.12520644037889672,30,1712919037439
1364,0.076171875,2.4375,-0.1328125,0.25041288075779344,20,1712919037439
1364,0.154296875,2.46484375,-0.234375,0.25041288075779344,33,1712919037439
1364,0.078125,2.46875,-0.501953125,0.25041288075779344,32,1712919037439
1364,0.080078125,2.40625,-0.86328125,0.25041288075779344,25,1712919037439
1364,0.337890625,2.658203125,-0.412109375,0.25041288075779344,46,1712919037439
1364,0.34375,2.6796875,-0.501953125,0.25041288075779344,74,1712919037439
1364,0.34765625,2.703125,-0.580078125,0.25041288075779344,65,1712919037439
1364,0.353515625,2.7421875,-0.583984375,0.25041288075779344,36,1712919037439
1364,0.07421875,2.388671875,-0.26171875,0.37561932113669017,43,1712919037439
1364,0.076171875,2.435546875,-0.1796875,0.37561932113669017,109,1712919037439
1364,0.078125,2.466796875,-0.26171875,0.37561932113669017,161,1712919037439
1364,0.158203125,2.41015625,-0.720703125,0.37561932113669017,202,1712919037439
1364,0.16015625,2.443359375,-0.740234375,0.37561932113669017,301,1712919037439
1364,0.08203125,2.498046875,-0.705078125,0.37561932113669017,292,1712919037439
1364,0.1640625,2.525390625,-0.732421875,0.37561932113669017,152,1712919037439
1364,0.0,2.541015625,-0.826171875,0.37561932113669017,39,1712919037439
1364,0.4296875,2.681640625,-0.423828125,0.37561932113669017,30,1712919037439
1364,0.34765625,2.720703125,-0.490234375,0.37561932113669017,40,1712919037439
1364,0.0,2.353515625,-0.251953125,0.5008257615155869,20,1712919037439
1364,0.07421875,2.400390625,-0.134765625,0.5008257615155869,91,1712919037439
1364,0.076171875,2.439453125,-0.09375,0.5008257615155869,189,1712919037439
1364,0.078125,2.470703125,-0.2109375,0.5008257615155869,248,1712919037439
1364,0.158203125,2.4375,-0.615234375,0.5008257615155869,344,1712919037439
1364,0.16015625,2.482421875,-0.59375,0.5008257615155869,550,1712919037439
1364,0.08203125,2.537109375,-0.544921875,0.5008257615155869,544,1712919037439
1364,0.08203125,2.578125,-0.537109375,0.5008257615155869,271,1712919037439
1364,0.0,2.615234375,-0.548828125,0.5008257615155869,64,1712919037439
1364,0.07421875,2.404296875,0.052734375,0.6260322018944836,64,1712919037439
1364,0.076171875,2.44140625,0.076171875,0.6260322018944836,114,1712919037439
1364,0.078125,2.478515625,-0.06640625,0.6260322018944836,133,1712919037439
1364,0.078125,2.470703125,-0.484375,0.6260322018944836,181,1712919037439
1364,0.080078125,2.521484375,-0.427734375,0.6260322018944836,315,1712919037439
1364,0.08203125,2.568359375,-0.365234375,0.6260322018944836,322,1712919037439
1364,0.0,2.615234375,-0.314453125,0.6260322018944836,174,1712919037439
1364,0.0,2.65625,-0.296875,0.6260322018944836,45,1712919037439
1364,0.0,2.5546875,-0.13671875,0.7512386422733803,31,1712919037439
1364,0.0,2.59375,-0.099609375,0.7512386422733803,59,1712919037439
1364,-0.08203125,2.62890625,-0.1484375,0.7512386422733803,47,1712919037439
1364,-0.265625,2.654296875,-0.927734375,0.7512386422733803,27,1712919037439
1364,-0.267578125,2.7265625,-0.830078125,0.7512386422733803,24,1712919037439
1364,-0.70703125,1.943359375,1.92578125,0.0,8,1712919037439
1364,-0.70703125,1.73046875,2.119140625,0.12520644037889672,16,1712919037439
1364,-1.0859375,1.4375,1.974609375,0.37561932113669017,23,1712919037439
1364,-1.001953125,1.318359375,2.09765625,0.5008257615155869,37,1712919037439
1365,0.158203125,2.5078125,-0.1953125,0.37561932113669017,38,1712919037539
1365,0.080078125,2.55078125,-0.177734375,0.37561932113669017,49,1712919037539
1365,0.08203125,2.58984375,-0.15234375,0.37561932113669017,28,1712919037539
1365,0.0,2.4375,-0.16796875,0.5008257615155869,38,1712919037539
1365,0.0,2.4765625,-0.1640625,0.5008257615155869,55,1712919037539
1365,0.078125,2.515625,-0.1328125,0.5008257615155869,97,1712919037539
1365,0.080078125,2.55078125,-0.177734375,0.5008257615155869,136,1712919037539
1365,0.08203125,2.578125,-0.30078125,0.5008257615155869,83,1712919037539
1365,0.0,2.380859375,-1.126953125,0.5008257615155869,37,1712919037539
1365,0.083984375,2.548828125,-0.798828125,0.5008257615155869,70,1712919037539
1365,0.169921875,2.599609375,-0.75,0.5008257615155869,54,1712919037539
1365,0.0859375,2.591796875,-0.91015625,0.5008257615155869,28,1712919037539
1365,0.173828125,2.626953125,-0.912109375,0.5008257615155869,32,1712919037539
1365,0.265625,2.701171875,-0.78515625,0.5008257615155869,45,1712919037539
1365,0.267578125,2.767578125,-0.685546875,0.5008257615155869,33,1712919037539
1365,0.0,2.443359375,-0.052734375,0.6260322018944836,54,1712919037539
1365,0.0,2.48046875,-0.04296875,0.6260322018944836,90,1712919037539
1365,0.078125,2.515625,-0.123046875,0.6260322018944836,135,1712919037539
1365,0.080078125,2.544921875,-0.2421875,0.6260322018944836,162,1712919037539
1365,0.08203125,2.427734375,-0.91796875,0.6260322018944836,101,1712919037539
1365,0.0,2.529296875,-0.73828125,0.6260322018944836,119,1712919037539
1365,0.0,2.59375,-0.640625,0.6260322018944836,167,1712919037539
1365,0.083984375,2.63671875,-0.625,0.6260322018944836,121,1712919037539
1365,0.0859375,2.642578125,-0.75,0.6260322018944836,53,1712919037539
1365,0.173828125,2.671875,-0.7734375,0.6260322018944836,34,1712919037539
1365,0.265625,2.740234375,-0.6328125,0.6260322018944836,45,1712919037539
1365,0.1796875,2.8046875,-0.546875,0.6260322018944836,36,1712919037539
1365,0.0,2.443359375,0.04296875,0.7512386422733803,21,1712919037539
1365,0.0,2.48046875,0.021484375,0.7512386422733803,46,1712919037539
1365,0.0,2.51953125,-0.048828125,0.7512386422733803,83,1712919037539
1365,0.0,2.548828125,-0.212890625,0.7512386422733803,86,1712919037539
1365,0.0,2.5,-0.701171875,0.7512386422733803,57,1712919037539
1365,0.0,2.587890625,-0.494140625,0.7512386422733803,97,1712919037539
1365,0.0,2.630859375,-0.47265625,0.7512386422733803,125,1712919037539
1365,0.0,2.666015625,-0.486328125,0.7512386422733803,89,1712919037539
1365,0.0,2.689453125,-0.564453125,0.7512386422733803,38,1712919037539
1365,-0.08203125,2.6171875,-0.283203125,0.876445082652277,19,1712919037539
1365,0.0,2.66015625,-0.259765625,0.876445082652277,22,1712919037539
1366,0.083984375,1.9921875,-1.779296875,0.0,24,1712919037639
1366,0.169921875,2.06640625,-1.74609375,0.0,28,1712919037639
1366,0.171875,2.21484375,-1.619140625,0.0,19,1712919037639
1366,-0.078125,2.50390625,-0.271484375,0.5008257615155869,45,1712919037639
1366,0.0,2.5390625,-0.30859375,0.5008257615155869,68,1712919037639
1366,0.0,2.56640625,-0.388671875,0.5008257615155869,53,1712919037639
1366,0.08203125,2.599609375,-0.412109375,0.5008257615155869,34,1712919037639
1366,0.083984375,2.634765625,-0.443359375,0.5008257615155869,34,1712919037639
1366,0.0,2.646484375,-0.583984375,0.5008257615155869,27,1712919037639
1366,0.0,2.47265625,-0.208984375,0.6260322018944836,32,1712919037639
1366,0.0,2.515625,-0.142578125,0.6260322018944836,106,1712919037639
1366,0.0,2.552734375,-0.16015625,0.6260322018944836,170,1712919037639
1366,0.0,2.58984375,-0.181640625,0.6260322018944836,142,1712919037639
1366,0.0,2.6328125,0.083984375,0.6260322018944836,49,1712919037639
1366,0.083984375,1.36328125,-2.296875,0.6260322018944836,48,1712919037639
1366,0.083984375,2.369140625,-1.314453125,0.6260322018944836,83,1712919037639
1366,0.0859375,2.578125,-0.94921875,0.6260322018944836,70,1712919037639
1366,0.173828125,2.712890625,-0.6171875,0.6260322018944836,54,1712919037639
1366,0.265625,2.724609375,-0.697265625,0.6260322018944836,63,1712919037639
1366,0.267578125,2.73046875,-0.81640625,0.6260322018944836,65,1712919037639
1366,0.271484375,2.7578125,-0.861328125,0.6260322018944836,47,1712919037639
1366,-0.078125,2.48046875,0.033203125,0.7512386422733803,21,1712919037639
1366,-0.078125,2.517578125,0.021484375,0.7512386422733803,74,1712919037639
1366,-0.080078125,2.556640625,-0.005859375,0.7512386422733803,128,1712919037639
1366,-0.08203125,2.59375,0.005859375,0.7512386422733803,106,1712919037639
1366,0.08203125,2.41796875,-1.04296875,0.7512386422733803,70,1712919037639
1366,0.083984375,2.4921875,-0.962890625,0.7512386422733803,276,1712919037639
1366,0.083984375,2.572265625,-0.84765625,0.7512386422733803,376,1712919037639
1366,0.0859375,2.642578125,-0.75,0.7512386422733803,248,1712919037639
1366,0.173828125,2.736328125,-0.49609375,0.7512386422733803,105,1712919037639
1366,0.265625,2.751953125,-0.576171875,0.7512386422733803,113,1712919037639
1366,0.267578125,2.767578125,-0.685546875,0.7512386422733803,145,1712919037639
1366,0.271484375,2.80078125,-0.705078125,0.7512386422733803,126,1712919037639
1366,0.18359375,2.845703125,-0.7109375,0.7512386422733803,63,1712919037639
1366,0.0,2.513671875,-0.787109375,0.876445082652277,125,1712919037639
1366,0.083984375,2.572265625,-0.720703125,0.876445082652277,332,1712919037639
1366,0.0,2.634765625,-0.634765625,0.876445082652277,416,1712919037639
1366,0.0859375,2.69140625,-0.5546875,0.876445082652277,256,1712919037639
1366,0.087890625,2.76171875,-0.369140625,0.876445082652277,75,1712919037639
1366,0.353515625,2.7734375,-0.40625,0.876445082652277,62,1712919037639
1366,0.267578125,2.80078125,-0.53515625,0.876445082652277,100,1712919037639
1366,0.181640625,2.849609375,-0.51953125,0.876445082652277,100,1712919037639
1366,0.18359375,2.88671875,-0.521484375,0.876445082652277,54,1712919037639
1366,0.0,2.912109375,-0.625,0.876445082652277,19,1712919037639
1366,0.330078125,1.69140625,1.9921875,-1.0016515230311738,35,1712919037639
1366,0.333984375,1.587890625,2.123046875,-1.0016515230311738,86,1712919037639
1366,0.337890625,1.466796875,2.25390625,-1.0016515230311738,105,1712919037639
1366,0.34375,1.322265625,2.384765625,-1.0016515230311738,62,1712919037639
1366,-1.03125,2.330078125,1.033203125,0.0,10,1712919037639
1366,-1.1328125,1.150390625,2.271484375,0.876445082652277,42,1712919037639
1366,-0.658203125,2.45703125,-0.68359375,-1.0016515230311738,26,1712919037639
1366,-0.66796875,2.517578125,-0.595703125,-1.0016515230311738,64,1712919037639
1366,-0.677734375,2.57421875,-0.51171875,-1.0016515230311738,83,1712919037639
1366,-0.7734375,2.60546875,-0.4140625,-1.0016515230311738,54,1712919037639
1367,0.087890625,2.02734375,-1.912109375,0.0,13,1712919037739
1367,0.0,2.56640625,-0.392578125,0.37561932113669017,34,1712919037739
1367,-0.08203125,2.611328125,-0.330078125,0.37561932113669017,33,1712919037739
1367,-0.080078125,2.548828125,-0.20703125,0.5008257615155869,62,1712919037739
1367,0.0,2.587890625,-0.1953125,0.5008257615155869,117,1712919037739
1367,-0.08203125,2.625,-0.197265625,0.5008257615155869,103,1712919037739
1367,-0.16796875,2.666015625,0.052734375,0.5008257615155869,38,1712919037739
1367,0.0,2.7109375,0.044921875,0.5008257615155869,34,1712919037739
1367,-0.080078125,2.556640625,-0.015625,0.6260322018944836,59,1712919037739
1367,-0.08203125,2.59375,-0.009765625,0.6260322018944836,112,1712919037739
1367,-0.08203125,2.6328125,-0.044921875,0.6260322018944836,91,1712919037739
1367,0.0859375,2.6484375,-0.732421875,0.6260322018944836,74,1712919037739
1367,0.0,2.724609375,-0.5859375,0.6260322018944836,162,1712919037739
1367,0.0,2.76953125,-0.556640625,0.6260322018944836,135,1712919037739
1367,0.0,2.8125,-0.541015625,0.6260322018944836,45,1712919037739
1367,-0.162109375,2.583984375,0.189453125,0.7512386422733803,27,1712919037739
1367,0.083984375,2.55078125,-0.9140625,0.7512386422733803,42,1712919037739
1367,0.0859375,2.654296875,-0.708984375,0.7512386422733803,190,1712919037739
1367,0.0,2.71484375,-0.630859375,0.7512386422733803,327,1712919037739
1367,0.0,2.767578125,-0.568359375,0.7512386422733803,259,1712919037739
1367,0.0,2.818359375,-0.5,0.7512386422733803,90,1712919037739
1367,0.271484375,2.806640625,-0.681640625,0.7512386422733803,42,1712919037739
1367,0.083984375,2.6328125,-0.638671875,0.876445082652277,40,1712919037739
1367,0.0859375,2.6796875,-0.603515625,0.876445082652277,153,1712919037739
1367,0.0,2.728515625,-0.56640625,0.876445082652277,254,1712919037739
1367,0.0,2.775390625,-0.529296875,0.876445082652277,205,1712919037739
1367,0.0,2.8203125,-0.49609375,0.876445082652277,80,1712919037739
1367,0.08984375,2.841796875,-0.58203125,0.876445082652277,52,1712919037739
1367,0.18359375,2.873046875,-0.591796875,0.876445082652277,56,1712919037739
1367,0.185546875,2.908203125,-0.615234375,0.876445082652277,45,1712919037739
1367,0.189453125,2.939453125,-0.650390625,0.876445082652277,22,1712919037739
1367,0.4296875,1.53515625,2.240234375,-1.0016515230311738,30,1712919037739
1367,0.34765625,1.685546875,2.19140625,-1.0016515230311738,60,1712919037739
1367,0.265625,1.751953125,2.201171875,-1.0016515230311738,58,1712919037739
1367,0.267578125,1.7421875,2.255859375,-1.0016515230311738,31,1712919037739
1367,0.271484375,1.7890625,2.267578125,-1.0016515230311738,21,1712919037739
1367,0.3671875,1.751953125,2.330078125,-1.0016515230311738,21,1712919037739
1367,0.65234375,1.26953125,2.61328125,-1.0016515230311738,22,1712919037739
1367,-0.95703125,2.515625,0.724609375,0.0,8,1712919037739
1367,-0.943359375,1.93359375,2.11328125,0.876445082652277,12,1712919037739
1367,-0.6875,2.625,-0.4375,-1.0016515230311738,18,1712919037739
1367,-0.783203125,2.6328125,-0.46875,-1.0016515230311738,40,1712919037739
1367,-0.794921875,2.671875,-0.46484375,-1.0016515230311738,43,1712919037739
1367,-0.89453125,2.673828125,-0.501953125,-1.0016515230311738,24,1712919037739
1367,-0.81640625,2.74609375,-0.455078125,-1.0016515230311738,15,1712919037739
1367,-0.642578125,2.865234375,-0.1484375,-1.0016515230311738,17,1712919037739
1367,-0.55859375,2.91796875,-0.20703125,-1.0016515230311738,20,1712919037739
1368,0.0,2.537109375,-0.705078125,0.0,15,1712919037841
1368,-0.083984375,2.595703125,-0.626953125,0.0,14,1712919037841
1368,-0.08203125,2.59375,-0.453125,0.25041288075779344,24,1712919037841
1368,0.0,2.64453125,-0.38671875,0.25041288075779344,21,1712919037841
1368,-0.2578125,2.732421875,-0.150390625,0.25041288075779344,20,1712919037841
1368,-0.162109375,2.583984375,-0.189453125,0.37561932113669017,52,1712919037841
1368,-0.08203125,2.623046875,-0.2265625,0.37561932113669017,130,1712919037841
1368,-0.083984375,2.662109375,-0.22265625,0.37561932113669017,143,1712919037841
1368,0.0,2.697265625,-0.259765625,0.37561932113669017,63,1712919037841
1368,-0.17578125,2.79296875,-0.388671875,0.37561932113669017,51,1712919037841
1368,-0.1796875,2.822265625,-0.44921875,0.37561932113669017,60,1712919037841
1368,-0.08203125,2.59375,-0.0625,0.5008257615155869,62,1712919037841
1368,-0.08203125,2.6328125,-0.060546875,0.5008257615155869,163,1712919037841
1368,-0.083984375,2.669921875,-0.05078125,0.5008257615155869,200,1712919037841
1368,0.0,2.708984375,-0.068359375,0.5008257615155869,124,1712919037841
1368,0.0859375,2.732421875,-0.28125,0.5008257615155869,49,1712919037841
1368,0.0,2.724609375,-0.58203125,0.5008257615155869,47,1712919037841
1368,-0.17578125,2.748046875,-0.634765625,0.5008257615155869,120,1712919037841
1368,-0.08984375,2.802734375,-0.580078125,0.5008257615155869,155,1712919037841
1368,-0.08984375,2.849609375,-0.533203125,0.5008257615155869,98,1712919037841
1368,-0.1640625,2.626953125,0.109375,0.6260322018944836,60,1712919037841
1368,-0.083984375,2.669921875,0.09765625,0.6260322018944836,88,1712919037841
1368,0.0,2.708984375,0.05859375,0.6260322018944836,77,1712919037841
1368,0.0,2.748046875,-0.087890625,0.6260322018944836,56,1712919037841
1368,0.0,2.75,-0.455078125,0.6260322018944836,69,1712919037841
1368,-0.087890625,2.7421875,-0.669921875,0.6260322018944836,156,1712919037841
1368,-0.08984375,2.765625,-0.740234375,0.6260322018944836,199,1712919037841
1368,-0.08984375,2.779296875,-0.826171875,0.6260322018944836,138,1712919037841
1368,-0.091796875,2.8203125,-0.82421875,0.6260322018944836,57,1712919037841
1368,-0.173828125,2.73828125,-0.484375,0.7512386422733803,34,1712919037841
1368,-0.087890625,2.740234375,-0.681640625,0.7512386422733803,84,1712919037841
1368,-0.08984375,2.765625,-0.736328125,0.7512386422733803,115,1712919037841
1368,-0.181640625,2.806640625,-0.7109375,0.7512386422733803,94,1712919037841
1368,0.0,2.833984375,-0.779296875,0.7512386422733803,52,1712919037841
1368,0.279296875,2.85546875,-0.794921875,0.7512386422733803,50,1712919037841
1368,0.189453125,2.921875,-0.7265625,0.7512386422733803,44,1712919037841
1368,0.19140625,2.95703125,-0.740234375,0.7512386422733803,25,1712919037841
1368,0.0,2.7890625,-0.6484375,0.876445082652277,20,1712919037841
1368,-0.08984375,2.83984375,-0.58984375,0.876445082652277,21,1712919037841
1368,0.091796875,2.85546875,-0.69140625,0.876445082652277,24,1712919037841
1368,0.185546875,2.896484375,-0.6640625,0.876445082652277,38,1712919037841
1368,0.283203125,2.953125,-0.546875,0.876445082652277,39,1712919037841
1368,0.287109375,3.005859375,-0.462890625,0.876445082652277,25,1712919037841
1369,0.0,2.46875,-1.44921875,0.0,14,1712919037940
1369,0.0,2.546875,-1.388671875,0.0,17,1712919037940
1369,-0.0859375,2.7265625,-0.341796875,0.25041288075779344,23,1712919037940
1369,-0.267578125,2.791015625,-0.583984375,0.25041288075779344,41,1712919037940
1369,-0.271484375,2.82421875,-0.603515625,0.25041288075779344,69,1712919037940
1369,-0.275390625,2.849609375,-0.669921875,0.25041288075779344,55,1712919037940
1369,-0.16796875,2.654296875,-0.2578125,0.37561932113669017,25,1712919037940
1369,-0.083984375,2.69921875,-0.2421875,0.37561932113669017,50,1712919037940
1369,-0.0859375,2.734375,-0.2578125,0.37561932113669017,75,1712919037940
1369,-0.087890625,2.767578125,-0.31640625,0.37561932113669017,77,1712919037940
1369,-0.087890625,2.7578125,-0.609375,0.37561932113669017,56,1712919037940
1369,-0.267578125,2.79296875,-0.5703125,0.37561932113669017,87,1712919037940
1369,-0.271484375,2.84375,-0.505859375,0.37561932113669017,130,1712919037940
1369,-0.275390625,2.8828125,-0.501953125,0.37561932113669017,95,1712919037940
1369,-0.16796875,2.666015625,-0.076171875,0.5008257615155869,31,1712919037940
1369,-0.169921875,2.701171875,-0.158203125,0.5008257615155869,52,1712919037940
1369,-0.171875,2.740234375,-0.140625,0.5008257615155869,88,1712919037940
1369,-0.087890625,2.78125,-0.14453125,0.5008257615155869,106,1712919037940
1369,0.0,2.8125,-0.259765625,0.5008257615155869,82,1712919037940
1369,-0.1796875,2.779296875,-0.6640625,0.5008257615155869,66,1712919037940
1369,-0.271484375,2.83984375,-0.52734375,0.5008257615155869,74,1712919037940
1369,-0.275390625,2.88671875,-0.482421875,0.5008257615155869,54,1712919037940
1369,-0.171875,2.744140625,-0.005859375,0.6260322018944836,29,1712919037940
1369,-0.087890625,2.78515625,0.03125,0.6260322018944836,43,1712919037940
1369,0.0,2.82421875,0.072265625,0.6260322018944836,35,1712919037940
1369,0.0,2.861328125,-0.083984375,0.6260322018944836,33,1712919037940
1369,0.0,2.87890625,-0.353515625,0.6260322018944836,40,1712919037940
1369,0.095703125,2.931640625,-0.849609375,0.7512386422733803,29,1712919037940
1369,0.095703125,2.95703125,-0.896484375,0.7512386422733803,46,1712919037940
1369,0.09765625,2.998046875,-0.89453125,0.7512386422733803,43,1712919037940
1369,0.099609375,3.0234375,-0.94140625,0.7512386422733803,24,1712919037940
1369,0.19140625,2.900390625,-0.9375,0.876445082652277,55,1712919037940
1369,0.193359375,2.96875,-0.845703125,0.876445082652277,111,1712919037940
1369,0.1953125,3.02734375,-0.771484375,0.876445082652277,108,1712919037940
1369,0.099609375,3.083984375,-0.72265625,0.876445082652277,50,1712919037940
1369,0.572265625,2.0390625,2.201171875,-1.0016515230311738,44,1712919037940
1369,0.580078125,1.859375,2.40234375,-1.0016515230311738,88,1712919037940
1369,0.587890625,1.7265625,2.544921875,-1.0016515230311738,83,1712919037940
1369,0.59375,1.572265625,2.685546875,-1.0016515230311738,33,1712919037940
1369,0.482421875,1.33203125,2.748046875,-0.876445082652277,17,1712919037940
1369,0.48828125,0.53515625,3.044921875,-0.876445082652277,19,1712919037940
1369,0.4765625,1.810546875,2.412109375,-0.7512386422733803,17,1712919037940
1369,0.580078125,1.875,2.388671875,-0.7512386422733803,33,1712919037940
1369,0.587890625,1.943359375,2.3828125,-0.7512386422733803,32,1712919037940
1369,0.494140625,1.873046875,2.5078125,-0.7512386422733803,16,1712919037940
1369,0.580078125,1.66796875,2.5390625,-0.6260322018944836,20,1712919037940
1369,0.587890625,1.625,2.609375,-0.6260322018944836,21,1712919037940
1369,-0.66796875,2.84375,-0.890625,-1.0016515230311738,35,1712919037940
1369,-0.580078125,2.93359375,-0.78515625,-1.0016515230311738,74,1712919037940
1369,-0.685546875,2.974609375,-0.6953125,-1.0016515230311738,73,1712919037940
1369,-0.693359375,3.015625,-0.6796875,-1.0016515230311738,32,1712919037940
1369,-0.67578125,2.974609375,-0.509765625,-0.876445082652277,14,1712919037940
1369,-0.685546875,3.005859375,-0.541015625,-0.876445082652277,16,1712919037940
1369,-0.66796875,2.865234375,-0.822265625,-0.7512386422733803,13,1712919037940
1369,-0.580078125,2.9375,-0.775390625,-0.7512386422733803,26,1712919037940
1369,-0.685546875,2.9296875,-0.86328125,-0.7512386422733803,28,1712919037940
1369,-0.79296875,2.904296875,-0.9921875,-0.7512386422733803,16,1712919037940
1369,-0.67578125,2.904296875,-0.818359375,-0.6260322018944836,15,1712919037940
1369,-0.685546875,2.974609375,-0.6953125,-0.6260322018944836,18,1712919037940
1370,-0.396484375,3.00390625,-0.9296875,0.12520644037889672,21,1712919038041
1370,-0.1796875,2.794921875,-0.59765625,0.25041288075779344,22,1712919038041
1370,-0.181640625,2.8125,-0.689453125,0.25041288075779344,74,1712919038041
1370,-0.18359375,2.83984375,-0.736328125,0.25041288075779344,132,1712919038041
1370,-0.185546875,2.875,-0.75,0.25041288075779344,112,1712919038041
1370,0.0,2.923828125,-0.73828125,0.25041288075779344,37,1712919038041
1370,-0.17578125,2.796875,-0.353515625,0.37561932113669017,22,1712919038041
1370,-0.1796875,2.822265625,-0.453125,0.37561932113669017,43,1712919038041
1370,-0.181640625,2.83203125,-0.609375,0.37561932113669017,145,1712919038041
1370,-0.18359375,2.8671875,-0.619140625,0.37561932113669017,263,1712919038041
1370,-0.185546875,2.9140625,-0.587890625,0.37561932113669017,225,1712919038041
1370,-0.189453125,2.978515625,-0.435546875,0.37561932113669017,75,1712919038041
1370,-0.193359375,2.908203125,-1.03515625,0.37561932113669017,42,1712919038041
1370,0.0,2.7109375,-0.025390625,0.5008257615155869,21,1712919038041
1370,-0.0859375,2.74609375,-0.091796875,0.5008257615155869,36,1712919038041
1370,0.0,2.78515625,-0.078125,0.5008257615155869,35,1712919038041
1370,-0.087890625,2.822265625,-0.06640625,0.5008257615155869,23,1712919038041
1370,-0.357421875,2.826171875,-0.287109375,0.5008257615155869,23,1712919038041
1370,-0.271484375,2.83984375,-0.533203125,0.5008257615155869,82,1712919038041
1370,-0.275390625,2.880859375,-0.51953125,0.5008257615155869,153,1712919038041
1370,-0.279296875,2.931640625,-0.44140625,0.5008257615155869,127,1712919038041
1370,-0.189453125,3.0078125,-0.111328125,0.5008257615155869,37,1712919038041
1370,-0.287109375,2.900390625,-0.916015625,0.5008257615155869,24,1712919038041
1370,-0.2890625,2.958984375,-0.849609375,0.5008257615155869,36,1712919038041
1370,-0.29296875,3.021484375,-0.767578125,0.5008257615155869,27,1712919038041
1370,0.0,2.748046875,-0.052734375,0.6260322018944836,22,1712919038041
1370,0.0,2.787109375,-0.015625,0.6260322018944836,24,1712919038041
1370,-0.482421875,2.802734375,-1.21484375,-0.37561932113669017,19,1712919038041
1370,-0.48828125,2.849609375,-1.19921875,-0.37561932113669017,32,1712919038041
1370,-0.396484375,2.919921875,-1.162109375,-0.37561932113669017,31,1712919038041
1370,-0.38671875,2.904296875,-0.990234375,-0.25041288075779344,29,1712919038041
1370,-0.390625,2.93359375,-1.01953125,-0.25041288075779344,47,1712919038041
1370,-0.494140625,2.974609375,-0.970703125,-0.25041288075779344,40,1712919038041
1370,-0.400390625,3.060546875,-0.8671875,-0.25041288075779344,20,1712919038041
1370,-0.38671875,2.970703125,-0.763671875,-0.12520644037889672,26,1712919038041
1370,-0.48828125,2.994140625,-0.7734375,-0.12520644037889672,37,1712919038041
1370,-0.396484375,3.05078125,-0.7578125,-0.12520644037889672,26,1712919038041
1371,-0.48828125,3.02734375,-0.6328125,0.12520644037889672,25,1712919038141
1371,-0.396484375,3.064453125,-0.69921875,0.12520644037889672,23,1712919038141
1371,-0.275390625,2.869140625,-0.57421875,0.25041288075779344,89,1712919038141
1371,-0.279296875,2.908203125,-0.572265625,0.25041288075779344,151,1712919038141
1371,-0.189453125,2.94921875,-0.60546875,0.25041288075779344,123,1712919038141
1371,-0.19140625,2.978515625,-0.646484375,0.25041288075779344,51,1712919038141
1371,-0.171875,2.740234375,-0.126953125,0.37561932113669017,32,1712919038141
1371,-0.173828125,2.779296875,-0.09375,0.37561932113669017,58,1712919038141
1371,-0.17578125,2.818359375,-0.099609375,0.37561932113669017,78,1712919038141
1371,-0.1796875,2.85546875,-0.091796875,0.37561932113669017,67,1712919038141
1371,-0.18359375,2.896484375,-0.46875,0.37561932113669017,155,1712919038141
1371,-0.279296875,2.93359375,-0.427734375,0.37561932113669017,269,1712919038141
1371,-0.283203125,2.96875,-0.44921875,0.37561932113669017,226,1712919038141
1371,-0.19140625,3.0,-0.54296875,0.37561932113669017,106,1712919038141
1371,-0.2890625,2.984375,-0.751953125,0.37561932113669017,38,1712919038141
1371,-0.171875,2.7421875,0.064453125,0.5008257615155869,38,1712919038141
1371,-0.173828125,2.78125,0.052734375,0.5008257615155869,64,1712919038141
1371,-0.17578125,2.818359375,0.07421875,0.5008257615155869,80,1712919038141
1371,-0.1796875,2.85546875,0.1015625,0.5008257615155869,72,1712919038141
1371,-0.18359375,2.908203125,-0.38671875,0.5008257615155869,91,1712919038141
1371,-0.279296875,2.94140625,-0.3671875,0.5008257615155869,171,1712919038141
1371,-0.283203125,2.97265625,-0.423828125,0.5008257615155869,159,1712919038141
1371,-0.287109375,3.001953125,-0.484375,0.5008257615155869,84,1712919038141
1371,-0.2890625,3.013671875,-0.625,0.5008257615155869,31,1712919038141
1371,-0.265625,2.806640625,0.19140625,0.6260322018944836,21,1712919038141
1371,-0.267578125,2.830078125,0.34765625,0.6260322018944836,20,1712919038141
1371,-0.279296875,2.86328125,-0.765625,0.6260322018944836,39,1712919038141
1371,-0.283203125,2.896484375,-0.7890625,0.6260322018944836,48,1712919038141
1371,-0.287109375,2.927734375,-0.822265625,0.6260322018944836,36,1712919038141
1371,-0.2890625,3.001953125,-0.681640625,0.6260322018944836,21,1712919038141
1371,-0.482421875,2.849609375,-1.09765625,-0.37561932113669017,30,1712919038141
1371,-0.48828125,2.900390625,-1.072265625,-0.37561932113669017,29,1712919038141
1371,-0.482421875,2.912109375,-0.923828125,-0.25041288075779344,28,1712919038141
1371,-0.48828125,2.947265625,-0.93359375,-0.25041288075779344,28,1712919038141
1372,0.0,2.755859375,-0.77734375,0.0,11,1712919038241
1372,-0.494140625,3.013671875,-0.84765625,0.12520644037889672,23,1712919038241
1372,-0.279296875,2.9140625,-0.541015625,0.25041288075779344,51,1712919038241
1372,-0.283203125,2.943359375,-0.58984375,0.25041288075779344,87,1712919038241
1372,-0.19140625,2.990234375,-0.595703125,0.25041288075779344,74,1712919038241
1372,-0.173828125,2.779296875,-0.125,0.37561932113669017,56,1712919038241
1372,-0.17578125,2.814453125,-0.16015625,0.37561932113669017,117,1712919038241
1372,-0.1796875,2.8515625,-0.1796875,0.37561932113669017,140,1712919038241
1372,-0.08984375,2.892578125,-0.1953125,0.37561932113669017,102,1712919038241
1372,-0.18359375,2.9140625,-0.34765625,0.37561932113669017,69,1712919038241
1372,-0.279296875,2.94140625,-0.37109375,0.37561932113669017,140,1712919038241
1372,-0.283203125,2.9765625,-0.396484375,0.37561932113669017,219,1712919038241
1372,-0.287109375,3.015625,-0.390625,0.37561932113669017,176,1712919038241
1372,-0.26171875,2.775390625,0.015625,0.5008257615155869,79,1712919038241
1372,-0.17578125,2.8203125,0.0,0.5008257615155869,171,1712919038241
1372,-0.1796875,2.857421875,-0.00390625,0.5008257615155869,204,1712919038241
1372,-0.181640625,2.896484375,-0.01171875,0.5008257615155869,151,1712919038241
1372,-0.18359375,2.931640625,-0.11328125,0.5008257615155869,85,1712919038241
1372,-0.279296875,2.95703125,-0.216796875,0.5008257615155869,121,1712919038241
1372,-0.283203125,2.98828125,-0.28515625,0.5008257615155869,186,1712919038241
1372,-0.287109375,3.009765625,-0.439453125,0.5008257615155869,171,1712919038241
1372,-0.2890625,2.927734375,-0.953125,0.5008257615155869,99,1712919038241
1372,-0.26171875,2.76953125,0.154296875,0.6260322018944836,34,1712919038241
1372,-0.17578125,2.8125,0.205078125,0.6260322018944836,72,1712919038241
1372,-0.1796875,2.849609375,0.201171875,0.6260322018944836,87,1712919038241
1372,-0.181640625,2.888671875,0.1953125,0.6260322018944836,65,1712919038241
1372,-0.18359375,2.927734375,0.1875,0.6260322018944836,35,1712919038241
1372,-0.279296875,2.9609375,-0.130859375,0.6260322018944836,35,1712919038241
1372,-0.283203125,2.90625,-0.751953125,0.6260322018944836,74,1712919038241
1372,-0.380859375,2.87109375,-0.970703125,0.6260322018944836,118,1712919038241
1372,-0.2890625,2.91796875,-0.982421875,0.6260322018944836,119,1712919038241
1372,-0.29296875,2.966796875,-0.95703125,0.6260322018944836,60,1712919038241
1372,-0.470703125,2.8125,-0.98046875,0.7512386422733803,24,1712919038241
1372,-0.380859375,2.880859375,-0.9375,0.7512386422733803,59,1712919038241
1372,-0.2890625,2.953125,-0.869140625,0.7512386422733803,66,1712919038241
1372,-0.390625,2.986328125,-0.849609375,0.7512386422733803,37,1712919038241
1373,-0.572265625,2.8203125,-1.0234375,0.12520644037889672,29,1712919038342
1373,-0.580078125,2.849609375,-1.048828125,0.12520644037889672,31,1712919038342
1373,-0.30078125,2.978515625,-1.15234375,0.25041288075779344,35,1712919038342
1373,-0.3046875,3.04296875,-1.0859375,0.25041288075779344,40,1712919038342
1373,-0.265625,2.798828125,-0.2734375,0.37561932113669017,19,1712919038342
1373,-0.267578125,2.83984375,-0.251953125,0.37561932113669017,39,1712919038342
1373,-0.181640625,2.888671875,-0.193359375,0.37561932113669017,41,1712919038342
1373,-0.3671875,2.916015625,-0.044921875,0.37561932113669017,22,1712919038342
1373,-0.279296875,2.71875,-1.18359375,0.37561932113669017,27,1712919038342
1373,-0.283203125,2.904296875,-0.759765625,0.37561932113669017,157,1712919038342
1373,-0.287109375,2.94921875,-0.7421875,0.37561932113669017,303,1712919038342
1373,-0.2890625,2.98828125,-0.73828125,0.37561932113669017,284,1712919038342
1373,-0.1953125,3.044921875,-0.703125,0.37561932113669017,137,1712919038342
1373,-0.265625,2.8125,-0.0625,0.5008257615155869,40,1712919038342
1373,-0.1796875,2.857421875,-0.029296875,0.5008257615155869,88,1712919038342
1373,-0.271484375,2.888671875,-0.033203125,0.5008257615155869,91,1712919038342
1373,-0.275390625,2.92578125,0.03125,0.5008257615155869,43,1712919038342
1373,-0.373046875,2.740234375,-1.103515625,0.5008257615155869,38,1712919038342
1373,-0.283203125,2.943359375,-0.591796875,0.5008257615155869,254,1712919038342
1373,-0.287109375,2.98828125,-0.5625,0.5008257615155869,500,1712919038342
1373,-0.2890625,3.025390625,-0.564453125,0.5008257615155869,486,1712919038342
1373,-0.29296875,3.0625,-0.583984375,0.5008257615155869,246,1712919038342
1373,-0.197265625,3.1171875,-0.533203125,0.5008257615155869,65,1712919038342
1373,-0.265625,2.80859375,0.142578125,0.6260322018944836,25,1712919038342
1373,-0.267578125,2.84765625,0.14453125,0.6260322018944836,57,1712919038342
1373,-0.271484375,2.884765625,0.1484375,0.6260322018944836,60,1712919038342
1373,-0.275390625,2.919921875,0.18359375,0.6260322018944836,25,1712919038342
1373,-0.283203125,2.970703125,-0.439453125,0.6260322018944836,120,1712919038342
1373,-0.287109375,3.015625,-0.384765625,0.6260322018944836,248,1712919038342
1373,-0.2890625,3.052734375,-0.3984375,0.6260322018944836,250,1712919038342
1373,-0.29296875,3.083984375,-0.451171875,0.6260322018944836,141,1712919038342
1373,-0.396484375,3.078125,-0.640625,0.6260322018944836,44,1712919038342
1373,-0.38671875,2.998046875,-0.654296875,0.7512386422733803,22,1712919038342
1373,-0.390625,3.013671875,-0.75,0.7512386422733803,32,1712919038342
1373,-0.396484375,3.05859375,-0.724609375,0.7512386422733803,25,1712919038342
1374,-0.09765625,2.990234375,-0.923828125,0.37561932113669017,22,1712919038441
1374,-0.3046875,2.96875,-1.2734375,0.37561932113669017,36,1712919038441
1374,-0.205078125,3.041015625,-1.22265625,0.37561932113669017,41,1712919038441
1374,-0.271484375,2.88671875,-0.08203125,0.5008257615155869,39,1712919038441
1374,-0.275390625,2.923828125,-0.134765625,0.5008257615155869,65,1712919038441
1374,-0.279296875,2.955078125,-0.236328125,0.5008257615155869,70,1712919038441
1374,-0.189453125,2.998046875,-0.27734375,0.5008257615155869,59,1712919038441
1374,-0.287109375,3.02734375,-0.291015625,0.5008257615155869,34,1712919038441
1374,-0.193359375,3.0,-0.724609375,0.5008257615155869,58,1712919038441
1374,-0.1953125,3.0390625,-0.7265625,0.5008257615155869,91,1712919038441
1374,-0.197265625,3.0625,-0.787109375,0.5008257615155869,63,1712919038441
1374,-0.271484375,2.888671875,0.0546875,0.6260322018944836,61,1712919038441
1374,-0.275390625,2.92578125,0.00390625,0.6260322018944836,108,1712919038441
1374,-0.185546875,2.970703125,-0.04296875,0.6260322018944836,121,1712919038441
1374,-0.283203125,3.0,-0.109375,0.6260322018944836,105,1712919038441
1374,-0.287109375,3.0390625,-0.09375,0.6260322018944836,67,1712919038441
1374,-0.193359375,3.02734375,-0.603515625,0.6260322018944836,59,1712919038441
1374,-0.1953125,3.064453125,-0.60546875,0.6260322018944836,100,1712919038441
1374,-0.197265625,3.11328125,-0.5546875,0.6260322018944836,61,1712919038441
1374,-0.36328125,2.869140625,0.234375,0.7512386422733803,30,1712919038441
1374,-0.275390625,2.921875,0.166015625,0.7512386422733803,54,1712919038441
1374,-0.279296875,2.962890625,0.1171875,0.7512386422733803,62,1712919038441
1374,-0.189453125,3.009765625,0.041015625,0.7512386422733803,58,1712919038441
1374,-0.380859375,3.029296875,0.05078125,0.7512386422733803,39,1712919038441
1374,-0.10546875,3.181640625,-1.1875,-0.5008257615155869,28,1712919038441
1374,-0.107421875,3.228515625,-1.171875,-0.5008257615155869,34,1712919038441
1374,-0.216796875,3.27734375,-1.12890625,-0.5008257615155869,20,1712919038441
1374,-0.212890625,3.23046875,-1.033203125,-0.37561932113669017,35,1712919038441
1374,-0.107421875,3.28125,-1.015625,-0.37561932113669017,42,1712919038441
1374,-0.109375,3.3359375,-0.966796875,-0.37561932113669017,24,1712919038441
1374,-0.10546875,3.248046875,-0.9921875,-0.25041288075779344,18,1712919038441
1374,0.0,3.29296875,-0.98046875,-0.25041288075779344,19,1712919038441
1375,0.0,2.91015625,-1.6796875,0.0,13,1712919038542
1375,0.0,3.06640625,-1.462890625,0.0,16,1712919038542
1375,-0.10546875,3.203125,-1.009765625,0.12520644037889672,45,1712919038542
1375,-0.212890625,3.2578125,-0.939453125,0.12520644037889672,74,1712919038542
1375,-0.107421875,3.333984375,-0.82421875,0.12520644037889672,61,1712919038542
1375,-0.103515625,3.21484375,-0.830078125,0.25041288075779344,21,1712919038542
1375,-0.2109375,3.240234375,-0.859375,0.25041288075779344,72,1712919038542
1375,-0.212890625,3.30078125,-0.779296875,0.25041288075779344,116,1712919038542
1375,-0.21484375,3.3515625,-0.728515625,0.25041288075779344,94,1712919038542
1375,-0.216796875,3.40625,-0.650390625,0.25041288075779344,37,1712919038542
1375,-0.20703125,3.189453125,-0.900390625,0.37561932113669017,37,1712919038542
1375,-0.2109375,3.283203125,-0.685546875,0.37561932113669017,60,1712919038542
1375,-0.212890625,3.353515625,-0.509765625,0.37561932113669017,66,1712919038542
1375,-0.322265625,3.373046875,-0.5703125,0.37561932113669017,49,1712919038542
1375,-0.296875,3.037109375,-0.8515625,0.5008257615155869,38,1712919038542
1375,-0.30078125,3.103515625,-0.748046875,0.5008257615155869,36,1712919038542
1375,-0.30859375,3.134765625,-0.923828125,0.5008257615155869,37,1712919038542
1375,-0.20703125,3.19921875,-0.869140625,0.5008257615155869,77,1712919038542
1375,-0.2109375,3.25390625,-0.80859375,0.5008257615155869,75,1712919038542
1375,-0.275390625,2.92578125,-0.033203125,0.6260322018944836,21,1712919038542
1375,-0.373046875,2.953125,-0.091796875,0.6260322018944836,58,1712919038542
1375,-0.376953125,2.9921875,-0.078125,0.6260322018944836,70,1712919038542
1375,-0.380859375,3.029296875,-0.029296875,0.6260322018944836,38,1712919038542
1375,-0.38671875,3.021484375,-0.537109375,0.6260322018944836,28,1712919038542
1375,-0.390625,3.05859375,-0.537109375,0.6260322018944836,131,1712919038542
1375,-0.396484375,3.087890625,-0.59375,0.6260322018944836,226,1712919038542
1375,-0.400390625,3.126953125,-0.583984375,0.6260322018944836,203,1712919038542
1375,-0.40625,3.1875,-0.455078125,0.6260322018944836,78,1712919038542
1375,-0.310546875,3.23046875,-0.70703125,0.6260322018944836,64,1712919038542
1375,-0.314453125,3.271484375,-0.69921875,0.6260322018944836,66,1712919038542
1375,-0.3671875,2.9140625,0.109375,0.7512386422733803,27,1712919038542
1375,-0.373046875,2.953125,0.080078125,0.7512386422733803,73,1712919038542
1375,-0.376953125,2.990234375,0.09765625,0.7512386422733803,85,1712919038542
1375,-0.380859375,3.0234375,0.193359375,0.7512386422733803,44,1712919038542
1375,-0.38671875,3.048828125,-0.34765625,0.7512386422733803,44,1712919038542
1375,-0.390625,3.087890625,-0.341796875,0.7512386422733803,185,1712919038542
1375,-0.494140625,3.099609375,-0.427734375,0.7512386422733803,316,1712919038542
1375,-0.400390625,3.15625,-0.396484375,0.7512386422733803,271,1712919038542
1375,-0.40625,3.203125,-0.328125,0.7512386422733803,92,1712919038542
1375,-0.525390625,3.26953125,-0.564453125,0.7512386422733803,40,1712919038542
1375,-0.46484375,2.927734375,0.287109375,0.876445082652277,26,1712919038542
1375,-0.470703125,2.97265625,0.193359375,0.876445082652277,29,1712919038542
1375,-0.38671875,3.0625,-0.193359375,0.876445082652277,23,1712919038542
1375,-0.48828125,3.08203125,-0.244140625,0.876445082652277,85,1712919038542
1375,-0.494140625,3.1171875,-0.26953125,0.876445082652277,146,1712919038542
1375,-0.501953125,3.15625,-0.2734375,0.876445082652277,125,1712919038542
1375,-0.609375,3.162109375,-0.40234375,0.876445082652277,48,1712919038542
1375,-0.513671875,3.15625,-0.748046875,0.876445082652277,24,1712919038542
1375,-0.10546875,3.19140625,-1.041015625,-0.7512386422733803,17,1712919038542
1375,-0.2109375,3.142578125,-1.171875,-0.12520644037889672,24,1712919038542
1375,-0.212890625,3.193359375,-1.138671875,-0.12520644037889672,33,1712919038542
1375,-0.21484375,3.248046875,-1.09765625,-0.12520644037889672,23,1712919038542
1376,-0.21484375,3.19921875,-1.234375,0.25041288075779344,23,1712919038644
1376,-0.212890625,3.2421875,-0.990234375,0.37561932113669017,31,1712919038644
1376,-0.21484375,3.26171875,-1.05859375,0.37561932113669017,56,1712919038644
1376,-0.326171875,3.30859375,-1.005859375,0.37561932113669017,51,1712919038644
1376,-0.376953125,2.9921875,-0.060546875,0.6260322018944836,29,1712919038644
1376,-0.380859375,3.029296875,-0.083984375,0.6260322018944836,61,1712919038644
1376,-0.38671875,3.0625,-0.17578125,0.6260322018944836,63,1712919038644
1376,-0.390625,3.0703125,-0.470703125,0.6260322018944836,36,1712919038644
1376,-0.400390625,3.01171875,-1.0234375,0.6260322018944836,51,1712919038644
1376,-0.40625,3.07421875,-0.955078125,0.6260322018944836,108,1712919038644
1376,-0.41015625,3.103515625,-0.98828125,0.6260322018944836,135,1712919038644
1376,-0.416015625,3.126953125,-1.0390625,0.6260322018944836,155,1712919038644
1376,-0.525390625,3.15234375,-1.03515625,0.6260322018944836,143,1712919038644
1376,-0.53125,3.216796875,-0.95703125,0.6260322018944836,88,1712919038644
1376,-0.470703125,2.9765625,0.12109375,0.7512386422733803,26,1712919038644
1376,-0.380859375,3.029296875,0.103515625,0.7512386422733803,59,1712919038644
1376,-0.38671875,3.068359375,0.029296875,0.7512386422733803,68,1712919038644
1376,-0.48828125,3.087890625,-0.146484375,0.7512386422733803,45,1712919038644
1376,-0.494140625,3.083984375,-0.53125,0.7512386422733803,31,1712919038644
1376,-0.400390625,3.0859375,-0.771484375,0.7512386422733803,76,1712919038644
1376,-0.40625,3.12890625,-0.759765625,0.7512386422733803,156,1712919038644
1376,-0.41015625,3.162109375,-0.783203125,0.7512386422733803,185,1712919038644
1376,-0.416015625,3.19140625,-0.8203125,0.7512386422733803,177,1712919038644
1376,-0.525390625,3.21875,-0.80859375,0.7512386422733803,139,1712919038644
1376,-0.53125,3.27734375,-0.71875,0.7512386422733803,75,1712919038644
1376,-0.494140625,3.123046875,-0.216796875,0.876445082652277,16,1712919038644
1376,-0.400390625,3.134765625,-0.544921875,0.876445082652277,44,1712919038644
1376,-0.5078125,3.16015625,-0.529296875,0.876445082652277,78,1712919038644
1376,-0.41015625,3.208984375,-0.5625,0.876445082652277,81,1712919038644
1376,-0.623046875,3.2265625,-0.486328125,0.876445082652277,60,1712919038644
1376,-0.525390625,3.28515625,-0.470703125,0.876445082652277,36,1712919038644
1376,-0.203125,1.96875,2.572265625,-1.0016515230311738,23,1712919038644
1376,-0.30859375,2.126953125,2.482421875,-1.0016515230311738,22,1712919038644
1376,-1.521484375,2.748046875,-0.8125,-1.0016515230311738,13,1712919038644
1376,-1.640625,2.6796875,-0.951171875,-1.0016515230311738,12,1712919038644
1377,-0.416015625,2.921875,-1.525390625,0.0,14,1712919038744
1377,-0.41015625,3.142578125,-0.853515625,0.37561932113669017,22,1712919038744
1377,-0.416015625,3.1328125,-1.0234375,0.37561932113669017,30,1712919038744
1377,-0.322265625,3.21484375,-1.166015625,0.37561932113669017,33,1712919038744
1377,-0.326171875,3.291015625,-1.06640625,0.37561932113669017,42,1712919038744
1377,-0.482421875,3.0546875,-0.02734375,0.5008257615155869,20,1712919038744
1377,-0.48828125,3.091796875,0.001953125,0.5008257615155869,29,1712919038744
1377,-0.494140625,3.126953125,0.1484375,0.5008257615155869,21,1712919038744
1377,-0.40625,3.162109375,-0.609375,0.5008257615155869,44,1712919038744
1377,-0.513671875,3.15625,-0.74609375,0.5008257615155869,134,1712919038744
1377,-0.416015625,3.212890625,-0.73046875,0.5008257615155869,184,1712919038744
1377,-0.525390625,3.2265625,-0.77734375,0.5008257615155869,128,1712919038744
1377,-0.423828125,3.267578125,-0.830078125,0.5008257615155869,66,1712919038744
1377,-0.4296875,3.24609375,-1.037109375,0.5008257615155869,79,1712919038744
1377,-0.43359375,3.3203125,-0.923828125,0.5008257615155869,87,1712919038744
1377,-0.482421875,3.05078125,0.142578125,0.6260322018944836,28,1712919038744
1377,-0.48828125,3.087890625,0.15234375,0.6260322018944836,40,1712919038744
1377,-0.396484375,3.13671875,0.208984375,0.6260322018944836,27,1712919038744
1377,-0.5078125,3.181640625,-0.392578125,0.6260322018944836,61,1712919038744
1377,-0.513671875,3.201171875,-0.521484375,0.6260322018944836,178,1712919038744
1377,-0.51953125,3.236328125,-0.5390625,0.6260322018944836,237,1712919038744
1377,-0.525390625,3.26953125,-0.56640625,0.6260322018944836,171,1712919038744
1377,-0.53125,3.29296875,-0.646484375,0.6260322018944836,90,1712919038744
1377,-0.537109375,3.298828125,-0.798828125,0.6260322018944836,79,1712919038744
1377,-0.54296875,3.341796875,-0.783203125,0.6260322018944836,73,1712919038744
1377,-0.5078125,3.201171875,-0.169921875,0.7512386422733803,25,1712919038744
1377,-0.513671875,3.234375,-0.244140625,0.7512386422733803,71,1712919038744
1377,-0.623046875,3.24609375,-0.32421875,0.7512386422733803,95,1712919038744
1377,-0.630859375,3.279296875,-0.361328125,0.7512386422733803,73,1712919038744
1377,-0.63671875,3.302734375,-0.48046875,0.7512386422733803,46,1712919038744
1377,-0.751953125,3.306640625,-0.55859375,0.7512386422733803,44,1712919038744
1377,-0.759765625,3.337890625,-0.59375,0.7512386422733803,39,1712919038744
1378,-0.525390625,3.017578125,-1.37890625,0.0,18,1712919038844
1378,-0.53125,3.015625,-1.470703125,0.0,22,1712919038844
1378,-0.64453125,2.92578125,-1.68359375,0.0,16,1712919038844
1378,-0.330078125,3.076171875,-1.6640625,0.0,12,1712919038844
1378,-0.537109375,3.125,-1.326171875,0.25041288075779344,22,1712919038844
1378,-0.43359375,3.166015625,-1.361328125,0.25041288075779344,26,1712919038844
1378,-0.330078125,3.220703125,-1.361328125,0.25041288075779344,31,1712919038844
1378,-0.310546875,3.080078125,-1.203125,0.37561932113669017,37,1712919038844
1378,-0.419921875,3.2109375,-0.892578125,0.37561932113669017,109,1712919038844
1378,-0.423828125,3.255859375,-0.87109375,0.37561932113669017,149,1712919038844
1378,-0.537109375,3.23828125,-1.015625,0.37561932113669017,161,1712919038844
1378,-0.54296875,3.23828125,-1.1328125,0.37561932113669017,152,1712919038844
1378,-0.439453125,3.2890625,-1.150390625,0.37561932113669017,124,1712919038844
1378,-0.443359375,3.333984375,-1.138671875,0.37561932113669017,95,1712919038844
1378,-0.3359375,3.388671875,-1.130859375,0.37561932113669017,59,1712919038844
1378,-0.59375,3.111328125,0.07421875,0.5008257615155869,25,1712919038844
1378,-0.6015625,3.1484375,0.056640625,0.5008257615155869,30,1712919038844
1378,-0.8203125,3.13671875,0.51171875,0.5008257615155869,23,1712919038844
1378,-0.20703125,3.00390625,-1.400390625,0.5008257615155869,48,1712919038844
1378,-0.314453125,3.236328125,-0.845703125,0.5008257615155869,130,1712919038844
1378,-0.423828125,3.28515625,-0.75390625,0.5008257615155869,190,1712919038844
1378,-0.537109375,3.29296875,-0.8203125,0.5008257615155869,223,1712919038844
1378,-0.54296875,3.310546875,-0.8984375,0.5008257615155869,213,1712919038844
1378,-0.548828125,3.337890625,-0.947265625,0.5008257615155869,149,1712919038844
1378,-0.5546875,3.37890625,-0.939453125,0.5008257615155869,103,1712919038844
1378,-0.560546875,3.416015625,-0.9453125,0.5008257615155869,71,1712919038844
1378,-0.6015625,3.14453125,0.177734375,0.6260322018944836,18,1712919038844
1378,-0.10546875,3.162109375,-1.12890625,0.6260322018944836,38,1712919038844
1378,-0.318359375,3.275390625,-0.841796875,0.6260322018944836,59,1712919038844
1378,-0.64453125,3.33203125,-0.541015625,0.6260322018944836,92,1712919038844
1378,-0.65234375,3.357421875,-0.607421875,0.6260322018944836,91,1712919038844
1378,-0.658203125,3.39453125,-0.6171875,0.6260322018944836,68,1712919038844
1378,-0.77734375,3.419921875,-0.556640625,0.6260322018944836,52,1712919038844
1378,-0.673828125,3.466796875,-0.63671875,0.6260322018944836,44,1712919038844
1378,-0.849609375,3.2734375,-0.333984375,0.7512386422733803,29,1712919038844
1378,-0.859375,3.24609375,-0.7265625,0.7512386422733803,34,1712919038844
1378,-0.869140625,3.216796875,-0.98046875,0.7512386422733803,29,1712919038844
1378,-0.859375,3.22265625,-0.826171875,0.876445082652277,21,1712919038844
1378,-1.259765625,2.861328125,1.228515625,0.6260322018944836,28,1712919038844
1379,-0.63671875,3.1171875,-1.193359375,0.0,19,1712919038944
1379,-0.537109375,3.2109375,-1.1015625,0.0,20,1712919038944
1379,-0.501953125,3.166015625,-0.099609375,0.37561932113669017,38,1712919038944
1379,-0.5078125,3.203125,-0.099609375,0.37561932113669017,50,1712919038944
1379,-0.513671875,3.23828125,-0.15625,0.37561932113669017,43,1712919038944
1379,-0.51953125,3.2734375,-0.2265625,0.37561932113669017,46,1712919038944
1379,-0.525390625,3.208984375,-0.845703125,0.37561932113669017,44,1712919038944
1379,-0.53125,3.244140625,-0.859375,0.37561932113669017,87,1712919038944
1379,-0.537109375,3.32421875,-0.685546875,0.37561932113669017,94,1712919038944
1379,-0.65234375,3.353515625,-0.62890625,0.37561932113669017,61,1712919038944
1379,-0.59375,3.109375,0.15234375,0.5008257615155869,23,1712919038944
1379,-0.501953125,3.166015625,0.099609375,0.5008257615155869,73,1712919038944
1379,-0.609375,3.1875,0.046875,0.5008257615155869,95,1712919038944
1379,-0.615234375,3.224609375,0.046875,0.5008257615155869,79,1712919038944
1379,-0.623046875,3.26171875,0.0,0.5008257615155869,81,1712919038944
1379,-0.419921875,3.318359375,-0.314453125,0.5008257615155869,49,1712919038944
1379,-0.423828125,3.275390625,-0.798828125,0.5008257615155869,80,1712919038944
1379,-0.64453125,3.3515625,-0.40234375,0.5008257615155869,116,1712919038944
1379,-0.759765625,3.373046875,-0.345703125,0.5008257615155869,103,1712919038944
1379,-0.6015625,3.1328125,0.3203125,0.6260322018944836,41,1712919038944
1379,-0.5078125,3.189453125,0.31640625,0.6260322018944836,54,1712919038944
1379,-0.615234375,3.216796875,0.2265625,0.6260322018944836,44,1712919038944
1379,-0.623046875,3.255859375,0.2109375,0.6260322018944836,45,1712919038944
1379,-0.859375,3.326171875,0.078125,0.6260322018944836,66,1712919038944
1379,-0.869140625,3.36328125,0.013671875,0.6260322018944836,52,1712919038944
1379,-0.33203125,3.3828125,-1.0234375,0.6260322018944836,24,1712919038944
1379,-0.560546875,3.50390625,-0.533203125,0.6260322018944836,41,1712919038944
1379,-0.79296875,3.52734375,-0.27734375,0.6260322018944836,41,1712919038944
1380,-0.537109375,3.193359375,-1.150390625,0.0,29,1712919039043
1380,-0.65234375,3.1953125,-1.1953125,0.0,32,1712919039043
1380,-0.548828125,3.30859375,-1.041015625,0.0,18,1712919039043
1380,-0.53125,3.298828125,-0.6171875,0.25041288075779344,21,1712919039043
1380,-0.537109375,3.31640625,-0.71875,0.25041288075779344,56,1712919039043
1380,-0.65234375,3.333984375,-0.728515625,0.25041288075779344,63,1712919039043
1380,-0.609375,3.1875,-0.046875,0.37561932113669017,52,1712919039043
1380,-0.615234375,3.224609375,-0.076171875,0.37561932113669017,84,1712919039043
1380,-0.623046875,3.26171875,-0.05859375,0.37561932113669017,62,1712919039043
1380,-0.630859375,3.294921875,-0.177734375,0.37561932113669017,21,1712919039043
1380,-0.63671875,3.29296875,-0.546875,0.37561932113669017,98,1712919039043
1380,-0.64453125,3.32421875,-0.580078125,0.37561932113669017,244,1712919039043
1380,-0.65234375,3.369140625,-0.5390625,0.37561932113669017,282,1712919039043
1380,-0.548828125,3.453125,-0.337890625,0.37561932113669017,137,1712919039043
1380,-0.6015625,3.146484375,0.13671875,0.5008257615155869,20,1712919039043
1380,-0.609375,3.18359375,0.162109375,0.5008257615155869,81,1712919039043
1380,-0.615234375,3.22265625,0.14453125,0.5008257615155869,129,1712919039043
1380,-0.623046875,3.259765625,0.12109375,0.5008257615155869,93,1712919039043
1380,-0.525390625,3.31640625,-0.078125,0.5008257615155869,31,1712919039043
1380,-0.63671875,3.31640625,-0.373046875,0.5008257615155869,109,1712919039043
1380,-0.64453125,3.35546875,-0.357421875,0.5008257615155869,266,1712919039043
1380,-0.65234375,3.3984375,-0.30859375,0.5008257615155869,312,1712919039043
1380,-0.658203125,3.447265625,-0.154296875,0.5008257615155869,155,1712919039043
1380,-0.44921875,3.330078125,-1.2578125,0.5008257615155869,87,1712919039043
1380,-0.33984375,3.419921875,-1.15625,0.5008257615155869,103,1712919039043
1380,-0.458984375,3.53515625,-0.8515625,0.5008257615155869,90,1712919039043
1380,-0.708984375,3.140625,0.40234375,0.6260322018944836,37,1712919039043
1380,-0.615234375,3.203125,0.376953125,0.6260322018944836,59,1712919039043
1380,-0.623046875,3.248046875,0.30859375,0.6260322018944836,41,1712919039043
1380,-0.63671875,3.33203125,-0.17578125,0.6260322018944836,32,1712919039043
1380,-0.64453125,3.373046875,-0.107421875,0.6260322018944836,80,1712919039043
1380,-0.65234375,3.412109375,-0.037109375,0.6260322018944836,93,1712919039043
1380,-0.767578125,3.42578125,0.05859375,0.6260322018944836,47,1712919039043
1380,-0.44921875,3.400390625,-1.056640625,0.6260322018944836,77,1712919039043
1380,-0.453125,3.494140625,-0.857421875,0.6260322018944836,113,1712919039043
1380,-0.458984375,3.568359375,-0.701171875,0.6260322018944836,101,1712919039043
1380,-0.462890625,3.623046875,-0.611328125,0.6260322018944836,46,1712919039043
1380,-0.56640625,3.5625,-0.375,0.7512386422733803,31,1712919039043
1380,-0.572265625,3.595703125,-0.41796875,0.7512386422733803,31,1712919039043
1381,-0.54296875,3.22265625,-1.177734375,0.0,17,1712919039144
1381,-0.658203125,3.21875,-1.244140625,0.0,21,1712919039144
1381,-0.5546875,3.220703125,-1.38671875,0.0,16,1712919039144
1381,-0.673828125,3.138671875,-1.60546875,0.0,14,1712919039144
1381,-0.56640625,3.15625,-1.6953125,0.0,12,1712919039144
1381,-0.65234375,3.33203125,-0.734375,0.25041288075779344,34,1712919039144
1381,-0.548828125,3.380859375,-0.77734375,0.25041288075779344,45,1712919039144
1381,-0.666015625,3.35546875,-0.947265625,0.25041288075779344,32,1712919039144
1381,-0.673828125,3.306640625,-1.220703125,0.25041288075779344,31,1712919039144
1381,-0.615234375,3.224609375,0.056640625,0.37561932113669017,50,1712919039144
1381,-0.623046875,3.26171875,-0.0390625,0.37561932113669017,95,1712919039144
1381,-0.630859375,3.298828125,-0.107421875,0.37561932113669017,77,1712919039144
1381,-0.64453125,3.333984375,-0.517578125,0.37561932113669017,49,1712919039144
1381,-0.54296875,3.38671875,-0.548828125,0.37561932113669017,131,1712919039144
1381,-0.548828125,3.427734375,-0.533203125,0.37561932113669017,164,1712919039144
1381,-0.666015625,3.4140625,-0.712890625,0.37561932113669017,117,1712919039144
1381,-0.673828125,3.400390625,-0.931640625,0.37561932113669017,110,1712919039144
1381,-0.56640625,3.455078125,-0.943359375,0.37561932113669017,83,1712919039144
1381,-0.458984375,3.509765625,-0.94921875,0.37561932113669017,69,1712919039144
1381,-0.615234375,3.21484375,0.244140625,0.5008257615155869,65,1712919039144
1381,-0.623046875,3.2578125,0.166015625,0.5008257615155869,126,1712919039144
1381,-0.630859375,3.296875,0.123046875,0.5008257615155869,104,1712919039144
1381,-0.63671875,3.33203125,-0.173828125,0.5008257615155869,24,1712919039144
1381,-0.64453125,3.359375,-0.333984375,0.5008257615155869,48,1712919039144
1381,-0.65234375,3.39453125,-0.345703125,0.5008257615155869,126,1712919039144
1381,-0.548828125,3.455078125,-0.318359375,0.5008257615155869,152,1712919039144
1381,-0.666015625,3.455078125,-0.470703125,0.5008257615155869,107,1712919039144
1381,-0.673828125,3.466796875,-0.642578125,0.5008257615155869,98,1712919039144
1381,-0.6796875,3.50390625,-0.646484375,0.5008257615155869,62,1712919039144
1381,-0.458984375,3.5703125,-0.685546875,0.5008257615155869,94,1712919039144
1381,-0.462890625,3.6015625,-0.728515625,0.5008257615155869,103,1712919039144
1381,-0.3515625,3.6484375,-0.751953125,0.5008257615155869,61,1712919039144
1381,-0.615234375,3.1953125,0.44140625,0.6260322018944836,25,1712919039144
1381,-0.623046875,3.240234375,0.375,0.6260322018944836,48,1712919039144
1381,-0.630859375,3.279296875,0.365234375,0.6260322018944836,40,1712919039144
1381,-0.54296875,3.427734375,-0.16796875,0.6260322018944836,30,1712919039144
1381,-0.34375,3.611328125,-0.525390625,0.6260322018944836,51,1712919039144
1381,-0.462890625,3.66015625,-0.322265625,0.6260322018944836,55,1712919039144
1381,-0.466796875,3.6953125,-0.34765625,0.6260322018944836,33,1712919039144
1381,-0.458984375,3.48046875,-1.052734375,0.7512386422733803,28,1712919039144
1381,-0.462890625,3.537109375,-0.990234375,0.7512386422733803,33,1712919039144
1381,-0.583984375,3.52734375,-1.099609375,0.7512386422733803,24,1712919039144
1381,-0.462890625,3.64453125,-0.4609375,0.876445082652277,27,1712919039144
1381,-0.583984375,3.634765625,-0.671875,0.876445082652277,22,1712919039144
1381,0.111328125,2.646484375,2.421875,-0.876445082652277,15,1712919039144
1381,0.111328125,2.515625,2.556640625,-0.7512386422733803,23,1712919039144
1381,0.11328125,2.560546875,2.564453125,-0.7512386422733803,20,1712919039144
1381,-1.234375,3.20703125,-1.03515625,-0.876445082652277,10,1712919039144
1381,-1.234375,3.205078125,-1.041015625,-0.7512386422733803,13,1712919039144
1381,-1.24609375,3.32421875,-0.744140625,-0.7512386422733803,12,1712919039144
1382,-0.623046875,3.26171875,0.0390625,0.37561932113669017,37,1712919039244
1382,-0.630859375,3.30078125,-0.015625,0.37561932113669017,79,1712919039244
1382,-0.63671875,3.3359375,-0.0703125,0.37561932113669017,76,1712919039244
1382,-0.64453125,3.373046875,-0.087890625,0.37561932113669017,36,1712919039244
1382,-0.767578125,3.408203125,-0.369140625,0.37561932113669017,36,1712919039244
1382,-0.77734375,3.421875,-0.5390625,0.37561932113669017,72,1712919039244
1382,-0.78515625,3.44140625,-0.650390625,0.37561932113669017,80,1712919039244
1382,-0.79296875,3.427734375,-0.87890625,0.37561932113669017,59,1712919039244
1382,-0.623046875,3.25390625,0.244140625,0.5008257615155869,55,1712919039244
1382,-0.630859375,3.294921875,0.16796875,0.5008257615155869,114,1712919039244
1382,-0.63671875,3.3359375,0.11328125,0.5008257615155869,109,1712919039244
1382,-0.64453125,3.375,0.064453125,0.5008257615155869,49,1712919039244
1382,-0.759765625,3.390625,-0.001953125,0.5008257615155869,29,1712919039244
1382,-0.767578125,3.419921875,-0.232421875,0.5008257615155869,58,1712919039244
1382,-0.77734375,3.451171875,-0.294921875,0.5008257615155869,117,1712919039244
1382,-0.78515625,3.48046875,-0.3828125,0.5008257615155869,134,1712919039244
1382,-0.79296875,3.4921875,-0.568359375,0.5008257615155869,91,1712919039244
1382,-0.583984375,3.576171875,-0.927734375,0.5008257615155869,53,1712919039244
1382,-0.7265625,3.21484375,0.416015625,0.6260322018944836,23,1712919039244
1382,-0.630859375,3.27734375,0.388671875,0.6260322018944836,49,1712919039244
1382,-0.63671875,3.318359375,0.357421875,0.6260322018944836,46,1712919039244
1382,-0.751953125,3.34375,0.24609375,0.6260322018944836,19,1712919039244
1382,-0.87890625,3.400390625,0.017578125,0.6260322018944836,29,1712919039244
1382,-0.77734375,3.462890625,-0.072265625,0.6260322018944836,59,1712919039244
1382,-0.78515625,3.49609375,-0.1875,0.6260322018944836,68,1712919039244
1382,-0.79296875,3.525390625,-0.30859375,0.6260322018944836,47,1712919039244
1382,-0.462890625,3.548828125,-0.951171875,0.6260322018944836,57,1712919039244
1382,-0.466796875,3.607421875,-0.87890625,0.6260322018944836,96,1712919039244
1382,-0.47265625,3.66015625,-0.81640625,0.6260322018944836,82,1712919039244
1382,-0.595703125,3.68359375,-0.8046875,0.6260322018944836,34,1712919039244
1382,-0.578125,3.568359375,-0.8046875,0.7512386422733803,35,1712919039244
1382,-0.466796875,3.638671875,-0.73046875,0.7512386422733803,59,1712919039244
1382,-0.58984375,3.66015625,-0.73828125,0.7512386422733803,50,1712919039244
1382,0.115234375,2.734375,2.4375,-0.876445082652277,21,1712919039244
1382,0.0,2.615234375,2.62109375,-0.876445082652277,28,1712919039244
1382,0.1171875,2.66796875,2.619140625,-0.876445082652277,19,1712919039244
1382,0.0,2.330078125,2.876953125,-0.7512386422733803,20,1712919039244
1382,-1.259765625,3.24609375,-1.142578125,-0.876445082652277,13,1712919039244
1382,-1.388671875,3.294921875,-0.962890625,-0.876445082652277,17,1712919039244
1382,-1.40234375,3.396484375,-0.703125,-0.876445082652277,13,1712919039244
1383,-0.63671875,3.333984375,-0.14453125,0.37561932113669017,42,1712919039344
1383,-0.64453125,3.369140625,-0.1875,0.37561932113669017,42,1712919039344
1383,-0.65234375,3.40234375,-0.263671875,0.37561932113669017,31,1712919039344
1383,-0.658203125,3.42578125,-0.3984375,0.37561932113669017,38,1712919039344
1383,-0.666015625,3.4453125,-0.541015625,0.37561932113669017,36,1712919039344
1383,-0.78515625,3.46875,-0.484375,0.37561932113669017,56,1712919039344
1383,-0.79296875,3.5,-0.517578125,0.37561932113669017,77,1712919039344
1383,-0.80078125,3.529296875,-0.572265625,0.37561932113669017,60,1712919039344
1383,-0.630859375,3.298828125,0.099609375,0.5008257615155869,35,1712919039344
1383,-0.63671875,3.3359375,0.076171875,0.5008257615155869,89,1712919039344
1383,-0.64453125,3.375,0.06640625,0.5008257615155869,84,1712919039344
1383,-0.65234375,3.412109375,-0.052734375,0.5008257615155869,56,1712919039344
1383,-0.658203125,3.447265625,-0.150390625,0.5008257615155869,79,1712919039344
1383,-0.77734375,3.45703125,-0.236328125,0.5008257615155869,68,1712919039344
1383,-0.896484375,3.466796875,-0.228515625,0.5008257615155869,88,1712919039344
1383,-0.90625,3.501953125,-0.255859375,0.5008257615155869,120,1712919039344
1383,-0.80078125,3.546875,-0.4609375,0.5008257615155869,115,1712919039344
1383,-0.63671875,3.322265625,0.326171875,0.6260322018944836,55,1712919039344
1383,-0.751953125,3.3359375,0.33984375,0.6260322018944836,49,1712919039344
1383,-0.759765625,3.388671875,0.0859375,0.6260322018944836,32,1712919039344
1383,-0.658203125,3.44921875,0.068359375,0.6260322018944836,52,1712919039344
1383,-0.77734375,3.462890625,-0.064453125,0.6260322018944836,38,1712919039344
1383,-1.01953125,3.48046875,0.0625,0.6260322018944836,49,1712919039344
1383,-0.80078125,3.552734375,-0.4140625,0.6260322018944836,75,1712919039344
1383,-0.693359375,3.59375,-0.5625,0.6260322018944836,71,1712919039344
1383,-0.583984375,3.630859375,-0.69140625,0.6260322018944836,61,1712919039344
1383,-0.47265625,3.65234375,-0.845703125,0.6260322018944836,84,1712919039344
1383,-0.4765625,3.69140625,-0.8515625,0.6260322018944836,90,1712919039344
1383,-0.466796875,3.6796875,-0.494140625,0.7512386422733803,50,1712919039344
1383,-0.47265625,3.697265625,-0.630859375,0.7512386422733803,101,1712919039344
1383,-0.4765625,3.73828125,-0.60546875,0.7512386422733803,114,1712919039344
1383,-0.6015625,3.759765625,-0.611328125,0.7512386422733803,63,1712919039344
1383,-0.353515625,3.673828125,-0.818359375,0.876445082652277,44,1712919039344
1383,-0.357421875,3.71875,-0.78515625,0.876445082652277,47,1712919039344
1383,-0.361328125,3.708984375,-0.98828125,0.876445082652277,26,1712919039344
1383,0.0,2.34765625,2.962890625,-1.0016515230311738,17,1712919039344
1383,0.0,2.296875,3.05078125,-1.0016515230311738,19,1712919039344
1383,-1.41796875,3.3984375,-0.8515625,-1.0016515230311738,10,1712919039344
1383,-1.55078125,3.330078125,-1.041015625,-1.0016515230311738,10,1712919039344
1384,-0.572265625,3.13671875,-1.806640625,0.0,18,1712919039444
1384,-0.693359375,3.236328125,-1.66015625,0.0,14,1712919039444
1384,-0.64453125,3.373046875,-0.08203125,0.5008257615155869,55,1712919039444
1384,-0.54296875,3.4296875,-0.123046875,0.5008257615155869,92,1712919039444
1384,-0.548828125,3.462890625,-0.193359375,0.5008257615155869,63,1712919039444
1384,-0.673828125,3.455078125,-0.69921875,0.5008257615155869,38,1712919039444
1384,-0.79296875,3.451171875,-0.78125,0.5008257615155869,68,1712919039444
1384,-0.6875,3.521484375,-0.74609375,0.5008257615155869,95,1712919039444
1384,-0.810546875,3.501953125,-0.890625,0.5008257615155869,86,1712919039444
1384,-0.935546875,3.443359375,-1.126953125,0.5008257615155869,61,1712919039444
1384,-0.64453125,3.37109375,0.171875,0.6260322018944836,73,1712919039444
1384,-0.65234375,3.41015625,0.1171875,0.6260322018944836,121,1712919039444
1384,-0.658203125,3.44921875,0.017578125,0.6260322018944836,89,1712919039444
1384,-0.666015625,3.4765625,-0.279296875,0.6260322018944836,38,1712919039444
1384,-0.673828125,3.48828125,-0.5078125,0.6260322018944836,86,1712919039444
1384,-0.6796875,3.517578125,-0.564453125,0.6260322018944836,200,1712919039444
1384,-0.6875,3.5546875,-0.572265625,0.6260322018944836,283,1712919039444
1384,-0.693359375,3.5859375,-0.611328125,0.6260322018944836,212,1712919039444
1384,-0.818359375,3.55078125,-0.849609375,0.6260322018944836,98,1712919039444
1384,-0.826171875,3.5,-1.162109375,0.6260322018944836,52,1712919039444
1384,-0.64453125,3.3515625,0.390625,0.7512386422733803,28,1712919039444
1384,-0.65234375,3.392578125,0.361328125,0.7512386422733803,46,1712919039444
1384,-0.658203125,3.43359375,0.3359375,0.7512386422733803,37,1712919039444
1384,-0.666015625,3.486328125,0.064453125,0.7512386422733803,23,1712919039444
1384,-0.673828125,3.509765625,-0.330078125,0.7512386422733803,66,1712919039444
1384,-0.6796875,3.544921875,-0.361328125,0.7512386422733803,180,1712919039444
1384,-0.6875,3.58203125,-0.357421875,0.7512386422733803,261,1712919039444
1384,-0.810546875,3.59375,-0.3828125,0.7512386422733803,180,1712919039444
1384,-0.818359375,3.60546875,-0.572265625,0.7512386422733803,59,1712919039444
1384,-0.357421875,3.783203125,-0.365234375,0.7512386422733803,48,1712919039444
1384,-0.482421875,3.759765625,-0.703125,0.7512386422733803,95,1712919039444
1384,-0.486328125,3.79296875,-0.73046875,0.7512386422733803,100,1712919039444
1384,-0.4921875,3.818359375,-0.798828125,0.7512386422733803,53,1712919039444
1384,-0.6796875,3.55859375,-0.181640625,0.876445082652277,46,1712919039444
1384,-0.6875,3.59765625,-0.134765625,0.876445082652277,66,1712919039444
1384,-0.810546875,3.611328125,-0.1171875,0.876445082652277,40,1712919039444
1384,-0.4765625,3.775390625,-0.30078125,0.876445082652277,33,1712919039444
1384,-0.482421875,3.80859375,-0.369140625,0.876445082652277,57,1712919039444
1384,-0.486328125,3.84375,-0.39453125,0.876445082652277,57,1712919039444
1384,-0.4921875,3.880859375,-0.390625,0.876445082652277,30,1712919039444
1385,-0.5546875,3.494140625,-0.29296875,0.37561932113669017,25,1712919039545
1385,-0.673828125,3.50390625,-0.375,0.37561932113669017,24,1712919039545
1385,-0.80078125,3.501953125,-0.728515625,0.37561932113669017,25,1712919039545
1385,-0.693359375,3.572265625,-0.68359375,0.37561932113669017,43,1712919039545
1385,-0.818359375,3.572265625,-0.75390625,0.37561932113669017,49,1712919039545
1385,-0.65234375,3.412109375,0.00390625,0.5008257615155869,24,1712919039545
1385,-0.548828125,3.46875,-0.044921875,0.5008257615155869,66,1712919039545
1385,-0.5546875,3.505859375,-0.09375,0.5008257615155869,98,1712919039545
1385,-0.560546875,3.541015625,-0.1328125,0.5008257615155869,92,1712919039545
1385,-0.6796875,3.552734375,-0.26171875,0.5008257615155869,66,1712919039545
1385,-0.572265625,3.583984375,-0.505859375,0.5008257615155869,85,1712919039545
1385,-0.693359375,3.580078125,-0.638671875,0.5008257615155869,150,1712919039545
1385,-0.701171875,3.615234375,-0.6640625,0.5008257615155869,165,1712919039545
1385,-0.708984375,3.6484375,-0.681640625,0.5008257615155869,111,1712919039545
1385,-0.65234375,3.40234375,0.2578125,0.6260322018944836,26,1712919039545
1385,-0.658203125,3.4453125,0.177734375,0.6260322018944836,69,1712919039545
1385,-0.666015625,3.484375,0.146484375,0.6260322018944836,100,1712919039545
1385,-0.673828125,3.5234375,0.0859375,0.6260322018944836,91,1712919039545
1385,-0.6796875,3.5625,-0.041015625,0.6260322018944836,64,1712919039545
1385,-0.6875,3.58203125,-0.359375,0.6260322018944836,91,1712919039545
1385,-0.693359375,3.607421875,-0.4609375,0.6260322018944836,172,1712919039545
1385,-0.701171875,3.6484375,-0.447265625,0.6260322018944836,202,1712919039545
1385,-0.708984375,3.68359375,-0.4609375,0.6260322018944836,132,1712919039545
1385,-0.49609375,3.806640625,-1.017578125,0.6260322018944836,59,1712919039545
1385,-0.666015625,3.46484375,0.390625,0.7512386422733803,27,1712919039545
1385,-0.78515625,3.486328125,0.318359375,0.7512386422733803,23,1712919039545
1385,-0.80078125,3.5703125,-0.193359375,0.7512386422733803,30,1712919039545
1385,-0.693359375,3.630859375,-0.208984375,0.7512386422733803,67,1712919039545
1385,-0.701171875,3.669921875,-0.1953125,0.7512386422733803,82,1712919039545
1385,-0.708984375,3.708984375,-0.15625,0.7512386422733803,55,1712919039545
1386,-0.701171875,3.396484375,-1.40234375,0.0,15,1712919039646
1386,-0.58984375,3.498046875,-1.302734375,0.0,24,1712919039646
1386,-0.595703125,3.576171875,-1.193359375,0.0,21,1712919039646
1386,-0.72265625,3.5078125,-1.4296875,0.0,18,1712919039646
1386,-0.701171875,3.6015625,-0.732421875,0.25041288075779344,48,1712919039646
1386,-0.708984375,3.640625,-0.73046875,0.25041288075779344,61,1712919039646
1386,-0.71484375,3.6484375,-0.865234375,0.25041288075779344,60,1712919039646
1386,-0.72265625,3.66015625,-0.970703125,0.25041288075779344,66,1712919039646
1386,-0.609375,3.68359375,-1.10546875,0.25041288075779344,54,1712919039646
1386,-0.5546875,3.505859375,-0.025390625,0.37561932113669017,55,1712919039646
1386,-0.560546875,3.54296875,-0.08984375,0.37561932113669017,84,1712919039646
1386,-0.6796875,3.55859375,-0.173828125,0.37561932113669017,68,1712919039646
1386,-0.6875,3.59375,-0.21484375,0.37561932113669017,27,1712919039646
1386,-0.693359375,3.61328125,-0.42578125,0.37561932113669017,53,1712919039646
1386,-0.701171875,3.64453125,-0.474609375,0.37561932113669017,158,1712919039646
1386,-0.58984375,3.70703125,-0.447265625,0.37561932113669017,219,1712919039646
1386,-0.71484375,3.71875,-0.48046875,0.37561932113669017,160,1712919039646
1386,-0.72265625,3.7421875,-0.578125,0.37561932113669017,80,1712919039646
1386,-0.609375,3.724609375,-0.962890625,0.37561932113669017,46,1712919039646
1386,-0.4921875,3.69140625,-1.265625,0.37561932113669017,44,1712919039646
1386,-0.49609375,3.775390625,-1.125,0.37561932113669017,61,1712919039646
1386,-0.626953125,3.845703125,-0.939453125,0.37561932113669017,65,1712919039646
1386,-0.548828125,3.451171875,0.349609375,0.5008257615155869,27,1712919039646
1386,-0.5546875,3.501953125,0.173828125,0.5008257615155869,92,1712919039646
1386,-0.560546875,3.54296875,0.115234375,0.5008257615155869,145,1712919039646
1386,-0.6796875,3.5625,0.064453125,0.5008257615155869,113,1712919039646
1386,-0.6875,3.599609375,0.01171875,0.5008257615155869,43,1712919039646
1386,-0.693359375,3.63671875,-0.083984375,0.5008257615155869,51,1712919039646
1386,-0.701171875,3.66796875,-0.220703125,0.5008257615155869,137,1712919039646
1386,-0.708984375,3.705078125,-0.248046875,0.5008257615155869,199,1712919039646
1386,-0.71484375,3.744140625,-0.20703125,0.5008257615155869,142,1712919039646
1386,-0.369140625,3.8359375,-0.78515625,0.5008257615155869,35,1712919039646
1386,-0.49609375,3.884765625,-0.650390625,0.5008257615155869,84,1712919039646
1386,-0.626953125,3.919921875,-0.556640625,0.5008257615155869,94,1712919039646
1386,-0.6328125,3.9765625,-0.3984375,0.5008257615155869,53,1712919039646
1386,-0.666015625,3.46484375,0.388671875,0.6260322018944836,47,1712919039646
1386,-0.673828125,3.5078125,0.33984375,0.6260322018944836,73,1712919039646
1386,-0.6796875,3.548828125,0.322265625,0.6260322018944836,56,1712919039646
1386,-0.6875,3.591796875,0.25390625,0.6260322018944836,20,1712919039646
1386,-0.62109375,3.916015625,-0.220703125,0.6260322018944836,38,1712919039646
1386,-0.751953125,3.9375,0.033203125,0.6260322018944836,38,1712919039646
1387,-0.869140625,3.748046875,-0.9765625,0.0,26,1712919039746
1387,-0.876953125,3.763671875,-1.064453125,0.0,31,1712919039746
1387,-0.7578125,3.79296875,-1.189453125,0.0,23,1712919039746
1387,-0.708984375,3.662109375,-0.611328125,0.12520644037889672,54,1712919039746
1387,-0.71484375,3.6953125,-0.634765625,0.12520644037889672,80,1712919039746
1387,-0.72265625,3.744140625,-0.572265625,0.12520644037889672,63,1712919039746
1387,-0.97265625,3.734375,-0.513671875,0.12520644037889672,26,1712919039746
1387,-0.869140625,3.802734375,-0.740234375,0.12520644037889672,48,1712919039746
1387,-1.001953125,3.82421875,-0.658203125,0.12520644037889672,55,1712919039746
1387,-0.56640625,3.568359375,-0.310546875,0.25041288075779344,27,1712919039746
1387,-0.6875,3.587890625,-0.287109375,0.25041288075779344,38,1712919039746
1387,-0.693359375,3.62109375,-0.34765625,0.25041288075779344,33,1712919039746
1387,-0.583984375,3.67578125,-0.380859375,0.25041288075779344,49,1712919039746
1387,-0.708984375,3.6875,-0.427734375,0.25041288075779344,123,1712919039746
1387,-0.71484375,3.7265625,-0.419921875,0.25041288075779344,168,1712919039746
1387,-0.72265625,3.767578125,-0.38671875,0.25041288075779344,118,1712919039746
1387,-0.37890625,3.876953125,-1.09765625,0.25041288075779344,59,1712919039746
1387,-0.673828125,3.5234375,0.1171875,0.37561932113669017,26,1712919039746
1387,-0.56640625,3.58203125,-0.0390625,0.37561932113669017,53,1712919039746
1387,-0.6875,3.599609375,-0.04296875,0.37561932113669017,64,1712919039746
1387,-0.693359375,3.63671875,-0.0859375,0.37561932113669017,47,1712919039746
1387,-0.701171875,3.673828125,-0.041015625,0.37561932113669017,42,1712919039746
1387,-0.708984375,3.708984375,-0.140625,0.37561932113669017,88,1712919039746
1387,-0.71484375,3.74609375,-0.181640625,0.37561932113669017,117,1712919039746
1387,-0.72265625,3.783203125,-0.177734375,0.37561932113669017,80,1712919039746
1387,-0.501953125,3.873046875,-0.90234375,0.37561932113669017,54,1712919039746
1387,-0.505859375,3.931640625,-0.810546875,0.37561932113669017,84,1712919039746
1387,-0.509765625,3.986328125,-0.73046875,0.37561932113669017,62,1712919039746
1387,-0.6796875,3.5546875,0.2265625,0.5008257615155869,33,1712919039746
1387,-0.80078125,3.572265625,0.16015625,0.5008257615155869,38,1712919039746
1387,-0.810546875,3.61328125,-0.021484375,0.5008257615155869,26,1712919039746
1387,-0.501953125,3.935546875,-0.578125,0.5008257615155869,27,1712919039746
1387,-0.505859375,3.95703125,-0.673828125,0.5008257615155869,36,1712919039746
1388,-0.708984375,3.6484375,-0.681640625,0.0,28,1712919039847
1388,-0.8359375,3.646484375,-0.763671875,0.0,43,1712919039847
1388,-0.72265625,3.740234375,-0.599609375,0.0,27,1712919039847
1388,-0.826171875,3.65234375,-0.509765625,0.12520644037889672,49,1712919039847
1388,-0.8359375,3.689453125,-0.509765625,0.12520644037889672,65,1712919039847
1388,-1.083984375,3.587890625,-0.904296875,0.12520644037889672,36,1712919039847
1388,-0.505859375,3.921875,-0.86328125,0.12520644037889672,77,1712919039847
1388,-0.509765625,3.97265625,-0.8046875,0.12520644037889672,73,1712919039847
1388,-0.693359375,3.63671875,0.060546875,0.25041288075779344,31,1712919039847
1388,-0.701171875,3.673828125,-0.11328125,0.25041288075779344,53,1712919039847
1388,-0.708984375,3.708984375,-0.138671875,0.25041288075779344,55,1712919039847
1388,-0.955078125,3.689453125,-0.216796875,0.25041288075779344,44,1712919039847
1388,-0.501953125,3.91796875,-0.677734375,0.25041288075779344,56,1712919039847
1388,-0.6328125,3.955078125,-0.580078125,0.25041288075779344,104,1712919039847
1388,-0.638671875,4.005859375,-0.47265625,0.25041288075779344,94,1712919039847
1388,-0.64453125,4.0546875,-0.3828125,0.25041288075779344,38,1712919039847
1388,-0.56640625,3.580078125,0.103515625,0.37561932113669017,38,1712919039847
1388,-0.6875,3.599609375,0.076171875,0.37561932113669017,48,1712919039847
1388,-0.693359375,3.626953125,0.263671875,0.37561932113669017,34,1712919039847
1388,-0.701171875,3.671875,0.134765625,0.37561932113669017,63,1712919039847
1388,-0.708984375,3.708984375,0.15234375,0.37561932113669017,52,1712919039847
1388,-0.6328125,3.98828125,-0.26171875,0.37561932113669017,44,1712919039847
1388,-0.638671875,4.029296875,-0.203125,0.37561932113669017,38,1712919039847
1388,-0.6796875,3.54296875,0.365234375,0.5008257615155869,24,1712919039847
1388,-0.6875,3.583984375,0.34765625,0.5008257615155869,34,1712919039847
1388,-0.810546875,3.6015625,0.294921875,0.5008257615155869,19,1712919039847
1388,-0.701171875,3.66015625,0.33984375,0.5008257615155869,29,1712919039847
1388,-0.708984375,3.69140625,0.388671875,0.5008257615155869,29,1712919039847
1389,-0.578125,3.6484375,-0.251953125,0.0,17,1712919039946
1389,-0.701171875,3.658203125,-0.345703125,0.0,36,1712919039946
1389,-0.58984375,3.716796875,-0.353515625,0.0,36,1712919039946
1389,-0.595703125,3.7421875,-0.46484375,0.0,22,1712919039946
1389,-0.72265625,3.65625,-0.990234375,0.0,19,1712919039946
1389,-0.9921875,3.82421875,-0.384765625,0.0,37,1712919039946
1389,-1.126953125,3.8359375,-0.283203125,0.0,30,1712919039946
1389,-0.6875,3.599609375,-0.05859375,0.12520644037889672,26,1712919039946
1389,-0.693359375,3.63671875,-0.099609375,0.12520644037889672,74,1712919039946
1389,-0.583984375,3.693359375,-0.1171875,0.12520644037889672,108,1712919039946
1389,-0.708984375,3.708984375,-0.16015625,0.12520644037889672,84,1712919039946
1389,-0.595703125,3.736328125,-0.505859375,0.12520644037889672,40,1712919039946
1389,-0.72265625,3.6640625,-0.95703125,0.12520644037889672,37,1712919039946
1389,-0.572265625,3.619140625,0.103515625,0.25041288075779344,53,1712919039946
1389,-0.693359375,3.63671875,0.08984375,0.25041288075779344,116,1712919039946
1389,-0.701171875,3.673828125,0.076171875,0.25041288075779344,139,1712919039946
1389,-0.58984375,3.732421875,0.04296875,0.25041288075779344,101,1712919039946
1389,-0.595703125,3.76953125,-0.046875,0.25041288075779344,50,1712919039946
1389,-0.6875,3.583984375,0.345703125,0.37561932113669017,34,1712919039946
1389,-0.693359375,3.625,0.30859375,0.37561932113669017,72,1712919039946
1389,-0.701171875,3.66796875,0.23828125,0.37561932113669017,83,1712919039946
1389,-0.708984375,3.705078125,0.234375,0.37561932113669017,59,1712919039946
1389,-0.8359375,3.716796875,0.23828125,0.37561932113669017,25,1712919039946
1389,-0.701171875,3.658203125,0.34765625,0.5008257615155869,25,1712919039946
1389,-0.8515625,3.71875,-0.77734375,-0.25041288075779344,22,1712919039946
1389,-0.859375,3.73828125,-0.869140625,-0.25041288075779344,35,1712919039946
1389,-0.869140625,3.771484375,-0.884765625,-0.25041288075779344,44,1712919039946
1389,-0.876953125,3.814453125,-0.8671875,-0.25041288075779344,35,1712919039946
1389,-0.71484375,3.708984375,-0.548828125,-0.12520644037889672,23,1712919039946
1389,-0.84375,3.716796875,-0.583984375,-0.12520644037889672,31,1712919039946
1389,-0.8515625,3.759765625,-0.55078125,-0.12520644037889672,43,1712919039946
1389,-0.859375,3.779296875,-0.66015625,-0.12520644037889672,65,1712919039946
1389,-0.9921875,3.79296875,-0.623046875,-0.12520644037889672,80,1712919039946
1389,-1.001953125,3.828125,-0.64453125,-0.12520644037889672,66,1712919039946
1389,-1.01171875,3.86328125,-0.658203125,-0.12520644037889672,29,1712919039946
1390,-0.578125,3.65625,-0.06640625,0.0,21,1712919040047
1390,-0.583984375,3.6953125,-0.078125,0.0,24,1712919040047
1390,-0.708984375,3.712890625,-0.0390625,0.0,13,1712919040047
1390,-0.578125,3.654296875,0.1640625,0.12520644037889672,37,1712919040047
1390,-0.583984375,3.693359375,0.107421875,0.12520644037889672,40,1712919040047
1390,-0.708984375,3.7109375,0.08984375,0.12520644037889672,20,1712919040047
1390,-0.693359375,3.623046875,0.3203125,0.25041288075779344,21,1712919040047
1390,-0.701171875,3.65625,0.376953125,0.25041288075779344,21,1712919040047
1390,-0.97265625,3.734375,-0.51953125,-0.37561932113669017,24,1712919040047
1390,-0.982421875,3.775390625,-0.49609375,-0.37561932113669017,29,1712919040047
1390,-0.869140625,3.826171875,-0.609375,-0.37561932113669017,28,1712919040047
1390,-0.982421875,3.806640625,0.044921875,-0.25041288075779344,21,1712919040047
1390,-0.9921875,3.83203125,-0.310546875,-0.25041288075779344,25,1712919040047
1391,-0.818359375,3.642578125,0.240234375,0.0,22,1712919040147
1391,-0.9453125,3.55078125,0.88671875,0.0,16,1712919040147
1391,-0.595703125,3.515625,-1.36328125,0.0,23,1712919040147
1391,-0.72265625,3.705078125,-0.78515625,0.0,44,1712919040147
1391,-0.8515625,3.751953125,-0.599609375,0.0,49,1712919040147
1391,-0.859375,3.80859375,-0.4609375,0.0,41,1712919040147
1391,-0.869140625,3.8515625,-0.419921875,0.0,31,1712919040147
1391,-0.638671875,3.986328125,-0.62109375,0.0,42,1712919040147
1391,-0.64453125,4.021484375,-0.63671875,0.0,35,1712919040147
1391,-0.97265625,3.658203125,-0.9140625,-0.37561932113669017,19,1712919040147
1391,-0.4765625,3.212890625,-2.005859375,-0.25041288075779344,20,1712919040147
1391,-0.72265625,3.5859375,-1.216796875,-0.25041288075779344,44,1712919040147
1391,-0.8515625,3.654296875,-1.04296875,-0.25041288075779344,54,1712919040147
1391,-0.859375,3.71875,-0.947265625,-0.25041288075779344,47,1712919040147
1391,-0.869140625,3.76953125,-0.89453125,-0.25041288075779344,35,1712919040147
1391,-0.505859375,3.8828125,-1.025390625,-0.25041288075779344,39,1712919040147
1391,-0.509765625,3.884765625,-1.158203125,-0.25041288075779344,53,1712919040147
1391,-0.515625,3.916015625,-1.1796875,-0.25041288075779344,46,1712919040147
1391,-0.693359375,3.6328125,-0.18359375,-0.12520644037889672,23,1712919040147
1391,-0.818359375,3.650390625,-0.0546875,-0.12520644037889672,42,1712919040147
1391,-0.826171875,3.60546875,0.7734375,-0.12520644037889672,29,1712919040147
1391,-0.4765625,3.40625,-1.654296875,-0.12520644037889672,34,1712919040147
1391,-0.72265625,3.646484375,-1.025390625,-0.12520644037889672,81,1712919040147
1391,-0.8515625,3.703125,-0.84765625,-0.12520644037889672,94,1712919040147
1391,-0.859375,3.765625,-0.734375,-0.12520644037889672,78,1712919040147
1391,-0.869140625,3.8125,-0.69140625,-0.12520644037889672,58,1712919040147
1391,-0.509765625,3.955078125,-0.880859375,-0.12520644037889672,82,1712919040147
1391,-0.64453125,3.96875,-0.91015625,-0.12520644037889672,68,1712919040147
1392,-0.818359375,3.623046875,0.44140625,0.0,17,1712919040247
1392,-0.9453125,3.66015625,-0.03125,0.0,23,1712919040247
1392,-0.97265625,3.763671875,-0.2265625,0.0,23,1712919040247
1392,-1.10546875,3.763671875,-0.275390625,0.0,20,1712919040247
1392,-0.505859375,3.841796875,-1.166015625,-0.5008257615155869,36,1712919040247
1392,-0.509765625,3.884765625,-1.15234375,-0.5008257615155869,36,1712919040247
1392,-0.501953125,3.8671875,-0.9296875,-0.37561932113669017,53,1712919040247
1392,-0.37890625,3.919921875,-0.927734375,-0.37561932113669017,112,1712919040247
1392,-0.509765625,3.94140625,-0.94140625,-0.37561932113669017,115,1712919040247
1392,-0.64453125,3.951171875,-0.982421875,-0.37561932113669017,55,1712919040247
1392,-0.708984375,3.583984375,-0.96875,-0.25041288075779344,40,1712919040247
1392,-0.71484375,3.64453125,-0.87890625,-0.25041288075779344,29,1712919040247
1392,-0.505859375,3.955078125,-0.693359375,-0.25041288075779344,89,1712919040247
1392,-0.509765625,4.0,-0.6484375,-0.25041288075779344,94,1712919040247
1392,-0.818359375,3.650390625,0.02734375,-0.12520644037889672,27,1712919040247
1392,-0.826171875,3.5703125,-0.92578125,-0.12520644037889672,39,1712919040247
1392,-1.07421875,3.01171875,-2.0859375,-0.12520644037889672,17,1712919040247
1392,-0.72265625,3.763671875,-0.427734375,-0.12520644037889672,20,1712919040247
1392,-0.8515625,3.7578125,-0.564453125,-0.12520644037889672,40,1712919040247
1392,-0.982421875,3.7578125,-0.611328125,-0.12520644037889672,35,1712919040247
1392,0.955078125,2.109375,3.03515625,-0.12520644037889672,11,1712919040247
1393,-0.693359375,3.583984375,0.62109375,0.0,26,1712919040348
1393,-0.701171875,3.6484375,0.439453125,0.0,17,1712919040348
1393,-0.826171875,3.67578125,-0.287109375,0.0,51,1712919040348
1393,-0.8359375,3.708984375,-0.337890625,0.0,75,1712919040348
1393,-0.96484375,3.689453125,-0.568359375,0.0,44,1712919040348
1393,-0.501953125,3.7578125,-1.3046875,-0.6260322018944836,32,1712919040348
1393,-0.505859375,3.826171875,-1.21875,-0.6260322018944836,34,1712919040348
1393,-0.49609375,3.79296875,-1.064453125,-0.5008257615155869,56,1712919040348
1393,-0.375,3.865234375,-0.990234375,-0.5008257615155869,119,1712919040348
1393,-0.505859375,3.896484375,-0.96484375,-0.5008257615155869,130,1712919040348
1393,-0.509765625,3.94140625,-0.94140625,-0.5008257615155869,68,1712919040348
1393,-0.693359375,3.6015625,-0.513671875,-0.37561932113669017,21,1712919040348
1393,-0.701171875,3.60546875,-0.70703125,-0.37561932113669017,39,1712919040348
1393,-0.826171875,3.615234375,-0.73046875,-0.37561932113669017,37,1712919040348
1393,-0.8359375,3.67578125,-0.611328125,-0.37561932113669017,18,1712919040348
1393,-0.49609375,3.853515625,-0.818359375,-0.37561932113669017,67,1712919040348
1393,-0.501953125,3.90625,-0.75,-0.37561932113669017,136,1712919040348
1393,-0.505859375,3.953125,-0.701171875,-0.37561932113669017,143,1712919040348
1393,-0.638671875,3.974609375,-0.689453125,-0.37561932113669017,74,1712919040348
1393,-0.6875,3.59765625,0.150390625,-0.25041288075779344,22,1712919040348
1393,-0.693359375,3.63671875,-0.056640625,-0.25041288075779344,61,1712919040348
1393,-0.701171875,3.654296875,-0.3828125,-0.25041288075779344,72,1712919040348
1393,-0.708984375,3.66015625,-0.623046875,-0.25041288075779344,72,1712919040348
1393,-0.8359375,3.65625,-0.716796875,-0.25041288075779344,81,1712919040348
1393,-0.96484375,3.50390625,-1.291015625,-0.25041288075779344,38,1712919040348
1393,-0.6875,3.5703125,0.455078125,-0.12520644037889672,26,1712919040348
1393,-0.693359375,3.619140625,0.36328125,-0.12520644037889672,60,1712919040348
1393,-0.583984375,3.5546875,1.009765625,-0.12520644037889672,32,1712919040348
1393,-0.826171875,3.64453125,-0.56640625,-0.12520644037889672,80,1712919040348
1393,-0.8359375,3.68359375,-0.556640625,-0.12520644037889672,134,1712919040348
1393,-0.84375,3.67578125,-0.8046875,-0.12520644037889672,79,1712919040348
1394,-0.818359375,3.6484375,0.126953125,0.0,30,1712919040448
1394,-0.826171875,3.6875,0.0859375,0.0,36,1712919040448
1394,-0.8359375,3.712890625,-0.302734375,0.0,25,1712919040448
1394,-0.826171875,3.546875,-1.009765625,0.12520644037889672,25,1712919040448
1394,-0.369140625,3.736328125,-1.166015625,-0.6260322018944836,30,1712919040448
1394,-0.49609375,3.767578125,-1.150390625,-0.6260322018944836,45,1712919040448
1394,-0.501953125,3.806640625,-1.154296875,-0.6260322018944836,37,1712919040448
1394,-0.4921875,3.80078125,-0.880859375,-0.5008257615155869,38,1712919040448
1394,-0.49609375,3.833984375,-0.904296875,-0.5008257615155869,67,1712919040448
1394,-0.501953125,3.873046875,-0.904296875,-0.5008257615155869,62,1712919040448
1394,-0.505859375,3.904296875,-0.9375,-0.5008257615155869,31,1712919040448
1394,-0.572265625,3.619140625,-0.017578125,-0.37561932113669017,42,1712919040448
1394,-0.578125,3.65625,-0.072265625,-0.37561932113669017,52,1712919040448
1394,-0.583984375,3.66796875,-0.44921875,-0.37561932113669017,58,1712919040448
1394,-0.58984375,3.677734375,-0.638671875,-0.37561932113669017,97,1712919040448
1394,-0.71484375,3.685546875,-0.69140625,-0.37561932113669017,98,1712919040448
1394,-0.6015625,3.73046875,-0.763671875,-0.37561932113669017,66,1712919040448
1394,-0.626953125,3.8984375,-0.6953125,-0.37561932113669017,46,1712919040448
1394,-0.6796875,3.55078125,0.291015625,-0.25041288075779344,29,1712919040448
1394,-0.572265625,3.615234375,0.173828125,-0.25041288075779344,86,1712919040448
1394,-0.578125,3.654296875,0.16015625,-0.25041288075779344,109,1712919040448
1394,-0.583984375,3.6953125,0.021484375,-0.25041288075779344,74,1712919040448
1394,-0.58984375,3.712890625,-0.3828125,-0.25041288075779344,103,1712919040448
1394,-0.595703125,3.748046875,-0.41015625,-0.25041288075779344,132,1712919040448
1394,-0.6015625,3.775390625,-0.5,-0.25041288075779344,99,1712919040448
1394,-0.73046875,3.759765625,-0.70703125,-0.25041288075779344,51,1712919040448
1394,-0.6875,3.57421875,0.435546875,-0.12520644037889672,54,1712919040448
1394,-0.693359375,3.615234375,0.400390625,-0.12520644037889672,71,1712919040448
1394,-0.701171875,3.638671875,0.513671875,-0.12520644037889672,50,1712919040448
1394,-0.47265625,3.7421875,0.25,-0.12520644037889672,16,1712919040448
1394,-0.595703125,3.7578125,-0.310546875,-0.12520644037889672,42,1712919040448
1394,-0.72265625,3.76953125,-0.373046875,-0.12520644037889672,39,1712919040448
1394,0.9453125,1.16015625,3.470703125,-0.12520644037889672,10,1712919040448
1395,-0.6875,3.5703125,0.458984375,0.0,19,1712919040548
1395,-0.693359375,3.63671875,0.021484375,0.0,22,1712919040548
1395,-0.701171875,3.67578125,-0.025390625,0.0,26,1712919040548
1395,-0.826171875,3.685546875,0.130859375,0.0,28,1712919040548
1395,-0.8359375,3.724609375,-0.001953125,0.0,17,1712919040548
1395,-0.97265625,3.73828125,-0.49609375,0.0,22,1712919040548
1395,-0.859375,3.818359375,-0.380859375,0.0,22,1712919040548
1395,-0.482421875,3.5,-1.54296875,-0.876445082652277,16,1712919040548
1395,-0.486328125,3.658203125,-1.240234375,-0.876445082652277,17,1712919040548
1395,-0.482421875,3.66015625,-1.11328125,-0.7512386422733803,25,1712919040548
1395,-0.486328125,3.703125,-1.09765625,-0.7512386422733803,27,1712919040548
1395,-0.6015625,3.533203125,-1.419921875,-0.5008257615155869,28,1712919040548
1395,-0.609375,3.64453125,-1.2265625,-0.5008257615155869,44,1712919040548
1395,-0.4921875,3.74609375,-1.091796875,-0.5008257615155869,54,1712919040548
1395,-0.49609375,3.794921875,-1.0546875,-0.5008257615155869,44,1712919040548
1395,-0.501953125,3.83203125,-1.0625,-0.5008257615155869,22,1712919040548
1395,-0.6796875,3.5625,-0.080078125,-0.37561932113669017,46,1712919040548
1395,-0.572265625,3.619140625,-0.0703125,-0.37561932113669017,81,1712919040548
1395,-0.462890625,3.671875,-0.125,-0.37561932113669017,47,1712919040548
1395,-0.818359375,3.59765625,-0.62109375,-0.37561932113669017,77,1712919040548
1395,-0.826171875,3.671875,-0.337890625,-0.37561932113669017,97,1712919040548
1395,-0.8359375,3.72265625,0.14453125,-0.37561932113669017,42,1712919040548
1395,-0.486328125,3.74609375,-0.94140625,-0.37561932113669017,76,1712919040548
1395,-0.4921875,3.791015625,-0.923828125,-0.37561932113669017,111,1712919040548
1395,-0.49609375,3.833984375,-0.90625,-0.37561932113669017,100,1712919040548
1395,-0.626953125,3.853515625,-0.908203125,-0.37561932113669017,51,1712919040548
1395,-0.6796875,3.556640625,0.21484375,-0.25041288075779344,57,1712919040548
1395,-0.572265625,3.615234375,0.1640625,-0.25041288075779344,98,1712919040548
1395,-0.578125,3.650390625,-0.240234375,-0.25041288075779344,78,1712919040548
1395,-0.818359375,3.59765625,-0.623046875,-0.25041288075779344,141,1712919040548
1395,-0.826171875,3.65625,-0.48046875,-0.25041288075779344,157,1712919040548
1395,-0.8359375,3.69921875,-0.44140625,-0.25041288075779344,89,1712919040548
1395,-0.6875,3.59765625,0.12109375,-0.12520644037889672,27,1712919040548
1395,-0.693359375,3.625,-0.296875,-0.12520644037889672,55,1712919040548
1395,-0.818359375,3.626953125,-0.423828125,-0.12520644037889672,96,1712919040548
1395,-0.826171875,3.654296875,-0.5,-0.12520644037889672,96,1712919040548
1395,-0.8359375,3.671875,-0.623046875,-0.12520644037889672,65,1712919040548
1395,-0.84375,3.708984375,-0.6328125,-0.12520644037889672,45,1712919040548
1396,-0.6796875,3.4765625,0.775390625,0.0,18,1712919040650
1396,-0.80078125,3.5546875,0.392578125,0.0,34,1712919040650
1396,-0.810546875,3.611328125,0.12890625,0.0,43,1712919040650
1396,-0.818359375,3.6484375,0.1171875,0.0,28,1712919040650
1396,-1.07421875,3.60546875,-0.650390625,0.0,33,1712919040650
1396,-0.96484375,3.67578125,-0.65234375,0.0,42,1712919040650
1396,-0.97265625,3.732421875,-0.53515625,0.0,31,1712919040650
1396,-0.955078125,3.595703125,-0.853515625,0.12520644037889672,24,1712919040650
1396,-0.96484375,3.60546875,-0.970703125,0.12520644037889672,32,1712919040650
1396,-0.97265625,3.646484375,-0.95703125,0.12520644037889672,22,1712919040650
1396,-0.47265625,3.4609375,-1.4453125,-0.6260322018944836,28,1712919040650
1396,-0.4765625,3.51953125,-1.3984375,-0.6260322018944836,70,1712919040650
1396,-0.482421875,3.580078125,-1.349609375,-0.6260322018944836,73,1712919040650
1396,-0.609375,3.625,-1.283203125,-0.6260322018944836,38,1712919040650
1396,-0.6796875,3.548828125,-0.3046875,-0.5008257615155869,24,1712919040650
1396,-0.572265625,3.576171875,-0.560546875,-0.5008257615155869,50,1712919040650
1396,-0.693359375,3.546875,-0.80859375,-0.5008257615155869,65,1712919040650
1396,-0.583984375,3.59765625,-0.84765625,-0.5008257615155869,54,1712919040650
1396,-0.47265625,3.5703125,-1.146484375,-0.5008257615155869,51,1712919040650
1396,-0.595703125,3.6171875,-1.068359375,-0.5008257615155869,86,1712919040650
1396,-0.6015625,3.658203125,-1.060546875,-0.5008257615155869,95,1712919040650
1396,-0.609375,3.671875,-1.14453125,-0.5008257615155869,58,1712919040650
1396,-0.673828125,3.5234375,0.130859375,-0.37561932113669017,31,1712919040650
1396,-0.56640625,3.58203125,-0.0078125,-0.37561932113669017,97,1712919040650
1396,-0.6875,3.583984375,-0.34765625,-0.37561932113669017,190,1712919040650
1396,-0.578125,3.6171875,-0.54296875,-0.37561932113669017,247,1712919040650
1396,-0.583984375,3.638671875,-0.642578125,-0.37561932113669017,191,1712919040650
1396,-0.708984375,3.611328125,-0.859375,-0.37561932113669017,69,1712919040650
1396,-0.71484375,3.6640625,-0.802734375,-0.37561932113669017,46,1712919040650
1396,-0.72265625,3.67578125,-0.916015625,-0.37561932113669017,70,1712919040650
1396,-0.609375,3.6953125,-1.068359375,-0.37561932113669017,58,1712919040650
1396,-0.673828125,3.5,0.41796875,-0.25041288075779344,32,1712919040650
1396,-0.6796875,3.556640625,0.197265625,-0.25041288075779344,96,1712919040650
1396,-0.6875,3.599609375,-0.09375,-0.25041288075779344,183,1712919040650
1396,-0.693359375,3.62109375,-0.353515625,-0.25041288075779344,242,1712919040650
1396,-0.701171875,3.642578125,-0.478515625,-0.25041288075779344,193,1712919040650
1396,-0.826171875,3.6171875,-0.716796875,-0.25041288075779344,74,1712919040650
1396,-0.6875,3.59765625,0.107421875,-0.12520644037889672,29,1712919040650
1396,-0.693359375,3.6328125,-0.193359375,-0.12520644037889672,41,1712919040650
1396,-0.818359375,3.6328125,-0.353515625,-0.12520644037889672,40,1712919040650
1396,-0.9453125,3.60546875,-0.623046875,-0.12520644037889672,35,1712919040650
1396,-1.07421875,3.5859375,-0.75,-0.12520644037889672,43,1712919040650
1396,-0.96484375,3.6640625,-0.716796875,-0.12520644037889672,50,1712919040650
1397,-0.6875,3.595703125,0.1796875,0.0,20,1712919040749
1397,-0.92578125,3.58203125,0.173828125,0.0,16,1712919040749
1397,-0.8359375,3.70703125,-0.357421875,0.0,19,1712919040749
1397,-0.6015625,3.787109375,-0.392578125,0.0,31,1712919040749
1397,-0.609375,3.830078125,-0.35546875,0.0,35,1712919040749
1397,-0.615234375,3.880859375,-0.16015625,0.0,21,1712919040749
1397,-0.560546875,3.515625,-0.447265625,-0.5008257615155869,22,1712919040749
1397,-0.56640625,3.5234375,-0.650390625,-0.5008257615155869,63,1712919040749
1397,-0.572265625,3.54296875,-0.7421875,-0.5008257615155869,94,1712919040749
1397,-0.578125,3.560546875,-0.837890625,-0.5008257615155869,72,1712919040749
1397,-0.583984375,3.51953125,-1.12890625,-0.5008257615155869,28,1712919040749
1397,-0.673828125,3.5078125,-0.3515625,-0.37561932113669017,46,1712919040749
1397,-0.56640625,3.552734375,-0.462890625,-0.37561932113669017,147,1712919040749
1397,-0.572265625,3.58203125,-0.515625,-0.37561932113669017,229,1712919040749
1397,-0.578125,3.611328125,-0.576171875,-0.37561932113669017,183,1712919040749
1397,-0.583984375,3.599609375,-0.8359375,-0.37561932113669017,67,1712919040749
1397,-0.673828125,3.5078125,-0.337890625,-0.25041288075779344,31,1712919040749
1397,-0.56640625,3.568359375,-0.3046875,-0.25041288075779344,101,1712919040749
1397,-0.572265625,3.60546875,-0.328125,-0.25041288075779344,163,1712919040749
1397,-0.578125,3.638671875,-0.365234375,-0.25041288075779344,132,1712919040749
1397,-0.701171875,3.61328125,-0.669921875,-0.25041288075779344,52,1712919040749
1397,-0.361328125,3.740234375,-0.8671875,-0.25041288075779344,119,1712919040749
1397,-0.486328125,3.76953125,-0.849609375,-0.25041288075779344,143,1712919040749
1397,-0.4921875,3.81640625,-0.810546875,-0.25041288075779344,86,1712919040749
1397,-0.595703125,3.681640625,-0.810546875,-0.12520644037889672,48,1712919040749
1397,-0.482421875,3.771484375,-0.64453125,-0.12520644037889672,102,1712919040749
1397,-0.486328125,3.8203125,-0.580078125,-0.12520644037889672,119,1712919040749
1397,-0.615234375,3.84765625,-0.53515625,-0.12520644037889672,70,1712919040749
1398,-0.78515625,3.490234375,0.287109375,0.0,19,1712919040850
1398,-0.79296875,3.525390625,0.3125,0.0,28,1712919040850
1398,-0.80078125,3.564453125,0.27734375,0.0,25,1712919040850
1398,-0.673828125,3.453125,-0.70703125,-0.6260322018944836,44,1712919040850
1398,-0.56640625,3.517578125,-0.677734375,-0.6260322018944836,75,1712919040850
1398,-0.572265625,3.5625,-0.640625,-0.6260322018944836,71,1712919040850
1398,-0.693359375,3.58203125,-0.63671875,-0.6260322018944836,37,1712919040850
1398,-0.5546875,3.494140625,-0.30078125,-0.5008257615155869,50,1712919040850
1398,-0.673828125,3.48828125,-0.5078125,-0.5008257615155869,164,1712919040850
1398,-0.56640625,3.546875,-0.5078125,-0.5008257615155869,279,1712919040850
1398,-0.572265625,3.58984375,-0.4609375,-0.5008257615155869,255,1712919040850
1398,-0.693359375,3.611328125,-0.43359375,-0.5008257615155869,125,1712919040850
1398,-0.466796875,3.564453125,-1.0390625,-0.5008257615155869,56,1712919040850
1398,-0.47265625,3.443359375,-1.484375,-0.5008257615155869,45,1712919040850
1398,-0.666015625,3.486328125,-0.1171875,-0.37561932113669017,55,1712919040850
1398,-0.673828125,3.5078125,-0.33984375,-0.37561932113669017,173,1712919040850
1398,-0.56640625,3.568359375,-0.3203125,-0.37561932113669017,286,1712919040850
1398,-0.6875,3.587890625,-0.291015625,-0.37561932113669017,256,1712919040850
1398,-0.693359375,3.62109375,-0.345703125,-0.37561932113669017,123,1712919040850
1398,-0.583984375,3.552734375,-1.017578125,-0.37561932113669017,103,1712919040850
1398,-0.47265625,3.5859375,-1.09765625,-0.37561932113669017,94,1712919040850
1398,-0.4765625,3.630859375,-1.076171875,-0.37561932113669017,48,1712919040850
1398,-0.673828125,3.521484375,-0.16796875,-0.25041288075779344,53,1712919040850
1398,-0.6796875,3.556640625,-0.193359375,-0.25041288075779344,84,1712919040850
1398,-0.6875,3.59765625,-0.119140625,-0.25041288075779344,73,1712919040850
1398,-0.693359375,3.61328125,-0.419921875,-0.25041288075779344,41,1712919040850
1398,-0.583984375,3.591796875,-0.865234375,-0.25041288075779344,59,1712919040850
1398,-0.58984375,3.642578125,-0.818359375,-0.25041288075779344,54,1712919040850
1399,-0.673828125,3.484375,0.537109375,0.0,18,1712919040951
1399,-0.79296875,3.49609375,0.548828125,0.0,14,1712919040951
1399,-0.47265625,3.69921875,-0.611328125,0.0,17,1712919040951
1399,-0.4765625,3.751953125,-0.51953125,0.0,30,1712919040951
1399,-0.482421875,3.79296875,-0.50390625,0.0,27,1712919040951
1399,-0.701171875,3.5234375,-1.041015625,-0.876445082652277,27,1712919040951
1399,-0.826171875,3.529296875,-1.068359375,-0.876445082652277,25,1712919040951
1399,-0.5546875,3.373046875,-0.95703125,-0.7512386422733803,25,1712919040951
1399,-0.560546875,3.419921875,-0.927734375,-0.7512386422733803,38,1712919040951
1399,-0.56640625,3.458984375,-0.93359375,-0.7512386422733803,29,1712919040951
1399,-0.810546875,3.537109375,-0.734375,-0.7512386422733803,26,1712919040951
1399,-0.935546875,3.529296875,-0.818359375,-0.7512386422733803,47,1712919040951
1399,-0.826171875,3.591796875,-0.83203125,-0.7512386422733803,45,1712919040951
1399,-0.548828125,3.427734375,-0.537109375,-0.6260322018944836,48,1712919040951
1399,-0.5546875,3.44921875,-0.630859375,-0.6260322018944836,146,1712919040951
1399,-0.560546875,3.478515625,-0.67578125,-0.6260322018944836,217,1712919040951
1399,-0.56640625,3.513671875,-0.697265625,-0.6260322018944836,166,1712919040951
1399,-0.6875,3.52734375,-0.71484375,-0.6260322018944836,72,1712919040951
1399,-0.810546875,3.5625,-0.6015625,-0.6260322018944836,33,1712919040951
1399,-0.818359375,3.595703125,-0.63671875,-0.6260322018944836,40,1712919040951
1399,-0.9453125,3.6171875,-0.552734375,-0.6260322018944836,33,1712919040951
1399,-0.548828125,3.462890625,-0.21484375,-0.5008257615155869,70,1712919040951
1399,-0.5546875,3.48828125,-0.353515625,-0.5008257615155869,191,1712919040951
1399,-0.673828125,3.5,-0.419921875,-0.5008257615155869,270,1712919040951
1399,-0.6796875,3.53125,-0.46484375,-0.5008257615155869,204,1712919040951
1399,-0.6875,3.568359375,-0.482421875,-0.5008257615155869,97,1712919040951
1399,-0.810546875,3.578125,-0.5078125,-0.5008257615155869,41,1712919040951
1399,-0.548828125,3.46875,0.03125,-0.37561932113669017,33,1712919040951
1399,-0.666015625,3.48828125,-0.015625,-0.37561932113669017,72,1712919040951
1399,-0.673828125,3.5234375,-0.083984375,-0.37561932113669017,94,1712919040951
1399,-0.6796875,3.55859375,-0.181640625,-0.37561932113669017,70,1712919040951
1399,-0.6875,3.587890625,-0.3046875,-0.37561932113669017,41,1712919040951
1399,-0.353515625,3.580078125,-1.16015625,-0.25041288075779344,35,1712919040951
1399,-0.357421875,3.654296875,-1.046875,-0.25041288075779344,69,1712919040951
1399,-0.361328125,3.703125,-1.01171875,-0.25041288075779344,64,1712919040951
1399,-0.353515625,3.654296875,-0.89453125,-0.12520644037889672,32,1712919040951
1399,-0.4765625,3.703125,-0.79296875,-0.12520644037889672,63,1712919040951
1399,-0.361328125,3.7734375,-0.70703125,-0.12520644037889672,59,1712919040951
1399,-0.609375,3.78515625,-0.677734375,-0.12520644037889672,24,1712919040951
1400,-0.43359375,3.294921875,-1.01171875,-0.876445082652277,28,1712919041051
1400,-0.439453125,3.3671875,-0.896484375,-0.876445082652277,60,1712919041051
1400,-0.443359375,3.4140625,-0.865234375,-0.876445082652277,63,1712919041051
1400,-0.560546875,3.435546875,-0.87109375,-0.876445082652277,44,1712919041051
1400,-0.56640625,3.484375,-0.828125,-0.876445082652277,44,1712919041051
1400,-0.6875,3.486328125,-0.896484375,-0.876445082652277,65,1712919041051
1400,-0.693359375,3.517578125,-0.92578125,-0.876445082652277,60,1712919041051
1400,-0.701171875,3.55078125,-0.94921875,-0.876445082652277,35,1712919041051
1400,-0.537109375,3.328125,-0.6640625,-0.7512386422733803,24,1712919041051
1400,-0.43359375,3.375,-0.703125,-0.7512386422733803,101,1712919041051
1400,-0.439453125,3.412109375,-0.70703125,-0.7512386422733803,209,1712919041051
1400,-0.5546875,3.439453125,-0.6875,-0.7512386422733803,221,1712919041051
1400,-0.560546875,3.48046875,-0.669921875,-0.7512386422733803,131,1712919041051
1400,-0.6796875,3.5,-0.66015625,-0.7512386422733803,72,1712919041051
1400,-0.6875,3.52734375,-0.716796875,-0.7512386422733803,80,1712919041051
1400,-0.693359375,3.55078125,-0.787109375,-0.7512386422733803,64,1712919041051
1400,-0.583984375,3.55859375,-0.998046875,-0.7512386422733803,36,1712919041051
1400,-0.537109375,3.390625,-0.158203125,-0.6260322018944836,59,1712919041051
1400,-0.54296875,3.41015625,-0.375,-0.6260322018944836,144,1712919041051
1400,-0.548828125,3.4375,-0.46484375,-0.6260322018944836,232,1712919041051
1400,-0.5546875,3.474609375,-0.47265625,-0.6260322018944836,233,1712919041051
1400,-0.560546875,3.5078125,-0.509765625,-0.6260322018944836,135,1712919041051
1400,-0.56640625,3.505859375,-0.736328125,-0.6260322018944836,52,1712919041051
1400,-0.572265625,3.521484375,-0.837890625,-0.6260322018944836,33,1712919041051
1400,-0.537109375,3.390625,0.16015625,-0.5008257615155869,56,1712919041051
1400,-0.54296875,3.431640625,0.048828125,-0.5008257615155869,102,1712919041051
1400,-0.548828125,3.466796875,-0.103515625,-0.5008257615155869,112,1712919041051
1400,-0.666015625,3.482421875,-0.203125,-0.5008257615155869,89,1712919041051
1400,-0.673828125,3.51171875,-0.306640625,-0.5008257615155869,53,1712919041051
1400,-0.453125,3.4609375,-0.986328125,-0.5008257615155869,44,1712919041051
1400,-0.34375,3.435546875,-1.23046875,-0.5008257615155869,48,1712919041051
1400,-0.65234375,3.3828125,0.4453125,-0.37561932113669017,26,1712919041051
1400,-0.658203125,3.421875,0.439453125,-0.37561932113669017,20,1712919041051
1400,-0.56640625,3.396484375,-1.138671875,-0.37561932113669017,21,1712919041051
1400,-0.458984375,3.455078125,-1.130859375,-0.37561932113669017,34,1712919041051
1400,-0.462890625,3.484375,-1.1640625,-0.37561932113669017,27,1712919041051
1401,-0.64453125,3.33984375,0.490234375,0.0,11,1712919041151
1401,-0.65234375,3.330078125,0.744140625,0.0,15,1712919041151
1401,-0.658203125,3.337890625,0.875,0.0,14,1712919041151
1401,-0.548828125,3.34765625,-0.908203125,-1.0016515230311738,29,1712919041151
1401,-0.666015625,3.361328125,-0.927734375,-1.0016515230311738,57,1712919041151
1401,-0.673828125,3.41015625,-0.890625,-1.0016515230311738,54,1712919041151
1401,-0.4296875,3.263671875,-0.986328125,-0.876445082652277,30,1712919041151
1401,-0.326171875,3.28515625,-1.083984375,-0.876445082652277,32,1712919041151
1401,-0.87890625,3.3515625,-0.58203125,-0.876445082652277,38,1712919041151
1401,-0.666015625,3.419921875,-0.6796875,-0.876445082652277,117,1712919041151
1401,-0.673828125,3.4609375,-0.671875,-0.876445082652277,124,1712919041151
1401,-0.6796875,3.501953125,-0.6484375,-0.876445082652277,50,1712919041151
1401,-0.318359375,3.3125,-0.685546875,-0.7512386422733803,49,1712919041151
1401,-0.4296875,3.3359375,-0.701171875,-0.7512386422733803,131,1712919041151
1401,-0.43359375,3.373046875,-0.705078125,-0.7512386422733803,162,1712919041151
1401,-0.439453125,3.376953125,-0.859375,-0.7512386422733803,76,1712919041151
1401,-0.666015625,3.447265625,-0.521484375,-0.7512386422733803,92,1712919041151
1401,-0.673828125,3.48046875,-0.564453125,-0.7512386422733803,116,1712919041151
1401,-0.56640625,3.5234375,-0.640625,-0.7512386422733803,52,1712919041151
1401,-0.423828125,3.34765625,-0.392578125,-0.6260322018944836,54,1712919041151
1401,-0.4296875,3.376953125,-0.458984375,-0.6260322018944836,133,1712919041151
1401,-0.54296875,3.396484375,-0.48828125,-0.6260322018944836,158,1712919041151
1401,-0.548828125,3.419921875,-0.578125,-0.6260322018944836,78,1712919041151
1401,-0.443359375,3.517578125,-0.203125,-0.6260322018944836,57,1712919041151
1401,-0.44921875,3.52734375,-0.478515625,-0.6260322018944836,72,1712919041151
1401,-0.423828125,3.369140625,0.134765625,-0.5008257615155869,30,1712919041151
1401,-0.537109375,3.39453125,-0.005859375,-0.5008257615155869,36,1712919041151
1401,-0.759765625,3.375,-0.30859375,-0.5008257615155869,23,1712919041151
1401,-0.439453125,3.4375,0.576171875,-0.5008257615155869,32,1712919041151
1401,-0.33203125,3.525390625,0.24609375,-0.5008257615155869,55,1712919041151
1401,-0.548828125,3.45703125,0.291015625,-0.37561932113669017,30,1712919041151
1402,-0.525390625,3.296875,0.37109375,0.0,17,1712919041251
1402,-0.423828125,3.3515625,0.361328125,0.0,23,1712919041251
1402,-0.537109375,3.37109375,0.390625,0.0,16,1712919041251
1402,-0.314453125,3.203125,-0.9609375,-0.7512386422733803,32,1712919041251
1402,-0.318359375,3.22265625,-1.029296875,-0.7512386422733803,51,1712919041251
1402,-0.322265625,3.25,-1.068359375,-0.7512386422733803,48,1712919041251
1402,-0.43359375,3.26171875,-1.115234375,-0.7512386422733803,32,1712919041251
1402,-0.310546875,3.267578125,-0.50390625,-0.6260322018944836,63,1712919041251
1402,-0.314453125,3.275390625,-0.6796875,-0.6260322018944836,177,1712919041251
1402,-0.318359375,3.302734375,-0.734375,-0.6260322018944836,244,1712919041251
1402,-0.322265625,3.33984375,-0.73828125,-0.6260322018944836,181,1712919041251
1402,-0.326171875,3.400390625,-0.63671875,-0.6260322018944836,95,1712919041251
1402,-0.21875,3.458984375,-0.56640625,-0.6260322018944836,56,1712919041251
1402,-0.310546875,3.291015625,-0.326171875,-0.5008257615155869,78,1712919041251
1402,-0.314453125,3.3125,-0.458984375,-0.5008257615155869,213,1712919041251
1402,-0.423828125,3.333984375,-0.4921875,-0.5008257615155869,284,1712919041251
1402,-0.4296875,3.376953125,-0.470703125,-0.5008257615155869,199,1712919041251
1402,-0.43359375,3.44140625,-0.193359375,-0.5008257615155869,90,1712919041251
1402,-0.21875,3.505859375,0.04296875,-0.5008257615155869,61,1712919041251
1402,-0.416015625,3.29296875,-0.119140625,-0.37561932113669017,26,1712919041251
1402,-0.314453125,3.3359375,-0.23046875,-0.37561932113669017,72,1712919041251
1402,-0.423828125,3.361328125,-0.25,-0.37561932113669017,95,1712919041251
1402,-0.537109375,3.390625,-0.15234375,-0.37561932113669017,62,1712919041251
1402,-0.54296875,3.404296875,0.423828125,-0.37561932113669017,26,1712919041251
1403,-0.416015625,3.29296875,-0.103515625,0.0,14,1712919041351
1403,-0.314453125,3.341796875,-0.134765625,0.0,15,1712919041351
1403,-0.416015625,3.056640625,-1.228515625,-1.0016515230311738,18,1712919041351
1403,-0.51953125,3.080078125,-1.126953125,-0.876445082652277,21,1712919041351
1403,-0.419921875,3.091796875,-1.24609375,-0.876445082652277,30,1712919041351
1403,-0.423828125,3.087890625,-1.3515625,-0.876445082652277,30,1712919041351
1403,-0.4296875,3.095703125,-1.4296875,-0.876445082652277,21,1712919041351
1403,-0.416015625,3.1484375,-0.97265625,-0.7512386422733803,20,1712919041351
1403,-0.419921875,3.15625,-1.0703125,-0.7512386422733803,48,1712919041351
1403,-0.423828125,3.17578125,-1.130859375,-0.7512386422733803,65,1712919041351
1403,-0.322265625,3.224609375,-1.140625,-0.7512386422733803,50,1712919041351
1403,-0.326171875,3.265625,-1.138671875,-0.7512386422733803,24,1712919041351
1403,-0.205078125,3.271484375,-0.1875,-0.6260322018944836,63,1712919041351
1403,-0.20703125,3.306640625,-0.234375,-0.6260322018944836,95,1712919041351
1403,-0.314453125,3.314453125,-0.4453125,-0.6260322018944836,103,1712919041351
1403,-0.318359375,3.3046875,-0.71875,-0.6260322018944836,93,1712919041351
1403,-0.4296875,3.287109375,-0.90625,-0.6260322018944836,69,1712919041351
1403,-0.326171875,3.314453125,-0.990234375,-0.6260322018944836,40,1712919041351
1403,-0.109375,3.42578125,-0.763671875,-0.6260322018944836,28,1712919041351
1403,-0.111328125,3.490234375,-0.640625,-0.6260322018944836,19,1712919041351
1403,-0.3046875,3.23046875,0.078125,-0.5008257615155869,33,1712919041351
1403,-0.30859375,3.267578125,0.08984375,-0.5008257615155869,89,1712919041351
1403,-0.310546875,3.306640625,0.009765625,-0.5008257615155869,118,1712919041351
1403,-0.419921875,3.333984375,0.025390625,-0.5008257615155869,101,1712919041351
1403,-0.53125,3.3515625,-0.17578125,-0.5008257615155869,87,1712919041351
1403,-0.4296875,3.328125,-0.7421875,-0.5008257615155869,75,1712919041351
1403,-0.216796875,3.3125,-1.0234375,-0.5008257615155869,66,1712919041351
1403,-0.21875,3.361328125,-0.99609375,-0.5008257615155869,53,1712919041351
1403,-0.205078125,3.275390625,0.0546875,-0.37561932113669017,37,1712919041351
1403,-0.20703125,3.30078125,-0.298828125,-0.37561932113669017,65,1712919041351
1403,-0.2109375,3.318359375,-0.478515625,-0.37561932113669017,62,1712919041351
1403,-0.53125,3.35546875,0.064453125,-0.37561932113669017,41,1712919041351
1403,-0.322265625,3.35546875,-0.662109375,-0.37561932113669017,51,1712919041351
1403,-0.216796875,3.32421875,-0.986328125,-0.37561932113669017,60,1712919041351
1403,-0.310546875,3.26953125,-0.49609375,-0.25041288075779344,23,1712919041351
1403,-0.314453125,3.306640625,-0.501953125,-0.25041288075779344,26,1712919041351
1404,-0.41015625,3.2578125,-0.044921875,0.0,20,1712919041452
1404,-0.416015625,3.294921875,0.0390625,0.0,23,1712919041452
1404,-0.419921875,3.33203125,-0.0625,0.0,13,1712919041452
1404,-0.439453125,2.474609375,2.453125,0.7512386422733803,30,1712919041452
1404,-0.5546875,2.439453125,2.517578125,0.7512386422733803,38,1712919041452
1404,-0.560546875,2.39453125,2.61328125,0.7512386422733803,24,1712919041452
1404,-0.54296875,2.646484375,2.185546875,0.876445082652277,39,1712919041452
1404,-0.439453125,2.576171875,2.34765625,0.876445082652277,85,1712919041452
1404,-0.443359375,2.48046875,2.5,0.876445082652277,89,1712919041452
1404,-0.560546875,2.396484375,2.611328125,0.876445082652277,46,1712919041452
1404,0.0,3.302734375,-1.07421875,-1.0016515230311738,64,1712919041452
1404,0.0,3.375,-0.974609375,-1.0016515230311738,133,1712919041452
1404,-0.111328125,3.439453125,-0.869140625,-1.0016515230311738,133,1712919041452
1404,0.0,3.49609375,-0.80859375,-1.0016515230311738,67,1712919041452
1404,0.0,3.353515625,-0.90625,-0.876445082652277,33,1712919041452
1404,0.0,3.41015625,-0.837890625,-0.876445082652277,75,1712919041452
1404,0.0,3.470703125,-0.75,-0.876445082652277,78,1712919041452
1404,0.0,3.51953125,-0.705078125,-0.876445082652277,38,1712919041452
1404,-0.41015625,3.0234375,-1.21484375,-0.7512386422733803,20,1712919041452
1404,-0.310546875,3.0859375,-1.185546875,-0.7512386422733803,34,1712919041452
1404,-0.419921875,3.109375,-1.203125,-0.7512386422733803,30,1712919041452
1404,-0.216796875,3.388671875,-0.73828125,-0.7512386422733803,21,1712919041452
1404,-0.205078125,3.18359375,-0.7734375,-0.6260322018944836,16,1712919041452
1404,-0.310546875,3.15234375,-1.001953125,-0.6260322018944836,35,1712919041452
1404,-0.314453125,3.208984375,-0.9453125,-0.6260322018944836,56,1712919041452
1404,-0.318359375,3.298828125,-0.748046875,-0.6260322018944836,46,1712919041452
1404,-0.21484375,3.41015625,-0.35546875,-0.6260322018944836,38,1712919041452
1404,-0.216796875,3.4453125,-0.392578125,-0.6260322018944836,52,1712919041452
1404,-0.330078125,3.466796875,-0.44921875,-0.6260322018944836,50,1712919041452
1404,-0.33203125,3.525390625,-0.26953125,-0.6260322018944836,25,1712919041452
1404,-0.40625,2.525390625,-1.998046875,-0.5008257615155869,26,1712919041452
1404,-0.30859375,3.048828125,-1.1796875,-0.5008257615155869,101,1712919041452
1404,-0.20703125,3.17578125,-0.947265625,-0.5008257615155869,114,1712919041452
1404,-0.10546875,3.263671875,-0.791015625,-0.5008257615155869,71,1712919041452
1404,-0.212890625,3.357421875,-0.4765625,-0.5008257615155869,57,1712919041452
1404,-0.322265625,3.390625,-0.455078125,-0.5008257615155869,47,1712919041452
1404,-0.326171875,3.4375,-0.390625,-0.5008257615155869,51,1712919041452
1404,-0.330078125,3.474609375,-0.396484375,-0.5008257615155869,42,1712919041452
1404,-0.3046875,3.078125,-0.98046875,-0.37561932113669017,62,1712919041452
1404,-0.30859375,3.1875,-0.72265625,-0.37561932113669017,174,1712919041452
1404,-0.310546875,3.248046875,-0.62109375,-0.37561932113669017,198,1712919041452
1404,-0.2109375,3.326171875,-0.416015625,-0.37561932113669017,106,1712919041452
1404,0.0,3.396484375,-0.0625,-0.37561932113669017,33,1712919041452
1404,-0.322265625,3.294921875,-0.919921875,-0.37561932113669017,40,1712919041452
1404,-0.43359375,3.37890625,-0.677734375,-0.37561932113669017,41,1712919041452
1404,-0.3046875,3.197265625,-0.45703125,-0.25041288075779344,28,1712919041452
1404,-0.30859375,3.2421875,-0.416015625,-0.25041288075779344,74,1712919041452
1404,-0.310546875,3.287109375,-0.3671875,-0.25041288075779344,85,1712919041452
1404,-0.419921875,3.3203125,-0.291015625,-0.25041288075779344,47,1712919041452
1404,-0.322265625,3.318359375,-0.83203125,-0.25041288075779344,23,1712919041452
1404,0.767578125,3.2421875,-1.11328125,0.7512386422733803,16,1712919041452
1404,0.869140625,3.08203125,-1.349609375,0.876445082652277,21,1712919041452
1404,0.87890625,3.203125,-1.14453125,0.876445082652277,45,1712919041452
1404,0.77734375,3.31640625,-1.00390625,0.876445082652277,47,1712919041452
1404,0.78515625,3.37109375,-0.9453125,0.876445082652277,24,1712919041452
1405,-0.201171875,3.005859375,-1.099609375,-0.7512386422733803,23,1712919041552
1405,-0.203125,3.072265625,-1.021484375,-0.7512386422733803,34,1712919041552
1405,-0.30859375,3.103515625,-1.02734375,-0.7512386422733803,29,1712919041552
1405,-0.212890625,3.32421875,-0.673828125,-0.7512386422733803,21,1712919041552
1405,0.0,3.27734375,-1.029296875,-0.7512386422733803,22,1712919041552
1405,0.0,3.3046875,-1.068359375,-0.7512386422733803,35,1712919041552
1405,0.0,3.36328125,-1.01171875,-0.7512386422733803,20,1712919041552
1405,-0.296875,3.123046875,-0.447265625,-0.6260322018944836,25,1712919041552
1405,-0.201171875,3.154296875,-0.546875,-0.6260322018944836,67,1712919041552
1405,-0.203125,3.169921875,-0.66015625,-0.6260322018944836,127,1712919041552
1405,-0.205078125,3.19140625,-0.74609375,-0.6260322018944836,157,1712919041552
1405,-0.20703125,3.236328125,-0.71484375,-0.6260322018944836,115,1712919041552
1405,-0.2109375,3.30859375,-0.548828125,-0.6260322018944836,58,1712919041552
1405,0.0,3.349609375,-0.568359375,-0.6260322018944836,61,1712919041552
1405,-0.107421875,3.380859375,-0.599609375,-0.6260322018944836,53,1712919041552
1405,-0.216796875,3.3828125,-0.763671875,-0.6260322018944836,44,1712919041552
1405,-0.21875,3.416015625,-0.78515625,-0.6260322018944836,28,1712919041552
1405,-0.197265625,3.16015625,-0.138671875,-0.5008257615155869,28,1712919041552
1405,-0.201171875,3.18359375,-0.337890625,-0.5008257615155869,109,1712919041552
1405,-0.203125,3.201171875,-0.486328125,-0.5008257615155869,277,1712919041552
1405,-0.205078125,3.23046875,-0.55078125,-0.5008257615155869,371,1712919041552
1405,-0.20703125,3.26953125,-0.544921875,-0.5008257615155869,276,1712919041552
1405,-0.314453125,3.30078125,-0.53515625,-0.5008257615155869,140,1712919041552
1405,-0.318359375,3.333984375,-0.572265625,-0.5008257615155869,72,1712919041552
1405,-0.4296875,3.3203125,-0.7734375,-0.5008257615155869,38,1712919041552
1405,-0.201171875,3.193359375,-0.21484375,-0.37561932113669017,70,1712919041552
1405,-0.3046875,3.2109375,-0.357421875,-0.37561932113669017,190,1712919041552
1405,-0.30859375,3.244140625,-0.39453125,-0.37561932113669017,257,1712919041552
1405,-0.310546875,3.283203125,-0.3984375,-0.37561932113669017,198,1712919041552
1405,-0.419921875,3.30078125,-0.4609375,-0.37561932113669017,112,1712919041552
1405,-0.423828125,3.328125,-0.53125,-0.37561932113669017,71,1712919041552
1405,-0.419921875,3.318359375,-0.318359375,-0.25041288075779344,20,1712919041552
1405,-0.423828125,3.33984375,-0.458984375,-0.25041288075779344,21,1712919041552
1405,-0.40625,3.037109375,-1.068359375,-0.12520644037889672,19,1712919041552
1405,-0.513671875,3.08984375,-0.982421875,-0.12520644037889672,19,1712919041552
