1,-0.296875,3.095703125,-0.611328125,0.12520644037889672,24,1712134506625
1,-0.30078125,3.146484375,-0.544921875,0.12520644037889672,26,1712134506625
1,-0.203125,3.16796875,-0.671875,0.12520644037889672,15,1712134506625
1,0.0,3.005859375,-1.1171875,-0.12520644037889672,17,1712134506625
2,-0.09765625,3.0546875,-0.6796875,0.12520644037889672,34,1712134506726
2,-0.197265625,3.095703125,-0.64453125,0.12520644037889672,63,1712134506726
2,-0.099609375,3.15625,-0.5546875,0.12520644037889672,61,1712134506726
2,-0.203125,3.205078125,-0.46875,0.12520644037889672,30,1712134506726
2,-0.197265625,3.12109375,-0.5078125,0.25041288075779344,22,1712134506726
2,-0.201171875,3.1796875,-0.37109375,0.25041288075779344,21,1712134506726
2,0.0,2.94140625,-1.17578125,-0.25041288075779344,21,1712134506726
2,0.0,3.01171875,-1.103515625,-0.25041288075779344,23,1712134506726
2,0.0,2.9453125,-1.05859375,-0.12520644037889672,32,1712134506726
2,0.0,3.017578125,-0.96484375,-0.12520644037889672,64,1712134506726
2,0.0,3.08203125,-0.888671875,-0.12520644037889672,67,1712134506726
2,0.0,3.150390625,-0.7734375,-0.12520644037889672,36,1712134506726
3,-0.1953125,3.03515625,-0.7421875,0.0,36,1712134506826
3,-0.197265625,3.0703125,-0.76171875,0.0,64,1712134506826
3,-0.201171875,3.123046875,-0.69921875,0.0,61,1712134506826
3,-0.203125,3.171875,-0.65234375,0.0,29,1712134506826
3,-0.095703125,3.05859375,-0.443359375,0.12520644037889672,35,1712134506826
3,-0.1953125,3.07421875,-0.5546875,0.12520644037889672,88,1712134506826
3,-0.197265625,3.109375,-0.578125,0.12520644037889672,136,1712134506826
3,-0.201171875,3.15234375,-0.55078125,0.12520644037889672,121,1712134506826
3,-0.3046875,3.189453125,-0.51171875,0.12520644037889672,55,1712134506826
3,-0.1953125,3.107421875,-0.33203125,0.25041288075779344,35,1712134506826
3,-0.197265625,3.142578125,-0.34765625,0.25041288075779344,57,1712134506826
3,-0.30078125,3.173828125,-0.353515625,0.25041288075779344,53,1712134506826
3,-0.3046875,3.220703125,-0.25390625,0.25041288075779344,26,1712134506826
3,0.0,3.0078125,-0.865234375,-0.12520644037889672,35,1712134506826
3,0.0,3.01171875,-0.982421875,-0.12520644037889672,42,1712134506826
3,0.0,3.033203125,-1.041015625,-0.12520644037889672,28,1712134506826
4,-0.09765625,3.048828125,-0.701171875,0.0,30,1712134506926
4,-0.197265625,3.0703125,-0.7578125,0.0,60,1712134506926
4,-0.201171875,3.091796875,-0.82421875,0.0,70,1712134506926
4,-0.203125,3.142578125,-0.78125,0.0,47,1712134506926
4,-0.205078125,3.16796875,-0.83984375,0.0,17,1712134506926
4,-0.1953125,3.099609375,-0.388671875,0.12520644037889672,67,1712134506926
4,-0.197265625,3.125,-0.486328125,0.12520644037889672,134,1712134506926
4,-0.201171875,3.154296875,-0.541015625,0.12520644037889672,153,1712134506926
4,-0.203125,3.19140625,-0.5546875,0.12520644037889672,101,1712134506926
4,-0.205078125,3.21875,-0.61328125,0.12520644037889672,36,1712134506926
4,-0.1953125,3.1171875,-0.201171875,0.25041288075779344,26,1712134506926
4,-0.197265625,3.14453125,-0.3359375,0.25041288075779344,55,1712134506926
4,-0.201171875,3.181640625,-0.34765625,0.25041288075779344,63,1712134506926
4,-0.3046875,3.212890625,-0.3359375,0.25041288075779344,41,1712134506926
4,0.0,3.052734375,-0.845703125,-0.12520644037889672,34,1712134506926
4,0.0,3.10546875,-0.798828125,-0.12520644037889672,36,1712134506926
4,0.0,3.146484375,-0.794921875,-0.12520644037889672,21,1712134506926
5,0.0,2.955078125,-0.912109375,0.12520644037889672,20,1712134507026
5,0.0,3.03125,-0.783203125,0.12520644037889672,41,1712134507026
5,0.0,3.0859375,-0.716796875,0.12520644037889672,42,1712134507026
5,-0.099609375,3.18359375,-0.380859375,0.12520644037889672,35,1712134507026
5,-0.203125,3.23828125,-0.01953125,0.12520644037889672,25,1712134507026
5,0.0,2.919921875,-1.126953125,-0.12520644037889672,23,1712134507026
5,0.099609375,2.990234375,-1.041015625,-0.12520644037889672,29,1712134507026
5,0.0,3.1171875,-0.75390625,-0.12520644037889672,21,1712134507026
6,0.09765625,2.943359375,-1.060546875,0.0,33,1712134507127
6,0.197265625,3.00390625,-0.986328125,0.0,58,1712134507127
6,0.099609375,3.091796875,-0.84765625,0.0,58,1712134507127
6,0.1015625,3.16796875,-0.697265625,0.0,31,1712134507127
6,0.0,2.96484375,-0.87890625,0.12520644037889672,29,1712134507127
6,0.09765625,2.99609375,-0.90234375,0.12520644037889672,74,1712134507127
6,0.197265625,3.05859375,-0.806640625,0.12520644037889672,127,1712134507127
6,0.099609375,3.130859375,-0.689453125,0.12520644037889672,131,1712134507127
6,0.1015625,3.1953125,-0.55078125,0.12520644037889672,71,1712134507127
6,0.09765625,3.044921875,-0.72265625,0.25041288075779344,29,1712134507127
6,0.099609375,3.111328125,-0.591796875,0.25041288075779344,51,1712134507127
6,0.099609375,3.17578125,-0.4375,0.25041288075779344,52,1712134507127
6,0.1015625,3.22265625,-0.359375,0.25041288075779344,28,1712134507127
6,0.099609375,2.884765625,-1.30859375,-0.12520644037889672,29,1712134507127
6,0.201171875,2.9921875,-1.13671875,-0.12520644037889672,31,1712134507127
7,0.0,2.99609375,-0.908203125,0.0,17,1712134507228
7,-0.099609375,3.078125,-0.7421875,0.0,21,1712134507228
7,0.0,3.146484375,-0.6171875,0.0,20,1712134507228
7,0.0,3.185546875,-0.61328125,0.0,15,1712134507228
7,0.0,2.9375,-0.966796875,0.12520644037889672,18,1712134507228
7,0.0,3.01171875,-0.857421875,0.12520644037889672,40,1712134507228
7,0.0,3.107421875,-0.623046875,0.12520644037889672,56,1712134507228
7,-0.099609375,3.171875,-0.462890625,0.12520644037889672,57,1712134507228
7,-0.203125,3.212890625,-0.41015625,0.12520644037889672,41,1712134507228
7,-0.30859375,3.23828125,-0.443359375,0.12520644037889672,20,1712134507228
7,0.0,3.048828125,-0.70703125,0.25041288075779344,18,1712134507228
7,0.0,3.138671875,-0.4296875,0.25041288075779344,22,1712134507228
7,-0.201171875,3.1953125,-0.197265625,0.25041288075779344,21,1712134507228
7,0.0,3.00390625,-1.005859375,-0.12520644037889672,22,1712134507228
7,0.0,3.076171875,-0.904296875,-0.12520644037889672,23,1712134507228
7,0.0,3.10546875,-0.943359375,-0.12520644037889672,16,1712134507228
8,0.09765625,2.89453125,-1.189453125,0.12520644037889672,16,1712134507328
8,0.0,3.037109375,-0.904296875,0.12520644037889672,30,1712134507328
8,0.0,3.10546875,-0.798828125,0.12520644037889672,29,1712134507328
8,-0.1015625,3.203125,-0.50390625,0.12520644037889672,16,1712134507328
10,0.0,3.134765625,-0.466796875,0.12520644037889672,21,1712134507528
16,-0.296875,3.107421875,-0.548828125,0.12520644037889672,19,1712134508131
16,-0.201171875,3.142578125,-0.6015625,0.12520644037889672,21,1712134508131
16,-0.197265625,3.009765625,-0.97265625,-0.12520644037889672,23,1712134508131
16,0.0,3.041015625,-1.017578125,-0.12520644037889672,24,1712134508131
17,-0.30078125,3.072265625,-0.865234375,-0.12520644037889672,26,1712134508231
17,-0.3046875,3.138671875,-0.765625,-0.12520644037889672,26,1712134508231
18,-0.396484375,3.103515625,-0.505859375,0.12520644037889672,18,1712134508332
18,-0.30078125,3.1171875,-0.6875,0.12520644037889672,23,1712134508332
18,-0.3046875,3.150390625,-0.716796875,0.12520644037889672,19,1712134508332
18,-0.29296875,2.9921875,-0.869140625,-0.12520644037889672,16,1712134508332
18,-0.197265625,2.9921875,-1.021484375,-0.12520644037889672,31,1712134508332
18,-0.30078125,3.013671875,-1.056640625,-0.12520644037889672,39,1712134508332
18,-0.203125,3.072265625,-1.021484375,-0.12520644037889672,34,1712134508332
19,-0.1953125,2.9140625,-1.12890625,-0.12520644037889672,19,1712134508432
19,-0.197265625,2.974609375,-1.07421875,-0.12520644037889672,31,1712134508432
19,-0.099609375,3.083984375,-0.873046875,-0.12520644037889672,30,1712134508432
20,-0.501953125,3.0546875,-0.837890625,0.0,17,1712134508532
20,-0.40625,3.146484375,-0.68359375,0.0,16,1712134508532
20,-0.1953125,3.12109375,-0.119140625,0.12520644037889672,18,1712134508532
20,-0.1953125,2.998046875,-0.876953125,-0.12520644037889672,29,1712134508532
20,-0.099609375,3.056640625,-0.828125,-0.12520644037889672,24,1712134508532
20,-0.400390625,3.03515625,-0.955078125,-0.12520644037889672,33,1712134508532
20,-0.40625,3.12109375,-0.79296875,-0.12520644037889672,31,1712134508532
21,-0.29296875,3.03515625,-0.7109375,0.0,12,1712134508633
21,-0.396484375,3.04296875,-0.79296875,0.0,32,1712134508633
21,-0.501953125,3.10546875,-0.62890625,0.0,53,1712134508633
21,-0.5078125,3.142578125,-0.630859375,0.0,42,1712134508633
21,-0.513671875,3.173828125,-0.66796875,0.0,17,1712134508633
21,-0.396484375,2.900390625,-1.21484375,-0.25041288075779344,30,1712134508633
21,-0.30078125,3.015625,-1.048828125,-0.25041288075779344,49,1712134508633
21,-0.40625,3.03125,-1.087890625,-0.25041288075779344,39,1712134508633
21,-0.29296875,3.017578125,-0.783203125,-0.12520644037889672,21,1712134508633
21,-0.396484375,2.984375,-0.98828125,-0.12520644037889672,62,1712134508633
21,-0.400390625,3.068359375,-0.841796875,-0.12520644037889672,103,1712134508633
21,-0.40625,3.115234375,-0.814453125,-0.12520644037889672,80,1712134508633
21,-0.513671875,3.10546875,-0.931640625,-0.12520644037889672,29,1712134508633
22,-0.29296875,3.052734375,-0.62890625,0.0,24,1712134508733
22,-0.396484375,3.091796875,-0.57421875,0.0,50,1712134508733
22,-0.400390625,3.13671875,-0.537109375,0.0,58,1712134508733
22,-0.40625,3.16796875,-0.576171875,0.0,36,1712134508733
22,-0.29296875,2.96484375,-0.962890625,-0.25041288075779344,22,1712134508733
22,-0.396484375,2.98828125,-0.9765625,-0.25041288075779344,44,1712134508733
22,-0.400390625,3.04296875,-0.927734375,-0.25041288075779344,50,1712134508733
22,-0.40625,3.083984375,-0.921875,-0.25041288075779344,31,1712134508733
22,-0.2890625,3.017578125,-0.611328125,-0.12520644037889672,18,1712134508733
22,-0.29296875,3.02734375,-0.740234375,-0.12520644037889672,53,1712134508733
22,-0.396484375,3.05078125,-0.759765625,-0.12520644037889672,100,1712134508733
22,-0.400390625,3.099609375,-0.716796875,-0.12520644037889672,112,1712134508733
22,-0.40625,3.140625,-0.7109375,-0.12520644037889672,71,1712134508733
23,-0.390625,3.072265625,-0.458984375,0.0,32,1712134508834
23,-0.396484375,3.107421875,-0.478515625,0.0,52,1712134508834
23,-0.400390625,3.130859375,-0.56640625,0.0,51,1712134508834
23,-0.40625,3.1484375,-0.673828125,0.0,30,1712134508834
23,-0.29296875,3.115234375,-0.11328125,0.12520644037889672,22,1712134508834
23,-0.296875,3.154296875,0.0703125,0.12520644037889672,19,1712134508834
23,-0.29296875,2.984375,-0.896484375,-0.25041288075779344,30,1712134508834
23,-0.396484375,3.041015625,-0.798828125,-0.25041288075779344,46,1712134508834
23,-0.400390625,3.04296875,-0.92578125,-0.25041288075779344,43,1712134508834
23,-0.40625,3.03125,-1.08203125,-0.25041288075779344,26,1712134508834
23,-0.193359375,3.0,-0.72265625,-0.12520644037889672,32,1712134508834
23,-0.390625,3.048828125,-0.587890625,-0.12520644037889672,73,1712134508834
23,-0.396484375,3.087890625,-0.591796875,-0.12520644037889672,103,1712134508834
23,-0.400390625,3.095703125,-0.73828125,-0.12520644037889672,95,1712134508834
23,-0.40625,3.087890625,-0.908203125,-0.12520644037889672,59,1712134508834
24,-0.38671875,3.013671875,-0.578125,0.0,21,1712134508934
24,-0.390625,3.048828125,-0.595703125,0.0,42,1712134508934
24,-0.396484375,3.091796875,-0.568359375,0.0,53,1712134508934
24,-0.400390625,3.140625,-0.5078125,0.0,38,1712134508934
24,-0.2890625,3.060546875,-0.33984375,0.12520644037889672,22,1712134508934
24,-0.29296875,3.095703125,-0.361328125,0.12520644037889672,35,1712134508934
24,-0.296875,3.134765625,-0.34765625,0.12520644037889672,36,1712134508934
24,-0.400390625,3.16796875,-0.296875,0.12520644037889672,22,1712134508934
24,-0.2890625,2.96484375,-0.83203125,-0.25041288075779344,22,1712134508934
24,-0.29296875,2.96484375,-0.958984375,-0.25041288075779344,40,1712134508934
24,-0.296875,3.005859375,-0.955078125,-0.25041288075779344,49,1712134508934
24,-0.400390625,3.052734375,-0.89453125,-0.25041288075779344,33,1712134508934
24,-0.287109375,3.0,-0.494140625,-0.12520644037889672,18,1712134508934
24,-0.2890625,3.001953125,-0.6875,-0.12520644037889672,57,1712134508934
24,-0.390625,3.00390625,-0.787109375,-0.12520644037889672,103,1712134508934
24,-0.296875,3.060546875,-0.76171875,-0.12520644037889672,127,1712134508934
24,-0.400390625,3.099609375,-0.720703125,-0.12520644037889672,85,1712134508934
24,-0.40625,3.1640625,-0.59765625,-0.12520644037889672,25,1712134508934
25,-0.6015625,3.140625,-0.240234375,0.0,14,1712134509034
25,-0.59375,3.068359375,-0.51953125,-0.12520644037889672,29,1712134509034
25,-0.501953125,3.140625,-0.404296875,-0.12520644037889672,41,1712134509034
25,-0.40625,3.19140625,-0.42578125,-0.12520644037889672,27,1712134509034
26,-0.197265625,3.099609375,-0.625,0.0,14,1712134509135
26,-0.201171875,3.1328125,-0.650390625,0.0,21,1712134509135
26,-0.203125,3.171875,-0.65625,0.0,14,1712134509135
26,-0.30078125,3.177734375,-0.3046875,0.12520644037889672,19,1712134509135
26,0.0,3.060546875,-0.958984375,-0.25041288075779344,20,1712134509135
26,-0.099609375,3.080078125,-0.734375,-0.12520644037889672,33,1712134509135
26,-0.099609375,3.11328125,-0.763671875,-0.12520644037889672,53,1712134509135
26,-0.203125,3.1328125,-0.8203125,-0.12520644037889672,36,1712134509135
27,-0.287109375,3.0078125,-0.451171875,0.0,12,1712134509235
27,-0.193359375,3.03125,-0.58203125,0.0,32,1712134509235
27,-0.09765625,3.0078125,-0.86328125,0.0,37,1712134509235
27,-0.099609375,2.94921875,-1.15234375,0.0,31,1712134509235
27,-0.30078125,3.125,-0.65234375,0.0,32,1712134509235
27,-0.203125,3.19921875,-0.505859375,0.0,21,1712134509235
27,-0.390625,3.0703125,-0.466796875,0.12520644037889672,24,1712134509235
27,-0.396484375,3.095703125,-0.544921875,0.12520644037889672,35,1712134509235
27,-0.400390625,3.142578125,-0.49609375,0.12520644037889672,30,1712134509235
27,0.0,2.94921875,-0.931640625,-0.25041288075779344,29,1712134509235
27,0.0,2.888671875,-1.20703125,-0.25041288075779344,38,1712134509235
27,-0.197265625,2.794921875,-1.48046875,-0.25041288075779344,37,1712134509235
27,-0.201171875,2.95703125,-1.224609375,-0.25041288075779344,35,1712134509235
27,-0.19140625,2.98828125,-0.603515625,-0.12520644037889672,23,1712134509235
27,-0.095703125,2.99609375,-0.7578125,-0.12520644037889672,67,1712134509235
27,-0.09765625,2.970703125,-0.982421875,-0.12520644037889672,87,1712134509235
27,-0.197265625,2.939453125,-1.16796875,-0.12520644037889672,86,1712134509235
27,-0.201171875,3.078125,-0.875,-0.12520644037889672,84,1712134509235
27,-0.203125,3.14453125,-0.775390625,-0.12520644037889672,49,1712134509235
28,-0.2890625,2.974609375,-0.794921875,0.0,25,1712134509335
28,-0.09765625,3.060546875,-0.650390625,0.0,38,1712134509335
28,-0.197265625,3.15234375,0.25390625,0.0,37,1712134509335
28,-0.30078125,3.1875,0.19140625,0.0,32,1712134509335
28,-0.203125,3.236328125,-0.14453125,0.0,25,1712134509335
28,-0.390625,3.0546875,-0.564453125,0.12520644037889672,38,1712134509335
28,-0.396484375,3.10546875,-0.484375,0.12520644037889672,59,1712134509335
28,-0.400390625,3.150390625,-0.44921875,0.12520644037889672,45,1712134509335
28,-0.494140625,3.115234375,-0.30078125,0.25041288075779344,22,1712134509335
28,-0.095703125,2.900390625,-1.068359375,-0.25041288075779344,22,1712134509335
28,-0.1953125,3.00390625,-0.861328125,-0.25041288075779344,37,1712134509335
28,-0.197265625,3.10546875,-0.599609375,-0.25041288075779344,51,1712134509335
28,-0.201171875,3.142578125,-0.6015625,-0.25041288075779344,47,1712134509335
28,-0.1015625,3.193359375,-0.56640625,-0.25041288075779344,26,1712134509335
28,0.0,2.939453125,-0.826171875,-0.12520644037889672,21,1712134509335
28,-0.193359375,2.943359375,-0.927734375,-0.12520644037889672,47,1712134509335
28,-0.1953125,3.07421875,-0.560546875,-0.12520644037889672,78,1712134509335
28,-0.197265625,3.140625,-0.36328125,-0.12520644037889672,108,1712134509335
28,-0.201171875,3.177734375,-0.375,-0.12520644037889672,103,1712134509335
28,-0.203125,3.212890625,-0.40625,-0.12520644037889672,57,1712134509335
29,-0.095703125,3.0,-0.744140625,0.0,39,1712134509435
29,-0.1953125,3.037109375,-0.734375,0.0,92,1712134509435
29,-0.197265625,3.068359375,-0.765625,0.0,114,1712134509435
29,-0.30078125,3.09765625,-0.76953125,0.0,75,1712134509435
29,-0.40625,3.08203125,-0.931640625,0.0,27,1712134509435
29,-0.2890625,2.8359375,-1.19921875,0.12520644037889672,27,1712134509435
29,-0.29296875,3.009765625,-0.810546875,0.12520644037889672,74,1712134509435
29,-0.396484375,3.072265625,-0.66796875,0.12520644037889672,123,1712134509435
29,-0.400390625,3.12109375,-0.62109375,0.12520644037889672,104,1712134509435
29,-0.40625,3.1640625,-0.59765625,0.12520644037889672,43,1712134509435
29,-0.390625,3.037109375,-0.65234375,0.25041288075779344,33,1712134509435
29,-0.396484375,3.10546875,-0.486328125,0.25041288075779344,53,1712134509435
29,-0.400390625,3.154296875,-0.4140625,0.25041288075779344,46,1712134509435
29,0.0,2.998046875,-0.755859375,-0.25041288075779344,24,1712134509435
29,0.0,3.0078125,-0.8671875,-0.25041288075779344,55,1712134509435
29,0.0,3.033203125,-0.9140625,-0.25041288075779344,59,1712134509435
29,0.0,3.08203125,-0.8828125,-0.25041288075779344,30,1712134509435
29,-0.095703125,3.041015625,-0.5546875,-0.12520644037889672,48,1712134509435
29,0.0,3.048828125,-0.70703125,-0.12520644037889672,99,1712134509435
29,0.0,3.091796875,-0.697265625,-0.12520644037889672,104,1712134509435
29,0.0,3.13671875,-0.6640625,-0.12520644037889672,52,1712134509435
30,0.0,3.083984375,-0.23828125,0.0,19,1712134509536
30,0.09765625,3.12890625,-0.01171875,0.0,22,1712134509536
30,-0.400390625,3.142578125,0.5,0.0,16,1712134509536
30,-0.287109375,2.919921875,-0.849609375,0.12520644037889672,22,1712134509536
30,-0.193359375,2.998046875,-0.732421875,0.12520644037889672,53,1712134509536
30,-0.29296875,3.037109375,-0.701171875,0.12520644037889672,68,1712134509536
30,-0.296875,3.0625,-0.7578125,0.12520644037889672,64,1712134509536
30,-0.30078125,3.0859375,-0.81640625,0.12520644037889672,48,1712134509536
30,-0.2890625,2.96484375,-0.828125,0.25041288075779344,27,1712134509536
30,-0.29296875,3.013671875,-0.796875,0.25041288075779344,37,1712134509536
30,-0.296875,3.06640625,-0.740234375,0.25041288075779344,41,1712134509536
30,-0.400390625,3.078125,-0.806640625,0.25041288075779344,37,1712134509536
30,0.0,3.033203125,-0.60546875,-0.37561932113669017,29,1712134509536
30,0.0,3.0546875,-0.681640625,-0.37561932113669017,43,1712134509536
30,0.0,3.09765625,-0.669921875,-0.37561932113669017,31,1712134509536
30,0.0,3.021484375,-0.451171875,-0.25041288075779344,23,1712134509536
30,0.0,3.04296875,-0.544921875,-0.25041288075779344,89,1712134509536
30,0.0,3.076171875,-0.58203125,-0.25041288075779344,131,1712134509536
30,0.0,3.1015625,-0.650390625,-0.25041288075779344,89,1712134509536
30,0.0,3.11328125,-0.771484375,-0.25041288075779344,28,1712134509536
30,0.0,3.0,-0.572265625,-0.12520644037889672,22,1712134509536
30,0.0,3.04296875,-0.546875,-0.12520644037889672,84,1712134509536
30,0.0,3.076171875,-0.576171875,-0.12520644037889672,123,1712134509536
30,-0.099609375,3.0703125,-0.77734375,-0.12520644037889672,83,1712134509536
30,0.0,3.125,-0.716796875,-0.12520644037889672,37,1712134509536
31,-0.287109375,2.986328125,-0.568359375,0.0,21,1712134509636
31,-0.193359375,3.037109375,-0.544921875,0.0,85,1712134509636
31,-0.1953125,3.068359375,-0.591796875,0.0,155,1712134509636
31,-0.197265625,3.0703125,-0.7578125,0.0,173,1712134509636
31,-0.30078125,3.03125,-1.005859375,0.0,135,1712134509636
31,-0.40625,3.01171875,-1.138671875,0.0,75,1712134509636
31,-0.41015625,3.0703125,-1.0859375,0.0,24,1712134509636
31,-0.19140625,2.916015625,-0.88671875,0.12520644037889672,32,1712134509636
31,-0.095703125,2.978515625,-0.82421875,0.12520644037889672,84,1712134509636
31,-0.1953125,3.01953125,-0.806640625,0.12520644037889672,142,1712134509636
31,-0.296875,3.048828125,-0.806640625,0.12520644037889672,205,1712134509636
31,-0.400390625,3.07421875,-0.8203125,0.12520644037889672,232,1712134509636
31,-0.40625,3.115234375,-0.814453125,0.12520644037889672,163,1712134509636
31,-0.41015625,3.15625,-0.806640625,0.12520644037889672,58,1712134509636
31,-0.095703125,3.009765625,-0.701171875,0.25041288075779344,38,1712134509636
31,-0.1953125,3.060546875,-0.6328125,0.25041288075779344,76,1712134509636
31,-0.396484375,3.0859375,-0.603515625,0.25041288075779344,135,1712134509636
31,-0.30078125,3.13671875,-0.591796875,0.25041288075779344,166,1712134509636
31,-0.40625,3.1640625,-0.591796875,0.25041288075779344,117,1712134509636
31,-0.513671875,3.169921875,-0.6875,0.25041288075779344,40,1712134509636
31,-0.501953125,3.15234375,-0.302734375,0.37561932113669017,24,1712134509636
31,-0.095703125,3.0078125,-0.525390625,-0.25041288075779344,29,1712134509636
31,-0.095703125,3.041015625,-0.556640625,-0.25041288075779344,86,1712134509636
31,-0.1953125,3.056640625,-0.646484375,-0.25041288075779344,118,1712134509636
31,-0.197265625,3.07421875,-0.7421875,-0.25041288075779344,76,1712134509636
31,-0.30078125,3.07421875,-0.86328125,-0.25041288075779344,23,1712134509636
31,-0.095703125,3.048828125,-0.1328125,-0.12520644037889672,29,1712134509636
31,-0.193359375,3.07421875,-0.279296875,-0.12520644037889672,107,1712134509636
31,-0.1953125,3.095703125,-0.423828125,-0.12520644037889672,177,1712134509636
31,-0.197265625,3.111328125,-0.568359375,-0.12520644037889672,143,1712134509636
31,-0.30078125,3.068359375,-0.884765625,-0.12520644037889672,54,1712134509636
32,-0.189453125,3.001953125,-0.208984375,0.0,24,1712134509737
32,-0.19140625,3.03125,-0.318359375,0.0,79,1712134509737
32,-0.193359375,3.060546875,-0.404296875,0.0,120,1712134509737
32,-0.09765625,3.080078125,-0.546875,0.0,109,1712134509737
32,-0.197265625,3.08984375,-0.673828125,0.0,81,1712134509737
32,-0.201171875,3.099609375,-0.796875,0.0,48,1712134509737
32,0.0,2.96875,-0.8671875,0.12520644037889672,30,1712134509737
32,0.0,2.990234375,-0.927734375,0.12520644037889672,63,1712134509737
32,-0.099609375,3.064453125,-0.80078125,0.12520644037889672,83,1712134509737
32,-0.201171875,3.12109375,-0.708984375,0.12520644037889672,60,1712134509737
32,-0.3046875,3.16796875,-0.634765625,0.12520644037889672,24,1712134509737
32,-0.09765625,3.048828125,-0.703125,0.25041288075779344,35,1712134509737
32,-0.197265625,3.10546875,-0.59765625,0.25041288075779344,43,1712134509737
32,-0.400390625,3.10546875,-0.693359375,0.25041288075779344,31,1712134509737
32,-0.5078125,3.0625,-0.9453125,0.25041288075779344,35,1712134509737
32,-0.41015625,3.130859375,-0.900390625,0.25041288075779344,33,1712134509737
32,-0.5078125,3.140625,-0.638671875,0.37561932113669017,24,1712134509737
32,-0.41015625,3.21484375,-0.5234375,0.37561932113669017,20,1712134509737
32,-0.09375,2.93359375,-0.69140625,-0.25041288075779344,27,1712134509737
32,-0.095703125,2.98046875,-0.66015625,-0.25041288075779344,90,1712134509737
32,-0.095703125,3.013671875,-0.685546875,-0.25041288075779344,125,1712134509737
32,-0.1953125,3.0546875,-0.658203125,-0.25041288075779344,87,1712134509737
32,-0.197265625,3.1015625,-0.61328125,-0.25041288075779344,42,1712134509737
32,-0.09375,2.98046875,-0.44921875,-0.12520644037889672,45,1712134509737
32,-0.095703125,3.015625,-0.47265625,-0.12520644037889672,146,1712134509737
32,-0.095703125,3.048828125,-0.5078125,-0.12520644037889672,201,1712134509737
32,-0.1953125,3.083984375,-0.49609375,-0.12520644037889672,152,1712134509737
32,-0.296875,3.12109375,-0.462890625,-0.12520644037889672,78,1712134509737
32,-0.30078125,3.1640625,-0.427734375,-0.12520644037889672,39,1712134509737
33,-0.19140625,3.025390625,-0.37890625,0.0,28,1712134509837
33,-0.193359375,3.037109375,-0.544921875,0.0,34,1712134509837
33,-0.29296875,3.001953125,-0.837890625,0.0,21,1712134509837
33,-0.396484375,3.03515625,-0.81640625,0.0,18,1712134509837
33,-0.30078125,3.01953125,-1.037109375,0.0,22,1712134509837
33,-0.3046875,2.98046875,-1.244140625,0.0,21,1712134509837
33,-0.38671875,3.046875,-0.3671875,0.12520644037889672,34,1712134509837
33,-0.29296875,3.091796875,-0.392578125,0.12520644037889672,58,1712134509837
33,-0.296875,3.146484375,-0.234375,0.12520644037889672,38,1712134509837
33,-0.390625,3.09375,-0.283203125,0.25041288075779344,20,1712134509837
33,-0.396484375,3.0703125,-0.6796875,0.25041288075779344,26,1712134509837
33,-0.501953125,2.947265625,-1.158203125,0.25041288075779344,48,1712134509837
33,-0.40625,3.01171875,-1.13671875,0.25041288075779344,74,1712134509837
33,-0.41015625,3.0703125,-1.08984375,0.25041288075779344,66,1712134509837
33,-0.416015625,3.12109375,-1.056640625,0.25041288075779344,34,1712134509837
33,-0.400390625,3.017578125,-1.01171875,0.37561932113669017,62,1712134509837
33,-0.40625,3.07421875,-0.95703125,0.37561932113669017,92,1712134509837
33,-0.41015625,3.126953125,-0.91015625,0.37561932113669017,72,1712134509837
33,-0.416015625,3.20703125,-0.76171875,0.37561932113669017,29,1712134509837
33,-0.400390625,3.046875,-0.919921875,0.5008257615155869,26,1712134509837
33,-0.40625,3.109375,-0.8359375,0.5008257615155869,38,1712134509837
33,-0.513671875,3.134765625,-0.830078125,0.5008257615155869,29,1712134509837
33,0.0,2.99609375,-0.595703125,-0.25041288075779344,21,1712134509837
33,-0.193359375,3.009765625,-0.677734375,-0.25041288075779344,21,1712134509837
33,-0.29296875,3.01171875,-0.798828125,-0.25041288075779344,24,1712134509837
33,-0.296875,3.0546875,-0.78515625,-0.25041288075779344,21,1712134509837
33,-0.189453125,2.966796875,-0.50390625,-0.12520644037889672,24,1712134509837
33,-0.095703125,3.017578125,-0.458984375,-0.12520644037889672,52,1712134509837
33,-0.2890625,3.0234375,-0.576171875,-0.12520644037889672,52,1712134509837
33,-0.390625,3.0390625,-0.640625,-0.12520644037889672,67,1712134509837
33,-0.296875,3.09375,-0.6171875,-0.12520644037889672,60,1712134509837
33,-0.30078125,3.140625,-0.5703125,-0.12520644037889672,27,1712134509837
34,0.0,3.072265625,-0.34765625,0.0,10,1712134509937
34,0.0,3.052734375,-0.69140625,0.0,10,1712134509937
34,-0.41015625,2.90625,-1.47265625,0.0,15,1712134509937
34,-0.310546875,3.056640625,-1.259765625,0.0,16,1712134509937
34,-0.193359375,3.0546875,-0.4375,0.12520644037889672,28,1712134509937
34,-0.1953125,3.072265625,-0.564453125,0.12520644037889672,33,1712134509937
34,-0.197265625,3.099609375,-0.630859375,0.12520644037889672,24,1712134509937
34,-0.400390625,2.953125,-1.18359375,0.25041288075779344,19,1712134509937
34,-0.40625,3.0703125,-0.96875,0.25041288075779344,56,1712134509937
34,-0.41015625,3.103515625,-0.98828125,0.25041288075779344,62,1712134509937
34,-0.416015625,3.125,-1.04296875,0.25041288075779344,29,1712134509937
34,-0.5078125,3.1171875,-0.7421875,0.37561932113669017,34,1712134509937
34,-0.513671875,3.15234375,-0.76171875,0.37561932113669017,42,1712134509937
34,-0.416015625,3.21484375,-0.720703125,0.37561932113669017,25,1712134509937
34,-0.19140625,2.984375,-0.623046875,-0.12520644037889672,35,1712134509937
34,-0.193359375,3.01953125,-0.63671875,-0.12520644037889672,40,1712134509937
34,-0.29296875,3.044921875,-0.66796875,-0.12520644037889672,27,1712134509937
35,-0.40625,2.896484375,-1.40625,0.0,14,1712134510038
35,-0.41015625,2.99609375,-1.279296875,0.0,22,1712134510038
35,-0.51953125,3.025390625,-1.26953125,0.0,17,1712134510038
35,-0.482421875,3.0546875,-0.01171875,0.12520644037889672,22,1712134510038
35,-0.390625,3.080078125,-0.392578125,0.12520644037889672,24,1712134510038
35,-0.5078125,2.966796875,-1.212890625,0.12520644037889672,25,1712134510038
35,-0.513671875,3.013671875,-1.19921875,0.12520644037889672,41,1712134510038
35,-0.513671875,3.1171875,-0.89453125,0.25041288075779344,29,1712134510038
39,-0.38671875,3.025390625,-0.505859375,0.0,17,1712134510389
39,-0.390625,3.076171875,-0.427734375,0.0,18,1712134510389
39,-0.38671875,3.0625,-0.197265625,0.12520644037889672,30,1712134510389
39,-0.390625,3.099609375,-0.19140625,0.12520644037889672,33,1712134510389
39,-0.396484375,3.13671875,-0.208984375,0.12520644037889672,18,1712134510389
39,-0.2890625,2.955078125,-0.86328125,-0.25041288075779344,21,1712134510389
39,-0.29296875,3.01953125,-0.771484375,-0.25041288075779344,23,1712134510389
39,-0.380859375,2.966796875,-0.62109375,-0.12520644037889672,28,1712134510389
39,-0.2890625,3.009765625,-0.646484375,-0.12520644037889672,57,1712134510389
39,-0.390625,3.046875,-0.59765625,-0.12520644037889672,63,1712134510389
39,-0.396484375,3.087890625,-0.59375,-0.12520644037889672,31,1712134510389
39,-0.51953125,3.095703125,-1.087890625,-0.12520644037889672,23,1712134510389
40,-0.38671875,3.06640625,-0.072265625,0.0,31,1712134510489
40,-0.48828125,3.087890625,-0.17578125,0.0,44,1712134510489
40,-0.494140625,3.123046875,-0.212890625,0.0,27,1712134510489
40,-0.38671875,3.0390625,-0.423828125,-0.25041288075779344,27,1712134510489
40,-0.390625,3.064453125,-0.505859375,-0.25041288075779344,38,1712134510489
40,-0.494140625,3.060546875,-0.654296875,-0.25041288075779344,22,1712134510489
40,-0.470703125,2.955078125,-0.375,-0.12520644037889672,17,1712134510489
40,-0.380859375,2.943359375,-0.720703125,-0.12520644037889672,19,1712134510489
40,-0.38671875,3.05859375,-0.248046875,-0.12520644037889672,58,1712134510489
40,-0.48828125,3.076171875,-0.3046875,-0.12520644037889672,81,1712134510489
40,-0.494140625,3.111328125,-0.34375,-0.12520644037889672,47,1712134510489
40,-0.41015625,2.9921875,-1.287109375,-0.12520644037889672,24,1712134510489
40,-0.51953125,3.044921875,-1.220703125,-0.12520644037889672,27,1712134510489
41,-0.470703125,2.978515625,-0.068359375,0.0,38,1712134510590
41,-0.4765625,3.015625,-0.099609375,0.0,75,1712134510590
41,-0.482421875,3.05078125,-0.150390625,0.0,83,1712134510590
41,-0.48828125,3.0859375,-0.197265625,0.0,58,1712134510590
41,-0.396484375,3.134765625,-0.24609375,0.0,28,1712134510590
41,-0.470703125,2.947265625,-0.4375,-0.25041288075779344,37,1712134510590
41,-0.4765625,2.982421875,-0.44921875,-0.25041288075779344,73,1712134510590
41,-0.38671875,3.025390625,-0.509765625,-0.25041288075779344,82,1712134510590
41,-0.48828125,3.04296875,-0.548828125,-0.25041288075779344,56,1712134510590
41,-0.396484375,3.099609375,-0.52734375,-0.25041288075779344,27,1712134510590
41,-0.470703125,2.966796875,-0.267578125,-0.12520644037889672,72,1712134510590
41,-0.4765625,3.00390625,-0.28515625,-0.12520644037889672,140,1712134510590
41,-0.482421875,3.03515625,-0.341796875,-0.12520644037889672,156,1712134510590
41,-0.48828125,3.06640625,-0.392578125,-0.12520644037889672,107,1712134510590
41,-0.396484375,3.1171875,-0.40625,-0.12520644037889672,52,1712134510590
42,-0.65234375,2.904296875,0.08203125,0.0,10,1712134510690
42,-0.376953125,2.990234375,-0.11328125,0.0,22,1712134510690
42,-0.380859375,3.013671875,-0.310546875,0.0,45,1712134510690
42,-0.2890625,3.068359375,-0.26171875,0.0,73,1712134510690
42,-0.29296875,3.111328125,-0.1796875,0.0,54,1712134510690
42,-0.296875,3.154296875,-0.015625,0.0,16,1712134510690
42,-0.376953125,2.9609375,-0.4296875,-0.25041288075779344,23,1712134510690
42,-0.287109375,2.955078125,-0.71875,-0.25041288075779344,43,1712134510690
42,-0.2890625,3.013671875,-0.630859375,-0.25041288075779344,68,1712134510690
42,-0.29296875,3.076171875,-0.49609375,-0.25041288075779344,49,1712134510690
42,-0.5078125,3.052734375,-0.974609375,-0.25041288075779344,26,1712134510690
42,-0.41015625,3.078125,-1.0625,-0.25041288075779344,29,1712134510690
42,-0.46484375,2.9375,-0.150390625,-0.12520644037889672,20,1712134510690
42,-0.470703125,2.966796875,-0.267578125,-0.12520644037889672,43,1712134510690
42,-0.287109375,2.9921875,-0.541015625,-0.12520644037889672,85,1712134510690
42,-0.2890625,3.046875,-0.4375,-0.12520644037889672,134,1712134510690
42,-0.29296875,3.099609375,-0.330078125,-0.12520644037889672,93,1712134510690
43,-0.470703125,2.9765625,-0.107421875,0.0,18,1712134510841
43,-0.380859375,3.02734375,-0.1484375,0.0,50,1712134510841
43,-0.2890625,3.068359375,-0.248046875,0.0,74,1712134510841
43,-0.390625,3.09375,-0.265625,0.0,61,1712134510841
43,-0.396484375,3.125,-0.34375,0.0,27,1712134510841
43,-0.40625,3.150390625,-0.666015625,0.0,21,1712134510841
43,-0.41015625,3.17578125,-0.724609375,0.0,24,1712134510841
43,0.0,3.0390625,-0.75390625,0.12520644037889672,31,1712134510841
43,0.0,3.111328125,-0.6015625,0.12520644037889672,34,1712134510841
43,-0.400390625,2.966796875,-1.150390625,-0.37561932113669017,18,1712134510841
43,-0.40625,3.05078125,-1.02734375,-0.37561932113669017,27,1712134510841
43,-0.41015625,3.107421875,-0.974609375,-0.37561932113669017,22,1712134510841
43,-0.287109375,3.0078125,-0.4453125,-0.25041288075779344,44,1712134510841
43,-0.38671875,3.025390625,-0.50390625,-0.25041288075779344,70,1712134510841
43,-0.390625,3.060546875,-0.53125,-0.25041288075779344,64,1712134510841
43,-0.494140625,3.068359375,-0.6171875,-0.25041288075779344,36,1712134510841
43,-0.501953125,2.962890625,-1.119140625,-0.25041288075779344,29,1712134510841
43,-0.40625,3.025390625,-1.103515625,-0.25041288075779344,39,1712134510841
43,-0.30859375,3.044921875,-1.1875,-0.25041288075779344,34,1712134510841
43,-0.376953125,2.98828125,-0.142578125,-0.12520644037889672,33,1712134510841
43,-0.287109375,3.03515625,-0.193359375,-0.12520644037889672,89,1712134510841
43,-0.2890625,3.064453125,-0.30078125,-0.12520644037889672,128,1712134510841
43,-0.390625,3.0859375,-0.357421875,-0.12520644037889672,100,1712134510841
43,-0.494140625,3.095703125,-0.4609375,-0.12520644037889672,40,1712134510841
43,-0.3046875,3.05859375,-1.0390625,-0.12520644037889672,37,1712134510841
43,-0.41015625,3.1015625,-0.994140625,-0.12520644037889672,43,1712134510841
44,0.0,2.951171875,-0.7890625,0.0,17,1712134510891
44,-0.193359375,2.97265625,-0.83203125,0.0,25,1712134510891
44,0.296875,2.982421875,-1.02734375,0.0,14,1712134510891
44,0.0,2.9921875,-0.373046875,0.12520644037889672,19,1712134510891
44,0.0,3.029296875,-0.390625,0.12520644037889672,32,1712134510891
44,0.09765625,2.99609375,-0.904296875,0.12520644037889672,32,1712134510891
44,0.0,3.09765625,-0.6640625,0.12520644037889672,31,1712134510891
44,0.09765625,3.07421875,-0.587890625,0.25041288075779344,17,1712134510891
44,-0.400390625,3.037109375,-0.9453125,-0.37561932113669017,20,1712134510891
44,-0.3046875,3.056640625,-1.046875,-0.37561932113669017,29,1712134510891
44,-0.38671875,3.015625,-0.564453125,-0.25041288075779344,28,1712134510891
44,-0.390625,3.080078125,-0.40234375,-0.25041288075779344,44,1712134510891
44,-0.494140625,3.12890625,0.03125,-0.25041288075779344,22,1712134510891
44,-0.30078125,3.08984375,-0.802734375,-0.25041288075779344,34,1712134510891
44,-0.3046875,3.12890625,-0.80078125,-0.25041288075779344,59,1712134510891
44,-0.41015625,3.140625,-0.861328125,-0.25041288075779344,39,1712134510891
44,-0.2890625,2.90625,-1.017578125,-0.12520644037889672,31,1712134510891
44,-0.390625,3.060546875,-0.525390625,-0.12520644037889672,46,1712134510891
44,-0.40625,3.142578125,-0.69921875,-0.12520644037889672,47,1712134510891
44,-0.41015625,3.16015625,-0.7890625,-0.12520644037889672,38,1712134510891
44,-0.79296875,2.478515625,1.806640625,0.0,13,1712134510891
45,0.0,2.9296875,-0.53125,0.0,12,1712134511042
45,0.0,2.962890625,-0.564453125,0.0,55,1712134511042
45,-0.095703125,3.001953125,-0.5546875,0.0,109,1712134511042
45,-0.095703125,3.044921875,-0.53515625,0.0,118,1712134511042
45,-0.09765625,3.08203125,-0.53515625,0.0,82,1712134511042
45,0.0,3.09765625,-0.66796875,0.0,46,1712134511042
45,0.099609375,3.123046875,-0.716796875,0.0,30,1712134511042
45,0.0,2.974609375,-0.501953125,0.12520644037889672,69,1712134511042
45,0.0,3.013671875,-0.5,0.12520644037889672,143,1712134511042
45,0.0,3.046875,-0.5234375,0.12520644037889672,151,1712134511042
45,0.0,3.0625,-0.6484375,0.12520644037889672,102,1712134511042
45,0.099609375,3.0703125,-0.779296875,0.12520644037889672,68,1712134511042
45,0.099609375,3.08984375,-0.85546875,0.12520644037889672,42,1712134511042
45,0.0,2.998046875,-0.326171875,0.25041288075779344,38,1712134511042
45,0.0,3.0390625,-0.3046875,0.25041288075779344,79,1712134511042
45,0.0,3.076171875,-0.32421875,0.25041288075779344,85,1712134511042
45,0.0,3.1015625,-0.423828125,0.25041288075779344,59,1712134511042
45,0.0,3.125,-0.51953125,0.25041288075779344,40,1712134511042
45,0.0,3.142578125,-0.63671875,0.25041288075779344,27,1712134511042
45,-0.400390625,2.939453125,-1.21875,-0.37561932113669017,22,1712134511042
45,-0.40625,2.939453125,-1.314453125,-0.37561932113669017,22,1712134511042
45,-0.189453125,2.927734375,-0.69921875,-0.25041288075779344,24,1712134511042
45,-0.19140625,2.978515625,-0.650390625,-0.25041288075779344,59,1712134511042
45,-0.193359375,3.01953125,-0.634765625,-0.25041288075779344,86,1712134511042
45,-0.1953125,3.072265625,-0.564453125,-0.25041288075779344,68,1712134511042
45,-0.501953125,2.96875,-1.1015625,-0.25041288075779344,37,1712134511042
45,-0.40625,3.017578125,-1.12109375,-0.25041288075779344,39,1712134511042
45,0.0,2.943359375,-0.451171875,-0.12520644037889672,18,1712134511042
45,-0.09375,2.970703125,-0.517578125,-0.12520644037889672,60,1712134511042
45,-0.19140625,3.005859375,-0.509765625,-0.12520644037889672,123,1712134511042
45,-0.193359375,3.046875,-0.49609375,-0.12520644037889672,154,1712134511042
45,-0.1953125,3.099609375,-0.390625,-0.12520644037889672,110,1712134511042
45,-0.296875,3.154296875,-0.01953125,-0.12520644037889672,28,1712134511042
46,0.09375,2.955078125,-0.595703125,0.0,17,1712134511142
46,0.095703125,2.978515625,-0.666015625,0.0,54,1712134511142
46,0.0,3.01171875,-0.701171875,0.0,76,1712134511142
46,0.0,3.015625,-0.841796875,0.0,61,1712134511142
46,0.0,3.03125,-0.921875,0.0,61,1712134511142
46,-0.201171875,3.060546875,-0.9375,0.0,68,1712134511142
46,-0.203125,3.134765625,-0.8125,0.0,49,1712134511142
46,-0.41015625,3.1484375,-0.837890625,0.0,23,1712134511142
46,0.0,2.947265625,-0.638671875,0.12520644037889672,36,1712134511142
46,0.095703125,2.990234375,-0.615234375,0.12520644037889672,97,1712134511142
46,0.095703125,3.02734375,-0.62109375,0.12520644037889672,130,1712134511142
46,0.0,3.048828125,-0.70703125,0.12520644037889672,94,1712134511142
46,0.0,3.052734375,-0.8515625,0.12520644037889672,90,1712134511142
46,0.099609375,3.11328125,-0.759765625,0.12520644037889672,106,1712134511142
46,0.1015625,3.1640625,-0.71484375,0.12520644037889672,67,1712134511142
46,0.0,2.998046875,-0.326171875,0.25041288075779344,23,1712134511142
46,0.0,3.029296875,-0.3828125,0.25041288075779344,65,1712134511142
46,0.0,3.06640625,-0.3984375,0.25041288075779344,87,1712134511142
46,0.0,3.087890625,-0.517578125,0.25041288075779344,57,1712134511142
46,0.099609375,3.09765625,-0.66015625,0.25041288075779344,50,1712134511142
46,0.099609375,3.154296875,-0.568359375,0.25041288075779344,58,1712134511142
46,0.0,3.2109375,-0.474609375,0.25041288075779344,37,1712134511142
46,-0.396484375,2.966796875,-1.0390625,-0.5008257615155869,28,1712134511142
46,-0.400390625,3.0,-1.05859375,-0.5008257615155869,38,1712134511142
46,-0.40625,3.025390625,-1.099609375,-0.5008257615155869,26,1712134511142
46,-0.29296875,2.935546875,-1.048828125,-0.37561932113669017,19,1712134511142
46,-0.396484375,2.986328125,-0.98046875,-0.37561932113669017,45,1712134511142
46,-0.30078125,3.03125,-1.0,-0.37561932113669017,50,1712134511142
46,-0.40625,3.09375,-0.890625,-0.37561932113669017,27,1712134511142
46,-0.296875,2.998046875,-0.978515625,-0.25041288075779344,65,1712134511142
46,-0.201171875,3.04296875,-0.990234375,-0.25041288075779344,82,1712134511142
46,-0.203125,3.078125,-1.005859375,-0.25041288075779344,58,1712134511142
46,-0.205078125,3.099609375,-1.0625,-0.25041288075779344,26,1712134511142
46,-0.287109375,2.998046875,-0.501953125,-0.12520644037889672,25,1712134511142
46,-0.193359375,3.0546875,-0.44140625,-0.12520644037889672,49,1712134511142
46,-0.1953125,3.048828125,-0.68359375,-0.12520644037889672,44,1712134511142
46,-0.296875,3.0546875,-0.7890625,-0.12520644037889672,84,1712134511142
46,-0.30078125,3.1015625,-0.759765625,-0.12520644037889672,121,1712134511142
46,-0.3046875,3.13671875,-0.76953125,-0.12520644037889672,99,1712134511142
46,-0.30859375,3.173828125,-0.77734375,-0.12520644037889672,47,1712134511142
47,0.0,2.966796875,-0.255859375,0.0,13,1712134511242
47,-0.193359375,2.978515625,-0.8046875,0.0,23,1712134511242
47,0.390625,3.04296875,-0.623046875,0.0,24,1712134511242
47,0.296875,2.9921875,-0.998046875,0.0,52,1712134511242
47,0.201171875,3.052734375,-0.9609375,0.0,52,1712134511242
47,0.0,3.064453125,-1.06640625,0.0,24,1712134511242
47,0.0,2.9765625,-0.0859375,0.12520644037889672,28,1712134511242
47,-0.287109375,2.921875,-0.84375,0.12520644037889672,23,1712134511242
47,-0.095703125,3.03515625,-0.587890625,0.12520644037889672,49,1712134511242
47,0.1953125,3.06640625,-0.59765625,0.12520644037889672,53,1712134511242
47,0.099609375,3.080078125,-0.73828125,0.12520644037889672,99,1712134511242
47,0.099609375,3.119140625,-0.740234375,0.12520644037889672,98,1712134511242
47,0.1015625,3.130859375,-0.845703125,0.12520644037889672,49,1712134511242
47,0.0,3.08203125,-0.26171875,0.25041288075779344,26,1712134511242
47,0.09765625,3.107421875,-0.37109375,0.25041288075779344,40,1712134511242
47,0.099609375,3.125,-0.515625,0.25041288075779344,59,1712134511242
47,0.099609375,3.15234375,-0.576171875,0.25041288075779344,54,1712134511242
47,0.0,3.173828125,-0.671875,0.25041288075779344,26,1712134511242
47,-0.396484375,2.919921875,-1.166015625,-0.37561932113669017,19,1712134511242
47,-0.390625,2.94921875,-0.97265625,-0.25041288075779344,30,1712134511242
47,-0.396484375,2.990234375,-0.970703125,-0.25041288075779344,45,1712134511242
47,-0.30078125,3.037109375,-0.984375,-0.25041288075779344,35,1712134511242
47,-0.587890625,3.033203125,-0.509765625,-0.12520644037889672,21,1712134511242
47,-0.396484375,3.076171875,-0.646484375,-0.12520644037889672,31,1712134511242
47,-0.501953125,3.119140625,-0.55078125,-0.12520644037889672,22,1712134511242
47,-0.685546875,2.1015625,-2.216796875,0.0,15,1712134511242
48,0.0,3.0,-0.30859375,0.0,26,1712134511343
48,0.0,2.9375,-0.837890625,0.0,45,1712134511343
48,0.193359375,2.982421875,-0.794921875,0.0,68,1712134511343
48,0.1953125,3.0546875,-0.658203125,0.0,82,1712134511343
48,0.0,3.134765625,-0.466796875,0.0,45,1712134511343
48,0.099609375,3.046875,-0.998046875,0.0,42,1712134511343
48,0.203125,3.029296875,-1.14453125,0.0,52,1712134511343
48,0.103515625,3.119140625,-1.01953125,0.0,25,1712134511343
48,0.0,2.97265625,-0.15625,0.12520644037889672,18,1712134511343
48,0.0,3.00390625,-0.275390625,0.12520644037889672,42,1712134511343
48,0.0,2.990234375,-0.619140625,0.12520644037889672,124,1712134511343
48,0.0,3.044921875,-0.54296875,0.12520644037889672,229,1712134511343
48,0.09765625,3.103515625,-0.404296875,0.12520644037889672,228,1712134511343
48,0.0,3.16015625,-0.234375,0.12520644037889672,100,1712134511343
48,0.099609375,3.091796875,-0.845703125,0.12520644037889672,88,1712134511343
48,0.1015625,3.142578125,-0.80078125,0.12520644037889672,112,1712134511343
48,0.0,3.193359375,-0.759765625,0.12520644037889672,55,1712134511343
48,0.0,3.0078125,0.20703125,0.25041288075779344,21,1712134511343
48,0.0,3.005859375,-0.537109375,0.25041288075779344,45,1712134511343
48,0.0,3.0703125,-0.361328125,0.25041288075779344,102,1712134511343
48,0.09765625,3.123046875,-0.203125,0.25041288075779344,119,1712134511343
48,0.0,3.16796875,-0.0078125,0.25041288075779344,55,1712134511343
48,0.099609375,3.130859375,-0.689453125,0.25041288075779344,39,1712134511343
48,0.0,3.1953125,-0.56640625,0.25041288075779344,54,1712134511343
48,0.0,3.228515625,-0.6015625,0.25041288075779344,28,1712134511343
48,-0.095703125,2.91015625,-0.923828125,-0.25041288075779344,32,1712134511343
48,0.0,2.943359375,-0.94921875,-0.25041288075779344,48,1712134511343
48,0.0,2.99609375,-0.90625,-0.25041288075779344,35,1712134511343
48,0.0,2.943359375,-0.66015625,-0.12520644037889672,23,1712134511343
48,0.0,2.96875,-0.716796875,-0.12520644037889672,81,1712134511343
48,-0.095703125,3.0078125,-0.7109375,-0.12520644037889672,125,1712134511343
48,-0.09765625,3.048828125,-0.69921875,-0.12520644037889672,91,1712134511343
48,-0.197265625,3.072265625,-0.751953125,-0.12520644037889672,26,1712134511343
48,-0.201171875,3.033203125,-1.021484375,-0.12520644037889672,37,1712134511343
48,-0.203125,3.095703125,-0.951171875,-0.12520644037889672,32,1712134511343
49,0.0,2.96875,-0.224609375,0.0,14,1712134511443
49,0.0,3.0,-0.3046875,0.0,38,1712134511443
49,-0.095703125,3.029296875,-0.380859375,0.0,70,1712134511443
49,-0.095703125,3.060546875,-0.431640625,0.0,79,1712134511443
49,-0.09765625,3.083984375,-0.53125,0.0,55,1712134511443
49,0.099609375,3.017578125,-0.958984375,0.0,46,1712134511443
49,0.0,3.048828125,-0.994140625,0.0,40,1712134511443
49,0.1015625,3.109375,-0.921875,0.0,32,1712134511443
49,0.09375,2.97265625,-0.126953125,0.12520644037889672,18,1712134511443
49,0.0,3.005859375,-0.54296875,0.12520644037889672,34,1712134511443
49,-0.193359375,3.078125,-0.21484375,0.12520644037889672,40,1712134511443
49,0.29296875,3.115234375,-0.05859375,0.12520644037889672,41,1712134511443
49,0.099609375,3.1171875,-0.564453125,0.12520644037889672,79,1712134511443
49,0.099609375,3.10546875,-0.796875,0.12520644037889672,70,1712134511443
49,0.1015625,3.138671875,-0.8203125,0.12520644037889672,53,1712134511443
49,0.1953125,3.115234375,0.2265625,0.25041288075779344,24,1712134511443
49,0.296875,3.15234375,-0.1171875,0.25041288075779344,41,1712134511443
49,0.099609375,3.158203125,-0.544921875,0.25041288075779344,40,1712134511443
49,0.1015625,3.18359375,-0.619140625,0.25041288075779344,37,1712134511443
49,0.205078125,3.228515625,-0.5546875,0.25041288075779344,23,1712134511443
49,0.0,2.927734375,-0.724609375,-0.25041288075779344,23,1712134511443
49,0.0,2.97265625,-0.703125,-0.25041288075779344,59,1712134511443
49,0.0,3.009765625,-0.708984375,-0.25041288075779344,70,1712134511443
49,0.0,3.04296875,-0.734375,-0.25041288075779344,44,1712134511443
49,0.0,3.044921875,-0.876953125,-0.25041288075779344,20,1712134511443
49,0.0,2.958984375,-0.578125,-0.12520644037889672,54,1712134511443
49,0.0,3.0,-0.576171875,-0.12520644037889672,133,1712134511443
49,-0.095703125,3.041015625,-0.546875,-0.12520644037889672,160,1712134511443
49,0.0,3.076171875,-0.578125,-0.12520644037889672,98,1712134511443
49,-0.099609375,3.095703125,-0.66796875,-0.12520644037889672,42,1712134511443
49,-0.201171875,3.10546875,-0.775390625,-0.12520644037889672,28,1712134511443
49,-0.3046875,3.1328125,-0.79296875,-0.12520644037889672,21,1712134511443
50,0.189453125,2.984375,-0.3984375,0.0,15,1712134511493
50,0.095703125,3.017578125,-0.45703125,0.0,20,1712134511493
50,-0.095703125,3.0546875,-0.470703125,0.0,22,1712134511493
50,-0.1953125,3.046875,-0.6875,0.0,27,1712134511493
50,-0.197265625,3.0546875,-0.81640625,0.0,28,1712134511493
50,0.0,3.158203125,-0.55859375,0.0,21,1712134511493
50,0.09375,2.998046875,-0.318359375,0.12520644037889672,32,1712134511493
50,0.0,3.03125,-0.37890625,0.12520644037889672,59,1712134511493
50,0.0,3.0625,-0.42578125,0.12520644037889672,64,1712134511493
50,-0.09765625,3.087890625,-0.50390625,0.12520644037889672,52,1712134511493
50,0.0,3.14453125,-0.39453125,0.12520644037889672,57,1712134511493
50,0.0,3.17578125,-0.44921875,0.12520644037889672,41,1712134511493
50,0.0,3.052734375,-0.080078125,0.25041288075779344,24,1712134511493
50,-0.095703125,3.08984375,-0.060546875,0.25041288075779344,22,1712134511493
50,0.0,3.1640625,-0.171875,0.25041288075779344,25,1712134511493
50,0.0,2.869140625,-1.044921875,-0.12520644037889672,25,1712134511493
50,0.193359375,2.955078125,-0.890625,-0.12520644037889672,32,1712134511493
50,0.390625,2.84765625,-1.2421875,-0.12520644037889672,18,1712134511493
50,-0.296875,3.09765625,-0.59375,-0.12520644037889672,22,1712134511493
50,-0.685546875,2.970703125,0.712890625,-0.12520644037889672,11,1712134511493
51,0.19140625,2.86328125,-1.046875,0.0,23,1712134511593
51,0.193359375,2.96484375,-0.85546875,0.0,45,1712134511593
51,0.1953125,3.068359375,-0.583984375,0.0,63,1712134511593
51,0.099609375,3.1171875,-0.5546875,0.0,63,1712134511593
51,0.099609375,3.15625,-0.552734375,0.0,42,1712134511593
51,0.0,3.1796875,-0.65234375,0.0,17,1712134511593
51,0.287109375,2.630859375,-1.525390625,0.12520644037889672,26,1712134511593
51,0.193359375,2.974609375,-0.8203125,0.12520644037889672,73,1712134511593
51,0.1953125,3.0859375,-0.490234375,0.12520644037889672,109,1712134511593
51,0.197265625,3.146484375,-0.322265625,0.12520644037889672,99,1712134511593
51,0.201171875,3.185546875,-0.3046875,0.12520644037889672,58,1712134511593
51,0.095703125,3.033203125,-0.59375,0.25041288075779344,38,1712134511593
51,0.1953125,3.11328125,-0.26171875,0.25041288075779344,56,1712134511593
51,0.099609375,3.1640625,-0.134765625,0.25041288075779344,51,1712134511593
51,0.099609375,3.203125,-0.11328125,0.25041288075779344,29,1712134511593
51,0.0,2.93359375,-1.09375,-0.25041288075779344,20,1712134511593
51,-0.197265625,2.98828125,-1.037109375,-0.25041288075779344,24,1712134511593
51,0.0,3.001953125,-0.556640625,-0.12520644037889672,21,1712134511593
51,-0.1953125,2.9921875,-0.900390625,-0.12520644037889672,40,1712134511593
51,-0.197265625,3.03125,-0.900390625,-0.12520644037889672,52,1712134511593
51,-0.201171875,3.076171875,-0.884765625,-0.12520644037889672,36,1712134511593
52,0.19140625,3.017578125,-0.43359375,0.0,10,1712134511693
52,0.19140625,3.048828125,0.015625,0.12520644037889672,16,1712134511693
52,0.193359375,3.083984375,0.10546875,0.12520644037889672,34,1712134511693
52,0.1953125,3.125,0.01171875,0.12520644037889672,36,1712134511693
52,0.296875,3.154296875,0.060546875,0.12520644037889672,21,1712134511693
52,0.0,3.0078125,-0.720703125,-0.12520644037889672,26,1712134511693
52,-0.09765625,3.04296875,-0.728515625,-0.12520644037889672,41,1712134511693
52,0.0,3.09375,-0.681640625,-0.12520644037889672,31,1712134511693
53,0.09375,2.990234375,-0.37890625,0.0,12,1712134511794
53,0.19140625,3.0234375,-0.39453125,0.0,45,1712134511794
53,0.193359375,3.056640625,-0.431640625,0.0,89,1712134511794
53,0.29296875,3.083984375,-0.455078125,0.0,98,1712134511794
53,0.197265625,3.126953125,-0.474609375,0.0,60,1712134511794
53,0.201171875,3.16015625,-0.505859375,0.0,20,1712134511794
53,0.287109375,3.0390625,-0.12109375,0.12520644037889672,63,1712134511794
53,0.2890625,3.072265625,-0.189453125,0.12520644037889672,153,1712134511794
53,0.29296875,3.109375,-0.2109375,0.12520644037889672,179,1712134511794
53,0.396484375,3.134765625,-0.2265625,0.12520644037889672,105,1712134511794
53,0.400390625,3.1796875,-0.09765625,0.12520644037889672,31,1712134511794
53,0.19140625,3.044921875,0.12109375,0.25041288075779344,29,1712134511794
53,0.2890625,3.078125,0.01953125,0.25041288075779344,70,1712134511794
53,0.29296875,3.1171875,0.0078125,0.25041288075779344,81,1712134511794
53,0.296875,3.154296875,0.013671875,0.25041288075779344,50,1712134511794
53,0.0,2.94140625,-0.666015625,-0.12520644037889672,22,1712134511794
53,0.095703125,2.986328125,-0.63671875,-0.12520644037889672,36,1712134511794
53,-0.095703125,2.98046875,-0.81640625,-0.12520644037889672,27,1712134511794
53,-0.396484375,3.001953125,-0.93359375,-0.12520644037889672,19,1712134511794
53,-0.80078125,0.421875,3.076171875,0.12520644037889672,17,1712134511794
53,-0.095703125,2.962890625,-0.736328125,-0.12520644037889672,36,1712134511794
54,0.095703125,2.998046875,-0.572265625,0.0,16,1712134511894
54,0.193359375,3.033203125,-0.57421875,0.0,51,1712134511894
54,0.1953125,3.072265625,-0.572265625,0.0,66,1712134511894
54,0.197265625,3.11328125,-0.55859375,0.0,43,1712134511894
54,0.19140625,3.021484375,-0.396484375,0.12520644037889672,31,1712134511894
54,0.193359375,3.06640625,-0.34375,0.12520644037889672,102,1712134511894
54,0.1953125,3.103515625,-0.353515625,0.12520644037889672,134,1712134511894
54,0.099609375,3.14453125,-0.37890625,0.12520644037889672,83,1712134511894
54,0.0,3.181640625,-0.39453125,0.12520644037889672,18,1712134511894
54,0.193359375,3.08203125,-0.14453125,0.25041288075779344,42,1712134511894
54,0.09765625,3.123046875,-0.17578125,0.25041288075779344,56,1712134511894
54,0.099609375,3.1640625,-0.12890625,0.25041288075779344,35,1712134511894
54,0.29296875,3.029296875,-0.734375,-0.12520644037889672,19,1712134511894
55,0.193359375,3.03515625,-0.55859375,0.0,36,1712134511995
55,0.29296875,3.0703125,-0.5390625,0.0,52,1712134511995
55,0.197265625,3.1171875,-0.52734375,0.0,37,1712134511995
55,0.19140625,3.03125,-0.326171875,0.12520644037889672,32,1712134511995
55,0.2890625,3.068359375,-0.2578125,0.12520644037889672,81,1712134511995
55,0.29296875,3.10546875,-0.267578125,0.12520644037889672,116,1712134511995
55,0.197265625,3.146484375,-0.3203125,0.12520644037889672,83,1712134511995
55,0.0,3.173828125,-0.453125,0.12520644037889672,23,1712134511995
55,0.193359375,3.0859375,-0.052734375,0.25041288075779344,31,1712134511995
55,0.1953125,3.123046875,-0.115234375,0.25041288075779344,45,1712134511995
55,0.197265625,3.16015625,-0.1171875,0.25041288075779344,32,1712134511995
55,0.38671875,3.048828125,-0.345703125,-0.12520644037889672,22,1712134511995
55,0.48828125,3.076171875,-0.310546875,-0.12520644037889672,29,1712134511995
55,0.396484375,3.115234375,-0.419921875,-0.12520644037889672,22,1712134511995
55,-0.67578125,1.6484375,-2.52734375,-0.12520644037889672,12,1712134511995
55,-0.587890625,1.68359375,-2.57421875,-0.12520644037889672,17,1712134511995
56,0.09765625,3.072265625,-0.59375,0.12520644037889672,17,1712134512095
57,0.095703125,2.9921875,-0.60546875,-0.12520644037889672,22,1712134512195
57,0.0,3.015625,-0.68359375,-0.12520644037889672,18,1712134512195
58,0.09375,2.9609375,-0.306640625,0.0,12,1712134512346
58,0.09375,3.00390625,-0.251953125,0.0,41,1712134512346
58,0.095703125,3.033203125,-0.345703125,0.0,65,1712134512346
58,-0.095703125,3.044921875,-0.52734375,0.0,53,1712134512346
58,0.29296875,3.01171875,-0.80078125,0.0,26,1712134512346
58,0.296875,3.0859375,-0.65625,0.0,53,1712134512346
58,0.201171875,3.150390625,-0.56640625,0.0,48,1712134512346
58,0.0,2.958984375,-0.75390625,0.12520644037889672,19,1712134512346
58,0.095703125,2.982421875,-0.8125,0.12520644037889672,55,1712134512346
58,0.09765625,3.03515625,-0.763671875,0.12520644037889672,95,1712134512346
58,0.099609375,3.078125,-0.74609375,0.12520644037889672,93,1712134512346
58,0.0,3.107421875,-0.791015625,0.12520644037889672,55,1712134512346
58,0.0,3.115234375,-0.91015625,0.12520644037889672,42,1712134512346
58,0.0,3.150390625,-0.923828125,0.12520644037889672,42,1712134512346
58,0.095703125,3.013671875,-0.689453125,0.25041288075779344,23,1712134512346
58,0.09765625,3.072265625,-0.59375,0.25041288075779344,41,1712134512346
58,0.0,3.12109375,-0.548828125,0.25041288075779344,40,1712134512346
58,0.0,3.13671875,-0.666015625,0.25041288075779344,24,1712134512346
58,0.189453125,2.939453125,-0.646484375,-0.25041288075779344,46,1712134512346
58,0.19140625,2.962890625,-0.716796875,-0.25041288075779344,71,1712134512346
58,0.0,2.92578125,-1.00390625,-0.25041288075779344,62,1712134512346
58,-0.1953125,2.875,-1.220703125,-0.25041288075779344,38,1712134512346
58,0.59375,3.10546875,0.203125,-0.25041288075779344,20,1712134512346
58,0.30078125,3.150390625,-0.51953125,-0.25041288075779344,28,1712134512346
58,0.09375,2.939453125,-0.462890625,-0.12520644037889672,20,1712134512346
58,0.189453125,2.97265625,-0.466796875,-0.12520644037889672,77,1712134512346
58,0.095703125,2.994140625,-0.59765625,-0.12520644037889672,124,1712134512346
58,0.0,2.990234375,-0.7890625,-0.12520644037889672,124,1712134512346
58,-0.09765625,2.98828125,-0.92578125,-0.12520644037889672,85,1712134512346
58,-0.396484375,2.8671875,-1.291015625,-0.12520644037889672,38,1712134512346
58,0.201171875,3.17578125,-0.39453125,-0.12520644037889672,50,1712134512346
58,0.203125,3.203125,-0.474609375,-0.12520644037889672,45,1712134512346
58,-0.587890625,1.69921875,-2.5625,0.0,18,1712134512346
58,-1.369140625,1.607421875,2.310546875,-0.25041288075779344,20,1712134512346
58,-0.396484375,2.365234375,-2.0703125,-0.25041288075779344,18,1712134512346
58,0.693359375,2.943359375,0.9453125,-0.12520644037889672,30,1712134512346
59,0.193359375,3.02734375,-0.599609375,0.0,35,1712134512446
59,0.29296875,3.068359375,-0.54296875,0.0,62,1712134512446
59,0.197265625,3.13671875,-0.408203125,0.0,55,1712134512446
59,0.099609375,3.1796875,-0.40234375,0.0,30,1712134512446
59,0.193359375,3.005859375,-0.701171875,0.12520644037889672,24,1712134512446
59,0.1953125,3.076171875,-0.54296875,0.12520644037889672,33,1712134512446
59,0.0,3.08203125,-0.736328125,0.12520644037889672,35,1712134512446
59,-0.201171875,3.0390625,-1.00390625,0.12520644037889672,33,1712134512446
59,0.0,3.1640625,-1.01171875,0.12520644037889672,32,1712134512446
59,0.0,3.12890625,-0.99609375,0.25041288075779344,41,1712134512446
59,0.0,3.1953125,-0.90625,0.25041288075779344,42,1712134512446
59,0.0,3.15625,-0.90625,0.37561932113669017,28,1712134512446
59,0.0,3.19921875,-0.890625,0.37561932113669017,27,1712134512446
59,0.09375,2.87890625,-0.7578125,-0.37561932113669017,19,1712134512446
59,0.09375,2.947265625,-0.62890625,-0.37561932113669017,36,1712134512446
59,0.095703125,3.001953125,-0.55859375,-0.37561932113669017,30,1712134512446
59,0.38671875,3.0546875,-0.2890625,-0.37561932113669017,40,1712134512446
59,0.29296875,3.072265625,-0.525390625,-0.37561932113669017,56,1712134512446
59,0.296875,3.109375,-0.537109375,-0.37561932113669017,52,1712134512446
59,0.400390625,3.14453125,-0.48828125,-0.37561932113669017,34,1712134512446
59,0.09375,2.935546875,-0.490234375,-0.25041288075779344,32,1712134512446
59,0.0,2.98828125,-0.4140625,-0.25041288075779344,54,1712134512446
59,0.380859375,2.986328125,0.513671875,-0.25041288075779344,30,1712134512446
59,0.38671875,3.013671875,-0.57421875,-0.25041288075779344,97,1712134512446
59,0.390625,3.056640625,-0.546875,-0.25041288075779344,151,1712134512446
59,0.296875,3.123046875,-0.44921875,-0.25041288075779344,138,1712134512446
59,0.30078125,3.169921875,-0.3828125,-0.25041288075779344,83,1712134512446
59,0.09375,2.9609375,-0.306640625,-0.12520644037889672,16,1712134512446
59,0.0,3.0,-0.306640625,-0.12520644037889672,23,1712134512446
59,-0.380859375,2.92578125,-0.787109375,-0.12520644037889672,17,1712134512446
59,0.2890625,2.9921875,-0.7265625,-0.12520644037889672,86,1712134512446
59,0.29296875,3.078125,-0.486328125,-0.12520644037889672,140,1712134512446
59,0.296875,3.134765625,-0.34765625,-0.12520644037889672,126,1712134512446
59,0.30078125,3.18359375,-0.23828125,-0.12520644037889672,68,1712134512446
59,0.572265625,1.5234375,-2.583984375,-0.12520644037889672,16,1712134512446
60,0.0,3.00390625,-0.552734375,0.0,17,1712134512497
60,0.0,3.04296875,-0.546875,0.0,25,1712134512497
60,0.0,3.0546875,-0.6875,0.0,20,1712134512497
60,0.0,3.046875,-0.869140625,0.0,13,1712134512497
60,0.0,3.013671875,-0.84765625,0.12520644037889672,18,1712134512497
60,0.0,3.068359375,-0.79296875,0.12520644037889672,20,1712134512497
60,0.0,3.083984375,-1.23046875,0.12520644037889672,22,1712134512497
60,0.0,3.13671875,-1.205078125,0.12520644037889672,23,1712134512497
60,0.0,3.146484375,-0.939453125,0.25041288075779344,32,1712134512497
60,0.0,3.177734375,-0.96484375,0.25041288075779344,39,1712134512497
60,0.0,3.22265625,-0.94921875,0.25041288075779344,35,1712134512497
60,0.0,3.26171875,-0.94921875,0.25041288075779344,22,1712134512497
60,0.0,3.1953125,-0.7578125,0.37561932113669017,18,1712134512497
60,0.0,3.244140625,-0.712890625,0.37561932113669017,20,1712134512497
60,0.09375,2.82421875,-0.9375,-0.37561932113669017,18,1712134512497
60,0.4765625,2.990234375,-0.400390625,-0.37561932113669017,27,1712134512497
60,0.2890625,3.04296875,-0.470703125,-0.37561932113669017,36,1712134512497
60,0.29296875,3.044921875,-0.6640625,-0.37561932113669017,34,1712134512497
60,0.09375,2.892578125,-0.69921875,-0.25041288075779344,36,1712134512497
60,0.283203125,2.95703125,-0.51953125,-0.25041288075779344,34,1712134512497
60,0.572265625,2.998046875,0.09765625,-0.25041288075779344,35,1712134512497
60,0.482421875,3.052734375,-0.080078125,-0.25041288075779344,41,1712134512497
60,0.390625,3.087890625,-0.341796875,-0.25041288075779344,48,1712134512497
60,0.296875,3.130859375,-0.392578125,-0.25041288075779344,42,1712134512497
60,0.09375,2.931640625,-0.517578125,-0.12520644037889672,21,1712134512497
60,0.0,2.91796875,-0.763671875,-0.12520644037889672,23,1712134512497
60,-0.287109375,2.783203125,-1.2265625,-0.12520644037889672,24,1712134512497
60,-0.193359375,2.861328125,-1.158203125,-0.12520644037889672,25,1712134512497
60,-0.4765625,2.095703125,-2.169921875,-0.25041288075779344,21,1712134512497
60,0.66796875,2.833984375,0.923828125,-0.12520644037889672,13,1712134512497
61,0.091796875,2.896484375,-0.48828125,0.0,21,1712134512597
61,0.185546875,2.9375,-0.4453125,0.0,43,1712134512597
61,0.09375,3.0,-0.298828125,0.0,41,1712134512597
61,0.287109375,3.0234375,-0.32421875,0.0,21,1712134512597
61,0.2890625,3.017578125,-0.61328125,0.0,32,1712134512597
61,0.0,3.076171875,-1.251953125,0.0,21,1712134512597
61,0.0,3.13671875,-1.205078125,0.0,25,1712134512597
61,0.0,3.203125,-1.1328125,0.0,22,1712134512597
61,-0.201171875,3.03125,-1.02734375,0.12520644037889672,30,1712134512597
61,0.0,3.13671875,-0.97265625,0.12520644037889672,30,1712134512597
61,0.0,3.166015625,-1.00390625,0.12520644037889672,41,1712134512597
61,0.0,3.1953125,-1.0390625,0.12520644037889672,48,1712134512597
61,0.0,3.25,-0.98828125,0.12520644037889672,38,1712134512597
61,-0.30078125,3.064453125,-0.896484375,0.25041288075779344,24,1712134512597
61,-0.203125,3.103515625,-0.923828125,0.25041288075779344,26,1712134512597
61,0.0,3.216796875,-0.82421875,0.25041288075779344,25,1712134512597
61,0.0,3.2578125,-0.818359375,0.25041288075779344,28,1712134512597
61,0.0,3.30078125,-0.8046875,0.25041288075779344,21,1712134512597
61,0.18359375,2.80859375,-0.849609375,-0.25041288075779344,31,1712134512597
61,0.185546875,2.87890625,-0.740234375,-0.25041288075779344,65,1712134512597
61,0.283203125,2.931640625,-0.6484375,-0.25041288075779344,68,1712134512597
61,0.380859375,2.96875,-0.611328125,-0.25041288075779344,38,1712134512597
61,0.482421875,2.94140625,-0.826171875,-0.25041288075779344,38,1712134512597
61,0.091796875,2.857421875,-0.68359375,-0.12520644037889672,42,1712134512597
61,0.185546875,2.91015625,-0.607421875,-0.12520644037889672,89,1712134512597
61,0.189453125,2.970703125,-0.48046875,-0.12520644037889672,85,1712134512597
61,0.287109375,3.021484375,-0.333984375,-0.12520644037889672,40,1712134512597
61,0.38671875,2.99609375,-0.658203125,-0.12520644037889672,50,1712134512597
62,0.193359375,3.01953125,-0.634765625,0.0,33,1712134512697
62,0.1953125,3.076171875,-0.546875,0.0,41,1712134512697
62,0.197265625,3.103515625,-0.61328125,0.0,26,1712134512697
62,0.0,3.158203125,-1.1484375,0.0,17,1712134512697
62,0.0,3.166015625,-1.236328125,0.0,17,1712134512697
62,0.103515625,3.2109375,-0.841796875,0.12520644037889672,21,1712134512697
62,0.0,3.22265625,-0.951171875,0.12520644037889672,33,1712134512697
62,0.0,3.236328125,-1.033203125,0.12520644037889672,30,1712134512697
62,0.2890625,2.91015625,-1.001953125,-0.25041288075779344,30,1712134512697
62,0.29296875,2.974609375,-0.931640625,-0.25041288075779344,38,1712134512697
62,0.56640625,2.947265625,-0.294921875,-0.12520644037889672,25,1712134512697
62,0.287109375,2.96875,-0.65234375,-0.12520644037889672,19,1712134512697
62,0.2890625,2.970703125,-0.80859375,-0.12520644037889672,60,1712134512697
62,0.29296875,3.03125,-0.7265625,-0.12520644037889672,74,1712134512697
62,0.197265625,3.078125,-0.724609375,-0.12520644037889672,43,1712134512697
62,0.4765625,2.9921875,-0.3828125,-0.12520644037889672,19,1712134512697
63,0.283203125,2.978515625,-0.37890625,0.0,16,1712134512798
63,0.0,3.1640625,-1.009765625,0.0,18,1712134512798
63,0.0,3.162109375,-1.13671875,0.0,21,1712134512798
63,0.0,3.20703125,-0.86328125,0.12520644037889672,36,1712134512798
63,0.0,3.240234375,-0.890625,0.12520644037889672,43,1712134512798
63,0.0,3.24609375,-1.005859375,0.12520644037889672,26,1712134512798
63,0.46484375,2.833984375,-0.7890625,-0.12520644037889672,22,1712134512798
63,0.470703125,2.923828125,-0.57421875,-0.12520644037889672,33,1712134512798
63,0.380859375,3.013671875,-0.3203125,-0.12520644037889672,19,1712134512798
64,-0.40625,3.119140625,-0.794921875,0.12520644037889672,28,1712134512898
64,-0.30859375,3.1484375,-0.876953125,0.12520644037889672,22,1712134512898
70,0.185546875,2.931640625,-0.4921875,0.0,11,1712134513500
70,0.283203125,2.9296875,-0.65625,0.0,13,1712134513500
70,0.287109375,2.982421875,-0.587890625,0.0,12,1712134513500
70,0.095703125,3.021484375,-0.654296875,0.0,13,1712134513500
70,0.279296875,2.849609375,-0.81640625,-0.12520644037889672,22,1712134513500
70,0.283203125,2.88671875,-0.822265625,-0.12520644037889672,24,1712134513500
70,0.19140625,2.939453125,-0.8046875,-0.12520644037889672,23,1712134513500
70,0.2890625,2.9609375,-0.84375,-0.12520644037889672,26,1712134513500
71,0.185546875,2.93359375,-0.470703125,0.0,13,1712134513601
71,0.283203125,2.97265625,-0.421875,0.0,15,1712134513601
71,0.19140625,3.00390625,-0.51171875,0.0,21,1712134513601
71,0.193359375,3.041015625,-0.525390625,0.0,26,1712134513601
71,0.1953125,3.056640625,-0.642578125,0.0,17,1712134513601
71,-0.203125,3.052734375,-1.080078125,0.0,16,1712134513601
71,-0.201171875,3.04296875,-0.994140625,0.12520644037889672,25,1712134513601
71,-0.3046875,3.111328125,-0.87109375,0.12520644037889672,32,1712134513601
71,-0.30859375,3.1640625,-0.8203125,0.12520644037889672,23,1712134513601
71,0.373046875,2.798828125,-0.947265625,-0.37561932113669017,21,1712134513601
71,0.376953125,2.865234375,-0.859375,-0.37561932113669017,28,1712134513601
71,0.380859375,2.916015625,-0.826171875,-0.37561932113669017,25,1712134513601
71,0.38671875,2.9453125,-0.859375,-0.37561932113669017,19,1712134513601
71,0.275390625,2.798828125,-0.857421875,-0.25041288075779344,20,1712134513601
71,0.373046875,2.85546875,-0.755859375,-0.25041288075779344,49,1712134513601
71,0.376953125,2.90625,-0.712890625,-0.25041288075779344,64,1712134513601
71,0.287109375,2.9609375,-0.69140625,-0.25041288075779344,61,1712134513601
71,0.2890625,2.994140625,-0.71875,-0.25041288075779344,54,1712134513601
71,0.29296875,3.04296875,-0.669921875,-0.25041288075779344,33,1712134513601
71,0.275390625,2.837890625,-0.716796875,-0.12520644037889672,21,1712134513601
71,0.279296875,2.900390625,-0.6171875,-0.12520644037889672,41,1712134513601
71,0.283203125,2.951171875,-0.552734375,-0.12520644037889672,51,1712134513601
71,0.287109375,2.982421875,-0.595703125,-0.12520644037889672,56,1712134513601
71,0.2890625,3.01171875,-0.640625,-0.12520644037889672,58,1712134513601
71,0.1953125,3.06640625,-0.59765625,-0.12520644037889672,35,1712134513601
72,0.0,2.91015625,-0.412109375,0.0,13,1712134513702
72,0.09375,2.955078125,-0.35546875,0.0,15,1712134513702
72,-0.30078125,2.904296875,-1.32421875,0.0,20,1712134513702
72,-0.3046875,2.96875,-1.2734375,0.0,33,1712134513702
72,-0.30859375,3.0234375,-1.2421875,0.0,30,1712134513702
72,-0.310546875,3.072265625,-1.220703125,0.0,16,1712134513702
72,0.0,3.19921875,-1.02734375,0.0,11,1712134513702
72,-0.30078125,2.9921875,-1.111328125,0.12520644037889672,39,1712134513702
72,-0.3046875,3.044921875,-1.078125,0.12520644037889672,64,1712134513702
72,-0.30859375,3.08984375,-1.06640625,0.12520644037889672,57,1712134513702
72,-0.20703125,3.171875,-0.9609375,0.12520644037889672,32,1712134513702
72,0.0,3.2421875,-0.876953125,0.12520644037889672,24,1712134513702
72,-0.212890625,3.228515625,-1.03515625,0.12520644037889672,19,1712134513702
72,-0.30078125,3.04296875,-0.96484375,0.25041288075779344,23,1712134513702
72,-0.3046875,3.091796875,-0.93359375,0.25041288075779344,41,1712134513702
72,-0.41015625,3.125,-0.921875,0.25041288075779344,37,1712134513702
72,0.36328125,2.708984375,-0.974609375,-0.5008257615155869,21,1712134513702
72,0.3671875,2.78125,-0.87890625,-0.5008257615155869,53,1712134513702
72,0.373046875,2.837890625,-0.822265625,-0.5008257615155869,66,1712134513702
72,0.376953125,2.896484375,-0.75,-0.5008257615155869,45,1712134513702
72,0.36328125,2.775390625,-0.76171875,-0.37561932113669017,29,1712134513702
72,0.3671875,2.833984375,-0.6875,-0.37561932113669017,75,1712134513702
72,0.373046875,2.8828125,-0.64453125,-0.37561932113669017,90,1712134513702
72,0.376953125,2.935546875,-0.580078125,-0.37561932113669017,58,1712134513702
72,0.275390625,2.865234375,-0.59765625,-0.25041288075779344,41,1712134513702
72,0.279296875,2.916015625,-0.533203125,-0.25041288075779344,48,1712134513702
72,0.189453125,2.974609375,-0.46484375,-0.25041288075779344,29,1712134513702
72,0.091796875,2.8359375,-0.765625,-0.12520644037889672,22,1712134513702
72,0.09375,2.8984375,-0.67578125,-0.12520644037889672,24,1712134513702
73,0.08984375,2.861328125,-0.470703125,0.0,13,1712134513802
73,0.0,2.908203125,-0.43359375,0.0,16,1712134513802
73,-0.30859375,3.001953125,-1.29296875,0.0,16,1712134513802
73,0.0,3.126953125,-1.1171875,0.0,18,1712134513802
73,0.0,3.21484375,-0.97265625,0.0,26,1712134513802
73,0.0,3.263671875,-0.947265625,0.0,26,1712134513802
73,-0.203125,3.0390625,-1.12109375,0.12520644037889672,37,1712134513802
73,-0.205078125,3.076171875,-1.126953125,0.12520644037889672,38,1712134513802
73,-0.20703125,3.142578125,-1.052734375,0.12520644037889672,35,1712134513802
73,0.0,3.19140625,-1.048828125,0.12520644037889672,38,1712134513802
73,0.0,3.248046875,-1.0,0.12520644037889672,32,1712134513802
73,-0.3046875,3.076171875,-0.986328125,0.25041288075779344,34,1712134513802
73,-0.205078125,3.138671875,-0.943359375,0.25041288075779344,36,1712134513802
73,-0.310546875,3.189453125,-0.873046875,0.25041288075779344,28,1712134513802
73,-0.10546875,3.244140625,-0.8671875,0.25041288075779344,22,1712134513802
73,0.36328125,2.734375,-0.8984375,-0.6260322018944836,25,1712134513802
73,0.3671875,2.787109375,-0.861328125,-0.6260322018944836,26,1712134513802
73,0.357421875,2.697265625,-0.888671875,-0.5008257615155869,40,1712134513802
73,0.271484375,2.783203125,-0.775390625,-0.5008257615155869,76,1712134513802
73,0.3671875,2.82421875,-0.724609375,-0.5008257615155869,68,1712134513802
73,0.279296875,2.9140625,-0.546875,-0.5008257615155869,22,1712134513802
73,0.267578125,2.755859375,-0.73046875,-0.37561932113669017,37,1712134513802
73,0.271484375,2.82421875,-0.60546875,-0.37561932113669017,69,1712134513802
73,0.275390625,2.88671875,-0.482421875,-0.37561932113669017,55,1712134513802
73,0.189453125,2.8828125,-0.869140625,-0.37561932113669017,45,1712134513802
73,0.19140625,2.93359375,-0.826171875,-0.37561932113669017,35,1712134513802
73,0.271484375,2.818359375,-0.6328125,-0.25041288075779344,21,1712134513802
73,0.091796875,2.830078125,-0.787109375,-0.25041288075779344,19,1712134513802
73,0.185546875,2.822265625,-0.9296875,-0.25041288075779344,26,1712134513802
73,0.189453125,2.91796875,-0.73828125,-0.25041288075779344,46,1712134513802
73,0.19140625,2.95703125,-0.740234375,-0.25041288075779344,36,1712134513802
73,0.0,2.814453125,-0.8515625,-0.12520644037889672,23,1712134513802
73,0.0,2.830078125,-0.923828125,-0.12520644037889672,18,1712134513802
73,0.10546875,3.328125,-0.67578125,-0.12520644037889672,22,1712134513802
74,0.09375,2.947265625,-0.41796875,0.0,15,1712134513902
74,-0.51953125,2.98828125,-1.3515625,0.25041288075779344,18,1712134513902
74,-0.41015625,3.107421875,-0.9765625,0.37561932113669017,19,1712134513902
74,-0.416015625,3.15625,-0.9453125,0.37561932113669017,17,1712134513902
74,0.265625,2.685546875,-0.8359375,-0.5008257615155869,31,1712134513902
74,0.267578125,2.748046875,-0.755859375,-0.5008257615155869,52,1712134513902
74,0.271484375,2.798828125,-0.7109375,-0.5008257615155869,48,1712134513902
74,0.275390625,2.84375,-0.69140625,-0.5008257615155869,37,1712134513902
74,0.279296875,2.8671875,-0.75390625,-0.5008257615155869,36,1712134513902
74,0.283203125,2.880859375,-0.845703125,-0.5008257615155869,30,1712134513902
74,0.265625,2.736328125,-0.6484375,-0.37561932113669017,26,1712134513902
74,0.1796875,2.79296875,-0.599609375,-0.37561932113669017,43,1712134513902
74,0.271484375,2.84375,-0.5078125,-0.37561932113669017,44,1712134513902
74,0.18359375,2.8984375,-0.458984375,-0.37561932113669017,37,1712134513902
74,0.185546875,2.939453125,-0.44140625,-0.37561932113669017,32,1712134513902
74,0.091796875,2.794921875,-0.90625,-0.25041288075779344,26,1712134513902
74,0.09375,2.845703125,-0.869140625,-0.25041288075779344,43,1712134513902
74,0.189453125,2.892578125,-0.83203125,-0.25041288075779344,43,1712134513902
74,0.103515625,3.171875,-0.978515625,-0.25041288075779344,46,1712134513902
74,0.10546875,3.197265625,-1.02734375,-0.25041288075779344,47,1712134513902
74,0.0,3.255859375,-0.96875,-0.25041288075779344,26,1712134513902
74,0.091796875,2.80859375,-0.861328125,-0.12520644037889672,21,1712134513902
74,0.09375,2.896484375,-0.681640625,-0.12520644037889672,38,1712134513902
74,0.09375,2.955078125,-0.59765625,-0.12520644037889672,40,1712134513902
74,0.095703125,3.01171875,-0.501953125,-0.12520644037889672,23,1712134513902
74,0.103515625,3.21875,-0.810546875,-0.12520644037889672,50,1712134513902
74,0.0,3.2578125,-0.822265625,-0.12520644037889672,49,1712134513902
74,0.0,3.271484375,-0.91796875,-0.12520644037889672,26,1712134513902
75,0.09375,2.9375,-0.48046875,0.0,13,1712134514003
75,0.0,3.173828125,-1.2109375,0.0,16,1712134514003
75,0.0,3.19140625,-1.046875,0.12520644037889672,25,1712134514003
75,-0.10546875,3.2265625,-1.05859375,0.12520644037889672,37,1712134514003
75,-0.107421875,3.283203125,-1.0078125,0.12520644037889672,30,1712134514003
75,-0.41015625,2.931640625,-1.419921875,0.25041288075779344,31,1712134514003
75,-0.310546875,3.03515625,-1.314453125,0.25041288075779344,64,1712134514003
75,-0.314453125,3.126953125,-1.185546875,0.25041288075779344,67,1712134514003
75,-0.212890625,3.232421875,-1.0234375,0.25041288075779344,47,1712134514003
75,-0.21484375,3.32421875,-0.841796875,0.25041288075779344,26,1712134514003
75,-0.41015625,3.05078125,-1.140625,0.37561932113669017,42,1712134514003
75,-0.416015625,3.12890625,-1.03125,0.37561932113669017,83,1712134514003
75,-0.314453125,3.19921875,-0.974609375,0.37561932113669017,84,1712134514003
75,-0.318359375,3.263671875,-0.888671875,0.37561932113669017,43,1712134514003
75,-0.416015625,3.193359375,-0.8125,0.5008257615155869,30,1712134514003
75,-0.419921875,3.255859375,-0.71484375,0.5008257615155869,32,1712134514003
75,-0.423828125,3.330078125,-0.525390625,0.5008257615155869,17,1712134514003
75,0.271484375,2.763671875,-0.837890625,-0.5008257615155869,16,1712134514003
75,0.275390625,2.818359375,-0.791015625,-0.5008257615155869,17,1712134514003
75,0.267578125,2.796875,-0.548828125,-0.37561932113669017,18,1712134514003
75,0.271484375,2.826171875,-0.595703125,-0.37561932113669017,23,1712134514003
75,0.18359375,2.869140625,-0.6171875,-0.37561932113669017,24,1712134514003
75,0.0,2.880859375,-0.75390625,-0.12520644037889672,22,1712134514003
76,0.0,2.724609375,-0.5859375,0.0,18,1712134514103
76,0.0,2.78125,-0.5,0.0,18,1712134514103
76,0.0,2.884765625,-0.560546875,0.0,16,1712134514103
76,0.0,3.267578125,-0.931640625,0.12520644037889672,36,1712134514103
76,0.0,3.322265625,-0.876953125,0.12520644037889672,32,1712134514103
76,-0.10546875,3.20703125,-0.99609375,0.25041288075779344,27,1712134514103
76,-0.10546875,3.26953125,-0.916015625,0.25041288075779344,36,1712134514103
76,0.0,3.341796875,-0.80078125,0.25041288075779344,23,1712134514103
76,-0.314453125,3.17578125,-1.046875,0.37561932113669017,26,1712134514103
76,-0.212890625,3.2578125,-0.939453125,0.37561932113669017,25,1712134514103
76,0.0859375,2.560546875,-0.998046875,-0.37561932113669017,35,1712134514103
76,0.173828125,2.638671875,-0.87890625,-0.37561932113669017,70,1712134514103
76,0.17578125,2.708984375,-0.783203125,-0.37561932113669017,77,1712134514103
76,0.1796875,2.765625,-0.716796875,-0.37561932113669017,55,1712134514103
76,0.08984375,2.79296875,-0.78125,-0.37561932113669017,37,1712134514103
76,0.091796875,2.787109375,-0.927734375,-0.37561932113669017,46,1712134514103
76,0.0,2.861328125,-0.826171875,-0.37561932113669017,50,1712134514103
76,0.0,2.95703125,-0.59375,-0.37561932113669017,30,1712134514103
76,0.0859375,2.642578125,-0.748046875,-0.25041288075779344,54,1712134514103
76,0.173828125,2.701171875,-0.66015625,-0.25041288075779344,105,1712134514103
76,0.087890625,2.763671875,-0.583984375,-0.25041288075779344,106,1712134514103
76,0.08984375,2.814453125,-0.521484375,-0.25041288075779344,64,1712134514103
76,0.0,2.78125,-0.826171875,-0.25041288075779344,51,1712134514103
76,0.0,2.8125,-0.8515625,-0.25041288075779344,84,1712134514103
76,0.0,2.88671875,-0.732421875,-0.25041288075779344,88,1712134514103
76,0.0,2.955078125,-0.599609375,-0.25041288075779344,47,1712134514103
76,0.0,2.70703125,-0.48046875,-0.12520644037889672,21,1712134514103
76,0.087890625,2.75,-0.4453125,-0.12520644037889672,41,1712134514103
76,0.0,2.8046875,-0.3359375,-0.12520644037889672,35,1712134514103
76,0.0,2.853515625,-0.2421875,-0.12520644037889672,18,1712134514103
76,0.0,2.783203125,-0.81640625,-0.12520644037889672,33,1712134514103
76,-0.091796875,2.849609375,-0.712890625,-0.12520644037889672,62,1712134514103
76,0.0,2.91796875,-0.595703125,-0.12520644037889672,60,1712134514103
76,-0.09375,2.9765625,-0.474609375,-0.12520644037889672,27,1712134514103
77,0.0,2.6796875,-0.607421875,0.0,31,1712134514203
77,0.0,2.736328125,-0.52734375,0.0,41,1712134514203
77,0.0,2.779296875,-0.501953125,0.0,29,1712134514203
77,0.0,2.8125,-0.541015625,0.0,13,1712134514203
77,0.0,3.173828125,-1.21484375,0.0,16,1712134514203
77,0.0,3.166015625,-1.333984375,0.0,18,1712134514203
77,0.0,3.265625,-0.9375,0.12520644037889672,28,1712134514203
77,0.0,3.279296875,-1.02734375,0.12520644037889672,31,1712134514203
77,0.0,3.279296875,-1.14453125,0.12520644037889672,20,1712134514203
77,0.0859375,2.556640625,-1.0078125,-0.25041288075779344,28,1712134514203
77,0.0,2.640625,-0.888671875,-0.25041288075779344,34,1712134514203
77,0.087890625,2.6796875,-0.890625,-0.25041288075779344,23,1712134514203
77,0.0,2.537109375,-0.955078125,-0.12520644037889672,21,1712134514203
77,0.0,2.6328125,-0.7890625,-0.12520644037889672,55,1712134514203
77,0.0,2.69921875,-0.697265625,-0.12520644037889672,72,1712134514203
77,0.0,2.7421875,-0.6796875,-0.12520644037889672,49,1712134514203
77,0.0,2.76171875,-0.75390625,-0.12520644037889672,26,1712134514203
78,0.0,2.767578125,-0.990234375,0.0,17,1712134514304
78,0.0,2.873046875,-0.779296875,0.0,19,1712134514304
78,-0.271484375,2.75,-0.88671875,0.12520644037889672,20,1712134514304
78,-0.18359375,2.80078125,-0.875,0.12520644037889672,32,1712134514304
78,-0.09375,2.8515625,-0.8515625,0.12520644037889672,24,1712134514304
78,-0.275390625,2.859375,-0.625,0.25041288075779344,20,1712134514304
78,0.0,2.873046875,-0.78125,-0.12520644037889672,27,1712134514304
79,-0.181640625,2.70703125,-1.02734375,0.0,16,1712134514404
79,-0.18359375,2.76171875,-0.990234375,0.0,23,1712134514404
79,-0.279296875,2.787109375,-1.009765625,0.0,21,1712134514404
79,-0.181640625,2.7421875,-0.9296875,0.12520644037889672,24,1712134514404
79,-0.275390625,2.77734375,-0.921875,0.12520644037889672,36,1712134514404
79,-0.279296875,2.828125,-0.890625,0.12520644037889672,32,1712134514404
79,-0.275390625,2.8515625,-0.662109375,0.25041288075779344,21,1712134514404
79,-0.373046875,2.880859375,-0.650390625,0.25041288075779344,19,1712134514404
80,-0.36328125,2.6953125,-1.01171875,0.0,13,1712134514504
80,-0.275390625,2.736328125,-1.037109375,0.0,31,1712134514504
80,-0.279296875,2.787109375,-1.0078125,0.0,36,1712134514504
80,-0.189453125,2.841796875,-0.994140625,0.0,22,1712134514504
80,-0.271484375,2.73828125,-0.91796875,0.12520644037889672,26,1712134514504
80,-0.275390625,2.783203125,-0.904296875,0.12520644037889672,57,1712134514504
80,-0.279296875,2.837890625,-0.85546875,0.12520644037889672,66,1712134514504
80,-0.283203125,2.88671875,-0.826171875,0.12520644037889672,38,1712134514504
80,-0.3671875,2.828125,-0.7109375,0.25041288075779344,29,1712134514504
80,-0.279296875,2.884765625,-0.681640625,0.25041288075779344,33,1712134514504
80,-0.189453125,2.94140625,-0.638671875,0.25041288075779344,19,1712134514504
84,-0.265625,2.767578125,-0.50390625,0.0,13,1712134514905
84,0.0,2.669921875,-0.80078125,-0.12520644037889672,18,1712134514905
84,-0.17578125,2.70703125,-0.7890625,-0.12520644037889672,20,1712134514905
85,0.0,2.787109375,-0.93359375,0.0,14,1712134515006
85,0.0,2.8828125,-0.744140625,0.0,20,1712134515006
85,-0.09375,2.935546875,-0.6875,0.0,16,1712134515006
85,-0.173828125,2.65625,-0.828125,-0.12520644037889672,20,1712134515006
85,-0.17578125,2.6953125,-0.826171875,-0.12520644037889672,21,1712134515006
85,-0.1796875,2.748046875,-0.78125,-0.12520644037889672,14,1712134515006
85,0.0,2.755859375,-1.0234375,-0.12520644037889672,32,1712134515006
85,0.0,2.8046875,-1.001953125,-0.12520644037889672,46,1712134515006
85,0.0,2.8203125,-1.068359375,-0.12520644037889672,33,1712134515006
86,-0.171875,2.59375,-0.890625,0.0,20,1712134515106
86,-0.173828125,2.658203125,-0.81640625,0.0,30,1712134515106
86,-0.17578125,2.6953125,-0.828125,0.0,23,1712134515106
86,-0.18359375,2.7734375,-0.955078125,0.0,23,1712134515106
86,-0.185546875,2.814453125,-0.955078125,0.0,32,1712134515106
86,-0.0859375,2.640625,-0.76171875,0.12520644037889672,41,1712134515106
86,-0.173828125,2.703125,-0.65234375,0.12520644037889672,64,1712134515106
86,-0.17578125,2.751953125,-0.611328125,0.12520644037889672,54,1712134515106
86,-0.1796875,2.78125,-0.66015625,0.12520644037889672,26,1712134515106
86,-0.271484375,2.763671875,-0.841796875,0.12520644037889672,18,1712134515106
86,-0.18359375,2.802734375,-0.8671875,0.12520644037889672,39,1712134515106
86,-0.279296875,2.853515625,-0.806640625,0.12520644037889672,56,1712134515106
86,-0.283203125,2.90234375,-0.767578125,0.12520644037889672,41,1712134515106
86,-0.173828125,2.728515625,-0.5390625,0.25041288075779344,34,1712134515106
86,-0.265625,2.771484375,-0.478515625,0.25041288075779344,33,1712134515106
86,-0.373046875,2.8828125,-0.6484375,0.25041288075779344,26,1712134515106
86,-0.318359375,3.181640625,-1.1484375,-0.12520644037889672,26,1712134515106
86,-0.322265625,3.255859375,-1.046875,-0.12520644037889672,29,1712134515106
87,0.0,2.654296875,-0.966796875,0.0,18,1712134515207
87,0.0,2.724609375,-0.880859375,0.0,26,1712134515207
87,-0.08984375,2.767578125,-0.8671875,0.0,30,1712134515207
87,-0.18359375,2.783203125,-0.927734375,0.0,34,1712134515207
87,-0.279296875,2.779296875,-1.03125,0.0,45,1712134515207
87,-0.283203125,2.837890625,-0.982421875,0.0,42,1712134515207
87,-0.423828125,3.240234375,-0.927734375,0.0,18,1712134515207
87,-0.4296875,3.31640625,-0.7890625,0.0,20,1712134515207
87,-0.087890625,2.673828125,-0.77734375,0.12520644037889672,25,1712134515207
87,-0.17578125,2.72265625,-0.734375,0.12520644037889672,37,1712134515207
87,-0.08984375,2.765625,-0.734375,0.12520644037889672,45,1712134515207
87,-0.08984375,2.806640625,-0.732421875,0.12520644037889672,46,1712134515207
87,-0.275390625,2.779296875,-0.9140625,0.12520644037889672,52,1712134515207
87,-0.279296875,2.818359375,-0.921875,0.12520644037889672,84,1712134515207
87,-0.376953125,2.873046875,-0.8359375,0.12520644037889672,81,1712134515207
87,-0.380859375,2.923828125,-0.79296875,0.12520644037889672,38,1712134515207
87,-0.26171875,2.71875,-0.556640625,0.25041288075779344,26,1712134515207
87,-0.265625,2.759765625,-0.5390625,0.25041288075779344,41,1712134515207
87,-0.267578125,2.8046875,-0.51171875,0.25041288075779344,37,1712134515207
87,-0.3671875,2.818359375,-0.748046875,0.25041288075779344,41,1712134515207
87,-0.373046875,2.87109375,-0.697265625,0.25041288075779344,79,1712134515207
87,-0.283203125,2.927734375,-0.666015625,0.25041288075779344,74,1712134515207
87,-0.380859375,2.970703125,-0.6015625,0.25041288075779344,35,1712134515207
87,-0.265625,2.775390625,-0.45703125,0.37561932113669017,25,1712134515207
87,-0.267578125,2.8125,-0.46484375,0.37561932113669017,32,1712134515207
87,-0.36328125,2.8515625,-0.400390625,0.37561932113669017,17,1712134515207
87,-0.46484375,2.904296875,-0.46484375,0.37561932113669017,20,1712134515207
87,0.0,2.80859375,-0.8671875,-0.12520644037889672,25,1712134515207
87,0.0,2.830078125,-0.927734375,-0.12520644037889672,31,1712134515207
87,0.0,2.873046875,-0.91796875,-0.12520644037889672,24,1712134515207
87,-0.322265625,3.2421875,-1.09375,-0.12520644037889672,34,1712134515207
88,0.0,2.71484375,-1.0234375,0.0,19,1712134515308
88,-0.18359375,2.787109375,-0.9140625,0.0,45,1712134515308
88,-0.185546875,2.8203125,-0.935546875,0.0,55,1712134515308
88,-0.189453125,2.865234375,-0.923828125,0.0,43,1712134515308
88,-0.287109375,2.90234375,-0.904296875,0.0,24,1712134515308
88,-0.181640625,2.783203125,-0.796875,0.12520644037889672,35,1712134515308
88,-0.18359375,2.83984375,-0.740234375,0.12520644037889672,83,1712134515308
88,-0.185546875,2.87890625,-0.736328125,0.12520644037889672,112,1712134515308
88,-0.189453125,2.919921875,-0.734375,0.12520644037889672,91,1712134515308
88,-0.287109375,2.947265625,-0.748046875,0.12520644037889672,48,1712134515308
88,-0.1796875,2.806640625,-0.541015625,0.25041288075779344,20,1712134515308
88,-0.271484375,2.818359375,-0.63671875,0.25041288075779344,27,1712134515308
88,-0.18359375,2.869140625,-0.61328125,0.25041288075779344,40,1712134515308
88,-0.185546875,2.912109375,-0.59375,0.25041288075779344,72,1712134515308
88,-0.283203125,2.9453125,-0.5859375,0.25041288075779344,68,1712134515308
88,-0.380859375,2.97265625,-0.583984375,0.25041288075779344,37,1712134515308
88,-0.26171875,2.728515625,-0.5,0.37561932113669017,28,1712134515308
88,-0.265625,2.77734375,-0.4453125,0.37561932113669017,26,1712134515308
88,-0.271484375,2.83984375,-0.53125,0.37561932113669017,20,1712134515308
88,0.0,3.201171875,-1.017578125,-0.37561932113669017,22,1712134515308
88,0.0,3.24609375,-1.001953125,-0.37561932113669017,25,1712134515308
88,0.0,3.234375,-0.908203125,-0.25041288075779344,33,1712134515308
88,-0.10546875,3.265625,-0.935546875,-0.25041288075779344,37,1712134515308
88,-0.212890625,3.265625,-0.9140625,-0.12520644037889672,28,1712134515308
89,0.0,2.802734375,-0.888671875,0.0,14,1712134515408
89,0.0,2.83203125,-0.921875,0.0,13,1712134515408
89,0.0,2.857421875,-0.693359375,0.12520644037889672,30,1712134515408
89,0.0,2.8828125,-0.75,0.12520644037889672,35,1712134515408
89,0.0,2.90234375,-0.81640625,0.12520644037889672,23,1712134515408
89,0.0,3.095703125,-1.890625,0.12520644037889672,24,1712134515408
89,-0.267578125,2.765625,-0.693359375,0.25041288075779344,22,1712134515408
89,-0.181640625,2.82421875,-0.642578125,0.25041288075779344,24,1712134515408
89,-0.091796875,2.880859375,-0.580078125,0.25041288075779344,40,1712134515408
89,-0.09375,2.916015625,-0.599609375,0.25041288075779344,49,1712134515408
89,-0.189453125,2.9296875,-0.693359375,0.25041288075779344,37,1712134515408
89,-0.265625,2.77734375,-0.44140625,0.37561932113669017,58,1712134515408
89,-0.267578125,2.814453125,-0.453125,0.37561932113669017,70,1712134515408
89,-0.181640625,2.857421875,-0.470703125,0.37561932113669017,38,1712134515408
89,-0.18359375,2.90234375,-0.431640625,0.37561932113669017,28,1712134515408
89,-0.185546875,2.9375,-0.453125,0.37561932113669017,31,1712134515408
89,-0.283203125,2.95703125,-0.521484375,0.37561932113669017,29,1712134515408
89,-0.353515625,2.791015625,-0.25,0.5008257615155869,53,1712134515408
89,-0.267578125,2.837890625,-0.263671875,0.5008257615155869,63,1712134515408
89,-0.36328125,2.8671875,-0.251953125,0.5008257615155869,26,1712134515408
89,-0.103515625,3.08203125,-1.234375,-0.5008257615155869,16,1712134515408
89,0.0,3.12890625,-0.994140625,-0.37561932113669017,19,1712134515408
89,0.0,3.197265625,-0.900390625,-0.37561932113669017,28,1712134515408
89,0.0,3.19140625,-1.05078125,-0.37561932113669017,19,1712134515408
90,0.0,2.802734375,-1.005859375,0.0,16,1712134515508
90,-0.09375,2.841796875,-1.0078125,0.0,24,1712134515508
90,-0.19140625,2.857421875,-1.0625,0.0,25,1712134515508
90,-0.193359375,2.935546875,-0.953125,0.0,23,1712134515508
90,0.0,2.84765625,-0.8671875,0.12520644037889672,22,1712134515508
90,-0.09375,2.91796875,-0.75390625,0.12520644037889672,32,1712134515508
90,-0.19140625,2.978515625,-0.64453125,0.12520644037889672,27,1712134515508
90,-0.181640625,2.830078125,-0.61328125,0.25041288075779344,22,1712134515508
90,-0.18359375,2.8515625,-0.685546875,0.25041288075779344,33,1712134515508
90,-0.09375,2.9140625,-0.609375,0.25041288075779344,49,1712134515508
90,-0.189453125,2.9453125,-0.619140625,0.25041288075779344,82,1712134515508
90,-0.287109375,2.96875,-0.654296875,0.25041288075779344,116,1712134515508
90,-0.38671875,2.99609375,-0.66015625,0.25041288075779344,96,1712134515508
90,-0.29296875,3.052734375,-0.62890625,0.25041288075779344,42,1712134515508
90,-0.267578125,2.828125,-0.361328125,0.37561932113669017,50,1712134515508
90,-0.271484375,2.861328125,-0.390625,0.37561932113669017,98,1712134515508
90,-0.275390625,2.896484375,-0.416015625,0.37561932113669017,100,1712134515508
90,-0.185546875,2.939453125,-0.43359375,0.37561932113669017,69,1712134515508
90,-0.283203125,2.970703125,-0.44140625,0.37561932113669017,91,1712134515508
90,-0.380859375,2.990234375,-0.490234375,0.37561932113669017,143,1712134515508
90,-0.2890625,3.044921875,-0.453125,0.37561932113669017,129,1712134515508
90,-0.390625,3.076171875,-0.4296875,0.37561932113669017,55,1712134515508
90,-0.357421875,2.833984375,-0.19921875,0.5008257615155869,61,1712134515508
90,-0.271484375,2.8828125,-0.181640625,0.5008257615155869,124,1712134515508
90,-0.275390625,2.91796875,-0.212890625,0.5008257615155869,120,1712134515508
90,-0.279296875,2.955078125,-0.236328125,0.5008257615155869,69,1712134515508
90,-0.376953125,2.984375,-0.228515625,0.5008257615155869,46,1712134515508
90,-0.380859375,3.017578125,-0.267578125,0.5008257615155869,57,1712134515508
90,-0.38671875,3.056640625,-0.2734375,0.5008257615155869,49,1712134515508
90,-0.357421875,2.83984375,-0.021484375,0.6260322018944836,23,1712134515508
90,-0.36328125,2.87890625,-0.0234375,0.6260322018944836,48,1712134515508
90,-0.3671875,2.916015625,-0.041015625,0.6260322018944836,48,1712134515508
90,-0.373046875,2.955078125,-0.017578125,0.6260322018944836,29,1712134515508
90,-0.1015625,3.0625,-1.0703125,-0.37561932113669017,22,1712134515508
90,-0.099609375,3.0078125,-1.109375,-0.25041288075779344,20,1712134515508
90,-0.1015625,3.09765625,-0.9609375,-0.25041288075779344,22,1712134515508
90,-0.310546875,3.142578125,-1.029296875,-0.25041288075779344,28,1712134515508
90,-0.2109375,3.228515625,-0.908203125,-0.25041288075779344,38,1712134515508
90,-0.09765625,2.998046875,-0.89453125,-0.12520644037889672,22,1712134515508
91,0.0,2.859375,-0.830078125,0.0,20,1712134515609
91,-0.09375,2.896484375,-0.8359375,0.0,32,1712134515609
91,0.0,2.9375,-0.833984375,0.0,26,1712134515609
91,0.0,2.892578125,-0.70703125,0.12520644037889672,34,1712134515609
91,-0.09375,2.931640625,-0.69921875,0.12520644037889672,67,1712134515609
91,-0.095703125,2.984375,-0.642578125,0.12520644037889672,68,1712134515609
91,-0.095703125,3.03515625,-0.58203125,0.12520644037889672,42,1712134515609
91,-0.1953125,3.0859375,-0.486328125,0.12520644037889672,26,1712134515609
91,-0.09375,2.923828125,-0.5546875,0.25041288075779344,30,1712134515609
91,0.0,2.974609375,-0.498046875,0.25041288075779344,44,1712134515609
91,0.0,3.021484375,-0.44140625,0.25041288075779344,29,1712134515609
91,-0.283203125,2.96875,-0.45703125,0.37561932113669017,59,1712134515609
91,-0.19140625,3.017578125,-0.42578125,0.37561932113669017,91,1712134515609
91,-0.2890625,3.048828125,-0.423828125,0.37561932113669017,77,1712134515609
91,-0.29296875,3.078125,-0.486328125,0.37561932113669017,40,1712134515609
91,-0.271484375,2.888671875,-0.0234375,0.5008257615155869,27,1712134515609
91,-0.275390625,2.92578125,-0.0859375,0.5008257615155869,61,1712134515609
91,-0.373046875,2.951171875,-0.12109375,0.5008257615155869,65,1712134515609
91,-0.283203125,2.99609375,-0.1953125,0.5008257615155869,78,1712134515609
91,-0.287109375,3.03125,-0.234375,0.5008257615155869,100,1712134515609
91,-0.2890625,3.06640625,-0.283203125,0.5008257615155869,72,1712134515609
91,-0.29296875,3.095703125,-0.365234375,0.5008257615155869,32,1712134515609
91,-0.271484375,2.884765625,0.158203125,0.6260322018944836,25,1712134515609
91,-0.3671875,2.916015625,0.05859375,0.6260322018944836,54,1712134515609
91,-0.373046875,2.953125,0.064453125,0.6260322018944836,55,1712134515609
91,-0.283203125,3.001953125,0.080078125,0.6260322018944836,41,1712134515609
91,-0.287109375,3.03515625,-0.193359375,0.6260322018944836,55,1712134515609
91,-0.2890625,3.05859375,-0.3515625,0.6260322018944836,36,1712134515609
91,-0.310546875,3.025390625,-1.3359375,-0.5008257615155869,23,1712134515609
91,-0.314453125,3.076171875,-1.310546875,-0.5008257615155869,20,1712134515609
91,-0.30859375,3.0546875,-1.16015625,-0.37561932113669017,32,1712134515609
91,-0.310546875,3.10546875,-1.134765625,-0.37561932113669017,56,1712134515609
91,-0.314453125,3.15234375,-1.119140625,-0.37561932113669017,48,1712134515609
91,-0.310546875,3.173828125,-0.927734375,-0.25041288075779344,47,1712134515609
91,-0.314453125,3.23828125,-0.837890625,-0.25041288075779344,42,1712134515609
92,0.0,2.857421875,-0.837890625,0.0,16,1712134515709
92,-0.09375,2.900390625,-0.82421875,0.0,45,1712134515709
92,-0.095703125,2.943359375,-0.8125,0.0,62,1712134515709
92,-0.095703125,2.98828125,-0.7890625,0.0,48,1712134515709
92,-0.1953125,3.009765625,-0.8359375,0.0,18,1712134515709
92,-0.185546875,2.90625,-0.625,0.12520644037889672,23,1712134515709
92,-0.09375,2.94921875,-0.623046875,0.12520644037889672,95,1712134515709
92,-0.19140625,2.98046875,-0.638671875,0.12520644037889672,160,1712134515709
92,-0.193359375,3.01953125,-0.640625,0.12520644037889672,143,1712134515709
92,-0.1953125,3.060546875,-0.625,0.12520644037889672,63,1712134515709
92,-0.279296875,2.9453125,-0.33203125,0.25041288075779344,29,1712134515709
92,-0.09375,2.984375,-0.4296875,0.25041288075779344,90,1712134515709
92,-0.095703125,3.01953125,-0.44921875,0.25041288075779344,141,1712134515709
92,-0.193359375,3.05078125,-0.47265625,0.25041288075779344,102,1712134515709
92,-0.29296875,3.0703125,-0.53515625,0.25041288075779344,25,1712134515709
92,-0.3671875,2.908203125,-0.216796875,0.37561932113669017,40,1712134515709
92,-0.279296875,2.955078125,-0.23046875,0.37561932113669017,79,1712134515709
92,-0.283203125,2.99609375,-0.205078125,0.37561932113669017,70,1712134515709
92,-0.572265625,2.98046875,0.345703125,0.37561932113669017,19,1712134515709
92,-0.2890625,3.025390625,-0.572265625,0.37561932113669017,38,1712134515709
92,-0.1953125,3.09375,-0.435546875,0.37561932113669017,55,1712134515709
92,-0.197265625,3.126953125,-0.470703125,0.37561932113669017,35,1712134515709
92,-0.3671875,2.916015625,-0.0234375,0.5008257615155869,41,1712134515709
92,-0.279296875,2.96484375,-0.015625,0.5008257615155869,85,1712134515709
92,-0.376953125,2.9921875,-0.03125,0.5008257615155869,78,1712134515709
92,-0.380859375,3.009765625,-0.34375,0.5008257615155869,45,1712134515709
92,-0.193359375,3.08203125,-0.17578125,0.5008257615155869,66,1712134515709
92,-0.29296875,3.109375,-0.205078125,0.5008257615155869,54,1712134515709
92,-0.197265625,3.154296875,-0.216796875,0.5008257615155869,28,1712134515709
92,-0.373046875,2.931640625,0.3671875,0.6260322018944836,26,1712134515709
92,-0.376953125,2.970703125,0.36328125,0.6260322018944836,22,1712134515709
92,-0.201171875,2.96484375,-1.20703125,-0.37561932113669017,24,1712134515709
92,-0.203125,3.001953125,-1.21484375,-0.37561932113669017,34,1712134515709
92,-0.30859375,3.052734375,-1.166015625,-0.37561932113669017,48,1712134515709
92,-0.310546875,3.087890625,-1.185546875,-0.37561932113669017,43,1712134515709
92,-0.197265625,2.916015625,-1.224609375,-0.25041288075779344,33,1712134515709
92,-0.099609375,3.0078125,-1.107421875,-0.25041288075779344,49,1712134515709
92,-0.203125,3.09375,-0.958984375,-0.25041288075779344,56,1712134515709
92,-0.30859375,3.142578125,-0.90234375,-0.25041288075779344,65,1712134515709
92,-0.310546875,3.173828125,-0.931640625,-0.25041288075779344,58,1712134515709
92,0.0,2.822265625,-1.0625,-0.12520644037889672,20,1712134515709
92,-0.095703125,2.892578125,-0.9765625,-0.12520644037889672,34,1712134515709
92,-0.095703125,2.951171875,-0.919921875,-0.12520644037889672,35,1712134515709
92,-0.09765625,3.005859375,-0.87109375,-0.12520644037889672,27,1712134515709
92,-0.197265625,2.990234375,-1.03125,-0.12520644037889672,26,1712134515709
92,0.0,3.0859375,-0.87109375,-0.12520644037889672,32,1712134515709
92,-1.623046875,0.0,2.7890625,0.37561932113669017,13,1712134515709
93,0.0,2.92578125,-0.73046875,0.0,19,1712134515809
93,0.0,2.91796875,-0.90234375,0.0,23,1712134515809
93,-0.095703125,2.9609375,-0.88671875,0.0,35,1712134515809
93,-0.09765625,2.9921875,-0.91796875,0.0,42,1712134515809
93,-0.197265625,3.044921875,-0.853515625,0.0,34,1712134515809
93,-0.30078125,3.072265625,-0.869140625,0.0,43,1712134515809
93,-0.3046875,3.111328125,-0.8671875,0.0,56,1712134515809
93,-0.30859375,3.162109375,-0.82421875,0.0,50,1712134515809
93,-0.416015625,3.20703125,-0.755859375,0.0,27,1712134515809
93,-0.185546875,2.94140625,-0.41796875,0.12520644037889672,21,1712134515809
93,-0.09375,2.9609375,-0.564453125,0.12520644037889672,53,1712134515809
93,-0.095703125,2.98828125,-0.619140625,0.12520644037889672,70,1712134515809
93,-0.095703125,3.0234375,-0.638671875,0.12520644037889672,85,1712134515809
93,-0.1953125,3.064453125,-0.607421875,0.12520644037889672,74,1712134515809
93,-0.279296875,2.953125,-0.25390625,0.25041288075779344,21,1712134515809
93,-0.283203125,2.9921875,-0.251953125,0.25041288075779344,62,1712134515809
93,-0.19140625,3.033203125,-0.306640625,0.25041288075779344,102,1712134515809
93,-0.193359375,3.06640625,-0.34765625,0.25041288075779344,101,1712134515809
93,-0.1953125,3.09765625,-0.412109375,0.25041288075779344,62,1712134515809
93,-0.296875,3.107421875,-0.54296875,0.25041288075779344,27,1712134515809
93,-0.283203125,3.001953125,-0.001953125,0.37561932113669017,57,1712134515809
93,-0.287109375,3.041015625,0.001953125,0.37561932113669017,95,1712134515809
93,-0.2890625,3.078125,-0.033203125,0.37561932113669017,72,1712134515809
93,-0.29296875,3.11328125,-0.123046875,0.37561932113669017,26,1712134515809
93,-0.396484375,3.138671875,-0.189453125,0.37561932113669017,24,1712134515809
93,-0.283203125,2.998046875,0.17578125,0.5008257615155869,22,1712134515809
93,-0.287109375,3.029296875,0.251953125,0.5008257615155869,37,1712134515809
93,-0.38671875,3.060546875,0.22265625,0.5008257615155869,29,1712134515809
93,-0.197265625,2.94921875,-1.140625,-0.25041288075779344,21,1712134515809
93,-0.30078125,2.91015625,-1.314453125,-0.25041288075779344,35,1712134515809
93,-0.3046875,2.982421875,-1.2421875,-0.25041288075779344,51,1712134515809
93,-0.30859375,3.041015625,-1.197265625,-0.25041288075779344,48,1712134515809
93,-0.310546875,3.09765625,-1.158203125,-0.25041288075779344,31,1712134515809
93,0.0,2.859375,-1.275390625,-0.12520644037889672,15,1712134515809
93,-0.099609375,2.984375,-1.0625,-0.12520644037889672,45,1712134515809
93,-0.201171875,3.005859375,-1.1015625,-0.12520644037889672,79,1712134515809
93,-0.3046875,3.0546875,-1.05078125,-0.12520644037889672,105,1712134515809
93,-0.30859375,3.11328125,-0.9921875,-0.12520644037889672,93,1712134515809
93,-0.310546875,3.177734375,-0.912109375,-0.12520644037889672,52,1712134515809
94,-0.283203125,2.96875,-0.451171875,0.0,18,1712134515909
94,-0.380859375,2.994140625,-0.46484375,0.0,39,1712134515909
94,-0.2890625,3.04296875,-0.470703125,0.0,74,1712134515909
94,-0.29296875,3.08203125,-0.458984375,0.0,76,1712134515909
94,-0.296875,3.125,-0.427734375,0.0,44,1712134515909
94,-0.400390625,3.140625,-0.509765625,0.0,32,1712134515909
94,-0.5078125,3.15234375,-0.580078125,0.0,23,1712134515909
94,-0.376953125,2.982421875,-0.23046875,0.12520644037889672,41,1712134515909
94,-0.287109375,3.02734375,-0.28515625,0.12520644037889672,82,1712134515909
94,-0.2890625,3.064453125,-0.28515625,0.12520644037889672,123,1712134515909
94,-0.29296875,3.10546875,-0.275390625,0.12520644037889672,113,1712134515909
94,-0.296875,3.1484375,-0.201171875,0.12520644037889672,61,1712134515909
94,-0.30078125,3.1796875,-0.27734375,0.12520644037889672,37,1712134515909
94,-0.203125,3.1953125,-0.52734375,0.12520644037889672,24,1712134515909
94,-0.376953125,2.9921875,-0.009765625,0.25041288075779344,37,1712134515909
94,-0.287109375,3.041015625,-0.05859375,0.25041288075779344,71,1712134515909
94,-0.2890625,3.078125,-0.08984375,0.25041288075779344,86,1712134515909
94,-0.29296875,3.115234375,-0.0703125,0.25041288075779344,60,1712134515909
94,-0.396484375,3.14453125,0.0,0.25041288075779344,26,1712134515909
94,-0.400390625,3.1796875,-0.099609375,0.25041288075779344,22,1712134515909
94,-0.380859375,3.021484375,0.234375,0.37561932113669017,24,1712134515909
94,-0.38671875,3.0625,0.19140625,0.37561932113669017,32,1712134515909
94,-0.390625,3.1015625,0.1484375,0.37561932113669017,22,1712134515909
94,-0.193359375,2.955078125,-0.890625,-0.12520644037889672,31,1712134515909
94,-0.1953125,2.98046875,-0.935546875,-0.12520644037889672,31,1712134515909
94,-0.396484375,2.955078125,-1.072265625,-0.12520644037889672,24,1712134515909
94,-0.400390625,3.0546875,-0.88671875,-0.12520644037889672,34,1712134515909
94,-0.40625,3.119140625,-0.798828125,-0.12520644037889672,36,1712134515909
94,-0.41015625,3.11328125,-0.9609375,-0.12520644037889672,33,1712134515909
95,-0.376953125,2.984375,-0.20703125,0.0,16,1712134516010
95,-0.4765625,3.00390625,-0.279296875,0.0,18,1712134516010
95,0.197265625,2.958984375,-1.11328125,0.0,20,1712134516010
95,-0.80078125,2.357421875,2.01953125,0.0,21,1712134516010
95,-0.376953125,2.9921875,-0.072265625,0.12520644037889672,32,1712134516010
95,-0.380859375,3.029296875,-0.0390625,0.12520644037889672,42,1712134516010
95,-0.580078125,3.03515625,-0.103515625,0.12520644037889672,25,1712134516010
95,0.09765625,2.84765625,-1.298828125,0.12520644037889672,20,1712134516010
95,0.099609375,3.017578125,-0.9609375,0.12520644037889672,61,1712134516010
95,0.099609375,3.08203125,-0.876953125,0.12520644037889672,66,1712134516010
95,0.0,3.162109375,-0.732421875,0.12520644037889672,37,1712134516010
95,0.099609375,3.033203125,-0.912109375,0.25041288075779344,21,1712134516010
95,0.0,3.1171875,-0.755859375,0.25041288075779344,23,1712134516010
95,-0.30078125,2.974609375,-1.162109375,-0.25041288075779344,21,1712134516010
95,-0.40625,2.994140625,-1.18359375,-0.25041288075779344,20,1712134516010
95,-0.29296875,3.03125,-0.7265625,-0.12520644037889672,16,1712134516010
95,-0.197265625,2.990234375,-1.029296875,-0.12520644037889672,37,1712134516010
95,-0.30078125,3.033203125,-0.998046875,-0.12520644037889672,55,1712134516010
95,-0.3046875,3.0859375,-0.953125,-0.12520644037889672,45,1712134516010
95,-0.890625,2.43359375,1.822265625,0.0,14,1712134516010
95,0.30078125,3.017578125,-1.04296875,0.0,20,1712134516010
95,-0.880859375,2.884765625,0.8359375,0.12520644037889672,12,1712134516010
95,-0.990234375,2.322265625,1.9140625,0.25041288075779344,12,1712134516010
95,-1.001953125,2.294921875,2.00390625,0.25041288075779344,13,1712134516010
96,-0.29296875,3.052734375,-0.6328125,0.0,22,1712134516110
96,-0.396484375,3.044921875,-0.78125,0.0,42,1712134516110
96,-0.400390625,3.056640625,-0.884765625,0.0,64,1712134516110
96,-0.40625,3.087890625,-0.91015625,0.0,62,1712134516110
96,-0.513671875,3.109375,-0.923828125,0.0,30,1712134516110
96,-0.2890625,3.060546875,-0.330078125,0.12520644037889672,27,1712134516110
96,-0.1953125,3.095703125,-0.421875,0.12520644037889672,29,1712134516110
96,-0.197265625,3.099609375,-0.630859375,0.12520644037889672,22,1712134516110
96,-0.201171875,3.12109375,-0.7109375,0.12520644037889672,17,1712134516110
96,-0.29296875,2.951171875,-1.001953125,-0.25041288075779344,20,1712134516110
96,-0.296875,2.923828125,-1.18359375,-0.25041288075779344,38,1712134516110
96,-0.30078125,2.927734375,-1.275390625,-0.25041288075779344,59,1712134516110
96,-0.3046875,2.974609375,-1.26171875,-0.25041288075779344,55,1712134516110
96,-0.41015625,2.998046875,-1.271484375,-0.25041288075779344,27,1712134516110
96,-0.380859375,3.0078125,-0.361328125,-0.12520644037889672,20,1712134516110
96,-0.2890625,3.02734375,-0.55859375,-0.12520644037889672,45,1712134516110
96,-0.29296875,3.01171875,-0.802734375,-0.12520644037889672,57,1712134516110
96,-0.296875,2.986328125,-1.01953125,-0.12520644037889672,90,1712134516110
96,-0.30078125,3.005859375,-1.078125,-0.12520644037889672,130,1712134516110
96,-0.40625,3.029296875,-1.087890625,-0.12520644037889672,118,1712134516110
96,-0.41015625,3.0703125,-1.087890625,-0.12520644037889672,57,1712134516110
97,-0.287109375,2.939453125,-0.77734375,0.0,15,1712134516211
97,-0.193359375,3.02734375,-0.6015625,0.0,16,1712134516211
97,-0.29296875,2.994140625,-0.865234375,0.0,14,1712134516211
97,-0.197265625,3.044921875,-0.85546875,0.0,42,1712134516211
97,-0.201171875,3.095703125,-0.810546875,0.0,63,1712134516211
97,-0.203125,3.14453125,-0.7734375,0.0,58,1712134516211
97,-0.30859375,3.193359375,-0.6953125,0.0,32,1712134516211
97,-0.30078125,3.16796875,-0.392578125,0.12520644037889672,24,1712134516211
97,-0.099609375,2.935546875,-1.189453125,-0.25041288075779344,37,1712134516211
97,-0.201171875,2.99609375,-1.123046875,-0.25041288075779344,55,1712134516211
97,-0.203125,3.0234375,-1.16015625,-0.25041288075779344,52,1712134516211
97,-0.19140625,2.927734375,-0.845703125,-0.12520644037889672,36,1712134516211
97,-0.193359375,2.98828125,-0.771484375,-0.12520644037889672,32,1712134516211
97,-0.09765625,2.890625,-1.197265625,-0.12520644037889672,26,1712134516211
97,-0.099609375,2.990234375,-1.041015625,-0.12520644037889672,88,1712134516211
97,-0.201171875,3.05078125,-0.970703125,-0.12520644037889672,135,1712134516211
97,-0.203125,3.09375,-0.9609375,-0.12520644037889672,121,1712134516211
97,-0.30859375,3.1328125,-0.93359375,-0.12520644037889672,64,1712134516211
98,-0.380859375,3.029296875,-0.1015625,0.12520644037889672,16,1712134516311
98,-0.38671875,3.060546875,-0.20703125,0.12520644037889672,19,1712134516311
98,-0.380859375,3.005859375,-0.380859375,-0.12520644037889672,27,1712134516311
98,-0.2890625,3.015625,-0.623046875,-0.12520644037889672,33,1712134516311
98,-0.390625,2.98046875,-0.876953125,-0.12520644037889672,22,1712134516311
100,-0.400390625,3.119140625,-0.62890625,-0.12520644037889672,17,1712134516512
101,-0.501953125,3.0234375,-0.943359375,0.12520644037889672,26,1712134516612
101,-0.5078125,3.08984375,-0.849609375,0.12520644037889672,25,1712134516612
101,-0.193359375,3.07421875,-0.27734375,-0.12520644037889672,20,1712134516612
101,-0.29296875,3.103515625,-0.2890625,-0.12520644037889672,19,1712134516612
102,0.0,3.001953125,-0.287109375,0.0,14,1712134516713
102,-0.19140625,3.037109375,-0.26171875,0.0,60,1712134516713
102,-0.193359375,3.080078125,-0.205078125,0.0,99,1712134516713
102,-0.29296875,3.109375,-0.203125,0.0,78,1712134516713
102,-0.396484375,3.12109375,-0.373046875,0.0,31,1712134516713
102,-0.501953125,2.984375,-1.0625,0.0,17,1712134516713
102,-0.501953125,3.013671875,-0.978515625,0.12520644037889672,36,1712134516713
102,-0.5078125,3.064453125,-0.939453125,0.12520644037889672,42,1712134516713
102,-0.41015625,3.123046875,-0.92578125,0.12520644037889672,37,1712134516713
102,-0.095703125,2.9921875,-0.603515625,-0.25041288075779344,54,1712134516713
102,-0.193359375,3.029296875,-0.591796875,-0.25041288075779344,87,1712134516713
102,-0.1953125,3.068359375,-0.587890625,-0.25041288075779344,71,1712134516713
102,-0.296875,3.09765625,-0.599609375,-0.25041288075779344,26,1712134516713
102,0.0,2.982421875,-0.4453125,-0.12520644037889672,20,1712134516713
102,-0.19140625,3.021484375,-0.3984375,-0.12520644037889672,99,1712134516713
102,-0.193359375,3.0625,-0.376953125,-0.12520644037889672,174,1712134516713
102,-0.1953125,3.103515625,-0.3515625,-0.12520644037889672,149,1712134516713
102,-0.296875,3.138671875,-0.30859375,-0.12520644037889672,59,1712134516713
103,-0.470703125,2.9609375,-0.330078125,0.0,25,1712134516814
103,-0.287109375,3.01953125,-0.36328125,0.0,52,1712134516814
103,-0.2890625,3.046875,-0.4453125,0.0,83,1712134516814
103,-0.1953125,3.07421875,-0.560546875,0.0,92,1712134516814
103,-0.197265625,3.078125,-0.72265625,0.0,67,1712134516814
103,-0.30078125,2.955078125,-1.20703125,0.0,59,1712134516814
103,-0.3046875,2.974609375,-1.263671875,0.0,63,1712134516814
103,-0.30859375,3.029296875,-1.228515625,0.0,35,1712134516814
103,-0.287109375,2.986328125,-0.572265625,0.12520644037889672,19,1712134516814
103,-0.2890625,3.009765625,-0.6484375,0.12520644037889672,39,1712134516814
103,-0.1953125,3.0546875,-0.658203125,0.12520644037889672,39,1712134516814
103,-0.494140625,2.802734375,-1.39453125,0.12520644037889672,24,1712134516814
103,-0.400390625,2.9921875,-1.080078125,0.12520644037889672,99,1712134516814
103,-0.3046875,3.05859375,-1.0390625,0.12520644037889672,116,1712134516814
103,-0.30859375,3.11328125,-0.99609375,0.12520644037889672,62,1712134516814
103,-0.400390625,3.03515625,-0.95703125,0.25041288075779344,49,1712134516814
103,-0.40625,3.09375,-0.888671875,0.25041288075779344,55,1712134516814
103,-0.30859375,3.138671875,-0.91015625,0.25041288075779344,27,1712134516814
103,-0.19140625,2.986328125,-0.607421875,-0.37561932113669017,38,1712134516814
103,-0.095703125,3.03515625,-0.58203125,-0.37561932113669017,37,1712134516814
103,0.0,3.048828125,-0.166015625,-0.25041288075779344,39,1712134516814
103,-0.095703125,3.0625,-0.419921875,-0.25041288075779344,35,1712134516814
103,-0.09765625,2.974609375,-0.970703125,-0.25041288075779344,47,1712134516814
103,0.0,2.943359375,-1.173828125,-0.25041288075779344,52,1712134516814
103,0.099609375,2.974609375,-1.193359375,-0.25041288075779344,35,1712134516814
103,-0.376953125,2.912109375,-0.68359375,-0.12520644037889672,32,1712134516814
103,-0.380859375,2.9375,-0.74609375,-0.12520644037889672,59,1712134516814
103,-0.193359375,3.01953125,-0.63671875,-0.12520644037889672,105,1712134516814
103,-0.09765625,3.048828125,-0.701171875,-0.12520644037889672,129,1712134516814
103,-0.099609375,3.046875,-0.861328125,-0.12520644037889672,113,1712134516814
103,0.0,3.0625,-0.94921875,-0.12520644037889672,71,1712134516814
103,0.0,3.07421875,-1.037109375,-0.12520644037889672,26,1712134516814
104,-0.373046875,2.955078125,0.03125,0.0,37,1712134516913
104,-0.283203125,3.0,-0.099609375,0.0,89,1712134516913
104,-0.287109375,3.037109375,-0.158203125,0.0,135,1712134516913
104,-0.2890625,3.07421875,-0.1796875,0.0,126,1712134516913
104,-0.29296875,3.111328125,-0.1796875,0.0,69,1712134516913
104,-0.197265625,3.150390625,-0.28125,0.0,31,1712134516913
104,-0.3046875,3.00390625,-1.1875,0.0,37,1712134516913
104,-0.376953125,2.9921875,-0.052734375,0.12520644037889672,20,1712134516913
104,-0.380859375,3.021484375,-0.224609375,0.12520644037889672,27,1712134516913
104,-0.38671875,3.0546875,-0.27734375,0.12520644037889672,17,1712134516913
104,-0.400390625,2.880859375,-1.349609375,0.12520644037889672,42,1712134516913
104,-0.3046875,3.021484375,-1.14453125,0.12520644037889672,57,1712134516913
104,-0.494140625,2.904296875,-1.16796875,0.25041288075779344,21,1712134516913
104,-0.501953125,2.9765625,-1.083984375,0.25041288075779344,42,1712134516913
104,-0.3046875,3.107421875,-0.8828125,0.25041288075779344,45,1712134516913
104,-0.103515625,3.154296875,-0.90625,0.25041288075779344,34,1712134516913
104,-0.2890625,2.947265625,-0.890625,-0.37561932113669017,21,1712134516913
104,-0.373046875,2.93359375,-0.353515625,-0.25041288075779344,51,1712134516913
104,-0.283203125,2.953125,-0.541015625,-0.25041288075779344,111,1712134516913
104,-0.287109375,2.982421875,-0.595703125,-0.25041288075779344,171,1712134516913
104,-0.193359375,3.029296875,-0.591796875,-0.25041288075779344,172,1712134516913
104,-0.29296875,3.041015625,-0.681640625,-0.25041288075779344,100,1712134516913
104,-0.099609375,3.078125,-0.7421875,-0.25041288075779344,36,1712134516913
104,-0.373046875,2.947265625,-0.193359375,-0.12520644037889672,71,1712134516913
104,-0.283203125,2.98828125,-0.298828125,-0.12520644037889672,166,1712134516913
104,-0.287109375,3.017578125,-0.380859375,-0.12520644037889672,262,1712134516913
104,-0.2890625,3.05078125,-0.40625,-0.12520644037889672,255,1712134516913
104,-0.29296875,3.080078125,-0.474609375,-0.12520644037889672,144,1712134516913
104,-0.197265625,3.103515625,-0.60546875,-0.12520644037889672,57,1712134516913
105,-0.373046875,2.94921875,-0.185546875,0.0,53,1712134517014
105,-0.376953125,2.984375,-0.2109375,0.0,127,1712134517014
105,-0.380859375,3.01953125,-0.259765625,0.0,157,1712134517014
105,-0.38671875,3.041015625,-0.40234375,0.0,100,1712134517014
105,-0.09765625,3.11328125,-0.3125,0.0,48,1712134517014
105,0.0,3.16796875,-0.095703125,0.0,21,1712134517014
105,-0.3046875,2.962890625,-1.2890625,0.0,28,1712134517014
105,-0.30859375,2.98828125,-1.32421875,0.0,38,1712134517014
105,-0.310546875,3.037109375,-1.30859375,0.0,31,1712134517014
105,-0.390625,3.046875,-0.603515625,0.12520644037889672,22,1712134517014
105,-0.197265625,3.068359375,-0.763671875,0.12520644037889672,24,1712134517014
105,-0.201171875,3.087890625,-0.841796875,0.12520644037889672,24,1712134517014
105,-0.3046875,3.005859375,-1.18359375,0.12520644037889672,57,1712134517014
105,-0.30859375,3.08203125,-1.08984375,0.12520644037889672,88,1712134517014
105,-0.310546875,3.14453125,-1.0234375,0.12520644037889672,64,1712134517014
105,-0.40625,3.08203125,-0.927734375,0.25041288075779344,67,1712134517014
105,-0.41015625,3.14453125,-0.8515625,0.25041288075779344,85,1712134517014
105,-0.310546875,3.220703125,-0.75,0.25041288075779344,54,1712134517014
105,-0.5078125,3.12890625,-0.69140625,0.37561932113669017,29,1712134517014
105,-0.513671875,3.20703125,-0.48046875,0.37561932113669017,27,1712134517014
105,-0.373046875,2.892578125,-0.603515625,-0.25041288075779344,43,1712134517014
105,-0.376953125,2.9296875,-0.611328125,-0.25041288075779344,115,1712134517014
105,-0.380859375,2.955078125,-0.66796875,-0.25041288075779344,148,1712134517014
105,-0.2890625,2.986328125,-0.74609375,-0.25041288075779344,103,1712134517014
105,-0.09765625,3.01953125,-0.81640625,-0.25041288075779344,51,1712134517014
105,0.0,3.04296875,-0.8828125,-0.25041288075779344,24,1712134517014
105,-0.373046875,2.9296875,-0.384765625,-0.12520644037889672,92,1712134517014
105,-0.283203125,2.9765625,-0.39453125,-0.12520644037889672,229,1712134517014
105,-0.287109375,3.0078125,-0.443359375,-0.12520644037889672,294,1712134517014
105,-0.2890625,3.025390625,-0.56640625,-0.12520644037889672,206,1712134517014
105,-0.09765625,3.06640625,-0.619140625,-0.12520644037889672,105,1712134517014
105,0.0,3.095703125,-0.671875,-0.12520644037889672,53,1712134517014
105,0.0,3.072265625,-0.91796875,-0.12520644037889672,24,1712134517014
106,-0.55078125,2.875,-0.263671875,0.0,15,1712134517115
106,-0.46484375,2.9375,-0.134765625,0.0,40,1712134517115
106,-0.470703125,2.9765625,-0.08984375,0.0,50,1712134517115
106,-0.4765625,2.990234375,-0.396484375,0.0,37,1712134517115
106,-0.2890625,2.7734375,-1.3359375,0.0,24,1712134517115
106,0.0,2.609375,-1.73046875,0.0,18,1712134517115
106,-0.3046875,2.9765625,-1.255859375,0.0,31,1712134517115
106,-0.30859375,3.009765625,-1.275390625,0.0,42,1712134517115
106,-0.310546875,3.06640625,-1.236328125,0.0,35,1712134517115
106,-0.19140625,2.953125,-0.751953125,0.12520644037889672,42,1712134517115
106,-0.2890625,2.994140625,-0.716796875,0.12520644037889672,62,1712134517115
106,-0.29296875,2.994140625,-0.865234375,0.12520644037889672,54,1712134517115
106,-0.296875,3.017578125,-0.921875,0.12520644037889672,51,1712134517115
106,-0.30078125,3.05859375,-0.91796875,0.12520644037889672,53,1712134517115
106,-0.3046875,3.05078125,-1.060546875,0.12520644037889672,63,1712134517115
106,-0.30859375,3.08984375,-1.06640625,0.12520644037889672,82,1712134517115
106,-0.310546875,3.142578125,-1.03125,0.12520644037889672,72,1712134517115
106,-0.38671875,3.025390625,-0.50390625,0.25041288075779344,31,1712134517115
106,-0.390625,3.03125,-0.67578125,0.25041288075779344,28,1712134517115
106,-0.296875,3.080078125,-0.685546875,0.25041288075779344,25,1712134517115
106,-0.30078125,3.1171875,-0.693359375,0.25041288075779344,28,1712134517115
106,-0.3046875,3.1171875,-0.845703125,0.25041288075779344,40,1712134517115
106,-0.41015625,3.134765625,-0.88671875,0.25041288075779344,58,1712134517115
106,-0.416015625,3.18359375,-0.84765625,0.25041288075779344,53,1712134517115
106,-0.513671875,3.15234375,-0.7578125,0.37561932113669017,20,1712134517115
106,-0.416015625,3.205078125,-0.767578125,0.37561932113669017,19,1712134517115
106,-0.46484375,2.908203125,-0.435546875,-0.25041288075779344,36,1712134517115
106,-0.470703125,2.94921875,-0.419921875,-0.25041288075779344,41,1712134517115
106,-0.458984375,3.158203125,-1.802734375,-0.25041288075779344,29,1712134517115
106,-0.458984375,2.890625,-0.28125,-0.12520644037889672,30,1712134517115
106,-0.46484375,2.927734375,-0.28125,-0.12520644037889672,74,1712134517115
106,-0.56640625,2.958984375,-0.16015625,-0.12520644037889672,84,1712134517115
106,-0.572265625,3.0,-0.03515625,-0.12520644037889672,41,1712134517115
106,-0.38671875,3.046875,-0.361328125,-0.12520644037889672,19,1712134517115
106,-0.48828125,3.087890625,-0.154296875,-0.12520644037889672,30,1712134517115
106,-0.458984375,3.306640625,-1.513671875,-0.12520644037889672,24,1712134517115
106,0.7734375,1.009765625,2.818359375,-0.12520644037889672,10,1712134517115
107,-0.279296875,2.951171875,-0.279296875,0.0,17,1712134517215
107,-0.470703125,2.96484375,-0.283203125,0.0,19,1712134517215
107,-0.380859375,2.990234375,-0.486328125,0.0,16,1712134517215
107,-0.390625,3.02734375,-0.689453125,0.12520644037889672,20,1712134517215
107,-0.296875,3.005859375,-0.95703125,0.12520644037889672,23,1712134517215
107,-0.41015625,3.0546875,-1.1328125,0.12520644037889672,39,1712134517215
107,-0.41015625,3.126953125,-0.91015625,0.25041288075779344,31,1712134517215
107,-0.51953125,3.17578125,-0.82421875,0.25041288075779344,29,1712134517215
107,-0.279296875,2.86328125,-0.765625,-0.25041288075779344,16,1712134517215
107,-0.470703125,2.888671875,-0.724609375,-0.25041288075779344,19,1712134517215
107,-0.275390625,2.8359375,-0.71875,-0.12520644037889672,18,1712134517215
107,-0.373046875,2.900390625,-0.56640625,-0.12520644037889672,33,1712134517215
107,-0.470703125,2.93359375,-0.515625,-0.12520644037889672,42,1712134517215
107,-0.4765625,2.9609375,-0.58203125,-0.12520644037889672,34,1712134517215
108,-0.41015625,2.953125,-1.373046875,0.0,32,1712134517316
108,-0.416015625,2.978515625,-1.41015625,0.0,49,1712134517316
108,-0.419921875,3.041015625,-1.365234375,0.0,41,1712134517316
108,-0.380859375,3.025390625,-0.1640625,0.12520644037889672,23,1712134517316
108,-0.41015625,3.01953125,-1.224609375,0.12520644037889672,62,1712134517316
108,-0.416015625,3.060546875,-1.21875,0.12520644037889672,98,1712134517316
108,-0.419921875,3.119140625,-1.173828125,0.12520644037889672,79,1712134517316
108,-0.41015625,3.083984375,-1.048828125,0.25041288075779344,42,1712134517316
108,-0.416015625,3.12890625,-1.037109375,0.25041288075779344,67,1712134517316
108,-0.525390625,3.166015625,-0.990234375,0.25041288075779344,53,1712134517316
108,-0.09375,2.89453125,-0.693359375,-0.12520644037889672,24,1712134517316
108,-0.283203125,2.921875,-0.693359375,-0.12520644037889672,36,1712134517316
108,-0.287109375,2.970703125,-0.64453125,-0.12520644037889672,42,1712134517316
108,-0.2890625,3.017578125,-0.61328125,-0.12520644037889672,30,1712134517316
109,-0.279296875,2.90234375,-0.607421875,-0.12520644037889672,19,1712134517416
109,-0.376953125,2.923828125,-0.634765625,-0.12520644037889672,17,1712134517416
119,-0.580078125,2.958984375,-0.685546875,0.0,13,1712134518420
119,-0.685546875,2.978515625,-0.67578125,0.0,14,1712134518420
119,-0.470703125,2.958984375,-0.337890625,0.12520644037889672,18,1712134518420
119,-0.572265625,2.974609375,-0.39453125,0.12520644037889672,29,1712134518420
119,-0.580078125,3.00390625,-0.453125,0.12520644037889672,32,1712134518420
119,-0.587890625,3.025390625,-0.546875,0.12520644037889672,27,1712134518420
120,-0.55859375,2.875,-0.54296875,0.0,13,1712134518519
120,-0.56640625,2.916015625,-0.517578125,0.0,25,1712134518519
120,-0.66796875,2.921875,-0.5859375,0.0,25,1712134518519
120,-0.580078125,2.97265625,-0.62109375,0.0,17,1712134518519
120,-0.65234375,2.88671875,-0.322265625,0.12520644037889672,29,1712134518519
120,-0.66015625,2.923828125,-0.330078125,0.12520644037889672,57,1712134518519
120,-0.66796875,2.9609375,-0.341796875,0.12520644037889672,59,1712134518519
120,-0.580078125,3.0234375,-0.298828125,0.12520644037889672,36,1712134518519
120,-0.66015625,2.939453125,-0.154296875,0.25041288075779344,27,1712134518519
120,-0.66796875,2.974609375,-0.185546875,0.25041288075779344,29,1712134518519
120,-0.7734375,2.984375,-0.251953125,0.25041288075779344,18,1712134518519
120,-0.470703125,2.90234375,-0.669921875,-0.12520644037889672,18,1712134518519
120,-0.4765625,2.95703125,-0.599609375,-0.12520644037889672,24,1712134518519
121,-0.46484375,2.900390625,-0.490234375,0.0,11,1712134518620
121,-0.470703125,2.955078125,-0.37890625,0.0,16,1712134518620
121,-0.46484375,2.92578125,-0.30078125,0.12520644037889672,25,1712134518620
121,-0.56640625,2.9453125,-0.310546875,0.12520644037889672,35,1712134518620
121,-0.66796875,2.96875,-0.259765625,0.12520644037889672,23,1712134518620
122,-0.56640625,2.896484375,-0.6171875,0.0,14,1712134518720
122,-0.46484375,2.927734375,-0.279296875,0.12520644037889672,25,1712134518720
122,-0.470703125,2.96484375,-0.29296875,0.12520644037889672,30,1712134518720
122,-0.51953125,3.064453125,-1.171875,-0.12520644037889672,25,1712134518720
122,-0.419921875,3.12109375,-1.16796875,-0.12520644037889672,31,1712134518720
124,-0.38671875,3.048828125,-0.333984375,0.0,15,1712134518921
124,-0.482421875,3.046875,-0.201171875,0.12520644037889672,28,1712134518921
124,-0.587890625,3.068359375,-0.197265625,0.12520644037889672,27,1712134518921
124,-0.38671875,2.958984375,-0.810546875,-0.25041288075779344,23,1712134518921
124,-0.48828125,3.00390625,-0.734375,-0.25041288075779344,22,1712134518921
124,-0.373046875,2.88671875,-0.626953125,-0.12520644037889672,16,1712134518921
124,-0.380859375,2.951171875,-0.685546875,-0.12520644037889672,31,1712134518921
124,-0.38671875,3.01171875,-0.5859375,-0.12520644037889672,53,1712134518921
124,-0.48828125,3.037109375,-0.580078125,-0.12520644037889672,50,1712134518921
125,-0.55859375,2.912109375,-0.267578125,0.0,21,1712134519022
125,-0.56640625,2.958984375,-0.142578125,0.0,36,1712134519022
125,-0.572265625,2.998046875,-0.125,0.0,38,1712134519022
125,-0.580078125,3.03125,-0.203125,0.0,28,1712134519022
125,-0.482421875,3.048828125,-0.169921875,0.12520644037889672,21,1712134519022
125,-0.423828125,3.193359375,-1.08203125,0.12520644037889672,15,1712134519022
125,-0.46484375,2.873046875,-0.62890625,-0.25041288075779344,21,1712134519022
125,-0.470703125,2.943359375,-0.455078125,-0.25041288075779344,39,1712134519022
125,-0.4765625,2.98828125,-0.416015625,-0.25041288075779344,46,1712134519022
125,-0.580078125,2.98046875,-0.583984375,-0.25041288075779344,38,1712134519022
125,-0.48828125,2.9609375,-0.892578125,-0.25041288075779344,23,1712134519022
125,-0.46484375,2.900390625,-0.490234375,-0.12520644037889672,45,1712134519022
125,-0.470703125,2.953125,-0.38671875,-0.12520644037889672,75,1712134519022
125,-0.572265625,2.974609375,-0.38671875,-0.12520644037889672,82,1712134519022
125,-0.482421875,3.021484375,-0.44140625,-0.12520644037889672,72,1712134519022
125,-0.48828125,3.03515625,-0.591796875,-0.12520644037889672,48,1712134519022
126,-0.3671875,2.900390625,-0.30078125,0.0,20,1712134519122
126,-0.46484375,2.9296875,-0.267578125,0.0,28,1712134519122
126,-0.470703125,2.970703125,-0.208984375,0.0,23,1712134519122
126,-0.572265625,2.990234375,-0.251953125,0.0,14,1712134519122
126,-0.587890625,3.056640625,-0.34375,0.0,21,1712134519122
126,-0.416015625,3.138671875,-1.005859375,0.12520644037889672,31,1712134519122
126,-0.419921875,3.189453125,-0.96875,0.12520644037889672,26,1712134519122
126,-0.275390625,2.83203125,-0.736328125,-0.25041288075779344,19,1712134519122
126,-0.373046875,2.853515625,-0.763671875,-0.25041288075779344,24,1712134519122
126,-0.470703125,2.921875,-0.580078125,-0.25041288075779344,22,1712134519122
126,-0.580078125,2.9609375,-0.67578125,-0.25041288075779344,26,1712134519122
126,-0.587890625,3.009765625,-0.6328125,-0.25041288075779344,36,1712134519122
126,-0.3671875,2.875,-0.4921875,-0.12520644037889672,36,1712134519122
126,-0.373046875,2.916015625,-0.4765625,-0.12520644037889672,50,1712134519122
126,-0.470703125,2.951171875,-0.400390625,-0.12520644037889672,41,1712134519122
126,-0.572265625,2.966796875,-0.4453125,-0.12520644037889672,29,1712134519122
126,-0.482421875,2.97265625,-0.69921875,-0.12520644037889672,31,1712134519122
126,-0.48828125,3.046875,-0.53125,-0.12520644037889672,49,1712134519122
127,-0.3671875,2.904296875,-0.271484375,0.0,25,1712134519222
127,-0.46484375,2.939453125,-0.095703125,0.0,26,1712134519222
127,-0.470703125,2.94921875,-0.423828125,0.0,19,1712134519222
127,-0.4765625,2.990234375,-0.390625,0.0,42,1712134519222
127,-0.482421875,3.0390625,-0.30078125,0.0,32,1712134519222
127,-0.310546875,3.09375,-1.16796875,0.0,25,1712134519222
127,-0.314453125,3.15234375,-1.119140625,0.0,28,1712134519222
127,-0.20703125,3.14453125,-1.05078125,0.12520644037889672,43,1712134519222
127,-0.314453125,3.203125,-0.962890625,0.12520644037889672,48,1712134519222
127,-0.318359375,3.26953125,-0.865234375,0.12520644037889672,26,1712134519222
127,-0.416015625,3.166015625,-0.916015625,0.25041288075779344,21,1712134519222
127,-0.419921875,3.232421875,-0.814453125,0.25041288075779344,23,1712134519222
127,-0.458984375,2.8515625,-0.546875,-0.25041288075779344,35,1712134519222
127,-0.373046875,2.9140625,-0.48828125,-0.25041288075779344,47,1712134519222
127,-0.470703125,2.9609375,-0.322265625,-0.25041288075779344,24,1712134519222
127,-0.380859375,2.8984375,-0.884765625,-0.25041288075779344,29,1712134519222
127,-0.36328125,2.83984375,-0.47265625,-0.12520644037889672,16,1712134519222
127,-0.3671875,2.888671875,-0.400390625,-0.12520644037889672,49,1712134519222
127,-0.46484375,2.923828125,-0.3125,-0.12520644037889672,57,1712134519222
127,-0.376953125,2.96875,-0.37109375,-0.12520644037889672,33,1712134519222
127,-0.380859375,2.97265625,-0.58984375,-0.12520644037889672,65,1712134519222
127,-0.482421875,3.005859375,-0.5390625,-0.12520644037889672,50,1712134519222
128,-0.3671875,2.888671875,-0.400390625,0.0,20,1712134519323
128,-0.373046875,2.9296875,-0.376953125,0.0,16,1712134519323
128,-0.376953125,2.96875,-0.37890625,0.0,30,1712134519323
128,-0.380859375,3.0078125,-0.36328125,0.0,50,1712134519323
128,-0.482421875,3.03515625,-0.341796875,0.0,38,1712134519323
128,-0.314453125,3.07421875,-1.318359375,0.0,22,1712134519323
128,-0.212890625,3.140625,-1.279296875,0.0,21,1712134519323
128,-0.287109375,2.966796875,-0.662109375,0.12520644037889672,24,1712134519323
128,-0.2890625,3.02734375,-0.5546875,0.12520644037889672,20,1712134519323
128,-0.314453125,3.142578125,-1.14453125,0.12520644037889672,37,1712134519323
128,-0.318359375,3.20703125,-1.078125,0.12520644037889672,37,1712134519323
128,-0.322265625,3.259765625,-1.03515625,0.12520644037889672,25,1712134519323
128,-0.419921875,3.185546875,-0.978515625,0.25041288075779344,26,1712134519323
128,-0.318359375,3.275390625,-0.84375,0.25041288075779344,28,1712134519323
128,-0.470703125,2.919921875,-0.591796875,-0.25041288075779344,32,1712134519323
128,-0.380859375,2.96484375,-0.623046875,-0.25041288075779344,57,1712134519323
128,-0.482421875,2.994140625,-0.6015625,-0.25041288075779344,43,1712134519323
128,-0.275390625,2.859375,-0.623046875,-0.12520644037889672,34,1712134519323
128,-0.185546875,2.8359375,-0.890625,-0.12520644037889672,27,1712134519323
128,-0.376953125,2.935546875,-0.578125,-0.12520644037889672,56,1712134519323
128,-0.380859375,2.986328125,-0.517578125,-0.12520644037889672,95,1712134519323
128,-0.38671875,3.03125,-0.47265625,-0.12520644037889672,73,1712134519323
129,-0.376953125,2.92578125,-0.626953125,0.0,12,1712134519423
129,-0.380859375,2.94140625,-0.728515625,0.0,17,1712134519423
129,-0.314453125,3.119140625,-1.20703125,0.12520644037889672,28,1712134519423
129,-0.318359375,3.189453125,-1.125,0.12520644037889672,33,1712134519423
129,-0.373046875,2.94140625,-0.279296875,-0.12520644037889672,17,1712134519423
129,-0.376953125,2.958984375,-0.451171875,-0.12520644037889672,17,1712134519423
130,-0.376953125,2.943359375,-0.53515625,0.0,16,1712134519523
130,-0.4765625,2.943359375,-0.658203125,0.0,17,1712134519523
130,-0.103515625,3.1171875,-1.025390625,0.12520644037889672,25,1712134519523
130,-0.318359375,3.236328125,-0.984375,0.12520644037889672,25,1712134519523
130,-0.55859375,2.908203125,-0.310546875,-0.12520644037889672,20,1712134519523
130,-0.470703125,2.935546875,-0.509765625,-0.12520644037889672,26,1712134519523
130,-0.380859375,2.953125,-0.67578125,-0.12520644037889672,24,1712134519523
131,-0.544921875,2.783203125,-0.6171875,0.0,16,1712134519623
131,-0.458984375,2.8203125,-0.689453125,0.0,19,1712134519623
131,-0.55859375,2.859375,-0.611328125,0.0,15,1712134519623
131,-0.470703125,2.943359375,-0.462890625,0.0,12,1712134519623
131,-0.314453125,3.22265625,-0.89453125,0.12520644037889672,22,1712134519623
131,-0.453125,2.78125,-0.6875,-0.12520644037889672,31,1712134519623
131,-0.458984375,2.80859375,-0.734375,-0.12520644037889672,37,1712134519623
131,-0.46484375,2.849609375,-0.724609375,-0.12520644037889672,30,1712134519623
131,-0.470703125,2.8984375,-0.6875,-0.12520644037889672,20,1712134519623
146,-0.537109375,2.751953125,-0.58203125,0.0,20,1712134521130
146,-0.544921875,2.791015625,-0.576171875,0.0,38,1712134521130
146,-0.55078125,2.83203125,-0.564453125,0.0,35,1712134521130
146,-0.65234375,2.83984375,-0.611328125,0.0,16,1712134521130
146,-0.537109375,2.630859375,-0.994140625,-0.25041288075779344,22,1712134521130
146,-0.544921875,2.705078125,-0.896484375,-0.25041288075779344,41,1712134521130
146,-0.55078125,2.736328125,-0.921875,-0.25041288075779344,38,1712134521130
146,-0.537109375,2.7265625,-0.689453125,-0.12520644037889672,37,1712134521130
146,-0.544921875,2.75390625,-0.736328125,-0.12520644037889672,69,1712134521130
146,-0.55078125,2.7890625,-0.75,-0.12520644037889672,64,1712134521130
146,-0.55859375,2.8203125,-0.775390625,-0.12520644037889672,30,1712134521130
147,-0.537109375,2.79296875,-0.3359375,0.0,19,1712134521230
147,-0.453125,2.849609375,-0.296875,0.0,25,1712134521230
147,-0.3671875,2.87109375,-0.51171875,0.0,19,1712134521230
147,-0.46484375,2.861328125,-0.677734375,0.0,18,1712134521230
147,-0.376953125,2.896484375,-0.75390625,0.0,17,1712134521230
147,-0.447265625,2.72265625,-0.763671875,-0.25041288075779344,31,1712134521230
147,-0.453125,2.75,-0.8046875,-0.25041288075779344,36,1712134521230
147,-0.458984375,2.76171875,-0.8984375,-0.25041288075779344,26,1712134521230
147,-0.373046875,2.744140625,-1.095703125,-0.25041288075779344,19,1712134521230
147,-0.529296875,2.724609375,-0.53125,-0.12520644037889672,14,1712134521230
147,-0.447265625,2.771484375,-0.56640625,-0.12520644037889672,39,1712134521230
147,-0.453125,2.80859375,-0.56640625,-0.12520644037889672,48,1712134521230
147,-0.458984375,2.8125,-0.720703125,-0.12520644037889672,36,1712134521230
147,-0.373046875,2.81640625,-0.890625,-0.12520644037889672,33,1712134521230
147,-0.283203125,2.841796875,-0.970703125,-0.12520644037889672,29,1712134521230
148,-0.44140625,2.76171875,-0.396484375,0.0,19,1712134521331
148,-0.447265625,2.80078125,-0.396484375,0.0,42,1712134521331
148,-0.453125,2.84375,-0.34765625,0.0,42,1712134521331
148,-0.55078125,2.873046875,-0.28125,0.0,20,1712134521331
148,-0.44140625,2.669921875,-0.80859375,-0.25041288075779344,36,1712134521331
148,-0.357421875,2.736328125,-0.765625,-0.25041288075779344,73,1712134521331
148,-0.453125,2.765625,-0.748046875,-0.25041288075779344,74,1712134521331
148,-0.458984375,2.81640625,-0.703125,-0.25041288075779344,35,1712134521331
148,-0.353515625,2.734375,-0.61328125,-0.12520644037889672,43,1712134521331
148,-0.357421875,2.783203125,-0.56640625,-0.12520644037889672,88,1712134521331
148,-0.453125,2.8125,-0.55078125,-0.12520644037889672,88,1712134521331
148,-0.55078125,2.845703125,-0.494140625,-0.12520644037889672,41,1712134521331
149,-0.353515625,2.751953125,-0.53125,0.0,36,1712134521431
149,-0.447265625,2.783203125,-0.501953125,0.0,53,1712134521431
149,-0.453125,2.81640625,-0.52734375,0.0,39,1712134521431
149,-0.458984375,2.845703125,-0.580078125,0.0,19,1712134521431
149,-0.373046875,2.904296875,-0.537109375,0.0,26,1712134521431
149,-0.265625,2.681640625,-0.84765625,-0.25041288075779344,39,1712134521431
149,-0.357421875,2.712890625,-0.841796875,-0.25041288075779344,57,1712134521431
149,-0.36328125,2.763671875,-0.802734375,-0.25041288075779344,39,1712134521431
149,-0.3671875,2.751953125,-0.96484375,-0.25041288075779344,20,1712134521431
149,-0.373046875,2.83203125,-0.841796875,-0.25041288075779344,31,1712134521431
149,-0.34765625,2.67578125,-0.697265625,-0.12520644037889672,21,1712134521431
149,-0.265625,2.728515625,-0.685546875,-0.12520644037889672,67,1712134521431
149,-0.357421875,2.763671875,-0.658203125,-0.12520644037889672,98,1712134521431
149,-0.36328125,2.814453125,-0.607421875,-0.12520644037889672,69,1712134521431
149,-0.3671875,2.826171875,-0.72265625,-0.12520644037889672,33,1712134521431
149,-0.373046875,2.87109375,-0.697265625,-0.12520644037889672,51,1712134521431
149,-0.376953125,2.919921875,-0.658203125,-0.12520644037889672,45,1712134521431
150,-0.091796875,2.8046875,-0.875,0.0,17,1712134521531
150,-0.279296875,2.869140625,-0.74609375,0.0,15,1712134521531
150,-0.423828125,3.26171875,-0.849609375,0.0,16,1712134521531
150,0.0,2.845703125,-0.734375,0.12520644037889672,21,1712134521531
150,-0.267578125,2.6953125,-0.92578125,-0.12520644037889672,18,1712134521531
150,-0.416015625,3.08984375,-1.146484375,-0.12520644037889672,29,1712134521531
150,-0.419921875,3.140625,-1.11328125,-0.12520644037889672,29,1712134521531
150,-0.318359375,3.244140625,-0.9609375,-0.12520644037889672,28,1712134521531
151,-0.265625,2.73046875,-0.677734375,0.0,27,1712134521631
151,-0.357421875,2.76171875,-0.662109375,0.0,31,1712134521631
151,-0.36328125,2.849609375,-0.412109375,0.0,16,1712134521631
151,-0.18359375,2.7421875,-1.044921875,0.0,15,1712134521631
151,-0.279296875,2.8046875,-0.95703125,0.0,14,1712134521631
151,-0.26171875,2.724609375,-0.5234375,0.12520644037889672,18,1712134521631
151,-0.353515625,2.759765625,-0.494140625,0.12520644037889672,52,1712134521631
151,-0.267578125,2.8125,-0.458984375,0.12520644037889672,67,1712134521631
151,-0.36328125,2.8515625,-0.400390625,0.12520644037889672,38,1712134521631
151,-0.275390625,2.806640625,-0.830078125,0.12520644037889672,32,1712134521631
151,-0.185546875,2.8828125,-0.72265625,0.12520644037889672,32,1712134521631
151,-0.265625,2.79296875,-0.3359375,0.25041288075779344,39,1712134521631
151,-0.357421875,2.818359375,-0.353515625,0.25041288075779344,53,1712134521631
151,-0.36328125,2.8671875,-0.259765625,0.25041288075779344,33,1712134521631
151,-0.18359375,2.892578125,-0.4921875,0.25041288075779344,31,1712134521631
151,-0.373046875,2.90234375,-0.548828125,0.25041288075779344,30,1712134521631
151,-0.3359375,3.087890625,-1.794921875,0.25041288075779344,21,1712134521631
151,-0.453125,3.21484375,-1.615234375,0.25041288075779344,17,1712134521631
151,-0.318359375,3.16796875,-1.18359375,-0.25041288075779344,27,1712134521631
151,-0.380859375,2.953125,-0.677734375,-0.12520644037889672,21,1712134521631
152,-0.09375,2.8828125,-0.744140625,0.0,16,1712134521732
152,-0.283203125,2.912109375,-0.734375,0.0,32,1712134521732
152,-0.287109375,2.947265625,-0.744140625,0.0,33,1712134521732
152,-0.2890625,2.998046875,-0.69921875,0.0,21,1712134521732
152,0.0,2.86328125,-0.666015625,0.12520644037889672,19,1712134521732
152,-0.185546875,2.90234375,-0.63671875,0.12520644037889672,70,1712134521732
152,-0.283203125,2.94140625,-0.6015625,0.12520644037889672,119,1712134521732
152,-0.19140625,2.998046875,-0.552734375,0.12520644037889672,113,1712134521732
152,-0.2890625,3.037109375,-0.50390625,0.12520644037889672,56,1712134521732
152,-0.265625,2.783203125,-0.40234375,0.25041288075779344,20,1712134521732
152,-0.267578125,2.80859375,-0.4921875,0.25041288075779344,40,1712134521732
152,-0.181640625,2.857421875,-0.46875,0.25041288075779344,41,1712134521732
152,-0.091796875,2.880859375,-0.58203125,0.25041288075779344,41,1712134521732
152,-0.09375,2.92578125,-0.546875,0.25041288075779344,98,1712134521732
152,-0.189453125,2.966796875,-0.51171875,0.25041288075779344,138,1712134521732
152,-0.19140625,3.009765625,-0.482421875,0.25041288075779344,106,1712134521732
152,-0.2890625,3.041015625,-0.478515625,0.25041288075779344,39,1712134521732
152,-0.11328125,3.23046875,-1.64453125,0.25041288075779344,23,1712134521732
152,-0.265625,2.791015625,-0.34765625,0.37561932113669017,32,1712134521732
152,-0.267578125,2.830078125,-0.34375,0.37561932113669017,59,1712134521732
152,-0.271484375,2.8671875,-0.35546875,0.37561932113669017,67,1712134521732
152,-0.091796875,2.90625,-0.4296875,0.37561932113669017,57,1712134521732
152,-0.09375,2.9453125,-0.427734375,0.37561932113669017,60,1712134521732
152,-0.189453125,2.9921875,-0.330078125,0.37561932113669017,86,1712134521732
152,-0.19140625,3.029296875,-0.3359375,0.37561932113669017,61,1712134521732
152,-0.2265625,3.240234375,-1.61328125,0.37561932113669017,23,1712134521732
152,-0.267578125,2.849609375,-0.078125,0.5008257615155869,34,1712134521732
152,-0.271484375,2.87890625,-0.232421875,0.5008257615155869,61,1712134521732
152,-0.275390625,2.908203125,-0.322265625,0.5008257615155869,56,1712134521732
152,-0.283203125,3.001953125,-0.08203125,0.5008257615155869,23,1712134521732
152,-0.36328125,2.876953125,-0.0859375,0.6260322018944836,32,1712134521732
152,-0.3671875,2.912109375,-0.173828125,0.6260322018944836,29,1712134521732
152,-0.416015625,3.01171875,-1.3359375,-0.25041288075779344,36,1712134521732
152,-0.314453125,3.099609375,-1.2578125,-0.25041288075779344,51,1712134521732
152,-0.318359375,3.140625,-1.25390625,-0.25041288075779344,37,1712134521732
152,-0.185546875,2.837890625,-0.884765625,-0.12520644037889672,17,1712134521732
152,-0.189453125,2.89453125,-0.826171875,-0.12520644037889672,35,1712134521732
152,-0.19140625,2.94921875,-0.767578125,-0.12520644037889672,38,1712134521732
152,-0.2890625,3.013671875,-0.630859375,-0.12520644037889672,21,1712134521732
152,-0.310546875,3.140625,-1.033203125,-0.12520644037889672,35,1712134521732
152,-0.314453125,3.1953125,-0.98828125,-0.12520644037889672,47,1712134521732
152,-0.318359375,3.22265625,-1.02734375,-0.12520644037889672,37,1712134521732
152,-0.21484375,3.302734375,-0.919921875,-0.12520644037889672,26,1712134521732
152,-0.09375,2.95703125,-0.5859375,0.12520644037889672,118,1712134521732
153,0.0,2.82421875,-0.943359375,0.0,27,1712134521833
153,-0.09375,2.875,-0.908203125,0.0,70,1712134521833
153,-0.19140625,2.921875,-0.865234375,0.0,93,1712134521833
153,-0.193359375,2.978515625,-0.80859375,0.0,68,1712134521833
153,-0.1953125,3.048828125,-0.68359375,0.0,29,1712134521833
153,-0.279296875,2.912109375,-0.55078125,0.12520644037889672,16,1712134521833
153,-0.283203125,2.947265625,-0.572265625,0.12520644037889672,63,1712134521833
153,-0.19140625,2.994140625,-0.576171875,0.12520644037889672,113,1712134521833
153,-0.2890625,3.02734375,-0.55859375,0.12520644037889672,103,1712134521833
153,-0.29296875,3.072265625,-0.51953125,0.12520644037889672,47,1712134521833
153,0.0,2.91015625,-0.630859375,0.25041288075779344,56,1712134521833
153,0.0,2.935546875,-0.693359375,0.25041288075779344,96,1712134521833
153,0.0,2.958984375,-0.759765625,0.25041288075779344,70,1712134521833
153,-0.2890625,3.0703125,-0.22265625,0.25041288075779344,48,1712134521833
153,-0.29296875,3.103515625,-0.283203125,0.25041288075779344,33,1712134521833
153,-0.181640625,2.869140625,-0.396484375,0.37561932113669017,27,1712134521833
153,-0.091796875,2.873046875,-0.6171875,0.37561932113669017,16,1712134521833
153,-0.09375,2.935546875,-0.4921875,0.37561932113669017,58,1712134521833
153,-0.189453125,2.97265625,-0.46875,0.37561932113669017,137,1712134521833
153,-0.095703125,3.021484375,-0.439453125,0.37561932113669017,138,1712134521833
153,-0.095703125,3.060546875,-0.4296875,0.37561932113669017,64,1712134521833
153,-0.181640625,2.888671875,-0.193359375,0.5008257615155869,17,1712134521833
153,-0.275390625,2.92578125,-0.009765625,0.5008257615155869,20,1712134521833
153,-0.279296875,2.96484375,0.017578125,0.5008257615155869,31,1712134521833
153,-0.283203125,2.990234375,-0.2734375,0.5008257615155869,54,1712134521833
153,-0.287109375,3.02734375,-0.28515625,0.5008257615155869,71,1712134521833
153,-0.193359375,3.07421875,-0.2734375,0.5008257615155869,44,1712134521833
153,-0.18359375,2.931640625,0.109375,0.6260322018944836,22,1712134521833
153,-0.279296875,2.96484375,0.064453125,0.6260322018944836,25,1712134521833
153,-0.283203125,3.001953125,-0.001953125,0.6260322018944836,21,1712134521833
153,-0.380859375,3.0234375,-0.21484375,0.6260322018944836,26,1712134521833
153,-0.38671875,3.060546875,-0.212890625,0.6260322018944836,19,1712134521833
153,-0.30859375,2.99609375,-1.30859375,-0.37561932113669017,25,1712134521833
153,-0.310546875,3.076171875,-1.2109375,-0.37561932113669017,45,1712134521833
153,-0.314453125,3.12890625,-1.1796875,-0.37561932113669017,49,1712134521833
153,-0.212890625,3.20703125,-1.1015625,-0.37561932113669017,40,1712134521833
153,-0.322265625,3.203125,-1.197265625,-0.37561932113669017,26,1712134521833
153,-0.30859375,3.025390625,-1.236328125,-0.25041288075779344,27,1712134521833
153,-0.416015625,3.1171875,-1.068359375,-0.25041288075779344,54,1712134521833
153,-0.314453125,3.197265625,-0.984375,-0.25041288075779344,61,1712134521833
153,-0.318359375,3.25390625,-0.921875,-0.25041288075779344,49,1712134521833
153,-0.21484375,3.3046875,-0.91796875,-0.25041288075779344,32,1712134521833
153,0.0,2.822265625,-1.0625,-0.12520644037889672,19,1712134521833
153,-0.19140625,2.86328125,-1.044921875,-0.12520644037889672,24,1712134521833
153,-0.095703125,2.94921875,-0.923828125,-0.12520644037889672,19,1712134521833
154,0.0,2.8515625,-0.85546875,0.0,14,1712134521933
154,-0.09375,2.91015625,-0.78515625,0.0,56,1712134521933
154,-0.095703125,2.9453125,-0.80078125,0.0,91,1712134521933
154,-0.193359375,2.990234375,-0.76171875,0.0,76,1712134521933
154,-0.1953125,3.0625,-0.623046875,0.0,34,1712134521933
154,-0.400390625,3.10546875,-0.693359375,0.0,28,1712134521933
154,-0.3046875,3.17578125,-0.59765625,0.0,37,1712134521933
154,-0.09375,2.91015625,-0.62109375,0.12520644037889672,38,1712134521933
154,-0.09375,2.94921875,-0.625,0.12520644037889672,126,1712134521933
154,-0.095703125,2.994140625,-0.599609375,0.12520644037889672,194,1712134521933
154,-0.193359375,3.041015625,-0.53125,0.12520644037889672,155,1712134521933
154,-0.1953125,3.099609375,-0.384765625,0.12520644037889672,59,1712134521933
154,-0.18359375,2.91015625,-0.37109375,0.25041288075779344,40,1712134521933
154,-0.09375,2.94921875,-0.400390625,0.25041288075779344,75,1712134521933
154,0.0,2.966796875,-0.537109375,0.25041288075779344,96,1712134521933
154,-0.095703125,3.02734375,-0.3984375,0.25041288075779344,109,1712134521933
154,-0.193359375,3.078125,-0.22265625,0.25041288075779344,102,1712134521933
154,-0.1953125,3.119140625,-0.166015625,0.25041288075779344,55,1712134521933
154,-0.271484375,2.875,-0.287109375,0.37561932113669017,21,1712134521933
154,-0.18359375,2.9296875,-0.1484375,0.37561932113669017,66,1712134521933
154,-0.185546875,2.966796875,-0.16796875,0.37561932113669017,113,1712134521933
154,-0.09375,3.001953125,-0.275390625,0.37561932113669017,102,1712134521933
154,0.19140625,2.994140625,-0.5703125,0.37561932113669017,40,1712134521933
154,-0.38671875,3.064453125,-0.12890625,0.37561932113669017,44,1712134521933
154,-0.390625,3.095703125,-0.26171875,0.37561932113669017,38,1712134521933
154,-0.275390625,2.92578125,0.080078125,0.5008257615155869,34,1712134521933
154,-0.185546875,2.970703125,0.052734375,0.5008257615155869,58,1712134521933
154,-0.189453125,3.009765625,-0.009765625,0.5008257615155869,52,1712134521933
154,0.095703125,3.05078125,-0.125,0.5008257615155869,22,1712134521933
154,-0.41015625,2.962890625,-1.353515625,-0.37561932113669017,20,1712134521933
154,-0.310546875,3.072265625,-1.22265625,-0.37561932113669017,26,1712134521933
154,-0.296875,2.873046875,-1.3046875,-0.25041288075779344,19,1712134521933
154,-0.30078125,2.98828125,-1.123046875,-0.25041288075779344,38,1712134521933
154,-0.3046875,3.013671875,-1.162109375,-0.25041288075779344,46,1712134521933
154,-0.41015625,3.0625,-1.107421875,-0.25041288075779344,48,1712134521933
154,-0.310546875,3.134765625,-1.05078125,-0.25041288075779344,46,1712134521933
154,-0.193359375,2.90625,-1.0390625,-0.12520644037889672,19,1712134521933
154,-0.09765625,3.0078125,-0.86328125,-0.12520644037889672,24,1712134521933
154,-0.296875,3.005859375,-0.95703125,-0.12520644037889672,29,1712134521933
154,-0.30078125,3.064453125,-0.89453125,-0.12520644037889672,57,1712134521933
154,-0.40625,3.109375,-0.833984375,-0.12520644037889672,71,1712134521933
154,-0.41015625,3.15625,-0.806640625,-0.12520644037889672,51,1712134521933
155,0.09375,2.86328125,-0.9453125,0.0,29,1712134522034
155,0.19140625,2.91796875,-0.880859375,0.0,44,1712134522034
155,0.2890625,2.91796875,-0.98046875,0.0,32,1712134522034
155,-0.400390625,3.123046875,-0.60546875,0.0,29,1712134522034
155,-0.40625,3.15234375,-0.65234375,0.0,34,1712134522034
155,-0.279296875,2.958984375,-0.1875,0.12520644037889672,23,1712134522034
155,0.0,2.962890625,-0.564453125,0.12520644037889672,50,1712134522034
155,0.095703125,2.984375,-0.640625,0.12520644037889672,73,1712134522034
155,-0.38671875,3.068359375,-0.017578125,0.12520644037889672,61,1712134522034
155,-0.29296875,3.08984375,-0.412109375,0.12520644037889672,64,1712134522034
155,-0.197265625,3.1328125,-0.4375,0.12520644037889672,33,1712134522034
155,-0.275390625,2.919921875,-0.203125,0.25041288075779344,30,1712134522034
155,-0.185546875,2.966796875,-0.166015625,0.25041288075779344,56,1712134522034
155,-0.189453125,3.005859375,-0.142578125,0.25041288075779344,76,1712134522034
155,-0.19140625,3.044921875,-0.14453125,0.25041288075779344,98,1712134522034
155,-0.2890625,3.07421875,-0.1484375,0.25041288075779344,107,1712134522034
155,-0.1953125,3.1171875,-0.21875,0.25041288075779344,94,1712134522034
155,-0.197265625,3.15234375,-0.244140625,0.25041288075779344,46,1712134522034
155,-0.185546875,2.970703125,-0.0546875,0.37561932113669017,34,1712134522034
155,-0.189453125,3.009765625,-0.013671875,0.37561932113669017,43,1712134522034
155,-0.287109375,3.041015625,-0.056640625,0.37561932113669017,49,1712134522034
155,-0.2890625,3.078125,-0.044921875,0.37561932113669017,56,1712134522034
155,-0.29296875,3.115234375,-0.1015625,0.37561932113669017,48,1712134522034
155,-0.296875,3.154296875,-0.05859375,0.37561932113669017,24,1712134522034
155,-0.30078125,2.982421875,-1.140625,-0.25041288075779344,42,1712134522034
155,-0.3046875,3.009765625,-1.17578125,-0.25041288075779344,62,1712134522034
155,-0.41015625,3.046875,-1.150390625,-0.25041288075779344,59,1712134522034
155,-0.416015625,3.154296875,-0.955078125,-0.25041288075779344,28,1712134522034
155,0.0,2.935546875,-0.97265625,-0.12520644037889672,26,1712134522034
155,-0.1953125,2.9765625,-0.947265625,-0.12520644037889672,19,1712134522034
155,-0.396484375,3.0078125,-0.91796875,-0.12520644037889672,18,1712134522034
155,-0.30078125,3.07421875,-0.861328125,-0.12520644037889672,56,1712134522034
155,-0.3046875,3.1015625,-0.90234375,-0.12520644037889672,76,1712134522034
155,-0.30859375,3.130859375,-0.94140625,-0.12520644037889672,65,1712134522034
156,-0.185546875,2.939453125,-0.439453125,0.0,24,1712134522135
156,-0.189453125,2.986328125,-0.384765625,0.0,31,1712134522135
156,0.0,2.994140625,-0.599609375,0.0,74,1712134522135
156,0.0,3.0234375,-0.65234375,0.0,114,1712134522135
156,0.0,3.046875,-0.720703125,0.0,82,1712134522135
156,-0.099609375,3.095703125,-0.671875,0.0,41,1712134522135
156,0.0,3.16015625,-0.548828125,0.0,29,1712134522135
156,-0.185546875,2.962890625,-0.2265625,0.12520644037889672,52,1712134522135
156,-0.189453125,3.005859375,-0.140625,0.12520644037889672,61,1712134522135
156,0.0,3.0234375,-0.4375,0.12520644037889672,144,1712134522135
156,0.0,3.056640625,-0.4609375,0.12520644037889672,238,1712134522135
156,-0.09765625,3.095703125,-0.4609375,0.12520644037889672,177,1712134522135
156,-0.197265625,3.140625,-0.365234375,0.12520644037889672,59,1712134522135
156,0.0,3.212890625,-1.916015625,0.12520644037889672,23,1712134522135
156,-0.279296875,2.96484375,-0.041015625,0.25041288075779344,38,1712134522135
156,-0.189453125,3.009765625,0.037109375,0.25041288075779344,49,1712134522135
156,0.0,3.044921875,-0.248046875,0.25041288075779344,91,1712134522135
156,-0.095703125,3.080078125,-0.25,0.25041288075779344,149,1712134522135
156,-0.09765625,3.1171875,-0.271484375,0.25041288075779344,110,1712134522135
156,-0.197265625,3.158203125,-0.169921875,0.25041288075779344,37,1712134522135
156,0.0,3.005859375,-1.1171875,-0.25041288075779344,31,1712134522135
156,-0.1015625,3.072265625,-1.041015625,-0.25041288075779344,45,1712134522135
156,-0.205078125,3.11328125,-1.01953125,-0.25041288075779344,40,1712134522135
156,0.095703125,2.86328125,-1.166015625,-0.12520644037889672,19,1712134522135
156,0.0,3.04296875,-0.73828125,-0.12520644037889672,22,1712134522135
156,0.099609375,3.0625,-0.80859375,-0.12520644037889672,30,1712134522135
156,0.0,3.091796875,-0.84765625,-0.12520644037889672,49,1712134522135
156,-0.1015625,3.12890625,-0.857421875,-0.12520644037889672,53,1712134522135
156,-0.205078125,3.16796875,-0.833984375,-0.12520644037889672,41,1712134522135
156,-1.16015625,2.36328125,1.62109375,-0.12520644037889672,10,1712134522135
157,-0.185546875,2.955078125,-0.30859375,0.0,15,1712134522234
157,-0.09375,2.994140625,-0.34765625,0.0,26,1712134522234
157,-0.19140625,3.03125,-0.32421875,0.0,29,1712134522234
157,0.0,2.990234375,-0.7890625,0.0,20,1712134522234
157,-0.185546875,2.970703125,-0.0859375,0.12520644037889672,28,1712134522234
157,-0.189453125,3.0078125,-0.11328125,0.12520644037889672,50,1712134522234
157,-0.095703125,3.041015625,-0.265625,0.12520644037889672,64,1712134522234
157,0.0,3.05859375,-0.458984375,0.12520644037889672,66,1712134522234
157,0.0,3.064453125,-0.640625,0.12520644037889672,37,1712134522234
157,-0.283203125,2.998046875,0.16796875,0.25041288075779344,22,1712134522234
157,-0.19140625,3.048828125,0.029296875,0.25041288075779344,25,1712134522234
157,0.0,3.080078125,-0.283203125,0.25041288075779344,26,1712134522234
157,0.0,2.90625,-1.056640625,-0.25041288075779344,21,1712134522234
157,-0.09765625,3.0078125,-0.859375,-0.25041288075779344,24,1712134522234
157,-0.095703125,2.94140625,-0.81640625,-0.12520644037889672,25,1712134522234
157,0.0,2.984375,-0.810546875,-0.12520644037889672,45,1712134522234
157,-0.09765625,3.068359375,-0.611328125,-0.12520644037889672,47,1712134522234
157,-0.396484375,3.111328125,-0.443359375,-0.12520644037889672,34,1712134522234
157,-0.400390625,2.951171875,-1.1875,-0.12520644037889672,37,1712134522234
158,0.0,2.986328125,-0.63671875,0.0,15,1712134522334
158,0.0,3.017578125,-0.677734375,0.0,20,1712134522334
158,-0.1953125,3.03515625,-0.7421875,0.0,26,1712134522334
158,-0.296875,3.025390625,-0.89453125,0.0,35,1712134522334
158,-0.400390625,3.03515625,-0.955078125,0.0,32,1712134522334
158,-0.095703125,3.044921875,-0.228515625,0.12520644037889672,28,1712134522334
158,-0.193359375,3.080078125,-0.19140625,0.12520644037889672,37,1712134522334
158,-0.09765625,3.12890625,-0.06640625,0.12520644037889672,29,1712134522334
158,-0.197265625,2.84765625,-1.376953125,-0.25041288075779344,26,1712134522334
158,-0.400390625,2.826171875,-1.4609375,-0.25041288075779344,26,1712134522334
158,0.0,2.912109375,-0.787109375,-0.12520644037889672,18,1712134522334
158,-0.095703125,2.958984375,-0.751953125,-0.12520644037889672,40,1712134522334
158,-0.095703125,3.015625,-0.673828125,-0.12520644037889672,44,1712134522334
158,0.0,3.025390625,-0.802734375,-0.12520644037889672,29,1712134522334
158,-0.296875,2.908203125,-1.220703125,-0.12520644037889672,56,1712134522334
158,-0.400390625,2.935546875,-1.2265625,-0.12520644037889672,59,1712134522334
159,0.0,2.93359375,-0.701171875,0.0,33,1712134522435
159,-0.095703125,2.978515625,-0.666015625,0.0,81,1712134522435
159,-0.095703125,3.033203125,-0.591796875,0.0,98,1712134522435
159,-0.09765625,3.091796875,-0.478515625,0.0,55,1712134522435
159,-0.396484375,3.048828125,-0.767578125,0.0,45,1712134522435
159,-0.400390625,3.091796875,-0.75390625,0.0,63,1712134522435
159,-0.3046875,3.142578125,-0.748046875,0.0,45,1712134522435
159,-0.30859375,3.19140625,-0.7109375,0.0,19,1712134522435
159,-0.189453125,3.005859375,-0.16796875,0.12520644037889672,16,1712134522435
159,-0.19140625,3.0390625,-0.23828125,0.12520644037889672,34,1712134522435
159,-0.193359375,3.06640625,-0.341796875,0.12520644037889672,35,1712134522435
159,0.0,3.10546875,-0.388671875,0.12520644037889672,19,1712134522435
159,0.0,2.853515625,-0.974609375,-0.25041288075779344,31,1712134522435
159,0.0,2.880859375,-1.01171875,-0.25041288075779344,76,1712134522435
159,-0.095703125,2.9375,-0.962890625,-0.25041288075779344,88,1712134522435
159,-0.09765625,2.9921875,-0.9140625,-0.25041288075779344,49,1712134522435
159,-0.296875,2.923828125,-1.18359375,-0.25041288075779344,41,1712134522435
159,-0.30078125,2.984375,-1.13671875,-0.25041288075779344,57,1712134522435
159,-0.3046875,3.015625,-1.16015625,-0.25041288075779344,42,1712134522435
159,0.0,2.896484375,-0.837890625,-0.12520644037889672,72,1712134522435
159,-0.095703125,2.9453125,-0.798828125,-0.12520644037889672,177,1712134522435
159,-0.095703125,2.9921875,-0.771484375,-0.12520644037889672,203,1712134522435
159,-0.09765625,3.05078125,-0.697265625,-0.12520644037889672,113,1712134522435
159,-0.396484375,2.982421875,-0.9921875,-0.12520644037889672,80,1712134522435
159,-0.30078125,3.046875,-0.95703125,-0.12520644037889672,119,1712134522435
159,-0.3046875,3.0859375,-0.955078125,-0.12520644037889672,86,1712134522435
159,-0.205078125,3.125,-0.986328125,-0.12520644037889672,37,1712134522435
160,0.0,2.900390625,-0.955078125,0.0,16,1712134522535
160,-0.193359375,3.025390625,-0.61328125,0.0,43,1712134522535
160,-0.1953125,3.0234375,-0.7890625,0.0,69,1712134522535
160,-0.296875,3.068359375,-0.736328125,0.0,87,1712134522535
160,-0.30078125,3.126953125,-0.640625,0.0,64,1712134522535
160,-0.3046875,3.19140625,-0.50390625,0.0,18,1712134522535
160,0.0,2.8984375,-1.076171875,-0.25041288075779344,37,1712134522535
160,-0.09765625,2.88671875,-1.208984375,-0.25041288075779344,66,1712134522535
160,-0.197265625,2.953125,-1.1328125,-0.25041288075779344,86,1712134522535
160,-0.30078125,3.005859375,-1.07421875,-0.25041288075779344,62,1712134522535
160,-0.09375,2.92578125,-0.72265625,-0.12520644037889672,15,1712134522535
160,-0.095703125,2.873046875,-1.03125,-0.12520644037889672,29,1712134522535
160,-0.095703125,2.974609375,-0.841796875,-0.12520644037889672,85,1712134522535
160,-0.1953125,2.966796875,-0.978515625,-0.12520644037889672,138,1712134522535
160,-0.197265625,3.017578125,-0.947265625,-0.12520644037889672,167,1712134522535
160,-0.201171875,3.0859375,-0.849609375,-0.12520644037889672,121,1712134522535
160,-0.203125,3.15234375,-0.74609375,-0.12520644037889672,37,1712134522535
161,-0.185546875,2.95703125,-0.30078125,0.0,15,1712134522635
161,-0.189453125,2.990234375,-0.337890625,0.0,34,1712134522635
161,-0.19140625,3.037109375,-0.26171875,0.0,52,1712134522635
161,-0.193359375,3.08203125,-0.177734375,0.0,43,1712134522635
161,-0.30078125,3.12890625,-0.634765625,0.0,21,1712134522635
161,0.0,2.962890625,-0.56640625,-0.25041288075779344,30,1712134522635
161,-0.095703125,2.990234375,-0.609375,-0.25041288075779344,47,1712134522635
161,-0.095703125,3.041015625,-0.552734375,-0.25041288075779344,39,1712134522635
161,-0.09375,2.943359375,-0.439453125,-0.12520644037889672,30,1712134522635
161,-0.09375,2.9765625,-0.470703125,-0.12520644037889672,68,1712134522635
161,-0.095703125,3.021484375,-0.43359375,-0.12520644037889672,100,1712134522635
161,-0.095703125,3.068359375,-0.375,-0.12520644037889672,81,1712134522635
161,-0.296875,3.052734375,-0.79296875,-0.12520644037889672,37,1712134522635
161,-0.30078125,3.076171875,-0.853515625,-0.12520644037889672,38,1712134522635
162,-0.09375,2.888671875,-0.865234375,0.0,40,1712134522736
162,-0.095703125,2.986328125,-0.62890625,0.0,84,1712134522736
162,-0.095703125,3.04296875,-0.5390625,0.0,83,1712134522736
162,0.0,3.103515625,-0.40234375,0.0,43,1712134522736
162,0.296875,3.142578125,-0.28515625,0.0,26,1712134522736
162,0.0,2.76171875,-1.212890625,-0.25041288075779344,38,1712134522736
162,0.0,2.875,-1.03125,-0.25041288075779344,80,1712134522736
162,-0.095703125,2.9375,-0.9609375,-0.25041288075779344,78,1712134522736
162,0.09765625,3.017578125,-0.830078125,-0.25041288075779344,41,1712134522736
162,0.296875,2.990234375,-1.005859375,-0.25041288075779344,28,1712134522736
162,-0.09375,2.83203125,-1.03125,-0.12520644037889672,74,1712134522736
162,-0.095703125,2.939453125,-0.82421875,-0.12520644037889672,158,1712134522736
162,-0.095703125,3.00390625,-0.728515625,-0.12520644037889672,153,1712134522736
162,0.0,3.06640625,-0.62890625,-0.12520644037889672,80,1712134522736
162,0.296875,3.11328125,-0.513671875,-0.12520644037889672,49,1712134522736
162,0.30078125,3.07421875,-0.865234375,-0.12520644037889672,27,1712134522736
162,-0.890625,0.96484375,-2.884765625,0.0,22,1712134522736
162,-0.890625,2.30859375,1.978515625,-0.25041288075779344,20,1712134522736
162,-0.890625,0.0,-3.12109375,-0.12520644037889672,38,1712134522736
162,-0.80078125,2.109375,2.27734375,-0.12520644037889672,25,1712134522736
163,-0.376953125,2.9765625,0.30859375,0.0,16,1712134522837
163,-0.380859375,2.97265625,0.58984375,0.0,18,1712134522837
163,-0.193359375,2.75,-1.400390625,0.0,22,1712134522837
163,-0.29296875,3.015625,-0.783203125,0.0,78,1712134522837
163,-0.197265625,3.099609375,-0.626953125,0.0,89,1712134522837
163,-0.30078125,3.1328125,-0.615234375,0.0,47,1712134522837
163,-0.287109375,3.0390625,0.08984375,-0.25041288075779344,18,1712134522837
163,-0.2890625,2.48828125,-1.8125,-0.25041288075779344,20,1712134522837
163,-0.29296875,2.904296875,-1.1328125,-0.25041288075779344,72,1712134522837
163,-0.197265625,2.99609375,-1.01171875,-0.25041288075779344,84,1712134522837
163,-0.201171875,3.048828125,-0.97265625,-0.25041288075779344,45,1712134522837
163,-0.376953125,2.98828125,0.16796875,-0.12520644037889672,28,1712134522837
163,-0.287109375,3.009765625,0.42578125,-0.12520644037889672,34,1712134522837
163,-0.193359375,2.580078125,-1.693359375,-0.12520644037889672,39,1712134522837
163,-0.1953125,2.970703125,-0.966796875,-0.12520644037889672,141,1712134522837
163,-0.197265625,3.05078125,-0.833984375,-0.12520644037889672,161,1712134522837
163,-0.201171875,3.107421875,-0.76953125,-0.12520644037889672,88,1712134522837
164,-0.279296875,2.9609375,0.14453125,0.0,21,1712134522937
164,-0.189453125,3.005859375,0.142578125,0.0,39,1712134522937
164,-0.19140625,3.048828125,-0.03125,0.0,58,1712134522937
164,-0.2890625,3.064453125,-0.298828125,0.0,57,1712134522937
164,-0.390625,3.015625,-0.744140625,0.0,37,1712134522937
164,-0.494140625,2.857421875,-1.27734375,0.0,19,1712134522937
164,-0.185546875,2.953125,-0.330078125,-0.25041288075779344,17,1712134522937
164,-0.09375,3.005859375,-0.236328125,-0.25041288075779344,32,1712134522937
164,0.0,3.0234375,-0.431640625,-0.25041288075779344,47,1712134522937
164,-0.193359375,2.99609375,-0.7421875,-0.25041288075779344,49,1712134522937
164,-0.390625,2.837890625,-1.26171875,-0.25041288075779344,31,1712134522937
164,-0.18359375,2.927734375,-0.173828125,-0.12520644037889672,16,1712134522937
164,-0.185546875,2.97265625,-0.025390625,-0.12520644037889672,36,1712134522937
164,-0.189453125,3.009765625,-0.013671875,-0.12520644037889672,67,1712134522937
164,-0.19140625,3.041015625,-0.193359375,-0.12520644037889672,105,1712134522937
164,-0.193359375,3.05078125,-0.47265625,-0.12520644037889672,111,1712134522937
164,-0.390625,2.95703125,-0.951171875,-0.12520644037889672,70,1712134522937
164,-0.59375,2.72265625,-1.509765625,-0.12520644037889672,35,1712134522937
165,-0.09375,2.95703125,-0.330078125,0.0,37,1712134523037
165,-0.09375,3.0,-0.294921875,0.0,73,1712134523037
165,-0.19140625,3.037109375,-0.259765625,0.0,86,1712134523037
165,-0.193359375,3.072265625,-0.287109375,0.0,61,1712134523037
165,-0.1953125,3.099609375,-0.388671875,0.0,27,1712134523037
165,-0.189453125,3.009765625,-0.060546875,0.12520644037889672,35,1712134523037
165,-0.19140625,3.044921875,0.138671875,0.12520644037889672,38,1712134523037
165,-0.09375,2.87890625,-0.75390625,-0.25041288075779344,32,1712134523037
165,0.0,2.947265625,-0.638671875,-0.25041288075779344,63,1712134523037
165,-0.095703125,2.9921875,-0.603515625,-0.25041288075779344,74,1712134523037
165,-0.095703125,3.037109375,-0.576171875,-0.25041288075779344,49,1712134523037
165,-0.091796875,2.904296875,-0.443359375,-0.12520644037889672,24,1712134523037
165,-0.185546875,2.923828125,-0.52734375,-0.12520644037889672,80,1712134523037
165,-0.09375,2.978515625,-0.46484375,-0.12520644037889672,162,1712134523037
165,-0.095703125,3.025390625,-0.41015625,-0.12520644037889672,186,1712134523037
165,-0.193359375,3.0625,-0.384765625,-0.12520644037889672,119,1712134523037
165,-0.29296875,3.09375,-0.375,-0.12520644037889672,36,1712134523037
166,0.0,3.001953125,-0.287109375,0.0,13,1712134523138
166,-0.095703125,3.0078125,-0.525390625,0.0,18,1712134523138
166,0.0,2.87109375,-1.1484375,0.0,17,1712134523138
166,0.0,2.94140625,-1.068359375,0.0,22,1712134523138
166,0.0,2.98046875,-1.07421875,0.0,20,1712134523138
166,-0.189453125,3.0078125,-0.1171875,0.12520644037889672,31,1712134523138
166,-0.287109375,3.041015625,0.017578125,0.12520644037889672,32,1712134523138
166,-0.38671875,3.048828125,0.337890625,0.12520644037889672,18,1712134523138
166,0.0,3.056640625,-0.677734375,0.12520644037889672,38,1712134523138
166,0.0,3.072265625,-0.77734375,0.12520644037889672,37,1712134523138
166,0.0,3.087890625,-0.509765625,0.25041288075779344,17,1712134523138
166,0.0,3.115234375,-0.58203125,0.25041288075779344,16,1712134523138
166,0.0,2.984375,-0.6484375,-0.25041288075779344,19,1712134523138
166,0.0,2.931640625,-0.525390625,-0.12520644037889672,21,1712134523138
166,-0.189453125,2.966796875,-0.51171875,-0.12520644037889672,50,1712134523138
166,-0.095703125,3.01171875,-0.5,-0.12520644037889672,59,1712134523138
166,-0.193359375,3.0546875,-0.44140625,-0.12520644037889672,38,1712134523138
166,-0.09765625,3.09765625,-0.447265625,-0.12520644037889672,19,1712134523138
167,0.095703125,2.916015625,-1.0234375,0.0,24,1712134523238
167,0.09765625,2.966796875,-0.99609375,0.0,35,1712134523238
167,0.099609375,3.03125,-0.9140625,0.0,31,1712134523238
167,-0.185546875,2.94921875,-0.369140625,0.12520644037889672,28,1712134523238
167,-0.189453125,2.9921875,-0.328125,0.12520644037889672,37,1712134523238
167,-0.095703125,3.017578125,-0.458984375,0.12520644037889672,36,1712134523238
167,0.0,2.98828125,-0.791015625,0.12520644037889672,59,1712134523238
167,0.09765625,3.037109375,-0.75390625,0.12520644037889672,82,1712134523238
167,0.0,3.08984375,-0.705078125,0.12520644037889672,69,1712134523238
167,0.0,3.09765625,-0.828125,0.12520644037889672,33,1712134523238
167,0.095703125,3.037109375,-0.576171875,0.25041288075779344,22,1712134523238
167,0.0,3.0859375,-0.52734375,0.25041288075779344,32,1712134523238
167,0.0,3.12890625,-0.49609375,0.25041288075779344,27,1712134523238
167,0.0,2.953125,-0.919921875,-0.12520644037889672,19,1712134523238
167,0.09765625,2.91796875,-1.12890625,-0.12520644037889672,22,1712134523238
168,0.0,2.826171875,-1.052734375,0.0,15,1712134523288
168,0.095703125,2.865234375,-1.052734375,0.0,15,1712134523288
168,0.0,2.92578125,-0.998046875,0.0,27,1712134523288
168,0.0,2.97265625,-0.984375,0.0,53,1712134523288
168,0.0,3.033203125,-0.919921875,0.0,49,1712134523288
168,0.0,3.064453125,-0.94140625,0.0,24,1712134523288
168,0.09375,2.830078125,-1.03515625,0.12520644037889672,29,1712134523288
168,0.095703125,2.8828125,-1.001953125,0.12520644037889672,27,1712134523288
168,0.0,3.0,-0.748046875,0.12520644037889672,57,1712134523288
168,0.0,3.029296875,-0.787109375,0.12520644037889672,113,1712134523288
168,0.0,3.08203125,-0.740234375,0.12520644037889672,104,1712134523288
168,0.0,3.1328125,-0.6875,0.12520644037889672,49,1712134523288
168,0.0,3.03515625,-0.58984375,0.25041288075779344,23,1712134523288
168,0.0,3.07421875,-0.59375,0.25041288075779344,46,1712134523288
168,0.0,3.12109375,-0.54296875,0.25041288075779344,42,1712134523288
168,0.09765625,2.888671875,-1.203125,-0.12520644037889672,23,1712134523288
168,0.0,2.92578125,-1.21875,-0.12520644037889672,20,1712134523288
169,0.0,2.93359375,-0.505859375,0.0,13,1712134523439
169,0.0,2.9453125,-0.64453125,0.0,35,1712134523439
169,-0.095703125,2.974609375,-0.681640625,0.0,61,1712134523439
169,-0.193359375,3.021484375,-0.626953125,0.0,63,1712134523439
169,-0.29296875,3.060546875,-0.591796875,0.0,42,1712134523439
169,-0.296875,2.779296875,-1.490234375,0.0,33,1712134523439
169,0.0,3.044921875,-1.0078125,0.0,33,1712134523439
169,0.0,3.109375,-0.931640625,0.0,18,1712134523439
169,-0.1171875,3.744140625,-0.50390625,0.0,22,1712134523439
169,0.0,3.70703125,-0.91015625,0.0,23,1712134523439
169,-0.09375,2.970703125,-0.17578125,0.12520644037889672,33,1712134523439
169,-0.189453125,2.986328125,-0.384765625,0.12520644037889672,74,1712134523439
169,-0.19140625,3.015625,-0.447265625,0.12520644037889672,125,1712134523439
169,-0.193359375,3.0625,-0.384765625,0.12520644037889672,128,1712134523439
169,-0.29296875,3.099609375,-0.326171875,0.12520644037889672,80,1712134523439
169,-0.296875,2.876953125,-1.296875,0.12520644037889672,60,1712134523439
169,-0.099609375,3.08203125,-0.8828125,0.12520644037889672,62,1712134523439
169,0.0,3.158203125,-0.744140625,0.12520644037889672,34,1712134523439
169,-0.236328125,3.751953125,-0.3828125,0.12520644037889672,40,1712134523439
169,-0.119140625,3.76171875,-0.63671875,0.12520644037889672,43,1712134523439
169,-0.189453125,2.994140625,-0.306640625,0.25041288075779344,32,1712134523439
169,-0.19140625,3.033203125,-0.302734375,0.25041288075779344,56,1712134523439
169,-0.193359375,3.076171875,-0.251953125,0.25041288075779344,58,1712134523439
169,-0.29296875,3.109375,-0.216796875,0.25041288075779344,38,1712134523439
169,-0.296875,3.00390625,-0.9609375,0.25041288075779344,30,1712134523439
169,-0.099609375,3.130859375,-0.685546875,0.25041288075779344,30,1712134523439
169,0.0,2.966796875,-0.541015625,-0.12520644037889672,20,1712134523439
169,0.0,3.015625,-0.48828125,-0.12520644037889672,22,1712134523439
170,-0.091796875,2.904296875,-0.443359375,0.0,18,1712134523539
170,0.0,2.91015625,-0.630859375,0.0,65,1712134523539
170,-0.09375,2.919921875,-0.748046875,0.0,154,1712134523539
170,-0.095703125,2.96484375,-0.72265625,0.0,207,1712134523539
170,0.0,3.02734375,-0.62890625,0.0,140,1712134523539
170,-0.29296875,3.115234375,-0.064453125,0.0,42,1712134523539
170,-0.59375,2.083984375,-2.3125,0.0,21,1712134523539
170,-0.091796875,2.92578125,-0.263671875,0.12520644037889672,36,1712134523539
170,-0.09375,2.943359375,-0.443359375,0.12520644037889672,127,1712134523539
170,0.0,2.970703125,-0.5234375,0.12520644037889672,289,1712134523539
170,-0.095703125,3.0078125,-0.51953125,0.12520644037889672,390,1712134523539
170,-0.095703125,3.060546875,-0.4296875,0.12520644037889672,266,1712134523539
170,-0.29296875,3.115234375,0.099609375,0.12520644037889672,82,1712134523539
170,-0.59375,2.30859375,-2.0859375,0.12520644037889672,41,1712134523539
170,-0.400390625,2.931640625,-1.23828125,0.12520644037889672,41,1712134523539
170,-0.09375,2.96484375,-0.265625,0.25041288075779344,61,1712134523539
170,-0.09375,2.9921875,-0.3671875,0.25041288075779344,144,1712134523539
170,-0.095703125,3.03515625,-0.326171875,0.25041288075779344,191,1712134523539
170,-0.193359375,3.078125,-0.232421875,0.25041288075779344,131,1712134523539
170,-0.29296875,3.1015625,0.298828125,0.25041288075779344,43,1712134523539
170,-0.494140625,2.66796875,-1.63671875,0.25041288075779344,28,1712134523539
170,-1.564453125,1.25390625,2.40234375,0.0,23,1712134523539
170,-0.396484375,2.279296875,-2.166015625,0.0,21,1712134523539
170,0.396484375,3.12890625,-0.296875,0.12520644037889672,32,1712134523539
170,0.396484375,3.142578125,0.111328125,0.25041288075779344,18,1712134523539
171,-0.09375,2.9609375,-0.5625,0.0,36,1712134523590
171,-0.095703125,3.0078125,-0.5234375,0.0,52,1712134523590
171,0.0,3.0703125,0.37109375,0.0,18,1712134523590
171,-0.09765625,2.865234375,-1.2578125,0.0,41,1712134523590
171,-0.197265625,2.978515625,-1.064453125,0.0,58,1712134523590
171,0.0,2.99609375,-1.146484375,0.0,41,1712134523590
171,-0.189453125,2.98046875,-0.42578125,0.12520644037889672,55,1712134523590
171,-0.19140625,3.03125,-0.31640625,0.12520644037889672,80,1712134523590
171,-0.193359375,3.04296875,0.513671875,0.12520644037889672,16,1712134523590
171,-0.1953125,2.97265625,-0.962890625,0.12520644037889672,89,1712134523590
171,-0.099609375,3.037109375,-0.8984375,0.12520644037889672,123,1712134523590
171,-0.201171875,3.091796875,-0.826171875,0.12520644037889672,84,1712134523590
171,-0.283203125,2.9921875,-0.251953125,0.25041288075779344,27,1712134523590
171,-0.19140625,3.04296875,-0.16796875,0.25041288075779344,35,1712134523590
171,-0.2890625,2.94921875,-0.8828125,0.25041288075779344,18,1712134523590
171,-0.1953125,3.01953125,-0.798828125,0.25041288075779344,79,1712134523590
171,-0.197265625,3.08203125,-0.708984375,0.25041288075779344,95,1712134523590
171,-0.201171875,3.123046875,-0.701171875,0.25041288075779344,64,1712134523590
171,-0.3046875,3.138671875,-0.767578125,0.25041288075779344,27,1712134523590
171,-0.29296875,3.04296875,-0.669921875,0.37561932113669017,20,1712134523590
171,-0.296875,3.107421875,-0.541015625,0.37561932113669017,20,1712134523590
171,0.869140625,0.0,-3.0625,0.12520644037889672,9,1712134523590
172,0.0,2.96875,-0.533203125,0.0,28,1712134523690
172,-0.095703125,2.9765625,-0.67578125,0.0,70,1712134523690
172,-0.095703125,3.0234375,-0.64453125,0.0,70,1712134523690
172,-0.09765625,3.048828125,-0.701171875,0.0,36,1712134523690
172,0.0,3.029296875,-0.927734375,0.0,22,1712134523690
172,0.0,2.990234375,-1.158203125,0.0,29,1712134523690
172,-0.203125,3.03125,-1.138671875,0.0,30,1712134523690
172,0.0,3.001953125,-0.298828125,0.12520644037889672,57,1712134523690
172,-0.095703125,3.015625,-0.478515625,0.12520644037889672,130,1712134523690
172,-0.095703125,3.056640625,-0.455078125,0.12520644037889672,123,1712134523690
172,0.0,3.099609375,-0.443359375,0.12520644037889672,61,1712134523690
172,0.0,3.091796875,-0.6953125,0.12520644037889672,41,1712134523690
172,-0.099609375,3.060546875,-0.94921875,0.12520644037889672,56,1712134523690
172,-0.203125,3.103515625,-0.927734375,0.12520644037889672,56,1712134523690
172,0.0,3.015625,-0.076171875,0.25041288075779344,24,1712134523690
172,-0.095703125,3.041015625,-0.263671875,0.25041288075779344,58,1712134523690
172,-0.095703125,3.083984375,-0.19140625,0.25041288075779344,54,1712134523690
172,-0.1953125,3.09765625,-0.40625,0.25041288075779344,28,1712134523690
172,0.0,3.125,-0.52734375,0.25041288075779344,24,1712134523690
172,-0.099609375,3.125,-0.71484375,0.25041288075779344,37,1712134523690
172,-0.3046875,3.146484375,-0.73046875,0.25041288075779344,36,1712134523690
173,-0.09375,2.916015625,-0.765625,0.0,43,1712134523791
173,-0.095703125,2.94921875,-0.78515625,0.0,121,1712134523791
173,0.0,3.0,-0.75,0.0,164,1712134523791
173,0.0,3.0703125,-0.61328125,0.0,103,1712134523791
173,0.0,3.0234375,-1.0703125,0.0,45,1712134523791
173,0.1015625,3.13671875,-0.826171875,0.0,39,1712134523791
173,-0.279296875,2.962890625,-0.08984375,0.12520644037889672,16,1712134523791
173,-0.09375,2.962890625,-0.560546875,0.12520644037889672,81,1712134523791
173,-0.095703125,2.99609375,-0.58203125,0.12520644037889672,231,1712134523791
173,-0.095703125,3.04296875,-0.546875,0.12520644037889672,309,1712134523791
173,-0.09765625,3.1015625,-0.41796875,0.12520644037889672,195,1712134523791
173,-0.396484375,1.56640625,2.7265625,0.12520644037889672,35,1712134523791
173,0.0,3.09375,-0.84375,0.12520644037889672,83,1712134523791
173,0.0,3.171875,-0.6796875,0.12520644037889672,71,1712134523791
173,-0.09375,2.98828125,-0.390625,0.25041288075779344,38,1712134523791
173,0.0,3.025390625,-0.421875,0.25041288075779344,112,1712134523791
173,-0.095703125,3.068359375,-0.365234375,0.25041288075779344,156,1712134523791
173,-0.09765625,3.12109375,-0.22265625,0.25041288075779344,97,1712134523791
173,0.0,3.138671875,-0.654296875,0.25041288075779344,44,1712134523791
173,0.0,3.203125,-0.5234375,0.25041288075779344,38,1712134523791
174,0.0,2.755859375,-1.2265625,0.0,20,1712134523891
174,0.0,2.890625,-0.984375,0.0,64,1712134523891
174,0.0,2.955078125,-0.908203125,0.0,100,1712134523891
174,0.0,3.017578125,-0.83203125,0.0,84,1712134523891
174,-0.099609375,3.07421875,-0.763671875,0.0,44,1712134523891
174,-0.201171875,3.09765625,-0.802734375,0.0,23,1712134523891
174,0.0,2.87109375,-0.921875,0.12520644037889672,39,1712134523891
174,0.0,2.919921875,-0.892578125,0.12520644037889672,118,1712134523891
174,0.0,2.994140625,-0.7734375,0.12520644037889672,185,1712134523891
174,0.0,3.052734375,-0.689453125,0.12520644037889672,157,1712134523891
174,-0.197265625,3.095703125,-0.642578125,0.12520644037889672,91,1712134523891
174,-0.201171875,3.13671875,-0.638671875,0.12520644037889672,55,1712134523891
174,-0.095703125,2.97265625,-0.693359375,0.25041288075779344,54,1712134523891
174,0.0,3.044921875,-0.5390625,0.25041288075779344,83,1712134523891
174,-0.09765625,3.09375,-0.46875,0.25041288075779344,72,1712134523891
174,-0.197265625,3.134765625,-0.423828125,0.25041288075779344,39,1712134523891
174,-0.09765625,2.6484375,-1.666015625,-0.12520644037889672,20,1712134523891
174,-0.099609375,2.859375,-1.361328125,-0.12520644037889672,20,1712134523891
175,-0.09375,2.982421875,-0.43359375,0.0,23,1712134523991
175,0.0,2.998046875,-0.5859375,0.0,44,1712134523991
175,0.0,3.0234375,-0.65234375,0.0,56,1712134523991
175,0.0,3.072265625,-0.599609375,0.0,44,1712134523991
175,0.0,3.10546875,-0.626953125,0.0,20,1712134523991
175,-0.09375,2.9765625,0.048828125,0.12520644037889672,19,1712134523991
175,-0.09375,3.0078125,-0.19140625,0.12520644037889672,53,1712134523991
175,-0.095703125,3.029296875,-0.376953125,0.12520644037889672,106,1712134523991
175,0.0,3.060546875,-0.443359375,0.12520644037889672,132,1712134523991
175,0.0,3.09765625,-0.44921875,0.12520644037889672,102,1712134523991
175,0.0,3.142578125,-0.40234375,0.12520644037889672,47,1712134523991
175,0.0,3.158203125,-0.55859375,0.12520644037889672,23,1712134523991
175,0.0,3.162109375,-0.732421875,0.12520644037889672,22,1712134523991
175,0.0,3.015625,0.0234375,0.25041288075779344,21,1712134523991
175,0.0,3.048828125,-0.16796875,0.25041288075779344,41,1712134523991
175,0.0,3.08203125,-0.25390625,0.25041288075779344,52,1712134523991
175,-0.09765625,3.115234375,-0.28515625,0.25041288075779344,41,1712134523991
175,0.0,3.162109375,-0.197265625,0.25041288075779344,19,1712134523991
175,0.0,2.97265625,-0.701171875,-0.12520644037889672,31,1712134523991
175,0.0,2.994140625,-0.7734375,-0.12520644037889672,40,1712134523991
175,-0.09765625,3.044921875,-0.716796875,-0.12520644037889672,30,1712134523991
175,-0.189453125,3.009765625,0.005859375,0.25041288075779344,21,1712134523991
176,-0.287109375,3.01171875,-0.412109375,0.0,14,1712134524091
176,-0.2890625,3.046875,-0.44140625,0.0,26,1712134524091
176,-0.29296875,3.080078125,-0.478515625,0.0,24,1712134524091
176,-0.296875,3.107421875,-0.541015625,0.0,14,1712134524091
176,-0.19140625,3.037109375,-0.26171875,0.12520644037889672,30,1712134524091
176,-0.193359375,3.07421875,-0.283203125,0.12520644037889672,45,1712134524091
176,-0.29296875,3.109375,-0.2109375,0.12520644037889672,32,1712134524091
176,-0.19140625,2.9375,-0.810546875,-0.25041288075779344,18,1712134524091
176,-0.193359375,2.9609375,-0.869140625,-0.25041288075779344,31,1712134524091
176,-0.1953125,2.994140625,-0.89453125,-0.25041288075779344,27,1712134524091
176,-0.095703125,2.978515625,-0.666015625,-0.12520644037889672,51,1712134524091
176,-0.193359375,3.01953125,-0.638671875,-0.12520644037889672,86,1712134524091
176,-0.1953125,3.052734375,-0.669921875,-0.12520644037889672,73,1712134524091
176,-0.296875,3.05078125,-0.806640625,-0.12520644037889672,33,1712134524091
177,-0.189453125,2.9921875,-0.33203125,0.0,14,1712134524192
177,-0.19140625,3.015625,-0.439453125,0.0,42,1712134524192
177,-0.193359375,3.052734375,-0.447265625,0.0,52,1712134524192
177,-0.09765625,3.11328125,-0.31640625,0.0,23,1712134524192
177,-0.296875,3.080078125,-0.68359375,0.0,13,1712134524192
177,-0.30078125,3.119140625,-0.681640625,0.0,19,1712134524192
177,-0.19140625,3.033203125,-0.310546875,0.12520644037889672,30,1712134524192
177,-0.095703125,3.076171875,-0.3046875,0.12520644037889672,44,1712134524192
177,0.0,3.1171875,-0.27734375,0.12520644037889672,33,1712134524192
177,0.0,2.947265625,-0.798828125,-0.25041288075779344,39,1712134524192
177,-0.095703125,2.990234375,-0.78125,-0.25041288075779344,51,1712134524192
177,0.0,3.060546875,-0.658203125,-0.25041288075779344,25,1712134524192
177,-0.189453125,2.93359375,-0.673828125,-0.12520644037889672,33,1712134524192
177,-0.095703125,2.990234375,-0.615234375,-0.12520644037889672,103,1712134524192
177,-0.095703125,3.029296875,-0.6171875,-0.12520644037889672,133,1712134524192
177,0.0,3.080078125,-0.556640625,-0.12520644037889672,71,1712134524192
177,-0.30078125,3.1015625,-0.755859375,-0.12520644037889672,36,1712134524192
177,-0.3046875,3.095703125,-0.921875,-0.12520644037889672,26,1712134524192
178,-0.189453125,2.990234375,-0.33984375,0.0,36,1712134524342
178,-0.19140625,3.0234375,-0.380859375,0.0,93,1712134524342
178,-0.193359375,3.0625,-0.37890625,0.0,111,1712134524342
178,-0.1953125,3.099609375,-0.3984375,0.0,68,1712134524342
178,-0.296875,3.111328125,-0.5234375,0.0,33,1712134524342
178,-0.201171875,3.111328125,-0.75,0.0,23,1712134524342
178,0.0,3.09375,-0.9765625,0.0,23,1712134524342
178,0.0,3.146484375,-0.935546875,0.0,18,1712134524342
178,0.0,3.0234375,-0.43359375,0.12520644037889672,15,1712134524342
178,0.0,3.0625,-0.421875,0.12520644037889672,28,1712134524342
178,0.0,3.107421875,-0.3828125,0.12520644037889672,29,1712134524342
178,0.0,3.103515625,-0.80859375,0.12520644037889672,20,1712134524342
178,0.0,3.140625,-0.818359375,0.12520644037889672,40,1712134524342
178,0.0,3.19140625,-0.775390625,0.12520644037889672,35,1712134524342
178,0.0,2.9296875,-0.71484375,-0.25041288075779344,34,1712134524342
178,-0.095703125,2.962890625,-0.73046875,-0.25041288075779344,89,1712134524342
178,-0.095703125,2.994140625,-0.765625,-0.25041288075779344,110,1712134524342
178,-0.09765625,3.01953125,-0.822265625,-0.25041288075779344,74,1712134524342
178,-0.197265625,3.033203125,-0.892578125,-0.25041288075779344,38,1712134524342
178,-0.189453125,2.95703125,-0.5625,-0.12520644037889672,69,1712134524342
178,-0.095703125,3.0,-0.564453125,-0.12520644037889672,183,1712134524342
178,-0.193359375,3.02734375,-0.59765625,-0.12520644037889672,223,1712134524342
178,-0.09765625,3.064453125,-0.62890625,-0.12520644037889672,150,1712134524342
178,-0.197265625,3.078125,-0.724609375,-0.12520644037889672,69,1712134524342
178,-0.400390625,3.060546875,-0.87109375,-0.12520644037889672,29,1712134524342
179,-0.09375,2.982421875,-0.431640625,0.0,28,1712134524392
179,-0.19140625,3.015625,-0.439453125,0.0,53,1712134524392
179,-0.193359375,3.04296875,-0.521484375,0.0,53,1712134524392
179,-0.09765625,3.08984375,-0.490234375,0.0,37,1712134524392
179,0.0,3.14453125,-0.39453125,0.0,18,1712134524392
179,0.0,3.1328125,-0.845703125,0.0,17,1712134524392
179,0.0,3.08203125,-0.240234375,0.12520644037889672,16,1712134524392
179,0.09765625,3.1171875,-0.275390625,0.12520644037889672,30,1712134524392
179,0.099609375,3.14453125,-0.37109375,0.12520644037889672,26,1712134524392
179,0.099609375,3.068359375,-0.9296875,0.12520644037889672,19,1712134524392
179,0.0,3.16015625,-0.732421875,0.12520644037889672,29,1712134524392
179,0.0,3.20703125,-0.701171875,0.12520644037889672,27,1712134524392
179,-0.09375,2.908203125,-0.79296875,-0.25041288075779344,25,1712134524392
179,-0.095703125,2.947265625,-0.796875,-0.25041288075779344,47,1712134524392
179,-0.193359375,2.943359375,-0.9296875,-0.25041288075779344,47,1712134524392
179,-0.1953125,2.96875,-0.974609375,-0.25041288075779344,31,1712134524392
179,-0.09375,2.94921875,-0.625,-0.12520644037889672,52,1712134524392
179,-0.095703125,2.982421875,-0.654296875,-0.12520644037889672,93,1712134524392
179,-0.193359375,2.9921875,-0.75390625,-0.12520644037889672,86,1712134524392
179,-0.29296875,3.021484375,-0.765625,-0.12520644037889672,51,1712134524392
180,0.0,3.0,-0.3046875,0.0,26,1712134524493
180,-0.095703125,3.0234375,-0.41796875,0.0,43,1712134524493
180,-0.095703125,3.048828125,-0.509765625,0.0,45,1712134524493
180,-0.1953125,3.048828125,-0.6796875,0.0,44,1712134524493
180,-0.296875,3.068359375,-0.728515625,0.0,38,1712134524493
180,-0.30078125,3.130859375,-0.62109375,0.0,24,1712134524493
180,0.0,2.931640625,-0.705078125,-0.25041288075779344,22,1712134524493
180,-0.095703125,2.951171875,-0.779296875,-0.25041288075779344,37,1712134524493
180,-0.193359375,2.94921875,-0.912109375,-0.25041288075779344,37,1712134524493
180,-0.1953125,2.931640625,-1.08203125,-0.25041288075779344,40,1712134524493
180,-0.197265625,2.96484375,-1.099609375,-0.25041288075779344,36,1712134524493
180,-0.201171875,3.021484375,-1.05859375,-0.25041288075779344,23,1712134524493
180,0.0,2.970703125,-0.521484375,-0.12520644037889672,54,1712134524493
180,0.0,3.001953125,-0.56640625,-0.12520644037889672,88,1712134524493
180,-0.095703125,3.009765625,-0.705078125,-0.12520644037889672,84,1712134524493
180,-0.1953125,3.00390625,-0.859375,-0.12520644037889672,76,1712134524493
180,-0.296875,3.015625,-0.92578125,-0.12520644037889672,66,1712134524493
180,-0.30078125,3.052734375,-0.931640625,-0.12520644037889672,42,1712134524493
181,0.0,2.974609375,-0.498046875,0.0,16,1712134524593
181,0.0,3.03515625,-0.3359375,0.0,19,1712134524593
181,-0.1953125,3.064453125,-0.609375,0.0,14,1712134524593
181,0.0,2.953125,-0.615234375,-0.12520644037889672,35,1712134524593
181,0.0,2.986328125,-0.64453125,-0.12520644037889672,42,1712134524593
181,0.0,2.95703125,-0.90625,-0.12520644037889672,32,1712134524593
181,-0.09765625,3.02734375,-0.791015625,-0.12520644037889672,34,1712134524593
181,-0.296875,3.01171875,-0.939453125,-0.12520644037889672,18,1712134524593
182,0.0,2.990234375,-0.39453125,0.0,27,1712134524693
182,0.0,3.02734375,-0.400390625,0.0,38,1712134524693
182,0.0,3.07421875,-0.328125,0.0,30,1712134524693
182,0.0,3.048828125,-0.166015625,0.12520644037889672,21,1712134524693
182,0.0,3.091796875,-0.048828125,0.12520644037889672,19,1712134524693
182,0.0,3.125,-0.716796875,0.12520644037889672,23,1712134524693
182,0.1015625,3.15234375,-0.759765625,0.12520644037889672,35,1712134524693
182,0.0,3.17578125,-0.830078125,0.12520644037889672,32,1712134524693
182,0.0,2.9140625,-0.775390625,-0.25041288075779344,24,1712134524693
182,0.095703125,2.96484375,-0.7265625,-0.25041288075779344,34,1712134524693
182,0.0,2.9921875,-0.78125,-0.25041288075779344,26,1712134524693
182,0.0,2.96484375,-0.5546875,-0.12520644037889672,55,1712134524693
182,0.0,3.001953125,-0.56640625,-0.12520644037889672,84,1712134524693
182,0.0,3.04296875,-0.546875,-0.12520644037889672,66,1712134524693
182,-0.48828125,2.8515625,-1.1953125,-0.12520644037889672,21,1712134524693
182,-0.296875,3.072265625,-0.716796875,-0.12520644037889672,21,1712134524693
184,0.0,2.95703125,-0.595703125,-0.12520644037889672,18,1712134524894
185,0.0,3.154296875,-0.763671875,0.12520644037889672,19,1712134524994
185,0.09375,2.912109375,-0.611328125,-0.12520644037889672,18,1712134524994
185,0.09375,2.953125,-0.609375,-0.12520644037889672,28,1712134524994
185,0.0,2.95703125,-0.765625,-0.12520644037889672,23,1712134524994
185,-0.193359375,2.951171875,-0.900390625,-0.12520644037889672,16,1712134524994
192,0.095703125,3.01171875,-0.6953125,0.12520644037889672,18,1712134525698
192,-0.099609375,3.09765625,-0.82421875,0.12520644037889672,21,1712134525698
192,-0.1015625,3.154296875,-0.751953125,0.12520644037889672,26,1712134525698
192,0.095703125,2.986328125,-0.794921875,-0.12520644037889672,32,1712134525698
192,0.09765625,3.0546875,-0.673828125,-0.12520644037889672,33,1712134525698
193,0.09375,2.970703125,-0.1796875,0.0,33,1712134525798
193,0.189453125,3.001953125,-0.22265625,0.0,52,1712134525798
193,0.287109375,3.02734375,-0.2890625,0.0,59,1712134525798
193,0.193359375,3.060546875,-0.404296875,0.0,54,1712134525798
193,0.1953125,3.11328125,-0.25390625,0.0,34,1712134525798
193,0.1015625,3.0234375,-1.173828125,0.0,22,1712134525798
193,0.0,3.0859375,-1.12109375,0.0,30,1712134525798
193,0.0,2.99609375,-0.595703125,0.12520644037889672,19,1712134525798
193,0.0,2.978515625,-0.828125,0.12520644037889672,19,1712134525798
193,0.0,3.142578125,-0.810546875,0.12520644037889672,49,1712134525798
193,0.0,3.162109375,-0.884765625,0.12520644037889672,63,1712134525798
193,0.0,3.1953125,-0.904296875,0.12520644037889672,34,1712134525798
193,0.0,3.1875,-0.60546875,0.25041288075779344,25,1712134525798
193,0.0,3.21484375,-0.662109375,0.25041288075779344,31,1712134525798
193,0.185546875,2.90234375,-0.640625,-0.25041288075779344,29,1712134525798
193,0.283203125,2.9296875,-0.66015625,-0.25041288075779344,47,1712134525798
193,0.287109375,2.95703125,-0.708984375,-0.25041288075779344,52,1712134525798
193,0.193359375,2.998046875,-0.732421875,-0.25041288075779344,47,1712134525798
193,0.1953125,3.056640625,-0.650390625,-0.25041288075779344,31,1712134525798
193,0.185546875,2.935546875,-0.46484375,-0.12520644037889672,60,1712134525798
193,0.189453125,2.974609375,-0.466796875,-0.12520644037889672,102,1712134525798
193,0.380859375,2.984375,-0.525390625,-0.12520644037889672,119,1712134525798
193,0.193359375,3.03125,-0.576171875,-0.12520644037889672,108,1712134525798
193,0.1953125,3.07421875,-0.552734375,-0.12520644037889672,68,1712134525798
193,0.197265625,3.1328125,-0.42578125,-0.12520644037889672,27,1712134525798
194,0.0,2.919921875,-0.345703125,0.0,13,1712134525898
194,0.0,2.970703125,-0.216796875,0.0,26,1712134525898
194,0.0,3.01171875,-0.140625,0.0,26,1712134525898
194,0.0,3.052734375,-0.0546875,0.0,16,1712134525898
194,0.095703125,3.0625,-0.41796875,0.0,13,1712134525898
194,0.09765625,3.0859375,-0.515625,0.0,20,1712134525898
194,0.1015625,3.03515625,-1.14453125,0.0,33,1712134525898
194,0.0,3.060546875,-1.185546875,0.0,52,1712134525898
194,0.0,3.0703125,-1.263671875,0.0,46,1712134525898
194,0.0,3.109375,-1.271484375,0.0,28,1712134525898
194,-0.29296875,3.0546875,-0.62109375,0.12520644037889672,17,1712134525898
194,-0.197265625,3.091796875,-0.6640625,0.12520644037889672,18,1712134525898
194,0.1015625,3.107421875,-0.92578125,0.12520644037889672,61,1712134525898
194,0.103515625,3.134765625,-0.966796875,0.12520644037889672,98,1712134525898
194,0.0,3.162109375,-1.013671875,0.12520644037889672,88,1712134525898
194,0.0,3.201171875,-1.017578125,0.12520644037889672,53,1712134525898
194,0.1015625,3.16796875,-0.697265625,0.25041288075779344,41,1712134525898
194,0.0,3.1953125,-0.7578125,0.25041288075779344,64,1712134525898
194,0.0,3.232421875,-0.76171875,0.25041288075779344,56,1712134525898
194,0.0,3.265625,-0.787109375,0.25041288075779344,34,1712134525898
194,0.0,2.921875,-0.5703125,-0.25041288075779344,35,1712134525898
194,0.09375,2.97265625,-0.5,-0.25041288075779344,37,1712134525898
194,0.0,2.90625,-0.44140625,-0.12520644037889672,24,1712134525898
194,0.0,2.94921875,-0.416015625,-0.12520644037889672,49,1712134525898
194,0.09375,3.0,-0.294921875,-0.12520644037889672,50,1712134525898
194,0.095703125,3.048828125,-0.138671875,-0.12520644037889672,26,1712134525898
195,0.18359375,2.923828125,-0.236328125,0.0,18,1712134525998
195,0.279296875,2.958984375,-0.19140625,0.0,41,1712134525998
195,0.283203125,2.98828125,-0.294921875,0.0,72,1712134525998
195,0.19140625,3.03125,-0.314453125,0.0,80,1712134525998
195,0.2890625,3.068359375,-0.244140625,0.0,52,1712134525998
195,0.0,3.115234375,-0.908203125,0.0,29,1712134525998
195,0.0,3.107421875,-1.05859375,0.0,40,1712134525998
195,0.0,3.119140625,-1.138671875,0.0,38,1712134525998
195,0.0,3.150390625,-1.166015625,0.0,25,1712134525998
195,0.09375,2.974609375,-0.4921875,0.12520644037889672,20,1712134525998
195,0.095703125,3.015625,-0.4765625,0.12520644037889672,23,1712134525998
195,-0.29296875,2.919921875,-1.091796875,0.12520644037889672,24,1712134525998
195,-0.197265625,3.01171875,-0.962890625,0.12520644037889672,39,1712134525998
195,0.0,3.11328125,-0.76953125,0.12520644037889672,42,1712134525998
195,0.0,3.14453125,-0.802734375,0.12520644037889672,56,1712134525998
195,0.0,3.15625,-0.90234375,0.12520644037889672,81,1712134525998
195,0.0,3.1875,-0.93359375,0.12520644037889672,78,1712134525998
195,-0.10546875,3.232421875,-0.908203125,0.12520644037889672,48,1712134525998
195,-0.197265625,3.046875,-0.84375,0.25041288075779344,24,1712134525998
195,-0.099609375,3.125,-0.712890625,0.25041288075779344,29,1712134525998
195,0.0,3.16796875,-0.705078125,0.25041288075779344,37,1712134525998
195,0.0,3.1953125,-0.7578125,0.25041288075779344,52,1712134525998
195,0.0,3.23046875,-0.7734375,0.25041288075779344,52,1712134525998
195,-0.2109375,3.265625,-0.755859375,0.25041288075779344,31,1712134525998
195,0.283203125,2.9453125,-0.583984375,-0.37561932113669017,18,1712134525998
195,0.18359375,2.869140625,-0.611328125,-0.25041288075779344,27,1712134525998
195,0.279296875,2.91796875,-0.521484375,-0.25041288075779344,58,1712134525998
195,0.376953125,2.943359375,-0.541015625,-0.25041288075779344,97,1712134525998
195,0.287109375,2.984375,-0.580078125,-0.25041288075779344,101,1712134525998
195,0.2890625,3.015625,-0.619140625,-0.25041288075779344,60,1712134525998
195,0.0,3.064453125,-1.8671875,-0.25041288075779344,22,1712134525998
195,0.11328125,3.150390625,-1.794921875,-0.25041288075779344,23,1712134525998
195,0.18359375,2.900390625,-0.44140625,-0.12520644037889672,36,1712134525998
195,0.279296875,2.9453125,-0.33203125,-0.12520644037889672,79,1712134525998
195,0.283203125,2.978515625,-0.375,-0.12520644037889672,133,1712134525998
195,0.380859375,3.0,-0.42578125,-0.12520644037889672,145,1712134525998
195,0.2890625,3.044921875,-0.458984375,-0.12520644037889672,96,1712134525998
195,0.1953125,3.109375,-0.302734375,-0.12520644037889672,35,1712134525998
196,0.0,2.91796875,-0.361328125,0.0,17,1712134526099
196,0.0,2.953125,-0.376953125,0.0,23,1712134526099
196,0.09375,2.951171875,-0.61328125,0.0,38,1712134526099
196,0.287109375,3.01171875,-0.412109375,0.0,82,1712134526099
196,0.2890625,3.056640625,-0.375,0.0,87,1712134526099
196,0.1953125,3.109375,-0.30859375,0.0,49,1712134526099
196,0.205078125,3.1796875,-0.7890625,0.12520644037889672,29,1712134526099
196,0.283203125,2.896484375,-0.794921875,-0.25041288075779344,39,1712134526099
196,0.287109375,2.943359375,-0.765625,-0.25041288075779344,93,1712134526099
196,0.2890625,2.986328125,-0.75,-0.25041288075779344,102,1712134526099
196,0.29296875,3.02734375,-0.73828125,-0.25041288075779344,58,1712134526099
196,0.091796875,2.89453125,-0.501953125,-0.12520644037889672,30,1712134526099
196,0.0,2.93359375,-0.513671875,-0.12520644037889672,38,1712134526099
196,0.283203125,2.935546875,-0.630859375,-0.12520644037889672,72,1712134526099
196,0.287109375,2.982421875,-0.59375,-0.12520644037889672,157,1712134526099
196,0.2890625,3.025390625,-0.572265625,-0.12520644037889672,167,1712134526099
196,0.29296875,3.0703125,-0.53125,-0.12520644037889672,95,1712134526099
196,0.197265625,3.12109375,-0.51171875,-0.12520644037889672,27,1712134526099
196,-0.990234375,1.59765625,2.55078125,-0.12520644037889672,14,1712134526099
197,0.18359375,2.8984375,-0.45703125,0.0,24,1712134526199
197,0.185546875,2.9375,-0.451171875,0.0,36,1712134526199
197,0.189453125,2.96875,-0.49609375,0.0,47,1712134526199
197,0.19140625,3.015625,-0.447265625,0.0,52,1712134526199
197,0.193359375,3.05859375,-0.41796875,0.0,42,1712134526199
197,0.1953125,3.099609375,-0.390625,0.0,27,1712134526199
197,0.103515625,3.1796875,-0.80859375,0.12520644037889672,30,1712134526199
197,0.275390625,2.783203125,-0.90625,-0.25041288075779344,23,1712134526199
197,0.279296875,2.8203125,-0.9140625,-0.25041288075779344,34,1712134526199
197,0.283203125,2.8515625,-0.939453125,-0.25041288075779344,44,1712134526199
197,0.287109375,2.912109375,-0.875,-0.25041288075779344,48,1712134526199
197,0.193359375,2.97265625,-0.830078125,-0.25041288075779344,38,1712134526199
197,0.29296875,3.001953125,-0.83984375,-0.25041288075779344,25,1712134526199
197,0.08984375,2.8046875,-0.740234375,-0.12520644037889672,19,1712134526199
197,0.18359375,2.845703125,-0.7109375,-0.12520644037889672,44,1712134526199
197,0.279296875,2.873046875,-0.734375,-0.12520644037889672,67,1712134526199
197,0.189453125,2.9296875,-0.693359375,-0.12520644037889672,90,1712134526199
197,0.19140625,2.974609375,-0.66796875,-0.12520644037889672,98,1712134526199
197,0.2890625,3.01171875,-0.638671875,-0.12520644037889672,78,1712134526199
197,0.29296875,3.056640625,-0.607421875,-0.12520644037889672,49,1712134526199
197,0.296875,3.1015625,-0.578125,-0.12520644037889672,24,1712134526199
198,0.3671875,2.859375,-0.572265625,0.0,25,1712134526300
198,0.279296875,2.91796875,-0.52734375,0.0,39,1712134526300
198,0.283203125,2.951171875,-0.548828125,0.0,31,1712134526300
198,0.19140625,2.98828125,-0.59765625,0.0,28,1712134526300
198,0.2890625,3.029296875,-0.55078125,0.0,28,1712134526300
198,0.0,3.091796875,-1.1015625,0.0,25,1712134526300
198,-0.3046875,3.09765625,-0.916015625,0.12520644037889672,38,1712134526300
198,-0.205078125,3.16015625,-0.869140625,0.12520644037889672,50,1712134526300
198,0.0,3.201171875,-0.888671875,0.12520644037889672,33,1712134526300
198,-0.314453125,3.11328125,-1.220703125,0.12520644037889672,21,1712134526300
198,-0.205078125,3.1953125,-0.7265625,0.25041288075779344,22,1712134526300
198,0.275390625,2.783203125,-0.904296875,-0.25041288075779344,22,1712134526300
198,0.373046875,2.82421875,-0.8671875,-0.25041288075779344,36,1712134526300
198,0.376953125,2.84765625,-0.921875,-0.25041288075779344,27,1712134526300
198,0.19140625,2.875,-1.015625,-0.25041288075779344,23,1712134526300
198,0.193359375,2.9453125,-0.921875,-0.25041288075779344,23,1712134526300
198,0.3671875,2.828125,-0.71484375,-0.12520644037889672,42,1712134526300
198,0.373046875,2.875,-0.6796875,-0.12520644037889672,70,1712134526300
198,0.283203125,2.921875,-0.693359375,-0.12520644037889672,57,1712134526300
198,0.19140625,2.94140625,-0.798828125,-0.12520644037889672,53,1712134526300
198,0.193359375,3.00390625,-0.70703125,-0.12520644037889672,52,1712134526300
198,0.1953125,3.04296875,-0.708984375,-0.12520644037889672,26,1712134526300
199,0.275390625,2.89453125,-0.43359375,0.0,14,1712134526400
199,0.185546875,2.94140625,-0.42578125,0.0,20,1712134526400
199,0.283203125,2.955078125,-0.53515625,0.0,22,1712134526400
199,0.19140625,2.994140625,-0.56640625,0.0,19,1712134526400
199,0.103515625,3.125,-1.119140625,0.0,29,1712134526400
199,0.103515625,3.146484375,-0.9296875,0.12520644037889672,38,1712134526400
199,0.103515625,3.177734375,-0.95703125,0.12520644037889672,56,1712134526400
199,0.0,3.22265625,-0.947265625,0.12520644037889672,41,1712134526400
199,0.103515625,3.19140625,-0.763671875,0.25041288075779344,26,1712134526400
199,0.0,3.23828125,-0.736328125,0.25041288075779344,36,1712134526400
199,0.0,3.2734375,-0.759765625,0.25041288075779344,25,1712134526400
199,0.279296875,2.79296875,-0.9921875,-0.25041288075779344,19,1712134526400
199,0.283203125,2.853515625,-0.93359375,-0.25041288075779344,19,1712134526400
199,0.19140625,2.884765625,-0.982421875,-0.25041288075779344,16,1712134526400
199,0.3671875,2.849609375,-0.62109375,-0.12520644037889672,23,1712134526400
199,0.279296875,2.884765625,-0.6875,-0.12520644037889672,38,1712134526400
199,0.283203125,2.890625,-0.80859375,-0.12520644037889672,44,1712134526400
199,0.287109375,2.935546875,-0.794921875,-0.12520644037889672,41,1712134526400
199,0.2890625,2.974609375,-0.791015625,-0.12520644037889672,27,1712134526400
200,0.18359375,2.896484375,-0.46484375,0.0,19,1712134526500
200,0.279296875,2.935546875,-0.4140625,0.0,24,1712134526500
200,0.189453125,2.98046875,-0.421875,0.0,15,1712134526500
200,0.0,3.146484375,-1.1796875,0.0,17,1712134526500
200,0.103515625,3.091796875,-1.099609375,0.12520644037889672,20,1712134526500
200,0.0,3.138671875,-1.087890625,0.12520644037889672,45,1712134526500
200,0.0,3.19140625,-1.048828125,0.12520644037889672,49,1712134526500
200,0.0,3.28515625,-0.869140625,0.12520644037889672,28,1712134526500
200,0.0,3.1796875,-0.8203125,0.25041288075779344,28,1712134526500
200,0.0,3.205078125,-0.869140625,0.25041288075779344,57,1712134526500
200,0.0,3.25,-0.849609375,0.25041288075779344,56,1712134526500
200,0.0,3.310546875,-0.763671875,0.25041288075779344,28,1712134526500
200,0.0,3.240234375,-0.73046875,0.37561932113669017,23,1712134526500
200,0.0,3.28515625,-0.69921875,0.37561932113669017,22,1712134526500
200,0.18359375,2.830078125,-0.775390625,-0.25041288075779344,17,1712134526500
200,0.279296875,2.861328125,-0.77734375,-0.25041288075779344,22,1712134526500
200,0.181640625,2.810546875,-0.6953125,-0.12520644037889672,17,1712134526500
200,0.275390625,2.85546875,-0.638671875,-0.12520644037889672,37,1712134526500
200,0.279296875,2.904296875,-0.59375,-0.12520644037889672,44,1712134526500
200,0.283203125,2.947265625,-0.5703125,-0.12520644037889672,26,1712134526500
201,0.275390625,2.79296875,-0.876953125,-0.12520644037889672,22,1712134526600
201,0.279296875,2.88671875,-0.673828125,-0.12520644037889672,23,1712134526600
201,0.376953125,2.880859375,-0.806640625,-0.12520644037889672,18,1712134526600
214,0.185546875,2.865234375,-0.7890625,0.0,12,1712134527905
214,0.283203125,2.916015625,-0.712890625,0.0,12,1712134527905
214,0.18359375,2.8515625,-0.693359375,0.12520644037889672,17,1712134527905
214,0.185546875,2.908203125,-0.61328125,0.12520644037889672,24,1712134527905
214,0.189453125,2.955078125,-0.568359375,0.12520644037889672,24,1712134527905
214,0.19140625,3.02734375,-0.36328125,0.12520644037889672,18,1712134527905
215,0.373046875,2.830078125,-0.84765625,0.0,14,1712134528006
215,0.283203125,2.8828125,-0.841796875,0.0,19,1712134528006
215,0.287109375,2.904296875,-0.900390625,0.0,17,1712134528006
215,-0.30078125,3.005859375,-1.07421875,0.0,13,1712134528006
215,-0.3046875,3.05859375,-1.041015625,0.0,20,1712134528006
215,-0.30859375,3.10546875,-1.021484375,0.0,16,1712134528006
215,0.373046875,2.884765625,-0.63671875,0.12520644037889672,25,1712134528006
215,0.283203125,2.92578125,-0.673828125,0.12520644037889672,34,1712134528006
215,0.19140625,2.9765625,-0.658203125,0.12520644037889672,32,1712134528006
215,-0.30078125,3.0546875,-0.927734375,0.12520644037889672,25,1712134528006
215,-0.3046875,3.09375,-0.931640625,0.12520644037889672,38,1712134528006
215,-0.30859375,3.146484375,-0.8828125,0.12520644037889672,29,1712134528006
215,0.283203125,2.9765625,-0.388671875,0.25041288075779344,17,1712134528006
215,-0.40625,3.162109375,-0.603515625,0.25041288075779344,16,1712134528006
216,0.283203125,2.814453125,-1.044921875,0.0,11,1712134528106
216,0.380859375,2.8515625,-1.025390625,0.0,14,1712134528106
216,0.18359375,2.787109375,-0.91796875,0.12520644037889672,18,1712134528106
216,0.373046875,2.755859375,-1.06640625,0.12520644037889672,19,1712134528106
216,0.376953125,2.845703125,-0.923828125,0.12520644037889672,22,1712134528106
216,0.287109375,2.943359375,-0.76171875,0.12520644037889672,26,1712134528106
216,-0.30078125,3.0390625,-0.978515625,0.12520644037889672,16,1712134528106
216,-0.3046875,3.07421875,-0.990234375,0.12520644037889672,31,1712134528106
216,-0.30859375,3.1328125,-0.93359375,0.12520644037889672,30,1712134528106
216,-0.75390625,2.47265625,1.552734375,0.0,6,1712134528106
217,-0.41015625,3.0,-1.26953125,0.0,14,1712134528207
218,0.09375,2.876953125,-0.765625,0.0,16,1712134528307
218,0.091796875,2.87890625,-0.5859375,0.12520644037889672,16,1712134528307
218,0.185546875,2.921875,-0.5390625,0.12520644037889672,31,1712134528307
218,0.09375,2.96484375,-0.54296875,0.12520644037889672,23,1712134528307
218,0.0,2.994140625,-0.7734375,0.12520644037889672,20,1712134528307
219,0.279296875,2.82421875,-0.904296875,0.0,15,1712134528407
219,0.09375,2.888671875,-0.86328125,0.0,16,1712134528407
219,0.0,2.90234375,-0.94921875,0.0,11,1712134528407
219,0.185546875,2.88671875,-0.70703125,0.12520644037889672,29,1712134528407
219,0.09375,2.93359375,-0.693359375,0.12520644037889672,30,1712134528407
219,0.095703125,2.962890625,-0.73828125,0.12520644037889672,21,1712134528407
219,0.0,2.982421875,-0.814453125,0.12520644037889672,17,1712134528407
219,-0.41015625,3.0390625,-1.173828125,0.12520644037889672,17,1712134528407
219,-0.51953125,3.08984375,-1.103515625,0.12520644037889672,16,1712134528407
220,0.095703125,2.888671875,-0.984375,0.0,12,1712134528507
220,-0.416015625,3.125,-1.04296875,0.0,13,1712134528507
220,0.189453125,2.912109375,-0.763671875,0.12520644037889672,23,1712134528507
220,0.095703125,2.94140625,-0.81640625,0.12520644037889672,24,1712134528507
220,0.0,2.9609375,-0.892578125,0.12520644037889672,23,1712134528507
220,-0.416015625,3.158203125,-0.943359375,0.12520644037889672,24,1712134528507
222,0.0,2.94921875,-0.630859375,0.12520644037889672,14,1712134528709
228,0.283203125,2.935546875,-0.6328125,0.0,12,1712134529311
228,0.279296875,2.900390625,-0.611328125,-0.12520644037889672,13,1712134529311
228,0.283203125,2.919921875,-0.69921875,-0.12520644037889672,20,1712134529311
228,0.287109375,2.935546875,-0.7890625,-0.12520644037889672,14,1712134529311
228,0.09765625,2.978515625,-0.95703125,-0.12520644037889672,21,1712134529311
229,0.185546875,2.935546875,-0.458984375,0.0,15,1712134529411
229,0.189453125,2.962890625,-0.53125,0.0,23,1712134529411
229,0.095703125,2.98046875,-0.66015625,0.0,18,1712134529411
229,0.283203125,2.8359375,-0.986328125,-0.25041288075779344,22,1712134529411
229,0.095703125,2.876953125,-1.01953125,-0.25041288075779344,18,1712134529411
229,0.185546875,2.8984375,-0.65625,-0.12520644037889672,26,1712134529411
229,0.189453125,2.904296875,-0.79296875,-0.12520644037889672,39,1712134529411
229,0.19140625,2.927734375,-0.84765625,-0.12520644037889672,32,1712134529411
229,0.095703125,2.98046875,-0.814453125,-0.12520644037889672,21,1712134529411
230,0.185546875,2.91796875,-0.56640625,0.0,25,1712134529512
230,0.09375,2.97265625,-0.50390625,0.0,28,1712134529512
230,0.0,3.009765625,-0.517578125,0.0,15,1712134529512
230,0.185546875,2.826171875,-0.919921875,-0.25041288075779344,23,1712134529512
230,0.189453125,2.8203125,-1.05078125,-0.25041288075779344,25,1712134529512
230,0.18359375,2.837890625,-0.748046875,-0.12520644037889672,20,1712134529512
230,0.185546875,2.869140625,-0.7734375,-0.12520644037889672,46,1712134529512
230,0.189453125,2.892578125,-0.833984375,-0.12520644037889672,51,1712134529512
230,0.095703125,2.927734375,-0.861328125,-0.12520644037889672,27,1712134529512
231,0.18359375,2.830078125,-0.7734375,0.0,16,1712134529612
231,0.09375,2.90234375,-0.66015625,0.0,28,1712134529612
231,0.189453125,2.939453125,-0.646484375,0.0,33,1712134529612
231,0.095703125,2.99609375,-0.580078125,0.0,29,1712134529612
231,0.0,3.052734375,-0.4921875,0.0,17,1712134529612
231,0.185546875,2.775390625,-1.064453125,-0.25041288075779344,26,1712134529612
231,0.189453125,2.837890625,-1.00390625,-0.25041288075779344,31,1712134529612
231,0.095703125,2.904296875,-0.939453125,-0.25041288075779344,26,1712134529612
231,0.18359375,2.78125,-0.93359375,-0.12520644037889672,30,1712134529612
231,0.185546875,2.841796875,-0.869140625,-0.12520644037889672,56,1712134529612
231,0.189453125,2.892578125,-0.8359375,-0.12520644037889672,65,1712134529612
231,0.095703125,2.951171875,-0.779296875,-0.12520644037889672,57,1712134529612
231,0.095703125,3.01171875,-0.693359375,-0.12520644037889672,34,1712134529612
234,-0.189453125,2.90234375,-0.796875,0.12520644037889672,19,1712134529913
234,-0.203125,3.0703125,-1.029296875,-0.12520644037889672,20,1712134529913
235,0.0,2.810546875,-1.095703125,0.0,12,1712134530014
235,0.0,2.91796875,-0.90234375,0.0,14,1712134530014
235,0.0,3.220703125,-0.806640625,0.0,32,1712134530014
235,-0.10546875,3.275390625,-0.7421875,0.0,35,1712134530014
235,0.0,2.916015625,-0.375,0.12520644037889672,19,1712134530014
235,-0.09375,2.900390625,-0.6640625,0.12520644037889672,23,1712134530014
235,0.0,2.927734375,-0.720703125,0.12520644037889672,34,1712134530014
235,0.0,2.98828125,-0.626953125,0.12520644037889672,47,1712134530014
235,-0.095703125,3.046875,-0.525390625,0.12520644037889672,36,1712134530014
235,-0.189453125,2.9609375,-0.54296875,0.25041288075779344,20,1712134530014
235,0.0,3.0078125,-0.533203125,0.25041288075779344,20,1712134530014
235,0.103515625,3.107421875,-1.169921875,-0.25041288075779344,41,1712134530014
235,0.0,3.171875,-1.107421875,-0.25041288075779344,50,1712134530014
235,0.0,3.2265625,-1.0625,-0.25041288075779344,38,1712134530014
235,0.0,2.931640625,-0.857421875,-0.12520644037889672,22,1712134530014
235,0.0,2.958984375,-0.8984375,-0.12520644037889672,24,1712134530014
235,0.0,3.150390625,-0.923828125,-0.12520644037889672,33,1712134530014
235,0.0,3.18359375,-0.94921875,-0.12520644037889672,65,1712134530014
235,0.0,3.232421875,-0.9140625,-0.12520644037889672,72,1712134530014
235,0.0,3.27734375,-0.896484375,-0.12520644037889672,45,1712134530014
236,0.185546875,2.94921875,-0.373046875,0.0,11,1712134530114
236,0.283203125,2.998046875,-0.17578125,0.0,13,1712134530114
236,0.0,2.982421875,-0.65625,0.0,11,1712134530114
236,0.0,3.041015625,-0.55859375,0.0,13,1712134530114
236,-0.103515625,3.2109375,-0.6796875,0.0,45,1712134530114
236,-0.103515625,3.2578125,-0.634765625,0.0,66,1712134530114
236,0.0,3.298828125,-0.634765625,0.0,51,1712134530114
236,0.0,3.337890625,-0.6328125,0.0,23,1712134530114
236,0.279296875,2.96484375,-0.02734375,0.12520644037889672,19,1712134530114
236,0.376953125,2.98828125,0.14453125,0.12520644037889672,22,1712134530114
236,-0.19140625,2.939453125,-0.806640625,0.12520644037889672,33,1712134530114
236,0.0,3.05859375,-0.44921875,0.12520644037889672,28,1712134530114
236,-0.283203125,2.9140625,-0.724609375,0.25041288075779344,28,1712134530114
236,-0.287109375,2.98828125,-0.56640625,0.25041288075779344,33,1712134530114
236,0.0,3.099609375,-1.1953125,-0.37561932113669017,25,1712134530114
236,0.0,3.16796875,-1.1171875,-0.37561932113669017,23,1712134530114
236,0.0,3.03515625,-1.146484375,-0.25041288075779344,21,1712134530114
236,0.0,3.09375,-1.099609375,-0.25041288075779344,75,1712134530114
236,0.0,3.158203125,-1.029296875,-0.25041288075779344,114,1712134530114
236,0.0,3.205078125,-1.005859375,-0.25041288075779344,95,1712134530114
236,-0.10546875,3.263671875,-0.939453125,-0.25041288075779344,51,1712134530114
236,-0.1015625,3.107421875,-0.9296875,-0.12520644037889672,27,1712134530114
236,0.0,3.154296875,-0.91015625,-0.12520644037889672,94,1712134530114
236,0.0,3.212890625,-0.837890625,-0.12520644037889672,138,1712134530114
236,0.0,3.255859375,-0.826171875,-0.12520644037889672,111,1712134530114
236,-0.10546875,3.296875,-0.814453125,-0.12520644037889672,55,1712134530114
236,-0.56640625,2.43359375,-1.689453125,0.12520644037889672,18,1712134530114
237,0.0,2.91796875,-0.35546875,0.0,11,1712134530214
237,0.0,2.955078125,-0.36328125,0.0,31,1712134530214
237,0.0,2.9921875,-0.37890625,0.0,43,1712134530214
237,0.0,2.98828125,-0.626953125,0.0,54,1712134530214
237,0.0,3.025390625,-0.640625,0.0,60,1712134530214
237,0.0,3.07421875,-0.587890625,0.0,34,1712134530214
237,-0.310546875,3.25,-0.607421875,0.0,18,1712134530214
237,0.0,2.9375,-0.130859375,0.12520644037889672,21,1712134530214
237,0.0,2.974609375,-0.154296875,0.12520644037889672,58,1712134530214
237,0.0,3.01171875,-0.16796875,0.12520644037889672,75,1712134530214
237,-0.095703125,3.01953125,-0.451171875,0.12520644037889672,99,1712134530214
237,-0.095703125,3.052734375,-0.484375,0.12520644037889672,110,1712134530214
237,0.0,3.107421875,-0.373046875,0.12520644037889672,48,1712134530214
237,0.0,2.974609375,0.123046875,0.25041288075779344,21,1712134530214
237,0.0,3.009765625,0.1953125,0.25041288075779344,24,1712134530214
237,-0.19140625,3.02734375,-0.353515625,0.25041288075779344,55,1712134530214
237,-0.095703125,3.07421875,-0.3203125,0.25041288075779344,63,1712134530214
237,0.0,3.126953125,-0.14453125,0.25041288075779344,26,1712134530214
237,0.103515625,3.0625,-1.177734375,-0.25041288075779344,33,1712134530214
237,0.0,3.115234375,-1.15234375,-0.25041288075779344,36,1712134530214
237,0.0,3.1796875,-1.087890625,-0.25041288075779344,34,1712134530214
237,0.0,3.05859375,-0.66796875,-0.12520644037889672,17,1712134530214
237,-0.20703125,3.205078125,-0.845703125,-0.12520644037889672,40,1712134530214
237,-0.10546875,3.271484375,-0.75390625,-0.12520644037889672,36,1712134530214
238,0.0,2.9140625,-0.38671875,0.0,18,1712134530315
238,0.0,2.958984375,-0.3359375,0.0,28,1712134530315
238,-0.189453125,2.83203125,-1.01953125,0.0,21,1712134530315
238,-0.095703125,2.958984375,-0.75,0.0,107,1712134530315
238,-0.095703125,2.998046875,-0.75390625,0.0,136,1712134530315
238,-0.09765625,3.037109375,-0.75,0.0,86,1712134530315
238,-0.099609375,3.0703125,-0.7734375,0.0,40,1712134530315
238,-0.201171875,3.078125,-0.875,0.0,31,1712134530315
238,-0.203125,3.123046875,-0.85546875,0.0,27,1712134530315
238,0.0,3.19921875,-0.736328125,0.0,26,1712134530315
238,0.0,2.9375,-0.130859375,0.12520644037889672,32,1712134530315
238,0.0,2.974609375,-0.142578125,0.12520644037889672,52,1712134530315
238,-0.283203125,2.884765625,-0.833984375,0.12520644037889672,43,1712134530315
238,-0.19140625,2.994140625,-0.57421875,0.12520644037889672,194,1712134530315
238,-0.193359375,3.03125,-0.578125,0.12520644037889672,223,1712134530315
238,-0.1953125,3.0625,-0.62109375,0.12520644037889672,122,1712134530315
238,-0.296875,3.078125,-0.689453125,0.12520644037889672,50,1712134530315
238,-0.400390625,3.107421875,-0.6875,0.12520644037889672,36,1712134530315
238,0.0,2.974609375,0.138671875,0.25041288075779344,19,1712134530315
238,-0.189453125,2.970703125,-0.48046875,0.25041288075779344,46,1712134530315
238,-0.19140625,3.021484375,-0.400390625,0.25041288075779344,147,1712134530315
238,-0.193359375,3.05859375,-0.416015625,0.25041288075779344,165,1712134530315
238,-0.1953125,3.09765625,-0.412109375,0.25041288075779344,85,1712134530315
238,-0.296875,3.12109375,-0.453125,0.25041288075779344,26,1712134530315
238,-0.287109375,3.03125,-0.2421875,0.37561932113669017,33,1712134530315
238,-0.2890625,3.06640625,-0.26953125,0.37561932113669017,33,1712134530315
238,0.0,2.91796875,-1.33203125,-0.25041288075779344,20,1712134530315
238,0.1015625,3.037109375,-1.140625,-0.25041288075779344,35,1712134530315
238,0.0,3.095703125,-1.095703125,-0.25041288075779344,41,1712134530315
238,0.0,2.900390625,-0.958984375,-0.12520644037889672,31,1712134530315
238,0.0,2.951171875,-0.921875,-0.12520644037889672,54,1712134530315
238,0.0,3.017578125,-0.83203125,-0.12520644037889672,48,1712134530315
238,0.0,3.078125,-0.751953125,-0.12520644037889672,25,1712134530315
238,0.0,3.048828125,-0.99609375,-0.12520644037889672,28,1712134530315
238,0.0,3.1015625,-0.953125,-0.12520644037889672,43,1712134530315
238,0.0,3.138671875,-0.96484375,-0.12520644037889672,50,1712134530315
238,-0.103515625,3.16796875,-0.98828125,-0.12520644037889672,39,1712134530315
239,0.0,2.9140625,-0.392578125,0.0,15,1712134530416
239,0.0,2.95703125,-0.3515625,0.0,47,1712134530416
239,0.0,2.998046875,-0.3359375,0.0,64,1712134530416
239,0.0,3.0546875,0.0,0.0,27,1712134530416
239,-0.193359375,2.939453125,-0.94140625,0.0,35,1712134530416
239,-0.09765625,3.04296875,-0.728515625,0.0,51,1712134530416
239,0.0,3.125,-0.525390625,0.0,27,1712134530416
239,0.0,3.171875,-0.681640625,0.0,43,1712134530416
239,0.0,3.220703125,-0.638671875,0.0,58,1712134530416
239,-0.103515625,3.26171875,-0.619140625,0.0,42,1712134530416
239,0.0,2.931640625,-0.220703125,0.12520644037889672,26,1712134530416
239,0.0,2.97265625,-0.189453125,0.12520644037889672,86,1712134530416
239,0.0,3.01171875,-0.150390625,0.12520644037889672,116,1712134530416
239,0.0,3.052734375,0.109375,0.12520644037889672,58,1712134530416
239,-0.2890625,2.95703125,-0.859375,0.12520644037889672,63,1712134530416
239,-0.29296875,3.052734375,-0.623046875,0.12520644037889672,69,1712134530416
239,-0.099609375,3.146484375,-0.365234375,0.12520644037889672,30,1712134530416
239,-0.09375,2.9765625,-0.03125,0.25041288075779344,44,1712134530416
239,0.0,3.015625,0.064453125,0.25041288075779344,52,1712134530416
239,-0.380859375,2.8515625,-1.025390625,0.25041288075779344,27,1712134530416
239,-0.2890625,3.037109375,-0.498046875,0.25041288075779344,90,1712134530416
239,-0.29296875,3.087890625,-0.423828125,0.25041288075779344,81,1712134530416
239,-0.296875,3.1328125,-0.36328125,0.25041288075779344,29,1712134530416
239,-0.287109375,3.037109375,-0.1328125,0.37561932113669017,22,1712134530416
239,-0.193359375,3.080078125,-0.19921875,0.37561932113669017,38,1712134530416
239,-0.29296875,3.111328125,-0.189453125,0.37561932113669017,28,1712134530416
239,0.1015625,3.03125,-1.15625,-0.37561932113669017,26,1712134530416
239,0.103515625,3.091796875,-1.09765625,-0.37561932113669017,30,1712134530416
239,0.0,3.185546875,-0.939453125,-0.37561932113669017,18,1712134530416
239,0.0,2.923828125,-1.009765625,-0.25041288075779344,28,1712134530416
239,0.09765625,2.978515625,-0.95703125,-0.25041288075779344,35,1712134530416
239,0.0,2.994140625,-1.1484375,-0.25041288075779344,33,1712134530416
239,0.1015625,3.083984375,-1.00390625,-0.25041288075779344,91,1712134530416
239,0.103515625,3.14453125,-0.939453125,-0.25041288075779344,110,1712134530416
239,0.0,3.1953125,-0.904296875,-0.25041288075779344,71,1712134530416
239,0.0,3.25390625,-0.8359375,-0.25041288075779344,23,1712134530416
239,0.0,2.92578125,-0.873046875,-0.12520644037889672,30,1712134530416
239,0.095703125,2.9921875,-0.7734375,-0.12520644037889672,72,1712134530416
239,0.0,3.044921875,-0.728515625,-0.12520644037889672,89,1712134530416
239,0.0,3.123046875,-0.5390625,-0.12520644037889672,51,1712134530416
239,0.0,2.96484375,-1.220703125,-0.12520644037889672,24,1712134530416
239,0.0,3.13671875,-0.830078125,-0.12520644037889672,100,1712134530416
239,0.0,3.193359375,-0.767578125,-0.12520644037889672,125,1712134530416
239,0.0,3.234375,-0.751953125,-0.12520644037889672,85,1712134530416
239,-1.470703125,1.873046875,2.37109375,-0.25041288075779344,12,1712134530416
240,0.0,2.953125,-0.388671875,0.0,15,1712134530516
240,0.0,2.978515625,-0.4765625,0.0,29,1712134530516
240,0.0,3.005859375,-0.541015625,0.0,45,1712134530516
240,0.0,3.0390625,-0.57421875,0.0,52,1712134530516
240,0.0,3.068359375,-0.619140625,0.0,33,1712134530516
240,0.203125,3.23828125,-0.00390625,0.0,20,1712134530516
240,0.0,2.974609375,-0.12109375,0.12520644037889672,28,1712134530516
240,0.0,3.005859375,-0.240234375,0.12520644037889672,56,1712134530516
240,0.0,3.03515625,-0.345703125,0.12520644037889672,90,1712134530516
240,0.0,3.06640625,-0.404296875,0.12520644037889672,105,1712134530516
240,0.09765625,3.103515625,-0.404296875,0.12520644037889672,67,1712134530516
240,0.0,3.015625,0.025390625,0.25041288075779344,26,1712134530516
240,0.0,3.0546875,0.044921875,0.25041288075779344,29,1712134530516
240,-0.587890625,3.0078125,-0.634765625,0.25041288075779344,22,1712134530516
240,-0.2890625,3.07421875,-0.16796875,0.37561932113669017,21,1712134530516
240,-0.29296875,3.107421875,-0.2421875,0.37561932113669017,24,1712134530516
240,0.0,3.033203125,-1.154296875,-0.37561932113669017,21,1712134530516
240,0.197265625,3.0390625,-0.87109375,-0.25041288075779344,19,1712134530516
240,0.099609375,3.1015625,-0.806640625,-0.25041288075779344,45,1712134530516
240,0.203125,3.15625,-0.72265625,-0.25041288075779344,60,1712134530516
240,0.103515625,3.2109375,-0.671875,-0.25041288075779344,43,1712134530516
240,0.0,2.912109375,-0.919921875,-0.12520644037889672,18,1712134530516
240,0.0,2.978515625,-0.830078125,-0.12520644037889672,36,1712134530516
240,0.0,3.021484375,-0.822265625,-0.12520644037889672,39,1712134530516
240,0.099609375,3.087890625,-0.703125,-0.12520644037889672,27,1712134530516
240,0.201171875,3.1796875,-0.36328125,-0.12520644037889672,41,1712134530516
240,0.3046875,3.224609375,-0.212890625,-0.12520644037889672,53,1712134530516
240,0.30859375,3.26953125,-0.017578125,-0.12520644037889672,36,1712134530516
240,-0.90234375,0.0,3.1640625,-0.12520644037889672,21,1712134530516
240,-0.912109375,0.0,-3.16015625,-0.12520644037889672,28,1712134530516
240,-0.923828125,1.44921875,-2.796875,-0.12520644037889672,22,1712134530516
241,0.0,3.033203125,-0.3515625,0.0,31,1712134530616
241,0.0,3.078125,-0.296875,0.0,56,1712134530616
241,0.0,3.11328125,-0.330078125,0.0,44,1712134530616
241,-0.099609375,3.060546875,-0.810546875,0.0,22,1712134530616
241,-0.099609375,3.162109375,-0.529296875,0.0,26,1712134530616
241,0.0,3.052734375,-0.11328125,0.12520644037889672,23,1712134530616
241,-0.193359375,3.0625,-0.3828125,0.12520644037889672,43,1712134530616
241,-0.1953125,3.1015625,-0.376953125,0.12520644037889672,51,1712134530616
241,-0.197265625,3.15234375,-0.2578125,0.12520644037889672,45,1712134530616
241,-0.201171875,3.19921875,-0.103515625,0.12520644037889672,33,1712134530616
241,0.0,2.935546875,-0.84375,-0.25041288075779344,20,1712134530616
241,0.0,2.986328125,-0.80078125,-0.25041288075779344,41,1712134530616
241,0.0,3.021484375,-0.81640625,-0.25041288075779344,41,1712134530616
241,0.0,3.013671875,-0.978515625,-0.25041288075779344,29,1712134530616
241,0.0,2.9765625,-0.6796875,-0.12520644037889672,54,1712134530616
241,0.0,3.02734375,-0.630859375,-0.12520644037889672,113,1712134530616
241,0.0,3.0625,-0.65234375,-0.12520644037889672,114,1712134530616
241,-0.099609375,3.07421875,-0.763671875,-0.12520644037889672,74,1712134530616
241,0.0,3.12109375,-0.732421875,-0.12520644037889672,38,1712134530616
242,0.0,3.013671875,-0.4921875,0.0,30,1712134530717
242,0.0,3.052734375,-0.48828125,0.0,61,1712134530717
242,0.0,3.091796875,-0.486328125,0.0,61,1712134530717
242,0.0,3.140625,-0.421875,0.0,32,1712134530717
242,-0.19140625,3.046875,-0.091796875,0.12520644037889672,26,1712134530717
242,0.0,3.080078125,-0.27734375,0.12520644037889672,30,1712134530717
242,0.0,3.10546875,-0.400390625,0.12520644037889672,22,1712134530717
242,0.0,2.94140625,-0.818359375,-0.25041288075779344,28,1712134530717
242,0.0,2.974609375,-0.841796875,-0.25041288075779344,54,1712134530717
242,0.0,3.017578125,-0.8359375,-0.25041288075779344,53,1712134530717
242,0.0,3.052734375,-0.84765625,-0.25041288075779344,26,1712134530717
242,0.0,2.986328125,-0.64453125,-0.12520644037889672,70,1712134530717
242,0.0,3.021484375,-0.658203125,-0.12520644037889672,130,1712134530717
242,0.0,3.056640625,-0.6796875,-0.12520644037889672,127,1712134530717
242,0.0,3.1015625,-0.64453125,-0.12520644037889672,60,1712134530717
243,0.0,2.998046875,-0.3203125,0.0,26,1712134530817
243,0.0,3.03515625,-0.33984375,0.0,93,1712134530817
243,-0.095703125,3.0703125,-0.357421875,0.0,139,1712134530817
243,-0.09765625,3.107421875,-0.365234375,0.0,105,1712134530817
243,-0.099609375,3.12890625,-0.490234375,0.0,48,1712134530817
243,0.0,3.13671875,-0.6640625,0.0,28,1712134530817
243,0.0,3.17578125,-0.666015625,0.0,20,1712134530817
243,-0.19140625,3.044921875,-0.14453125,0.12520644037889672,17,1712134530817
243,-0.2890625,3.078125,-0.080078125,0.12520644037889672,22,1712134530817
243,0.0,2.9296875,-0.71484375,-0.25041288075779344,24,1712134530817
243,0.0,2.96484375,-0.732421875,-0.25041288075779344,82,1712134530817
243,-0.095703125,2.998046875,-0.751953125,-0.25041288075779344,126,1712134530817
243,0.0,3.037109375,-0.76171875,-0.25041288075779344,95,1712134530817
243,0.0,3.052734375,-0.84765625,-0.25041288075779344,41,1712134530817
243,0.099609375,3.0703125,-0.919921875,-0.25041288075779344,26,1712134530817
243,0.1015625,3.115234375,-0.904296875,-0.25041288075779344,26,1712134530817
243,0.0,2.962890625,-0.568359375,-0.12520644037889672,52,1712134530817
243,-0.095703125,3.0,-0.5625,-0.12520644037889672,180,1712134530817
243,-0.095703125,3.04296875,-0.546875,-0.12520644037889672,273,1712134530817
243,-0.09765625,3.080078125,-0.548828125,-0.12520644037889672,201,1712134530817
243,0.0,3.111328125,-0.595703125,-0.12520644037889672,87,1712134530817
243,0.099609375,3.119140625,-0.736328125,-0.12520644037889672,48,1712134530817
243,0.1015625,3.12890625,-0.853515625,-0.12520644037889672,38,1712134530817
244,-0.09375,2.98046875,-0.451171875,0.0,15,1712134530917
244,-0.19140625,3.029296875,-0.330078125,0.0,42,1712134530917
244,-0.193359375,3.068359375,-0.328125,0.0,64,1712134530917
244,-0.09765625,3.1015625,-0.412109375,0.0,60,1712134530917
244,0.0,3.119140625,-0.560546875,0.0,45,1712134530917
244,0.0,3.154296875,-0.578125,0.0,33,1712134530917
244,0.0,3.19921875,-0.54296875,0.0,17,1712134530917
244,-0.1953125,3.115234375,-0.244140625,0.12520644037889672,19,1712134530917
244,0.0,3.134765625,-0.45703125,0.12520644037889672,22,1712134530917
244,-0.095703125,2.96484375,-0.724609375,-0.25041288075779344,38,1712134530917
244,-0.095703125,3.0078125,-0.7109375,-0.25041288075779344,59,1712134530917
244,0.0,3.013671875,-0.84765625,-0.25041288075779344,54,1712134530917
244,0.0,3.0,-1.01953125,-0.25041288075779344,41,1712134530917
244,0.099609375,3.03515625,-1.033203125,-0.25041288075779344,29,1712134530917
244,-0.189453125,2.95703125,-0.560546875,-0.12520644037889672,28,1712134530917
244,-0.19140625,3.005859375,-0.505859375,-0.12520644037889672,84,1712134530917
244,-0.095703125,3.048828125,-0.5078125,-0.12520644037889672,130,1712134530917
244,0.0,3.0625,-0.64453125,-0.12520644037889672,120,1712134530917
244,0.0,3.072265625,-0.775390625,-0.12520644037889672,96,1712134530917
244,0.099609375,3.103515625,-0.798828125,-0.12520644037889672,66,1712134530917
244,0.0,3.15625,-0.751953125,-0.12520644037889672,30,1712134530917
245,0.0,3.0703125,-0.607421875,0.0,11,1712134531018
245,0.0,3.064453125,-0.80859375,0.0,15,1712134531018
245,-0.30078125,3.005859375,-1.076171875,0.0,22,1712134531018
245,-0.203125,3.080078125,-1.0,0.0,19,1712134531018
245,-0.30078125,3.0546875,-0.9296875,0.12520644037889672,31,1712134531018
245,-0.40625,3.080078125,-0.939453125,0.12520644037889672,33,1712134531018
245,-0.30859375,3.169921875,-0.798828125,0.12520644037889672,23,1712134531018
245,-0.400390625,3.083984375,-0.783203125,0.25041288075779344,18,1712134531018
245,-0.40625,3.142578125,-0.697265625,0.25041288075779344,17,1712134531018
245,0.0,3.001953125,-0.73828125,-0.12520644037889672,21,1712134531018
245,0.0,2.98046875,-0.958984375,-0.12520644037889672,28,1712134531018
245,0.099609375,2.97265625,-1.09375,-0.12520644037889672,38,1712134531018
245,0.099609375,3.064453125,-0.94140625,-0.12520644037889672,33,1712134531018
246,-0.400390625,2.970703125,-1.140625,0.0,18,1712134531118
246,-0.40625,3.025390625,-1.1015625,0.0,20,1712134531118
246,-0.19140625,3.041015625,-0.20703125,0.12520644037889672,18,1712134531118
246,-0.193359375,3.076171875,-0.259765625,0.12520644037889672,17,1712134531118
246,-0.396484375,3.04296875,-0.79296875,0.12520644037889672,20,1712134531118
246,-0.400390625,3.0625,-0.86328125,0.12520644037889672,38,1712134531118
246,-0.40625,3.095703125,-0.880859375,0.12520644037889672,40,1712134531118
246,-0.41015625,3.138671875,-0.875,0.12520644037889672,22,1712134531118
246,-0.19140625,2.978515625,-0.642578125,-0.12520644037889672,30,1712134531118
246,-0.193359375,3.021484375,-0.626953125,-0.12520644037889672,29,1712134531118
247,-0.400390625,2.951171875,-1.189453125,0.0,16,1712134531218
247,-0.40625,3.021484375,-1.111328125,0.0,20,1712134531218
247,-0.41015625,3.044921875,-1.15625,0.0,13,1712134531218
247,-0.400390625,3.0078125,-1.0390625,0.12520644037889672,31,1712134531218
247,-0.40625,3.052734375,-1.01953125,0.12520644037889672,39,1712134531218
247,-0.41015625,3.08203125,-1.056640625,0.12520644037889672,26,1712134531218
247,-0.40625,3.099609375,-0.869140625,0.25041288075779344,18,1712134531218
254,-0.287109375,2.96875,-0.66015625,-0.12520644037889672,23,1712134531920
254,-0.193359375,3.00390625,-0.70703125,-0.12520644037889672,24,1712134531920
255,-0.09765625,3.03515625,-0.763671875,-0.12520644037889672,21,1712134532020
256,-0.3046875,2.96875,-1.275390625,0.0,14,1712134532121
256,-0.41015625,3.048828125,-1.1484375,0.0,18,1712134532121
256,-0.310546875,3.12109375,-1.08984375,0.0,13,1712134532121
256,-0.30078125,3.05078125,-0.94140625,0.12520644037889672,23,1712134532121
256,-0.3046875,3.072265625,-0.998046875,0.12520644037889672,38,1712134532121
256,-0.30859375,3.12890625,-0.9453125,0.12520644037889672,44,1712134532121
256,-0.310546875,3.197265625,-0.84375,0.12520644037889672,29,1712134532121
256,-0.41015625,3.1875,-0.671875,0.25041288075779344,17,1712134532121
256,-0.19140625,2.947265625,-0.775390625,-0.12520644037889672,32,1712134532121
256,-0.193359375,2.962890625,-0.86328125,-0.12520644037889672,35,1712134532121
256,0.0,2.958984375,-1.01953125,-0.12520644037889672,26,1712134532121
256,0.0,2.978515625,-1.080078125,-0.12520644037889672,25,1712134532121
256,0.0,2.978515625,-1.189453125,-0.12520644037889672,21,1712134532121
256,-1.302734375,1.99609375,2.14453125,-0.12520644037889672,11,1712134532121
257,-0.189453125,3.0,-0.236328125,0.0,35,1712134532221
257,-0.287109375,3.02734375,-0.275390625,0.0,66,1712134532221
257,-0.2890625,3.0703125,-0.23046875,0.0,56,1712134532221
257,-0.685546875,2.99609375,0.595703125,0.0,19,1712134532221
257,0.0,3.076171875,-0.7578125,0.0,33,1712134532221
257,-0.201171875,3.078125,-0.875,0.0,38,1712134532221
257,-0.203125,3.037109375,-1.125,0.0,38,1712134532221
257,-0.30859375,3.0546875,-1.162109375,0.0,34,1712134532221
257,-0.310546875,3.083984375,-1.193359375,0.0,16,1712134532221
257,-0.380859375,3.00390625,-0.39453125,0.12520644037889672,29,1712134532221
257,-0.38671875,3.0390625,-0.421875,0.12520644037889672,57,1712134532221
257,-0.390625,3.078125,-0.416015625,0.12520644037889672,53,1712134532221
257,-0.396484375,3.087890625,-0.591796875,0.12520644037889672,27,1712134532221
257,-0.400390625,2.865234375,-1.380859375,0.12520644037889672,25,1712134532221
257,-0.3046875,3.0,-1.201171875,0.12520644037889672,48,1712134532221
257,-0.41015625,3.06640625,-1.09765625,0.12520644037889672,52,1712134532221
257,-0.5078125,3.048828125,-0.9921875,0.25041288075779344,26,1712134532221
257,-0.41015625,3.142578125,-0.859375,0.25041288075779344,27,1712134532221
257,-0.189453125,2.94140625,-0.63671875,-0.25041288075779344,35,1712134532221
257,-0.19140625,2.98046875,-0.634765625,-0.25041288075779344,60,1712134532221
257,-0.2890625,3.001953125,-0.681640625,-0.25041288075779344,51,1712134532221
257,-0.48828125,3.07421875,-0.330078125,-0.25041288075779344,23,1712134532221
257,0.0,3.02734375,-0.935546875,-0.25041288075779344,31,1712134532221
257,0.0,3.078125,-0.896484375,-0.25041288075779344,24,1712134532221
257,-0.189453125,2.9765625,-0.4453125,-0.12520644037889672,60,1712134532221
257,-0.287109375,2.99609375,-0.5234375,-0.12520644037889672,114,1712134532221
257,-0.38671875,3.01953125,-0.546875,-0.12520644037889672,117,1712134532221
257,-0.48828125,3.076171875,-0.3046875,-0.12520644037889672,69,1712134532221
257,0.0,3.064453125,-0.80859375,-0.12520644037889672,54,1712134532221
257,0.0,3.12109375,-0.736328125,-0.12520644037889672,49,1712134532221
257,0.48828125,2.58984375,-1.689453125,0.0,16,1712134532221
257,0.48828125,2.056640625,-2.30859375,-0.25041288075779344,14,1712134532221
258,-0.279296875,2.953125,-0.265625,0.0,18,1712134532321
258,-0.283203125,2.984375,-0.322265625,0.0,52,1712134532321
258,-0.287109375,3.01953125,-0.361328125,0.0,82,1712134532321
258,-0.2890625,3.052734375,-0.400390625,0.0,79,1712134532321
258,-0.29296875,3.083984375,-0.451171875,0.0,51,1712134532321
258,-0.296875,3.134765625,-0.349609375,0.0,27,1712134532321
258,-0.205078125,3.021484375,-1.265625,0.0,26,1712134532321
258,-0.38671875,2.98046875,-0.728515625,0.12520644037889672,22,1712134532321
258,-0.29296875,2.98828125,-0.88671875,0.12520644037889672,37,1712134532321
258,-0.197265625,3.017578125,-0.947265625,0.12520644037889672,33,1712134532321
258,-0.3046875,2.908203125,-1.40625,0.12520644037889672,22,1712134532321
258,-0.30859375,3.064453125,-1.134765625,0.12520644037889672,45,1712134532321
258,-0.310546875,3.119140625,-1.095703125,0.12520644037889672,35,1712134532321
258,-0.40625,3.00390625,-1.158203125,0.25041288075779344,29,1712134532321
258,-0.41015625,3.099609375,-1.0,0.25041288075779344,38,1712134532321
258,-0.310546875,3.15625,-0.986328125,0.25041288075779344,24,1712134532321
258,-0.279296875,2.890625,-0.662109375,-0.25041288075779344,30,1712134532321
258,-0.189453125,2.9375,-0.654296875,-0.25041288075779344,78,1712134532321
258,-0.19140625,2.974609375,-0.662109375,-0.25041288075779344,101,1712134532321
258,-0.2890625,3.005859375,-0.662109375,-0.25041288075779344,68,1712134532321
258,-0.29296875,3.05078125,-0.63671875,-0.25041288075779344,25,1712134532321
258,-0.279296875,2.91796875,-0.521484375,-0.12520644037889672,39,1712134532321
258,-0.189453125,2.966796875,-0.509765625,-0.12520644037889672,113,1712134532321
258,-0.287109375,2.99609375,-0.51953125,-0.12520644037889672,165,1712134532321
258,-0.2890625,3.0390625,-0.4921875,-0.12520644037889672,131,1712134532321
258,-0.29296875,3.083984375,-0.4453125,-0.12520644037889672,59,1712134532321
258,0.099609375,2.994140625,-1.03515625,-0.12520644037889672,40,1712134532321
258,0.099609375,3.052734375,-0.974609375,-0.12520644037889672,34,1712134532321
258,-0.890625,2.8125,1.158203125,-0.12520644037889672,21,1712134532321
259,0.0,3.04296875,-0.552734375,0.0,23,1712134532422
259,0.0,3.056640625,-0.673828125,0.0,36,1712134532422
259,0.0,3.052734375,-0.84765625,0.0,39,1712134532422
259,-0.201171875,3.0625,-0.931640625,0.0,29,1712134532422
259,-0.2890625,3.025390625,-0.568359375,0.12520644037889672,33,1712134532422
259,-0.29296875,3.037109375,-0.69921875,0.12520644037889672,45,1712134532422
259,-0.197265625,3.041015625,-0.869140625,0.12520644037889672,50,1712134532422
259,-0.30078125,3.052734375,-0.931640625,0.12520644037889672,43,1712134532422
259,-0.29296875,3.0390625,-0.6953125,0.25041288075779344,22,1712134532422
259,-0.296875,3.0546875,-0.787109375,0.25041288075779344,28,1712134532422
259,-0.30078125,3.076171875,-0.8515625,0.25041288075779344,29,1712134532422
259,-0.3046875,3.052734375,-1.056640625,0.25041288075779344,25,1712134532422
259,-0.5078125,3.001953125,-1.123046875,0.37561932113669017,20,1712134532422
259,-0.41015625,3.056640625,-1.123046875,0.37561932113669017,36,1712134532422
259,-0.416015625,3.107421875,-1.09765625,0.37561932113669017,34,1712134532422
259,-0.283203125,2.943359375,-0.59765625,-0.37561932113669017,18,1712134532422
259,-0.279296875,2.9453125,-0.34375,-0.25041288075779344,28,1712134532422
259,-0.283203125,2.98046875,-0.37109375,-0.25041288075779344,35,1712134532422
259,0.095703125,2.93359375,-0.974609375,-0.25041288075779344,35,1712134532422
259,0.09765625,3.02734375,-0.7890625,-0.25041288075779344,52,1712134532422
259,0.0,3.087890625,-0.712890625,-0.25041288075779344,35,1712134532422
259,-0.279296875,2.96484375,-0.025390625,-0.12520644037889672,18,1712134532422
259,-0.283203125,3.001953125,-0.013671875,-0.12520644037889672,21,1712134532422
259,-0.4765625,2.900390625,-0.826171875,-0.12520644037889672,30,1712134532422
259,-0.38671875,2.8203125,-1.208984375,-0.12520644037889672,41,1712134532422
259,0.0,3.078125,-0.57421875,-0.12520644037889672,51,1712134532422
259,0.0,3.11328125,-0.5859375,-0.12520644037889672,38,1712134532422
260,-0.279296875,2.9375,-0.40625,0.0,17,1712134532522
260,-0.283203125,2.982421875,-0.34765625,0.0,17,1712134532522
260,0.0,2.97265625,-0.701171875,0.0,15,1712134532522
260,-0.095703125,3.021484375,-0.65234375,0.0,27,1712134532522
260,0.0,3.07421875,-0.5859375,0.0,25,1712134532522
260,-0.2890625,3.05078125,-0.4140625,0.12520644037889672,23,1712134532522
260,-0.29296875,3.08203125,-0.462890625,0.12520644037889672,28,1712134532522
260,-0.296875,3.080078125,-0.685546875,0.12520644037889672,33,1712134532522
260,-0.30078125,3.10546875,-0.740234375,0.12520644037889672,36,1712134532522
260,-0.310546875,3.1328125,-1.056640625,0.12520644037889672,42,1712134532522
260,-0.400390625,3.150390625,-0.4453125,0.25041288075779344,17,1712134532522
260,-0.310546875,3.15625,-0.984375,0.25041288075779344,36,1712134532522
260,-0.314453125,3.224609375,-0.888671875,0.25041288075779344,33,1712134532522
260,-0.310546875,3.15234375,-0.99609375,0.37561932113669017,22,1712134532522
260,-0.419921875,3.193359375,-0.958984375,0.37561932113669017,27,1712134532522
260,-0.423828125,3.236328125,-0.943359375,0.37561932113669017,19,1712134532522
260,0.095703125,2.919921875,-1.01171875,-0.25041288075779344,23,1712134532522
260,-0.279296875,2.912109375,-0.55859375,-0.12520644037889672,30,1712134532522
260,-0.283203125,2.962890625,-0.484375,-0.12520644037889672,28,1712134532522
260,0.0,2.9140625,-0.916015625,-0.12520644037889672,18,1712134532522
260,0.095703125,3.0,-0.744140625,-0.12520644037889672,34,1712134532522
260,0.0,3.091796875,-0.49609375,-0.12520644037889672,25,1712134532522
261,-0.279296875,2.939453125,-0.392578125,0.0,16,1712134532623
261,-0.296875,3.0625,-0.759765625,0.12520644037889672,17,1712134532623
261,-0.30078125,3.0625,-0.900390625,0.12520644037889672,24,1712134532623
261,-0.20703125,3.150390625,-1.03125,0.12520644037889672,28,1712134532623
261,-0.10546875,3.240234375,-0.8828125,0.12520644037889672,39,1712134532623
261,-0.212890625,3.271484375,-0.892578125,0.12520644037889672,32,1712134532623
261,-0.314453125,3.236328125,-0.841796875,0.25041288075779344,26,1712134532623
261,-0.423828125,3.23828125,-0.93359375,0.25041288075779344,27,1712134532623
261,-0.18359375,2.880859375,-0.552734375,-0.12520644037889672,18,1712134532623
261,-0.185546875,2.91796875,-0.568359375,-0.12520644037889672,31,1712134532623
261,-0.189453125,2.935546875,-0.66796875,-0.12520644037889672,27,1712134532623
261,0.0,2.951171875,-0.78515625,-0.12520644037889672,21,1712134532623
261,0.0,3.015625,-0.68359375,-0.12520644037889672,23,1712134532623
263,-0.470703125,2.9609375,-0.3203125,0.0,15,1712134532823
263,-0.4765625,2.994140625,-0.365234375,0.0,23,1712134532823
263,-0.580078125,3.0234375,-0.291015625,0.0,19,1712134532823
263,-0.4765625,2.90234375,-0.822265625,-0.25041288075779344,21,1712134532823
263,-0.470703125,2.91796875,-0.6015625,-0.12520644037889672,36,1712134532823
263,-0.4765625,2.951171875,-0.62109375,-0.12520644037889672,52,1712134532823
263,-0.482421875,2.98828125,-0.62890625,-0.12520644037889672,41,1712134532823
263,-0.48828125,3.013671875,-0.6953125,-0.12520644037889672,18,1712134532823
264,-0.55859375,2.86328125,-0.59765625,0.0,11,1712134532923
264,-0.56640625,2.931640625,-0.421875,0.0,30,1712134532923
264,-0.4765625,2.99609375,-0.353515625,0.0,40,1712134532923
264,-0.482421875,3.0390625,-0.296875,0.0,29,1712134532923
264,-0.423828125,3.271484375,-0.8125,0.0,19,1712134532923
264,-0.322265625,3.328125,-0.794921875,0.0,20,1712134532923
264,-0.470703125,2.8515625,-0.86328125,-0.25041288075779344,26,1712134532923
264,-0.4765625,2.923828125,-0.744140625,-0.25041288075779344,34,1712134532923
264,-0.482421875,2.994140625,-0.603515625,-0.25041288075779344,25,1712134532923
264,-0.55859375,2.837890625,-0.705078125,-0.12520644037889672,20,1712134532923
264,-0.470703125,2.912109375,-0.626953125,-0.12520644037889672,58,1712134532923
264,-0.380859375,2.9765625,-0.56640625,-0.12520644037889672,77,1712134532923
264,-0.482421875,3.01171875,-0.505859375,-0.12520644037889672,55,1712134532923
264,-0.685546875,3.03515625,-0.34375,-0.12520644037889672,17,1712134532923
264,-0.318359375,3.2265625,-1.013671875,-0.12520644037889672,33,1712134532923
264,-0.21484375,3.279296875,-1.00390625,-0.12520644037889672,36,1712134532923
265,-0.55859375,2.91796875,-0.212890625,0.0,17,1712134533024
265,-0.376953125,2.96484375,-0.40234375,0.0,39,1712134533024
265,-0.287109375,3.0078125,-0.447265625,0.0,52,1712134533024
265,-0.38671875,3.03125,-0.470703125,0.0,45,1712134533024
265,-0.29296875,3.1015625,-0.306640625,0.0,22,1712134533024
265,-0.20703125,3.20703125,-0.83984375,0.0,16,1712134533024
265,-0.55859375,2.857421875,-0.623046875,-0.25041288075779344,32,1712134533024
265,-0.470703125,2.89453125,-0.70703125,-0.25041288075779344,58,1712134533024
265,-0.380859375,2.921875,-0.8046875,-0.25041288075779344,58,1712134533024
265,-0.38671875,2.9609375,-0.802734375,-0.25041288075779344,35,1712134533024
265,-0.46484375,2.90625,-0.447265625,-0.12520644037889672,40,1712134533024
265,-0.376953125,2.9375,-0.568359375,-0.12520644037889672,81,1712134533024
265,-0.380859375,2.962890625,-0.6328125,-0.12520644037889672,100,1712134533024
265,-0.38671875,3.00390625,-0.625,-0.12520644037889672,79,1712134533024
265,-0.390625,3.052734375,-0.572265625,-0.12520644037889672,35,1712134533024
265,-0.205078125,3.0859375,-1.1015625,-0.12520644037889672,26,1712134533024
265,-0.20703125,3.1328125,-1.0859375,-0.12520644037889672,28,1712134533024
266,-0.376953125,2.984375,-0.21875,0.0,35,1712134533124
266,-0.4765625,3.009765625,-0.20703125,0.0,56,1712134533124
266,-0.482421875,3.05078125,-0.14453125,0.0,46,1712134533124
266,-0.587890625,3.0546875,-0.357421875,0.0,24,1712134533124
266,-0.494140625,3.109375,-0.3515625,0.0,13,1712134533124
266,-0.41015625,3.12109375,-0.931640625,0.0,24,1712134533124
266,-0.416015625,3.201171875,-0.779296875,0.0,34,1712134533124
266,0.0,2.8984375,-0.962890625,0.12520644037889672,17,1712134533124
266,0.0,2.98046875,-0.826171875,0.12520644037889672,27,1712134533124
266,0.0,3.052734375,-0.69140625,0.12520644037889672,21,1712134533124
266,-0.470703125,2.876953125,-0.771484375,-0.37561932113669017,28,1712134533124
266,-0.572265625,2.900390625,-0.76953125,-0.37561932113669017,30,1712134533124
266,-0.46484375,2.892578125,-0.537109375,-0.25041288075779344,36,1712134533124
266,-0.376953125,2.94140625,-0.5546875,-0.25041288075779344,82,1712134533124
266,-0.4765625,2.953125,-0.6171875,-0.25041288075779344,106,1712134533124
266,-0.38671875,2.99609375,-0.6640625,-0.25041288075779344,73,1712134533124
266,-0.29296875,2.95703125,-0.986328125,-0.25041288075779344,28,1712134533124
266,-0.41015625,2.96484375,-1.34765625,-0.25041288075779344,32,1712134533124
266,-0.20703125,3.072265625,-1.244140625,-0.25041288075779344,49,1712134533124
266,-0.314453125,3.11328125,-1.22265625,-0.25041288075779344,37,1712134533124
266,-0.46484375,2.92578125,-0.30859375,-0.12520644037889672,30,1712134533124
266,-0.376953125,2.96484375,-0.41015625,-0.12520644037889672,86,1712134533124
266,-0.380859375,2.99609375,-0.451171875,-0.12520644037889672,130,1712134533124
266,-0.38671875,3.021484375,-0.529296875,-0.12520644037889672,107,1712134533124
266,-0.29296875,3.044921875,-0.6640625,-0.12520644037889672,57,1712134533124
266,-0.296875,3.037109375,-0.85546875,-0.12520644037889672,27,1712134533124
266,-0.41015625,3.044921875,-1.15625,-0.12520644037889672,46,1712134533124
266,-0.310546875,3.13671875,-1.044921875,-0.12520644037889672,68,1712134533124
266,-0.314453125,3.1875,-1.015625,-0.12520644037889672,47,1712134533124
267,-0.185546875,2.888671875,-0.69921875,0.0,16,1712134533225
267,-0.283203125,2.9765625,-0.392578125,0.0,36,1712134533225
267,-0.380859375,3.021484375,-0.224609375,0.0,40,1712134533225
267,-0.482421875,3.0546875,-0.041015625,0.0,25,1712134533225
267,-0.390625,3.095703125,-0.244140625,0.0,15,1712134533225
267,-0.51953125,3.140625,-0.94921875,0.0,17,1712134533225
267,0.0,2.982421875,-0.81640625,0.12520644037889672,31,1712134533225
267,-0.09765625,3.06640625,-0.619140625,0.12520644037889672,28,1712134533225
267,0.0,2.978515625,-1.080078125,-0.6260322018944836,21,1712134533225
267,-0.55078125,2.880859375,-0.205078125,-0.37561932113669017,29,1712134533225
267,-0.46484375,2.93359375,-0.220703125,-0.37561932113669017,57,1712134533225
267,-0.470703125,2.95703125,-0.353515625,-0.37561932113669017,68,1712134533225
267,-0.4765625,2.98046875,-0.462890625,-0.37561932113669017,57,1712134533225
267,-0.482421875,2.998046875,-0.587890625,-0.37561932113669017,26,1712134533225
267,-0.458984375,2.8984375,-0.1796875,-0.25041288075779344,35,1712134533225
267,-0.373046875,2.94140625,-0.279296875,-0.25041288075779344,75,1712134533225
267,-0.376953125,2.96484375,-0.408203125,-0.25041288075779344,117,1712134533225
267,-0.380859375,2.990234375,-0.486328125,-0.25041288075779344,127,1712134533225
267,-0.38671875,3.017578125,-0.548828125,-0.25041288075779344,79,1712134533225
267,-0.41015625,3.044921875,-1.15625,-0.25041288075779344,34,1712134533225
267,-0.51953125,3.0390625,-1.234375,-0.25041288075779344,33,1712134533225
267,-0.525390625,3.078125,-1.240234375,-0.25041288075779344,26,1712134533225
267,-0.3671875,2.87890625,-0.466796875,-0.12520644037889672,20,1712134533225
267,-0.279296875,2.92578125,-0.484375,-0.12520644037889672,55,1712134533225
267,-0.283203125,2.96875,-0.451171875,-0.12520644037889672,103,1712134533225
267,-0.380859375,2.998046875,-0.435546875,-0.12520644037889672,118,1712134533225
267,-0.38671875,3.03515625,-0.4453125,-0.12520644037889672,77,1712134533225
268,-0.275390625,2.919921875,-0.203125,0.0,17,1712134533325
268,-0.279296875,2.951171875,-0.29296875,0.0,20,1712134533325
268,-0.283203125,2.9609375,-0.49609375,0.0,13,1712134533325
268,0.0,2.9453125,-0.80859375,0.0,20,1712134533325
268,-0.095703125,3.01953125,-0.66015625,0.0,35,1712134533325
268,0.0,3.0625,-0.646484375,0.0,31,1712134533325
268,-0.380859375,2.88671875,-0.921875,-0.6260322018944836,19,1712134533325
268,-0.400390625,2.888671875,-1.333984375,-0.6260322018944836,21,1712134533325
268,-0.40625,2.94921875,-1.29296875,-0.6260322018944836,40,1712134533325
268,-0.513671875,3.00390625,-1.22265625,-0.6260322018944836,39,1712134533325
268,-0.416015625,3.005859375,-1.3515625,-0.6260322018944836,22,1712134533325
268,-0.453125,2.830078125,-0.44921875,-0.5008257615155869,37,1712134533325
268,-0.458984375,2.869140625,-0.439453125,-0.5008257615155869,59,1712134533325
268,-0.373046875,2.912109375,-0.4921875,-0.5008257615155869,55,1712134533325
268,-0.376953125,2.927734375,-0.6171875,-0.5008257615155869,53,1712134533325
268,-0.287109375,2.9453125,-0.751953125,-0.5008257615155869,59,1712134533325
268,-0.2890625,2.962890625,-0.837890625,-0.5008257615155869,50,1712134533325
268,-0.5078125,3.01953125,-1.07421875,-0.5008257615155869,55,1712134533325
268,-0.513671875,3.06640625,-1.0546875,-0.5008257615155869,54,1712134533325
268,-0.416015625,3.0703125,-1.19921875,-0.5008257615155869,33,1712134533325
268,-0.453125,2.859375,-0.1953125,-0.37561932113669017,46,1712134533325
268,-0.458984375,2.900390625,-0.15234375,-0.37561932113669017,76,1712134533325
268,-0.55859375,2.923828125,-0.072265625,-0.37561932113669017,70,1712134533325
268,-0.470703125,2.9765625,-0.130859375,-0.37561932113669017,52,1712134533325
268,-0.4765625,3.005859375,-0.255859375,-0.37561932113669017,44,1712134533325
268,-0.38671875,3.033203125,-0.466796875,-0.37561932113669017,37,1712134533325
268,-0.734375,2.779296875,0.6171875,-0.25041288075779344,21,1712134533325
268,0.0,2.81640625,-0.96484375,-0.25041288075779344,29,1712134533325
268,0.0,2.84375,-1.001953125,-0.25041288075779344,27,1712134533325
268,0.0,2.806640625,-1.20703125,-0.25041288075779344,33,1712134533325
268,0.0,2.884765625,-1.115234375,-0.25041288075779344,57,1712134533325
268,0.0,2.939453125,-1.07421875,-0.25041288075779344,62,1712134533325
268,0.0,3.01171875,-0.982421875,-0.25041288075779344,43,1712134533325
268,-0.181640625,2.85546875,-0.4765625,-0.12520644037889672,16,1712134533325
268,-0.18359375,2.890625,-0.50390625,-0.12520644037889672,39,1712134533325
268,-0.185546875,2.935546875,-0.46484375,-0.12520644037889672,47,1712134533325
268,-0.189453125,2.96875,-0.501953125,-0.12520644037889672,38,1712134533325
268,-0.095703125,2.931640625,-0.849609375,-0.12520644037889672,48,1712134533325
268,0.0,2.98046875,-0.82421875,-0.12520644037889672,78,1712134533325
268,-0.09765625,3.025390625,-0.796875,-0.12520644037889672,74,1712134533325
268,0.0,3.076171875,-0.76171875,-0.12520644037889672,36,1712134533325
268,0.0,2.79296875,-0.919921875,-0.25041288075779344,20,1712134533325
268,-0.9296875,2.5234375,1.279296875,-0.25041288075779344,21,1712134533325
268,-1.037109375,2.126953125,1.87109375,-0.25041288075779344,17,1712134533325
269,-0.537109375,2.796875,0.29296875,0.0,12,1712134533426
269,-0.453125,2.861328125,0.1640625,0.0,17,1712134533426
269,-0.3671875,2.916015625,0.01953125,0.0,18,1712134533426
269,-0.373046875,2.955078125,-0.025390625,0.0,17,1712134533426
269,-0.447265625,2.779296875,-0.521484375,-0.6260322018944836,28,1712134533426
269,-0.36328125,2.828125,-0.537109375,-0.6260322018944836,32,1712134533426
269,-0.18359375,2.83203125,-0.765625,-0.6260322018944836,26,1712134533426
269,-0.279296875,2.83984375,-0.8515625,-0.6260322018944836,73,1712134533426
269,-0.189453125,2.89453125,-0.828125,-0.6260322018944836,92,1712134533426
269,-0.287109375,2.9375,-0.787109375,-0.6260322018944836,50,1712134533426
269,-0.44140625,2.779296875,-0.23828125,-0.5008257615155869,43,1712134533426
269,-0.357421875,2.822265625,-0.322265625,-0.5008257615155869,103,1712134533426
269,-0.36328125,2.8515625,-0.38671875,-0.5008257615155869,124,1712134533426
269,-0.3671875,2.869140625,-0.521484375,-0.5008257615155869,85,1712134533426
269,-0.279296875,2.904296875,-0.58984375,-0.5008257615155869,90,1712134533426
269,-0.283203125,2.958984375,-0.515625,-0.5008257615155869,98,1712134533426
269,-0.09765625,2.978515625,-0.958984375,-0.5008257615155869,40,1712134533426
269,-0.44140625,2.78515625,-0.16015625,-0.37561932113669017,40,1712134533426
269,-0.357421875,2.833984375,-0.189453125,-0.37561932113669017,101,1712134533426
269,-0.36328125,2.8671875,-0.251953125,-0.37561932113669017,135,1712134533426
269,-0.3671875,2.892578125,-0.373046875,-0.37561932113669017,122,1712134533426
269,-0.279296875,2.93359375,-0.4296875,-0.37561932113669017,84,1712134533426
269,-0.189453125,2.986328125,-0.373046875,-0.37561932113669017,36,1712134533426
269,-0.095703125,2.986328125,-0.796875,-0.37561932113669017,36,1712134533426
269,-0.1953125,3.013671875,-0.82421875,-0.37561932113669017,42,1712134533426
269,-0.357421875,2.83203125,-0.216796875,-0.25041288075779344,31,1712134533426
269,-0.271484375,2.873046875,-0.29296875,-0.25041288075779344,63,1712134533426
269,-0.275390625,2.90625,-0.3515625,-0.25041288075779344,87,1712134533426
269,-0.185546875,2.94921875,-0.373046875,-0.25041288075779344,77,1712134533426
269,-0.189453125,2.9921875,-0.33203125,-0.25041288075779344,47,1712134533426
269,-0.095703125,3.009765625,-0.513671875,-0.25041288075779344,40,1712134533426
269,-0.095703125,2.970703125,-0.8515625,-0.25041288075779344,63,1712134533426
269,-0.09765625,3.033203125,-0.771484375,-0.25041288075779344,70,1712134533426
269,-0.099609375,3.08984375,-0.6953125,-0.25041288075779344,41,1712134533426
269,-0.181640625,2.880859375,-0.298828125,-0.12520644037889672,29,1712134533426
269,-0.18359375,2.91015625,-0.373046875,-0.12520644037889672,43,1712134533426
269,-0.185546875,2.951171875,-0.345703125,-0.12520644037889672,35,1712134533426
269,-0.09375,2.998046875,-0.3203125,-0.12520644037889672,21,1712134533426
269,0.0,2.970703125,-0.705078125,-0.12520644037889672,29,1712134533426
269,-0.095703125,3.015625,-0.681640625,-0.12520644037889672,46,1712134533426
269,0.0,3.08203125,-0.546875,-0.12520644037889672,41,1712134533426
269,-0.197265625,3.125,-0.48046875,-0.12520644037889672,21,1712134533426
270,-0.275390625,2.912109375,0.287109375,0.0,12,1712134533526
270,0.0,2.904296875,-1.060546875,-0.7512386422733803,33,1712134533526
270,-0.34765625,2.755859375,-0.232421875,-0.6260322018944836,24,1712134533526
270,-0.353515625,2.791015625,-0.248046875,-0.6260322018944836,49,1712134533526
270,-0.267578125,2.822265625,-0.404296875,-0.6260322018944836,57,1712134533526
270,-0.08984375,2.78515625,-0.810546875,-0.6260322018944836,61,1712134533526
270,0.0,2.78515625,-0.939453125,-0.6260322018944836,62,1712134533526
270,-0.09375,2.78125,-1.05859375,-0.6260322018944836,53,1712134533526
270,-0.189453125,2.8671875,-0.91796875,-0.6260322018944836,37,1712134533526
270,-0.193359375,2.955078125,-0.888671875,-0.6260322018944836,29,1712134533526
270,-0.34765625,2.763671875,-0.048828125,-0.5008257615155869,40,1712134533526
270,-0.44140625,2.791015625,-0.0390625,-0.5008257615155869,83,1712134533526
270,-0.267578125,2.837890625,-0.26171875,-0.5008257615155869,95,1712134533526
270,-0.181640625,2.833984375,-0.58984375,-0.5008257615155869,163,1712134533526
270,-0.18359375,2.865234375,-0.62890625,-0.5008257615155869,190,1712134533526
270,-0.185546875,2.900390625,-0.64453125,-0.5008257615155869,113,1712134533526
270,-0.189453125,2.95703125,-0.56640625,-0.5008257615155869,37,1712134533526
270,0.0,2.94921875,-0.927734375,-0.5008257615155869,35,1712134533526
270,-0.44140625,2.78515625,0.171875,-0.37561932113669017,40,1712134533526
270,0.0,2.791015625,-0.63671875,-0.37561932113669017,51,1712134533526
270,-0.08984375,2.857421875,-0.494140625,-0.37561932113669017,156,1712134533526
270,-0.18359375,2.900390625,-0.44140625,-0.37561932113669017,185,1712134533526
270,-0.185546875,2.939453125,-0.435546875,-0.37561932113669017,102,1712134533526
270,0.0,2.958984375,-0.58203125,-0.37561932113669017,34,1712134533526
270,0.0,2.9375,-0.837890625,-0.37561932113669017,44,1712134533526
270,0.0,2.99609375,-0.767578125,-0.37561932113669017,57,1712134533526
270,-0.09765625,3.041015625,-0.732421875,-0.37561932113669017,43,1712134533526
270,-0.1796875,2.830078125,-0.396484375,-0.25041288075779344,32,1712134533526
270,-0.181640625,2.87109375,-0.37890625,-0.25041288075779344,71,1712134533526
270,-0.18359375,2.916015625,-0.330078125,-0.25041288075779344,73,1712134533526
270,-0.185546875,2.951171875,-0.349609375,-0.25041288075779344,37,1712134533526
270,-0.095703125,2.98828125,-0.626953125,-0.25041288075779344,27,1712134533526
270,0.0,3.03125,-0.61328125,-0.25041288075779344,28,1712134533526
271,-0.357421875,2.822265625,0.318359375,0.0,26,1712134533626
271,-0.36328125,2.849609375,0.408203125,0.0,27,1712134533626
271,-0.3671875,2.857421875,0.587890625,0.0,14,1712134533626
271,-0.087890625,2.60546875,-1.08984375,-0.876445082652277,24,1712134533626
271,-0.1796875,2.671875,-1.013671875,-0.876445082652277,48,1712134533626
271,-0.181640625,2.6953125,-1.056640625,-0.876445082652277,42,1712134533626
271,-0.376953125,2.81640625,-1.01171875,-0.876445082652277,33,1712134533626
271,-0.173828125,2.701171875,-0.666015625,-0.7512386422733803,69,1712134533626
271,-0.17578125,2.728515625,-0.7109375,-0.7512386422733803,251,1712134533626
271,-0.1796875,2.76953125,-0.701171875,-0.7512386422733803,461,1712134533626
271,-0.181640625,2.8125,-0.685546875,-0.7512386422733803,422,1712134533626
271,-0.18359375,2.85546875,-0.67578125,-0.7512386422733803,194,1712134533626
271,0.0,2.912109375,-0.619140625,-0.7512386422733803,47,1712134533626
271,-0.189453125,2.849609375,-0.970703125,-0.7512386422733803,39,1712134533626
271,-0.34375,2.7109375,-0.30078125,-0.6260322018944836,39,1712134533626
271,-0.26171875,2.740234375,-0.4375,-0.6260322018944836,125,1712134533626
271,-0.17578125,2.77734375,-0.490234375,-0.6260322018944836,394,1712134533626
271,-0.1796875,2.81640625,-0.48828125,-0.6260322018944836,708,1712134533626
271,-0.181640625,2.857421875,-0.474609375,-0.6260322018944836,650,1712134533626
271,-0.18359375,2.8984375,-0.45703125,-0.6260322018944836,286,1712134533626
271,-0.09375,2.935546875,-0.4921875,-0.6260322018944836,53,1712134533626
271,0.0,2.888671875,-0.86328125,-0.6260322018944836,43,1712134533626
271,-0.095703125,2.947265625,-0.794921875,-0.6260322018944836,43,1712134533626
271,-0.4296875,2.7109375,-0.130859375,-0.5008257615155869,26,1712134533626
271,-0.26171875,2.76953125,-0.173828125,-0.5008257615155869,69,1712134533626
271,-0.265625,2.80078125,-0.265625,-0.5008257615155869,182,1712134533626
271,-0.267578125,2.837890625,-0.271484375,-0.5008257615155869,317,1712134533626
271,-0.271484375,2.876953125,-0.265625,-0.5008257615155869,292,1712134533626
271,-0.18359375,2.923828125,-0.236328125,-0.5008257615155869,125,1712134533626
271,0.0,2.93359375,-0.701171875,-0.5008257615155869,26,1712134533626
272,-0.4296875,2.685546875,0.3984375,0.0,12,1712134533727
272,-0.26171875,2.748046875,0.380859375,0.0,25,1712134533727
272,-0.353515625,2.767578125,0.44921875,0.0,28,1712134533727
272,-0.267578125,2.81640625,0.4453125,0.0,18,1712134533727
272,-0.173828125,2.578125,-1.044921875,-1.0016515230311738,18,1712134533727
272,-0.17578125,2.654296875,-0.953125,-1.0016515230311738,26,1712134533727
272,-0.1796875,2.669921875,-1.015625,-1.0016515230311738,29,1712134533727
272,-0.271484375,2.7109375,-0.998046875,-1.0016515230311738,41,1712134533727
272,-0.3671875,2.751953125,-0.96484375,-1.0016515230311738,59,1712134533727
272,-0.373046875,2.802734375,-0.93359375,-1.0016515230311738,55,1712134533727
272,-0.376953125,2.8359375,-0.953125,-1.0016515230311738,32,1712134533727
272,-0.0859375,2.59765625,-0.89453125,-0.876445082652277,25,1712134533727
272,0.0,2.599609375,-1.00390625,-0.876445082652277,23,1712134533727
272,-0.267578125,2.775390625,-0.650390625,-0.876445082652277,27,1712134533727
272,-0.271484375,2.787109375,-0.7578125,-0.876445082652277,33,1712134533727
272,-0.3671875,2.80859375,-0.787109375,-0.876445082652277,46,1712134533727
272,-0.46484375,2.80859375,-0.875,-0.876445082652277,46,1712134533727
272,-0.169921875,2.654296875,-0.525390625,-0.7512386422733803,36,1712134533727
272,-0.171875,2.68359375,-0.568359375,-0.7512386422733803,94,1712134533727
272,-0.173828125,2.720703125,-0.578125,-0.7512386422733803,146,1712134533727
272,-0.265625,2.751953125,-0.580078125,-0.7512386422733803,133,1712134533727
272,-0.267578125,2.796875,-0.5546875,-0.7512386422733803,65,1712134533727
272,-0.333984375,2.634765625,-0.302734375,-0.6260322018944836,24,1712134533727
272,-0.25390625,2.693359375,-0.162109375,-0.6260322018944836,48,1712134533727
272,-0.2578125,2.728515625,-0.216796875,-0.6260322018944836,111,1712134533727
272,-0.26171875,2.7578125,-0.3125,-0.6260322018944836,179,1712134533727
272,-0.265625,2.794921875,-0.318359375,-0.6260322018944836,151,1712134533727
272,-0.267578125,2.837890625,-0.26953125,-0.6260322018944836,65,1712134533727
272,-0.25,2.658203125,-0.109375,-0.5008257615155869,20,1712134533727
272,-0.337890625,2.681640625,-0.19921875,-0.5008257615155869,27,1712134533727
272,-0.34375,2.69921875,0.390625,-0.5008257615155869,30,1712134533727
272,-0.5234375,2.703125,0.4296875,-0.5008257615155869,36,1712134533727
272,0.087890625,2.771484375,-0.541015625,-0.5008257615155869,46,1712134533727
272,0.0,2.84375,-0.33984375,-0.5008257615155869,47,1712134533727
272,-0.173828125,2.775390625,-0.19140625,-0.37561932113669017,24,1712134533727
272,-0.17578125,2.818359375,-0.10546875,-0.37561932113669017,31,1712134533727
272,-0.267578125,2.845703125,-0.158203125,-0.37561932113669017,21,1712134533727
272,-1.521484375,0.328125,2.404296875,-0.6260322018944836,36,1712134533727
272,0.34765625,2.412109375,-1.353515625,-0.5008257615155869,19,1712134533727
272,-1.677734375,0.0,2.583984375,-0.5008257615155869,24,1712134533727
273,-0.44140625,2.515625,-1.208984375,-1.0016515230311738,28,1712134533827
273,-0.447265625,2.591796875,-1.1328125,-1.0016515230311738,43,1712134533827
273,-0.36328125,2.685546875,-1.03515625,-1.0016515230311738,41,1712134533827
273,-0.3671875,2.759765625,-0.9453125,-1.0016515230311738,28,1712134533827
273,0.0,2.521484375,-1.09375,-0.876445082652277,19,1712134533827
273,0.087890625,2.6015625,-0.994140625,-0.876445082652277,24,1712134533827
273,0.353515625,2.5625,-1.134765625,-0.876445082652277,34,1712134533827
273,-0.626953125,2.72265625,-0.623046875,-0.876445082652277,49,1712134533827
273,-0.634765625,2.64453125,-1.01171875,-0.876445082652277,41,1712134533827
273,-0.24609375,2.595703125,-0.373046875,-0.7512386422733803,37,1712134533827
273,-0.25,2.65234375,-0.197265625,-0.7512386422733803,45,1712134533827
273,-0.083984375,2.615234375,-0.70703125,-0.7512386422733803,99,1712134533827
273,-0.0859375,2.646484375,-0.734375,-0.7512386422733803,214,1712134533827
273,-0.087890625,2.69140625,-0.716796875,-0.7512386422733803,219,1712134533827
273,0.0,2.732421875,-0.716796875,-0.7512386422733803,147,1712134533827
273,0.08984375,2.755859375,-0.771484375,-0.7512386422733803,103,1712134533827
273,0.08984375,2.783203125,-0.81640625,-0.7512386422733803,70,1712134533827
273,0.091796875,2.833984375,-0.7734375,-0.7512386422733803,33,1712134533827
273,-0.32421875,2.57421875,-0.048828125,-0.6260322018944836,23,1712134533827
273,-0.24609375,2.6171875,-0.15625,-0.6260322018944836,97,1712134533827
273,-0.16796875,2.666015625,-0.09765625,-0.6260322018944836,124,1712134533827
273,-0.083984375,2.671875,-0.443359375,-0.6260322018944836,175,1712134533827
273,-0.0859375,2.69921875,-0.515625,-0.6260322018944836,371,1712134533827
273,-0.087890625,2.740234375,-0.498046875,-0.6260322018944836,368,1712134533827
273,-0.087890625,2.77734375,-0.509765625,-0.6260322018944836,220,1712134533827
273,-0.08984375,2.79296875,-0.62890625,-0.6260322018944836,106,1712134533827
273,0.0,2.8203125,-0.6796875,-0.6260322018944836,56,1712134533827
273,0.0,2.83984375,-1.93359375,-0.6260322018944836,28,1712134533827
273,-0.24609375,2.623046875,0.0234375,-0.5008257615155869,76,1712134533827
273,-0.25,2.658203125,0.0859375,-0.5008257615155869,102,1712134533827
273,-0.083984375,2.69921875,-0.2265625,-0.5008257615155869,102,1712134533827
273,-0.171875,2.72265625,-0.337890625,-0.5008257615155869,220,1712134533827
273,-0.173828125,2.763671875,-0.318359375,-0.5008257615155869,217,1712134533827
273,-0.17578125,2.798828125,-0.337890625,-0.5008257615155869,119,1712134533827
273,-0.1796875,2.80078125,-0.572265625,-0.5008257615155869,38,1712134533827
273,-0.21484375,2.916015625,-1.802734375,-0.5008257615155869,35,1712134533827
273,-0.109375,2.849609375,-1.982421875,-0.5008257615155869,29,1712134533827
273,-0.25,2.64453125,0.29296875,-0.37561932113669017,19,1712134533827
273,-0.2578125,2.724609375,-0.251953125,-0.37561932113669017,34,1712134533827
273,-0.26171875,2.767578125,-0.201171875,-0.37561932113669017,38,1712134533827
273,-0.6171875,2.689453125,0.607421875,-0.876445082652277,31,1712134533827
273,0.357421875,2.41796875,-1.4921875,-0.876445082652277,42,1712134533827
273,0.453125,0.77734375,2.7578125,-0.876445082652277,32,1712134533827
274,-0.330078125,2.50390625,0.748046875,0.0,15,1712134533927
274,-0.16796875,2.583984375,0.658203125,0.0,11,1712134533927
274,0.0,2.634765625,-0.90625,-0.876445082652277,29,1712134533927
274,0.0,2.689453125,-0.865234375,-0.876445082652277,29,1712134533927
274,-0.16015625,2.53125,-0.3359375,-0.7512386422733803,25,1712134533927
274,-0.244140625,2.556640625,-0.380859375,-0.7512386422733803,70,1712134533927
274,-0.1640625,2.568359375,-0.55859375,-0.7512386422733803,117,1712134533927
274,-0.083984375,2.54296875,-0.814453125,-0.7512386422733803,175,1712134533927
274,-0.083984375,2.5546875,-0.90234375,-0.7512386422733803,194,1712134533927
274,0.0,2.58984375,-0.919921875,-0.7512386422733803,107,1712134533927
274,0.087890625,2.728515625,-0.7265625,-0.7512386422733803,40,1712134533927
274,0.08984375,2.775390625,-0.697265625,-0.7512386422733803,28,1712134533927
274,-0.16015625,2.544921875,-0.19140625,-0.6260322018944836,69,1712134533927
274,-0.244140625,2.576171875,-0.19921875,-0.6260322018944836,184,1712134533927
274,-0.1640625,2.607421875,-0.33203125,-0.6260322018944836,282,1712134533927
274,-0.083984375,2.607421875,-0.58203125,-0.6260322018944836,361,1712134533927
274,-0.083984375,2.6171875,-0.697265625,-0.6260322018944836,390,1712134533927
274,0.0,2.654296875,-0.712890625,-0.6260322018944836,250,1712134533927
274,-0.087890625,2.666015625,-0.8046875,-0.6260322018944836,91,1712134533927
274,-0.353515625,2.580078125,-1.095703125,-0.6260322018944836,36,1712134533927
274,-0.240234375,2.544921875,-0.0625,-0.5008257615155869,53,1712134533927
274,-0.244140625,2.583984375,-0.037109375,-0.5008257615155869,142,1712134533927
274,-0.1640625,2.625,-0.138671875,-0.5008257615155869,209,1712134533927
274,-0.16796875,2.642578125,-0.357421875,-0.5008257615155869,242,1712134533927
274,-0.083984375,2.662109375,-0.5,-0.5008257615155869,246,1712134533927
274,0.0,2.693359375,-0.552734375,-0.5008257615155869,168,1712134533927
274,-0.087890625,2.708984375,-0.6484375,-0.5008257615155869,95,1712134533927
274,-0.17578125,2.712890625,-0.76953125,-0.5008257615155869,69,1712134533927
274,-0.1796875,2.744140625,-0.798828125,-0.5008257615155869,49,1712134533927
274,3.806640625,1.732421875,-0.384765625,-0.5008257615155869,41,1712134533927
274,-0.244140625,2.58203125,0.107421875,-0.37561932113669017,23,1712134533927
274,-0.24609375,2.62109375,0.078125,-0.37561932113669017,32,1712134533927
274,-0.16796875,2.666015625,-0.076171875,-0.37561932113669017,32,1712134533927
274,-0.169921875,2.693359375,-0.26171875,-0.37561932113669017,28,1712134533927
274,0.0,2.7109375,-0.455078125,-0.37561932113669017,23,1712134533927
274,-0.173828125,2.734375,-0.505859375,-0.37561932113669017,25,1712134533927
274,-0.17578125,2.76171875,-0.568359375,-0.37561932113669017,28,1712134533927
275,-0.240234375,2.541015625,0.16015625,0.0,11,1712134534028
275,-0.244140625,2.576171875,0.19921875,0.0,35,1712134534028
275,-0.24609375,2.611328125,0.232421875,0.0,52,1712134534028
275,-0.25,2.6484375,0.263671875,0.0,41,1712134534028
275,-0.25390625,2.689453125,0.2265625,0.0,18,1712134534028
275,-0.162109375,2.564453125,0.37109375,0.12520644037889672,17,1712134534028
275,-0.24609375,2.576171875,0.494140625,0.12520644037889672,26,1712134534028
275,-0.16796875,2.615234375,0.51953125,0.12520644037889672,20,1712134534028
275,0.0,2.458984375,-0.70703125,-0.7512386422733803,49,1712134534028
275,-0.08203125,2.486328125,-0.740234375,-0.7512386422733803,155,1712134534028
275,-0.08203125,2.525390625,-0.7421875,-0.7512386422733803,238,1712134534028
275,0.0,2.572265625,-0.72265625,-0.7512386422733803,179,1712134534028
275,-0.083984375,2.642578125,-0.595703125,-0.7512386422733803,60,1712134534028
275,0.2578125,2.501953125,-1.109375,-0.7512386422733803,26,1712134534028
275,0.087890625,2.662109375,-0.8203125,-0.7512386422733803,30,1712134534028
275,0.078125,2.466796875,-0.505859375,-0.6260322018944836,22,1712134534028
275,-0.080078125,2.486328125,-0.599609375,-0.6260322018944836,144,1712134534028
275,-0.08203125,2.52734375,-0.58984375,-0.6260322018944836,455,1712134534028
275,-0.08203125,2.568359375,-0.576171875,-0.6260322018944836,688,1712134534028
275,-0.083984375,2.61328125,-0.55078125,-0.6260322018944836,517,1712134534028
275,-0.083984375,2.669921875,-0.46484375,-0.6260322018944836,184,1712134534028
275,0.171875,2.587890625,-0.91015625,-0.6260322018944836,24,1712134534028
275,0.0,2.708984375,-0.658203125,-0.6260322018944836,48,1712134534028
275,0.0,2.759765625,-0.6015625,-0.6260322018944836,26,1712134534028
275,-0.080078125,2.515625,-0.458984375,-0.5008257615155869,121,1712134534028
275,-0.08203125,2.55859375,-0.4296875,-0.5008257615155869,376,1712134534028
275,-0.08203125,2.599609375,-0.4140625,-0.5008257615155869,560,1712134534028
275,-0.083984375,2.642578125,-0.388671875,-0.5008257615155869,431,1712134534028
275,-0.083984375,2.69140625,-0.306640625,-0.5008257615155869,153,1712134534028
275,-0.080078125,2.53515625,-0.3359375,-0.37561932113669017,23,1712134534028
275,-0.162109375,2.572265625,-0.302734375,-0.37561932113669017,70,1712134534028
275,-0.08203125,2.619140625,-0.265625,-0.37561932113669017,101,1712134534028
275,-0.16796875,2.654296875,-0.255859375,-0.37561932113669017,76,1712134534028
275,0.0,2.70703125,-0.12890625,-0.37561932113669017,29,1712134534028
275,-0.1640625,2.62890625,-0.0703125,-0.25041288075779344,20,1712134534028
275,-0.24609375,2.623046875,0.017578125,-0.12520644037889672,22,1712134534028
275,-0.16796875,2.666015625,0.0625,-0.12520644037889672,18,1712134534028
275,-0.7734375,1.419921875,2.22265625,-0.7512386422733803,15,1712134534028
275,0.9453125,0.0,2.73828125,-0.6260322018944836,18,1712134534028
275,-1.1484375,1.28125,2.240234375,-0.6260322018944836,14,1712134534028
276,-0.08203125,2.5625,0.40234375,0.0,15,1712134534129
276,-0.1640625,2.607421875,0.3359375,0.0,13,1712134534129
276,-0.232421875,2.462890625,0.181640625,-0.7512386422733803,28,1712134534129
276,0.0,2.224609375,-1.181640625,-0.7512386422733803,100,1712134534129
276,-0.080078125,2.412109375,-0.845703125,-0.7512386422733803,301,1712134534129
276,-0.08203125,2.486328125,-0.744140625,-0.7512386422733803,333,1712134534129
276,0.0,2.541015625,-0.697265625,-0.7512386422733803,158,1712134534129
276,0.16796875,2.490234375,-0.955078125,-0.7512386422733803,29,1712134534129
276,-0.5078125,2.298828125,-1.341796875,-0.7512386422733803,25,1712134534129
276,-0.228515625,2.431640625,-0.072265625,-0.6260322018944836,36,1712134534129
276,-0.310546875,2.447265625,0.265625,-0.6260322018944836,58,1712134534129
276,0.0,2.30859375,-1.01171875,-0.6260322018944836,181,1712134534129
276,-0.080078125,2.466796875,-0.673828125,-0.6260322018944836,565,1712134534129
276,-0.08203125,2.529296875,-0.576171875,-0.6260322018944836,644,1712134534129
276,-0.08203125,2.580078125,-0.529296875,-0.6260322018944836,346,1712134534129
276,0.0,2.609375,-0.57421875,-0.6260322018944836,91,1712134534129
276,0.169921875,2.52734375,-0.96484375,-0.6260322018944836,59,1712134534129
276,0.0859375,2.60546875,-0.87109375,-0.6260322018944836,58,1712134534129
276,-0.228515625,2.4296875,0.09765625,-0.5008257615155869,20,1712134534129
276,-0.232421875,2.431640625,0.435546875,-0.5008257615155869,36,1712134534129
276,0.0,2.369140625,-0.857421875,-0.5008257615155869,99,1712134534129
276,-0.080078125,2.50390625,-0.51171875,-0.5008257615155869,324,1712134534129
276,-0.08203125,2.560546875,-0.4140625,-0.5008257615155869,378,1712134534129
276,-0.08203125,2.609375,-0.357421875,-0.5008257615155869,224,1712134534129
276,-0.083984375,2.654296875,-0.30078125,-0.5008257615155869,75,1712134534129
276,0.0,2.60546875,-0.748046875,-0.5008257615155869,50,1712134534129
276,0.0,2.65234375,-0.720703125,-0.5008257615155869,48,1712134534129
276,0.0,2.533203125,-0.3515625,-0.37561932113669017,27,1712134534129
276,0.0,2.578125,-0.306640625,-0.37561932113669017,40,1712134534129
276,-0.1640625,2.623046875,-0.185546875,-0.37561932113669017,33,1712134534129
276,1.0859375,1.560546875,1.87890625,-0.7512386422733803,17,1712134534129
276,0.25390625,2.453125,-1.125,-0.7512386422733803,19,1712134534129
