604,0.859375,2.044921875,-0.572265625,0.0,25,1712916516124
604,0.728515625,2.119140625,-0.634765625,0.0,22,1712916516124
604,0.458984375,1.8203125,-0.939453125,-0.6260322018944836,20,1712916516124
604,0.53515625,1.845703125,-0.935546875,-0.6260322018944836,20,1712916516124
604,0.505859375,1.931640625,-0.32421875,-0.5008257615155869,19,1712916516124
604,0.515625,1.953125,-0.41015625,-0.5008257615155869,142,1712916516124
604,0.525390625,1.974609375,-0.486328125,-0.5008257615155869,350,1712916516124
604,0.466796875,2.009765625,-0.55859375,-0.5008257615155869,405,1712916516124
604,0.4765625,1.998046875,-0.71875,-0.5008257615155869,243,1712916516124
604,0.345703125,1.88671875,-1.10546875,-0.5008257615155869,61,1712916516124
604,0.6328125,2.13671875,-0.328125,-0.5008257615155869,51,1712916516124
604,0.572265625,2.1796875,-0.412109375,-0.5008257615155869,28,1712916516124
604,0.505859375,1.94921875,-0.203125,-0.37561932113669017,33,1712916516124
604,0.515625,1.9765625,-0.27734375,-0.37561932113669017,247,1712916516124
604,0.525390625,2.00390625,-0.341796875,-0.37561932113669017,607,1712916516124
604,0.466796875,2.04296875,-0.41796875,-0.37561932113669017,726,1712916516124
604,0.4765625,2.041015625,-0.587890625,-0.37561932113669017,440,1712916516124
604,0.416015625,1.96484375,-0.931640625,-0.37561932113669017,97,1712916516124
604,0.5625,2.17578125,-0.13671875,-0.37561932113669017,84,1712916516124
604,0.572265625,2.17578125,-0.431640625,-0.37561932113669017,58,1712916516124
604,0.728515625,2.072265625,-0.771484375,-0.37561932113669017,31,1712916516124
604,0.443359375,1.97265625,-0.060546875,-0.25041288075779344,17,1712916516124
604,0.451171875,2.0078125,-0.13671875,-0.25041288075779344,127,1712916516124
604,0.458984375,2.0390625,-0.197265625,-0.25041288075779344,320,1712916516124
604,0.466796875,2.06640625,-0.28515625,-0.25041288075779344,381,1712916516124
604,0.4765625,2.07421875,-0.458984375,-0.25041288075779344,239,1712916516124
604,0.484375,2.0234375,-0.755859375,-0.25041288075779344,53,1712916516124
604,0.5625,2.181640625,0.005859375,-0.25041288075779344,48,1712916516124
604,0.787109375,2.0625,-0.611328125,-0.25041288075779344,84,1712916516124
604,0.80078125,2.056640625,-0.744140625,-0.25041288075779344,71,1712916516124
604,0.740234375,2.06640625,-0.88671875,-0.25041288075779344,32,1712916516124
604,0.39453125,2.0625,0.025390625,-0.12520644037889672,14,1712916516124
604,0.466796875,2.083984375,0.080078125,-0.12520644037889672,20,1712916516124
604,0.84375,2.052734375,-0.384765625,-0.12520644037889672,42,1712916516124
604,0.787109375,2.07421875,-0.568359375,-0.12520644037889672,69,1712916516124
604,0.728515625,2.099609375,-0.697265625,-0.12520644037889672,60,1712916516124
604,0.814453125,2.048828125,-0.86328125,-0.12520644037889672,28,1712916516124
604,-0.201171875,2.037109375,0.61328125,-0.6260322018944836,13,1712916516124
604,-0.484375,1.583984375,1.46875,-0.5008257615155869,48,1712916516124
604,-0.416015625,1.603515625,1.46875,-0.37561932113669017,77,1712916516124
604,-0.416015625,1.42578125,1.640625,-0.25041288075779344,40,1712916516124
604,-1.40625,1.685546875,-0.88671875,-0.25041288075779344,17,1712916516124
605,0.37890625,1.98828125,0.021484375,0.0,18,1712916516225
605,0.515625,1.98828125,-0.16796875,0.0,57,1712916516225
605,0.525390625,2.00390625,-0.341796875,0.0,78,1712916516225
605,0.466796875,2.009765625,-0.556640625,0.0,48,1712916516225
605,0.203125,2.162109375,-0.13671875,0.0,10,1712916516225
605,0.552734375,2.142578125,-0.064453125,0.0,28,1712916516225
605,0.6328125,2.15234375,-0.19140625,0.0,27,1712916516225
605,0.71484375,2.150390625,-0.333984375,0.0,21,1712916516225
605,2.884765625,0.0,3.470703125,0.0,20,1712916516225
605,2.916015625,0.0,3.255859375,0.0,22,1712916516225
605,0.458984375,2.046875,-0.072265625,0.12520644037889672,20,1712916516225
605,0.568359375,1.89453125,-0.421875,-0.5008257615155869,35,1712916516225
605,0.515625,1.91015625,-0.578125,-0.5008257615155869,86,1712916516225
605,0.39453125,1.947265625,-0.681640625,-0.5008257615155869,122,1712916516225
605,0.333984375,1.970703125,-0.7578125,-0.5008257615155869,108,1712916516225
605,0.203125,1.869140625,-1.095703125,-0.5008257615155869,44,1712916516225
605,0.623046875,2.0703125,-0.478515625,-0.5008257615155869,38,1712916516225
605,0.4921875,2.1328125,-0.53125,-0.5008257615155869,25,1712916516225
605,0.55859375,1.896484375,-0.1796875,-0.37561932113669017,22,1712916516225
605,0.505859375,1.955078125,-0.126953125,-0.37561932113669017,116,1712916516225
605,0.451171875,2.005859375,-0.146484375,-0.37561932113669017,254,1712916516225
605,0.458984375,2.037109375,-0.21875,-0.37561932113669017,282,1712916516225
605,0.400390625,2.046875,-0.46875,-0.37561932113669017,181,1712916516225
605,0.611328125,2.052734375,-0.380859375,-0.37561932113669017,177,1712916516225
605,0.623046875,2.091796875,-0.375,-0.37561932113669017,164,1712916516225
605,0.5625,2.150390625,-0.36328125,-0.37561932113669017,88,1712916516225
605,0.4296875,2.228515625,-0.306640625,-0.37561932113669017,29,1712916516225
605,-3.640625,1.974609375,-1.208984375,-0.37561932113669017,29,1712916516225
605,-3.80859375,1.76953125,-1.142578125,-0.37561932113669017,49,1712916516225
605,0.443359375,1.970703125,0.126953125,-0.25041288075779344,109,1712916516225
605,0.451171875,1.984375,0.328125,-0.25041288075779344,223,1712916516225
605,0.458984375,1.99609375,0.46484375,-0.25041288075779344,242,1712916516225
605,0.53515625,1.984375,-0.587890625,-0.25041288075779344,264,1712916516225
605,0.544921875,2.07421875,-0.375,-0.25041288075779344,270,1712916516225
605,0.552734375,2.126953125,-0.26171875,-0.25041288075779344,185,1712916516225
605,0.4921875,2.193359375,-0.150390625,-0.25041288075779344,82,1712916516225
605,0.287109375,2.267578125,0.15234375,-0.25041288075779344,24,1712916516225
605,-3.80859375,2.001953125,-0.654296875,-0.25041288075779344,40,1712916516225
605,0.37890625,1.939453125,-0.4375,-0.12520644037889672,34,1712916516225
605,0.451171875,1.685546875,-1.09765625,-0.12520644037889672,94,1712916516225
605,0.525390625,1.818359375,-0.91015625,-0.12520644037889672,167,1712916516225
605,0.53515625,1.958984375,-0.669921875,-0.12520644037889672,186,1712916516225
605,0.544921875,2.068359375,-0.400390625,-0.12520644037889672,123,1712916516225
605,0.623046875,2.109375,-0.248046875,-0.12520644037889672,51,1712916516225
605,0.9140625,1.87890625,-0.83984375,-0.12520644037889672,27,1712916516225
605,0.787109375,2.0625,-0.61328125,-0.12520644037889672,29,1712916516225
605,2.884765625,0.0,3.296875,-0.12520644037889672,38,1712916516225
605,2.916015625,0.0,2.888671875,-0.12520644037889672,41,1712916516225
605,-1.69921875,1.0703125,-0.837890625,0.0,10,1712916516225
605,-0.611328125,1.623046875,1.314453125,-0.5008257615155869,33,1712916516225
605,-0.4296875,1.37109375,1.78515625,-0.37561932113669017,17,1712916516225
605,-0.501953125,1.23828125,1.861328125,-0.25041288075779344,18,1712916516225
605,0.140625,1.96875,1.0859375,-0.12520644037889672,18,1712916516225
605,2.076171875,0.0,1.701171875,-0.12520644037889672,16,1712916516225
606,0.443359375,1.97265625,-0.1015625,0.0,41,1712916516324
606,0.451171875,2.005859375,-0.140625,0.0,70,1712916516324
606,0.458984375,2.03125,-0.265625,0.0,52,1712916516324
606,0.66796875,1.998046875,-0.361328125,0.0,39,1712916516324
606,0.611328125,2.06640625,-0.298828125,0.0,57,1712916516324
606,0.484375,2.150390625,-0.212890625,0.0,32,1712916516324
606,0.84375,1.72265625,-1.1796875,0.0,27,1712916516324
606,0.787109375,1.998046875,-0.794921875,0.0,28,1712916516324
606,0.322265625,1.646484375,-1.19921875,-0.5008257615155869,28,1712916516324
606,0.328125,1.763671875,-1.08984375,-0.5008257615155869,26,1712916516324
606,0.49609375,1.916015625,-0.158203125,-0.37561932113669017,49,1712916516324
606,0.505859375,1.93359375,-0.314453125,-0.37561932113669017,168,1712916516324
606,0.38671875,1.986328125,-0.39453125,-0.37561932113669017,263,1712916516324
606,0.39453125,2.015625,-0.439453125,-0.37561932113669017,197,1712916516324
606,0.267578125,2.1171875,0.123046875,-0.37561932113669017,52,1712916516324
606,0.611328125,2.046875,-0.412109375,-0.37561932113669017,67,1712916516324
606,0.552734375,2.095703125,-0.451171875,-0.37561932113669017,40,1712916516324
606,0.49609375,1.919921875,-0.076171875,-0.25041288075779344,90,1712916516324
606,0.443359375,1.96484375,-0.185546875,-0.25041288075779344,317,1712916516324
606,0.451171875,1.994140625,-0.26171875,-0.25041288075779344,495,1712916516324
606,0.39453125,2.0390625,-0.3046875,-0.25041288075779344,358,1712916516324
606,0.201171875,2.111328125,0.27734375,-0.25041288075779344,108,1712916516324
606,0.611328125,2.0625,-0.328125,-0.25041288075779344,147,1712916516324
606,0.552734375,2.123046875,-0.294921875,-0.25041288075779344,91,1712916516324
606,0.859375,1.869140625,-1.005859375,-0.25041288075779344,33,1712916516324
606,-3.53515625,2.3046875,-1.0625,-0.25041288075779344,34,1712916516324
606,0.43359375,1.9375,0.021484375,-0.12520644037889672,55,1712916516324
606,0.443359375,1.97265625,-0.091796875,-0.12520644037889672,208,1712916516324
606,0.451171875,2.005859375,-0.154296875,-0.12520644037889672,328,1712916516324
606,0.39453125,2.052734375,-0.19921875,-0.12520644037889672,233,1712916516324
606,0.1328125,1.953125,0.857421875,-0.12520644037889672,71,1712916516324
606,0.611328125,2.06640625,-0.298828125,-0.12520644037889672,129,1712916516324
606,0.484375,2.150390625,-0.20703125,-0.12520644037889672,78,1712916516324
606,0.9140625,1.490234375,-1.419921875,-0.12520644037889672,46,1712916516324
606,0.787109375,1.951171875,-0.90625,-0.12520644037889672,53,1712916516324
606,0.728515625,2.05078125,-0.830078125,-0.12520644037889672,29,1712916516324
606,2.916015625,0.0,3.087890625,-0.12520644037889672,27,1712916516324
606,-3.671875,2.224609375,-0.712890625,-0.12520644037889672,28,1712916516324
606,0.0703125,2.208984375,0.43359375,0.0,16,1712916516324
606,-0.525390625,1.794921875,0.955078125,-0.5008257615155869,14,1712916516324
606,-0.6015625,1.369140625,1.52734375,-0.37561932113669017,47,1712916516324
606,0.80078125,1.876953125,-0.634765625,-0.25041288075779344,70,1712916516324
606,0.869140625,1.9140625,-0.390625,-0.12520644037889672,64,1712916516324
606,0.140625,2.232421875,0.26953125,-0.12520644037889672,33,1712916516324
606,-2.916015625,2.08203125,-0.19921875,-0.12520644037889672,15,1712916516324
606,0.271484375,4.228515625,-0.990234375,-0.12520644037889672,15,1712916516324
607,0.486328125,1.8828125,0.091796875,0.0,32,1712916516425
607,0.43359375,1.9375,-0.0078125,0.0,161,1712916516425
607,0.443359375,1.97265625,-0.080078125,0.0,348,1712916516425
607,0.38671875,2.01953125,-0.13671875,0.0,396,1712916516425
607,0.458984375,2.03515625,-0.232421875,0.0,266,1712916516425
607,0.53515625,2.0546875,-0.255859375,0.0,132,1712916516425
607,0.611328125,2.083984375,-0.119140625,0.0,63,1712916516425
607,0.623046875,2.123046875,0.0703125,0.0,28,1712916516425
607,0.373046875,1.9375,0.22265625,0.12520644037889672,17,1712916516425
607,0.443359375,1.953125,0.287109375,0.12520644037889672,29,1712916516425
607,0.451171875,1.9765625,0.376953125,0.12520644037889672,23,1712916516425
607,0.43359375,1.919921875,-0.251953125,-0.37561932113669017,20,1712916516425
607,0.443359375,1.951171875,-0.296875,-0.37561932113669017,40,1712916516425
607,0.451171875,1.984375,-0.330078125,-0.37561932113669017,38,1712916516425
607,0.525390625,2.01171875,-0.294921875,-0.37561932113669017,19,1712916516425
607,0.42578125,1.89453125,-0.134765625,-0.25041288075779344,39,1712916516425
607,0.49609375,1.908203125,-0.236328125,-0.25041288075779344,187,1712916516425
607,0.443359375,1.953125,-0.29296875,-0.25041288075779344,395,1712916516425
607,0.451171875,1.978515625,-0.36328125,-0.25041288075779344,435,1712916516425
607,0.458984375,2.001953125,-0.4375,-0.25041288075779344,279,1712916516425
607,0.6015625,1.994140625,-0.484375,-0.25041288075779344,135,1712916516425
607,0.6796875,2.03515625,-0.357421875,-0.25041288075779344,69,1712916516425
607,0.76171875,2.04296875,-0.384765625,-0.25041288075779344,35,1712916516425
607,0.486328125,1.884765625,-0.03125,-0.12520644037889672,60,1712916516425
607,0.43359375,1.93359375,-0.12109375,-0.12520644037889672,302,1712916516425
607,0.443359375,1.96484375,-0.201171875,-0.12520644037889672,651,1712916516425
607,0.451171875,1.9921875,-0.275390625,-0.12520644037889672,748,1712916516425
607,0.458984375,2.01953125,-0.345703125,-0.12520644037889672,500,1712916516425
607,0.53515625,2.033203125,-0.38671875,-0.12520644037889672,243,1712916516425
607,0.611328125,2.072265625,-0.255859375,-0.12520644037889672,113,1712916516425
607,0.69140625,2.103515625,-0.05078125,-0.12520644037889672,52,1712916516425
607,-0.068359375,1.205078125,-1.857421875,-0.25041288075779344,19,1712916516425
608,0.42578125,1.8984375,0.08984375,0.0,30,1712916516526
608,0.43359375,1.935546875,0.083984375,0.0,88,1712916516526
608,0.443359375,1.97265625,0.08203125,0.0,117,1712916516526
608,0.451171875,2.009765625,0.0859375,0.0,70,1712916516526
608,0.458984375,2.037109375,-0.2109375,0.0,42,1712916516526
608,0.466796875,2.078125,-0.1796875,0.0,46,1712916516526
608,0.33984375,2.1484375,-0.001953125,0.0,22,1712916516526
608,0.43359375,1.919921875,0.25,0.12520644037889672,23,1712916516526
608,0.37890625,1.984375,0.10546875,0.12520644037889672,27,1712916516526
608,0.322265625,2.021484375,-0.2421875,0.12520644037889672,31,1712916516526
608,0.39453125,2.04296875,-0.283203125,0.12520644037889672,39,1712916516526
608,0.400390625,2.095703125,-0.130859375,0.12520644037889672,25,1712916516526
608,0.486328125,1.87890625,-0.158203125,-0.25041288075779344,26,1712916516526
608,0.49609375,1.912109375,-0.189453125,-0.25041288075779344,75,1712916516526
608,0.505859375,1.94921875,-0.193359375,-0.25041288075779344,96,1712916516526
608,0.451171875,2.001953125,-0.1953125,-0.25041288075779344,57,1712916516526
608,0.525390625,1.955078125,-0.5546875,-0.25041288075779344,41,1712916516526
608,0.466796875,2.046875,-0.400390625,-0.25041288075779344,40,1712916516526
608,0.486328125,1.884765625,-0.048828125,-0.12520644037889672,60,1712916516526
608,0.49609375,1.921875,-0.046875,-0.12520644037889672,174,1712916516526
608,0.505859375,1.958984375,-0.052734375,-0.12520644037889672,226,1712916516526
608,0.451171875,2.009765625,-0.10546875,-0.12520644037889672,136,1712916516526
608,0.458984375,2.009765625,-0.400390625,-0.12520644037889672,109,1712916516526
608,0.466796875,2.0625,-0.30859375,-0.12520644037889672,101,1712916516526
608,0.33984375,2.1484375,-0.0390625,-0.12520644037889672,40,1712916516526
608,-3.671875,2.31640625,-0.30078125,-0.12520644037889672,17,1712916516526
608,3.400390625,0.0,3.849609375,-0.12520644037889672,10,1712916516526
609,0.31640625,1.873046875,-0.697265625,0.0,29,1712916516626
609,0.38671875,1.908203125,-0.6796875,0.0,51,1712916516626
609,0.458984375,1.953125,-0.619140625,0.0,44,1712916516626
609,0.53515625,1.8203125,-0.984375,0.0,18,1712916516626
609,0.6796875,1.8828125,-0.8515625,0.0,21,1712916516626
609,0.76171875,1.94921875,-0.724609375,0.0,30,1712916516626
609,0.703125,2.0234375,-0.693359375,0.0,26,1712916516626
609,0.310546875,1.927734375,-0.357421875,0.12520644037889672,19,1712916516626
609,0.31640625,1.927734375,-0.5234375,0.12520644037889672,66,1712916516626
609,0.38671875,1.951171875,-0.54296875,0.12520644037889672,101,1712916516626
609,0.458984375,1.9609375,-0.595703125,0.12520644037889672,81,1712916516626
609,0.6015625,1.873046875,-0.837890625,0.12520644037889672,34,1712916516626
609,0.31640625,1.95703125,-0.400390625,0.25041288075779344,29,1712916516626
609,0.38671875,1.986328125,-0.39453125,0.25041288075779344,44,1712916516626
609,0.39453125,1.998046875,-0.513671875,0.25041288075779344,35,1712916516626
609,0.76171875,1.794921875,-1.048828125,-0.25041288075779344,23,1712916516626
609,0.7734375,1.80859375,-1.095703125,-0.25041288075779344,21,1712916516626
609,0.81640625,1.82421875,-0.859375,-0.12520644037889672,30,1712916516626
609,0.830078125,1.853515625,-0.8828125,-0.12520644037889672,57,1712916516626
609,0.7734375,1.912109375,-0.90234375,-0.12520644037889672,52,1712916516626
609,0.71484375,1.986328125,-0.88671875,-0.12520644037889672,26,1712916516626
609,-1.431640625,1.56640625,-0.861328125,-0.12520644037889672,16,1712916516626
610,0.486328125,1.8828125,-0.08203125,0.0,31,1712916516726
610,0.43359375,1.931640625,-0.1484375,0.0,108,1712916516726
610,0.443359375,1.95703125,-0.25390625,0.0,184,1712916516726
610,0.38671875,1.994140625,-0.3515625,0.0,177,1712916516726
610,0.328125,2.029296875,-0.42578125,0.0,98,1712916516726
610,0.267578125,2.05078125,-0.541015625,0.0,37,1712916516726
610,0.33984375,2.05859375,-0.615234375,0.0,19,1712916516726
610,0.552734375,2.05078125,-0.626953125,0.0,18,1712916516726
610,2.99609375,0.0,2.517578125,0.0,22,1712916516726
610,3.02734375,0.0,2.337890625,0.0,21,1712916516726
610,0.486328125,1.884765625,0.05859375,0.12520644037889672,58,1712916516726
610,0.43359375,1.9375,-0.03515625,0.12520644037889672,200,1712916516726
610,0.443359375,1.966796875,-0.162109375,0.12520644037889672,355,1712916516726
610,0.38671875,2.009765625,-0.251953125,0.12520644037889672,353,1712916516726
610,0.26171875,2.068359375,-0.2421875,0.12520644037889672,188,1712916516726
610,0.267578125,2.095703125,-0.326171875,0.12520644037889672,60,1712916516726
610,0.544921875,2.078125,-0.34765625,0.12520644037889672,33,1712916516726
610,0.552734375,2.060546875,-0.58984375,0.12520644037889672,36,1712916516726
610,2.99609375,0.0,2.822265625,0.12520644037889672,39,1712916516726
610,3.02734375,0.0,2.751953125,0.12520644037889672,38,1712916516726
610,0.42578125,1.890625,0.19140625,0.25041288075779344,31,1712916516726
610,0.373046875,1.94921875,0.060546875,0.25041288075779344,107,1712916516726
610,0.37890625,1.984375,-0.1015625,0.25041288075779344,213,1712916516726
610,0.322265625,2.02734375,-0.19140625,0.25041288075779344,237,1712916516726
610,0.26171875,2.078125,-0.130859375,0.25041288075779344,134,1712916516726
610,0.1328125,2.115234375,0.28515625,0.25041288075779344,30,1712916516726
610,0.31640625,1.994140625,-0.126953125,0.37561932113669017,31,1712916516726
610,0.322265625,1.998046875,-0.39453125,0.37561932113669017,44,1712916516726
610,0.26171875,1.9296875,-0.783203125,0.37561932113669017,26,1712916516726
610,-0.6015625,1.1796875,1.677734375,0.12520644037889672,34,1712916516726
610,-0.6015625,1.330078125,1.560546875,0.25041288075779344,27,1712916516726
611,0.43359375,1.927734375,-0.18359375,0.0,16,1712916516828
611,0.443359375,1.96484375,-0.19921875,0.0,29,1712916516828
611,0.38671875,2.00390625,-0.291015625,0.0,24,1712916516828
611,0.7734375,1.853515625,-1.01953125,0.0,23,1712916516828
611,0.71484375,1.97265625,-0.91796875,0.0,20,1712916516828
611,0.42578125,1.900390625,0.00390625,0.12520644037889672,20,1712916516828
611,0.49609375,1.919921875,-0.107421875,0.12520644037889672,94,1712916516828
611,0.443359375,1.970703125,-0.123046875,0.12520644037889672,172,1712916516828
611,0.38671875,1.998046875,-0.333984375,0.12520644037889672,148,1712916516828
611,0.39453125,1.857421875,-0.896484375,0.12520644037889672,113,1712916516828
611,0.400390625,1.984375,-0.685546875,0.12520644037889672,84,1712916516828
611,0.4765625,2.072265625,-0.4609375,0.12520644037889672,37,1712916516828
611,0.69140625,1.94921875,-0.7890625,0.12520644037889672,32,1712916516828
611,0.703125,1.94140625,-0.900390625,0.12520644037889672,61,1712916516828
611,0.71484375,2.009765625,-0.83203125,0.12520644037889672,52,1712916516828
611,0.42578125,1.8984375,0.05078125,0.25041288075779344,31,1712916516828
611,0.43359375,1.9375,0.01171875,0.25041288075779344,142,1712916516828
611,0.443359375,1.974609375,0.0,0.25041288075779344,268,1712916516828
611,0.38671875,2.01953125,-0.15625,0.25041288075779344,238,1712916516828
611,0.39453125,1.923828125,-0.74609375,0.25041288075779344,199,1712916516828
611,0.400390625,2.02734375,-0.55078125,0.25041288075779344,173,1712916516828
611,0.33984375,2.095703125,-0.48046875,0.25041288075779344,84,1712916516828
611,0.552734375,2.060546875,-0.58984375,0.25041288075779344,44,1712916516828
611,0.703125,1.9921875,-0.78125,0.25041288075779344,66,1712916516828
611,0.71484375,2.052734375,-0.724609375,0.25041288075779344,54,1712916516828
611,0.373046875,1.9453125,0.138671875,0.37561932113669017,66,1712916516828
611,0.443359375,1.966796875,0.162109375,0.37561932113669017,127,1712916516828
611,0.38671875,2.009765625,0.25390625,0.37561932113669017,119,1712916516828
611,0.39453125,1.947265625,-0.6796875,0.37561932113669017,107,1712916516828
611,0.400390625,2.056640625,-0.42578125,0.37561932113669017,107,1712916516828
611,0.33984375,2.12890625,-0.291015625,0.37561932113669017,54,1712916516828
611,-0.39453125,1.54296875,1.369140625,0.12520644037889672,59,1712916516828
611,-0.400390625,1.626953125,1.328125,0.12520644037889672,44,1712916516828
611,-1.69921875,1.158203125,-0.708984375,0.12520644037889672,28,1712916516828
611,-1.6328125,1.314453125,-0.587890625,0.25041288075779344,46,1712916516828
612,0.53515625,1.88671875,-0.849609375,0.0,11,1712916516927
612,3.107421875,0.0,1.78125,0.0,14,1712916516927
612,3.072265625,0.0,2.15234375,0.12520644037889672,20,1712916516927
612,2.99609375,0.0,2.1953125,0.12520644037889672,37,1712916516927
612,3.140625,0.0,1.9140625,0.12520644037889672,34,1712916516927
612,0.43359375,1.9375,-0.01953125,0.25041288075779344,22,1712916516927
612,0.443359375,1.970703125,-0.1328125,0.25041288075779344,85,1712916516927
612,0.451171875,1.9921875,-0.2734375,0.25041288075779344,170,1712916516927
612,0.458984375,1.98828125,-0.494140625,0.25041288075779344,208,1712916516927
612,0.400390625,1.939453125,-0.806640625,0.25041288075779344,159,1712916516927
612,0.408203125,1.83203125,-1.1015625,0.25041288075779344,73,1712916516927
612,0.552734375,2.03515625,-0.677734375,0.25041288075779344,27,1712916516927
612,0.6328125,2.0390625,-0.716796875,0.25041288075779344,42,1712916516927
612,0.71484375,1.986328125,-0.888671875,0.25041288075779344,50,1712916516927
612,0.728515625,2.015625,-0.912109375,0.25041288075779344,39,1712916516927
612,2.99609375,0.0,2.384765625,0.25041288075779344,39,1712916516927
612,3.140625,0.0,2.04296875,0.25041288075779344,36,1712916516927
612,0.49609375,1.921875,0.013671875,0.37561932113669017,43,1712916516927
612,0.443359375,1.974609375,-0.01171875,0.37561932113669017,163,1712916516927
612,0.451171875,2.0078125,-0.130859375,0.37561932113669017,325,1712916516927
612,0.458984375,2.0234375,-0.326171875,0.37561932113669017,388,1712916516927
612,0.400390625,1.99609375,-0.65234375,0.37561932113669017,286,1712916516927
612,0.33984375,1.837890625,-1.115234375,0.37561932113669017,110,1712916516927
612,0.623046875,2.10546875,-0.287109375,0.37561932113669017,46,1712916516927
612,0.5625,2.091796875,-0.619140625,0.37561932113669017,59,1712916516927
612,0.71484375,2.041015625,-0.75390625,0.37561932113669017,57,1712916516927
612,0.654296875,2.072265625,-0.8359375,0.37561932113669017,41,1712916516927
612,0.373046875,1.939453125,0.197265625,0.5008257615155869,25,1712916516927
612,0.443359375,1.970703125,0.10546875,0.5008257615155869,95,1712916516927
612,0.451171875,2.01171875,0.0078125,0.5008257615155869,185,1712916516927
612,0.39453125,2.056640625,-0.1640625,0.5008257615155869,222,1712916516927
612,0.333984375,2.0546875,-0.48828125,0.5008257615155869,163,1712916516927
612,0.203125,1.876953125,-1.08203125,0.5008257615155869,59,1712916516927
612,0.552734375,2.14453125,-0.037109375,0.5008257615155869,25,1712916516927
612,-0.408203125,1.716796875,1.2734375,0.25041288075779344,45,1712916516927
612,-0.623046875,1.802734375,1.125,0.25041288075779344,20,1712916516927
612,-0.4765625,1.474609375,1.52734375,0.37561932113669017,73,1712916516927
612,-0.623046875,1.634765625,1.357421875,0.37561932113669017,32,1712916516927
612,-0.544921875,1.15234375,1.763671875,0.5008257615155869,38,1712916516927
612,-0.69140625,0.888671875,1.90625,0.5008257615155869,17,1712916516927
613,0.84375,2.05078125,-0.392578125,0.25041288075779344,21,1712916517027
613,0.787109375,2.107421875,-0.427734375,0.25041288075779344,26,1712916517027
613,2.86328125,0.0,3.212890625,0.25041288075779344,30,1712916517027
613,0.451171875,2.005859375,-0.15234375,0.37561932113669017,58,1712916517027
613,0.458984375,2.037109375,-0.220703125,0.37561932113669017,108,1712916517027
613,0.466796875,2.056640625,-0.349609375,0.37561932113669017,96,1712916517027
613,0.544921875,2.015625,-0.615234375,0.37561932113669017,112,1712916517027
613,0.623046875,2.033203125,-0.619140625,0.37561932113669017,150,1712916517027
613,0.6328125,2.052734375,-0.6796875,0.37561932113669017,93,1712916517027
613,0.859375,1.974609375,-0.783203125,0.37561932113669017,42,1712916517027
613,0.80078125,2.134765625,-0.470703125,0.37561932113669017,28,1712916517027
613,-3.671875,2.212890625,-0.75,0.37561932113669017,33,1712916517027
613,0.505859375,1.958984375,-0.017578125,0.5008257615155869,28,1712916517027
613,0.515625,1.99609375,-0.060546875,0.5008257615155869,123,1712916517027
613,0.458984375,2.046875,-0.107421875,0.5008257615155869,230,1712916517027
613,0.400390625,2.0859375,-0.236328125,0.5008257615155869,210,1712916517027
613,0.544921875,2.03125,-0.5625,0.5008257615155869,249,1712916517027
613,0.552734375,2.0859375,-0.494140625,0.5008257615155869,325,1712916517027
613,0.5625,2.126953125,-0.478515625,0.5008257615155869,210,1712916517027
613,0.357421875,2.228515625,-0.392578125,0.5008257615155869,68,1712916517027
613,-3.671875,2.23828125,-0.666015625,0.5008257615155869,26,1712916517027
613,0.451171875,2.009765625,0.0703125,0.6260322018944836,77,1712916517027
613,0.458984375,2.048828125,0.01171875,0.6260322018944836,143,1712916517027
613,0.400390625,2.095703125,-0.134765625,0.6260322018944836,138,1712916517027
613,0.4765625,2.080078125,-0.421875,0.6260322018944836,162,1712916517027
613,0.484375,2.12890625,-0.369140625,0.6260322018944836,207,1712916517027
613,0.4921875,2.169921875,-0.349609375,0.6260322018944836,141,1712916517027
613,0.357421875,2.23828125,-0.330078125,0.6260322018944836,49,1712916517027
613,0.408203125,2.107421875,-0.353515625,0.7512386422733803,17,1712916517027
613,0.416015625,2.158203125,-0.26953125,0.7512386422733803,20,1712916517027
613,-3.091796875,1.931640625,-0.37109375,0.25041288075779344,19,1712916517027
613,2.076171875,0.0,1.791015625,0.37561932113669017,22,1712916517027
613,1.96484375,0.0,1.87109375,0.37561932113669017,15,1712916517027
613,-0.501953125,1.31640625,1.806640625,0.5008257615155869,38,1712916517027
614,0.544921875,1.865234375,-0.982421875,0.0,14,1712916517128
614,0.552734375,1.75,-1.23828125,0.0,20,1712916517128
614,0.5625,1.673828125,-1.396484375,0.0,15,1712916517128
614,0.787109375,1.900390625,-1.005859375,0.25041288075779344,21,1712916517128
614,0.80078125,1.984375,-0.919921875,0.25041288075779344,31,1712916517128
614,0.740234375,2.029296875,-0.96875,0.25041288075779344,25,1712916517128
614,0.53515625,2.060546875,-0.197265625,0.37561932113669017,17,1712916517128
614,0.544921875,2.0859375,-0.291015625,0.37561932113669017,18,1712916517128
614,0.703125,1.908203125,-0.96875,0.37561932113669017,27,1712916517128
614,0.859375,1.982421875,-0.76171875,0.37561932113669017,52,1712916517128
614,0.80078125,2.041015625,-0.78515625,0.37561932113669017,75,1712916517128
614,0.814453125,2.080078125,-0.783203125,0.37561932113669017,62,1712916517128
614,0.751953125,2.111328125,-0.875,0.37561932113669017,27,1712916517128
614,0.525390625,2.029296875,-0.109375,0.5008257615155869,42,1712916517128
614,0.466796875,2.078125,-0.18359375,0.5008257615155869,119,1712916517128
614,0.4765625,2.0859375,-0.39453125,0.5008257615155869,187,1712916517128
614,0.484375,2.0859375,-0.564453125,0.5008257615155869,195,1712916517128
614,0.421875,2.16015625,-0.482421875,0.5008257615155869,160,1712916517128
614,0.501953125,2.205078125,-0.361328125,0.5008257615155869,108,1712916517128
614,0.654296875,2.109375,-0.73828125,0.5008257615155869,57,1712916517128
614,0.740234375,2.12890625,-0.720703125,0.5008257615155869,53,1712916517128
614,0.67578125,2.189453125,-0.728515625,0.5008257615155869,28,1712916517128
614,0.458984375,2.046875,0.076171875,0.6260322018944836,51,1712916517128
614,0.466796875,2.080078125,-0.1640625,0.6260322018944836,172,1712916517128
614,0.4765625,2.076171875,-0.447265625,0.6260322018944836,351,1712916517128
614,0.416015625,2.119140625,-0.486328125,0.6260322018944836,470,1712916517128
614,0.421875,2.169921875,-0.431640625,0.6260322018944836,399,1712916517128
614,0.572265625,2.201171875,-0.275390625,0.6260322018944836,214,1712916517128
614,0.654296875,2.232421875,-0.09765625,0.6260322018944836,86,1712916517128
614,0.666015625,2.171875,-0.6640625,0.6260322018944836,36,1712916517128
614,0.466796875,2.072265625,-0.2421875,0.7512386422733803,78,1712916517128
614,0.408203125,2.103515625,-0.376953125,0.7512386422733803,216,1712916517128
614,0.484375,2.123046875,-0.3984375,0.7512386422733803,332,1712916517128
614,0.421875,2.185546875,-0.33984375,0.7512386422733803,281,1712916517128
614,0.501953125,2.224609375,-0.208984375,0.7512386422733803,122,1712916517128
614,0.728515625,2.166015625,0.453125,0.7512386422733803,26,1712916517128
614,0.33984375,2.13671875,-0.228515625,0.876445082652277,22,1712916517128
614,0.416015625,2.16015625,-0.259765625,0.876445082652277,40,1712916517128
614,0.421875,2.1953125,-0.27734375,0.876445082652277,33,1712916517128
614,-0.3515625,2.001953125,0.970703125,0.0,9,1712916517128
614,-1.50390625,1.72265625,-0.74609375,0.37561932113669017,14,1712916517128
614,1.52734375,0.0,2.046875,0.7512386422733803,16,1712916517128
615,0.4296875,1.841796875,-1.29296875,0.0,20,1712916517229
615,0.36328125,2.041015625,-1.060546875,0.0,16,1712916517229
615,0.552734375,2.140625,-0.126953125,0.37561932113669017,20,1712916517229
615,0.873046875,1.96875,-0.88671875,0.37561932113669017,50,1712916517229
615,0.814453125,2.0078125,-0.955078125,0.37561932113669017,69,1712916517229
615,0.826171875,2.03125,-0.98828125,0.37561932113669017,54,1712916517229
615,0.763671875,2.123046875,-0.939453125,0.37561932113669017,21,1712916517229
615,2.86328125,0.0,2.931640625,0.37561932113669017,40,1712916517229
615,2.892578125,0.0,2.78515625,0.37561932113669017,53,1712916517229
615,3.0390625,0.0,2.638671875,0.37561932113669017,38,1712916517229
615,0.544921875,2.10546875,-0.080078125,0.5008257615155869,70,1712916517229
615,0.552734375,2.134765625,-0.205078125,0.5008257615155869,131,1712916517229
615,0.4921875,2.166015625,-0.376953125,0.5008257615155869,163,1712916517229
615,0.4296875,2.1796875,-0.55859375,0.5008257615155869,147,1712916517229
615,0.291015625,2.208984375,-0.67578125,0.5008257615155869,94,1712916517229
615,0.9609375,2.162109375,0.05078125,0.5008257615155869,55,1712916517229
615,0.826171875,1.951171875,-1.13671875,0.5008257615155869,48,1712916517229
615,0.763671875,2.048828125,-1.091796875,0.5008257615155869,23,1712916517229
615,2.86328125,0.0,2.748046875,0.5008257615155869,40,1712916517229
615,3.0078125,0.0,2.81640625,0.5008257615155869,53,1712916517229
615,3.0390625,0.0,2.84375,0.5008257615155869,35,1712916517229
615,0.466796875,2.083984375,0.083984375,0.6260322018944836,22,1712916517229
615,0.544921875,2.107421875,0.015625,0.6260322018944836,81,1712916517229
615,0.484375,2.15234375,-0.19140625,0.6260322018944836,197,1712916517229
615,0.421875,2.177734375,-0.392578125,0.6260322018944836,352,1712916517229
615,0.4296875,2.189453125,-0.521484375,0.6260322018944836,395,1712916517229
615,0.4375,2.212890625,-0.578125,0.6260322018944836,264,1712916517229
615,0.369140625,2.267578125,-0.5703125,0.6260322018944836,104,1712916517229
615,0.451171875,2.255859375,-0.703125,0.6260322018944836,43,1712916517229
615,0.611328125,2.23046875,-0.7890625,0.6260322018944836,30,1712916517229
615,0.4765625,2.123046875,0.072265625,0.7512386422733803,28,1712916517229
615,0.416015625,2.166015625,-0.1953125,0.7512386422733803,108,1712916517229
615,0.421875,2.185546875,-0.345703125,0.7512386422733803,256,1712916517229
615,0.501953125,2.1953125,-0.421875,0.7512386422733803,316,1712916517229
615,0.4375,2.251953125,-0.3984375,0.7512386422733803,213,1712916517229
615,0.443359375,2.283203125,-0.439453125,0.7512386422733803,83,1712916517229
615,0.451171875,2.26171875,-0.68359375,0.7512386422733803,46,1712916517229
615,0.53515625,2.287109375,-0.673828125,0.7512386422733803,27,1712916517229
615,0.421875,2.201171875,-0.2265625,0.876445082652277,41,1712916517229
615,0.4296875,2.25,-0.037109375,0.876445082652277,48,1712916517229
615,0.4375,2.287109375,-0.046875,0.876445082652277,19,1712916517229
615,0.294921875,2.2109375,-0.79296875,0.876445082652277,28,1712916517229
615,0.375,2.24609375,-0.771484375,0.876445082652277,25,1712916517229
615,0.654296875,1.5390625,1.62109375,-1.0016515230311738,18,1712916517229
615,0.0,1.94140625,1.287109375,0.37561932113669017,28,1712916517229
615,0.0,2.099609375,1.091796875,0.37561932113669017,35,1712916517229
615,-1.52734375,1.65625,-0.9453125,0.37561932113669017,13,1712916517229
615,-3.091796875,1.78125,-0.8359375,0.37561932113669017,25,1712916517229
615,-3.0078125,1.927734375,-0.970703125,0.37561932113669017,30,1712916517229
615,0.1484375,2.2890625,-0.5859375,0.5008257615155869,49,1712916517229
615,-1.451171875,1.67578125,-1.02734375,0.5008257615155869,13,1712916517229
615,-3.091796875,1.5703125,-1.18359375,0.5008257615155869,23,1712916517229
615,-3.0078125,1.912109375,-1.001953125,0.5008257615155869,29,1712916517229
615,-3.15625,1.83984375,-0.806640625,0.5008257615155869,19,1712916517229
615,-1.775390625,1.466796875,-0.544921875,0.6260322018944836,53,1712916517229
615,1.6015625,0.0,1.724609375,0.876445082652277,14,1712916517229
615,-0.21875,2.19921875,-0.736328125,-1.0016515230311738,15,1712916517229
616,0.572265625,2.06640625,-0.806640625,0.0,17,1712916517329
616,0.509765625,2.05078125,-0.978515625,0.0,24,1712916517329
616,0.517578125,2.0078125,-1.140625,0.0,22,1712916517329
616,0.552734375,2.13671875,-0.185546875,0.37561932113669017,27,1712916517329
616,0.5625,2.169921875,-0.212890625,0.37561932113669017,61,1712916517329
616,0.572265625,2.189453125,-0.3515625,0.37561932113669017,77,1712916517329
616,0.509765625,2.181640625,-0.6328125,0.37561932113669017,69,1712916517329
616,0.591796875,2.009765625,-1.099609375,0.37561932113669017,41,1712916517329
616,0.552734375,2.142578125,-0.060546875,0.5008257615155869,73,1712916517329
616,0.5625,2.177734375,-0.109375,0.5008257615155869,168,1712916517329
616,0.501953125,2.21875,-0.27734375,0.5008257615155869,246,1712916517329
616,0.509765625,2.20703125,-0.5390625,0.5008257615155869,304,1712916517329
616,0.517578125,2.18359375,-0.75390625,0.5008257615155869,265,1712916517329
616,0.525390625,2.076171875,-1.095703125,0.5008257615155869,121,1712916517329
616,0.380859375,2.3828125,0.37890625,0.5008257615155869,57,1712916517329
616,0.154296875,2.44140625,0.41796875,0.5008257615155869,38,1712916517329
616,0.484375,2.16015625,0.052734375,0.6260322018944836,55,1712916517329
616,0.4921875,2.197265625,0.013671875,0.6260322018944836,134,1712916517329
616,0.501953125,2.2265625,-0.205078125,0.6260322018944836,232,1712916517329
616,0.509765625,2.232421875,-0.419921875,0.6260322018944836,349,1712916517329
616,0.517578125,2.23828125,-0.568359375,0.6260322018944836,343,1712916517329
616,0.525390625,2.220703125,-0.7578125,0.6260322018944836,193,1712916517329
616,0.380859375,2.177734375,-1.041015625,0.6260322018944836,80,1712916517329
616,0.154296875,1.95703125,-1.517578125,0.6260322018944836,44,1712916517329
616,0.787109375,2.30859375,-0.6328125,0.6260322018944836,26,1712916517329
616,0.421875,2.212890625,0.001953125,0.7512386422733803,22,1712916517329
616,0.4296875,2.24609375,-0.1171875,0.7512386422733803,57,1712916517329
616,0.509765625,2.255859375,-0.275390625,0.7512386422733803,105,1712916517329
616,0.443359375,2.3046875,-0.3046875,0.7512386422733803,111,1712916517329
616,0.525390625,2.2890625,-0.515625,0.7512386422733803,77,1712916517329
616,0.380859375,2.287109375,-0.771484375,0.7512386422733803,40,1712916517329
616,0.36328125,2.267578125,-0.3828125,0.876445082652277,17,1712916517329
616,0.369140625,2.26953125,-0.55859375,0.876445082652277,19,1712916517329
616,-0.369140625,2.078125,1.0703125,0.0,14,1712916517329
616,-0.369140625,1.890625,1.375,0.37561932113669017,29,1712916517329
616,-0.369140625,1.771484375,1.525390625,0.5008257615155869,136,1712916517329
616,-0.375,1.880859375,1.453125,0.5008257615155869,86,1712916517329
616,-0.458984375,1.673828125,1.720703125,0.5008257615155869,45,1712916517329
616,0.9296875,1.998046875,-1.138671875,0.5008257615155869,36,1712916517329
616,-0.375,1.7421875,1.615234375,0.6260322018944836,102,1712916517329
616,-0.458984375,1.701171875,1.69140625,0.6260322018944836,48,1712916517329
616,0.9296875,2.21484375,-0.623046875,0.6260322018944836,38,1712916517329
616,0.078125,1.486328125,-2.033203125,0.6260322018944836,18,1712916517329
617,0.572265625,2.138671875,-0.587890625,0.0,15,1712916517429
617,0.654296875,2.12109375,-0.703125,0.0,24,1712916517429
617,0.591796875,2.109375,-0.896484375,0.0,20,1712916517429
617,0.6015625,1.966796875,-1.248046875,0.0,17,1712916517429
617,0.6875,1.91796875,-1.34765625,0.0,12,1712916517429
617,0.666015625,1.80859375,-1.375,0.25041288075779344,21,1712916517429
617,0.6015625,2.115234375,-0.97265625,0.25041288075779344,65,1712916517429
617,0.611328125,2.15625,-0.970703125,0.25041288075779344,72,1712916517429
617,0.62109375,2.142578125,-1.08984375,0.25041288075779344,32,1712916517429
617,0.572265625,2.203125,-0.248046875,0.37561932113669017,48,1712916517429
617,0.58203125,2.142578125,-0.701171875,0.37561932113669017,75,1712916517429
617,0.666015625,1.908203125,-1.232421875,0.37561932113669017,53,1712916517429
617,0.525390625,2.244140625,-0.689453125,0.37561932113669017,149,1712916517429
617,0.611328125,2.228515625,-0.79296875,0.37561932113669017,178,1712916517429
617,0.54296875,2.29296875,-0.77734375,0.37561932113669017,116,1712916517429
617,0.47265625,2.369140625,-0.716796875,0.37561932113669017,48,1712916517429
617,0.5625,2.1796875,-0.087890625,0.5008257615155869,46,1712916517429
617,0.572265625,2.21484375,-0.12109375,0.5008257615155869,159,1712916517429
617,0.654296875,2.228515625,-0.177734375,0.5008257615155869,229,1712916517429
617,0.666015625,2.26953125,-0.109375,0.5008257615155869,115,1712916517429
617,0.451171875,2.310546875,-0.490234375,0.5008257615155869,120,1712916517429
617,0.53515625,2.318359375,-0.556640625,0.5008257615155869,234,1712916517429
617,0.62109375,2.31640625,-0.634765625,0.5008257615155869,186,1712916517429
617,0.630859375,2.357421875,-0.626953125,0.5008257615155869,83,1712916517429
617,0.5625,2.1796875,0.05078125,0.6260322018944836,44,1712916517429
617,0.572265625,2.21875,0.015625,0.6260322018944836,152,1712916517429
617,0.58203125,2.25390625,0.025390625,0.6260322018944836,225,1712916517429
617,0.591796875,2.291015625,0.04296875,0.6260322018944836,138,1712916517429
617,0.30078125,2.35546875,-0.376953125,0.6260322018944836,93,1712916517429
617,0.458984375,2.376953125,-0.3359375,0.6260322018944836,145,1712916517429
617,0.54296875,2.380859375,-0.443359375,0.6260322018944836,111,1712916517429
617,0.708984375,2.318359375,-0.685546875,0.6260322018944836,55,1712916517429
617,0.501953125,2.228515625,0.18359375,0.7512386422733803,37,1712916517429
617,0.509765625,2.263671875,0.1875,0.7512386422733803,56,1712916517429
617,0.517578125,2.306640625,0.109375,0.7512386422733803,42,1712916517429
617,0.375,2.373046875,-0.099609375,0.7512386422733803,25,1712916517429
617,0.228515625,2.431640625,0.00390625,0.7512386422733803,26,1712916517429
617,-0.3046875,2.193359375,1.03125,0.0,7,1712916517429
617,-0.294921875,2.2890625,0.525390625,0.25041288075779344,21,1712916517429
617,-0.310546875,2.232421875,1.0390625,0.25041288075779344,19,1712916517429
617,-0.22265625,2.279296875,0.59765625,0.37561932113669017,45,1712916517429
618,0.666015625,2.166015625,-0.685546875,0.0,18,1712916517529
618,0.6015625,2.19140625,-0.7890625,0.0,24,1712916517529
618,0.611328125,2.134765625,-1.017578125,0.0,27,1712916517529
618,0.54296875,2.1640625,-1.0859375,0.0,25,1712916517529
618,0.47265625,2.232421875,-1.06640625,0.0,13,1712916517529
618,0.6015625,2.28515625,-0.451171875,0.25041288075779344,18,1712916517529
618,0.611328125,2.26171875,-0.6953125,0.25041288075779344,32,1712916517529
618,0.62109375,2.2890625,-0.732421875,0.25041288075779344,32,1712916517529
618,0.509765625,2.201171875,-0.56640625,0.37561932113669017,18,1712916517529
618,0.666015625,2.177734375,-0.64453125,0.37561932113669017,30,1712916517529
618,0.67578125,2.271484375,-0.41015625,0.37561932113669017,40,1712916517529
618,0.611328125,2.287109375,-0.603515625,0.37561932113669017,159,1712916517529
618,0.62109375,2.3125,-0.650390625,0.37561932113669017,217,1712916517529
618,0.630859375,2.345703125,-0.66796875,0.37561932113669017,129,1712916517529
618,0.71875,2.298828125,-0.861328125,0.37561932113669017,39,1712916517529
618,0.58203125,2.24609375,-0.197265625,0.5008257615155869,85,1712916517529
618,0.591796875,2.283203125,-0.19921875,0.5008257615155869,163,1712916517529
618,0.6015625,2.322265625,-0.1796875,0.5008257615155869,126,1712916517529
618,0.611328125,2.326171875,-0.43359375,0.5008257615155869,197,1712916517529
618,0.54296875,2.380859375,-0.4453125,0.5008257615155869,284,1712916517529
618,0.630859375,2.400390625,-0.431640625,0.5008257615155869,189,1712916517529
618,0.71875,2.392578125,-0.544921875,0.5008257615155869,85,1712916517529
618,0.73046875,2.3515625,-0.822265625,0.5008257615155869,65,1712916517529
618,0.740234375,2.361328125,-0.90234375,0.5008257615155869,39,1712916517529
618,0.509765625,2.271484375,-0.005859375,0.6260322018944836,93,1712916517529
618,0.517578125,2.310546875,-0.0078125,0.6260322018944836,186,1712916517529
618,0.525390625,2.34765625,-0.009765625,0.6260322018944836,169,1712916517529
618,0.53515625,2.37890625,-0.15625,0.6260322018944836,98,1712916517529
618,0.54296875,2.4140625,-0.19140625,0.6260322018944836,113,1712916517529
618,0.47265625,2.47265625,-0.103515625,0.6260322018944836,74,1712916517529
618,0.55859375,2.48828125,-0.19140625,0.6260322018944836,42,1712916517529
618,0.73046875,2.41796875,-0.6015625,0.6260322018944836,44,1712916517529
618,0.740234375,2.421875,-0.724609375,0.6260322018944836,29,1712916517529
618,0.509765625,2.26953125,0.09375,0.7512386422733803,28,1712916517529
618,0.517578125,2.306640625,0.12109375,0.7512386422733803,57,1712916517529
618,0.525390625,2.34375,0.11328125,0.7512386422733803,54,1712916517529
618,0.458984375,2.388671875,0.234375,0.7512386422733803,25,1712916517529
618,0.787109375,1.947265625,-1.392578125,0.7512386422733803,27,1712916517529
618,-0.39453125,1.970703125,1.51953125,0.0,8,1712916517529
618,-1.646484375,1.81640625,-0.962890625,0.5008257615155869,20,1712916517529
618,-0.158203125,2.302734375,1.009765625,0.7512386422733803,14,1712916517529
619,0.6015625,2.1953125,-0.77734375,0.0,16,1712916517630
619,0.53515625,2.201171875,-0.91796875,0.0,34,1712916517630
619,0.54296875,2.19140625,-1.029296875,0.0,49,1712916517630
619,0.55078125,2.21484375,-1.068359375,0.0,45,1712916517630
619,0.400390625,2.34375,-0.94140625,0.0,26,1712916517630
619,0.525390625,2.205078125,-0.802734375,0.25041288075779344,18,1712916517630
619,0.53515625,2.232421875,-0.837890625,0.25041288075779344,77,1712916517630
619,0.62109375,2.228515625,-0.896484375,0.25041288075779344,122,1712916517630
619,0.708984375,2.208984375,-0.984375,0.25041288075779344,89,1712916517630
619,0.0,0.9296875,-2.3828125,0.25041288075779344,41,1712916517630
619,0.40625,2.390625,-0.92578125,0.25041288075779344,44,1712916517630
619,0.525390625,2.26953125,-0.599609375,0.37561932113669017,71,1712916517630
619,0.611328125,2.26171875,-0.6953125,0.37561932113669017,255,1712916517630
619,0.54296875,2.333984375,-0.646484375,0.37561932113669017,449,1712916517630
619,0.630859375,2.345703125,-0.669921875,0.37561932113669017,379,1712916517630
619,0.638671875,2.3828125,-0.677734375,0.37561932113669017,153,1712916517630
619,0.162109375,1.744140625,-1.916015625,0.37561932113669017,32,1712916517630
619,0.412109375,2.44140625,-0.900390625,0.37561932113669017,31,1712916517630
619,0.517578125,2.306640625,-0.1328125,0.5008257615155869,53,1712916517630
619,0.6015625,2.318359375,-0.2109375,0.5008257615155869,156,1712916517630
619,0.53515625,2.3359375,-0.478515625,0.5008257615155869,292,1712916517630
619,0.54296875,2.369140625,-0.498046875,0.5008257615155869,474,1712916517630
619,0.55078125,2.41796875,-0.443359375,0.5008257615155869,474,1712916517630
619,0.638671875,2.4453125,-0.39453125,0.5008257615155869,276,1712916517630
619,0.73046875,2.46875,-0.337890625,0.5008257615155869,94,1712916517630
619,0.740234375,2.453125,-0.607421875,0.5008257615155869,19,1712916517630
619,0.517578125,2.30859375,0.08984375,0.6260322018944836,51,1712916517630
619,0.6015625,2.328125,0.0078125,0.6260322018944836,143,1712916517630
619,0.611328125,2.365234375,-0.07421875,0.6260322018944836,175,1712916517630
619,0.54296875,2.392578125,-0.369140625,0.6260322018944836,166,1712916517630
619,0.55078125,2.443359375,-0.275390625,0.6260322018944836,208,1712916517630
619,0.638671875,2.47265625,-0.142578125,0.6260322018944836,179,1712916517630
619,0.6484375,2.51171875,-0.08203125,0.6260322018944836,93,1712916517630
619,0.658203125,2.548828125,0.115234375,0.6260322018944836,19,1712916517630
619,0.525390625,2.333984375,0.2421875,0.7512386422733803,37,1712916517630
619,0.611328125,2.353515625,0.24609375,0.7512386422733803,37,1712916517630
619,0.388671875,1.48828125,-1.947265625,0.7512386422733803,14,1712916517630
619,0.798828125,2.408203125,0.326171875,0.7512386422733803,33,1712916517630
619,0.73046875,2.419921875,-0.58984375,0.7512386422733803,32,1712916517630
619,0.53515625,2.158203125,-1.013671875,-0.12520644037889672,17,1712916517630
619,0.54296875,2.0859375,-1.228515625,-0.12520644037889672,23,1712916517630
619,0.47265625,2.189453125,-1.154296875,-0.12520644037889672,21,1712916517630
619,-0.55859375,2.064453125,1.400390625,0.0,16,1712916517630
619,-0.158203125,2.1875,1.23828125,0.25041288075779344,61,1712916517630
619,0.798828125,2.310546875,-0.75390625,0.25041288075779344,41,1712916517630
619,-0.240234375,1.974609375,1.609375,0.37561932113669017,85,1712916517630
619,-1.78515625,1.765625,-0.662109375,0.37561932113669017,21,1712916517630
619,-0.1640625,1.12890625,2.375,0.5008257615155869,13,1712916517630
619,-1.892578125,1.8203125,-0.201171875,0.6260322018944836,12,1712916517630
619,1.396484375,0.0,-2.072265625,0.7512386422733803,12,1712916517630
619,-0.388671875,2.15625,1.16796875,-0.12520644037889672,12,1712916517630
619,-0.47265625,2.115234375,1.28515625,-0.12520644037889672,11,1712916517630
620,0.62109375,2.17578125,-1.01953125,0.0,10,1712916517730
620,0.708984375,2.142578125,-1.123046875,0.0,17,1712916517730
620,0.798828125,2.1640625,-1.10546875,0.0,15,1712916517730
620,0.39453125,2.2890625,-0.978515625,0.12520644037889672,23,1712916517730
620,0.3203125,2.33984375,-0.982421875,0.12520644037889672,28,1712916517730
620,0.32421875,2.373046875,-1.001953125,0.12520644037889672,19,1712916517730
620,0.46484375,2.345703125,-0.662109375,0.25041288075779344,33,1712916517730
620,0.39453125,2.384765625,-0.7109375,0.25041288075779344,88,1712916517730
620,0.400390625,2.416015625,-0.736328125,0.25041288075779344,112,1712916517730
620,0.40625,2.466796875,-0.701171875,0.25041288075779344,71,1712916517730
620,0.330078125,2.552734375,-0.5625,0.25041288075779344,30,1712916517730
620,0.54296875,2.333984375,-0.646484375,0.37561932113669017,56,1712916517730
620,0.55078125,2.369140625,-0.658203125,0.37561932113669017,171,1712916517730
620,0.638671875,2.3828125,-0.67578125,0.37561932113669017,248,1712916517730
620,0.6484375,2.419921875,-0.677734375,0.37561932113669017,173,1712916517730
620,0.576171875,2.517578125,-0.51953125,0.37561932113669017,46,1712916517730
620,0.53515625,2.384765625,-0.017578125,0.5008257615155869,19,1712916517730
620,0.630859375,2.341796875,-0.681640625,0.5008257615155869,131,1712916517730
620,0.638671875,2.416015625,-0.54296875,0.5008257615155869,278,1712916517730
620,0.6484375,2.466796875,-0.482421875,0.5008257615155869,256,1712916517730
620,0.658203125,2.515625,-0.423828125,0.5008257615155869,111,1712916517730
620,0.53515625,2.384765625,0.021484375,0.6260322018944836,28,1712916517730
620,0.46484375,2.4296875,0.19140625,0.6260322018944836,47,1712916517730
620,0.0,2.365234375,0.869140625,0.6260322018944836,21,1712916517730
620,0.638671875,2.43359375,-0.4609375,0.6260322018944836,121,1712916517730
620,0.6484375,2.498046875,-0.271484375,0.6260322018944836,157,1712916517730
620,0.658203125,2.5390625,-0.240234375,0.6260322018944836,95,1712916517730
620,0.66796875,2.568359375,-0.314453125,0.6260322018944836,37,1712916517730
620,0.46484375,2.404296875,0.3984375,0.7512386422733803,22,1712916517730
620,0.568359375,2.53125,-0.1015625,0.7512386422733803,30,1712916517730
620,0.658203125,2.548828125,-0.06640625,0.7512386422733803,25,1712916517730
620,-0.158203125,1.916015625,1.62890625,0.0,11,1712916517730
620,-0.16015625,1.228515625,2.23828125,0.0,13,1712916517730
620,0.865234375,1.962890625,-1.3203125,0.6260322018944836,21,1712916517730
621,0.55859375,2.14453125,-1.27734375,0.0,20,1712916517831
621,0.568359375,2.17578125,-1.298828125,0.0,24,1712916517831
621,0.576171875,2.21484375,-1.302734375,0.0,17,1712916517831
621,0.40625,2.373046875,-0.97265625,0.25041288075779344,18,1712916517831
621,0.638671875,2.275390625,-0.9765625,0.37561932113669017,28,1712916517831
621,0.73046875,2.044921875,-1.423828125,0.37561932113669017,27,1712916517831
621,0.0,2.626953125,-0.1953125,0.37561932113669017,22,1712916517831
621,0.630859375,2.359375,-0.62109375,0.5008257615155869,77,1712916517831
621,0.638671875,2.375,-0.705078125,0.5008257615155869,179,1712916517831
621,0.6484375,2.39453125,-0.763671875,0.5008257615155869,223,1712916517831
621,0.658203125,2.431640625,-0.771484375,0.5008257615155869,168,1712916517831
621,0.583984375,2.529296875,-0.634765625,0.5008257615155869,87,1712916517831
621,0.5078125,2.580078125,-0.66015625,0.5008257615155869,34,1712916517831
621,0.55078125,2.416015625,-0.451171875,0.6260322018944836,91,1712916517831
621,0.55859375,2.4453125,-0.50390625,0.6260322018944836,228,1712916517831
621,0.568359375,2.474609375,-0.5390625,0.6260322018944836,299,1712916517831
621,0.576171875,2.51171875,-0.546875,0.6260322018944836,237,1712916517831
621,0.583984375,2.55859375,-0.501953125,0.6260322018944836,128,1712916517831
621,0.59375,2.576171875,-0.6015625,0.6260322018944836,54,1712916517831
621,0.7734375,2.525390625,-0.763671875,0.6260322018944836,41,1712916517831
621,0.783203125,2.55078125,-0.806640625,0.6260322018944836,29,1712916517831
621,0.55078125,2.44140625,-0.283203125,0.7512386422733803,28,1712916517831
621,0.55859375,2.474609375,-0.330078125,0.7512386422733803,77,1712916517831
621,0.568359375,2.505859375,-0.375,0.7512386422733803,109,1712916517831
621,0.494140625,2.5625,-0.365234375,0.7512386422733803,96,1712916517831
621,0.501953125,2.59765625,-0.3828125,0.7512386422733803,54,1712916517831
621,0.59375,2.58203125,-0.5703125,0.7512386422733803,29,1712916517831
621,0.6875,2.580078125,-0.6484375,0.7512386422733803,31,1712916517831
621,0.783203125,2.59375,-0.6484375,0.7512386422733803,29,1712916517831
621,0.0,2.595703125,0.056640625,0.37561932113669017,25,1712916517831
621,0.822265625,1.5546875,-1.9609375,0.37561932113669017,19,1712916517831
622,0.330078125,2.474609375,-0.841796875,0.37561932113669017,27,1712916517931
622,0.333984375,2.525390625,-0.80859375,0.37561932113669017,34,1712916517931
622,0.423828125,2.552734375,-0.80859375,0.37561932113669017,27,1712916517931
622,0.6015625,2.541015625,-0.859375,0.37561932113669017,17,1712916517931
622,0.48046875,2.51171875,-0.009765625,0.5008257615155869,39,1712916517931
622,0.486328125,2.283203125,-1.13671875,0.5008257615155869,80,1712916517931
622,0.412109375,2.44921875,-0.87890625,0.5008257615155869,183,1712916517931
622,0.41796875,2.529296875,-0.751953125,0.5008257615155869,237,1712916517931
622,0.423828125,2.58984375,-0.677734375,0.5008257615155869,169,1712916517931
622,0.6015625,2.603515625,-0.642578125,0.5008257615155869,75,1712916517931
622,0.783203125,2.509765625,-0.92578125,0.5008257615155869,33,1712916517931
622,0.48046875,2.486328125,0.361328125,0.6260322018944836,34,1712916517931
622,0.486328125,2.33203125,-1.03125,0.6260322018944836,106,1712916517931
622,0.412109375,2.505859375,-0.697265625,0.6260322018944836,295,1712916517931
622,0.41796875,2.568359375,-0.607421875,0.6260322018944836,378,1712916517931
622,0.423828125,2.62109375,-0.546875,0.6260322018944836,266,1712916517931
622,0.4296875,2.6796875,-0.431640625,0.6260322018944836,102,1712916517931
622,0.486328125,2.4765625,-0.609375,0.7512386422733803,75,1712916517931
622,0.412109375,2.546875,-0.53125,0.7512386422733803,193,1712916517931
622,0.501953125,2.576171875,-0.5078125,0.7512386422733803,239,1712916517931
622,0.5078125,2.62109375,-0.462890625,0.7512386422733803,155,1712916517931
622,0.515625,2.6796875,-0.333984375,0.7512386422733803,51,1712916517931
622,0.486328125,2.513671875,-0.423828125,0.876445082652277,55,1712916517931
622,0.494140625,2.541015625,-0.486328125,0.876445082652277,91,1712916517931
622,0.41796875,2.5859375,-0.525390625,0.876445082652277,74,1712916517931
622,0.423828125,2.607421875,-0.603515625,0.876445082652277,30,1712916517931
623,0.6015625,2.21875,-1.5078125,0.0,17,1712916518031
623,0.794921875,2.412109375,-1.236328125,0.37561932113669017,30,1712916518031
623,0.8046875,2.5078125,-1.12109375,0.37561932113669017,31,1712916518031
623,0.494140625,2.580078125,-0.189453125,0.5008257615155869,61,1712916518031
623,0.501953125,2.59765625,-0.375,0.5008257615155869,129,1712916518031
623,0.5078125,2.599609375,-0.57421875,0.5008257615155869,166,1712916518031
623,0.4296875,2.62109375,-0.70703125,0.5008257615155869,132,1712916518031
623,0.697265625,2.494140625,-1.03125,0.5008257615155869,97,1712916518031
623,0.794921875,2.509765625,-1.025390625,0.5008257615155869,90,1712916518031
623,0.8046875,2.568359375,-0.978515625,0.5008257615155869,71,1712916518031
623,0.724609375,2.650390625,-0.931640625,0.5008257615155869,35,1712916518031
623,0.486328125,2.548828125,0.07421875,0.6260322018944836,17,1712916518031
623,0.494140625,2.583984375,-0.115234375,0.6260322018944836,69,1712916518031
623,0.41796875,2.619140625,-0.32421875,0.6260322018944836,183,1712916518031
623,0.5078125,2.6171875,-0.490234375,0.6260322018944836,321,1712916518031
623,0.515625,2.63671875,-0.578125,0.6260322018944836,344,1712916518031
623,0.5234375,2.662109375,-0.642578125,0.6260322018944836,233,1712916518031
623,0.6171875,2.64453125,-0.77734375,0.6260322018944836,113,1712916518031
623,0.71484375,2.64453125,-0.83203125,0.6260322018944836,57,1712916518031
623,0.724609375,2.693359375,-0.796875,0.6260322018944836,26,1712916518031
623,0.330078125,2.60546875,-0.20703125,0.7512386422733803,18,1712916518031
623,0.41796875,2.611328125,-0.3828125,0.7512386422733803,79,1712916518031
623,0.5078125,2.625,-0.443359375,0.7512386422733803,196,1712916518031
623,0.515625,2.66796875,-0.41796875,0.7512386422733803,257,1712916518031
623,0.435546875,2.7265625,-0.37109375,0.7512386422733803,195,1712916518031
623,0.44140625,2.7578125,-0.421875,0.7512386422733803,81,1712916518031
623,0.583984375,2.556640625,-0.51171875,0.876445082652277,55,1712916518031
623,0.59375,2.580078125,-0.5859375,0.876445082652277,81,1712916518031
623,0.6015625,2.638671875,-0.482421875,0.876445082652277,64,1712916518031
623,0.435546875,2.75,-0.12109375,0.876445082652277,41,1712916518031
623,0.353515625,2.802734375,-0.0546875,0.876445082652277,21,1712916518031
623,0.76171875,1.5625,2.080078125,-1.0016515230311738,16,1712916518031
623,-0.25390625,2.669921875,-0.38671875,-1.0016515230311738,13,1712916518031
624,0.515625,2.447265625,-1.138671875,0.0,10,1712916518132
624,0.5234375,2.47265625,-1.173828125,0.0,18,1712916518132
624,0.529296875,2.453125,-1.298828125,0.0,18,1712916518132
624,0.44140625,2.54296875,-1.146484375,0.12520644037889672,19,1712916518132
624,0.529296875,2.484375,-1.23828125,0.25041288075779344,24,1712916518132
624,0.626953125,2.330078125,-1.541015625,0.25041288075779344,19,1712916518132
624,0.34375,2.66015625,-0.6015625,0.37561932113669017,23,1712916518132
624,0.435546875,2.66796875,-0.677734375,0.37561932113669017,29,1712916518132
624,0.265625,2.78125,-0.423828125,0.37561932113669017,21,1712916518132
624,0.984375,1.759765625,-2.033203125,0.37561932113669017,22,1712916518132
624,0.81640625,2.416015625,-1.3828125,0.37561932113669017,36,1712916518132
624,0.734375,2.666015625,-0.998046875,0.37561932113669017,33,1712916518132
624,0.501953125,2.615234375,-0.21484375,0.5008257615155869,34,1712916518132
624,0.5078125,2.607421875,-0.53515625,0.5008257615155869,70,1712916518132
624,0.4296875,2.65234375,-0.583984375,0.5008257615155869,113,1712916518132
624,0.435546875,2.669921875,-0.673828125,0.5008257615155869,128,1712916518132
624,0.529296875,2.712890625,-0.583984375,0.5008257615155869,121,1712916518132
624,0.357421875,2.826171875,-0.294921875,0.5008257615155869,65,1712916518132
624,0.501953125,2.62109375,-0.1484375,0.6260322018944836,49,1712916518132
624,0.5078125,2.638671875,-0.349609375,0.6260322018944836,100,1712916518132
624,0.4296875,2.685546875,-0.3984375,0.6260322018944836,133,1712916518132
624,0.34765625,2.712890625,-0.53125,0.6260322018944836,109,1712916518132
624,0.6171875,2.744140625,-0.265625,0.6260322018944836,136,1712916518132
624,0.626953125,2.787109375,-0.18359375,0.6260322018944836,102,1712916518132
624,0.41796875,2.63671875,-0.12890625,0.7512386422733803,20,1712916518132
624,0.423828125,2.66796875,-0.21484375,0.7512386422733803,43,1712916518132
624,0.34375,2.712890625,-0.287109375,0.7512386422733803,53,1712916518132
624,0.0,2.75390625,-0.42578125,0.7512386422733803,40,1712916518132
624,0.70703125,2.732421875,0.11328125,0.7512386422733803,56,1712916518132
624,0.626953125,2.79296875,0.021484375,0.7512386422733803,49,1712916518132
624,-2.294921875,1.443359375,-0.79296875,0.37561932113669017,11,1712916518132
624,0.0,2.8359375,0.388671875,0.37561932113669017,15,1712916518132
624,0.95703125,1.939453125,1.7578125,0.7512386422733803,27,1712916518132
624,-0.17578125,1.8359375,-2.140625,0.7512386422733803,29,1712916518132
625,0.4296875,2.62109375,-0.708984375,0.37561932113669017,28,1712916518233
625,0.435546875,2.65234375,-0.734375,0.37561932113669017,53,1712916518233
625,0.353515625,2.693359375,-0.7734375,0.37561932113669017,48,1712916518233
625,0.8046875,2.6796875,-0.607421875,0.37561932113669017,25,1712916518233
625,0.81640625,2.626953125,-0.92578125,0.37561932113669017,23,1712916518233
625,0.5078125,2.640625,-0.337890625,0.5008257615155869,25,1712916518233
625,0.515625,2.662109375,-0.4453125,0.5008257615155869,87,1712916518233
625,0.435546875,2.716796875,-0.443359375,0.5008257615155869,144,1712916518233
625,0.353515625,2.775390625,-0.390625,0.5008257615155869,100,1712916518233
625,0.71484375,2.673828125,-0.73046875,0.5008257615155869,60,1712916518233
625,0.724609375,2.6640625,-0.890625,0.5008257615155869,33,1712916518233
625,0.515625,2.685546875,-0.27734375,0.6260322018944836,76,1712916518233
625,0.435546875,2.748046875,-0.150390625,0.6260322018944836,108,1712916518233
625,0.44140625,2.77734375,0.267578125,0.6260322018944836,53,1712916518233
625,0.71484375,2.47265625,-1.255859375,0.6260322018944836,43,1712916518233
625,0.724609375,2.56640625,-1.14453125,0.6260322018944836,30,1712916518233
625,0.734375,2.74609375,-0.748046875,0.6260322018944836,63,1712916518233
625,0.744140625,2.806640625,-0.66015625,0.6260322018944836,51,1712916518233
625,0.734375,2.76953125,-0.65625,0.7512386422733803,39,1712916518233
625,-0.267578125,1.25390625,-2.560546875,0.5008257615155869,33,1712916518233
625,-0.453125,1.921875,2.125,0.5008257615155869,20,1712916518233
625,-0.357421875,2.65625,1.009765625,0.6260322018944836,25,1712916518233
625,-0.634765625,2.095703125,1.904296875,0.6260322018944836,20,1712916518233
626,0.626953125,2.361328125,-1.494140625,0.0,24,1712916518333
626,0.544921875,2.435546875,-1.478515625,0.0,28,1712916518333
626,0.458984375,2.470703125,-1.5234375,0.0,18,1712916518333
626,0.529296875,2.6796875,-0.71875,0.37561932113669017,24,1712916518333
626,0.537109375,2.69140625,-0.81640625,0.37561932113669017,53,1712916518333
626,0.544921875,2.724609375,-0.83203125,0.37561932113669017,64,1712916518333
626,0.55078125,2.7734375,-0.80078125,0.37561932113669017,41,1712916518333
626,0.5234375,2.71875,-0.326171875,0.5008257615155869,46,1712916518333
626,0.6171875,2.7265625,-0.400390625,0.5008257615155869,117,1712916518333
626,0.537109375,2.771484375,-0.482421875,0.5008257615155869,183,1712916518333
626,0.544921875,2.794921875,-0.552734375,0.5008257615155869,173,1712916518333
626,0.55078125,2.84765625,-0.47265625,0.5008257615155869,94,1712916518333
626,0.55859375,2.91015625,-0.298828125,0.5008257615155869,41,1712916518333
626,0.75390625,2.7265625,-1.044921875,0.5008257615155869,49,1712916518333
626,0.763671875,2.759765625,-1.064453125,0.5008257615155869,26,1712916518333
626,0.5234375,2.736328125,-0.05859375,0.6260322018944836,66,1712916518333
626,0.529296875,2.7734375,-0.1015625,0.6260322018944836,145,1712916518333
626,0.537109375,2.8046875,-0.201171875,0.6260322018944836,185,1712916518333
626,0.544921875,2.8359375,-0.2890625,0.6260322018944836,139,1712916518333
626,0.642578125,2.865234375,0.126953125,0.6260322018944836,53,1712916518333
626,0.55859375,2.759765625,-0.966796875,0.6260322018944836,74,1712916518333
626,0.66015625,2.80859375,-0.876953125,0.6260322018944836,81,1712916518333
626,0.763671875,2.8359375,-0.841796875,0.6260322018944836,44,1712916518333
626,0.5234375,2.73046875,0.19140625,0.7512386422733803,29,1712916518333
626,0.529296875,2.771484375,0.134765625,0.7512386422733803,59,1712916518333
626,0.447265625,2.82421875,-0.150390625,0.7512386422733803,79,1712916518333
626,0.271484375,2.8359375,-0.548828125,0.7512386422733803,73,1712916518333
626,0.0,2.712890625,-1.1328125,0.7512386422733803,25,1712916518333
626,0.55859375,2.869140625,-0.572265625,0.7512386422733803,39,1712916518333
626,0.75390625,2.845703125,-0.654296875,0.7512386422733803,38,1712916518333
626,0.66796875,2.88671875,-0.740234375,0.7512386422733803,22,1712916518333
626,0.267578125,2.8203125,-0.416015625,0.876445082652277,32,1712916518333
626,0.271484375,2.814453125,-0.646484375,0.876445082652277,52,1712916518333
626,0.091796875,2.8203125,-0.822265625,0.876445082652277,35,1712916518333
626,-0.287109375,2.32421875,1.9609375,0.5008257615155869,14,1712916518333
626,-1.009765625,2.046875,1.8515625,0.7512386422733803,13,1712916518333
627,0.634765625,2.52734375,-1.2734375,0.0,14,1712916518433
627,0.55078125,2.404296875,-1.59765625,0.0,16,1712916518433
627,0.46484375,2.39453125,-1.708984375,0.0,13,1712916518433
627,0.544921875,2.716796875,-0.861328125,0.37561932113669017,47,1712916518433
627,0.642578125,2.7109375,-0.939453125,0.37561932113669017,107,1712916518433
627,0.55859375,2.791015625,-0.876953125,0.37561932113669017,129,1712916518433
627,0.56640625,2.841796875,-0.833984375,0.37561932113669017,86,1712916518433
627,0.66796875,2.8984375,-0.689453125,0.37561932113669017,31,1712916518433
627,0.537109375,2.712890625,-0.740234375,0.5008257615155869,51,1712916518433
627,0.544921875,2.7578125,-0.72265625,0.5008257615155869,211,1712916518433
627,0.55078125,2.796875,-0.716796875,0.5008257615155869,381,1712916518433
627,0.55859375,2.83984375,-0.69921875,0.5008257615155869,367,1712916518433
627,0.470703125,2.919921875,-0.58984375,0.5008257615155869,189,1712916518433
627,0.4765625,2.99609375,-0.357421875,0.5008257615155869,49,1712916518433
627,0.537109375,2.7734375,-0.470703125,0.6260322018944836,91,1712916518433
627,0.544921875,2.802734375,-0.51171875,0.6260322018944836,317,1712916518433
627,0.55078125,2.8359375,-0.541015625,0.6260322018944836,511,1712916518433
627,0.55859375,2.87109375,-0.560546875,0.6260322018944836,432,1712916518433
627,0.470703125,2.931640625,-0.525390625,0.6260322018944836,193,1712916518433
627,0.380859375,3.01171875,-0.33984375,0.6260322018944836,42,1712916518433
627,0.537109375,2.806640625,-0.185546875,0.7512386422733803,77,1712916518433
627,0.453125,2.853515625,-0.267578125,0.7512386422733803,213,1712916518433
627,0.458984375,2.880859375,-0.353515625,0.7512386422733803,308,1712916518433
627,0.373046875,2.91796875,-0.462890625,0.7512386422733803,256,1712916518433
627,0.376953125,2.923828125,-0.638671875,0.7512386422733803,133,1712916518433
627,0.19140625,2.927734375,-0.845703125,0.7512386422733803,39,1712916518433
627,0.447265625,2.828125,0.046875,0.876445082652277,23,1712916518433
627,0.544921875,2.849609375,0.029296875,0.876445082652277,49,1712916518433
627,0.3671875,2.904296875,-0.275390625,0.876445082652277,66,1712916518433
627,0.279296875,2.9140625,-0.544921875,0.876445082652277,85,1712916518433
627,0.283203125,2.921875,-0.6953125,0.876445082652277,67,1712916518433
627,0.287109375,2.919921875,-0.84765625,0.876445082652277,27,1712916518433
627,-0.4765625,2.44140625,1.771484375,0.37561932113669017,17,1712916518433
627,-0.66796875,1.978515625,2.228515625,0.5008257615155869,27,1712916518433
627,-0.859375,1.720703125,2.373046875,0.6260322018944836,27,1712916518433
627,-0.955078125,1.8125,2.265625,0.7512386422733803,23,1712916518433
628,0.55859375,2.4765625,-1.556640625,0.0,10,1712916518534
628,0.56640625,2.5078125,-1.576171875,0.0,16,1712916518534
628,0.572265625,2.544921875,-1.587890625,0.0,16,1712916518534
628,0.67578125,2.572265625,-1.576171875,0.0,11,1712916518534
628,0.763671875,2.779296875,-1.01171875,0.37561932113669017,26,1712916518534
628,0.7734375,2.74609375,-1.193359375,0.37561932113669017,58,1712916518534
628,0.783203125,2.7578125,-1.2578125,0.37561932113669017,52,1712916518534
628,0.55859375,2.517578125,-1.48828125,0.5008257615155869,43,1712916518534
628,0.470703125,2.40625,-1.755859375,0.5008257615155869,35,1712916518534
628,0.763671875,2.890625,-0.623046875,0.5008257615155869,65,1712916518534
628,0.7734375,2.87890625,-0.82421875,0.5008257615155869,116,1712916518534
628,0.783203125,2.8984375,-0.88671875,0.5008257615155869,103,1712916518534
628,0.693359375,2.95703125,-0.900390625,0.5008257615155869,46,1712916518534
628,0.55078125,2.88671875,0.03515625,0.6260322018944836,37,1712916518534
628,0.55859375,2.90625,-0.322265625,0.6260322018944836,73,1712916518534
628,0.56640625,2.904296875,-0.580078125,0.6260322018944836,129,1712916518534
628,0.572265625,2.943359375,-0.578125,0.6260322018944836,156,1712916518534
628,0.580078125,2.98828125,-0.544921875,0.6260322018944836,120,1712916518534
628,0.685546875,3.01171875,-0.51171875,0.6260322018944836,64,1712916518534
628,0.544921875,2.849609375,-0.080078125,0.7512386422733803,28,1712916518534
628,0.55078125,2.88671875,-0.09375,0.7512386422733803,69,1712916518534
628,0.55859375,2.912109375,-0.26953125,0.7512386422733803,120,1712916518534
628,0.470703125,2.943359375,-0.45703125,0.7512386422733803,165,1712916518534
628,0.4765625,2.9609375,-0.57421875,0.7512386422733803,159,1712916518534
628,0.38671875,3.013671875,-0.5703125,0.7512386422733803,98,1712916518534
628,0.390625,3.056640625,-0.548828125,0.7512386422733803,48,1712916518534
628,0.396484375,3.083984375,-0.611328125,0.7512386422733803,22,1712916518534
628,0.55078125,2.88671875,-0.01171875,0.876445082652277,33,1712916518534
628,0.46484375,2.939453125,-0.115234375,0.876445082652277,52,1712916518534
628,0.376953125,2.978515625,-0.294921875,0.876445082652277,61,1712916518534
628,0.287109375,2.98828125,-0.556640625,0.876445082652277,63,1712916518534
628,0.193359375,3.0234375,-0.62109375,0.876445082652277,51,1712916518534
628,0.1953125,3.04296875,-0.70703125,0.876445082652277,24,1712916518534
628,-0.65234375,2.224609375,1.869140625,0.5008257615155869,23,1712916518534
628,-0.75390625,2.3515625,1.732421875,0.5008257615155869,29,1712916518534
629,0.587890625,2.58984375,-1.658203125,0.0,13,1712916518635
629,0.572265625,2.96875,-0.431640625,0.5008257615155869,32,1712916518635
629,0.67578125,2.92578125,-0.736328125,0.5008257615155869,49,1712916518635
629,0.685546875,2.943359375,-0.814453125,0.5008257615155869,63,1712916518635
629,0.693359375,2.96875,-0.861328125,0.5008257615155869,50,1712916518635
629,0.55859375,2.921875,0.1484375,0.6260322018944836,23,1712916518635
629,0.56640625,2.958984375,0.125,0.6260322018944836,48,1712916518635
629,0.572265625,2.998046875,-0.123046875,0.6260322018944836,84,1712916518635
629,0.580078125,3.0078125,-0.4296875,0.6260322018944836,129,1712916518635
629,0.587890625,3.009765625,-0.625,0.6260322018944836,152,1712916518635
629,0.494140625,3.052734375,-0.693359375,0.6260322018944836,122,1712916518635
629,0.501953125,3.076171875,-0.7578125,0.6260322018944836,64,1712916518635
629,0.56640625,2.9609375,0.111328125,0.7512386422733803,43,1712916518635
629,0.572265625,2.9921875,-0.216796875,0.7512386422733803,105,1712916518635
629,0.67578125,2.98046875,-0.466796875,0.7512386422733803,172,1712916518635
629,0.48828125,3.0546875,-0.474609375,0.7512386422733803,191,1712916518635
629,0.494140625,3.080078125,-0.560546875,0.7512386422733803,136,1712916518635
629,0.501953125,3.103515625,-0.634765625,0.7512386422733803,69,1712916518635
629,0.3046875,3.21484375,-0.318359375,0.7512386422733803,26,1712916518635
629,0.56640625,2.962890625,-0.021484375,0.876445082652277,17,1712916518635
629,0.572265625,2.990234375,-0.24609375,0.876445082652277,59,1712916518635
629,0.67578125,2.98828125,-0.416015625,0.876445082652277,104,1712916518635
629,0.48828125,3.064453125,-0.4140625,0.876445082652277,104,1712916518635
629,0.494140625,3.0859375,-0.517578125,0.876445082652277,62,1712916518635
629,0.6015625,3.08203125,-0.65234375,0.876445082652277,25,1712916518635
629,0.7734375,1.0703125,2.796875,-1.0016515230311738,21,1712916518635
629,-0.587890625,2.71875,1.435546875,0.0,7,1712916518635
629,-0.38671875,2.9921875,-0.67578125,-1.0016515230311738,16,1712916518635
630,0.693359375,2.642578125,-1.60546875,0.0,18,1712916518735
630,0.701171875,2.744140625,-1.501953125,0.0,16,1712916518735
630,0.572265625,2.994140625,-0.171875,0.5008257615155869,21,1712916518735
630,0.67578125,3.0078125,-0.232421875,0.5008257615155869,51,1712916518735
630,0.685546875,3.044921875,-0.234375,0.5008257615155869,49,1712916518735
630,0.396484375,2.978515625,-1.005859375,0.5008257615155869,17,1712916518735
630,0.400390625,2.67578125,-1.72265625,0.5008257615155869,27,1712916518735
630,0.572265625,2.99609375,-0.154296875,0.6260322018944836,26,1712916518735
630,0.580078125,3.021484375,-0.306640625,0.6260322018944836,77,1712916518735
630,0.587890625,3.025390625,-0.544921875,0.6260322018944836,107,1712916518735
630,0.494140625,3.021484375,-0.814453125,0.6260322018944836,130,1712916518735
630,0.6015625,2.990234375,-0.9921875,0.6260322018944836,124,1712916518735
630,0.609375,2.900390625,-1.32421875,0.6260322018944836,51,1712916518735
630,0.572265625,2.978515625,-0.3515625,0.7512386422733803,16,1712916518735
630,0.482421875,3.03125,-0.380859375,0.7512386422733803,55,1712916518735
630,0.48828125,3.072265625,-0.34375,0.7512386422733803,86,1712916518735
630,0.396484375,3.134765625,-0.2421875,0.7512386422733803,94,1712916518735
630,0.6015625,3.1171875,-0.451171875,0.7512386422733803,90,1712916518735
630,0.609375,3.08984375,-0.78515625,0.7512386422733803,62,1712916518735
630,0.615234375,3.1328125,-0.767578125,0.7512386422733803,50,1712916518735
630,0.67578125,2.853515625,-0.982421875,0.876445082652277,35,1712916518735
630,0.685546875,2.904296875,-0.9453125,0.876445082652277,91,1712916518735
630,0.59375,2.9609375,-0.95703125,0.876445082652277,101,1712916518735
630,0.6015625,2.974609375,-1.03515625,0.876445082652277,60,1712916518735
630,0.609375,3.109375,-0.69921875,0.876445082652277,43,1712916518735
630,0.71875,3.130859375,-0.677734375,0.876445082652277,35,1712916518735
630,0.966796875,1.423828125,2.568359375,-1.0016515230311738,29,1712916518735
630,0.880859375,1.3125,2.701171875,-1.0016515230311738,62,1712916518735
630,0.890625,1.32421875,2.736328125,-1.0016515230311738,64,1712916518735
630,1.001953125,1.283203125,2.76171875,-1.0016515230311738,38,1712916518735
630,-0.59375,1.951171875,2.42578125,0.5008257615155869,9,1712916518735
630,-0.810546875,2.314453125,2.123046875,0.6260322018944836,27,1712916518735
630,-0.482421875,2.453125,1.818359375,0.876445082652277,18,1712916518735
630,-0.193359375,3.009765625,-0.6796875,-1.0016515230311738,29,1712916518735
630,-0.1953125,3.05078125,-0.677734375,-1.0016515230311738,59,1712916518735
630,-0.197265625,3.0859375,-0.69140625,-1.0016515230311738,62,1712916518735
630,-0.30078125,3.123046875,-0.662109375,-1.0016515230311738,36,1712916518735
631,0.501953125,2.708984375,-1.640625,0.25041288075779344,20,1712916518835
631,0.501953125,2.880859375,-1.318359375,0.37561932113669017,27,1712916518835
631,0.609375,2.78515625,-1.548828125,0.37561932113669017,21,1712916518835
631,0.59375,2.890625,-1.154296875,0.5008257615155869,66,1712916518835
631,0.501953125,3.03125,-0.919921875,0.5008257615155869,107,1712916518835
631,0.3046875,3.13671875,-0.771484375,0.5008257615155869,73,1712916518835
631,0.8203125,3.158203125,-0.361328125,0.5008257615155869,63,1712916518835
631,0.830078125,3.171875,-0.53515625,0.5008257615155869,69,1712916518835
631,0.587890625,2.828125,-1.20703125,0.6260322018944836,36,1712916518835
631,0.494140625,3.0390625,-0.748046875,0.6260322018944836,148,1712916518835
631,0.501953125,3.09765625,-0.658203125,0.6260322018944836,201,1712916518835
631,0.3046875,3.1796875,-0.576171875,0.6260322018944836,112,1712916518835
631,0.8203125,3.1640625,-0.30859375,0.6260322018944836,129,1712916518835
631,0.7265625,3.201171875,-0.505859375,0.6260322018944836,138,1712916518835
631,0.734375,3.216796875,-0.62890625,0.6260322018944836,75,1712916518835
631,0.48828125,3.02734375,-0.6328125,0.7512386422733803,27,1712916518835
631,0.494140625,3.091796875,-0.48046875,0.7512386422733803,89,1712916518835
631,0.501953125,3.134765625,-0.455078125,0.7512386422733803,109,1712916518835
631,0.3046875,3.19921875,-0.451171875,0.7512386422733803,46,1712916518835
631,0.71875,3.193359375,-0.248046875,0.7512386422733803,78,1712916518835
631,0.830078125,3.1875,-0.4296875,0.7512386422733803,82,1712916518835
631,0.734375,3.2421875,-0.478515625,0.7512386422733803,45,1712916518835
631,-0.810546875,1.822265625,2.55859375,0.7512386422733803,24,1712916518835
632,0.708984375,2.7578125,-1.5546875,0.0,12,1712916518936
632,0.71875,2.896484375,-1.369140625,0.0,15,1712916518936
632,0.416015625,2.927734375,-1.509765625,0.0,10,1712916518936
632,0.41015625,3.0625,-1.111328125,0.25041288075779344,23,1712916518936
632,0.416015625,3.095703125,-1.12890625,0.25041288075779344,33,1712916518936
632,0.419921875,3.158203125,-1.064453125,0.25041288075779344,30,1712916518936
632,0.6015625,3.10546875,-0.53125,0.37561932113669017,49,1712916518936
632,0.609375,3.115234375,-0.673828125,0.37561932113669017,96,1712916518936
632,0.513671875,3.14453125,-0.7890625,0.37561932113669017,110,1712916518936
632,0.416015625,3.17578125,-0.8828125,0.37561932113669017,101,1712916518936
632,0.419921875,3.216796875,-0.87109375,0.37561932113669017,83,1712916518936
632,0.53125,3.244140625,-0.85546875,0.37561932113669017,49,1712916518936
632,0.59375,3.072265625,-0.501953125,0.5008257615155869,42,1712916518936
632,0.6015625,3.109375,-0.50390625,0.5008257615155869,97,1712916518936
632,0.5078125,3.15625,-0.560546875,0.5008257615155869,142,1712916518936
632,0.41015625,3.205078125,-0.580078125,0.5008257615155869,127,1712916518936
632,0.416015625,3.234375,-0.625,0.5008257615155869,93,1712916518936
632,0.419921875,3.28125,-0.58203125,0.5008257615155869,76,1712916518936
632,0.423828125,3.318359375,-0.58984375,0.5008257615155869,51,1712916518936
632,0.59375,3.10546875,-0.216796875,0.6260322018944836,44,1712916518936
632,0.6015625,3.138671875,-0.255859375,0.6260322018944836,78,1712916518936
632,0.5078125,3.18359375,-0.365234375,0.6260322018944836,68,1712916518936
632,0.30859375,3.24609375,-0.37890625,0.6260322018944836,36,1712916518936
632,0.103515625,3.318359375,-0.119140625,0.6260322018944836,23,1712916518936
632,0.501953125,3.166015625,0.10546875,0.7512386422733803,23,1712916518936
632,-0.8203125,1.19140625,2.947265625,0.6260322018944836,22,1712916518936
632,1.142578125,1.923828125,-2.455078125,0.6260322018944836,22,1712916518936
633,0.513671875,3.08203125,-1.0078125,0.25041288075779344,25,1712916519035
633,0.51953125,3.099609375,-1.07421875,0.25041288075779344,55,1712916519035
633,0.419921875,3.181640625,-0.99609375,0.25041288075779344,62,1712916519035
633,0.318359375,3.244140625,-0.958984375,0.25041288075779344,40,1712916519035
633,0.609375,3.017578125,-1.0234375,0.37561932113669017,47,1712916519035
633,0.71875,3.041015625,-1.009765625,0.37561932113669017,89,1712916519035
633,0.7265625,3.041015625,-1.119140625,0.37561932113669017,123,1712916519035
633,0.630859375,3.134765625,-1.033203125,0.37561932113669017,135,1712916519035
633,0.423828125,3.275390625,-0.798828125,0.37561932113669017,91,1712916519035
633,0.322265625,3.333984375,-0.76953125,0.37561932113669017,39,1712916519035
633,0.609375,3.048828125,-0.9296875,0.5008257615155869,69,1712916519035
633,0.615234375,3.13671875,-0.75,0.5008257615155869,158,1712916519035
633,0.623046875,3.189453125,-0.685546875,0.5008257615155869,203,1712916519035
633,0.734375,3.20703125,-0.6796875,0.5008257615155869,187,1712916519035
633,0.63671875,3.279296875,-0.615234375,0.5008257615155869,95,1712916519035
633,0.64453125,3.21484375,-1.02734375,0.5008257615155869,46,1712916519035
633,0.65234375,3.25390625,-1.03125,0.5008257615155869,34,1712916519035
633,0.5078125,3.162109375,-0.521484375,0.6260322018944836,23,1712916519035
633,0.615234375,3.19921875,-0.404296875,0.6260322018944836,69,1712916519035
633,0.623046875,3.25,-0.291015625,0.6260322018944836,112,1712916519035
633,0.630859375,3.298828125,-0.111328125,0.6260322018944836,98,1712916519035
633,0.318359375,3.265625,0.87890625,0.6260322018944836,24,1712916519035
633,0.751953125,3.181640625,-1.060546875,0.6260322018944836,59,1712916519035
633,0.759765625,3.287109375,-0.828125,0.6260322018944836,53,1712916519035
633,0.5078125,3.189453125,-0.322265625,0.7512386422733803,24,1712916519035
633,0.513671875,3.2265625,-0.326171875,0.7512386422733803,30,1712916519035
633,0.83984375,3.10546875,-0.96875,0.7512386422733803,33,1712916519035
633,0.849609375,3.18359375,-0.830078125,0.7512386422733803,59,1712916519035
633,0.751953125,3.271484375,-0.73046875,0.7512386422733803,57,1712916519035
633,0.759765625,3.328125,-0.646484375,0.7512386422733803,32,1712916519035
633,0.734375,3.21484375,-0.64453125,0.876445082652277,25,1712916519035
633,0.744140625,3.26171875,-0.595703125,0.876445082652277,30,1712916519035
633,1.486328125,2.0234375,-2.2890625,0.6260322018944836,13,1712916519035
634,0.525390625,3.037109375,-1.337890625,0.0,18,1712916519136
634,0.53125,3.08203125,-1.330078125,0.0,22,1712916519136
634,0.537109375,3.12890625,-1.3125,0.0,17,1712916519136
634,0.314453125,3.16796875,-1.076171875,0.12520644037889672,16,1712916519136
634,0.318359375,3.169921875,-1.1796875,0.12520644037889672,21,1712916519136
634,0.4296875,3.123046875,-1.365234375,0.12520644037889672,15,1712916519136
634,0.310546875,3.232421875,-0.701171875,0.25041288075779344,21,1712916519136
634,0.314453125,3.259765625,-0.748046875,0.25041288075779344,52,1712916519136
634,0.423828125,3.251953125,-0.88671875,0.25041288075779344,68,1712916519136
634,0.322265625,3.302734375,-0.890625,0.25041288075779344,52,1712916519136
634,0.43359375,3.32421875,-0.908203125,0.25041288075779344,26,1712916519136
634,0.615234375,3.1171875,-0.826171875,0.37561932113669017,23,1712916519136
634,0.51953125,3.205078125,-0.703125,0.37561932113669017,50,1712916519136
634,0.314453125,3.310546875,-0.48046875,0.37561932113669017,43,1712916519136
634,0.0,3.39453125,0.1484375,0.37561932113669017,30,1712916519136
634,-0.21484375,3.41796875,0.275390625,0.37561932113669017,19,1712916519136
634,0.615234375,3.189453125,-0.478515625,0.5008257615155869,73,1712916519136
634,0.623046875,3.234375,-0.43359375,0.5008257615155869,132,1712916519136
634,0.630859375,3.283203125,-0.33203125,0.5008257615155869,90,1712916519136
634,0.744140625,3.115234375,-1.13671875,0.5008257615155869,63,1712916519136
634,0.64453125,3.25,-0.912109375,0.5008257615155869,62,1712916519136
634,0.759765625,3.2109375,-1.0859375,0.5008257615155869,21,1712916519136
634,0.615234375,3.224609375,-0.08203125,0.6260322018944836,78,1712916519136
634,0.623046875,3.26171875,-0.0703125,0.6260322018944836,139,1712916519136
634,0.630859375,3.30078125,-0.009765625,0.6260322018944836,108,1712916519136
634,0.63671875,3.283203125,-0.599609375,0.6260322018944836,50,1712916519136
634,0.537109375,3.28515625,-0.849609375,0.6260322018944836,28,1712916519136
634,0.615234375,3.185546875,0.501953125,0.7512386422733803,23,1712916519136
634,0.51953125,3.205078125,0.69921875,0.7512386422733803,35,1712916519136
634,0.630859375,3.1875,0.857421875,0.7512386422733803,23,1712916519136
634,0.859375,3.169921875,-1.0078125,0.7512386422733803,28,1712916519136
634,0.869140625,3.12890625,-1.234375,0.7512386422733803,35,1712916519136
634,0.751953125,3.24609375,-0.837890625,0.876445082652277,34,1712916519136
634,0.759765625,3.248046875,-0.97265625,0.876445082652277,41,1712916519136
634,0.87890625,3.224609375,-1.080078125,0.876445082652277,25,1712916519136
634,1.0625,1.798828125,-2.6796875,0.37561932113669017,19,1712916519136
634,0.966796875,2.87109375,-1.62109375,0.37561932113669017,17,1712916519136
635,0.525390625,3.2109375,-0.833984375,0.37561932113669017,19,1712916519236
635,0.63671875,3.208984375,-0.9140625,0.37561932113669017,41,1712916519236
635,0.64453125,3.2421875,-0.9375,0.37561932113669017,59,1712916519236
635,0.65234375,3.28125,-0.9375,0.37561932113669017,55,1712916519236
635,0.548828125,3.34375,-0.921875,0.37561932113669017,31,1712916519236
635,0.623046875,3.236328125,-0.40625,0.5008257615155869,22,1712916519236
635,0.630859375,3.263671875,-0.486328125,0.5008257615155869,71,1712916519236
635,0.63671875,3.2734375,-0.65234375,0.5008257615155869,134,1712916519236
635,0.537109375,3.314453125,-0.732421875,0.5008257615155869,174,1712916519236
635,0.65234375,3.306640625,-0.84375,0.5008257615155869,156,1712916519236
635,0.658203125,3.34375,-0.849609375,0.5008257615155869,91,1712916519236
635,0.51953125,3.27734375,-0.126953125,0.6260322018944836,27,1712916519236
635,0.525390625,3.3125,-0.203125,0.6260322018944836,75,1712916519236
635,0.63671875,3.3046875,-0.462890625,0.6260322018944836,132,1712916519236
635,0.64453125,3.30078125,-0.701171875,0.6260322018944836,179,1712916519236
635,0.65234375,3.326171875,-0.759765625,0.6260322018944836,173,1712916519236
635,0.658203125,3.3671875,-0.75390625,0.6260322018944836,125,1712916519236
635,0.77734375,3.359375,-0.845703125,0.6260322018944836,71,1712916519236
635,0.419921875,3.3203125,-0.291015625,0.7512386422733803,21,1712916519236
635,0.53125,3.2734375,-0.740234375,0.7512386422733803,62,1712916519236
635,0.537109375,3.30078125,-0.7890625,0.7512386422733803,102,1712916519236
635,0.54296875,3.357421875,-0.7109375,0.7512386422733803,101,1712916519236
635,0.658203125,3.392578125,-0.626953125,0.7512386422733803,81,1712916519236
635,0.77734375,3.384765625,-0.736328125,0.7512386422733803,61,1712916519236
635,0.673828125,3.443359375,-0.7578125,0.7512386422733803,31,1712916519236
635,0.423828125,3.28125,-0.76953125,0.876445082652277,41,1712916519236
635,0.4296875,3.291015625,-0.888671875,0.876445082652277,48,1712916519236
635,0.43359375,3.353515625,-0.796875,0.876445082652277,33,1712916519236
635,0.548828125,3.419921875,-0.580078125,0.876445082652277,20,1712916519236
636,0.322265625,3.16796875,-1.291015625,0.5008257615155869,46,1712916519336
636,0.326171875,3.275390625,-1.109375,0.5008257615155869,65,1712916519336
636,0.548828125,3.224609375,-1.28125,0.5008257615155869,54,1712916519336
636,0.77734375,3.2265625,-1.259765625,0.5008257615155869,55,1712916519336
636,0.78515625,3.3359375,-1.06640625,0.5008257615155869,88,1712916519336
636,0.90625,3.337890625,-1.08984375,0.5008257615155869,82,1712916519336
636,0.4296875,3.27734375,-0.9375,0.6260322018944836,46,1712916519336
636,0.65234375,3.216796875,-1.140625,0.6260322018944836,89,1712916519336
636,0.658203125,3.31640625,-0.951171875,0.6260322018944836,93,1712916519336
636,0.77734375,3.31640625,-1.001953125,0.6260322018944836,70,1712916519336
636,0.896484375,3.3515625,-0.916015625,0.6260322018944836,131,1712916519336
636,0.79296875,3.447265625,-0.802734375,0.6260322018944836,126,1712916519336
636,0.80078125,3.474609375,-0.84765625,0.6260322018944836,58,1712916519336
636,0.63671875,3.2421875,-0.791015625,0.7512386422733803,18,1712916519336
636,0.64453125,3.26953125,-0.837890625,0.7512386422733803,72,1712916519336
636,0.65234375,3.322265625,-0.78125,0.7512386422733803,116,1712916519336
636,0.658203125,3.400390625,-0.583984375,0.7512386422733803,85,1712916519336
636,0.88671875,3.306640625,-0.943359375,0.7512386422733803,26,1712916519336
636,0.78515625,3.419921875,-0.755859375,0.7512386422733803,63,1712916519336
636,0.79296875,3.484375,-0.623046875,0.7512386422733803,61,1712916519336
636,0.537109375,3.34765625,-0.5625,0.876445082652277,42,1712916519336
636,0.54296875,3.396484375,-0.490234375,0.876445082652277,56,1712916519336
636,0.658203125,3.439453125,-0.259765625,0.876445082652277,27,1712916519336
636,-0.9765625,2.361328125,2.353515625,0.5008257615155869,34,1712916519336
636,-0.87890625,2.4609375,2.34765625,0.5008257615155869,29,1712916519336
637,0.54296875,3.4296875,0.1015625,0.37561932113669017,27,1712916519436
637,0.537109375,3.37109375,0.38671875,0.5008257615155869,27,1712916519436
637,0.54296875,3.40625,0.421875,0.5008257615155869,38,1712916519436
637,0.767578125,3.03515625,1.591796875,0.5008257615155869,19,1712916519436
637,0.998046875,1.712890625,-2.9453125,0.5008257615155869,21,1712916519436
637,1.009765625,2.84765625,-1.9375,0.5008257615155869,29,1712916519436
637,0.90625,3.416015625,-0.810546875,0.5008257615155869,43,1712916519436
637,0.80078125,3.5,-0.732421875,0.5008257615155869,46,1712916519436
637,0.65234375,3.412109375,0.0546875,0.6260322018944836,35,1712916519436
637,0.658203125,3.357421875,-0.79296875,0.6260322018944836,44,1712916519436
637,0.77734375,3.271484375,-1.138671875,0.6260322018944836,50,1712916519436
637,0.78515625,3.3203125,-1.111328125,0.6260322018944836,53,1712916519436
637,0.79296875,3.45703125,-0.75390625,0.6260322018944836,53,1712916519436
637,0.80078125,3.52734375,-0.587890625,0.6260322018944836,46,1712916519436
637,0.54296875,3.322265625,-0.859375,0.7512386422733803,39,1712916519436
637,0.548828125,3.37890625,-0.783203125,0.7512386422733803,103,1712916519436
637,0.5546875,3.427734375,-0.740234375,0.7512386422733803,126,1712916519436
637,0.560546875,3.484375,-0.6484375,0.7512386422733803,66,1712916519436
637,0.54296875,3.359375,-0.697265625,0.876445082652277,28,1712916519436
637,0.548828125,3.41015625,-0.6328125,0.876445082652277,89,1712916519436
637,0.5546875,3.44921875,-0.6328125,0.876445082652277,124,1712916519436
637,0.560546875,3.490234375,-0.623046875,0.876445082652277,81,1712916519436
637,0.33984375,3.58984375,-0.390625,0.876445082652277,19,1712916519436
637,0.87890625,1.61328125,2.994140625,-1.0016515230311738,18,1712916519436
637,0.88671875,1.455078125,3.115234375,-1.0016515230311738,27,1712916519436
637,0.896484375,1.240234375,3.24609375,-1.0016515230311738,21,1712916519436
637,-0.111328125,3.537109375,-0.28515625,0.5008257615155869,17,1712916519436
637,-0.3359375,3.484375,0.7890625,0.5008257615155869,19,1712916519436
637,-3.060546875,1.833984375,-0.65234375,0.876445082652277,11,1712916519436
637,-0.439453125,3.431640625,-0.603515625,-1.0016515230311738,14,1712916519436
637,-0.443359375,3.4765625,-0.5703125,-1.0016515230311738,24,1712916519436
637,-0.44921875,3.533203125,-0.44140625,-1.0016515230311738,20,1712916519436
638,0.65234375,3.40234375,-0.25390625,0.37561932113669017,22,1712916519536
638,0.548828125,3.447265625,-0.390625,0.37561932113669017,57,1712916519536
638,0.5546875,3.474609375,-0.478515625,0.37561932113669017,69,1712916519536
638,0.560546875,3.46875,-0.7265625,0.37561932113669017,43,1712916519536
638,0.56640625,3.529296875,-0.619140625,0.37561932113669017,26,1712916519536
638,0.6875,3.494140625,-0.8671875,0.37561932113669017,40,1712916519536
638,0.693359375,3.484375,-1.041015625,0.37561932113669017,53,1712916519536
638,0.701171875,3.525390625,-1.03515625,0.37561932113669017,36,1712916519536
638,0.54296875,3.4296875,-0.115234375,0.5008257615155869,41,1712916519536
638,0.548828125,3.458984375,-0.26171875,0.5008257615155869,111,1712916519536
638,0.5546875,3.466796875,-0.533203125,0.5008257615155869,157,1712916519536
638,0.560546875,3.439453125,-0.853515625,0.5008257615155869,156,1712916519536
638,0.56640625,3.486328125,-0.822265625,0.5008257615155869,145,1712916519536
638,0.6875,3.50390625,-0.822265625,0.5008257615155869,135,1712916519536
638,0.693359375,3.53125,-0.869140625,0.5008257615155869,111,1712916519536
638,0.701171875,3.564453125,-0.89453125,0.5008257615155869,67,1712916519536
638,0.43359375,3.435546875,-0.271484375,0.6260322018944836,30,1712916519536
638,0.548828125,3.455078125,-0.318359375,0.6260322018944836,75,1712916519536
638,0.5546875,3.439453125,-0.689453125,0.6260322018944836,128,1712916519536
638,0.44921875,3.490234375,-0.70703125,0.6260322018944836,176,1712916519536
638,0.56640625,3.515625,-0.685546875,0.6260322018944836,188,1712916519536
638,0.572265625,3.5546875,-0.681640625,0.6260322018944836,152,1712916519536
638,0.578125,3.578125,-0.755859375,0.6260322018944836,102,1712916519536
638,0.583984375,3.61328125,-0.779296875,0.6260322018944836,56,1712916519536
638,0.58984375,3.67578125,-0.6484375,0.6260322018944836,30,1712916519536
638,0.439453125,3.40234375,-0.755859375,0.7512386422733803,23,1712916519536
638,0.443359375,3.46875,-0.61328125,0.7512386422733803,42,1712916519536
638,0.44921875,3.5234375,-0.505859375,0.7512386422733803,70,1712916519536
638,0.56640625,3.54296875,-0.52734375,0.7512386422733803,80,1712916519536
638,0.572265625,3.578125,-0.55078125,0.7512386422733803,66,1712916519536
638,0.462890625,3.619140625,-0.638671875,0.7512386422733803,40,1712916519536
638,0.3515625,3.654296875,-0.724609375,0.7512386422733803,18,1712916519536
639,0.578125,3.421875,-1.29296875,0.25041288075779344,20,1712916519637
639,0.5546875,3.50390625,-0.140625,0.37561932113669017,26,1712916519637
639,0.673828125,3.5234375,-0.10546875,0.37561932113669017,25,1712916519637
639,0.6796875,3.466796875,-0.8203125,0.37561932113669017,46,1712916519637
639,0.6875,3.48828125,-0.88671875,0.37561932113669017,96,1712916519637
639,0.578125,3.5546875,-0.857421875,0.37561932113669017,103,1712916519637
639,0.466796875,3.650390625,-0.673828125,0.37561932113669017,52,1712916519637
639,0.548828125,3.466796875,-0.140625,0.5008257615155869,25,1712916519637
639,0.5546875,3.505859375,-0.00390625,0.5008257615155869,67,1712916519637
639,0.673828125,3.521484375,0.146484375,0.5008257615155869,64,1712916519637
639,0.6796875,3.52734375,-0.4921875,0.5008257615155869,91,1712916519637
639,0.572265625,3.5625,-0.642578125,0.5008257615155869,174,1712916519637
639,0.578125,3.607421875,-0.6015625,0.5008257615155869,182,1712916519637
639,0.466796875,3.6796875,-0.48046875,0.5008257615155869,92,1712916519637
639,0.826171875,3.529296875,-1.068359375,0.5008257615155869,63,1712916519637
639,0.548828125,3.46875,-0.056640625,0.6260322018944836,18,1712916519637
639,0.5546875,3.501953125,0.197265625,0.6260322018944836,47,1712916519637
639,0.673828125,3.494140625,0.466796875,0.6260322018944836,39,1712916519637
639,0.453125,3.55078125,-0.578125,0.6260322018944836,64,1712916519637
639,0.572265625,3.591796875,-0.455078125,0.6260322018944836,112,1712916519637
639,0.462890625,3.65234375,-0.400390625,0.6260322018944836,112,1712916519637
639,0.466796875,3.69921875,-0.298828125,0.6260322018944836,60,1712916519637
639,0.33984375,3.544921875,-0.689453125,0.7512386422733803,21,1712916519637
639,0.228515625,3.61328125,-0.572265625,0.7512386422733803,23,1712916519637
640,0.578125,3.11328125,-1.91796875,0.0,18,1712916519737
640,0.583984375,3.287109375,-1.6875,0.0,16,1712916519737
640,0.708984375,3.376953125,-1.541015625,0.0,11,1712916519737
640,0.578125,3.5234375,-0.98046875,0.25041288075779344,26,1712916519737
640,0.583984375,3.5859375,-0.892578125,0.25041288075779344,22,1712916519737
640,0.56640625,3.501953125,-0.75,0.37561932113669017,36,1712916519737
640,0.572265625,3.53125,-0.798828125,0.37561932113669017,74,1712916519737
640,0.578125,3.57421875,-0.77734375,0.37561932113669017,111,1712916519737
640,0.583984375,3.626953125,-0.705078125,0.37561932113669017,103,1712916519737
640,0.47265625,3.69140625,-0.65625,0.37561932113669017,54,1712916519737
640,0.560546875,3.529296875,-0.318359375,0.5008257615155869,26,1712916519737
640,0.453125,3.55859375,-0.53515625,0.5008257615155869,75,1712916519737
640,0.458984375,3.591796875,-0.564453125,0.5008257615155869,130,1712916519737
640,0.578125,3.609375,-0.59375,0.5008257615155869,158,1712916519737
640,0.583984375,3.65234375,-0.5625,0.5008257615155869,140,1712916519737
640,0.58984375,3.703125,-0.466796875,0.5008257615155869,62,1712916519737
640,0.8359375,3.478515625,-1.33203125,0.5008257615155869,58,1712916519737
640,0.72265625,3.6328125,-1.0703125,0.5008257615155869,79,1712916519737
640,0.453125,3.568359375,-0.4609375,0.6260322018944836,54,1712916519737
640,0.458984375,3.59375,-0.560546875,0.6260322018944836,96,1712916519737
640,0.34765625,3.65234375,-0.498046875,0.6260322018944836,97,1712916519737
640,0.466796875,3.673828125,-0.53515625,0.6260322018944836,72,1712916519737
640,0.58984375,3.62109375,-0.908203125,0.6260322018944836,55,1712916519737
640,0.71484375,3.646484375,-0.873046875,0.6260322018944836,88,1712916519737
640,0.72265625,3.6953125,-0.828125,0.6260322018944836,101,1712916519737
640,0.73046875,3.734375,-0.830078125,0.6260322018944836,61,1712916519737
640,0.453125,3.4375,-1.060546875,0.7512386422733803,24,1712916519737
640,0.458984375,3.51171875,-0.9453125,0.7512386422733803,73,1712916519737
640,0.34765625,3.56640625,-0.935546875,0.7512386422733803,104,1712916519737
640,0.3515625,3.595703125,-0.97265625,0.7512386422733803,74,1712916519737
640,0.353515625,3.6796875,-0.783203125,0.7512386422733803,36,1712916519737
640,0.595703125,3.720703125,-0.615234375,0.7512386422733803,36,1712916519737
640,0.72265625,3.724609375,-0.685546875,0.7512386422733803,38,1712916519737
640,0.609375,3.8125,-0.515625,0.7512386422733803,23,1712916519737
640,0.33984375,3.51171875,-0.837890625,0.876445082652277,18,1712916519737
640,0.34375,3.576171875,-0.72265625,0.876445082652277,66,1712916519737
640,0.34765625,3.611328125,-0.744140625,0.876445082652277,101,1712916519737
640,0.3515625,3.6328125,-0.82421875,0.876445082652277,71,1712916519737
640,0.236328125,3.65625,-0.92578125,0.876445082652277,23,1712916519737
640,0.6875,1.236328125,3.380859375,-1.0016515230311738,17,1712916519737
640,0.693359375,1.6796875,3.2265625,-1.0016515230311738,26,1712916519737
640,0.701171875,1.646484375,3.28515625,-1.0016515230311738,18,1712916519737
640,-2.3671875,0.541015625,-0.2734375,-0.25041288075779344,27,1712916519737
640,-2.404296875,0.53125,-0.30859375,-0.25041288075779344,27,1712916519737
640,-2.3671875,0.578125,-0.18359375,-0.12520644037889672,19,1712916519737
640,-2.404296875,0.599609375,-0.140625,-0.12520644037889672,19,1712916519737
640,-0.572265625,3.560546875,-0.6484375,-1.0016515230311738,13,1712916519737
640,-0.578125,3.5859375,-0.72265625,-1.0016515230311738,19,1712916519737
640,-0.701171875,3.619140625,-0.63671875,-1.0016515230311738,13,1712916519737
641,0.58984375,3.1953125,-1.931640625,0.0,11,1712916519837
641,0.595703125,3.142578125,-2.08203125,0.0,11,1712916519837
641,0.583984375,3.55078125,-1.0234375,0.25041288075779344,42,1712916519837
641,0.47265625,3.609375,-1.015625,0.25041288075779344,66,1712916519837
641,0.4765625,3.630859375,-1.076171875,0.25041288075779344,54,1712916519837
641,0.693359375,3.537109375,-0.84765625,0.37561932113669017,33,1712916519837
641,0.583984375,3.61328125,-0.77734375,0.37561932113669017,89,1712916519837
641,0.47265625,3.66015625,-0.810546875,0.37561932113669017,142,1712916519837
641,0.4765625,3.6875,-0.86328125,0.37561932113669017,126,1712916519837
641,0.6015625,3.685546875,-0.962890625,0.37561932113669017,57,1712916519837
641,0.8515625,3.662109375,-1.015625,0.37561932113669017,42,1712916519837
641,0.458984375,3.611328125,-0.427734375,0.5008257615155869,36,1712916519837
641,0.578125,3.58984375,-0.697265625,0.5008257615155869,48,1712916519837
641,0.583984375,3.646484375,-0.595703125,0.5008257615155869,43,1712916519837
641,0.47265625,3.7109375,-0.54296875,0.5008257615155869,84,1712916519837
641,0.595703125,3.685546875,-0.798828125,0.5008257615155869,99,1712916519837
641,0.6015625,3.720703125,-0.810546875,0.5008257615155869,65,1712916519837
641,0.73046875,3.74609375,-0.771484375,0.5008257615155869,45,1712916519837
641,0.458984375,3.630859375,-0.2109375,0.6260322018944836,34,1712916519837
641,0.462890625,3.63671875,-0.52734375,0.6260322018944836,62,1712916519837
641,0.466796875,3.630859375,-0.771484375,0.6260322018944836,73,1712916519837
641,0.353515625,3.6328125,-0.98046875,0.6260322018944836,43,1712916519837
641,0.34765625,3.6640625,-0.40234375,0.7512386422733803,37,1712916519837
641,0.3515625,3.666015625,-0.66015625,0.7512386422733803,76,1712916519837
641,0.353515625,3.666015625,-0.845703125,0.7512386422733803,85,1712916519837
641,0.23828125,3.6953125,-0.9296875,0.7512386422733803,47,1712916519837
641,0.3515625,3.671875,-0.630859375,0.876445082652277,35,1712916519837
641,0.353515625,3.685546875,-0.755859375,0.876445082652277,49,1712916519837
641,0.23828125,3.705078125,-0.888671875,0.876445082652277,33,1712916519837
641,-2.29296875,0.318359375,-0.4921875,-0.37561932113669017,18,1712916519837
641,-2.25390625,0.650390625,-0.52734375,-0.37561932113669017,30,1712916519837
641,-2.291015625,0.642578125,-0.5546875,-0.37561932113669017,25,1712916519837
641,-2.25390625,0.76171875,-0.34765625,-0.25041288075779344,27,1712916519837
641,-2.3671875,0.490234375,-0.35546875,-0.25041288075779344,22,1712916519837
642,0.595703125,3.380859375,-1.669921875,0.0,14,1712916519938
642,0.482421875,3.517578125,-1.505859375,0.0,12,1712916519938
642,0.84375,3.62890625,-0.99609375,0.25041288075779344,19,1712916519938
642,0.8515625,3.66796875,-0.994140625,0.25041288075779344,35,1712916519938
642,0.859375,3.7109375,-0.97265625,0.25041288075779344,39,1712916519938
642,0.744140625,3.767578125,-1.0078125,0.25041288075779344,22,1712916519938
642,0.583984375,3.5078125,-1.16015625,0.37561932113669017,53,1712916519938
642,0.58984375,3.533203125,-1.205078125,0.37561932113669017,95,1712916519938
642,0.71484375,3.576171875,-1.126953125,0.37561932113669017,92,1712916519938
642,0.72265625,3.673828125,-0.921875,0.37561932113669017,69,1712916519938
642,0.73046875,3.751953125,-0.740234375,0.37561932113669017,58,1712916519938
642,0.859375,3.771484375,-0.70703125,0.37561932113669017,46,1712916519938
642,0.578125,3.576171875,-0.765625,0.5008257615155869,26,1712916519938
642,0.583984375,3.583984375,-0.8984375,0.5008257615155869,93,1712916519938
642,0.58984375,3.6171875,-0.919921875,0.5008257615155869,159,1712916519938
642,0.595703125,3.662109375,-0.8984375,0.5008257615155869,139,1712916519938
642,0.6015625,3.703125,-0.88671875,0.5008257615155869,78,1712916519938
642,0.609375,3.70703125,-1.021484375,0.5008257615155869,37,1712916519938
642,0.583984375,3.64453125,-0.60546875,0.6260322018944836,39,1712916519938
642,0.58984375,3.66015625,-0.73828125,0.6260322018944836,52,1712916519938
642,0.4765625,3.65625,-0.9921875,0.6260322018944836,62,1712916519938
642,0.361328125,3.673828125,-1.115234375,0.6260322018944836,63,1712916519938
642,0.365234375,3.673828125,-1.23828125,0.6260322018944836,30,1712916519938
642,0.353515625,3.72265625,-0.544921875,0.7512386422733803,41,1712916519938
642,0.4765625,3.724609375,-0.69140625,0.7512386422733803,68,1712916519938
642,0.482421875,3.734375,-0.826171875,0.7512386422733803,59,1712916519938
642,0.365234375,3.740234375,-1.017578125,0.7512386422733803,27,1712916519938
642,0.595703125,3.685546875,-0.794921875,0.876445082652277,34,1712916519938
642,0.6015625,3.66796875,-1.02734375,0.876445082652277,29,1712916519938
642,-2.21875,0.6875,-0.453125,-0.37561932113669017,24,1712916519938
642,-2.330078125,0.431640625,-0.412109375,-0.37561932113669017,21,1712916519938
642,-2.29296875,0.552734375,-0.19921875,-0.25041288075779344,21,1712916519938
642,-2.330078125,0.521484375,-0.2890625,-0.25041288075779344,20,1712916519938
643,0.8515625,3.642578125,-1.078125,0.25041288075779344,48,1712916520038
643,0.859375,3.66015625,-1.1484375,0.25041288075779344,78,1712916520038
643,0.744140625,3.732421875,-1.12890625,0.25041288075779344,70,1712916520038
643,0.751953125,3.763671875,-1.158203125,0.25041288075779344,38,1712916520038
643,0.595703125,3.5703125,-1.2109375,0.37561932113669017,24,1712916520038
643,0.72265625,3.607421875,-1.15625,0.37561932113669017,44,1712916520038
643,0.73046875,3.697265625,-0.978515625,0.37561932113669017,80,1712916520038
643,0.859375,3.716796875,-0.94921875,0.37561932113669017,112,1712916520038
643,0.744140625,3.798828125,-0.880859375,0.37561932113669017,98,1712916520038
643,0.751953125,3.833984375,-0.89453125,0.37561932113669017,55,1712916520038
643,0.708984375,3.572265625,-1.009765625,0.5008257615155869,28,1712916520038
643,0.595703125,3.625,-1.03515625,0.5008257615155869,90,1712916520038
643,0.72265625,3.6171875,-1.12109375,0.5008257615155869,120,1712916520038
643,0.609375,3.681640625,-1.115234375,0.5008257615155869,74,1712916520038
643,0.615234375,3.806640625,-0.767578125,0.5008257615155869,41,1712916520038
643,0.744140625,3.869140625,-0.49609375,0.5008257615155869,39,1712916520038
643,0.708984375,3.607421875,-0.876953125,0.6260322018944836,29,1712916520038
643,0.595703125,3.673828125,-0.8515625,0.6260322018944836,99,1712916520038
643,0.6015625,3.697265625,-0.916015625,0.6260322018944836,140,1712916520038
643,0.609375,3.7109375,-1.009765625,0.6260322018944836,111,1712916520038
643,0.736328125,3.66796875,-1.208984375,0.6260322018944836,74,1712916520038
643,0.62109375,3.7265625,-1.21875,0.6260322018944836,37,1712916520038
643,0.595703125,3.705078125,-0.69921875,0.7512386422733803,33,1712916520038
643,0.482421875,3.763671875,-0.689453125,0.7512386422733803,71,1712916520038
643,0.609375,3.75390625,-0.833984375,0.7512386422733803,108,1712916520038
643,0.615234375,3.765625,-0.947265625,0.7512386422733803,103,1712916520038
643,0.62109375,3.78125,-1.037109375,0.7512386422733803,56,1712916520038
643,0.6015625,3.783203125,-0.4296875,0.876445082652277,25,1712916520038
643,0.609375,3.79296875,-0.640625,0.876445082652277,48,1712916520038
643,0.615234375,3.80078125,-0.798828125,0.876445082652277,54,1712916520038
643,0.62109375,3.80859375,-0.931640625,0.876445082652277,34,1712916520038
643,-2.111328125,0.671875,-0.720703125,-0.37561932113669017,18,1712916520038
643,-2.14453125,0.716796875,-0.697265625,-0.37561932113669017,19,1712916520038
643,-2.18359375,0.625,-0.515625,-0.25041288075779344,28,1712916520038
643,-2.21875,0.62890625,-0.53125,-0.25041288075779344,28,1712916520038
643,-0.8515625,2.849609375,2.513671875,0.5008257615155869,38,1712916520038
643,-0.869140625,2.962890625,2.49609375,0.6260322018944836,19,1712916520038
644,0.73046875,3.283203125,-1.962890625,0.0,11,1712916520139
644,0.736328125,3.38671875,-1.857421875,0.0,20,1712916520139
644,0.744140625,3.455078125,-1.80859375,0.0,20,1712916520139
644,0.751953125,3.53515625,-1.732421875,0.0,11,1712916520139
644,0.744140625,3.662109375,-1.341796875,0.12520644037889672,17,1712916520139
644,0.876953125,3.578125,-1.580078125,0.12520644037889672,14,1712916520139
644,0.73046875,3.7421875,-0.794921875,0.25041288075779344,24,1712916520139
644,0.736328125,3.740234375,-0.962890625,0.25041288075779344,75,1712916520139
644,0.744140625,3.74609375,-1.08203125,0.25041288075779344,103,1712916520139
644,0.751953125,3.755859375,-1.181640625,0.25041288075779344,72,1712916520139
644,0.7578125,3.791015625,-1.197265625,0.25041288075779344,26,1712916520139
644,0.73046875,3.736328125,-0.818359375,0.37561932113669017,40,1712916520139
644,0.736328125,3.771484375,-0.83203125,0.37561932113669017,110,1712916520139
644,0.744140625,3.794921875,-0.900390625,0.37561932113669017,142,1712916520139
644,0.751953125,3.8203125,-0.951171875,0.37561932113669017,94,1712916520139
644,0.6328125,3.890625,-0.91796875,0.37561932113669017,29,1712916520139
644,0.609375,3.755859375,-0.830078125,0.5008257615155869,57,1712916520139
644,0.615234375,3.8125,-0.7421875,0.5008257615155869,116,1712916520139
644,0.62109375,3.853515625,-0.724609375,0.5008257615155869,119,1712916520139
644,0.375,3.96484375,-0.453125,0.5008257615155869,57,1712916520139
644,0.84375,3.5546875,-1.232421875,0.6260322018944836,33,1712916520139
644,0.486328125,3.5546875,-1.51171875,0.6260322018944836,62,1712916520139
644,0.369140625,3.8359375,-0.78125,0.6260322018944836,88,1712916520139
644,0.373046875,3.9375,-0.35546875,0.6260322018944836,77,1712916520139
644,0.0,4.0078125,0.0234375,0.6260322018944836,33,1712916520139
644,0.6015625,3.6875,-0.94921875,0.7512386422733803,42,1712916520139
644,0.73046875,3.69140625,-1.001953125,0.7512386422733803,83,1712916520139
644,0.615234375,3.73046875,-1.080078125,0.7512386422733803,69,1712916520139
644,0.9921875,3.7109375,-1.001953125,0.7512386422733803,25,1712916520139
644,0.876953125,3.775390625,-1.025390625,0.7512386422733803,31,1712916520139
644,0.6015625,3.765625,-0.572265625,0.876445082652277,17,1712916520139
644,0.609375,3.80859375,-0.537109375,0.876445082652277,38,1712916520139
644,0.615234375,3.861328125,-0.423828125,0.876445082652277,38,1712916520139
644,0.62109375,3.91796875,-0.185546875,0.876445082652277,21,1712916520139
644,0.626953125,3.92578125,-0.5078125,0.876445082652277,21,1712916520139
644,1.376953125,2.671875,-2.65234375,0.6260322018944836,19,1712916520139
644,-0.49609375,0.0,-3.939453125,0.7512386422733803,15,1712916520139
645,0.49609375,3.537109375,-1.736328125,0.0,14,1712916520239
645,0.615234375,3.845703125,-0.537109375,0.37561932113669017,22,1712916520239
645,0.501953125,3.826171875,-1.0859375,0.37561932113669017,39,1712916520239
645,0.505859375,3.861328125,-1.103515625,0.37561932113669017,34,1712916520239
645,0.609375,3.814453125,-0.490234375,0.5008257615155869,61,1712916520239
645,0.615234375,3.845703125,-0.541015625,0.5008257615155869,107,1712916520239
645,0.62109375,3.869140625,-0.638671875,0.5008257615155869,119,1712916520239
645,0.626953125,3.869140625,-0.8359375,0.5008257615155869,152,1712916520239
645,0.6328125,3.90234375,-0.86328125,0.5008257615155869,136,1712916520239
645,0.509765625,3.9609375,-0.857421875,0.5008257615155869,66,1712916520239
645,0.609375,3.8359375,-0.28515625,0.6260322018944836,55,1712916520239
645,0.615234375,3.865234375,-0.376953125,0.6260322018944836,108,1712916520239
645,0.62109375,3.8828125,-0.54296875,0.6260322018944836,148,1712916520239
645,0.626953125,3.90234375,-0.673828125,0.6260322018944836,198,1712916520239
645,0.6328125,3.9375,-0.68359375,0.6260322018944836,167,1712916520239
645,0.638671875,3.978515625,-0.673828125,0.6260322018944836,83,1712916520239
645,0.4921875,3.896484375,-0.20703125,0.7512386422733803,25,1712916520239
645,0.744140625,3.83984375,-0.6796875,0.7512386422733803,69,1712916520239
645,0.751953125,3.88671875,-0.630859375,0.7512386422733803,101,1712916520239
645,0.6328125,3.962890625,-0.515625,0.7512386422733803,78,1712916520239
645,0.765625,3.9765625,-0.529296875,0.7512386422733803,41,1712916520239
645,0.62109375,3.857421875,-0.70703125,0.876445082652277,25,1712916520239
645,0.501953125,3.92578125,-0.6328125,0.876445082652277,22,1712916520239
646,0.62109375,3.849609375,-0.751953125,0.25041288075779344,23,1712916520339
646,0.501953125,3.8828125,-0.859375,0.25041288075779344,30,1712916520339
646,0.37890625,3.896484375,-1.021484375,0.25041288075779344,23,1712916520339
646,0.736328125,3.849609375,-0.310546875,0.37561932113669017,35,1712916520339
646,0.62109375,3.90625,-0.341796875,0.37561932113669017,52,1712916520339
646,0.876953125,3.77734375,-1.017578125,0.37561932113669017,58,1712916520339
646,0.884765625,3.775390625,-1.16015625,0.37561932113669017,109,1712916520339
646,0.89453125,3.8359375,-1.08203125,0.37561932113669017,99,1712916520339
646,0.64453125,3.974609375,-0.8828125,0.37561932113669017,33,1712916520339
646,0.615234375,3.880859375,-0.142578125,0.5008257615155869,30,1712916520339
646,0.62109375,3.916015625,-0.216796875,0.5008257615155869,43,1712916520339
646,0.876953125,3.8125,-0.875,0.5008257615155869,90,1712916520339
646,0.884765625,3.86328125,-0.8203125,0.5008257615155869,187,1712916520339
646,0.765625,3.9375,-0.767578125,0.5008257615155869,180,1712916520339
646,0.7734375,3.990234375,-0.6953125,0.5008257615155869,71,1712916520339
646,0.751953125,3.880859375,-0.66015625,0.6260322018944836,47,1712916520339
646,0.7578125,3.9375,-0.541015625,0.6260322018944836,95,1712916520339
646,0.765625,3.9765625,-0.529296875,0.6260322018944836,90,1712916520339
646,0.7734375,4.01953125,-0.5,0.6260322018944836,36,1712916520339
646,-2.181640625,0.056640625,-0.556640625,-0.25041288075779344,22,1712916520339
646,-2.146484375,0.572265625,-0.556640625,-0.25041288075779344,23,1712916520339
646,-2.181640625,0.16796875,-0.533203125,-0.12520644037889672,13,1712916520339
647,0.62109375,3.9140625,-0.2265625,0.12520644037889672,18,1712916520440
647,0.626953125,3.95703125,-0.1484375,0.12520644037889672,23,1712916520440
647,0.505859375,3.9921875,-0.435546875,0.12520644037889672,17,1712916520440
647,0.638671875,3.892578125,-1.060546875,0.12520644037889672,24,1712916520440
647,0.744140625,3.896484375,-0.140625,0.25041288075779344,50,1712916520440
647,0.626953125,3.958984375,-0.060546875,0.25041288075779344,68,1712916520440
647,0.7578125,3.962890625,0.302734375,0.25041288075779344,44,1712916520440
647,1.021484375,3.68359375,-1.439453125,0.25041288075779344,50,1712916520440
647,1.03125,3.859375,-1.017578125,0.25041288075779344,51,1712916520440
647,0.62109375,3.921875,-0.009765625,0.37561932113669017,39,1712916520440
647,0.626953125,3.951171875,-0.2421875,0.37561932113669017,69,1712916520440
647,0.7578125,3.9296875,-0.591796875,0.37561932113669017,99,1712916520440
647,0.765625,3.9609375,-0.646484375,0.37561932113669017,135,1712916520440
647,0.90234375,3.986328125,-0.548828125,0.37561932113669017,116,1712916520440
647,0.779296875,4.080078125,-0.248046875,0.37561932113669017,46,1712916520440
647,0.501953125,3.9609375,-0.349609375,0.5008257615155869,25,1712916520440
647,0.6328125,3.9765625,-0.396484375,0.5008257615155869,60,1712916520440
647,0.765625,3.990234375,-0.416015625,0.5008257615155869,92,1712916520440
647,0.64453125,4.060546875,-0.298828125,0.5008257615155869,73,1712916520440
647,0.51953125,4.123046875,0.205078125,0.5008257615155869,23,1712916520440
647,-2.076171875,0.671875,-0.376953125,-0.25041288075779344,22,1712916520440
647,-2.111328125,0.66796875,-0.408203125,-0.25041288075779344,27,1712916520440
647,-2.21875,0.2890625,-0.490234375,-0.25041288075779344,17,1712916520440
647,-2.181640625,0.482421875,-0.28125,-0.12520644037889672,17,1712916520440
647,-1.041015625,0.990234375,3.90625,0.5008257615155869,13,1712916520440
648,0.62109375,3.916015625,-0.220703125,0.0,19,1712916520540
648,0.626953125,3.947265625,-0.3125,0.0,38,1712916520540
648,0.7578125,3.935546875,-0.5546875,0.0,43,1712916520540
648,0.638671875,3.82421875,-1.28515625,0.0,40,1712916520540
648,0.7734375,3.794921875,-1.4140625,0.0,44,1712916520540
648,0.779296875,3.826171875,-1.4375,0.0,35,1712916520540
648,0.65625,3.82421875,-1.60546875,0.0,19,1712916520540
648,0.744140625,3.900390625,-0.015625,0.12520644037889672,41,1712916520540
648,0.751953125,3.9375,-0.021484375,0.12520644037889672,73,1712916520540
648,0.7578125,3.974609375,-0.009765625,0.12520644037889672,63,1712916520540
648,0.509765625,3.86328125,-1.22265625,0.12520644037889672,33,1712916520540
648,0.515625,3.919921875,-1.169921875,0.12520644037889672,49,1712916520540
648,0.51953125,3.96484375,-1.1484375,0.12520644037889672,48,1712916520540
648,0.65625,3.958984375,-1.236328125,0.12520644037889672,32,1712916520540
648,0.62109375,3.91015625,0.291015625,0.25041288075779344,23,1712916520540
648,0.751953125,3.912109375,0.44140625,0.25041288075779344,31,1712916520540
648,0.7578125,3.859375,-0.94921875,0.25041288075779344,19,1712916520540
648,0.765625,3.92578125,-0.828125,0.25041288075779344,88,1712916520540
648,0.7734375,3.98828125,-0.69921875,0.25041288075779344,118,1712916520540
648,0.779296875,4.029296875,-0.69140625,0.25041288075779344,91,1712916520540
648,0.65625,4.064453125,-0.828125,0.25041288075779344,50,1712916520540
648,0.6328125,3.9453125,-0.642578125,0.37561932113669017,63,1712916520540
648,0.638671875,3.994140625,-0.56640625,0.37561932113669017,143,1712916520540
648,0.7734375,4.015625,-0.533203125,0.37561932113669017,190,1712916520540
648,0.779296875,4.05078125,-0.552734375,0.37561932113669017,165,1712916520540
648,0.787109375,4.064453125,-0.70703125,0.37561932113669017,101,1712916520540
648,0.794921875,4.041015625,-0.994140625,0.37561932113669017,55,1712916520540
648,0.6328125,3.982421875,-0.330078125,0.5008257615155869,24,1712916520540
648,0.638671875,4.01953125,-0.35546875,0.5008257615155869,54,1712916520540
648,0.7734375,4.03125,-0.392578125,0.5008257615155869,82,1712916520540
648,0.779296875,4.05859375,-0.478515625,0.5008257615155869,84,1712916520540
648,0.787109375,4.068359375,-0.6796875,0.5008257615155869,67,1712916520540
648,0.794921875,4.0859375,-0.791015625,0.5008257615155869,47,1712916520540
648,0.80078125,4.138671875,-0.7109375,0.5008257615155869,23,1712916520540
648,0.7734375,3.916015625,-1.03125,0.6260322018944836,26,1712916520540
648,0.91015625,3.91796875,-1.068359375,0.6260322018944836,49,1712916520540
648,0.91796875,3.9453125,-1.109375,0.6260322018944836,46,1712916520540
648,0.927734375,3.998046875,-1.0546875,0.6260322018944836,20,1712916520540
648,0.7734375,3.96484375,-0.822265625,0.7512386422733803,24,1712916520540
648,0.779296875,3.9921875,-0.87890625,0.7512386422733803,44,1712916520540
648,0.91796875,3.974609375,-0.994140625,0.7512386422733803,38,1712916520540
648,-2.21484375,0.0,-0.203125,-0.12520644037889672,16,1712916520540
648,-2.251953125,0.0,-0.30859375,-0.12520644037889672,14,1712916520540
648,0.876953125,3.896484375,-0.34375,0.0,38,1712916520540
648,0.91796875,3.724609375,-1.70703125,0.0,19,1712916520540
649,0.6328125,3.958984375,-0.544921875,0.12520644037889672,30,1712916520640
649,0.638671875,3.958984375,-0.78125,0.12520644037889672,58,1712916520640
649,0.64453125,3.998046875,-0.779296875,0.12520644037889672,65,1712916520640
649,0.51953125,4.087890625,-0.58203125,0.12520644037889672,33,1712916520640
649,0.6328125,3.94140625,-0.66015625,0.25041288075779344,42,1712916520640
649,0.509765625,3.98046875,-0.7578125,0.25041288075779344,118,1712916520640
649,0.515625,4.021484375,-0.75390625,0.25041288075779344,157,1712916520640
649,0.51953125,4.0625,-0.736328125,0.25041288075779344,97,1712916520640
649,0.39453125,4.1328125,-0.626953125,0.25041288075779344,39,1712916520640
649,0.505859375,3.953125,-0.705078125,0.37561932113669017,23,1712916520640
649,0.509765625,3.998046875,-0.66015625,0.37561932113669017,81,1712916520640
649,0.515625,4.03515625,-0.669921875,0.37561932113669017,112,1712916520640
649,0.390625,4.09375,-0.630859375,0.37561932113669017,71,1712916520640
649,0.26171875,4.19140625,-0.052734375,0.37561932113669017,27,1712916520640
649,0.927734375,4.009765625,-1.0078125,0.37561932113669017,41,1712916520640
649,0.80078125,4.11328125,-0.849609375,0.37561932113669017,46,1712916520640
649,1.05078125,3.94921875,-0.970703125,0.5008257615155869,21,1712916520640
649,0.927734375,4.095703125,-0.56640625,0.5008257615155869,37,1712916520640
649,0.80078125,4.185546875,-0.357421875,0.5008257615155869,37,1712916520640
649,0.80859375,4.232421875,-0.19140625,0.5008257615155869,20,1712916520640
649,-2.14453125,0.4609375,-0.298828125,-0.12520644037889672,16,1712916520640
649,0.751953125,3.9375,-0.06640625,-0.12520644037889672,29,1712916520640
649,0.6328125,3.9921875,-0.1796875,-0.12520644037889672,23,1712916520640
649,-1.3125,2.1953125,3.330078125,0.37561932113669017,14,1712916520640
649,-0.525390625,3.443359375,2.34375,0.5008257615155869,11,1712916520640
650,0.638671875,3.888671875,-1.07421875,0.0,35,1712916520741
650,0.64453125,3.947265625,-1.001953125,0.0,82,1712916520741
650,0.779296875,3.939453125,-1.087890625,0.0,91,1712916520741
650,0.787109375,3.982421875,-1.072265625,0.0,65,1712916520741
650,0.794921875,4.04296875,-0.986328125,0.0,35,1712916520741
650,0.765625,3.955078125,-0.67578125,0.12520644037889672,61,1712916520741
650,0.7734375,3.98046875,-0.7421875,0.12520644037889672,138,1712916520741
650,0.779296875,4.01171875,-0.779296875,0.12520644037889672,155,1712916520741
650,0.787109375,4.0546875,-0.755859375,0.12520644037889672,112,1712916520741
650,0.794921875,4.10546875,-0.685546875,0.12520644037889672,66,1712916520741
650,0.7734375,4.044921875,-0.1875,0.25041288075779344,50,1712916520741
650,0.779296875,4.072265625,-0.361328125,0.25041288075779344,69,1712916520741
650,0.787109375,4.099609375,-0.458984375,0.25041288075779344,65,1712916520741
650,0.927734375,4.08203125,-0.662109375,0.25041288075779344,50,1712916520741
650,0.80078125,4.119140625,-0.818359375,0.25041288075779344,35,1712916520741
650,0.509765625,3.970703125,-0.8125,0.37561932113669017,21,1712916520741
650,0.38671875,3.978515625,-1.0078125,0.37561932113669017,35,1712916520741
650,0.390625,3.939453125,-1.28125,0.37561932113669017,28,1712916520741
650,0.927734375,4.021484375,-0.9609375,0.37561932113669017,26,1712916520741
650,0.935546875,4.087890625,-0.833984375,0.37561932113669017,33,1712916520741
650,0.80859375,4.189453125,-0.638671875,0.37561932113669017,24,1712916520741
650,0.390625,4.033203125,-0.947265625,0.5008257615155869,21,1712916520741
651,0.64453125,3.98828125,-0.828125,0.0,28,1712916520841
651,0.650390625,4.025390625,-0.83203125,0.0,44,1712916520841
651,0.65625,4.05078125,-0.892578125,0.0,45,1712916520841
651,0.662109375,4.080078125,-0.9296875,0.0,33,1712916520841
651,0.53515625,4.1328125,-0.955078125,0.0,16,1712916520841
651,0.638671875,3.94921875,-0.82421875,0.12520644037889672,22,1712916520841
651,0.64453125,4.021484375,-0.6484375,0.12520644037889672,67,1712916520841
651,0.650390625,4.0625,-0.626953125,0.12520644037889672,102,1712916520841
651,0.65625,4.09765625,-0.640625,0.12520644037889672,99,1712916520841
651,0.662109375,4.130859375,-0.673828125,0.12520644037889672,74,1712916520841
651,0.66796875,4.150390625,-0.78515625,0.12520644037889672,43,1712916520841
651,0.515625,4.05859375,-0.51171875,0.25041288075779344,35,1712916520841
651,0.650390625,4.06640625,-0.6015625,0.25041288075779344,50,1712916520841
651,0.65625,4.11328125,-0.529296875,0.25041288075779344,40,1712916520841
651,0.529296875,4.181640625,-0.4453125,0.25041288075779344,27,1712916520841
651,0.66796875,4.16796875,-0.681640625,0.25041288075779344,27,1712916520841
651,0.943359375,4.091796875,-0.986328125,0.25041288075779344,27,1712916520841
651,0.650390625,3.978515625,-1.03125,-0.12520644037889672,25,1712916520841
651,0.787109375,3.927734375,-1.259765625,-0.12520644037889672,26,1712916520841
651,0.662109375,3.970703125,-1.322265625,-0.12520644037889672,18,1712916520841
651,-0.927734375,3.09765625,2.73828125,-0.12520644037889672,10,1712916520841
652,0.650390625,3.990234375,-0.98828125,0.0,18,1712916520941
652,0.65625,4.0234375,-1.005859375,0.0,21,1712916520941
652,0.662109375,4.021484375,-1.158203125,0.0,22,1712916520941
652,0.400390625,4.080078125,-1.216796875,0.0,17,1712916520941
652,0.7734375,3.962890625,-0.8359375,0.12520644037889672,21,1712916520941
652,0.779296875,4.01953125,-0.744140625,0.12520644037889672,47,1712916520941
652,0.65625,4.08203125,-0.732421875,0.12520644037889672,56,1712916520941
652,0.529296875,4.12109375,-0.8359375,0.12520644037889672,49,1712916520941
652,0.400390625,4.15234375,-0.939453125,0.12520644037889672,34,1712916520941
652,0.65625,4.126953125,-0.41015625,0.25041288075779344,23,1712916520941
652,0.529296875,4.150390625,-0.66796875,0.25041288075779344,27,1712916520941
652,0.400390625,4.169921875,-0.853515625,0.25041288075779344,21,1712916520941
653,0.779296875,3.95703125,-1.025390625,0.0,29,1712916521041
653,0.787109375,4.005859375,-0.984375,0.0,42,1712916521041
653,0.529296875,4.072265625,-1.044921875,0.0,32,1712916521041
653,0.80859375,4.197265625,-0.583984375,0.0,20,1712916521041
653,0.81640625,4.220703125,-0.67578125,0.0,16,1712916521041
653,0.626953125,3.958984375,0.021484375,0.12520644037889672,19,1712916521041
653,0.525390625,4.056640625,-0.951171875,0.12520644037889672,42,1712916521041
653,0.529296875,4.12890625,-0.794921875,0.12520644037889672,46,1712916521041
653,0.39453125,4.134765625,-0.61328125,0.25041288075779344,25,1712916521041
653,0.396484375,4.16796875,-0.65625,0.25041288075779344,23,1712916521041
653,0.943359375,3.994140625,-1.330078125,-0.5008257615155869,19,1712916521041
653,0.935546875,4.0546875,-0.984375,-0.37561932113669017,35,1712916521041
653,0.943359375,4.064453125,-1.09375,-0.37561932113669017,51,1712916521041
653,0.951171875,4.0625,-1.236328125,-0.37561932113669017,40,1712916521041
653,0.935546875,4.0859375,-0.84765625,-0.25041288075779344,25,1712916521041
653,0.80859375,4.177734375,-0.705078125,-0.25041288075779344,37,1712916521041
653,0.81640625,4.193359375,-0.830078125,-0.25041288075779344,28,1712916521041
653,0.779296875,3.951171875,-1.05078125,-0.12520644037889672,35,1712916521041
653,0.65625,4.0078125,-1.0703125,-0.12520644037889672,41,1712916521041
653,0.662109375,4.009765625,-1.203125,-0.12520644037889672,36,1712916521041
653,0.80078125,4.072265625,-1.029296875,-0.12520644037889672,37,1712916521041
653,0.943359375,4.08984375,-0.9921875,-0.12520644037889672,28,1712916521041
654,-2.14453125,0.416015625,-0.357421875,0.12520644037889672,20,1712916521141
654,-2.111328125,0.69140625,-0.37109375,0.12520644037889672,23,1712916521141
654,-2.291015625,0.0,-0.365234375,0.12520644037889672,12,1712916521141
654,0.626953125,3.958984375,-0.001953125,0.12520644037889672,33,1712916521141
654,0.6328125,3.99609375,-0.0625,0.12520644037889672,30,1712916521141
654,0.927734375,4.001953125,-1.0390625,-0.37561932113669017,23,1712916521141
654,0.935546875,4.01171875,-1.1484375,-0.37561932113669017,36,1712916521141
654,0.943359375,4.048828125,-1.150390625,-0.37561932113669017,32,1712916521141
654,0.91796875,3.98828125,-0.943359375,-0.25041288075779344,26,1712916521141
654,0.794921875,4.080078125,-0.82421875,-0.25041288075779344,43,1712916521141
654,0.80078125,4.11328125,-0.84765625,-0.25041288075779344,55,1712916521141
654,0.80859375,4.138671875,-0.9140625,-0.25041288075779344,46,1712916521141
654,0.515625,4.044921875,-0.607421875,-0.12520644037889672,23,1712916521141
654,0.779296875,3.921875,-1.150390625,-0.12520644037889672,38,1712916521141
654,0.65625,4.01171875,-1.052734375,-0.12520644037889672,44,1712916521141
654,0.662109375,4.11328125,-0.76953125,-0.12520644037889672,45,1712916521141
654,0.80078125,4.13671875,-0.724609375,-0.12520644037889672,38,1712916521141
655,0.62109375,3.9140625,-0.240234375,0.0,13,1712916521242
655,0.626953125,3.935546875,-0.43359375,0.0,30,1712916521242
655,0.6328125,3.96484375,-0.501953125,0.0,36,1712916521242
655,0.638671875,3.99609375,-0.5625,0.0,62,1712916521242
655,0.64453125,4.0390625,-0.521484375,0.0,124,1712916521242
655,0.51953125,4.1015625,-0.466796875,0.0,152,1712916521242
655,0.525390625,4.146484375,-0.416015625,0.0,113,1712916521242
655,0.529296875,4.18359375,-0.42578125,0.0,51,1712916521242
655,0.62109375,3.921875,0.0234375,0.12520644037889672,26,1712916521242
655,0.751953125,3.935546875,-0.13671875,0.12520644037889672,62,1712916521242
655,0.6328125,3.990234375,-0.224609375,0.12520644037889672,65,1712916521242
655,0.638671875,4.029296875,-0.21875,0.12520644037889672,31,1712916521242
655,0.62109375,3.908203125,0.330078125,0.25041288075779344,19,1712916521242
655,0.626953125,3.955078125,0.18359375,0.25041288075779344,43,1712916521242
655,0.6328125,3.99609375,0.0859375,0.25041288075779344,45,1712916521242
655,0.509765625,4.05078125,0.154296875,0.25041288075779344,20,1712916521242
655,0.927734375,3.9453125,-1.23828125,-0.5008257615155869,28,1712916521242
655,0.80078125,3.97265625,-1.36328125,-0.5008257615155869,26,1712916521242
655,0.7578125,3.939453125,-0.533203125,-0.37561932113669017,21,1712916521242
655,0.638671875,3.9921875,-0.587890625,-0.37561932113669017,32,1712916521242
655,0.64453125,4.00390625,-0.744140625,-0.37561932113669017,32,1712916521242
655,0.779296875,4.005859375,-0.810546875,-0.37561932113669017,35,1712916521242
655,0.91796875,3.984375,-0.953125,-0.37561932113669017,61,1712916521242
655,0.927734375,3.998046875,-1.052734375,-0.37561932113669017,84,1712916521242
655,0.80078125,4.068359375,-1.044921875,-0.37561932113669017,69,1712916521242
655,0.80859375,4.0703125,-1.17578125,-0.37561932113669017,29,1712916521242
655,0.6328125,3.9609375,-0.5390625,-0.25041288075779344,30,1712916521242
655,0.765625,3.919921875,-0.853515625,-0.25041288075779344,82,1712916521242
655,0.64453125,3.962890625,-0.939453125,-0.25041288075779344,158,1712916521242
655,0.779296875,3.98046875,-0.927734375,-0.25041288075779344,186,1712916521242
655,0.65625,4.0625,-0.841796875,-0.25041288075779344,163,1712916521242
655,0.794921875,4.08203125,-0.814453125,-0.25041288075779344,124,1712916521242
655,0.80078125,4.099609375,-0.91015625,-0.25041288075779344,81,1712916521242
655,0.6328125,3.96875,-0.466796875,-0.12520644037889672,32,1712916521242
655,0.509765625,3.98828125,-0.72265625,-0.12520644037889672,108,1712916521242
655,0.64453125,4.001953125,-0.751953125,-0.12520644037889672,237,1712916521242
655,0.51953125,4.06640625,-0.7109375,-0.12520644037889672,289,1712916521242
655,0.65625,4.091796875,-0.681640625,-0.12520644037889672,229,1712916521242
655,0.662109375,4.12890625,-0.681640625,-0.12520644037889672,123,1712916521242
655,0.66796875,4.15625,-0.748046875,-0.12520644037889672,55,1712916521242
656,0.638671875,4.017578125,-0.369140625,0.0,28,1712916521343
656,0.515625,4.078125,-0.326171875,0.0,49,1712916521343
656,0.51953125,4.12109375,-0.25,0.0,51,1712916521343
656,0.525390625,4.166015625,-0.064453125,0.0,19,1712916521343
656,0.662109375,4.15234375,-0.53125,0.0,19,1712916521343
656,0.53515625,4.220703125,-0.41796875,0.0,23,1712916521343
656,0.51953125,3.966796875,-1.146484375,-0.7512386422733803,21,1712916521343
656,0.65625,3.97265625,-1.193359375,-0.7512386422733803,23,1712916521343
656,0.64453125,3.998046875,-0.7734375,-0.6260322018944836,21,1712916521343
656,0.650390625,3.982421875,-1.015625,-0.6260322018944836,45,1712916521343
656,0.65625,3.986328125,-1.146484375,-0.6260322018944836,49,1712916521343
656,0.662109375,3.984375,-1.28125,-0.6260322018944836,28,1712916521343
656,0.515625,3.984375,-0.92578125,-0.5008257615155869,29,1712916521343
656,0.650390625,3.990234375,-0.982421875,-0.5008257615155869,55,1712916521343
656,0.525390625,4.0703125,-0.890625,-0.5008257615155869,50,1712916521343
656,0.396484375,4.13671875,-0.82421875,-0.5008257615155869,21,1712916521343
656,0.515625,3.833984375,-1.42578125,-0.37561932113669017,47,1712916521343
656,0.390625,3.9921875,-1.109375,-0.37561932113669017,77,1712916521343
656,0.26171875,4.13671875,-0.677734375,-0.37561932113669017,60,1712916521343
656,1.19140625,3.91015625,-1.1171875,-0.37561932113669017,29,1712916521343
656,0.935546875,4.00390625,-1.173828125,-0.37561932113669017,44,1712916521343
656,0.80859375,4.05078125,-1.240234375,-0.37561932113669017,29,1712916521343
656,0.6328125,3.986328125,-0.283203125,-0.25041288075779344,32,1712916521343
656,0.638671875,4.013671875,-0.41796875,-0.25041288075779344,48,1712916521343
656,0.64453125,4.015625,-0.677734375,-0.25041288075779344,87,1712916521343
656,0.650390625,4.025390625,-0.828125,-0.25041288075779344,107,1712916521343
656,0.525390625,4.1171875,-0.634765625,-0.25041288075779344,69,1712916521343
656,0.935546875,4.08984375,-0.826171875,-0.25041288075779344,35,1712916521343
656,0.6328125,3.99609375,-0.091796875,-0.12520644037889672,34,1712916521343
656,0.638671875,4.01171875,-0.43359375,-0.12520644037889672,62,1712916521343
656,0.64453125,4.044921875,-0.470703125,-0.12520644037889672,101,1712916521343
656,0.650390625,4.09375,-0.369140625,-0.12520644037889672,105,1712916521343
656,0.65625,4.138671875,-0.283203125,-0.12520644037889672,48,1712916521343
656,-0.396484375,3.623046875,2.16015625,-0.37561932113669017,25,1712916521343
656,-0.80859375,2.873046875,3.115234375,-0.37561932113669017,16,1712916521343
656,-0.66796875,1.173828125,4.056640625,-0.25041288075779344,18,1712916521343
657,0.638671875,4.033203125,-0.107421875,0.0,11,1712916521443
657,0.515625,4.08984375,-0.09375,0.0,20,1712916521443
657,0.51953125,4.125,-0.1640625,0.0,22,1712916521443
657,0.39453125,4.169921875,-0.30859375,0.0,19,1712916521443
657,0.505859375,3.822265625,-1.228515625,-0.5008257615155869,31,1712916521443
657,0.638671875,3.83984375,-1.23828125,-0.5008257615155869,72,1712916521443
657,0.64453125,3.896484375,-1.18359375,-0.5008257615155869,100,1712916521443
657,0.650390625,3.9375,-1.181640625,-0.5008257615155869,89,1712916521443
657,0.525390625,3.98828125,-1.205078125,-0.5008257615155869,53,1712916521443
657,0.662109375,4.0,-1.23046875,-0.5008257615155869,28,1712916521443
657,0.505859375,3.87890625,-1.0390625,-0.37561932113669017,48,1712916521443
657,0.638671875,3.919921875,-0.958984375,-0.37561932113669017,123,1712916521443
657,0.64453125,3.962890625,-0.935546875,-0.37561932113669017,187,1712916521443
657,0.650390625,4.001953125,-0.939453125,-0.37561932113669017,168,1712916521443
657,0.65625,4.0390625,-0.9453125,-0.37561932113669017,93,1712916521443
657,0.662109375,4.087890625,-0.90234375,-0.37561932113669017,43,1712916521443
657,0.6328125,3.9609375,-0.5390625,-0.25041288075779344,38,1712916521443
657,0.638671875,3.970703125,-0.716796875,-0.25041288075779344,87,1712916521443
657,0.64453125,4.0,-0.759765625,-0.25041288075779344,137,1712916521443
657,0.51953125,4.0546875,-0.77734375,-0.25041288075779344,122,1712916521443
657,0.65625,4.072265625,-0.791015625,-0.25041288075779344,62,1712916521443
657,0.509765625,4.0390625,-0.34375,-0.12520644037889672,17,1712916521443
657,0.515625,4.0390625,-0.642578125,-0.12520644037889672,21,1712916521443
657,0.390625,4.0546875,-0.849609375,-0.12520644037889672,21,1712916521443
657,0.39453125,4.017578125,-1.15625,-0.12520644037889672,22,1712916521443
658,0.501953125,3.962890625,0.328125,0.0,15,1712916521543
658,0.6328125,3.984375,0.306640625,0.0,20,1712916521543
658,0.509765625,4.0390625,0.337890625,0.0,22,1712916521543
658,0.37890625,3.865234375,-1.138671875,-0.7512386422733803,31,1712916521543
658,0.255859375,3.900390625,-1.1875,-0.7512386422733803,41,1712916521543
658,0.2578125,3.892578125,-1.3359375,-0.7512386422733803,26,1712916521543
658,0.626953125,3.861328125,-0.873046875,-0.6260322018944836,40,1712916521543
658,0.505859375,3.884765625,-1.017578125,-0.6260322018944836,90,1712916521543
658,0.509765625,3.919921875,-1.029296875,-0.6260322018944836,117,1712916521543
658,0.515625,3.95703125,-1.03515625,-0.6260322018944836,81,1712916521543
658,0.390625,4.001953125,-1.0703125,-0.6260322018944836,26,1712916521543
658,0.615234375,3.880859375,-0.1328125,-0.5008257615155869,21,1712916521543
658,0.62109375,3.904296875,-0.373046875,-0.5008257615155869,59,1712916521543
658,0.626953125,3.908203125,-0.630859375,-0.5008257615155869,116,1712916521543
658,0.6328125,3.921875,-0.767578125,-0.5008257615155869,186,1712916521543
658,0.638671875,3.95703125,-0.783203125,-0.5008257615155869,222,1712916521543
658,0.515625,4.017578125,-0.767578125,-0.5008257615155869,158,1712916521543
658,0.51953125,4.044921875,-0.82421875,-0.5008257615155869,59,1712916521543
658,0.4921875,3.8984375,0.1328125,-0.37561932113669017,22,1712916521543
658,0.62109375,3.919921875,-0.12109375,-0.37561932113669017,63,1712916521543
658,0.626953125,3.943359375,-0.353515625,-0.37561932113669017,111,1712916521543
658,0.6328125,3.96484375,-0.513671875,-0.37561932113669017,162,1712916521543
658,0.638671875,3.998046875,-0.541015625,-0.37561932113669017,181,1712916521543
658,0.64453125,4.03125,-0.572265625,-0.37561932113669017,131,1712916521543
658,0.51953125,4.080078125,-0.625,-0.37561932113669017,60,1712916521543
658,0.626953125,3.95703125,-0.12109375,-0.25041288075779344,30,1712916521543
658,0.6328125,3.986328125,-0.28125,-0.25041288075779344,38,1712916521543
658,0.638671875,4.021484375,-0.33203125,-0.25041288075779344,40,1712916521543
658,0.64453125,4.05859375,-0.3359375,-0.25041288075779344,28,1712916521543
659,0.373046875,3.9140625,0.55859375,0.0,13,1712916521644
659,0.501953125,3.96875,0.26171875,0.0,18,1712916521644
659,0.6328125,3.99609375,0.052734375,0.0,19,1712916521644
659,0.509765625,4.05078125,-0.14453125,0.0,14,1712916521644
659,0.615234375,3.7578125,-0.984375,-0.7512386422733803,22,1712916521644
659,0.62109375,3.791015625,-1.00390625,-0.7512386422733803,67,1712916521644
659,0.626953125,3.83203125,-0.99609375,-0.7512386422733803,117,1712916521644
659,0.6328125,3.873046875,-0.984375,-0.7512386422733803,114,1712916521644
659,0.638671875,3.8984375,-1.041015625,-0.7512386422733803,61,1712916521644
659,0.64453125,3.888671875,-1.2109375,-0.7512386422733803,39,1712916521644
659,0.51953125,3.953125,-1.189453125,-0.7512386422733803,25,1712916521644
659,0.609375,3.833984375,-0.30859375,-0.6260322018944836,32,1712916521644
659,0.736328125,3.8203125,-0.564453125,-0.6260322018944836,94,1712916521644
659,0.62109375,3.85546875,-0.71484375,-0.6260322018944836,203,1712916521644
659,0.626953125,3.88671875,-0.75,-0.6260322018944836,296,1712916521644
659,0.6328125,3.923828125,-0.755859375,-0.6260322018944836,261,1712916521644
659,0.509765625,3.962890625,-0.8515625,-0.6260322018944836,143,1712916521644
659,0.515625,3.970703125,-0.98046875,-0.6260322018944836,86,1712916521644
659,0.51953125,4.0234375,-0.92578125,-0.6260322018944836,50,1712916521644
659,0.609375,3.845703125,-0.03125,-0.5008257615155869,41,1712916521644
659,0.615234375,3.876953125,-0.244140625,-0.5008257615155869,107,1712916521644
659,0.62109375,3.8984375,-0.421875,-0.5008257615155869,188,1712916521644
659,0.626953125,3.9296875,-0.486328125,-0.5008257615155869,227,1712916521644
659,0.6328125,3.9609375,-0.529296875,-0.5008257615155869,189,1712916521644
659,0.638671875,3.966796875,-0.734375,-0.5008257615155869,114,1712916521644
659,0.64453125,3.97265625,-0.89453125,-0.5008257615155869,75,1712916521644
659,0.4921875,3.900390625,0.046875,-0.37561932113669017,36,1712916521644
659,0.49609375,3.935546875,-0.150390625,-0.37561932113669017,49,1712916521644
659,0.501953125,3.970703125,-0.240234375,-0.37561932113669017,40,1712916521644
659,0.7578125,3.939453125,-0.52734375,-0.37561932113669017,33,1712916521644
659,0.765625,3.919921875,-0.859375,-0.37561932113669017,53,1712916521644
659,0.7734375,3.91796875,-1.02734375,-0.37561932113669017,68,1712916521644
659,0.91015625,3.8984375,-1.138671875,-0.37561932113669017,47,1712916521644
659,0.7734375,3.966796875,-0.818359375,-0.25041288075779344,37,1712916521644
659,0.779296875,3.986328125,-0.908203125,-0.25041288075779344,26,1712916521644
660,0.369140625,3.865234375,0.62109375,0.0,12,1712916521744
660,0.373046875,3.892578125,0.68359375,0.0,13,1712916521744
660,0.736328125,3.6953125,-1.12109375,-1.0016515230311738,31,1712916521744
660,0.62109375,3.767578125,-1.08984375,-1.0016515230311738,44,1712916521744
660,0.626953125,3.80078125,-1.111328125,-1.0016515230311738,38,1712916521744
660,0.505859375,3.8359375,-1.18359375,-1.0016515230311738,23,1712916521744
660,0.609375,3.708984375,-1.015625,-0.876445082652277,59,1712916521744
660,0.615234375,3.759765625,-0.97265625,-0.876445082652277,104,1712916521744
660,0.49609375,3.849609375,-0.8359375,-0.876445082652277,107,1712916521744
660,0.501953125,3.896484375,-0.794921875,-0.876445082652277,81,1712916521744
660,0.505859375,3.91015625,-0.91015625,-0.876445082652277,53,1712916521744
660,0.3828125,3.93359375,-1.029296875,-0.876445082652277,31,1712916521744
660,0.609375,3.759765625,-0.810546875,-0.7512386422733803,64,1712916521744
660,0.615234375,3.818359375,-0.708984375,-0.7512386422733803,104,1712916521744
660,0.62109375,3.875,-0.60546875,-0.7512386422733803,84,1712916521744
660,0.375,3.97265625,-0.37109375,-0.7512386422733803,43,1712916521744
660,0.251953125,3.99609375,-0.580078125,-0.7512386422733803,29,1712916521744
660,0.744140625,3.86328125,-0.5390625,-0.6260322018944836,38,1712916521744
660,0.501953125,3.955078125,-0.419921875,-0.6260322018944836,35,1712916521744
660,0.6015625,3.802734375,0.1953125,-0.5008257615155869,23,1712916521744
660,0.609375,3.845703125,0.0625,-0.5008257615155869,47,1712916521744
660,0.4921875,3.900390625,-0.048828125,-0.5008257615155869,47,1712916521744
660,0.49609375,3.921875,-0.365234375,-0.5008257615155869,26,1712916521744
660,0.7578125,3.888671875,-0.822265625,-0.37561932113669017,31,1712916521744
660,0.765625,3.91796875,-0.86328125,-0.37561932113669017,38,1712916521744
660,0.7734375,3.962890625,-0.8359375,-0.37561932113669017,24,1712916521744
660,-1.001953125,2.1796875,3.2109375,-0.7512386422733803,24,1712916521744
661,0.609375,3.63671875,-1.25390625,-1.0016515230311738,20,1712916521844
661,0.615234375,3.599609375,-1.45703125,-1.0016515230311738,21,1712916521844
661,0.486328125,3.76171875,-0.876953125,-0.876445082652277,34,1712916521844
661,0.615234375,3.73828125,-1.0546875,-0.876445082652277,49,1712916521844
661,0.744140625,3.724609375,-1.158203125,-0.876445082652277,43,1712916521844
661,0.751953125,3.767578125,-1.146484375,-0.876445082652277,24,1712916521844
661,0.736328125,3.75,-0.923828125,-0.7512386422733803,63,1712916521844
661,0.62109375,3.8203125,-0.880859375,-0.7512386422733803,75,1712916521844
661,0.501953125,3.912109375,-0.716796875,-0.7512386422733803,44,1712916521844
661,0.595703125,3.76953125,0.072265625,-0.6260322018944836,43,1712916521844
661,0.482421875,3.822265625,0.16015625,-0.6260322018944836,36,1712916521844
661,0.736328125,3.8203125,-0.5625,-0.6260322018944836,42,1712916521844
661,0.49609375,3.9140625,-0.451171875,-0.6260322018944836,42,1712916521844
661,0.595703125,3.76953125,0.123046875,-0.5008257615155869,30,1712916521844
661,0.6015625,3.8046875,0.173828125,-0.5008257615155869,29,1712916521844
662,0.0,2.81640625,2.6328125,0.7512386422733803,21,1712916521945
662,0.0,2.625,2.7734375,0.876445082652277,21,1712916521945
662,-0.12109375,2.59765625,2.84765625,0.876445082652277,22,1712916521945
662,0.0,2.462890625,3.015625,0.876445082652277,18,1712916521945
662,0.982421875,3.693359375,-0.923828125,-0.876445082652277,22,1712916521945
662,0.708984375,3.5703125,-1.015625,-0.7512386422733803,37,1712916521945
662,0.8359375,3.609375,-0.923828125,-0.7512386422733803,49,1712916521945
662,0.84375,3.669921875,-0.826171875,-0.7512386422733803,55,1712916521945
662,0.8515625,3.697265625,-0.873046875,-0.7512386422733803,62,1712916521945
662,0.859375,3.73828125,-0.865234375,-0.7512386422733803,66,1712916521945
662,0.869140625,3.740234375,-1.01171875,-0.7512386422733803,47,1712916521945
662,0.701171875,3.626953125,-0.59375,-0.6260322018944836,37,1712916521945
662,0.708984375,3.630859375,-0.77734375,-0.6260322018944836,74,1712916521945
662,0.8359375,3.615234375,-0.896484375,-0.6260322018944836,72,1712916521945
662,0.96484375,3.72265625,-0.28125,-0.6260322018944836,50,1712916521945
662,0.73046875,3.771484375,-0.6328125,-0.6260322018944836,64,1712916521945
662,0.736328125,3.806640625,-0.650390625,-0.6260322018944836,67,1712916521945
662,0.869140625,3.80859375,-0.7109375,-0.6260322018944836,54,1712916521945
662,0.583984375,3.681640625,-0.3203125,-0.5008257615155869,25,1712916521945
662,0.58984375,3.6875,-0.578125,-0.5008257615155869,51,1712916521945
662,0.4765625,3.7109375,-0.755859375,-0.5008257615155869,47,1712916521945
662,0.12109375,3.76953125,-0.802734375,-0.5008257615155869,18,1712916521945
662,0.486328125,3.818359375,-0.583984375,-0.5008257615155869,26,1712916521945
662,0.4921875,3.875,-0.44921875,-0.5008257615155869,26,1712916521945
662,1.4453125,3.296875,-1.380859375,0.7512386422733803,12,1712916521945
662,1.3125,3.470703125,-0.89453125,0.876445082652277,12,1712916521945
662,1.326171875,3.478515625,-1.001953125,0.876445082652277,12,1712916521945
663,0.583984375,3.69140625,0.1484375,0.0,15,1712916522045
663,0.353515625,3.75390625,0.267578125,0.0,14,1712916522045
663,0.0,2.791015625,2.4921875,0.876445082652277,22,1712916522045
663,0.0,2.79296875,2.546875,0.876445082652277,26,1712916522045
663,0.119140625,2.697265625,2.69921875,0.876445082652277,25,1712916522045
663,0.466796875,3.5703125,-1.017578125,-1.0016515230311738,20,1712916522045
663,0.353515625,3.74609375,-0.357421875,-1.0016515230311738,22,1712916522045
663,0.955078125,3.544921875,-1.046875,-1.0016515230311738,27,1712916522045
663,0.84375,3.625,-1.0078125,-1.0016515230311738,33,1712916522045
663,0.8515625,3.607421875,-1.1953125,-1.0016515230311738,22,1712916522045
663,0.955078125,3.609375,-0.79296875,-0.876445082652277,45,1712916522045
663,0.84375,3.677734375,-0.796875,-0.876445082652277,55,1712916522045
663,0.8515625,3.6796875,-0.947265625,-0.876445082652277,42,1712916522045
663,0.736328125,3.7578125,-0.89453125,-0.876445082652277,24,1712916522045
663,0.693359375,3.419921875,-1.23828125,-0.7512386422733803,44,1712916522045
663,0.701171875,3.4921875,-1.14453125,-0.7512386422733803,81,1712916522045
663,0.58984375,3.5546875,-1.140625,-0.7512386422733803,71,1712916522045
663,0.4765625,3.521484375,-1.39453125,-0.7512386422733803,24,1712916522045
663,0.73046875,3.732421875,-0.83203125,-0.7512386422733803,32,1712916522045
663,0.6875,3.38671875,-1.21875,-0.6260322018944836,26,1712916522045
663,0.693359375,3.484375,-1.04296875,-0.6260322018944836,111,1712916522045
663,0.701171875,3.552734375,-0.94140625,-0.6260322018944836,204,1712916522045
663,0.58984375,3.625,-0.892578125,-0.6260322018944836,182,1712916522045
663,0.4765625,3.673828125,-0.921875,-0.6260322018944836,79,1712916522045
663,0.572265625,3.490234375,-0.9609375,-0.5008257615155869,26,1712916522045
663,0.693359375,3.548828125,-0.796875,-0.5008257615155869,95,1712916522045
663,0.701171875,3.6015625,-0.732421875,-0.5008257615155869,165,1712916522045
663,0.58984375,3.673828125,-0.658203125,-0.5008257615155869,144,1712916522045
663,0.595703125,3.712890625,-0.654296875,-0.5008257615155869,58,1712916522045
663,0.578125,3.615234375,-0.560546875,-0.37561932113669017,21,1712916522045
663,0.583984375,3.6640625,-0.47265625,-0.37561932113669017,33,1712916522045
663,0.58984375,3.705078125,-0.453125,-0.37561932113669017,26,1712916522045
663,1.669921875,3.314453125,-0.892578125,0.876445082652277,14,1712916522045
663,-0.482421875,2.955078125,2.4296875,-1.0016515230311738,18,1712916522045
663,-0.955078125,2.88671875,2.306640625,-0.7512386422733803,16,1712916522045
663,-0.955078125,2.3828125,2.826171875,-0.6260322018944836,44,1712916522045
664,0.462890625,2.595703125,2.6015625,0.876445082652277,30,1712916522145
664,0.3515625,2.6640625,2.603515625,0.876445082652277,41,1712916522145
664,0.353515625,2.6328125,2.6875,0.876445082652277,33,1712916522145
664,0.810546875,3.478515625,-0.98046875,-1.0016515230311738,29,1712916522145
664,0.935546875,3.5,-0.935546875,-1.0016515230311738,54,1712916522145
664,0.826171875,3.560546875,-0.9609375,-1.0016515230311738,50,1712916522145
664,0.8359375,3.615234375,-0.8984375,-1.0016515230311738,22,1712916522145
664,0.6796875,3.392578125,-1.0859375,-0.876445082652277,31,1712916522145
664,0.572265625,3.482421875,-0.98828125,-0.876445082652277,56,1712916522145
664,0.578125,3.5625,-0.826171875,-0.876445082652277,64,1712916522145
664,0.818359375,3.587890625,-0.671875,-0.876445082652277,63,1712916522145
664,0.708984375,3.66796875,-0.578125,-0.876445082652277,51,1712916522145
664,0.71484375,3.70703125,-0.55859375,-0.876445082652277,24,1712916522145
664,0.560546875,3.4296875,-0.8984375,-0.7512386422733803,30,1712916522145
664,0.6796875,3.439453125,-0.927734375,-0.7512386422733803,100,1712916522145
664,0.572265625,3.5234375,-0.83203125,-0.7512386422733803,175,1712916522145
664,0.578125,3.58984375,-0.6953125,-0.7512386422733803,154,1712916522145
664,0.466796875,3.68359375,-0.4609375,-0.7512386422733803,77,1712916522145
664,0.58984375,3.697265625,-0.51171875,-0.7512386422733803,65,1712916522145
664,0.560546875,3.486328125,-0.634765625,-0.6260322018944836,30,1712916522145
664,0.56640625,3.501953125,-0.755859375,-0.6260322018944836,97,1712916522145
664,0.572265625,3.560546875,-0.65625,-0.6260322018944836,173,1712916522145
664,0.578125,3.6171875,-0.546875,-0.6260322018944836,155,1712916522145
664,0.3515625,3.68359375,-0.55078125,-0.6260322018944836,73,1712916522145
664,0.47265625,3.677734375,-0.734375,-0.6260322018944836,81,1712916522145
664,0.4765625,3.73828125,-0.611328125,-0.6260322018944836,54,1712916522145
664,0.56640625,3.537109375,-0.5703125,-0.5008257615155869,26,1712916522145
664,0.6875,3.560546875,-0.53125,-0.5008257615155869,49,1712916522145
664,0.693359375,3.595703125,-0.546875,-0.5008257615155869,50,1712916522145
664,0.466796875,3.62109375,-0.81640625,-0.5008257615155869,40,1712916522145
664,0.47265625,3.705078125,-0.572265625,-0.5008257615155869,50,1712916522145
664,0.4765625,3.755859375,-0.494140625,-0.5008257615155869,34,1712916522145
664,1.75390625,3.197265625,-0.837890625,0.876445082652277,21,1712916522145
665,0.6796875,3.486328125,-0.736328125,-1.0016515230311738,21,1712916522246
665,0.5546875,3.474609375,-0.474609375,-0.876445082652277,52,1712916522246
665,0.673828125,3.4921875,-0.482421875,-0.876445082652277,99,1712916522246
665,0.6796875,3.521484375,-0.54296875,-0.876445082652277,109,1712916522246
665,0.6875,3.552734375,-0.583984375,-0.876445082652277,79,1712916522246
665,0.462890625,3.6328125,-0.55078125,-0.876445082652277,35,1712916522246
665,0.5546875,3.50390625,-0.1640625,-0.7512386422733803,71,1712916522246
665,0.673828125,3.517578125,-0.23828125,-0.7512386422733803,130,1712916522246
665,0.6796875,3.544921875,-0.34765625,-0.7512386422733803,151,1712916522246
665,0.572265625,3.59375,-0.427734375,-0.7512386422733803,122,1712916522246
665,0.462890625,3.638671875,-0.505859375,-0.7512386422733803,66,1712916522246
665,0.5546875,3.505859375,-0.05078125,-0.6260322018944836,28,1712916522246
665,0.560546875,3.5390625,-0.201171875,-0.6260322018944836,52,1712916522246
665,0.56640625,3.5390625,-0.552734375,-0.6260322018944836,76,1712916522246
665,0.458984375,3.59765625,-0.53125,-0.6260322018944836,76,1712916522246
665,0.34765625,3.65625,-0.4765625,-0.6260322018944836,48,1712916522246
665,0.453125,3.5234375,-0.73046875,-0.5008257615155869,24,1712916522246
665,0.34375,3.587890625,-0.666015625,-0.5008257615155869,26,1712916522246
666,0.54296875,3.32421875,-0.8515625,-1.0016515230311738,46,1712916522346
666,0.658203125,3.328125,-0.904296875,-1.0016515230311738,91,1712916522346
666,0.5546875,3.373046875,-0.95703125,-1.0016515230311738,104,1712916522346
666,0.673828125,3.4140625,-0.87890625,-1.0016515230311738,71,1712916522346
666,0.453125,3.57421875,-0.4140625,-1.0016515230311738,27,1712916522346
666,0.6875,3.515625,-0.775390625,-1.0016515230311738,34,1712916522346
666,0.578125,3.55859375,-0.845703125,-1.0016515230311738,27,1712916522346
666,0.537109375,3.3515625,-0.529296875,-0.876445082652277,30,1712916522346
666,0.54296875,3.369140625,-0.650390625,-0.876445082652277,111,1712916522346
666,0.548828125,3.396484375,-0.708984375,-0.876445082652277,219,1712916522346
666,0.666015625,3.412109375,-0.720703125,-0.876445082652277,253,1712916522346
666,0.560546875,3.47265625,-0.7109375,-0.876445082652277,167,1712916522346
666,0.56640625,3.580078125,0.09765625,-0.876445082652277,44,1712916522346
666,0.6875,3.5546875,-0.564453125,-0.876445082652277,43,1712916522346
666,0.537109375,3.380859375,-0.283203125,-0.7512386422733803,21,1712916522346
666,0.54296875,3.40234375,-0.453125,-0.7512386422733803,80,1712916522346
666,0.548828125,3.427734375,-0.529296875,-0.7512386422733803,164,1712916522346
666,0.5546875,3.455078125,-0.59765625,-0.7512386422733803,203,1712916522346
666,0.560546875,3.46875,-0.7265625,-0.7512386422733803,155,1712916522346
666,0.56640625,3.33203125,-1.314453125,-0.7512386422733803,55,1712916522346
666,0.439453125,3.43359375,-0.59375,-0.6260322018944836,36,1712916522346
666,0.443359375,3.439453125,-0.763671875,-0.6260322018944836,71,1712916522346
666,0.44921875,3.4609375,-0.83203125,-0.6260322018944836,79,1712916522346
666,0.33984375,3.494140625,-0.9140625,-0.6260322018944836,46,1712916522346
666,0.224609375,3.486328125,-0.822265625,-0.5008257615155869,17,1712916522346
667,0.212890625,2.330078125,2.462890625,0.876445082652277,35,1712916522446
667,0.107421875,2.375,2.48046875,0.876445082652277,70,1712916522446
667,0.109375,2.421875,2.48828125,0.876445082652277,77,1712916522446
667,0.0,2.373046875,2.58984375,0.876445082652277,47,1712916522446
667,0.630859375,3.203125,-0.79296875,-1.0016515230311738,28,1712916522446
667,0.63671875,3.23046875,-0.83984375,-1.0016515230311738,141,1712916522446
667,0.537109375,3.30078125,-0.78515625,-1.0016515230311738,263,1712916522446
667,0.54296875,3.353515625,-0.728515625,-1.0016515230311738,240,1712916522446
667,0.439453125,3.443359375,-0.53125,-1.0016515230311738,110,1712916522446
667,0.88671875,3.08203125,-1.525390625,-1.0016515230311738,29,1712916522446
667,0.78515625,3.27734375,-1.234375,-1.0016515230311738,42,1712916522446
667,0.525390625,3.234375,-0.73828125,-0.876445082652277,29,1712916522446
667,0.53125,3.291015625,-0.654296875,-0.876445082652277,164,1712916522446
667,0.537109375,3.341796875,-0.595703125,-0.876445082652277,307,1712916522446
667,0.54296875,3.392578125,-0.509765625,-0.876445082652277,274,1712916522446
667,0.439453125,3.4765625,-0.25,-0.876445082652277,118,1712916522446
667,0.0,3.5234375,0.439453125,-0.876445082652277,27,1712916522446
667,0.53125,3.318359375,-0.498046875,-0.7512386422733803,61,1712916522446
667,0.537109375,3.369140625,-0.41015625,-0.7512386422733803,117,1712916522446
667,0.43359375,3.435546875,-0.279296875,-0.7512386422733803,106,1712916522446
667,0.330078125,3.49609375,0.021484375,-0.7512386422733803,47,1712916522446
667,1.31640625,3.205078125,-0.576171875,0.876445082652277,24,1712916522446
667,-0.111328125,3.5078125,0.5390625,-1.0016515230311738,25,1712916522446
667,0.998046875,2.857421875,-1.85546875,-0.876445082652277,26,1712916522446
668,0.0,2.130859375,2.59765625,0.876445082652277,33,1712916522547
668,0.0,2.35546875,2.44921875,0.876445082652277,60,1712916522547
668,-0.107421875,2.484375,2.37109375,0.876445082652277,56,1712916522547
668,0.0,2.529296875,2.3828125,0.876445082652277,31,1712916522547
668,0.7265625,3.083984375,-1.0,-1.0016515230311738,61,1712916522547
668,0.630859375,3.171875,-0.91015625,-1.0016515230311738,108,1712916522547
668,0.53125,3.23828125,-0.87890625,-1.0016515230311738,101,1712916522547
668,0.4296875,3.23828125,-1.0625,-1.0016515230311738,71,1712916522547
668,0.43359375,3.28125,-1.052734375,-1.0016515230311738,49,1712916522547
668,0.615234375,3.048828125,-1.05078125,-0.876445082652277,25,1712916522547
668,0.623046875,3.173828125,-0.751953125,-0.876445082652277,117,1712916522547
668,0.630859375,3.23046875,-0.669921875,-0.876445082652277,204,1712916522547
668,0.53125,3.3046875,-0.587890625,-0.876445082652277,159,1712916522547
668,0.751953125,3.009765625,-1.4765625,-0.876445082652277,57,1712916522547
668,0.43359375,3.291015625,-1.021484375,-0.876445082652277,38,1712916522547
668,0.51953125,3.236328125,-0.533203125,-0.7512386422733803,69,1712916522547
668,0.630859375,3.267578125,-0.455078125,-0.7512386422733803,120,1712916522547
668,0.63671875,3.30859375,-0.44140625,-0.7512386422733803,97,1712916522547
668,0.751953125,3.095703125,-1.28515625,-0.7512386422733803,44,1712916522547
668,0.759765625,3.15625,-1.236328125,-0.7512386422733803,42,1712916522547
668,0.767578125,3.27734375,-1.001953125,-0.7512386422733803,42,1712916522547
668,0.53125,3.24609375,-0.849609375,-0.6260322018944836,18,1712916522547
668,0.64453125,3.28515625,-0.77734375,-0.6260322018944836,25,1712916522547
668,0.65234375,3.34375,-0.677734375,-0.6260322018944836,31,1712916522547
668,0.658203125,3.375,-0.71484375,-0.6260322018944836,26,1712916522547
668,1.154296875,3.130859375,-0.38671875,0.876445082652277,18,1712916522547
668,1.16796875,3.1015625,-0.748046875,0.876445082652277,31,1712916522547
668,1.2890625,3.0390625,-0.951171875,0.876445082652277,29,1712916522547
668,-0.759765625,2.525390625,2.26171875,-0.876445082652277,21,1712916522547
668,-0.54296875,2.7890625,2.0,-0.7512386422733803,22,1712916522547
669,0.3046875,3.205078125,0.404296875,0.0,10,1712916522647
669,0.30859375,3.224609375,0.53125,0.0,16,1712916522647
669,0.310546875,3.255859375,0.576171875,0.0,16,1712916522647
669,0.0,2.302734375,2.287109375,0.876445082652277,15,1712916522647
669,0.0,2.359375,2.283203125,0.876445082652277,32,1712916522647
669,0.0,2.458984375,2.232421875,0.876445082652277,35,1712916522647
669,0.0,2.69921875,1.998046875,0.876445082652277,19,1712916522647
669,0.205078125,3.208984375,-0.666015625,-1.0016515230311738,29,1712916522647
669,0.20703125,3.23046875,-0.740234375,-1.0016515230311738,33,1712916522647
669,0.6015625,3.048828125,-0.7890625,-0.876445082652277,48,1712916522647
669,0.609375,3.078125,-0.826171875,-0.876445082652277,124,1712916522647
669,0.615234375,3.09375,-0.908203125,-0.876445082652277,161,1712916522647
669,0.51953125,3.11328125,-1.03515625,-0.876445082652277,123,1712916522647
669,0.314453125,3.0859375,-1.2890625,-0.876445082652277,52,1712916522647
669,0.6015625,3.07421875,-0.6875,-0.7512386422733803,64,1712916522647
669,0.609375,3.10546875,-0.71484375,-0.7512386422733803,195,1712916522647
669,0.615234375,3.134765625,-0.755859375,-0.7512386422733803,324,1712916522647
669,0.51953125,3.181640625,-0.802734375,-0.7512386422733803,284,1712916522647
669,0.525390625,3.177734375,-0.958984375,-0.7512386422733803,130,1712916522647
669,0.423828125,3.265625,-0.8359375,-0.7512386422733803,38,1712916522647
669,0.6015625,3.103515625,-0.533203125,-0.6260322018944836,27,1712916522647
669,0.609375,3.1328125,-0.5859375,-0.6260322018944836,111,1712916522647
669,0.615234375,3.1640625,-0.62109375,-0.6260322018944836,205,1712916522647
669,0.51953125,3.224609375,-0.60546875,-0.6260322018944836,197,1712916522647
669,0.525390625,3.265625,-0.58984375,-0.6260322018944836,95,1712916522647
669,0.744140625,3.177734375,-0.9453125,-0.6260322018944836,40,1712916522647
669,0.751953125,3.25390625,-0.810546875,-0.6260322018944836,44,1712916522647
669,0.41015625,3.234375,-0.3828125,-0.5008257615155869,36,1712916522647
669,0.7265625,3.16796875,-0.685546875,-0.5008257615155869,38,1712916522647
669,0.83984375,3.123046875,-0.91015625,-0.5008257615155869,81,1712916522647
669,0.849609375,3.16015625,-0.916015625,-0.5008257615155869,74,1712916522647
669,0.751953125,3.263671875,-0.767578125,-0.5008257615155869,43,1712916522647
669,0.734375,3.234375,-0.529296875,-0.37561932113669017,38,1712916522647
669,0.744140625,3.25390625,-0.638671875,-0.37561932113669017,42,1712916522647
669,0.751953125,3.28515625,-0.66796875,-0.37561932113669017,20,1712916522647
669,1.216796875,2.92578125,-0.697265625,0.876445082652277,9,1712916522647
669,1.12890625,3.01953125,-0.625,0.876445082652277,19,1712916522647
669,1.142578125,3.025390625,-0.755859375,0.876445082652277,22,1712916522647
669,1.154296875,3.060546875,-0.763671875,0.876445082652277,12,1712916522647
669,-0.83984375,2.314453125,2.28515625,-0.876445082652277,29,1712916522647
669,-0.849609375,2.3046875,2.345703125,-0.7512386422733803,23,1712916522647
669,-0.849609375,1.943359375,2.654296875,-0.6260322018944836,24,1712916522647
670,0.201171875,2.62109375,1.8359375,0.876445082652277,28,1712916522748
670,0.1015625,2.5625,1.986328125,0.876445082652277,31,1712916522748
670,0.103515625,2.53515625,2.083984375,0.876445082652277,21,1712916522748
670,0.501953125,2.994140625,-1.03515625,-1.0016515230311738,37,1712916522748
670,0.5078125,3.0625,-0.943359375,-1.0016515230311738,33,1712916522748
670,0.587890625,3.0390625,-0.474609375,-0.876445082652277,28,1712916522748
670,0.59375,2.943359375,-1.009765625,-0.876445082652277,47,1712916522748
670,0.6015625,3.0078125,-0.93359375,-0.876445082652277,72,1712916522748
670,0.708984375,3.05078125,-0.84765625,-0.876445082652277,110,1712916522748
670,0.615234375,3.12890625,-0.779296875,-0.876445082652277,120,1712916522748
670,0.51953125,3.1875,-0.77734375,-0.876445082652277,78,1712916522748
670,0.419921875,3.255859375,-0.716796875,-0.876445082652277,28,1712916522748
670,0.587890625,3.03515625,-0.49609375,-0.7512386422733803,48,1712916522748
670,0.59375,3.021484375,-0.744140625,-0.7512386422733803,96,1712916522748
670,0.6015625,3.072265625,-0.69140625,-0.7512386422733803,163,1712916522748
670,0.609375,3.134765625,-0.580078125,-0.7512386422733803,227,1712916522748
670,0.615234375,3.177734375,-0.546875,-0.7512386422733803,218,1712916522748
670,0.51953125,3.240234375,-0.513671875,-0.7512386422733803,124,1712916522748
670,0.2109375,3.3515625,-0.0859375,-0.7512386422733803,34,1712916522748
670,0.587890625,3.052734375,-0.365234375,-0.6260322018944836,26,1712916522748
670,0.494140625,3.1015625,-0.421875,-0.6260322018944836,59,1712916522748
670,0.6015625,3.125,-0.400390625,-0.6260322018944836,101,1712916522748
670,0.609375,3.169921875,-0.33203125,-0.6260322018944836,133,1712916522748
670,0.615234375,3.208984375,-0.318359375,-0.6260322018944836,123,1712916522748
670,0.416015625,3.294921875,-0.080078125,-0.6260322018944836,65,1712916522748
670,0.9453125,3.05078125,-1.044921875,-0.6260322018944836,65,1712916522748
670,0.744140625,3.189453125,-0.90234375,-0.6260322018944836,62,1712916522748
670,0.3046875,3.21484375,-0.3125,-0.5008257615155869,18,1712916522748
670,0.205078125,3.2734375,0.1484375,-0.5008257615155869,25,1712916522748
670,0.93359375,3.119140625,-0.66015625,-0.5008257615155869,37,1712916522748
670,0.83984375,3.18359375,-0.66796875,-0.5008257615155869,64,1712916522748
670,0.849609375,3.22265625,-0.6640625,-0.5008257615155869,55,1712916522748
670,-0.9453125,1.71875,2.7265625,-0.7512386422733803,18,1712916522748
670,-0.2109375,2.900390625,1.68359375,-0.6260322018944836,35,1712916522748
670,-0.20703125,2.7734375,1.81640625,-0.5008257615155869,25,1712916522748
671,0.390625,3.021484375,0.720703125,0.0,14,1712916522848
671,0.296875,3.078125,0.6953125,0.0,14,1712916522848
671,0.572265625,2.908203125,-0.740234375,-1.0016515230311738,20,1712916522848
671,0.580078125,2.9296875,-0.798828125,-1.0016515230311738,41,1712916522848
671,0.48828125,2.966796875,-0.87109375,-1.0016515230311738,48,1712916522848
671,0.494140625,3.001953125,-0.88671875,-1.0016515230311738,39,1712916522848
671,0.6015625,3.046875,-0.794921875,-1.0016515230311738,21,1712916522848
671,0.56640625,2.951171875,-0.251953125,-0.876445082652277,21,1712916522848
671,0.572265625,2.978515625,-0.35546875,-0.876445082652277,87,1712916522848
671,0.67578125,2.951171875,-0.626953125,-0.876445082652277,172,1712916522848
671,0.587890625,2.974609375,-0.779296875,-0.876445082652277,244,1712916522848
671,0.59375,3.01953125,-0.751953125,-0.876445082652277,228,1712916522848
671,0.6015625,3.0859375,-0.62890625,-0.876445082652277,119,1712916522848
671,0.708984375,3.158203125,-0.22265625,-0.876445082652277,24,1712916522848
671,0.470703125,2.9765625,0.1171875,-0.7512386422733803,21,1712916522848
671,0.572265625,2.99609375,-0.166015625,-0.7512386422733803,90,1712916522848
671,0.580078125,2.99609375,-0.498046875,-0.7512386422733803,199,1712916522848
671,0.587890625,3.009765625,-0.62890625,-0.7512386422733803,318,1712916522848
671,0.59375,3.052734375,-0.6015625,-0.7512386422733803,319,1712916522848
671,0.6015625,3.109375,-0.5,-0.7512386422733803,166,1712916522848
671,0.708984375,3.1171875,-0.552734375,-0.7512386422733803,32,1712916522848
671,0.572265625,2.99609375,-0.16796875,-0.6260322018944836,25,1712916522848
671,0.580078125,2.994140625,-0.509765625,-0.6260322018944836,71,1712916522848
671,0.587890625,3.029296875,-0.521484375,-0.6260322018944836,142,1712916522848
671,0.59375,3.0703125,-0.515625,-0.6260322018944836,164,1712916522848
671,0.6015625,3.0859375,-0.6328125,-0.6260322018944836,95,1712916522848
671,0.609375,3.09765625,-0.751953125,-0.6260322018944836,37,1712916522848
671,0.396484375,3.09765625,-0.541015625,-0.5008257615155869,21,1712916522848
671,0.501953125,3.109375,-0.609375,-0.5008257615155869,20,1712916522848
671,-0.708984375,1.974609375,2.4765625,-0.876445082652277,15,1712916522848
671,-0.5078125,2.083984375,2.435546875,-0.7512386422733803,19,1712916522848
672,0.56640625,2.88671875,-0.66796875,-1.0016515230311738,25,1712916522949
672,0.572265625,2.83984375,-0.96875,-1.0016515230311738,32,1712916522949
672,0.580078125,2.900390625,-0.904296875,-1.0016515230311738,45,1712916522949
672,0.587890625,2.93359375,-0.921875,-1.0016515230311738,35,1712916522949
672,0.55859375,2.8828125,-0.4921875,-0.876445082652277,41,1712916522949
672,0.56640625,2.892578125,-0.640625,-0.876445082652277,96,1712916522949
672,0.572265625,2.876953125,-0.84765625,-0.876445082652277,111,1712916522949
672,0.580078125,2.923828125,-0.82421875,-0.876445082652277,115,1712916522949
672,0.48828125,3.01171875,-0.6953125,-0.876445082652277,97,1712916522949
672,0.396484375,3.091796875,-0.568359375,-0.876445082652277,43,1712916522949
672,0.55859375,2.89453125,-0.423828125,-0.7512386422733803,39,1712916522949
672,0.470703125,2.9296875,-0.541015625,-0.7512386422733803,106,1712916522949
672,0.4765625,2.93359375,-0.701171875,-0.7512386422733803,124,1712916522949
672,0.482421875,2.966796875,-0.728515625,-0.7512386422733803,103,1712916522949
672,0.390625,3.05859375,-0.541015625,-0.7512386422733803,85,1712916522949
672,0.296875,3.1171875,-0.486328125,-0.7512386422733803,42,1712916522949
672,0.376953125,2.9609375,-0.435546875,-0.6260322018944836,34,1712916522949
672,0.4765625,2.966796875,-0.54296875,-0.6260322018944836,46,1712916522949
672,0.580078125,2.923828125,-0.82421875,-0.6260322018944836,34,1712916522949
672,0.48828125,2.97265625,-0.84765625,-0.6260322018944836,27,1712916522949
673,0.18359375,2.03515625,2.11328125,0.876445082652277,19,1712916523050
673,0.279296875,2.142578125,2.048828125,0.876445082652277,40,1712916523050
673,0.189453125,2.193359375,2.060546875,0.876445082652277,38,1712916523050
673,0.634765625,2.744140625,-0.697265625,-1.0016515230311738,24,1712916523050
673,0.55078125,2.787109375,-0.755859375,-1.0016515230311738,98,1712916523050
673,0.55859375,2.826171875,-0.751953125,-1.0016515230311738,176,1712916523050
673,0.56640625,2.861328125,-0.765625,-1.0016515230311738,153,1712916523050
673,0.572265625,2.916015625,-0.705078125,-1.0016515230311738,45,1712916523050
673,0.634765625,2.77734375,-0.55078125,-0.876445082652277,45,1712916523050
673,0.55078125,2.806640625,-0.6796875,-0.876445082652277,168,1712916523050
673,0.55859375,2.845703125,-0.67578125,-0.876445082652277,283,1712916523050
673,0.56640625,2.890625,-0.646484375,-0.876445082652277,230,1712916523050
673,0.4765625,2.95703125,-0.59765625,-0.876445082652277,68,1712916523050
673,0.482421875,2.9375,-0.833984375,-0.876445082652277,48,1712916523050
673,0.587890625,2.96875,-0.798828125,-0.876445082652277,46,1712916523050
673,0.544921875,2.822265625,-0.396484375,-0.7512386422733803,33,1712916523050
673,0.458984375,2.841796875,-0.59375,-0.7512386422733803,98,1712916523050
673,0.46484375,2.88671875,-0.564453125,-0.7512386422733803,165,1712916523050
673,0.470703125,2.93359375,-0.517578125,-0.7512386422733803,136,1712916523050
673,0.380859375,2.99609375,-0.447265625,-0.7512386422733803,50,1712916523050
673,0.279296875,2.931640625,-0.435546875,-0.6260322018944836,21,1712916523050
673,1.28515625,2.595703125,-0.5,0.876445082652277,10,1712916523050
673,-2.38671875,1.693359375,-0.875,-1.0016515230311738,23,1712916523050
674,0.267578125,2.140625,1.8828125,0.876445082652277,21,1712916523150
674,0.181640625,2.1171875,1.9765625,0.876445082652277,41,1712916523150
674,0.18359375,1.984375,2.162109375,0.876445082652277,46,1712916523150
674,0.185546875,1.890625,2.29296875,0.876445082652277,34,1712916523150
674,0.283203125,1.841796875,2.37109375,0.876445082652277,22,1712916523150
674,0.380859375,2.09375,2.189453125,0.876445082652277,18,1712916523150
674,0.529296875,2.712890625,-0.580078125,-1.0016515230311738,52,1712916523150
674,0.537109375,2.7109375,-0.751953125,-1.0016515230311738,95,1712916523150
674,0.544921875,2.693359375,-0.93359375,-1.0016515230311738,90,1712916523150
674,0.3671875,2.712890625,-1.068359375,-1.0016515230311738,50,1712916523150
674,0.373046875,2.9375,-0.318359375,-1.0016515230311738,36,1712916523150
674,0.66015625,2.876953125,-0.619140625,-1.0016515230311738,38,1712916523150
674,0.763671875,2.853515625,-0.779296875,-1.0016515230311738,32,1712916523150
674,0.609375,2.712890625,-0.1953125,-0.876445082652277,54,1712916523150
674,0.6171875,2.734375,-0.357421875,-0.876445082652277,156,1712916523150
674,0.537109375,2.76953125,-0.486328125,-0.876445082652277,244,1712916523150
674,0.453125,2.8046875,-0.583984375,-0.876445082652277,217,1712916523150
674,0.458984375,2.83203125,-0.64453125,-0.876445082652277,107,1712916523150
674,0.744140625,2.841796875,-0.484375,-0.876445082652277,38,1712916523150
674,0.609375,2.71875,-0.009765625,-0.7512386422733803,59,1712916523150
674,0.6171875,2.751953125,-0.158203125,-0.7512386422733803,158,1712916523150
674,0.537109375,2.80078125,-0.263671875,-0.7512386422733803,222,1712916523150
674,0.544921875,2.828125,-0.353515625,-0.7512386422733803,185,1712916523150
674,0.458984375,2.8828125,-0.345703125,-0.7512386422733803,111,1712916523150
674,0.55859375,2.904296875,-0.353515625,-0.7512386422733803,63,1712916523150
674,0.529296875,2.771484375,0.126953125,-0.6260322018944836,47,1712916523150
674,0.537109375,2.8125,0.0,-0.6260322018944836,61,1712916523150
674,0.453125,2.865234375,-0.033203125,-0.6260322018944836,44,1712916523150
674,0.458984375,2.90234375,-0.10546875,-0.6260322018944836,30,1712916523150
674,1.341796875,2.443359375,-0.65625,0.876445082652277,11,1712916523150
675,0.435546875,2.72265625,0.41015625,0.0,18,1712916523250
675,0.353515625,2.787109375,0.302734375,0.0,17,1712916523250
675,0.734375,2.701171875,-0.8984375,-1.0016515230311738,18,1712916523250
675,0.515625,2.591796875,-0.75390625,-0.876445082652277,52,1712916523250
675,0.5234375,2.619140625,-0.796875,-0.876445082652277,100,1712916523250
675,0.529296875,2.65625,-0.80078125,-0.876445082652277,79,1712916523250
675,0.71484375,2.732421875,-0.462890625,-0.876445082652277,65,1712916523250
675,0.634765625,2.798828125,-0.423828125,-0.876445082652277,40,1712916523250
675,0.59375,2.529296875,-0.771484375,-0.7512386422733803,24,1712916523250
675,0.6015625,2.609375,-0.62109375,-0.7512386422733803,140,1712916523250
675,0.5234375,2.662109375,-0.63671875,-0.7512386422733803,279,1712916523250
675,0.529296875,2.697265625,-0.654296875,-0.7512386422733803,235,1712916523250
675,0.626953125,2.76171875,-0.427734375,-0.7512386422733803,159,1712916523250
675,0.634765625,2.796875,-0.439453125,-0.7512386422733803,105,1712916523250
675,0.515625,2.662109375,-0.4453125,-0.6260322018944836,110,1712916523250
675,0.5234375,2.697265625,-0.46875,-0.6260322018944836,234,1712916523250
675,0.529296875,2.7265625,-0.515625,-0.6260322018944836,226,1712916523250
675,0.626953125,2.751953125,-0.48046875,-0.6260322018944836,151,1712916523250
675,0.634765625,2.78515625,-0.50390625,-0.6260322018944836,94,1712916523250
675,0.515625,2.68359375,-0.291015625,-0.5008257615155869,19,1712916523250
675,0.435546875,2.732421875,-0.3359375,-0.5008257615155869,48,1712916523250
675,0.44140625,2.73828125,-0.537109375,-0.5008257615155869,62,1712916523250
675,0.537109375,2.71484375,-0.73046875,-0.5008257615155869,53,1712916523250
675,0.544921875,2.69140625,-0.935546875,-0.5008257615155869,30,1712916523250
675,0.6171875,2.703125,-0.544921875,-0.5008257615155869,62,1712916523250
676,0.5078125,2.56640625,0.7109375,0.0,13,1712916523350
676,0.529296875,2.255859375,1.615234375,0.7512386422733803,30,1712916523350
676,0.537109375,2.267578125,1.6640625,0.7512386422733803,35,1712916523350
676,0.453125,2.3671875,1.615234375,0.7512386422733803,21,1712916523350
676,0.697265625,1.279296875,2.375,0.876445082652277,20,1712916523350
676,0.529296875,1.875,2.044921875,0.876445082652277,50,1712916523350
676,0.537109375,2.083984375,1.888671875,0.876445082652277,59,1712916523350
676,0.453125,2.201171875,1.833984375,0.876445082652277,36,1712916523350
676,0.794921875,2.626953125,-0.671875,-1.0016515230311738,52,1712916523350
676,0.89453125,2.61328125,-0.755859375,-1.0016515230311738,59,1712916523350
676,0.81640625,2.681640625,-0.74609375,-1.0016515230311738,29,1712916523350
676,0.583984375,2.560546875,-0.49609375,-0.876445082652277,22,1712916523350
676,0.59375,2.63671875,-0.20703125,-0.876445082652277,26,1712916523350
676,0.794921875,2.66015625,-0.5234375,-0.876445082652277,43,1712916523350
676,0.8046875,2.671875,-0.638671875,-0.876445082652277,57,1712916523350
676,0.81640625,2.6953125,-0.69921875,-0.876445082652277,37,1712916523350
676,0.576171875,2.548828125,-0.330078125,-0.7512386422733803,31,1712916523350
676,0.583984375,2.595703125,-0.25390625,-0.7512386422733803,98,1712916523350
676,0.59375,2.62890625,-0.298828125,-0.7512386422733803,152,1712916523350
676,0.6015625,2.654296875,-0.3828125,-0.7512386422733803,145,1712916523350
676,0.609375,2.673828125,-0.5,-0.7512386422733803,116,1712916523350
676,0.6171875,2.703125,-0.5390625,-0.7512386422733803,97,1712916523350
676,0.626953125,2.740234375,-0.541015625,-0.7512386422733803,67,1712916523350
676,0.634765625,2.75390625,-0.654296875,-0.7512386422733803,30,1712916523350
676,0.576171875,2.564453125,-0.16015625,-0.6260322018944836,32,1712916523350
676,0.583984375,2.607421875,-0.0625,-0.6260322018944836,103,1712916523350
676,0.5078125,2.66015625,-0.083984375,-0.6260322018944836,167,1712916523350
676,0.515625,2.689453125,-0.244140625,-0.6260322018944836,187,1712916523350
676,0.609375,2.68359375,-0.44140625,-0.6260322018944836,187,1712916523350
676,0.529296875,2.73046875,-0.4921875,-0.6260322018944836,157,1712916523350
676,0.537109375,2.77734375,-0.439453125,-0.6260322018944836,82,1712916523350
676,0.36328125,2.865234375,-0.283203125,-0.6260322018944836,21,1712916523350
676,0.501953125,2.609375,0.29296875,-0.5008257615155869,24,1712916523350
676,0.59375,2.640625,0.1640625,-0.5008257615155869,35,1712916523350
676,0.515625,2.689453125,-0.228515625,-0.5008257615155869,66,1712916523350
676,0.5234375,2.712890625,-0.373046875,-0.5008257615155869,105,1712916523350
676,0.44140625,2.759765625,-0.41796875,-0.5008257615155869,103,1712916523350
676,0.447265625,2.806640625,-0.353515625,-0.5008257615155869,52,1712916523350
676,0.337890625,2.673828125,-0.28515625,-0.37561932113669017,24,1712916523350
676,0.34375,2.6796875,-0.50390625,-0.37561932113669017,29,1712916523350
676,0.26171875,2.734375,-0.474609375,-0.37561932113669017,22,1712916523350
676,0.353515625,2.7734375,-0.404296875,-0.37561932113669017,21,1712916523350
676,-1.26953125,2.279296875,-1.26953125,0.7512386422733803,11,1712916523350
676,1.654296875,1.732421875,-1.423828125,0.876445082652277,12,1712916523350
676,0.970703125,2.5703125,-0.654296875,-1.0016515230311738,52,1712916523350
676,-0.634765625,1.521484375,2.388671875,-0.6260322018944836,12,1712916523350
677,0.515625,2.697265625,0.1328125,0.0,17,1712916523451
677,0.501953125,2.560546875,-0.576171875,-0.876445082652277,18,1712916523451
677,0.9453125,2.451171875,-0.80859375,-0.876445082652277,23,1712916523451
677,0.87109375,2.54296875,-0.73828125,-0.876445082652277,36,1712916523451
677,0.8828125,2.552734375,-0.830078125,-0.876445082652277,30,1712916523451
677,0.568359375,2.505859375,-0.369140625,-0.7512386422733803,81,1712916523451
677,0.576171875,2.52734375,-0.46875,-0.7512386422733803,210,1712916523451
677,0.583984375,2.548828125,-0.548828125,-0.7512386422733803,293,1712916523451
677,0.59375,2.57421875,-0.60546875,-0.7512386422733803,233,1712916523451
677,0.515625,2.615234375,-0.673828125,-0.7512386422733803,130,1712916523451
677,0.609375,2.58984375,-0.826171875,-0.7512386422733803,75,1712916523451
677,0.794921875,2.623046875,-0.681640625,-0.7512386422733803,55,1712916523451
677,0.8046875,2.68359375,-0.59375,-0.7512386422733803,32,1712916523451
677,0.55859375,2.494140625,-0.0625,-0.6260322018944836,27,1712916523451
677,0.568359375,2.525390625,-0.201171875,-0.6260322018944836,147,1712916523451
677,0.576171875,2.55078125,-0.318359375,-0.6260322018944836,376,1712916523451
677,0.501953125,2.595703125,-0.388671875,-0.6260322018944836,526,1712916523451
677,0.59375,2.603515625,-0.466796875,-0.6260322018944836,479,1712916523451
677,0.6015625,2.630859375,-0.5234375,-0.6260322018944836,313,1712916523451
677,0.5234375,2.669921875,-0.603515625,-0.6260322018944836,173,1712916523451
677,0.529296875,2.673828125,-0.740234375,-0.6260322018944836,69,1712916523451
677,0.568359375,2.533203125,-0.05078125,-0.5008257615155869,79,1712916523451
677,0.576171875,2.56640625,-0.158203125,-0.5008257615155869,204,1712916523451
677,0.583984375,2.595703125,-0.248046875,-0.5008257615155869,300,1712916523451
677,0.59375,2.625,-0.318359375,-0.5008257615155869,302,1712916523451
677,0.6015625,2.654296875,-0.390625,-0.5008257615155869,231,1712916523451
677,0.5234375,2.69921875,-0.455078125,-0.5008257615155869,136,1712916523451
677,0.44140625,2.732421875,-0.564453125,-0.5008257615155869,55,1712916523451
677,0.41796875,2.630859375,-0.22265625,-0.37561932113669017,22,1712916523451
677,0.5078125,2.65625,-0.1875,-0.37561932113669017,31,1712916523451
677,0.6015625,2.6640625,-0.302734375,-0.37561932113669017,32,1712916523451
677,0.5234375,2.70703125,-0.41015625,-0.37561932113669017,23,1712916523451
678,0.40625,2.505859375,0.544921875,0.0,16,1712916523551
678,0.330078125,2.583984375,0.39453125,0.0,16,1712916523551
678,0.55859375,2.36328125,-0.8046875,-0.876445082652277,22,1712916523551
678,0.568359375,2.408203125,-0.783203125,-0.876445082652277,48,1712916523551
678,0.576171875,2.4375,-0.814453125,-0.876445082652277,53,1712916523551
678,0.583984375,2.48046875,-0.806640625,-0.876445082652277,33,1712916523551
678,0.55078125,2.431640625,-0.359375,-0.7512386422733803,55,1712916523551
678,0.55859375,2.4453125,-0.49609375,-0.7512386422733803,186,1712916523551
678,0.568359375,2.46875,-0.568359375,-0.7512386422733803,331,1712916523551
678,0.576171875,2.498046875,-0.603515625,-0.7512386422733803,334,1712916523551
678,0.583984375,2.5390625,-0.59765625,-0.7512386422733803,212,1712916523551
678,0.677734375,2.544921875,-0.640625,-0.7512386422733803,114,1712916523551
678,0.7734375,2.521484375,-0.7734375,-0.7512386422733803,76,1712916523551
678,0.783203125,2.521484375,-0.890625,-0.7512386422733803,42,1712916523551
678,0.55078125,2.451171875,-0.185546875,-0.6260322018944836,92,1712916523551
678,0.638671875,2.453125,-0.337890625,-0.6260322018944836,285,1712916523551
678,0.568359375,2.498046875,-0.4140625,-0.6260322018944836,481,1712916523551
678,0.576171875,2.529296875,-0.453125,-0.6260322018944836,475,1712916523551
678,0.583984375,2.5703125,-0.4375,-0.6260322018944836,313,1712916523551
678,0.76171875,2.55859375,-0.466796875,-0.6260322018944836,191,1712916523551
678,0.7734375,2.576171875,-0.568359375,-0.6260322018944836,120,1712916523551
678,0.697265625,2.611328125,-0.681640625,-0.6260322018944836,60,1712916523551
678,0.55078125,2.458984375,-0.052734375,-0.5008257615155869,46,1712916523551
678,0.55859375,2.486328125,-0.20703125,-0.5008257615155869,135,1712916523551
678,0.568359375,2.513671875,-0.318359375,-0.5008257615155869,221,1712916523551
678,0.576171875,2.546875,-0.3515625,-0.5008257615155869,216,1712916523551
678,0.583984375,2.58984375,-0.310546875,-0.5008257615155869,151,1712916523551
678,0.677734375,2.609375,-0.279296875,-0.5008257615155869,99,1712916523551
678,0.6875,2.634765625,-0.37890625,-0.5008257615155869,60,1712916523551
678,0.6484375,1.58203125,-1.953125,-0.37561932113669017,19,1712916523551
678,0.494140625,1.927734375,-1.7265625,-0.37561932113669017,19,1712916523551
678,-0.40625,2.564453125,0.048828125,-0.37561932113669017,13,1712916523551
678,-0.412109375,2.5859375,0.2890625,-0.37561932113669017,13,1712916523551
679,0.3203125,2.533203125,0.134765625,0.0,14,1712916523652
679,0.32421875,2.55078125,0.359375,0.0,14,1712916523652
679,0.630859375,2.10546875,-1.232421875,-0.876445082652277,21,1712916523652
679,0.55859375,2.271484375,-1.03515625,-0.876445082652277,34,1712916523652
679,0.568359375,2.359375,-0.923828125,-0.876445082652277,36,1712916523652
679,0.576171875,2.4375,-0.814453125,-0.876445082652277,24,1712916523652
679,0.54296875,2.357421875,-0.552734375,-0.7512386422733803,49,1712916523652
679,0.55078125,2.11328125,-1.2578125,-0.7512386422733803,105,1712916523652
679,0.55859375,2.30078125,-0.966796875,-0.7512386422733803,194,1712916523652
679,0.486328125,2.43359375,-0.76171875,-0.7512386422733803,216,1712916523652
679,0.494140625,2.50390625,-0.650390625,-0.7512386422733803,132,1712916523652
679,0.25,2.6328125,0.380859375,-0.7512386422733803,25,1712916523652
679,0.76171875,2.484375,-0.76953125,-0.7512386422733803,30,1712916523652
679,0.53515625,2.3828125,-0.091796875,-0.6260322018944836,28,1712916523652
679,0.54296875,2.419921875,-0.080078125,-0.6260322018944836,77,1712916523652
679,0.630859375,2.271484375,-0.888671875,-0.6260322018944836,151,1712916523652
679,0.55859375,2.37109375,-0.77734375,-0.6260322018944836,268,1712916523652
679,0.568359375,2.447265625,-0.65234375,-0.6260322018944836,293,1712916523652
679,0.576171875,2.501953125,-0.587890625,-0.6260322018944836,170,1712916523652
679,0.41796875,2.00390625,-1.71875,-0.6260322018944836,34,1712916523652
679,0.76171875,2.48046875,-0.78125,-0.6260322018944836,50,1712916523652
679,0.7734375,2.57421875,-0.57421875,-0.6260322018944836,29,1712916523652
679,0.54296875,2.419921875,0.046875,-0.5008257615155869,34,1712916523652
679,0.55078125,2.431640625,-0.365234375,-0.5008257615155869,66,1712916523652
679,0.55859375,2.435546875,-0.544921875,-0.5008257615155869,110,1712916523652
679,0.568359375,2.478515625,-0.525390625,-0.5008257615155869,122,1712916523652
679,0.576171875,2.49609375,-0.61328125,-0.5008257615155869,78,1712916523652
679,0.751953125,2.41796875,-0.85546875,-0.5008257615155869,49,1712916523652
679,0.677734375,2.4921875,-0.8203125,-0.5008257615155869,35,1712916523652
679,0.658203125,2.5078125,-0.466796875,-0.37561932113669017,20,1712916523652
679,0.66796875,2.5234375,-0.57421875,-0.37561932113669017,17,1712916523652
679,-0.47265625,1.826171875,1.671875,-0.876445082652277,12,1712916523652
679,-0.400390625,1.884765625,1.681640625,-0.876445082652277,18,1712916523652
679,-0.66796875,1.7734375,1.8828125,-0.7512386422733803,21,1712916523652
679,-2.171875,1.337890625,-0.798828125,-0.6260322018944836,27,1712916523652
680,0.380859375,2.36328125,0.490234375,0.0,14,1712916523752
680,0.310546875,2.423828125,0.427734375,0.0,18,1712916523752
680,0.39453125,2.4453125,0.462890625,0.0,16,1712916523752
680,0.458984375,2.25390625,-0.826171875,-0.876445082652277,26,1712916523752
680,0.46484375,2.259765625,-0.9140625,-0.876445082652277,50,1712916523752
680,0.55078125,2.232421875,-1.03125,-0.876445082652277,47,1712916523752
680,0.48046875,2.259765625,-1.09765625,-0.876445082652277,29,1712916523752
680,0.568359375,2.3359375,-0.978515625,-0.876445082652277,22,1712916523752
680,0.525390625,2.296875,-0.484375,-0.7512386422733803,69,1712916523752
680,0.53515625,2.31640625,-0.56640625,-0.7512386422733803,174,1712916523752
680,0.54296875,2.345703125,-0.603515625,-0.7512386422733803,237,1712916523752
680,0.47265625,2.384765625,-0.662109375,-0.7512386422733803,186,1712916523752
680,0.48046875,2.400390625,-0.740234375,-0.7512386422733803,107,1712916523752
680,0.6484375,2.431640625,-0.6328125,-0.7512386422733803,86,1712916523752
680,0.740234375,2.42578125,-0.708984375,-0.7512386422733803,93,1712916523752
680,0.751953125,2.427734375,-0.828125,-0.7512386422733803,48,1712916523752
680,0.517578125,2.306640625,-0.099609375,-0.6260322018944836,22,1712916523752
680,0.525390625,2.3359375,-0.220703125,-0.6260322018944836,99,1712916523752
680,0.53515625,2.36328125,-0.31640625,-0.6260322018944836,226,1712916523752
680,0.54296875,2.392578125,-0.376953125,-0.6260322018944836,281,1712916523752
680,0.47265625,2.4375,-0.43359375,-0.6260322018944836,212,1712916523752
680,0.48046875,2.4609375,-0.501953125,-0.6260322018944836,103,1712916523752
680,0.568359375,2.5078125,-0.3515625,-0.6260322018944836,67,1712916523752
680,0.740234375,2.486328125,-0.4609375,-0.6260322018944836,86,1712916523752
680,0.751953125,2.49609375,-0.591796875,-0.6260322018944836,46,1712916523752
680,0.525390625,2.34765625,0.005859375,-0.5008257615155869,42,1712916523752
680,0.53515625,2.384765625,-0.03125,-0.5008257615155869,88,1712916523752
680,0.54296875,2.41796875,-0.126953125,-0.5008257615155869,101,1712916523752
680,0.55078125,2.44921875,-0.220703125,-0.5008257615155869,72,1712916523752
680,0.55859375,2.443359375,-0.5078125,-0.5008257615155869,28,1712916523752
680,-0.458984375,1.99609375,1.33203125,-0.876445082652277,14,1712916523752
680,-0.55859375,1.27734375,2.14453125,-0.5008257615155869,16,1712916523752
681,0.6015625,1.830078125,-1.439453125,-0.876445082652277,16,1712916523852
681,0.53515625,2.021484375,-1.263671875,-0.876445082652277,41,1712916523852
681,0.46484375,2.19140625,-1.06640625,-0.876445082652277,53,1712916523852
681,0.47265625,2.27734375,-0.970703125,-0.876445082652277,34,1712916523852
681,0.591796875,2.2265625,-0.546875,-0.7512386422733803,59,1712916523852
681,0.6015625,2.18359375,-0.810546875,-0.7512386422733803,121,1712916523852
681,0.611328125,2.1953125,-0.8828125,-0.7512386422733803,161,1712916523852
681,0.54296875,2.2578125,-0.875,-0.7512386422733803,142,1712916523852
681,0.47265625,2.28515625,-0.951171875,-0.7512386422733803,80,1712916523852
681,0.3203125,2.15625,-1.337890625,-0.7512386422733803,28,1712916523852
681,0.509765625,2.251953125,0.30859375,-0.6260322018944836,33,1712916523852
681,0.591796875,2.291015625,-0.0625,-0.6260322018944836,127,1712916523852
681,0.6015625,2.306640625,-0.31640625,-0.6260322018944836,212,1712916523852
681,0.611328125,2.298828125,-0.556640625,-0.6260322018944836,209,1712916523852
681,0.54296875,2.32421875,-0.677734375,-0.6260322018944836,140,1712916523852
681,0.47265625,2.271484375,-0.982421875,-0.6260322018944836,67,1712916523852
681,0.400390625,2.076171875,-1.4375,-0.6260322018944836,31,1712916523852
681,0.509765625,2.244140625,0.359375,-0.5008257615155869,24,1712916523852
681,0.591796875,2.2890625,0.09375,-0.5008257615155869,90,1712916523852
681,0.525390625,2.345703125,0.060546875,-0.5008257615155869,133,1712916523852
681,0.611328125,2.361328125,-0.140625,-0.5008257615155869,100,1712916523852
681,0.54296875,2.357421875,-0.5546875,-0.5008257615155869,51,1712916523852
681,0.375,2.349609375,0.3515625,-0.37561932113669017,18,1712916523852
681,-0.30078125,2.359375,0.357421875,-0.876445082652277,10,1712916523852
681,-0.47265625,2.19140625,1.150390625,-0.876445082652277,18,1712916523852
681,-1.998046875,1.173828125,-1.08203125,-0.7512386422733803,20,1712916523852
682,0.21875,2.318359375,0.060546875,0.0,11,1712916523953
682,0.22265625,2.35546875,0.09765625,0.0,17,1712916523953
682,0.224609375,2.39453125,-0.041015625,0.0,13,1712916523953
682,0.291015625,1.875,-1.349609375,-0.876445082652277,19,1712916523953
682,0.294921875,2.025390625,-1.1875,-0.876445082652277,31,1712916523953
682,0.30078125,2.0703125,-1.185546875,-0.876445082652277,24,1712916523953
682,0.287109375,2.24609375,-0.33984375,-0.7512386422733803,25,1712916523953
682,0.36328125,2.220703125,-0.6015625,-0.7512386422733803,60,1712916523953
682,0.369140625,2.197265625,-0.796875,-0.7512386422733803,68,1712916523953
682,0.30078125,2.20703125,-0.90625,-0.7512386422733803,42,1712916523953
682,-0.6875,1.8984375,1.375,-0.7512386422733803,16,1712916523953
682,0.4296875,2.1484375,-0.669921875,-0.6260322018944836,56,1712916523953
682,0.36328125,2.21875,-0.60546875,-0.6260322018944836,156,1712916523953
682,0.443359375,2.21875,-0.693359375,-0.6260322018944836,193,1712916523953
682,0.451171875,2.232421875,-0.7734375,-0.6260322018944836,133,1712916523953
682,0.611328125,2.25390625,-0.720703125,-0.6260322018944836,65,1712916523953
682,-0.62109375,1.70703125,1.69140625,-0.6260322018944836,17,1712916523953
682,0.4296875,2.130859375,-0.72265625,-0.5008257615155869,61,1712916523953
682,0.36328125,2.22265625,-0.59375,-0.5008257615155869,166,1712916523953
682,0.369140625,2.234375,-0.689453125,-0.5008257615155869,204,1712916523953
682,0.451171875,2.259765625,-0.689453125,-0.5008257615155869,161,1712916523953
682,0.611328125,2.287109375,-0.60546875,-0.5008257615155869,115,1712916523953
682,0.697265625,2.19921875,-0.912109375,-0.5008257615155869,52,1712916523953
682,0.865234375,2.0234375,-1.2265625,-0.5008257615155869,21,1712916523953
682,0.36328125,2.021484375,-1.095703125,-0.37561932113669017,54,1712916523953
682,0.369140625,2.130859375,-0.962890625,-0.37561932113669017,63,1712916523953
682,0.525390625,2.2890625,-0.513671875,-0.37561932113669017,75,1712916523953
682,0.53515625,2.349609375,-0.408203125,-0.37561932113669017,75,1712916523953
682,0.62109375,2.3515625,-0.490234375,-0.37561932113669017,51,1712916523953
682,0.787109375,2.357421875,-0.412109375,-0.37561932113669017,30,1712916523953
682,0.916015625,1.83203125,-1.33203125,-0.25041288075779344,30,1712916523953
682,0.853515625,1.912109375,-1.33203125,-0.25041288075779344,44,1712916523953
682,0.865234375,1.89453125,-1.41796875,-0.25041288075779344,35,1712916523953
682,0.83984375,2.091796875,-0.943359375,-0.12520644037889672,26,1712916523953
682,0.853515625,2.111328125,-0.984375,-0.12520644037889672,38,1712916523953
682,0.787109375,2.166015625,-1.017578125,-0.12520644037889672,30,1712916523953
682,-0.67578125,1.888671875,1.326171875,-0.7512386422733803,24,1712916523953
682,0.3046875,2.189453125,-1.0390625,-0.7512386422733803,15,1712916523953
682,0.46484375,2.2421875,-0.955078125,-0.6260322018944836,14,1712916523953
682,-0.388671875,1.634765625,1.826171875,-0.5008257615155869,27,1712916523953
682,-0.314453125,2.015625,1.478515625,-0.5008257615155869,12,1712916523953
682,0.15234375,0.15234375,-2.43359375,-0.25041288075779344,22,1712916523953
682,0.078125,2.07421875,1.361328125,-0.25041288075779344,27,1712916523953
682,-1.41796875,1.806640625,-1.03515625,-0.25041288075779344,20,1712916523953
683,0.287109375,2.26953125,-0.119140625,0.0,18,1712916524053
683,0.36328125,2.29296875,-0.18359375,0.0,19,1712916524053
683,0.369140625,2.333984375,-0.126953125,0.0,16,1712916524053
683,0.3515625,2.109375,-0.708984375,-0.6260322018944836,20,1712916524053
683,0.357421875,2.1484375,-0.708984375,-0.6260322018944836,51,1712916524053
683,0.36328125,2.169921875,-0.765625,-0.6260322018944836,58,1712916524053
683,0.369140625,2.173828125,-0.859375,-0.6260322018944836,34,1712916524053
683,0.421875,2.08984375,-0.728515625,-0.5008257615155869,100,1712916524053
683,0.4296875,2.130859375,-0.720703125,-0.5008257615155869,215,1712916524053
683,0.4375,2.169921875,-0.72265625,-0.5008257615155869,254,1712916524053
683,0.517578125,2.205078125,-0.689453125,-0.5008257615155869,201,1712916524053
683,0.6015625,2.248046875,-0.607421875,-0.5008257615155869,133,1712916524053
683,0.53515625,2.337890625,-0.462890625,-0.5008257615155869,75,1712916524053
683,0.54296875,2.412109375,-0.212890625,-0.5008257615155869,27,1712916524053
683,0.484375,2.0625,-0.640625,-0.37561932113669017,26,1712916524053
683,0.4921875,2.09375,-0.669921875,-0.37561932113669017,123,1712916524053
683,0.4296875,2.15234375,-0.65234375,-0.37561932113669017,262,1712916524053
683,0.4375,2.203125,-0.61328125,-0.37561932113669017,345,1712916524053
683,0.517578125,2.24609375,-0.541015625,-0.37561932113669017,320,1712916524053
683,0.525390625,2.310546875,-0.408203125,-0.37561932113669017,224,1712916524053
683,0.458984375,2.384765625,-0.26171875,-0.37561932113669017,115,1712916524053
683,0.54296875,2.38671875,-0.412109375,-0.37561932113669017,49,1712916524053
683,0.630859375,2.314453125,-0.7734375,-0.37561932113669017,26,1712916524053
683,0.4921875,2.12109375,-0.57421875,-0.25041288075779344,47,1712916524053
683,0.4296875,2.185546875,-0.53515625,-0.25041288075779344,109,1712916524053
683,0.509765625,2.212890625,-0.515625,-0.25041288075779344,162,1712916524053
683,0.517578125,2.2734375,-0.41015625,-0.25041288075779344,168,1712916524053
683,0.451171875,2.349609375,-0.251953125,-0.25041288075779344,117,1712916524053
683,0.3046875,2.423828125,0.029296875,-0.25041288075779344,55,1712916524053
683,0.775390625,2.091796875,-1.0859375,-0.25041288075779344,51,1712916524053
683,0.708984375,2.2421875,-0.904296875,-0.25041288075779344,41,1712916524053
683,0.916015625,1.814453125,-1.35546875,-0.12520644037889672,35,1712916524053
683,0.775390625,2.041015625,-1.177734375,-0.12520644037889672,35,1712916524053
683,1.068359375,1.25390625,-1.8046875,-0.25041288075779344,33,1712916524053
683,0.0,2.375,0.572265625,-0.12520644037889672,20,1712916524053
684,0.416015625,2.173828125,-0.07421875,0.0,18,1712916524154
684,0.421875,2.212890625,-0.0390625,0.0,33,1712916524154
684,0.357421875,2.26171875,0.0,0.0,28,1712916524154
684,0.4375,2.205078125,-0.609375,0.0,16,1712916524154
684,0.443359375,2.30859375,-0.271484375,0.0,15,1712916524154
684,0.611328125,2.3515625,-0.25,0.0,18,1712916524154
684,2.806640625,0.0,-3.689453125,0.0,16,1712916524154
684,0.3515625,2.22265625,0.111328125,0.12520644037889672,16,1712916524154
684,0.345703125,2.14453125,-0.427734375,-0.5008257615155869,17,1712916524154
684,0.28125,2.16015625,-0.572265625,-0.5008257615155869,37,1712916524154
684,0.287109375,2.1640625,-0.6953125,-0.5008257615155869,47,1712916524154
684,0.291015625,2.16015625,-0.818359375,-0.5008257615155869,35,1712916524154
684,0.294921875,2.13671875,-0.974609375,-0.5008257615155869,15,1712916524154
684,0.4765625,2.107421875,-0.267578125,-0.37561932113669017,25,1712916524154
684,0.484375,2.14453125,-0.26953125,-0.37561932113669017,110,1712916524154
684,0.4921875,2.1875,-0.203125,-0.37561932113669017,176,1712916524154
684,0.4296875,2.24609375,-0.138671875,-0.37561932113669017,95,1712916524154
684,0.509765625,1.830078125,-1.34765625,-0.37561932113669017,53,1712916524154
684,0.443359375,2.23828125,-0.626953125,-0.37561932113669017,79,1712916524154
684,0.375,2.361328125,-0.25390625,-0.37561932113669017,37,1712916524154
684,0.380859375,2.4140625,0.013671875,-0.37561932113669017,22,1712916524154
684,0.408203125,2.130859375,-0.173828125,-0.25041288075779344,38,1712916524154
684,0.484375,2.154296875,-0.15625,-0.25041288075779344,174,1712916524154
684,0.421875,2.208984375,-0.12890625,-0.25041288075779344,295,1712916524154
684,0.4296875,2.25,-0.01171875,-0.25041288075779344,184,1712916524154
684,0.58203125,1.87109375,-1.259765625,-0.25041288075779344,69,1712916524154
684,0.517578125,2.2734375,-0.412109375,-0.25041288075779344,108,1712916524154
684,0.375,2.373046875,-0.12109375,-0.25041288075779344,49,1712916524154
684,0.611328125,2.341796875,-0.330078125,-0.25041288075779344,32,1712916524154
684,0.775390625,2.25,-0.703125,-0.25041288075779344,33,1712916524154
684,0.4765625,2.123046875,-0.0625,-0.12520644037889672,18,1712916524154
684,0.416015625,2.173828125,-0.0546875,-0.12520644037889672,75,1712916524154
684,0.421875,2.2109375,-0.064453125,-0.12520644037889672,131,1712916524154
684,0.357421875,2.26171875,-0.033203125,-0.12520644037889672,91,1712916524154
684,0.4375,2.25390625,0.39453125,-0.12520644037889672,21,1712916524154
684,0.443359375,2.31640625,-0.201171875,-0.12520644037889672,40,1712916524154
684,0.6015625,2.291015625,-0.41796875,-0.12520644037889672,29,1712916524154
684,0.6875,2.296875,-0.470703125,-0.12520644037889672,36,1712916524154
684,0.775390625,2.3046875,-0.49609375,-0.12520644037889672,32,1712916524154
684,2.662109375,0.0,-3.4296875,-0.12520644037889672,20,1712916524154
684,2.806640625,0.0,3.49609375,-0.12520644037889672,31,1712916524154
684,2.833984375,0.0,3.255859375,-0.12520644037889672,26,1712916524154
684,-3.2734375,1.810546875,0.017578125,0.0,12,1712916524154
684,-0.591796875,1.9375,1.224609375,-0.5008257615155869,9,1712916524154
684,-0.525390625,1.671875,1.646484375,-0.37561932113669017,21,1712916524154
684,-0.525390625,1.3125,1.9453125,-0.25041288075779344,27,1712916524154
684,1.455078125,0.0,2.30078125,-0.12520644037889672,12,1712916524154
684,-3.240234375,1.759765625,0.34375,-0.12520644037889672,13,1712916524154
684,-3.2734375,1.79296875,-0.255859375,-0.12520644037889672,20,1712916524154
684,-3.189453125,1.9453125,-0.576171875,-0.12520644037889672,19,1712916524154
685,0.408203125,2.1328125,-0.154296875,0.0,71,1712916524254
685,0.416015625,2.1640625,-0.220703125,0.0,219,1712916524254
685,0.421875,2.193359375,-0.291015625,0.0,326,1712916524254
685,0.4296875,2.220703125,-0.365234375,0.0,273,1712916524254
685,0.4375,2.251953125,-0.396484375,0.0,163,1712916524254
685,0.443359375,2.30078125,-0.337890625,0.0,81,1712916524254
685,0.6015625,2.310546875,-0.291015625,0.0,71,1712916524254
685,0.611328125,2.3359375,-0.376953125,0.0,56,1712916524254
685,0.697265625,2.33203125,-0.48046875,0.0,29,1712916524254
685,0.345703125,2.185546875,-0.07421875,0.12520644037889672,42,1712916524254
685,0.421875,2.20703125,-0.15625,0.12520644037889672,62,1712916524254
685,0.4296875,2.2421875,-0.189453125,0.12520644037889672,53,1712916524254
685,0.4375,2.275390625,-0.23828125,0.12520644037889672,33,1712916524254
685,0.369140625,2.330078125,-0.1953125,0.12520644037889672,15,1712916524254
685,0.4765625,2.033203125,-0.611328125,-0.37561932113669017,28,1712916524254
685,0.484375,2.060546875,-0.65234375,-0.37561932113669017,91,1712916524254
685,0.421875,2.091796875,-0.72265625,-0.37561932113669017,138,1712916524254
685,0.501953125,2.091796875,-0.78515625,-0.37561932113669017,126,1712916524254
685,0.509765625,2.126953125,-0.798828125,-0.37561932113669017,75,1712916524254
685,0.443359375,2.134765625,-0.921875,-0.37561932113669017,25,1712916524254
685,0.67578125,2.13671875,-0.873046875,-0.37561932113669017,29,1712916524254
685,0.763671875,2.138671875,-0.8984375,-0.37561932113669017,28,1712916524254
685,0.4765625,2.072265625,-0.46484375,-0.25041288075779344,125,1712916524254
685,0.416015625,2.1171875,-0.494140625,-0.25041288075779344,390,1712916524254
685,0.421875,2.13671875,-0.5703125,-0.25041288075779344,589,1712916524254
685,0.4296875,2.15625,-0.642578125,-0.25041288075779344,517,1712916524254
685,0.509765625,2.16796875,-0.677734375,-0.25041288075779344,303,1712916524254
685,0.443359375,2.22265625,-0.681640625,-0.25041288075779344,127,1712916524254
685,0.67578125,2.21484375,-0.6484375,-0.25041288075779344,129,1712916524254
685,0.6875,2.224609375,-0.7421875,-0.25041288075779344,114,1712916524254
685,0.697265625,2.244140625,-0.79296875,-0.25041288075779344,57,1712916524254
685,0.408203125,2.1171875,-0.294921875,-0.12520644037889672,152,1712916524254
685,0.484375,2.12890625,-0.369140625,-0.12520644037889672,466,1712916524254
685,0.421875,2.169921875,-0.4296875,-0.12520644037889672,709,1712916524254
685,0.4296875,2.193359375,-0.50390625,-0.12520644037889672,607,1712916524254
685,0.509765625,2.205078125,-0.546875,-0.12520644037889672,353,1712916524254
685,0.517578125,2.251953125,-0.5078125,-0.12520644037889672,163,1712916524254
685,0.6015625,2.283203125,-0.458984375,-0.12520644037889672,154,1712916524254
685,0.6875,2.2734375,-0.576171875,-0.12520644037889672,128,1712916524254
685,0.697265625,2.29296875,-0.640625,-0.12520644037889672,64,1712916524254
685,-0.517578125,1.705078125,1.556640625,-0.37561932113669017,14,1712916524254
686,0.4765625,2.123046875,-0.0625,0.0,47,1712916524354
686,0.484375,2.15625,-0.126953125,0.0,113,1712916524354
686,0.421875,2.208984375,-0.126953125,0.0,117,1712916524354
686,0.4296875,2.2421875,-0.17578125,0.0,79,1712916524354
686,0.58203125,2.244140625,-0.21484375,0.0,97,1712916524354
686,0.591796875,2.279296875,-0.244140625,0.0,92,1712916524354
686,0.67578125,2.283203125,-0.3359375,0.0,68,1712916524354
686,0.763671875,2.26171875,-0.517578125,0.0,36,1712916524354
686,2.892578125,0.0,2.939453125,0.0,15,1712916524354
686,0.4765625,2.103515625,-0.2890625,-0.25041288075779344,41,1712916524354
686,0.484375,2.126953125,-0.380859375,-0.25041288075779344,101,1712916524354
686,0.4921875,2.162109375,-0.390625,-0.25041288075779344,109,1712916524354
686,0.501953125,2.18359375,-0.48046875,-0.25041288075779344,72,1712916524354
686,0.58203125,2.189453125,-0.537109375,-0.25041288075779344,99,1712916524354
686,0.666015625,2.19140625,-0.59375,-0.25041288075779344,116,1712916524354
686,0.751953125,2.158203125,-0.75,-0.25041288075779344,101,1712916524354
686,0.763671875,2.15625,-0.859375,-0.25041288075779344,59,1712916524354
686,0.4765625,2.11328125,-0.201171875,-0.12520644037889672,87,1712916524354
686,0.416015625,2.16015625,-0.2578125,-0.12520644037889672,203,1712916524354
686,0.4921875,2.181640625,-0.26953125,-0.12520644037889672,217,1712916524354
686,0.501953125,2.21484375,-0.302734375,-0.12520644037889672,146,1712916524354
686,0.58203125,2.224609375,-0.37109375,-0.12520644037889672,180,1712916524354
686,0.666015625,2.234375,-0.40234375,-0.12520644037889672,181,1712916524354
686,0.67578125,2.244140625,-0.5390625,-0.12520644037889672,135,1712916524354
686,0.763671875,2.21484375,-0.693359375,-0.12520644037889672,75,1712916524354
686,3.0078125,0.0,2.849609375,-0.12520644037889672,33,1712916524354
686,3.0390625,0.0,2.896484375,-0.12520644037889672,29,1712916524354
686,-3.125,1.90625,-0.564453125,0.0,9,1712916524354
686,-3.0078125,1.9375,-0.951171875,-0.12520644037889672,17,1712916524354
686,-3.0390625,1.994140625,-0.8828125,-0.12520644037889672,17,1712916524354
687,0.4765625,2.123046875,-0.0546875,0.0,20,1712916524455
687,0.484375,2.158203125,-0.107421875,0.0,40,1712916524455
687,0.4921875,2.181640625,-0.263671875,0.0,51,1712916524455
687,0.501953125,2.2109375,-0.322265625,0.0,52,1712916524455
687,0.58203125,2.232421875,-0.3125,0.0,48,1712916524455
687,0.517578125,2.29296875,-0.283203125,0.0,30,1712916524455
687,0.4765625,2.12109375,0.0859375,0.12520644037889672,17,1712916524455
687,0.484375,2.158203125,0.12109375,0.12520644037889672,30,1712916524455
687,0.4921875,2.1953125,0.115234375,0.12520644037889672,41,1712916524455
687,0.501953125,2.234375,0.01953125,0.12520644037889672,42,1712916524455
687,0.509765625,2.271484375,-0.001953125,0.12520644037889672,35,1712916524455
687,0.517578125,2.30859375,-0.0234375,0.12520644037889672,23,1712916524455
687,0.484375,2.126953125,-0.380859375,-0.25041288075779344,36,1712916524455
687,0.5625,2.125,-0.490234375,-0.25041288075779344,47,1712916524455
687,0.572265625,2.13671875,-0.595703125,-0.25041288075779344,49,1712916524455
687,0.58203125,2.17578125,-0.58984375,-0.25041288075779344,42,1712916524455
687,0.517578125,2.232421875,-0.58984375,-0.25041288075779344,26,1712916524455
687,0.4765625,2.119140625,-0.140625,-0.12520644037889672,49,1712916524455
687,0.484375,2.1484375,-0.2265625,-0.12520644037889672,96,1712916524455
687,0.5625,2.15234375,-0.3515625,-0.12520644037889672,125,1712916524455
687,0.501953125,2.1953125,-0.419921875,-0.12520644037889672,130,1712916524455
687,0.509765625,2.234375,-0.41015625,-0.12520644037889672,113,1712916524455
687,0.517578125,2.27734375,-0.388671875,-0.12520644037889672,72,1712916524455
687,0.525390625,2.306640625,-0.435546875,-0.12520644037889672,32,1712916524455
688,0.408203125,2.046875,-0.619140625,0.0,24,1712916524555
688,0.345703125,2.10546875,-0.591796875,0.0,87,1712916524555
688,0.3515625,2.12890625,-0.64453125,0.0,137,1712916524555
688,0.357421875,2.1484375,-0.7109375,0.0,113,1712916524555
688,0.291015625,2.171875,-0.791015625,0.0,55,1712916524555
688,0.369140625,2.1953125,-0.802734375,0.0,21,1712916524555
688,0.408203125,2.08984375,-0.4453125,0.12520644037889672,48,1712916524555
688,0.345703125,2.138671875,-0.455078125,0.12520644037889672,171,1712916524555
688,0.3515625,2.1640625,-0.517578125,0.12520644037889672,260,1712916524555
688,0.287109375,2.20703125,-0.541015625,0.12520644037889672,208,1712916524555
688,0.36328125,2.19140625,-0.697265625,0.12520644037889672,96,1712916524555
688,0.294921875,2.232421875,-0.7265625,0.12520644037889672,34,1712916524555
688,0.33984375,2.146484375,-0.119140625,0.25041288075779344,19,1712916524555
688,0.345703125,2.166015625,-0.298828125,0.25041288075779344,76,1712916524555
688,0.3515625,2.19140625,-0.37890625,0.25041288075779344,123,1712916524555
688,0.287109375,2.236328125,-0.40234375,0.25041288075779344,102,1712916524555
688,0.291015625,2.25390625,-0.505859375,0.25041288075779344,50,1712916524555
688,0.22265625,2.30078125,-0.5078125,0.25041288075779344,17,1712916524555
688,0.416015625,2.091796875,-0.591796875,-0.12520644037889672,19,1712916524555
688,0.421875,2.087890625,-0.732421875,-0.12520644037889672,18,1712916524555
688,-0.591796875,1.865234375,1.33203125,0.0,11,1712916524555
688,-0.666015625,1.671875,1.537109375,0.12520644037889672,20,1712916524555
688,-0.666015625,1.529296875,1.6796875,0.25041288075779344,11,1712916524555
689,0.53515625,2.0546875,-0.24609375,0.0,22,1712916524656
689,0.4765625,2.099609375,-0.3125,0.0,114,1712916524656
689,0.484375,2.130859375,-0.359375,0.0,231,1712916524656
689,0.4921875,2.166015625,-0.375,0.0,209,1712916524656
689,0.357421875,2.255859375,-0.16015625,0.0,69,1712916524656
689,0.654296875,2.125,-0.689453125,0.0,58,1712916524656
689,0.740234375,2.103515625,-0.79296875,0.0,43,1712916524656
689,0.826171875,2.03125,-0.986328125,0.0,34,1712916524656
689,0.763671875,2.123046875,-0.935546875,0.0,25,1712916524656
689,0.466796875,2.083984375,-0.09765625,0.12520644037889672,39,1712916524656
689,0.4765625,2.11328125,-0.205078125,0.12520644037889672,220,1712916524656
689,0.484375,2.14453125,-0.267578125,0.12520644037889672,470,1712916524656
689,0.421875,2.193359375,-0.28515625,0.12520644037889672,447,1712916524656
689,0.357421875,2.255859375,-0.16015625,0.12520644037889672,164,1712916524656
689,0.728515625,2.13671875,-0.57421875,0.12520644037889672,114,1712916524656
689,0.740234375,2.140625,-0.689453125,0.12520644037889672,91,1712916524656
689,0.826171875,2.078125,-0.884765625,0.12520644037889672,65,1712916524656
689,0.763671875,2.18359375,-0.787109375,0.12520644037889672,44,1712916524656
689,0.466796875,2.0859375,0.037109375,0.25041288075779344,25,1712916524656
689,0.4765625,2.119140625,-0.123046875,0.25041288075779344,154,1712916524656
689,0.484375,2.150390625,-0.203125,0.25041288075779344,356,1712916524656
689,0.421875,2.19921875,-0.240234375,0.25041288075779344,368,1712916524656
689,0.287109375,2.267578125,-0.14453125,0.25041288075779344,154,1712916524656
689,0.654296875,2.197265625,-0.404296875,0.25041288075779344,79,1712916524656
689,0.666015625,2.197265625,-0.57421875,0.25041288075779344,70,1712916524656
689,0.4765625,2.115234375,-0.1953125,0.37561932113669017,22,1712916524656
689,0.416015625,2.158203125,-0.271484375,0.37561932113669017,66,1712916524656
689,0.421875,2.189453125,-0.314453125,0.37561932113669017,85,1712916524656
689,0.287109375,2.25390625,-0.28515625,0.37561932113669017,44,1712916524656
689,0.4765625,2.072265625,-0.4609375,-0.12520644037889672,19,1712916524656
689,0.484375,2.099609375,-0.509765625,-0.12520644037889672,39,1712916524656
689,0.421875,2.146484375,-0.53515625,-0.12520644037889672,37,1712916524656
689,-0.07421875,2.123046875,1.044921875,0.0,24,1712916524656
689,0.0,2.17578125,1.02734375,0.0,19,1712916524656
689,-1.52734375,1.416015625,-1.279296875,0.0,13,1712916524656
689,-0.072265625,2.017578125,1.162109375,0.12520644037889672,59,1712916524656
689,-0.07421875,2.087890625,1.111328125,0.12520644037889672,49,1712916524656
689,-0.07421875,2.17578125,1.01953125,0.12520644037889672,37,1712916524656
689,-1.451171875,1.630859375,-1.09765625,0.12520644037889672,24,1712916524656
689,-0.072265625,1.9921875,1.205078125,0.25041288075779344,48,1712916524656
689,-0.1484375,2.0234375,1.21875,0.25041288075779344,36,1712916524656
689,-1.7890625,1.275390625,-0.6484375,0.37561932113669017,23,1712916524656
690,0.544921875,2.078125,-0.34375,0.0,13,1712916524756
690,0.552734375,2.095703125,-0.455078125,0.0,46,1712916524756
690,0.5625,2.095703125,-0.60546875,0.0,77,1712916524756
690,0.501953125,2.109375,-0.73828125,0.0,67,1712916524756
690,0.509765625,2.068359375,-0.943359375,0.0,32,1712916524756
690,0.484375,2.13671875,-0.314453125,0.12520644037889672,40,1712916524756
690,0.4921875,2.171875,-0.333984375,0.12520644037889672,64,1712916524756
690,0.501953125,2.193359375,-0.431640625,0.12520644037889672,54,1712916524756
690,0.509765625,2.138671875,-0.76953125,0.12520644037889672,25,1712916524756
690,0.826171875,2.04296875,-0.962890625,0.12520644037889672,39,1712916524756
690,0.83984375,2.103515625,-0.91796875,0.12520644037889672,44,1712916524756
690,0.4765625,2.1171875,-0.15234375,0.25041288075779344,69,1712916524756
690,0.484375,2.154296875,-0.17578125,0.25041288075779344,243,1712916524756
690,0.4921875,2.18359375,-0.244140625,0.25041288075779344,398,1712916524756
690,0.572265625,2.171875,-0.44921875,0.25041288075779344,344,1712916524756
690,0.509765625,2.158203125,-0.712890625,0.25041288075779344,158,1712916524756
690,0.517578125,1.947265625,-1.240234375,0.25041288075779344,29,1712916524756
690,0.826171875,2.05078125,-0.947265625,0.25041288075779344,56,1712916524756
690,0.763671875,2.1484375,-0.87890625,0.25041288075779344,78,1712916524756
690,0.697265625,2.228515625,-0.83984375,0.25041288075779344,52,1712916524756
690,0.4765625,2.123046875,-0.029296875,0.37561932113669017,73,1712916524756
690,0.484375,2.16015625,-0.037109375,0.37561932113669017,260,1712916524756
690,0.4921875,2.1953125,-0.109375,0.37561932113669017,408,1712916524756
690,0.501953125,2.212890625,-0.3203125,0.37561932113669017,359,1712916524756
690,0.509765625,2.189453125,-0.607421875,0.37561932113669017,164,1712916524756
690,0.0,2.365234375,0.109375,0.37561932113669017,27,1712916524756
690,0.451171875,2.359375,-0.11328125,0.37561932113669017,38,1712916524756
690,0.6875,2.22265625,-0.748046875,0.37561932113669017,44,1712916524756
690,0.775390625,2.20703125,-0.826171875,0.37561932113669017,35,1712916524756
690,0.416015625,2.171875,0.125,0.5008257615155869,71,1712916524756
690,0.4921875,2.197265625,0.0390625,0.5008257615155869,112,1712916524756
690,0.572265625,2.19140625,-0.34375,0.5008257615155869,95,1712916524756
690,0.58203125,2.173828125,-0.595703125,0.5008257615155869,42,1712916524756
690,0.5625,2.048828125,-0.74609375,-0.12520644037889672,31,1712916524756
690,0.572265625,2.0234375,-0.90625,-0.12520644037889672,27,1712916524756
690,-0.36328125,1.8828125,1.3203125,0.0,17,1712916524756
690,-0.291015625,1.892578125,1.326171875,0.12520644037889672,13,1712916524756
690,-0.291015625,1.88671875,1.33203125,0.25041288075779344,80,1712916524756
690,-0.369140625,2.173828125,0.859375,0.25041288075779344,22,1712916524756
690,-0.291015625,1.857421875,1.373046875,0.37561932113669017,83,1712916524756
690,-1.923828125,1.359375,-0.23828125,0.37561932113669017,17,1712916524756
690,-0.146484375,2.154296875,0.873046875,0.5008257615155869,26,1712916524756
691,0.67578125,2.17578125,-0.76953125,0.25041288075779344,28,1712916524856
691,0.552734375,2.138671875,-0.1484375,0.37561932113669017,24,1712916524856
691,0.4921875,2.189453125,-0.185546875,0.37561932113669017,48,1712916524856
691,0.501953125,2.16796875,-0.544921875,0.37561932113669017,130,1712916524856
691,0.509765625,2.1640625,-0.69140625,0.37561932113669017,185,1712916524856
691,0.517578125,2.205078125,-0.685546875,0.37561932113669017,152,1712916524856
691,0.6015625,2.275390625,-0.49609375,0.37561932113669017,139,1712916524856
691,0.611328125,2.33984375,-0.349609375,0.37561932113669017,76,1712916524856
691,0.484375,2.158203125,0.08203125,0.5008257615155869,30,1712916524856
691,0.4921875,2.1953125,-0.119140625,0.5008257615155869,69,1712916524856
691,0.501953125,2.185546875,-0.46875,0.5008257615155869,208,1712916524856
691,0.509765625,2.197265625,-0.578125,0.5008257615155869,309,1712916524856
691,0.517578125,2.23828125,-0.56640625,0.5008257615155869,254,1712916524856
691,0.6015625,2.296875,-0.384765625,0.5008257615155869,184,1712916524856
691,0.611328125,2.357421875,-0.201171875,0.5008257615155869,86,1712916524856
691,0.4921875,2.197265625,-0.076171875,0.6260322018944836,30,1712916524856
691,0.501953125,2.201171875,-0.3828125,0.6260322018944836,103,1712916524856
691,0.4375,2.244140625,-0.443359375,0.6260322018944836,156,1712916524856
691,0.443359375,2.28125,-0.447265625,0.6260322018944836,130,1712916524856
691,0.451171875,2.341796875,-0.314453125,0.6260322018944836,78,1712916524856
691,0.458984375,2.3984375,-0.099609375,0.6260322018944836,31,1712916524856
692,0.58203125,2.220703125,-0.388671875,0.37561932113669017,22,1712916524956
692,0.83984375,2.17578125,-0.7265625,0.37561932113669017,37,1712916524956
692,0.853515625,2.169921875,-0.84765625,0.37561932113669017,73,1712916524956
692,0.787109375,2.23828125,-0.84765625,0.37561932113669017,71,1712916524956
692,0.87890625,2.22265625,-0.912109375,0.37561932113669017,37,1712916524956
692,0.501953125,2.203125,-0.380859375,0.5008257615155869,35,1712916524956
692,0.58203125,2.234375,-0.302734375,0.5008257615155869,47,1712916524956
692,0.369140625,2.154296875,-0.90625,0.5008257615155869,41,1712916524956
692,0.525390625,2.11328125,-1.01953125,0.5008257615155869,95,1712916524956
692,0.53515625,2.26171875,-0.75390625,0.5008257615155869,76,1712916524956
692,0.853515625,2.232421875,-0.669921875,0.5008257615155869,54,1712916524956
692,0.787109375,2.28125,-0.7265625,0.5008257615155869,93,1712916524956
692,0.798828125,2.3046875,-0.76953125,0.5008257615155869,62,1712916524956
692,0.501953125,2.2109375,-0.32421875,0.6260322018944836,33,1712916524956
692,0.4375,2.2109375,-0.5859375,0.6260322018944836,65,1712916524956
692,0.443359375,2.208984375,-0.7265625,0.6260322018944836,138,1712916524956
692,0.525390625,2.2421875,-0.693359375,0.6260322018944836,198,1712916524956
692,0.611328125,2.291015625,-0.587890625,0.6260322018944836,161,1712916524956
692,0.46484375,2.41015625,-0.365234375,0.6260322018944836,64,1712916524956
692,0.787109375,2.2890625,-0.701171875,0.6260322018944836,42,1712916524956
692,0.798828125,2.3515625,-0.61328125,0.6260322018944836,36,1712916524956
692,0.36328125,2.2578125,-0.4375,0.7512386422733803,51,1712916524956
692,0.443359375,2.28125,-0.453125,0.7512386422733803,102,1712916524956
692,0.451171875,2.326171875,-0.41796875,0.7512386422733803,113,1712916524956
692,0.53515625,2.359375,-0.345703125,0.7512386422733803,79,1712916524956
692,0.46484375,2.41796875,-0.3125,0.7512386422733803,42,1712916524956
692,-0.517578125,1.826171875,1.4140625,0.5008257615155869,22,1712916524956
692,0.0,2.119140625,1.29296875,0.5008257615155869,28,1712916524956
692,0.0,2.287109375,1.056640625,0.6260322018944836,22,1712916524956
693,0.611328125,2.08203125,-1.125,0.0,16,1712916525057
693,0.54296875,2.009765625,-1.349609375,0.0,16,1712916525057
693,0.591796875,2.23046875,-0.529296875,0.37561932113669017,17,1712916525057
693,0.6015625,2.283203125,-0.455078125,0.37561932113669017,24,1712916525057
693,0.611328125,2.33984375,-0.345703125,0.37561932113669017,24,1712916525057
693,0.58203125,2.2265625,-0.359375,0.5008257615155869,37,1712916525057
693,0.591796875,2.251953125,-0.421875,0.5008257615155869,93,1712916525057
693,0.6015625,2.30078125,-0.35546875,0.5008257615155869,110,1712916525057
693,0.53515625,2.3828125,-0.044921875,0.5008257615155869,43,1712916525057
693,0.853515625,1.93359375,-1.30078125,0.5008257615155869,61,1712916525057
693,0.708984375,2.22265625,-0.953125,0.5008257615155869,96,1712916525057
693,0.71875,2.265625,-0.947265625,0.5008257615155869,92,1712916525057
693,0.810546875,2.30859375,-0.8671875,0.5008257615155869,62,1712916525057
693,0.822265625,2.3828125,-0.76171875,0.5008257615155869,29,1712916525057
693,0.58203125,2.234375,-0.296875,0.6260322018944836,44,1712916525057
693,0.591796875,2.26953125,-0.3203125,0.6260322018944836,115,1712916525057
693,0.525390625,2.330078125,-0.287109375,0.6260322018944836,135,1712916525057
693,0.458984375,2.306640625,-0.66015625,0.6260322018944836,67,1712916525057
693,0.62109375,2.240234375,-0.87109375,0.6260322018944836,170,1712916525057
693,0.630859375,2.314453125,-0.76953125,0.6260322018944836,193,1712916525057
693,0.638671875,2.361328125,-0.74609375,0.6260322018944836,135,1712916525057
693,0.73046875,2.400390625,-0.666015625,0.6260322018944836,83,1712916525057
693,0.740234375,2.447265625,-0.630859375,0.6260322018944836,39,1712916525057
693,0.517578125,2.296875,-0.236328125,0.7512386422733803,43,1712916525057
693,0.525390625,2.3359375,-0.236328125,0.7512386422733803,57,1712916525057
693,0.53515625,2.2890625,-0.6640625,0.7512386422733803,89,1712916525057
693,0.54296875,2.32421875,-0.6796875,0.7512386422733803,180,1712916525057
693,0.55078125,2.37109375,-0.65234375,0.7512386422733803,165,1712916525057
693,0.55859375,2.421875,-0.599609375,0.7512386422733803,83,1712916525057
693,0.73046875,2.431640625,-0.5390625,0.7512386422733803,35,1712916525057
693,0.53515625,2.275390625,-0.712890625,0.876445082652277,33,1712916525057
693,0.46484375,2.33203125,-0.70703125,0.876445082652277,58,1712916525057
693,0.39453125,2.40625,-0.63671875,0.876445082652277,50,1712916525057
693,0.400390625,2.451171875,-0.61328125,0.876445082652277,22,1712916525057
693,-0.154296875,2.318359375,0.87109375,0.5008257615155869,32,1712916525057
693,-1.646484375,1.921875,-0.732421875,0.5008257615155869,16,1712916525057
693,-0.458984375,1.689453125,1.705078125,0.6260322018944836,44,1712916525057
694,0.6875,2.20703125,-0.791015625,0.0,15,1712916525157
694,0.697265625,2.224609375,-0.849609375,0.0,16,1712916525157
694,0.55078125,2.322265625,-0.806640625,0.0,14,1712916525157
694,0.67578125,2.279296875,-0.3671875,0.37561932113669017,24,1712916525157
694,0.611328125,2.341796875,-0.341796875,0.37561932113669017,44,1712916525157
694,0.62109375,2.3828125,-0.3046875,0.37561932113669017,50,1712916525157
694,0.708984375,2.384765625,-0.40234375,0.37561932113669017,42,1712916525157
694,0.798828125,2.337890625,-0.662109375,0.37561932113669017,35,1712916525157
694,0.73046875,2.330078125,-0.8828125,0.37561932113669017,30,1712916525157
694,0.517578125,2.296875,-0.248046875,0.5008257615155869,24,1712916525157
694,0.6015625,2.318359375,-0.2109375,0.5008257615155869,97,1712916525157
694,0.611328125,2.353515625,-0.23046875,0.5008257615155869,171,1712916525157
694,0.62109375,2.380859375,-0.326171875,0.5008257615155869,190,1712916525157
694,0.708984375,2.384765625,-0.3984375,0.5008257615155869,158,1712916525157
694,0.798828125,2.3671875,-0.55078125,0.5008257615155869,112,1712916525157
694,0.73046875,2.357421875,-0.806640625,0.5008257615155869,108,1712916525157
694,0.740234375,2.359375,-0.904296875,0.5008257615155869,76,1712916525157
694,0.751953125,2.4140625,-0.86328125,0.5008257615155869,37,1712916525157
694,0.591796875,2.291015625,-0.0234375,0.6260322018944836,24,1712916525157
694,0.6015625,2.328125,-0.060546875,0.6260322018944836,97,1712916525157
694,0.611328125,2.36328125,-0.09765625,0.6260322018944836,164,1712916525157
694,0.62109375,2.396484375,-0.16015625,0.6260322018944836,178,1712916525157
694,0.708984375,2.412109375,-0.16015625,0.6260322018944836,144,1712916525157
694,0.798828125,2.40234375,-0.359375,0.6260322018944836,100,1712916525157
694,0.73046875,2.3984375,-0.67578125,0.6260322018944836,123,1712916525157
694,0.740234375,2.412109375,-0.759765625,0.6260322018944836,97,1712916525157
694,0.751953125,2.47265625,-0.677734375,0.6260322018944836,49,1712916525157
694,0.6015625,2.328125,0.0234375,0.7512386422733803,24,1712916525157
694,0.6875,2.34375,-0.013671875,0.7512386422733803,38,1712916525157
694,0.775390625,2.357421875,-0.0078125,0.7512386422733803,34,1712916525157
694,0.078125,1.830078125,-1.73046875,0.7512386422733803,43,1712916525157
694,0.3203125,2.310546875,-1.048828125,0.7512386422733803,57,1712916525157
694,0.568359375,2.451171875,-0.642578125,0.7512386422733803,60,1712916525157
694,0.658203125,2.48828125,-0.560546875,0.7512386422733803,41,1712916525157
694,0.66796875,2.552734375,-0.42578125,0.7512386422733803,18,1712916525157
694,0.46484375,2.34375,-0.66796875,0.876445082652277,30,1712916525157
694,0.39453125,2.40234375,-0.646484375,0.876445082652277,44,1712916525157
694,0.400390625,2.453125,-0.607421875,0.876445082652277,35,1712916525157
694,0.244140625,2.501953125,-0.64453125,0.876445082652277,15,1712916525157
694,-0.158203125,1.494140625,2.0234375,0.6260322018944836,75,1712916525157
694,-0.080078125,0.7265625,2.451171875,0.6260322018944836,56,1712916525157
694,-0.078125,0.646484375,-2.39453125,0.7512386422733803,27,1712916525157
694,0.9453125,2.330078125,0.166015625,0.7512386422733803,30,1712916525157
694,-0.73046875,1.529296875,1.966796875,0.876445082652277,10,1712916525157
695,0.40625,2.265625,-1.201171875,0.25041288075779344,19,1712916525257
695,0.62109375,2.3828125,-0.3125,0.37561932113669017,27,1712916525257
695,0.314453125,2.470703125,-0.376953125,0.37561932113669017,19,1712916525257
695,0.638671875,2.40234375,-0.599609375,0.37561932113669017,47,1712916525257
695,0.73046875,2.384765625,-0.72265625,0.37561932113669017,96,1712916525257
695,0.740234375,2.3984375,-0.796875,0.37561932113669017,110,1712916525257
695,0.66796875,2.4609375,-0.80078125,0.37561932113669017,76,1712916525257
695,0.677734375,2.5078125,-0.771484375,0.37561932113669017,34,1712916525257
695,0.611328125,2.361328125,-0.140625,0.5008257615155869,56,1712916525257
695,0.62109375,2.40234375,-0.03515625,0.5008257615155869,98,1712916525257
695,0.55078125,2.451171875,-0.193359375,0.5008257615155869,49,1712916525257
695,0.48046875,2.4453125,-0.57421875,0.5008257615155869,142,1712916525257
695,0.568359375,2.470703125,-0.5546875,0.5008257615155869,240,1712916525257
695,0.658203125,2.474609375,-0.6171875,0.5008257615155869,239,1712916525257
695,0.751953125,2.4921875,-0.603515625,0.5008257615155869,147,1712916525257
695,0.677734375,2.580078125,-0.4765625,0.5008257615155869,61,1712916525257
695,0.611328125,2.365234375,0.015625,0.6260322018944836,49,1712916525257
695,0.62109375,2.400390625,0.091796875,0.6260322018944836,94,1712916525257
695,0.630859375,2.439453125,0.06640625,0.6260322018944836,56,1712916525257
695,0.400390625,2.470703125,-0.52734375,0.6260322018944836,140,1712916525257
695,0.486328125,2.50390625,-0.4765625,0.6260322018944836,216,1712916525257
695,0.494140625,2.548828125,-0.451171875,0.6260322018944836,177,1712916525257
695,0.583984375,2.580078125,-0.376953125,0.6260322018944836,90,1712916525257
695,0.5078125,2.662109375,-0.041015625,0.6260322018944836,31,1712916525257
695,0.54296875,2.40625,0.271484375,0.7512386422733803,20,1712916525257
695,0.630859375,2.43359375,0.16015625,0.7512386422733803,16,1712916525257
695,0.3203125,2.490234375,-0.486328125,0.7512386422733803,42,1712916525257
695,0.32421875,2.53125,-0.4765625,0.7512386422733803,64,1712916525257
695,0.330078125,2.5703125,-0.46875,0.7512386422733803,45,1712916525257
696,0.638671875,2.345703125,-0.794921875,0.0,12,1712916525357
696,0.568359375,2.357421875,-0.927734375,0.0,14,1712916525357
696,0.48046875,1.912109375,-1.62890625,0.25041288075779344,19,1712916525357
696,0.486328125,2.201171875,-1.287109375,0.25041288075779344,42,1712916525357
696,0.412109375,2.291015625,-1.232421875,0.25041288075779344,40,1712916525357
696,0.41796875,2.369140625,-1.1640625,0.25041288075779344,26,1712916525357
696,0.5078125,2.44140625,-1.0625,0.25041288075779344,26,1712916525357
696,0.630859375,2.43359375,-0.17578125,0.37561932113669017,48,1712916525357
696,0.55859375,2.279296875,-1.017578125,0.37561932113669017,112,1712916525357
696,0.486328125,2.361328125,-0.9609375,0.37561932113669017,185,1712916525357
696,0.494140625,2.416015625,-0.927734375,0.37561932113669017,163,1712916525357
696,0.501953125,2.47265625,-0.8828125,0.37561932113669017,100,1712916525357
696,0.5078125,2.54296875,-0.791015625,0.37561932113669017,96,1712916525357
696,0.4296875,2.59765625,-0.7890625,0.37561932113669017,46,1712916525357
696,0.62109375,2.400390625,-0.103515625,0.5008257615155869,26,1712916525357
696,0.630859375,2.439453125,-0.017578125,0.5008257615155869,101,1712916525357
696,0.638671875,2.466796875,-0.224609375,0.5008257615155869,180,1712916525357
696,0.568359375,2.44921875,-0.650390625,0.5008257615155869,230,1712916525357
696,0.494140625,2.48046875,-0.734375,0.5008257615155869,196,1712916525357
696,0.583984375,2.498046875,-0.74609375,0.5008257615155869,136,1712916525357
696,0.59375,2.564453125,-0.64453125,0.5008257615155869,114,1712916525357
696,0.515625,2.6328125,-0.59375,0.5008257615155869,49,1712916525357
696,0.62109375,2.40234375,0.021484375,0.6260322018944836,21,1712916525357
696,0.630859375,2.4375,0.1171875,0.6260322018944836,77,1712916525357
696,0.638671875,2.47265625,0.126953125,0.6260322018944836,123,1712916525357
696,0.568359375,2.533203125,0.0234375,0.6260322018944836,109,1712916525357
696,0.576171875,2.4921875,-0.630859375,0.6260322018944836,77,1712916525357
696,0.751953125,2.490234375,-0.611328125,0.6260322018944836,81,1712916525357
696,0.76171875,2.544921875,-0.5390625,0.6260322018944836,55,1712916525357
696,0.55859375,2.4609375,0.419921875,0.7512386422733803,24,1712916525357
696,-0.400390625,2.498046875,0.3828125,0.25041288075779344,13,1712916525357
696,-0.40625,2.427734375,0.822265625,0.25041288075779344,23,1712916525357
696,-0.494140625,2.361328125,1.05859375,0.25041288075779344,21,1712916525357
697,0.658203125,2.3828125,-0.908203125,0.0,29,1712916525458
697,0.66796875,2.421875,-0.91015625,0.0,32,1712916525458
697,0.59375,2.466796875,-0.955078125,0.0,18,1712916525458
697,0.16796875,2.515625,-0.884765625,0.25041288075779344,57,1712916525458
697,0.337890625,2.533203125,-0.904296875,0.25041288075779344,73,1712916525458
697,0.4296875,2.5703125,-0.87109375,0.25041288075779344,54,1712916525458
697,0.435546875,2.609375,-0.876953125,0.25041288075779344,25,1712916525458
697,0.638671875,2.3203125,-0.8671875,0.37561932113669017,29,1712916525458
697,0.6484375,2.333984375,-0.935546875,0.37561932113669017,113,1712916525458
697,0.658203125,2.392578125,-0.884765625,0.37561932113669017,215,1712916525458
697,0.751953125,2.3828125,-0.9453125,0.37561932113669017,180,1712916525458
697,0.169921875,2.705078125,-0.009765625,0.37561932113669017,89,1712916525458
697,0.34375,2.646484375,-0.658203125,0.37561932113669017,99,1712916525458
697,0.34765625,2.658203125,-0.763671875,0.37561932113669017,57,1712916525458
697,0.638671875,2.404296875,-0.595703125,0.5008257615155869,62,1712916525458
697,0.6484375,2.34765625,-0.8984375,0.5008257615155869,180,1712916525458
697,0.658203125,2.4140625,-0.822265625,0.5008257615155869,331,1712916525458
697,0.66796875,2.46484375,-0.783203125,0.5008257615155869,321,1712916525458
697,0.677734375,2.4921875,-0.8203125,0.5008257615155869,148,1712916525458
697,0.171875,2.732421875,0.251953125,0.5008257615155869,65,1712916525458
697,0.087890625,2.78125,0.15234375,0.5008257615155869,40,1712916525458
697,0.638671875,2.4609375,-0.28125,0.6260322018944836,44,1712916525458
697,0.6484375,2.37109375,-0.8359375,0.6260322018944836,102,1712916525458
697,0.658203125,2.408203125,-0.841796875,0.6260322018944836,154,1712916525458
697,0.583984375,2.494140625,-0.7578125,0.6260322018944836,154,1712916525458
697,0.677734375,2.521484375,-0.728515625,0.6260322018944836,100,1712916525458
697,0.7734375,2.51953125,-0.78125,0.6260322018944836,72,1712916525458
697,0.87109375,2.5078125,-0.84765625,0.6260322018944836,57,1712916525458
697,0.794921875,2.587890625,-0.810546875,0.6260322018944836,35,1712916525458
697,0.494140625,2.466796875,-0.783203125,0.7512386422733803,23,1712916525458
697,0.6875,2.59765625,-0.580078125,0.7512386422733803,25,1712916525458
697,0.783203125,2.6015625,-0.623046875,0.7512386422733803,29,1712916525458
697,0.794921875,2.62109375,-0.689453125,0.7512386422733803,20,1712916525458
697,-0.25,2.392578125,1.166015625,0.37561932113669017,106,1712916525458
697,0.931640625,1.91796875,-1.671875,0.37561932113669017,57,1712916525458
697,-0.337890625,2.248046875,1.474609375,0.5008257615155869,90,1712916525458
697,1.1328125,1.701171875,-1.896484375,0.5008257615155869,28,1712916525458
697,-0.337890625,2.103515625,1.67578125,0.6260322018944836,52,1712916525458
698,0.25390625,2.55859375,-0.857421875,0.25041288075779344,23,1712916525559
698,0.2578125,2.595703125,-0.8671875,0.25041288075779344,21,1712916525559
698,0.576171875,2.494140625,-0.619140625,0.37561932113669017,19,1712916525559
698,0.66796875,2.541015625,-0.48828125,0.37561932113669017,41,1712916525559
698,0.84765625,2.525390625,-0.498046875,0.37561932113669017,69,1712916525559
698,0.859375,2.583984375,-0.376953125,0.37561932113669017,68,1712916525559
698,0.95703125,2.6171875,0.01171875,0.37561932113669017,35,1712916525559
698,0.44140625,2.646484375,-0.884765625,0.37561932113669017,28,1712916525559
698,3.671875,0.0,2.6015625,0.37561932113669017,35,1712916525559
698,0.576171875,2.537109375,-0.41015625,0.5008257615155869,52,1712916525559
698,0.583984375,2.5703125,-0.439453125,0.5008257615155869,113,1712916525559
698,0.76171875,2.55078125,-0.513671875,0.5008257615155869,163,1712916525559
698,0.7734375,2.599609375,-0.4453125,0.5008257615155869,161,1712916525559
698,0.783203125,2.650390625,-0.359375,0.5008257615155869,102,1712916525559
698,0.70703125,2.66015625,-0.638671875,0.5008257615155869,56,1712916525559
698,0.8046875,2.560546875,-0.998046875,0.5008257615155869,31,1712916525559
698,3.640625,0.0,2.763671875,0.5008257615155869,42,1712916525559
698,3.671875,0.0,2.837890625,0.5008257615155869,73,1712916525559
698,0.576171875,2.560546875,-0.220703125,0.6260322018944836,45,1712916525559
698,0.583984375,2.5859375,-0.328125,0.6260322018944836,88,1712916525559
698,0.59375,2.62109375,-0.3515625,0.6260322018944836,117,1712916525559
698,0.6875,2.64453125,-0.3046875,0.6260322018944836,117,1712916525559
698,0.697265625,2.6953125,-0.142578125,0.6260322018944836,68,1712916525559
698,0.794921875,2.6171875,-0.70703125,0.6260322018944836,39,1712916525559
698,0.8046875,2.595703125,-0.900390625,0.6260322018944836,43,1712916525559
698,0.81640625,2.59375,-1.01171875,0.6260322018944836,23,1712916525559
698,3.640625,0.0,3.005859375,0.6260322018944836,30,1712916525559
698,3.671875,0.0,3.037109375,0.6260322018944836,54,1712916525559
698,0.783203125,2.380859375,-1.21875,0.7512386422733803,20,1712916525559
698,0.8828125,2.55859375,-0.810546875,0.7512386422733803,32,1712916525559
698,0.8046875,2.681640625,-0.603515625,0.7512386422733803,26,1712916525559
698,0.783203125,2.529296875,-0.869140625,0.876445082652277,26,1712916525559
698,0.794921875,2.5859375,-0.81640625,0.876445082652277,25,1712916525559
698,-0.0859375,0.615234375,-2.677734375,0.37561932113669017,42,1712916525559
698,0.0,2.126953125,-1.80078125,0.37561932113669017,31,1712916525559
698,1.359375,1.2578125,3.9375,0.5008257615155869,37,1712916525559
698,1.34765625,0.97265625,3.98046875,0.6260322018944836,16,1712916525559
698,1.359375,1.244140625,3.94140625,0.6260322018944836,28,1712916525559
699,0.583984375,2.521484375,-0.666015625,0.37561932113669017,29,1712916525659
699,0.59375,2.521484375,-0.796875,0.37561932113669017,80,1712916525659
699,0.6015625,2.54296875,-0.853515625,0.37561932113669017,109,1712916525659
699,0.609375,2.5703125,-0.884765625,0.37561932113669017,75,1712916525659
699,0.6171875,2.623046875,-0.845703125,0.37561932113669017,28,1712916525659
699,0.583984375,2.5703125,-0.4375,0.5008257615155869,62,1712916525659
699,0.59375,2.587890625,-0.544921875,0.5008257615155869,148,1712916525659
699,0.6015625,2.60546875,-0.6328125,0.5008257615155869,161,1712916525659
699,0.697265625,2.62109375,-0.638671875,0.5008257615155869,75,1712916525659
699,0.70703125,2.724609375,-0.248046875,0.5008257615155869,52,1712916525659
699,0.8046875,2.728515625,-0.31640625,0.5008257615155869,34,1712916525659
699,0.501953125,2.623046875,-0.1171875,0.6260322018944836,48,1712916525659
699,0.59375,2.634765625,-0.2265625,0.6260322018944836,91,1712916525659
699,0.515625,2.6796875,-0.337890625,0.6260322018944836,64,1712916525659
699,0.783203125,2.615234375,0.560546875,0.6260322018944836,34,1712916525659
699,0.6171875,2.75390625,0.13671875,0.6260322018944836,69,1712916525659
699,0.626953125,2.77734375,0.30859375,0.6260322018944836,29,1712916525659
699,0.515625,2.39453125,-1.248046875,0.7512386422733803,21,1712916525659
699,0.609375,2.525390625,-1.009765625,0.7512386422733803,38,1712916525659
699,0.44140625,2.4453125,1.345703125,0.7512386422733803,26,1712916525659
699,0.984375,2.31640625,-1.365234375,0.7512386422733803,20,1712916525659
699,0.81640625,2.53515625,-1.150390625,0.7512386422733803,34,1712916525659
699,0.734375,2.630859375,-1.083984375,0.7512386422733803,23,1712916525659
699,0.8046875,2.537109375,-1.052734375,0.876445082652277,24,1712916525659
699,0.81640625,2.611328125,-0.96484375,0.876445082652277,30,1712916525659
699,-0.70703125,1.494140625,2.291015625,0.7512386422733803,14,1712916525659
700,0.515625,2.578125,-0.80078125,0.5008257615155869,22,1712916525759
700,0.5234375,2.576171875,-0.927734375,0.5008257615155869,55,1712916525759
700,0.529296875,2.634765625,-0.869140625,0.5008257615155869,108,1712916525759
700,0.537109375,2.69921875,-0.79296875,0.5008257615155869,130,1712916525759
700,0.634765625,2.728515625,-0.755859375,0.5008257615155869,87,1712916525759
700,0.515625,2.55078125,-0.8828125,0.6260322018944836,57,1712916525759
700,0.609375,2.55859375,-0.921875,0.6260322018944836,142,1712916525759
700,0.529296875,2.67578125,-0.736328125,0.6260322018944836,228,1712916525759
700,0.537109375,2.740234375,-0.63671875,0.6260322018944836,246,1712916525759
700,0.544921875,2.791015625,-0.580078125,0.6260322018944836,142,1712916525759
700,0.275390625,2.87109375,-0.564453125,0.6260322018944836,31,1712916525759
700,0.6015625,2.57421875,-0.75390625,0.7512386422733803,58,1712916525759
700,0.609375,2.6015625,-0.79296875,0.7512386422733803,128,1712916525759
700,0.6171875,2.66015625,-0.720703125,0.7512386422733803,169,1712916525759
700,0.537109375,2.76171875,-0.533203125,0.7512386422733803,149,1712916525759
700,0.453125,2.83203125,-0.435546875,0.7512386422733803,74,1712916525759
700,0.5234375,2.677734375,-0.568359375,0.876445082652277,40,1712916525759
700,0.529296875,2.71875,-0.556640625,0.876445082652277,43,1712916525759
700,0.537109375,2.755859375,-0.55859375,0.876445082652277,23,1712916525759
700,-0.734375,1.9375,2.083984375,0.6260322018944836,25,1712916525759
701,0.537109375,2.40625,-1.45703125,0.0,10,1712916525860
701,0.453125,2.48046875,-1.4375,0.0,11,1712916525860
701,0.6171875,2.734375,-0.3515625,0.5008257615155869,57,1712916525860
701,0.537109375,2.736328125,-0.650390625,0.5008257615155869,78,1712916525860
701,0.453125,2.74609375,-0.81640625,0.5008257615155869,53,1712916525860
701,0.642578125,2.626953125,-1.15234375,0.5008257615155869,20,1712916525860
701,0.837890625,2.69140625,-0.9609375,0.5008257615155869,38,1712916525860
701,0.84765625,2.728515625,-0.962890625,0.5008257615155869,41,1712916525860
701,0.5234375,2.634765625,-0.744140625,0.6260322018944836,33,1712916525860
701,0.529296875,2.697265625,-0.65625,0.6260322018944836,113,1712916525860
701,0.537109375,2.732421875,-0.6640625,0.6260322018944836,169,1712916525860
701,0.544921875,2.765625,-0.685546875,0.6260322018944836,111,1712916525860
701,0.826171875,2.6953125,-0.833984375,0.6260322018944836,68,1712916525860
701,0.744140625,2.796875,-0.703125,0.6260322018944836,51,1712916525860
701,0.5234375,2.634765625,-0.7421875,0.7512386422733803,29,1712916525860
701,0.529296875,2.712890625,-0.58203125,0.7512386422733803,119,1712916525860
701,0.626953125,2.720703125,-0.6328125,0.7512386422733803,215,1712916525860
701,0.724609375,2.72265625,-0.69140625,0.7512386422733803,212,1712916525860
701,0.642578125,2.80078125,-0.623046875,0.7512386422733803,144,1712916525860
701,0.55859375,2.845703125,-0.673828125,0.7512386422733803,63,1712916525860
701,0.529296875,2.73046875,-0.498046875,0.876445082652277,81,1712916525860
701,0.537109375,2.76953125,-0.490234375,0.876445082652277,179,1712916525860
701,0.544921875,2.802734375,-0.517578125,0.876445082652277,199,1712916525860
701,0.55078125,2.837890625,-0.53125,0.876445082652277,124,1712916525860
701,0.46484375,2.888671875,-0.552734375,0.876445082652277,42,1712916525860
701,0.8828125,0.91015625,2.525390625,-1.0016515230311738,20,1712916525860
701,0.89453125,1.083984375,2.494140625,-1.0016515230311738,46,1712916525860
701,0.90625,1.193359375,2.484375,-1.0016515230311738,49,1712916525860
701,0.826171875,1.255859375,2.525390625,-1.0016515230311738,26,1712916525860
701,-0.537109375,2.587890625,1.103515625,0.0,6,1712916525860
701,-0.544921875,2.576171875,1.21875,0.0,7,1712916525860
701,-0.826171875,1.95703125,2.033203125,0.5008257615155869,14,1712916525860
701,-0.634765625,2.10546875,1.892578125,0.6260322018944836,60,1712916525860
701,-0.275390625,2.552734375,1.431640625,0.6260322018944836,41,1712916525860
701,-0.265625,2.767578125,-0.50390625,-1.0016515230311738,15,1712916525860
701,-0.267578125,2.80078125,-0.533203125,-1.0016515230311738,35,1712916525860
701,-0.271484375,2.828125,-0.58984375,-1.0016515230311738,40,1712916525860
701,-0.275390625,2.845703125,-0.6796875,-1.0016515230311738,23,1712916525860
702,0.75390625,2.486328125,-1.53125,0.25041288075779344,25,1712916525961
702,0.763671875,2.494140625,-1.587890625,0.25041288075779344,17,1712916525961
702,0.75390625,2.693359375,-1.126953125,0.37561932113669017,25,1712916525961
702,0.859375,2.6875,-1.171875,0.37561932113669017,46,1712916525961
702,0.869140625,2.744140625,-1.126953125,0.37561932113669017,40,1712916525961
702,0.783203125,2.912109375,-0.837890625,0.37561932113669017,25,1712916525961
702,0.529296875,2.767578125,-0.205078125,0.5008257615155869,25,1712916525961
702,0.626953125,2.775390625,-0.3203125,0.5008257615155869,72,1712916525961
702,0.544921875,2.814453125,-0.451171875,0.5008257615155869,96,1712916525961
702,0.458984375,2.833984375,-0.634765625,0.5008257615155869,71,1712916525961
702,0.373046875,2.908203125,-0.521484375,0.5008257615155869,47,1712916525961
702,0.56640625,2.9296875,-0.435546875,0.5008257615155869,39,1712916525961
702,0.859375,2.783203125,-0.916015625,0.5008257615155869,64,1712916525961
702,0.869140625,2.82421875,-0.912109375,0.5008257615155869,68,1712916525961
702,0.783203125,2.9140625,-0.837890625,0.5008257615155869,37,1712916525961
702,0.529296875,2.775390625,-0.005859375,0.6260322018944836,26,1712916525961
702,0.537109375,2.806640625,-0.189453125,0.6260322018944836,77,1712916525961
702,0.453125,2.83203125,-0.4375,0.6260322018944836,109,1712916525961
702,0.3671875,2.849609375,-0.623046875,0.6260322018944836,117,1712916525961
702,0.373046875,2.916015625,-0.4765625,0.6260322018944836,95,1712916525961
702,0.376953125,2.98828125,-0.169921875,0.6260322018944836,40,1712916525961
702,0.572265625,2.982421875,-0.31640625,0.6260322018944836,30,1712916525961
702,0.7734375,2.890625,-0.783203125,0.6260322018944836,42,1712916525961
702,0.783203125,2.94140625,-0.73046875,0.6260322018944836,27,1712916525961
702,0.36328125,2.826171875,-0.546875,0.7512386422733803,36,1712916525961
702,0.458984375,2.8671875,-0.462890625,0.7512386422733803,68,1712916525961
702,0.46484375,2.91796875,-0.361328125,0.7512386422733803,65,1712916525961
702,0.0,2.9453125,0.646484375,0.7512386422733803,20,1712916525961
702,0.65234375,2.845703125,-0.5859375,0.876445082652277,26,1712916525961
702,0.75390625,2.875,-0.5078125,0.876445082652277,20,1712916525961
702,-0.376953125,2.779296875,1.107421875,0.25041288075779344,14,1712916525961
702,-0.287109375,2.623046875,1.5390625,0.25041288075779344,12,1712916525961
702,0.84765625,2.59765625,-1.27734375,0.7512386422733803,19,1712916525961
702,-0.376953125,1.716796875,2.451171875,0.876445082652277,11,1712916525961
703,0.55078125,2.755859375,-0.861328125,0.37561932113669017,47,1712916526060
703,0.55859375,2.806640625,-0.82421875,0.37561932113669017,104,1712916526060
703,0.470703125,2.880859375,-0.755859375,0.37561932113669017,110,1712916526060
703,0.572265625,2.87890625,-0.84375,0.37561932113669017,58,1712916526060
703,0.453125,2.8046875,-0.591796875,0.5008257615155869,26,1712916526060
703,0.55078125,2.818359375,-0.62890625,0.5008257615155869,125,1712916526060
703,0.55859375,2.857421875,-0.623046875,0.5008257615155869,239,1712916526060
703,0.56640625,2.89453125,-0.634765625,0.5008257615155869,229,1712916526060
703,0.572265625,2.916015625,-0.70703125,0.5008257615155869,115,1712916526060
703,0.67578125,2.740234375,-1.26171875,0.5008257615155869,26,1712916526060
703,0.544921875,2.828125,-0.35546875,0.6260322018944836,41,1712916526060
703,0.458984375,2.880859375,-0.357421875,0.6260322018944836,123,1712916526060
703,0.46484375,2.919921875,-0.34765625,0.6260322018944836,172,1712916526060
703,0.470703125,2.9609375,-0.318359375,0.6260322018944836,114,1712916526060
703,0.763671875,2.919921875,-0.47265625,0.6260322018944836,51,1712916526060
703,0.783203125,2.96875,-0.615234375,0.6260322018944836,39,1712916526060
703,0.544921875,2.849609375,-0.064453125,0.7512386422733803,26,1712916526060
703,0.55078125,2.884765625,-0.130859375,0.7512386422733803,63,1712916526060
703,0.46484375,2.9296875,-0.26953125,0.7512386422733803,69,1712916526060
703,0.376953125,2.953125,-0.48046875,0.7512386422733803,47,1712916526060
703,0.287109375,3.017578125,-0.376953125,0.7512386422733803,33,1712916526060
703,0.376953125,2.958984375,-0.4453125,0.876445082652277,20,1712916526060
703,-0.572265625,2.3203125,1.90234375,0.37561932113669017,31,1712916526060
703,-0.4765625,2.298828125,1.953125,0.5008257615155869,58,1712916526060
703,-0.580078125,2.421875,1.833984375,0.5008257615155869,18,1712916526060
703,-0.380859375,2.06640625,2.216796875,0.6260322018944836,27,1712916526060
704,0.580078125,2.853515625,-1.04296875,0.25041288075779344,18,1712916526161
704,0.66015625,2.830078125,-0.80859375,0.37561932113669017,63,1712916526161
704,0.66796875,2.857421875,-0.84375,0.37561932113669017,134,1712916526161
704,0.580078125,2.939453125,-0.767578125,0.37561932113669017,136,1712916526161
704,0.48828125,3.03125,-0.61328125,0.37561932113669017,63,1712916526161
704,0.55859375,2.90625,-0.328125,0.5008257615155869,46,1712916526161
704,0.56640625,2.919921875,-0.5,0.5008257615155869,155,1712916526161
704,0.572265625,2.943359375,-0.578125,0.5008257615155869,266,1712916526161
704,0.580078125,2.982421875,-0.57421875,0.5008257615155869,252,1712916526161
704,0.48828125,3.05859375,-0.45703125,0.5008257615155869,116,1712916526161
704,0.693359375,2.890625,-1.095703125,0.5008257615155869,55,1712916526161
704,0.80078125,2.95703125,-0.94921875,0.5008257615155869,47,1712916526161
704,0.55859375,2.921875,-0.146484375,0.6260322018944836,80,1712916526161
704,0.56640625,2.953125,-0.236328125,0.6260322018944836,186,1712916526161
704,0.572265625,2.984375,-0.3125,0.6260322018944836,241,1712916526161
704,0.482421875,3.037109375,-0.318359375,0.6260322018944836,178,1712916526161
704,0.390625,3.001953125,-0.79296875,0.6260322018944836,87,1712916526161
704,0.59375,2.994140625,-0.8515625,0.6260322018944836,61,1712916526161
704,0.80078125,3.07421875,-0.43359375,0.6260322018944836,38,1712916526161
704,0.55859375,2.92578125,0.005859375,0.7512386422733803,48,1712916526161
704,0.56640625,2.962890625,-0.03515625,0.7512386422733803,98,1712916526161
704,0.4765625,3.015625,-0.08203125,0.7512386422733803,96,1712916526161
704,0.482421875,3.0234375,-0.427734375,0.7512386422733803,52,1712916526161
704,0.29296875,3.01953125,-0.771484375,0.7512386422733803,35,1712916526161
704,0.296875,3.068359375,-0.734375,0.7512386422733803,24,1712916526161
704,0.810546875,3.05859375,-0.72265625,0.7512386422733803,25,1712916526161
704,0.67578125,2.068359375,2.1953125,-1.0016515230311738,20,1712916526161
704,-0.783203125,1.837890625,2.41015625,0.6260322018944836,47,1712916526161
704,-0.482421875,2.916015625,-0.90625,-1.0016515230311738,17,1712916526161
705,0.66796875,2.833984375,-0.923828125,0.37561932113669017,31,1712916526261
705,0.580078125,2.896484375,-0.912109375,0.37561932113669017,93,1712916526261
705,0.587890625,2.923828125,-0.953125,0.37561932113669017,119,1712916526261
705,0.59375,2.94921875,-0.99609375,0.37561932113669017,79,1712916526261
705,0.701171875,2.92578125,-1.109375,0.37561932113669017,40,1712916526261
705,0.56640625,2.958984375,-0.142578125,0.5008257615155869,24,1712916526261
705,0.572265625,2.62109375,-1.458984375,0.5008257615155869,46,1712916526261
705,0.580078125,2.89453125,-0.919921875,0.5008257615155869,165,1712916526261
705,0.587890625,2.958984375,-0.8359375,0.5008257615155869,224,1712916526261
705,0.494140625,3.025390625,-0.802734375,0.5008257615155869,140,1712916526261
705,0.701171875,2.943359375,-1.064453125,0.5008257615155869,68,1712916526261
705,0.810546875,2.947265625,-1.08984375,0.5008257615155869,48,1712916526261
705,0.56640625,2.962890625,0.041015625,0.6260322018944836,48,1712916526261
705,0.572265625,2.998046875,0.07421875,0.6260322018944836,78,1712916526261
705,0.580078125,2.85546875,-1.033203125,0.6260322018944836,101,1712916526261
705,0.48828125,2.9921875,-0.77734375,0.6260322018944836,140,1712916526261
705,0.494140625,3.021484375,-0.814453125,0.6260322018944836,107,1712916526261
705,0.501953125,3.00390625,-1.00390625,0.6260322018944836,61,1712916526261
705,0.609375,3.037109375,-0.96875,0.6260322018944836,42,1712916526261
705,0.56640625,2.9609375,0.068359375,0.7512386422733803,27,1712916526261
705,0.572265625,3.0,-0.0625,0.7512386422733803,68,1712916526261
705,0.482421875,3.048828125,-0.171875,0.7512386422733803,78,1712916526261
705,0.587890625,3.017578125,-0.587890625,0.7512386422733803,44,1712916526261
705,0.296875,3.03515625,-0.857421875,0.7512386422733803,53,1712916526261
705,0.30078125,3.099609375,-0.763671875,0.7512386422733803,68,1712916526261
705,0.40625,3.134765625,-0.734375,0.7512386422733803,47,1712916526261
705,0.580078125,2.955078125,-0.70703125,0.876445082652277,25,1712916526261
705,0.197265625,3.1484375,-0.3046875,0.876445082652277,30,1712916526261
705,0.30078125,3.150390625,-0.515625,0.876445082652277,42,1712916526261
705,0.40625,3.169921875,-0.56640625,0.876445082652277,29,1712916526261
706,0.59375,2.69140625,-1.564453125,0.0,12,1712916526362
706,0.6015625,2.619140625,-1.751953125,0.0,12,1712916526362
706,0.708984375,2.640625,-1.74609375,0.0,12,1712916526362
706,0.587890625,2.98828125,-0.72265625,0.37561932113669017,27,1712916526362
706,0.59375,3.0078125,-0.80078125,0.37561932113669017,51,1712916526362
706,0.701171875,2.951171875,-1.0390625,0.37561932113669017,53,1712916526362
706,0.708984375,3.013671875,-0.970703125,0.37561932113669017,50,1712916526362
706,0.8203125,3.0859375,-0.759765625,0.37561932113669017,48,1712916526362
706,0.830078125,3.158203125,-0.607421875,0.37561932113669017,26,1712916526362
706,0.685546875,2.978515625,-0.673828125,0.5008257615155869,53,1712916526362
706,0.693359375,3.00390625,-0.732421875,0.5008257615155869,121,1712916526362
706,0.701171875,3.025390625,-0.796875,0.5008257615155869,140,1712916526362
706,0.810546875,3.01953125,-0.869140625,0.5008257615155869,109,1712916526362
706,0.8203125,3.076171875,-0.8046875,0.5008257615155869,67,1712916526362
706,0.48828125,3.091796875,-0.009765625,0.6260322018944836,22,1712916526362
706,0.693359375,3.046875,-0.52734375,0.6260322018944836,86,1712916526362
706,0.701171875,3.08984375,-0.5,0.6260322018944836,117,1712916526362
706,0.609375,3.154296875,-0.455078125,0.6260322018944836,74,1712916526362
706,0.59375,3.02734375,-0.71875,0.7512386422733803,29,1712916526362
706,0.501953125,3.130859375,-0.478515625,0.7512386422733803,79,1712916526362
706,0.5078125,3.171875,-0.45703125,0.7512386422733803,83,1712916526362
706,0.41015625,3.2265625,-0.447265625,0.7512386422733803,39,1712916526362
706,0.501953125,3.1328125,-0.466796875,0.876445082652277,28,1712916526362
706,0.5078125,3.19140625,-0.2890625,0.876445082652277,30,1712916526362
706,-0.501953125,2.931640625,1.201171875,0.0,7,1712916526362
707,0.923828125,2.4921875,-1.927734375,0.0,13,1712916526462
707,0.830078125,2.6171875,-1.869140625,0.0,12,1712916526462
707,0.8203125,2.953125,-1.177734375,0.37561932113669017,24,1712916526462
707,0.830078125,3.0234375,-1.09765625,0.37561932113669017,27,1712916526462
707,0.59375,3.044921875,-0.642578125,0.5008257615155869,29,1712916526462
707,0.6015625,3.025390625,-0.87890625,0.5008257615155869,59,1712916526462
707,0.708984375,2.99609375,-1.025390625,0.5008257615155869,73,1712916526462
707,0.71875,3.046875,-0.9921875,0.5008257615155869,80,1712916526462
707,0.7265625,3.091796875,-0.96875,0.5008257615155869,45,1712916526462
707,0.83984375,3.169921875,-0.734375,0.5008257615155869,25,1712916526462
707,0.849609375,3.1875,-0.814453125,0.5008257615155869,44,1712916526462
707,0.59375,3.099609375,-0.2890625,0.6260322018944836,50,1712916526462
707,0.6015625,3.115234375,-0.46484375,0.6260322018944836,99,1712916526462
707,0.708984375,3.08984375,-0.6953125,0.6260322018944836,136,1712916526462
707,0.71875,3.119140625,-0.734375,0.6260322018944836,152,1712916526462
707,0.623046875,3.1796875,-0.732421875,0.6260322018944836,96,1712916526462
707,0.59375,3.109375,0.15625,0.7512386422733803,31,1712916526462
707,0.701171875,3.125,0.150390625,0.7512386422733803,53,1712916526462
707,0.810546875,3.1328125,-0.23046875,0.7512386422733803,77,1712916526462
707,0.615234375,3.201171875,-0.390625,0.7512386422733803,114,1712916526462
707,0.623046875,3.220703125,-0.5234375,0.7512386422733803,102,1712916526462
707,0.419921875,3.27734375,-0.611328125,0.7512386422733803,52,1712916526462
707,0.212890625,3.298828125,-0.78515625,0.7512386422733803,21,1712916526462
707,0.8203125,3.12890625,-0.556640625,0.876445082652277,19,1712916526462
707,0.623046875,3.193359375,-0.671875,0.876445082652277,33,1712916526462
707,0.525390625,3.2421875,-0.705078125,0.876445082652277,29,1712916526462
707,0.318359375,3.29296875,-0.7734375,0.876445082652277,15,1712916526462
707,-0.30859375,2.970703125,1.361328125,0.0,7,1712916526462
707,-0.314453125,1.55078125,2.962890625,0.5008257615155869,13,1712916526462
707,-1.0625,1.876953125,2.625,0.7512386422733803,11,1712916526462
707,-0.205078125,2.59765625,1.998046875,0.876445082652277,10,1712916526462
708,0.623046875,2.435546875,-2.171875,0.0,11,1712916526562
708,0.734375,2.494140625,-2.126953125,0.0,11,1712916526562
708,0.830078125,3.01171875,-1.126953125,0.37561932113669017,53,1712916526562
708,0.83984375,3.056640625,-1.111328125,0.37561932113669017,74,1712916526562
708,0.955078125,3.06640625,-1.109375,0.37561932113669017,51,1712916526562
708,0.609375,3.173828125,-0.298828125,0.5008257615155869,22,1712916526562
708,0.71875,3.189453125,-0.30078125,0.5008257615155869,34,1712916526562
708,0.830078125,3.123046875,-0.765625,0.5008257615155869,96,1712916526562
708,0.83984375,3.138671875,-0.8515625,0.5008257615155869,126,1712916526562
708,0.849609375,3.166015625,-0.892578125,0.5008257615155869,84,1712916526562
708,0.859375,3.19140625,-0.94140625,0.5008257615155869,31,1712916526562
708,0.609375,3.181640625,-0.1953125,0.6260322018944836,41,1712916526562
708,0.615234375,3.138671875,-0.7421875,0.6260322018944836,114,1712916526562
708,0.7265625,3.150390625,-0.7578125,0.6260322018944836,185,1712916526562
708,0.734375,3.185546875,-0.775390625,0.6260322018944836,163,1712916526562
708,0.744140625,3.193359375,-0.890625,0.6260322018944836,93,1712916526562
708,0.64453125,3.25,-0.90625,0.6260322018944836,50,1712916526562
708,0.708984375,3.017578125,-0.962890625,0.7512386422733803,74,1712916526562
708,0.615234375,3.11328125,-0.84375,0.7512386422733803,228,1712916526562
708,0.623046875,3.16796875,-0.779296875,0.7512386422733803,324,1712916526562
708,0.734375,3.177734375,-0.802734375,0.7512386422733803,244,1712916526562
708,0.63671875,3.216796875,-0.890625,0.7512386422733803,121,1712916526562
708,0.537109375,3.294921875,-0.81640625,0.7512386422733803,65,1712916526562
708,0.609375,3.11328125,-0.681640625,0.876445082652277,80,1712916526562
708,0.615234375,3.150390625,-0.689453125,0.876445082652277,208,1712916526562
708,0.623046875,3.1875,-0.697265625,0.876445082652277,270,1712916526562
708,0.630859375,3.22265625,-0.71484375,0.876445082652277,194,1712916526562
708,0.53125,3.279296875,-0.712890625,0.876445082652277,86,1712916526562
708,0.537109375,3.326171875,-0.673828125,0.876445082652277,38,1712916526562
708,1.013671875,1.212890625,2.833984375,-1.0016515230311738,22,1712916526562
708,1.025390625,1.5234375,2.720703125,-1.0016515230311738,52,1712916526562
708,1.037109375,1.619140625,2.70703125,-1.0016515230311738,60,1712916526562
708,0.9453125,1.775390625,2.69140625,-1.0016515230311738,37,1712916526562
708,1.0625,1.705078125,2.740234375,-1.0016515230311738,13,1712916526562
708,-0.623046875,3.134765625,0.90625,0.0,6,1712916526562
708,-0.630859375,3.12890625,1.048828125,0.0,6,1712916526562
708,-0.203125,3.20703125,-0.4453125,-1.0016515230311738,16,1712916526562
708,-0.205078125,3.21875,-0.6171875,-1.0016515230311738,42,1712916526562
708,-0.20703125,3.248046875,-0.662109375,-1.0016515230311738,52,1712916526562
708,-0.314453125,3.263671875,-0.732421875,-1.0016515230311738,34,1712916526562
708,-0.423828125,3.302734375,-0.669921875,-1.0016515230311738,13,1712916526562
709,0.630859375,2.94921875,-1.48046875,0.25041288075779344,37,1712916526663
709,0.63671875,2.978515625,-1.505859375,0.25041288075779344,36,1712916526663
709,0.537109375,3.05078125,-1.484375,0.25041288075779344,20,1712916526663
709,0.525390625,3.072265625,-1.251953125,0.37561932113669017,33,1712916526663
709,0.53125,3.107421875,-1.26953125,0.37561932113669017,31,1712916526663
709,0.537109375,3.193359375,-1.150390625,0.37561932113669017,17,1712916526663
709,0.615234375,3.220703125,-0.146484375,0.5008257615155869,19,1712916526663
709,0.623046875,3.244140625,-0.353515625,0.5008257615155869,30,1712916526663
709,0.630859375,3.15625,-0.9609375,0.5008257615155869,41,1712916526663
709,0.63671875,3.171875,-1.037109375,0.5008257615155869,54,1712916526663
709,0.751953125,3.240234375,-0.857421875,0.5008257615155869,21,1712916526663
709,0.54296875,3.3046875,-0.919921875,0.5008257615155869,32,1712916526663
709,0.548828125,3.33203125,-0.96484375,0.5008257615155869,45,1712916526663
709,0.7734375,3.68359375,-1.68359375,0.5008257615155869,23,1712916526663
709,0.513671875,3.240234375,0.134765625,0.6260322018944836,20,1712916526663
709,0.623046875,3.23828125,-0.388671875,0.6260322018944836,41,1712916526663
709,0.630859375,3.1875,-0.857421875,0.6260322018944836,92,1712916526663
709,0.63671875,3.21875,-0.884765625,0.6260322018944836,127,1712916526663
709,0.64453125,3.271484375,-0.830078125,0.6260322018944836,59,1712916526663
709,0.65234375,3.3203125,-0.791015625,0.6260322018944836,44,1712916526663
709,0.658203125,3.34765625,-0.83203125,0.6260322018944836,71,1712916526663
709,0.623046875,3.236328125,-0.416015625,0.7512386422733803,27,1712916526663
709,0.630859375,3.23828125,-0.634765625,0.7512386422733803,68,1712916526663
709,0.63671875,3.26953125,-0.66796875,0.7512386422733803,93,1712916526663
709,0.537109375,3.3203125,-0.697265625,0.7512386422733803,52,1712916526663
709,0.869140625,3.22265625,-0.966796875,0.7512386422733803,20,1712916526663
709,0.767578125,3.33203125,-0.798828125,0.7512386422733803,37,1712916526663
709,-2.576171875,1.75,-1.44921875,0.25041288075779344,11,1712916526663
709,-0.64453125,2.857421875,1.794921875,0.37561932113669017,10,1712916526663
709,-0.64453125,2.17578125,2.580078125,0.5008257615155869,13,1712916526663
709,-0.109375,3.09765625,1.5703125,0.7512386422733803,14,1712916526663
710,0.63671875,2.8984375,-1.65625,0.0,11,1712916526763
710,0.64453125,2.97265625,-1.599609375,0.0,20,1712916526763
710,0.54296875,3.04296875,-1.587890625,0.0,20,1712916526763
710,0.658203125,3.037109375,-1.63671875,0.0,13,1712916526763
710,0.779296875,3.892578125,-1.244140625,0.25041288075779344,31,1712916526763
710,0.787109375,3.828125,-1.537109375,0.25041288075779344,32,1712916526763
710,0.525390625,3.208984375,-0.841796875,0.37561932113669017,23,1712916526763
710,0.63671875,3.232421875,-0.830078125,0.37561932113669017,76,1712916526763
710,0.751953125,3.26171875,-0.779296875,0.37561932113669017,107,1712916526763
710,0.759765625,3.314453125,-0.712890625,0.37561932113669017,82,1712916526763
710,0.87890625,3.3046875,-0.8046875,0.37561932113669017,54,1712916526763
710,0.88671875,3.314453125,-0.912109375,0.37561932113669017,45,1712916526763
710,0.78515625,3.38671875,-0.892578125,0.37561932113669017,27,1712916526763
710,0.779296875,3.97265625,-0.962890625,0.37561932113669017,40,1712916526763
710,0.787109375,3.896484375,-1.353515625,0.37561932113669017,42,1712916526763
710,0.525390625,3.271484375,-0.55078125,0.5008257615155869,29,1712916526763
710,0.63671875,3.2890625,-0.5703125,0.5008257615155869,92,1712916526763
710,0.64453125,3.34765625,-0.4296875,0.5008257615155869,112,1712916526763
710,0.9765625,3.3203125,-0.302734375,0.5008257615155869,67,1712916526763
710,1.09765625,3.283203125,-0.59375,0.5008257615155869,56,1712916526763
710,0.998046875,3.283203125,-0.9140625,0.5008257615155869,62,1712916526763
710,0.78515625,3.39453125,-0.859375,0.5008257615155869,42,1712916526763
710,0.216796875,3.314453125,-1.017578125,0.6260322018944836,50,1712916526763
710,0.21875,3.359375,-0.998046875,0.6260322018944836,51,1712916526763
710,0.998046875,3.35546875,-0.587890625,0.6260322018944836,32,1712916526763
710,0.537109375,3.359375,-0.482421875,0.7512386422733803,29,1712916526763
710,0.54296875,3.384765625,-0.56640625,0.7512386422733803,33,1712916526763
710,0.439453125,3.421875,-0.66015625,0.7512386422733803,20,1712916526763
710,-0.767578125,2.861328125,1.88671875,0.0,7,1712916526763
710,-0.326171875,1.69140625,3.017578125,0.5008257615155869,34,1712916526763
710,-0.109375,2.453125,2.51171875,0.5008257615155869,48,1712916526763
710,-0.33203125,2.759765625,2.208984375,0.5008257615155869,38,1712916526763
710,1.31640625,3.00390625,1.2578125,0.6260322018944836,27,1712916526763
710,-0.111328125,3.091796875,-1.740234375,0.6260322018944836,27,1712916526763
711,0.759765625,3.0,-1.578125,0.0,16,1712916526863
711,0.767578125,3.0234375,-1.611328125,0.0,19,1712916526863
711,0.666015625,3.12890625,-1.541015625,0.0,10,1712916526863
711,0.744140625,3.25390625,-0.630859375,0.37561932113669017,18,1712916526863
711,0.751953125,3.224609375,-0.921875,0.37561932113669017,55,1712916526863
711,0.759765625,3.248046875,-0.970703125,0.37561932113669017,94,1712916526863
711,0.767578125,3.29296875,-0.947265625,0.37561932113669017,88,1712916526863
711,0.77734375,3.34765625,-0.888671875,0.37561932113669017,51,1712916526863
711,0.673828125,3.408203125,-0.8984375,0.37561932113669017,32,1712916526863
711,0.63671875,3.31640625,-0.373046875,0.5008257615155869,51,1712916526863
711,0.64453125,3.31640625,-0.62890625,0.5008257615155869,146,1712916526863
711,0.65234375,3.33984375,-0.697265625,0.5008257615155869,255,1712916526863
711,0.767578125,3.349609375,-0.72265625,0.5008257615155869,247,1712916526863
711,0.77734375,3.38671875,-0.724609375,0.5008257615155869,132,1712916526863
711,0.78515625,3.419921875,-0.75,0.5008257615155869,66,1712916526863
711,0.53125,3.349609375,-0.212890625,0.6260322018944836,33,1712916526863
711,0.64453125,3.345703125,-0.443359375,0.6260322018944836,106,1712916526863
711,0.65234375,3.376953125,-0.486328125,0.6260322018944836,194,1712916526863
711,0.767578125,3.38671875,-0.525390625,0.6260322018944836,194,1712916526863
711,0.77734375,3.40625,-0.630859375,0.6260322018944836,124,1712916526863
711,0.78515625,3.427734375,-0.712890625,0.6260322018944836,86,1712916526863
711,0.79296875,3.462890625,-0.728515625,0.6260322018944836,53,1712916526863
711,0.759765625,3.376953125,-0.298828125,0.7512386422733803,28,1712916526863
711,0.767578125,3.40625,-0.375,0.7512386422733803,34,1712916526863
711,0.666015625,3.4453125,-0.541015625,0.7512386422733803,37,1712916526863
711,0.673828125,3.4765625,-0.5859375,0.7512386422733803,46,1712916526863
711,0.6796875,3.513671875,-0.583984375,0.7512386422733803,33,1712916526863
711,-0.548828125,3.01953125,1.708984375,0.0,10,1712916526863
711,-0.5546875,3.14453125,1.552734375,0.0,7,1712916526863
711,-0.673828125,2.126953125,2.810546875,0.5008257615155869,35,1712916526863
712,0.443359375,3.32421875,-1.1640625,0.25041288075779344,24,1712916526964
712,0.3359375,3.3515625,-1.236328125,0.25041288075779344,24,1712916526964
712,0.767578125,3.318359375,-0.853515625,0.37561932113669017,38,1712916526964
712,0.77734375,3.421875,-0.5390625,0.37561932113669017,54,1712916526964
712,0.673828125,3.478515625,-0.568359375,0.37561932113669017,57,1712916526964
712,0.6796875,3.509765625,-0.611328125,0.37561932113669017,48,1712916526964
712,0.572265625,3.51171875,-0.87890625,0.37561932113669017,45,1712916526964
712,0.54296875,3.419921875,-0.291015625,0.5008257615155869,24,1712916526964
712,0.767578125,3.337890625,-0.775390625,0.5008257615155869,60,1712916526964
712,0.88671875,3.373046875,-0.666015625,0.5008257615155869,109,1712916526964
712,0.78515625,3.455078125,-0.57421875,0.5008257615155869,111,1712916526964
712,0.6796875,3.517578125,-0.564453125,0.5008257615155869,61,1712916526964
712,0.572265625,3.58203125,-0.525390625,0.5008257615155869,32,1712916526964
712,0.54296875,3.4296875,0.09375,0.6260322018944836,21,1712916526964
712,0.98828125,3.203125,-1.048828125,0.6260322018944836,24,1712916526964
712,0.77734375,3.38671875,-0.728515625,0.6260322018944836,100,1712916526964
712,0.78515625,3.419921875,-0.75390625,0.6260322018944836,137,1712916526964
712,0.79296875,3.4296875,-0.87109375,0.6260322018944836,89,1712916526964
712,0.80078125,3.3671875,-1.203125,0.6260322018944836,28,1712916526964
712,0.767578125,3.400390625,-0.43359375,0.7512386422733803,21,1712916526964
712,0.77734375,3.40625,-0.630859375,0.7512386422733803,73,1712916526964
712,0.78515625,3.42578125,-0.720703125,0.7512386422733803,105,1712916526964
712,0.79296875,3.4453125,-0.806640625,0.7512386422733803,82,1712916526964
712,0.6875,3.48828125,-0.892578125,0.7512386422733803,36,1712916526964
712,0.666015625,3.404296875,-0.75390625,0.876445082652277,19,1712916526964
712,0.673828125,3.431640625,-0.806640625,0.876445082652277,27,1712916526964
712,0.6796875,3.462890625,-0.83984375,0.876445082652277,22,1712916526964
712,-2.634765625,2.2578125,-1.181640625,0.6260322018944836,15,1712916526964
713,0.77734375,3.076171875,-1.595703125,0.0,16,1712916527065
713,0.673828125,3.15625,-1.568359375,0.0,20,1712916527065
713,0.56640625,3.267578125,-1.466796875,0.0,16,1712916527065
713,0.666015625,3.33203125,-1.03125,0.25041288075779344,41,1712916527065
713,0.673828125,3.388671875,-0.96875,0.25041288075779344,66,1712916527065
713,0.453125,3.4609375,-0.982421875,0.25041288075779344,71,1712916527065
713,0.34375,3.4921875,-1.060546875,0.25041288075779344,43,1712916527065
713,0.658203125,3.337890625,-0.875,0.37561932113669017,54,1712916527065
713,0.666015625,3.3828125,-0.84765625,0.37561932113669017,150,1712916527065
713,0.673828125,3.42578125,-0.826171875,0.37561932113669017,206,1712916527065
713,0.56640625,3.490234375,-0.806640625,0.37561932113669017,162,1712916527065
713,0.458984375,3.533203125,-0.86328125,0.37561932113669017,77,1712916527065
713,0.658203125,3.400390625,-0.5859375,0.5008257615155869,65,1712916527065
713,0.666015625,3.431640625,-0.625,0.5008257615155869,155,1712916527065
713,0.673828125,3.4609375,-0.671875,0.5008257615155869,198,1712916527065
713,0.6796875,3.48828125,-0.72265625,0.5008257615155869,148,1712916527065
713,0.572265625,3.541015625,-0.751953125,0.5008257615155869,70,1712916527065
713,0.548828125,3.4609375,-0.23046875,0.6260322018944836,33,1712916527065
713,0.5546875,3.482421875,-0.41015625,0.6260322018944836,60,1712916527065
713,0.673828125,3.47265625,-0.607421875,0.6260322018944836,72,1712916527065
713,0.79296875,3.4453125,-0.80859375,0.6260322018944836,73,1712916527065
713,0.80078125,3.470703125,-0.865234375,0.6260322018944836,49,1712916527065
713,0.443359375,3.4296875,-0.80078125,0.7512386422733803,24,1712916527065
713,0.560546875,3.423828125,-0.9140625,0.7512386422733803,29,1712916527065
713,0.6796875,3.4765625,-0.7734375,0.7512386422733803,28,1712916527065
713,0.443359375,3.421875,-0.833984375,0.876445082652277,18,1712916527065
713,0.44921875,3.48828125,-0.716796875,0.876445082652277,20,1712916527065
714,0.673828125,3.337890625,-1.1328125,0.37561932113669017,45,1712916527165
714,0.6796875,3.39453125,-1.080078125,0.37561932113669017,76,1712916527165
714,0.6875,3.46484375,-0.9765625,0.37561932113669017,71,1712916527165
714,0.693359375,3.55078125,-0.787109375,0.37561932113669017,34,1712916527165
714,0.666015625,3.361328125,-0.931640625,0.5008257615155869,39,1712916527165
714,0.673828125,3.400390625,-0.927734375,0.5008257615155869,120,1712916527165
714,0.6796875,3.4609375,-0.84375,0.5008257615155869,211,1712916527165
714,0.6875,3.5234375,-0.7421875,0.5008257615155869,194,1712916527165
714,0.693359375,3.595703125,-0.54296875,0.5008257615155869,97,1712916527165
714,0.951171875,4.1015625,-1.103515625,0.5008257615155869,42,1712916527165
714,0.666015625,3.453125,-0.4921875,0.6260322018944836,33,1712916527165
714,0.673828125,3.453125,-0.705078125,0.6260322018944836,97,1712916527165
714,0.6796875,3.50390625,-0.646484375,0.6260322018944836,172,1712916527165
714,0.6875,3.55859375,-0.544921875,0.6260322018944836,164,1712916527165
714,0.578125,3.6328125,-0.421875,0.6260322018944836,83,1712916527165
714,0.560546875,3.505859375,-0.5234375,0.7512386422733803,27,1712916527165
714,0.56640625,3.51953125,-0.666015625,0.7512386422733803,48,1712916527165
714,0.572265625,3.541015625,-0.755859375,0.7512386422733803,47,1712916527165
714,0.578125,3.587890625,-0.7109375,0.7512386422733803,31,1712916527165
714,0.583984375,3.64453125,-0.60546875,0.7512386422733803,18,1712916527165
714,0.56640625,3.4375,-1.005859375,0.876445082652277,36,1712916527165
714,0.458984375,3.439453125,-1.177734375,0.876445082652277,32,1712916527165
714,0.90625,2.220703125,2.720703125,-1.0016515230311738,17,1712916527165
714,0.80078125,2.46484375,2.591796875,-1.0016515230311738,15,1712916527165
714,-0.453125,3.462890625,-0.98046875,-1.0016515230311738,14,1712916527165
714,-0.572265625,3.455078125,-1.080078125,-1.0016515230311738,15,1712916527165
715,0.572265625,3.20703125,-1.6796875,0.0,16,1712916527266
715,0.693359375,3.19921875,-1.73046875,0.0,15,1712916527266
715,-2.21875,0.712890625,-0.4140625,0.12520644037889672,20,1712916527266
715,-2.330078125,0.45703125,-0.3828125,0.12520644037889672,15,1712916527266
715,0.572265625,3.541015625,-0.755859375,0.37561932113669017,23,1712916527266
715,0.578125,3.525390625,-0.97265625,0.37561932113669017,34,1712916527266
715,0.701171875,3.5078125,-1.095703125,0.37561932113669017,40,1712916527266
715,0.826171875,3.494140625,-1.181640625,0.37561932113669017,32,1712916527266
715,0.56640625,3.525390625,-0.63671875,0.5008257615155869,60,1712916527266
715,0.572265625,3.482421875,-0.990234375,0.5008257615155869,111,1712916527266
715,0.578125,3.51953125,-0.998046875,0.5008257615155869,137,1712916527266
715,0.701171875,3.548828125,-0.955078125,0.5008257615155869,117,1712916527266
715,0.826171875,3.55859375,-0.96484375,0.5008257615155869,81,1712916527266
715,0.955078125,3.572265625,-0.953125,0.5008257615155869,46,1712916527266
715,0.673828125,3.466796875,-0.63671875,0.6260322018944836,30,1712916527266
715,0.6796875,3.421875,-0.98828125,0.6260322018944836,124,1712916527266
715,0.6875,3.466796875,-0.96875,0.6260322018944836,251,1712916527266
715,0.693359375,3.51953125,-0.91796875,0.6260322018944836,270,1712916527266
715,0.701171875,3.572265625,-0.865234375,0.6260322018944836,158,1712916527266
715,0.826171875,3.568359375,-0.93359375,0.6260322018944836,65,1712916527266
715,0.673828125,3.4375,-0.77734375,0.7512386422733803,21,1712916527266
715,0.6796875,3.482421875,-0.751953125,0.7512386422733803,117,1712916527266
715,0.572265625,3.548828125,-0.71875,0.7512386422733803,236,1712916527266
715,0.693359375,3.568359375,-0.708984375,0.7512386422733803,220,1712916527266
715,0.583984375,3.6484375,-0.583984375,0.7512386422733803,93,1712916527266
715,0.56640625,3.544921875,-0.51171875,0.876445082652277,33,1712916527266
715,0.572265625,3.58203125,-0.52734375,0.876445082652277,63,1712916527266
715,0.578125,3.626953125,-0.474609375,0.876445082652277,47,1712916527266
715,-0.826171875,2.64453125,2.5703125,0.6260322018944836,34,1712916527266
716,-2.29296875,0.369140625,-0.45703125,0.0,12,1712916527316
716,-2.21875,0.736328125,-0.369140625,0.12520644037889672,21,1712916527316
716,-2.330078125,0.501953125,-0.322265625,0.12520644037889672,19,1712916527316
716,0.826171875,3.55859375,-0.970703125,0.37561932113669017,24,1712916527316
716,0.8359375,3.58203125,-1.025390625,0.37561932113669017,36,1712916527316
716,0.84375,3.609375,-1.060546875,0.37561932113669017,25,1712916527316
716,0.572265625,3.603515625,-0.353515625,0.5008257615155869,25,1712916527316
716,0.578125,3.55859375,-0.841796875,0.5008257615155869,40,1712916527316
716,0.466796875,3.451171875,-1.365234375,0.5008257615155869,42,1712916527316
716,0.1171875,3.3125,-1.81640625,0.5008257615155869,31,1712916527316
716,0.955078125,3.658203125,-0.533203125,0.5008257615155869,62,1712916527316
716,0.96484375,3.677734375,-0.6484375,0.5008257615155869,50,1712916527316
716,0.572265625,3.5546875,-0.681640625,0.6260322018944836,24,1712916527316
716,0.578125,3.521484375,-0.9921875,0.6260322018944836,80,1712916527316
716,0.466796875,3.5859375,-0.95703125,0.6260322018944836,161,1712916527316
716,0.47265625,3.619140625,-0.98046875,0.6260322018944836,166,1712916527316
716,0.357421875,3.62109375,-1.15625,0.6260322018944836,85,1712916527316
716,1.083984375,3.69921875,-0.021484375,0.6260322018944836,34,1712916527316
716,0.6875,3.51953125,-0.755859375,0.7512386422733803,20,1712916527316
716,0.578125,3.56640625,-0.80859375,0.7512386422733803,106,1712916527316
716,0.583984375,3.61328125,-0.775390625,0.7512386422733803,229,1712916527316
716,0.58984375,3.65234375,-0.7734375,0.7512386422733803,247,1712916527316
716,0.595703125,3.6796875,-0.8203125,0.7512386422733803,131,1712916527316
716,0.361328125,3.68359375,-1.080078125,0.7512386422733803,25,1712916527316
716,0.693359375,3.56640625,-0.71484375,0.876445082652277,69,1712916527316
716,0.583984375,3.634765625,-0.66796875,0.876445082652277,144,1712916527316
716,0.58984375,3.677734375,-0.642578125,0.876445082652277,152,1712916527316
716,0.595703125,3.7109375,-0.6640625,0.876445082652277,79,1712916527316
716,1.052734375,1.6015625,3.212890625,-1.0016515230311738,30,1712916527316
716,1.0625,1.541015625,3.283203125,-1.0016515230311738,30,1712916527316
716,0.9453125,3.64453125,-0.3203125,0.5008257615155869,29,1712916527316
716,-3.25390625,1.939453125,-0.72265625,0.7512386422733803,20,1712916527316
716,-0.3515625,3.671875,-0.626953125,-1.0016515230311738,24,1712916527316
716,-0.47265625,3.70703125,-0.568359375,-1.0016515230311738,23,1712916527316
717,0.47265625,3.462890625,-1.4375,0.0,9,1712916527416
717,0.595703125,3.361328125,-1.708984375,0.0,15,1712916527416
717,0.72265625,3.4140625,-1.638671875,0.0,14,1712916527416
717,0.595703125,3.537109375,-1.3046875,0.25041288075779344,29,1712916527416
717,0.6015625,3.572265625,-1.3203125,0.25041288075779344,36,1712916527416
717,0.73046875,3.619140625,-1.236328125,0.25041288075779344,24,1712916527416
717,0.578125,3.654296875,-0.130859375,0.37561932113669017,22,1712916527416
717,0.701171875,3.669921875,-0.203125,0.37561932113669017,38,1712916527416
717,0.58984375,3.66015625,-0.734375,0.37561932113669017,40,1712916527416
717,0.71484375,3.57421875,-1.130859375,0.37561932113669017,77,1712916527416
717,0.72265625,3.623046875,-1.103515625,0.37561932113669017,98,1712916527416
717,0.73046875,3.650390625,-1.14453125,0.37561932113669017,63,1712916527416
717,0.693359375,3.634765625,0.123046875,0.5008257615155869,28,1712916527416
717,0.583984375,3.6796875,0.33984375,0.5008257615155869,43,1712916527416
717,0.47265625,3.6796875,-0.72265625,0.5008257615155869,65,1712916527416
717,0.595703125,3.703125,-0.70703125,0.5008257615155869,123,1712916527416
717,0.6015625,3.73046875,-0.767578125,0.5008257615155869,140,1712916527416
717,0.73046875,3.720703125,-0.888671875,0.5008257615155869,77,1712916527416
717,0.353515625,3.75390625,-0.24609375,0.6260322018944836,50,1712916527416
717,0.4765625,3.787109375,-0.0625,0.6260322018944836,76,1712916527416
717,0.84375,3.685546875,-0.75390625,0.6260322018944836,112,1712916527416
717,0.73046875,3.751953125,-0.74609375,0.6260322018944836,76,1712916527416
717,0.8359375,3.66796875,-0.646484375,0.7512386422733803,36,1712916527416
717,0.72265625,3.73828125,-0.609375,0.7512386422733803,65,1712916527416
717,0.609375,3.791015625,-0.654296875,0.7512386422733803,52,1712916527416
717,-0.826171875,3.16796875,1.888671875,0.0,5,1712916527416
717,-0.8359375,3.361328125,1.60546875,0.0,8,1712916527416
718,0.595703125,3.55859375,-1.248046875,0.0,24,1712916527517
718,0.72265625,3.501953125,-1.439453125,0.0,31,1712916527517
718,0.73046875,3.5546875,-1.4140625,0.0,20,1712916527517
718,0.71484375,3.57421875,-1.134765625,0.12520644037889672,41,1712916527517
718,0.72265625,3.57421875,-1.25390625,0.12520644037889672,65,1712916527517
718,0.609375,3.6328125,-1.263671875,0.12520644037889672,57,1712916527517
718,0.615234375,3.6953125,-1.197265625,0.12520644037889672,26,1712916527517
718,0.595703125,3.671875,-0.85546875,0.25041288075779344,50,1712916527517
718,0.72265625,3.666015625,-0.955078125,0.25041288075779344,78,1712916527517
718,0.609375,3.7421875,-0.890625,0.25041288075779344,63,1712916527517
718,0.615234375,3.818359375,-0.7109375,0.25041288075779344,25,1712916527517
718,0.58984375,3.708984375,-0.423828125,0.37561932113669017,31,1712916527517
718,0.595703125,3.697265625,-0.744140625,0.37561932113669017,89,1712916527517
718,0.6015625,3.720703125,-0.810546875,0.37561932113669017,145,1712916527517
718,0.609375,3.78515625,-0.681640625,0.37561932113669017,115,1712916527517
718,0.736328125,3.859375,0.166015625,0.37561932113669017,36,1712916527517
718,0.47265625,3.740234375,-0.279296875,0.5008257615155869,23,1712916527517
718,0.595703125,3.71484375,-0.64453125,0.5008257615155869,84,1712916527517
718,0.6015625,3.755859375,-0.625,0.5008257615155869,146,1712916527517
718,0.609375,3.826171875,-0.392578125,0.5008257615155869,100,1712916527517
718,1.10546875,3.12109375,-2.12109375,0.5008257615155869,65,1712916527517
718,0.869140625,3.58984375,-1.458984375,0.5008257615155869,67,1712916527517
718,0.595703125,3.685546875,-0.79296875,0.6260322018944836,22,1712916527517
718,0.6015625,3.76953125,-0.537109375,0.6260322018944836,45,1712916527517
718,0.8515625,3.634765625,-1.10546875,0.6260322018944836,40,1712916527517
718,0.859375,3.681640625,-1.078125,0.6260322018944836,77,1712916527517
718,0.744140625,3.80078125,-0.869140625,0.6260322018944836,72,1712916527517
718,0.626953125,3.88671875,-0.751953125,0.6260322018944836,25,1712916527517
718,0.736328125,3.810546875,-0.634765625,0.7512386422733803,19,1712916527517
718,-2.94921875,2.4453125,-0.88671875,0.25041288075779344,13,1712916527517
718,-0.369140625,3.720703125,1.21875,0.5008257615155869,42,1712916527517
718,-0.373046875,3.708984375,1.365234375,0.5008257615155869,38,1712916527517
718,-0.486328125,2.0625,3.267578125,0.6260322018944836,22,1712916527517
719,0.369140625,3.71484375,-1.234375,0.25041288075779344,20,1712916527617
719,0.49609375,3.76953125,-1.142578125,0.25041288075779344,25,1712916527617
719,0.595703125,3.76953125,-0.0703125,0.37561932113669017,40,1712916527617
719,0.6015625,3.80859375,-0.072265625,0.37561932113669017,49,1712916527617
719,0.8515625,3.794921875,0.193359375,0.37561932113669017,28,1712916527617
719,0.248046875,3.931640625,-0.486328125,0.37561932113669017,36,1712916527617
719,0.595703125,3.76953125,0.044921875,0.5008257615155869,53,1712916527617
719,0.6015625,3.80859375,0.064453125,0.5008257615155869,68,1712916527617
719,0.609375,3.724609375,-0.95703125,0.5008257615155869,62,1712916527617
719,0.615234375,3.765625,-0.94921875,0.5008257615155869,83,1712916527617
719,0.62109375,3.853515625,-0.73046875,0.5008257615155869,71,1712916527617
719,0.751953125,3.865234375,-0.755859375,0.5008257615155869,40,1712916527617
719,0.4765625,3.78125,0.23046875,0.6260322018944836,21,1712916527617
719,0.6015625,3.794921875,-0.314453125,0.6260322018944836,27,1712916527617
719,0.486328125,3.73828125,-0.978515625,0.6260322018944836,62,1712916527617
719,0.4921875,3.8203125,-0.791015625,0.6260322018944836,113,1712916527617
719,0.49609375,3.873046875,-0.72265625,0.6260322018944836,104,1712916527617
719,0.501953125,3.921875,-0.66015625,0.6260322018944836,59,1712916527617
719,0.6328125,3.9375,-0.6875,0.6260322018944836,30,1712916527617
719,0.365234375,3.84765625,-0.478515625,0.7512386422733803,26,1712916527617
719,0.369140625,3.880859375,-0.509765625,0.7512386422733803,48,1712916527617
719,0.373046875,3.919921875,-0.515625,0.7512386422733803,44,1712916527617
719,0.501953125,3.943359375,-0.509765625,0.7512386422733803,24,1712916527617
720,0.736328125,3.72265625,-1.02734375,0.25041288075779344,72,1712916527717
720,0.744140625,3.775390625,-0.974609375,0.25041288075779344,140,1712916527717
720,0.751953125,3.822265625,-0.94140625,0.25041288075779344,131,1712916527717
720,0.6328125,3.888671875,-0.921875,0.25041288075779344,61,1712916527717
720,0.609375,3.828125,-0.3671875,0.37561932113669017,31,1712916527717
720,0.859375,3.755859375,-0.78515625,0.37561932113669017,110,1712916527717
720,0.744140625,3.830078125,-0.736328125,0.37561932113669017,232,1712916527717
720,0.751953125,3.869140625,-0.73046875,0.37561932113669017,229,1712916527717
720,0.6328125,3.939453125,-0.673828125,0.37561932113669017,116,1712916527717
720,0.638671875,3.9921875,-0.580078125,0.37561932113669017,31,1712916527717
720,0.482421875,3.8125,0.32421875,0.5008257615155869,25,1712916527717
720,0.486328125,3.859375,-0.193359375,0.5008257615155869,44,1712916527717
720,0.4921875,3.892578125,-0.2734375,0.5008257615155869,69,1712916527717
720,0.62109375,3.884765625,-0.533203125,0.5008257615155869,120,1712916527717
720,0.626953125,3.91796875,-0.572265625,0.5008257615155869,130,1712916527717
720,0.6328125,3.96484375,-0.5078125,0.5008257615155869,68,1712916527717
720,0.4921875,3.869140625,-0.505859375,0.6260322018944836,38,1712916527717
720,0.49609375,3.8984375,-0.568359375,0.6260322018944836,40,1712916527717
720,0.375,3.919921875,-0.748046875,0.6260322018944836,29,1712916527717
720,-1.021484375,2.443359375,3.109375,0.37561932113669017,22,1712916527717
721,0.751953125,3.76171875,-1.166015625,0.12520644037889672,17,1712916527818
721,1.021484375,3.763671875,-1.21484375,0.12520644037889672,19,1712916527818
721,0.90234375,3.845703125,-1.1796875,0.12520644037889672,30,1712916527818
721,0.736328125,3.693359375,-1.130859375,0.25041288075779344,38,1712916527818
721,0.744140625,3.75390625,-1.0546875,0.25041288075779344,111,1712916527818
721,0.751953125,3.806640625,-1.00390625,0.25041288075779344,167,1712916527818
721,0.6328125,3.87890625,-0.9609375,0.25041288075779344,135,1712916527818
721,0.255859375,4.037109375,-0.568359375,0.25041288075779344,49,1712916527818
721,1.03125,3.869140625,-0.984375,0.25041288075779344,54,1712916527818
721,0.486328125,3.857421875,-0.216796875,0.37561932113669017,25,1712916527818
721,0.4921875,3.7734375,-0.990234375,0.37561932113669017,69,1712916527818
721,0.62109375,3.83203125,-0.828125,0.37561932113669017,213,1712916527818
721,0.626953125,3.880859375,-0.783203125,0.37561932113669017,315,1712916527818
721,0.6328125,3.912109375,-0.818359375,0.37561932113669017,276,1712916527818
721,0.509765625,3.962890625,-0.84765625,0.37561932113669017,153,1712916527818
721,0.38671875,4.017578125,-0.845703125,0.37561932113669017,60,1712916527818
721,0.4921875,3.794921875,-0.908203125,0.5008257615155869,41,1712916527818
721,0.62109375,3.873046875,-0.62109375,0.5008257615155869,138,1712916527818
721,0.501953125,3.94140625,-0.53125,0.5008257615155869,202,1712916527818
721,0.505859375,3.974609375,-0.56640625,0.5008257615155869,181,1712916527818
721,0.509765625,3.998046875,-0.6640625,0.5008257615155869,123,1712916527818
721,0.515625,4.01953125,-0.759765625,0.5008257615155869,64,1712916527818
721,0.49609375,3.892578125,-0.607421875,0.6260322018944836,24,1712916527818
721,0.501953125,3.955078125,-0.423828125,0.6260322018944836,38,1712916527818
721,0.6328125,3.951171875,-0.6015625,0.6260322018944836,44,1712916527818
721,0.638671875,3.9765625,-0.681640625,0.6260322018944836,39,1712916527818
721,0.64453125,3.9921875,-0.802734375,0.6260322018944836,22,1712916527818
721,0.62109375,3.736328125,-1.193359375,0.876445082652277,18,1712916527818
721,0.626953125,3.8046875,-1.091796875,0.876445082652277,20,1712916527818
721,-1.1484375,2.712890625,2.830078125,0.25041288075779344,25,1712916527818
722,0.626953125,3.6640625,-1.498046875,0.25041288075779344,21,1712916527918
722,0.505859375,3.732421875,-1.478515625,0.25041288075779344,45,1712916527918
722,0.3828125,3.8671875,-1.259765625,0.25041288075779344,63,1712916527918
722,0.2578125,3.994140625,-0.986328125,0.25041288075779344,50,1712916527918
722,0.615234375,3.87109375,-0.306640625,0.37561932113669017,28,1712916527918
722,0.62109375,3.890625,-0.48828125,0.37561932113669017,50,1712916527918
722,0.501953125,3.92578125,-0.638671875,0.37561932113669017,52,1712916527918
722,0.251953125,3.888671875,-1.087890625,0.37561932113669017,51,1712916527918
722,0.3828125,3.908203125,-1.12890625,0.37561932113669017,88,1712916527918
722,0.64453125,3.869140625,-1.271484375,0.37561932113669017,96,1712916527918
722,0.650390625,3.943359375,-1.162109375,0.37561932113669017,58,1712916527918
722,0.615234375,3.8828125,-0.06640625,0.5008257615155869,32,1712916527918
722,0.62109375,3.919921875,-0.140625,0.5008257615155869,54,1712916527918
722,0.626953125,3.951171875,-0.25390625,0.5008257615155869,55,1712916527918
722,0.126953125,4.029296875,-0.353515625,0.5008257615155869,15,1712916527918
722,0.89453125,3.76953125,-1.298828125,0.5008257615155869,62,1712916527918
722,0.7734375,3.923828125,-1.005859375,0.5008257615155869,81,1712916527918
722,0.650390625,4.0078125,-0.908203125,0.5008257615155869,52,1712916527918
722,0.501953125,3.970703125,-0.228515625,0.6260322018944836,20,1712916527918
722,0.6328125,3.984375,-0.30859375,0.6260322018944836,23,1712916527918
722,0.6328125,3.8984375,-0.884765625,0.876445082652277,23,1712916527918
722,0.638671875,3.94921875,-0.828125,0.876445082652277,26,1712916527918
722,-1.001953125,2.548828125,2.927734375,0.25041288075779344,13,1712916527918
722,-1.138671875,2.69921875,2.791015625,0.25041288075779344,24,1712916527918
722,-0.876953125,2.3203125,3.1484375,0.37561932113669017,29,1712916527918
722,-1.138671875,2.41796875,3.037109375,0.37561932113669017,36,1712916527918
722,-1.27734375,2.546875,2.927734375,0.37561932113669017,47,1712916527918
722,-1.138671875,1.953125,3.357421875,0.5008257615155869,15,1712916527918
723,0.638671875,3.55078125,-1.9140625,0.0,10,1712916528018
723,0.64453125,3.755859375,-1.572265625,0.0,15,1712916528018
723,0.779296875,3.73828125,-1.65234375,0.0,14,1712916528018
723,-2.482421875,0.0,-0.287109375,0.12520644037889672,16,1712916528018
723,0.64453125,3.927734375,-1.078125,0.12520644037889672,27,1712916528018
723,0.650390625,3.912109375,-1.2578125,0.12520644037889672,26,1712916528018
723,0.509765625,3.96875,-0.818359375,0.25041288075779344,40,1712916528018
723,0.515625,4.001953125,-0.84375,0.25041288075779344,69,1712916528018
723,0.650390625,4.0,-0.9453125,0.25041288075779344,64,1712916528018
723,0.787109375,3.974609375,-1.103515625,0.25041288075779344,33,1712916528018
723,0.744140625,3.89453125,-0.1953125,0.37561932113669017,34,1712916528018
723,0.626953125,3.951171875,-0.265625,0.37561932113669017,50,1712916528018
723,0.6328125,3.890625,-0.916015625,0.37561932113669017,54,1712916528018
723,0.509765625,3.92578125,-1.00390625,0.37561932113669017,60,1712916528018
723,0.0,3.1484375,-2.662109375,0.37561932113669017,28,1712916528018
723,1.041015625,3.89453125,-1.033203125,0.37561932113669017,60,1712916528018
723,0.787109375,4.0078125,-0.974609375,0.37561932113669017,49,1712916528018
723,0.62109375,3.921875,0.0546875,0.5008257615155869,39,1712916528018
723,0.626953125,3.95703125,-0.15234375,0.5008257615155869,62,1712916528018
723,0.6328125,3.916015625,-0.798828125,0.5008257615155869,75,1712916528018
723,0.509765625,3.9921875,-0.703125,0.5008257615155869,94,1712916528018
723,0.515625,4.044921875,-0.611328125,0.5008257615155869,80,1712916528018
723,0.779296875,4.041015625,-0.611328125,0.5008257615155869,80,1712916528018
723,0.787109375,4.0703125,-0.669921875,0.5008257615155869,52,1712916528018
723,0.6328125,3.962890625,-0.517578125,0.6260322018944836,32,1712916528018
723,0.509765625,4.021484375,-0.498046875,0.6260322018944836,42,1712916528018
723,0.515625,4.0625,-0.486328125,0.6260322018944836,34,1712916528018
723,0.64453125,3.9921875,-0.80078125,0.7512386422733803,21,1712916528018
723,0.650390625,4.0234375,-0.837890625,0.7512386422733803,23,1712916528018
723,1.2890625,3.916015625,0.013671875,0.37561932113669017,28,1712916528018
724,0.650390625,3.69921875,-1.7890625,0.0,12,1712916528119
724,0.90234375,3.888671875,-1.029296875,0.12520644037889672,18,1712916528119
724,0.91015625,3.91796875,-1.064453125,0.12520644037889672,31,1712916528119
724,0.91796875,3.890625,-1.28515625,0.12520644037889672,21,1712916528119
724,0.765625,3.951171875,-0.693359375,0.25041288075779344,20,1712916528119
724,1.03125,3.880859375,-0.939453125,0.25041288075779344,48,1712916528119
724,0.91015625,3.9296875,-1.021484375,0.25041288075779344,81,1712916528119
724,0.91796875,3.95703125,-1.06640625,0.25041288075779344,68,1712916528119
724,0.662109375,4.05078125,-1.05078125,0.25041288075779344,24,1712916528119
724,0.7578125,3.966796875,-0.23828125,0.37561932113669017,44,1712916528119
724,0.765625,3.912109375,-0.892578125,0.37561932113669017,69,1712916528119
724,0.90234375,3.890625,-1.025390625,0.37561932113669017,119,1712916528119
724,0.779296875,4.009765625,-0.796875,0.37561932113669017,131,1712916528119
724,0.787109375,4.072265625,-0.66015625,0.37561932113669017,86,1712916528119
724,0.662109375,4.115234375,-0.76171875,0.37561932113669017,35,1712916528119
724,0.7578125,3.9296875,-0.599609375,0.5008257615155869,57,1712916528119
724,0.765625,3.908203125,-0.91015625,0.5008257615155869,164,1712916528119
724,0.64453125,3.990234375,-0.814453125,0.5008257615155869,285,1712916528119
724,0.650390625,4.044921875,-0.7265625,0.5008257615155869,257,1712916528119
724,0.65625,4.107421875,-0.58203125,0.5008257615155869,109,1712916528119
724,0.6328125,3.91015625,-0.826171875,0.6260322018944836,30,1712916528119
724,0.638671875,3.98046875,-0.654296875,0.6260322018944836,121,1712916528119
724,0.64453125,4.029296875,-0.5859375,0.6260322018944836,218,1712916528119
724,0.51953125,4.099609375,-0.490234375,0.6260322018944836,182,1712916528119
724,0.65625,4.12890625,-0.390625,0.6260322018944836,70,1712916528119
724,0.64453125,4.052734375,-0.40625,0.7512386422733803,33,1712916528119
724,0.51953125,4.123046875,-0.212890625,0.7512386422733803,24,1712916528119
724,-0.91015625,3.62890625,1.82421875,0.0,8,1712916528119
725,0.51953125,3.84765625,-1.498046875,0.0,17,1712916528219
725,0.65625,3.765625,-1.736328125,0.0,20,1712916528219
725,0.662109375,3.8125,-1.7265625,0.0,13,1712916528219
725,0.51953125,3.916015625,-1.3046875,0.12520644037889672,21,1712916528219
725,0.65625,3.91015625,-1.3828125,0.12520644037889672,25,1712916528219
725,0.638671875,4.025390625,-0.287109375,0.25041288075779344,32,1712916528219
725,0.64453125,3.978515625,-0.865234375,0.25041288075779344,82,1712916528219
725,0.650390625,3.9609375,-1.09765625,0.25041288075779344,158,1712916528219
725,0.525390625,3.9921875,-1.19140625,0.25041288075779344,165,1712916528219
725,0.529296875,4.021484375,-1.2265625,0.25041288075779344,99,1712916528219
725,0.53515625,4.087890625,-1.1328125,0.25041288075779344,38,1712916528219
725,0.6328125,3.99609375,-0.08984375,0.37561932113669017,32,1712916528219
725,0.638671875,4.03125,-0.140625,0.37561932113669017,57,1712916528219
725,0.64453125,4.0078125,-0.72265625,0.37561932113669017,165,1712916528219
725,0.51953125,4.037109375,-0.865234375,0.37561932113669017,367,1712916528219
725,0.525390625,4.052734375,-0.96484375,0.37561932113669017,396,1712916528219
725,0.529296875,4.0859375,-0.994140625,0.37561932113669017,244,1712916528219
725,0.53515625,4.13671875,-0.943359375,0.37561932113669017,107,1712916528219
725,0.509765625,4.05078125,0.154296875,0.5008257615155869,30,1712916528219
725,0.64453125,4.02734375,-0.607421875,0.5008257615155869,125,1712916528219
725,0.650390625,4.048828125,-0.708984375,0.5008257615155869,309,1712916528219
725,0.65625,4.076171875,-0.763671875,0.5008257615155869,335,1712916528219
725,0.662109375,4.11328125,-0.775390625,0.5008257615155869,193,1712916528219
725,0.66796875,4.158203125,-0.736328125,0.5008257615155869,88,1712916528219
725,0.64453125,4.05859375,-0.330078125,0.6260322018944836,30,1712916528219
725,0.650390625,4.087890625,-0.4296875,0.6260322018944836,78,1712916528219
725,0.65625,4.130859375,-0.3828125,0.6260322018944836,84,1712916528219
725,0.662109375,4.162109375,-0.439453125,0.6260322018944836,42,1712916528219
725,-2.251953125,0.0,-0.392578125,-0.12520644037889672,16,1712916528219
725,-1.203125,2.767578125,3.029296875,0.25041288075779344,20,1712916528219
726,0.525390625,3.931640625,-1.376953125,0.0,12,1712916528320
726,0.65625,3.884765625,-1.453125,0.12520644037889672,22,1712916528320
726,0.662109375,4.009765625,-1.203125,0.12520644037889672,33,1712916528320
726,0.66796875,4.087890625,-1.064453125,0.12520644037889672,24,1712916528320
726,0.650390625,3.912109375,-1.26171875,0.25041288075779344,42,1712916528320
726,0.65625,4.0234375,-1.005859375,0.25041288075779344,89,1712916528320
726,0.662109375,4.12109375,-0.728515625,0.25041288075779344,98,1712916528320
726,0.66796875,4.201171875,-0.42578125,0.25041288075779344,57,1712916528320
726,0.650390625,3.99609375,-0.95703125,0.37561932113669017,42,1712916528320
726,0.525390625,4.1171875,-0.638671875,0.37561932113669017,87,1712916528320
726,0.529296875,4.1953125,-0.263671875,0.37561932113669017,92,1712916528320
726,0.66796875,4.22265625,-0.06640625,0.37561932113669017,53,1712916528320
726,0.525390625,4.14453125,-0.419921875,0.5008257615155869,27,1712916528320
726,0.529296875,4.205078125,0.03125,0.5008257615155869,27,1712916528320
727,0.91796875,3.869140625,-1.349609375,0.0,35,1712916528420
727,0.927734375,3.90625,-1.357421875,0.0,64,1712916528420
727,0.80078125,3.98828125,-1.318359375,0.0,66,1712916528420
727,0.80859375,4.03515625,-1.291015625,0.0,46,1712916528420
727,0.544921875,4.1328125,-1.251953125,0.0,22,1712916528420
727,0.787109375,3.98828125,-1.052734375,0.12520644037889672,92,1712916528420
727,0.794921875,4.029296875,-1.044921875,0.12520644037889672,164,1712916528420
727,0.80078125,4.068359375,-1.041015625,0.12520644037889672,151,1712916528420
727,0.673828125,4.13671875,-1.01953125,0.12520644037889672,87,1712916528420
727,0.6796875,4.189453125,-0.96484375,0.12520644037889672,38,1712916528420
727,0.64453125,4.0703125,-0.1328125,0.25041288075779344,23,1712916528420
727,0.650390625,4.076171875,-0.525390625,0.25041288075779344,31,1712916528420
727,0.787109375,4.044921875,-0.80859375,0.25041288075779344,103,1712916528420
727,0.794921875,4.087890625,-0.78125,0.25041288075779344,172,1712916528420
727,0.66796875,4.16015625,-0.724609375,0.25041288075779344,136,1712916528420
727,0.673828125,4.205078125,-0.689453125,0.25041288075779344,58,1712916528420
727,0.64453125,4.072265625,0.03125,0.37561932113669017,22,1712916528420
727,0.650390625,4.109375,-0.087890625,0.37561932113669017,29,1712916528420
727,0.65625,4.1171875,-0.5,0.37561932113669017,41,1712916528420
727,0.662109375,4.140625,-0.61328125,0.37561932113669017,54,1712916528420
727,0.53515625,4.21484375,-0.48046875,0.37561932113669017,31,1712916528420
727,0.66796875,4.103515625,-0.994140625,0.7512386422733803,17,1712916528420
728,0.525390625,4.03515625,-1.037109375,0.0,19,1712916528521
728,0.529296875,4.041015625,-1.162109375,0.0,18,1712916528521
728,0.66796875,4.056640625,-1.17578125,0.0,28,1712916528521
728,0.673828125,4.0625,-1.287109375,0.0,41,1712916528521
728,0.544921875,4.123046875,-1.28515625,0.0,31,1712916528521
728,0.80078125,4.0703125,-1.03515625,0.12520644037889672,61,1712916528521
728,0.673828125,4.1171875,-1.095703125,0.12520644037889672,105,1712916528521
728,0.6796875,4.158203125,-1.091796875,0.12520644037889672,85,1712916528521
728,0.779296875,4.08203125,0.203125,0.25041288075779344,27,1712916528521
728,0.91796875,4.0546875,0.5859375,0.25041288075779344,29,1712916528521
728,1.05859375,4.103515625,0.037109375,0.25041288075779344,34,1712916528521
728,0.935546875,4.078125,-0.876953125,0.25041288075779344,98,1712916528521
728,0.80859375,4.115234375,-1.0078125,0.25041288075779344,162,1712916528521
728,0.81640625,4.142578125,-1.052734375,0.25041288075779344,128,1712916528521
728,0.65625,4.125,0.44140625,0.37561932113669017,27,1712916528521
728,0.927734375,4.1328125,-0.13671875,0.37561932113669017,35,1712916528521
728,0.935546875,4.103515625,-0.75,0.37561932113669017,87,1712916528521
728,0.80859375,4.15234375,-0.84375,0.37561932113669017,138,1712916528521
728,0.81640625,4.18359375,-0.87890625,0.37561932113669017,112,1712916528521
728,0.80078125,4.126953125,-0.779296875,0.5008257615155869,27,1712916528521
728,0.80859375,4.166015625,-0.779296875,0.5008257615155869,41,1712916528521
728,0.81640625,4.208984375,-0.748046875,0.5008257615155869,32,1712916528521
729,0.65625,3.96484375,-1.21875,0.0,31,1712916528621
729,0.662109375,4.009765625,-1.19921875,0.0,70,1712916528621
729,0.80078125,4.04296875,-1.134765625,0.0,92,1712916528621
729,0.673828125,4.09375,-1.18359375,0.0,79,1712916528621
729,0.81640625,4.111328125,-1.173828125,0.0,58,1712916528621
729,0.65625,4.078125,-0.76171875,0.12520644037889672,73,1712916528621
729,0.794921875,4.0859375,-0.794921875,0.12520644037889672,151,1712916528621
729,0.80078125,4.12109375,-0.810546875,0.12520644037889672,194,1712916528621
729,0.80859375,4.154296875,-0.83203125,0.12520644037889672,169,1712916528621
729,0.6796875,4.2109375,-0.865234375,0.12520644037889672,115,1712916528621
729,0.65625,4.138671875,-0.2734375,0.25041288075779344,67,1712916528621
729,0.662109375,4.166015625,-0.396484375,0.25041288075779344,122,1712916528621
729,0.66796875,4.193359375,-0.498046875,0.25041288075779344,149,1712916528621
729,0.673828125,4.228515625,-0.521484375,0.25041288075779344,126,1712916528621
729,0.6796875,4.265625,-0.5234375,0.25041288075779344,76,1712916528621
729,0.525390625,4.1640625,0.1328125,0.37561932113669017,26,1712916528621
729,0.529296875,4.197265625,-0.2265625,0.37561932113669017,42,1712916528621
729,0.53515625,4.216796875,-0.45703125,0.37561932113669017,46,1712916528621
729,0.673828125,4.240234375,-0.41796875,0.37561932113669017,37,1712916528621
730,0.65625,4.1171875,-0.5,0.0,17,1712916528721
730,0.529296875,4.173828125,-0.50390625,0.0,17,1712916528721
730,0.935546875,4.0625,-0.953125,0.0,35,1712916528721
730,0.80859375,4.142578125,-0.890625,0.0,87,1712916528721
730,0.951171875,4.125,-1.009765625,0.0,97,1712916528721
730,0.525390625,4.1640625,-0.1328125,0.12520644037889672,37,1712916528721
730,0.529296875,4.205078125,0.0390625,0.12520644037889672,34,1712916528721
730,0.80078125,4.10546875,-0.884765625,0.12520644037889672,75,1712916528721
730,0.80859375,4.181640625,-0.681640625,0.12520644037889672,176,1712916528721
730,0.81640625,4.21484375,-0.7109375,0.12520644037889672,191,1712916528721
730,0.525390625,4.158203125,0.259765625,0.25041288075779344,29,1712916528721
730,0.66796875,4.08203125,-1.083984375,0.25041288075779344,60,1712916528721
730,0.80859375,4.1875,-0.6484375,0.25041288075779344,120,1712916528721
730,0.6796875,4.2734375,-0.466796875,0.25041288075779344,112,1712916528721
730,0.53515625,4.1015625,-1.080078125,0.37561932113669017,37,1712916528721
730,0.5390625,4.154296875,-1.02734375,0.37561932113669017,36,1712916528721
730,0.400390625,4.2265625,-0.50390625,0.5008257615155869,18,1712916528721
731,0.65625,4.03125,-0.9765625,0.0,14,1712916528821
731,0.794921875,4.0546875,-0.9375,0.0,37,1712916528821
731,0.80078125,4.076171875,-1.01171875,0.0,60,1712916528821
731,0.673828125,4.119140625,-1.087890625,0.0,76,1712916528821
731,0.6796875,4.13671875,-1.166015625,0.0,74,1712916528821
731,0.65625,4.099609375,-0.626953125,0.12520644037889672,28,1712916528821
731,0.662109375,4.130859375,-0.67578125,0.12520644037889672,69,1712916528821
731,0.80078125,4.123046875,-0.796875,0.12520644037889672,109,1712916528821
731,0.673828125,4.171875,-0.869140625,0.12520644037889672,136,1712916528821
731,0.81640625,4.15625,-1.001953125,0.12520644037889672,141,1712916528821
731,0.662109375,4.166015625,-0.404296875,0.25041288075779344,38,1712916528821
731,0.66796875,4.193359375,-0.50390625,0.25041288075779344,60,1712916528821
731,0.673828125,4.21484375,-0.62109375,0.25041288075779344,76,1712916528821
731,0.81640625,4.208984375,-0.7421875,0.25041288075779344,76,1712916528821
732,0.662109375,4.029296875,-1.134765625,0.0,21,1712916528922
732,0.66796875,4.0859375,-1.0703125,0.0,30,1712916528922
732,0.544921875,4.15234375,-1.18359375,0.0,29,1712916528922
732,0.662109375,4.091796875,-0.87890625,0.12520644037889672,42,1712916528922
732,0.66796875,4.13671875,-0.845703125,0.12520644037889672,61,1712916528922
732,0.6796875,4.1796875,-1.005859375,0.12520644037889672,49,1712916528922
732,0.53515625,4.21875,-0.44140625,0.25041288075779344,25,1712916528922
732,0.544921875,4.267578125,-0.662109375,0.25041288075779344,35,1712916528922
732,0.53515625,4.115234375,-1.02734375,-0.12520644037889672,20,1712916528922
732,0.5390625,4.119140625,-1.162109375,-0.12520644037889672,25,1712916528922
732,0.544921875,4.130859375,-1.255859375,-0.12520644037889672,17,1712916528922
733,0.662109375,4.009765625,-1.203125,0.0,33,1712916529022
733,0.66796875,4.068359375,-1.13671875,0.0,55,1712916529022
733,0.673828125,4.115234375,-1.107421875,0.0,36,1712916529022
733,0.662109375,4.076171875,-0.94921875,0.12520644037889672,66,1712916529022
733,0.53515625,4.146484375,-0.89453125,0.12520644037889672,106,1712916529022
733,0.673828125,4.177734375,-0.833984375,0.12520644037889672,66,1712916529022
733,0.6796875,4.19140625,-0.955078125,0.12520644037889672,21,1712916529022
733,0.662109375,4.125,-0.705078125,0.25041288075779344,31,1712916529022
733,0.53515625,4.193359375,-0.640625,0.25041288075779344,49,1712916529022
733,0.5390625,4.23828125,-0.591796875,0.25041288075779344,29,1712916529022
733,0.80078125,4.099609375,-0.91015625,0.12520644037889672,106,1712916529022
734,0.662109375,3.994140625,-1.251953125,0.0,18,1712916529123
734,0.53515625,4.03125,-1.322265625,0.0,27,1712916529123
734,0.5390625,4.232421875,-0.634765625,0.0,21,1712916529123
734,0.6796875,4.177734375,-1.01171875,0.0,30,1712916529123
734,0.662109375,4.072265625,-0.96484375,0.12520644037889672,38,1712916529123
734,0.66796875,4.10546875,-0.98828125,0.12520644037889672,68,1712916529123
734,0.5390625,4.232421875,-0.642578125,0.12520644037889672,46,1712916529123
734,0.544921875,4.28515625,-0.52734375,0.12520644037889672,27,1712916529123
734,0.662109375,4.11328125,-0.771484375,0.25041288075779344,32,1712916529123
734,0.53515625,4.166015625,-0.80078125,0.25041288075779344,66,1712916529123
734,0.5390625,4.203125,-0.8046875,0.25041288075779344,56,1712916529123
734,0.53515625,4.208984375,-0.525390625,0.37561932113669017,20,1712916529123
734,0.5390625,4.251953125,-0.484375,0.37561932113669017,24,1712916529123
734,0.6796875,4.169921875,-1.046875,-0.37561932113669017,20,1712916529123
734,0.81640625,4.181640625,-0.888671875,-0.25041288075779344,25,1712916529123
734,0.6796875,4.25390625,-0.619140625,-0.12520644037889672,21,1712916529123
735,0.66796875,4.14453125,-0.8125,0.0,21,1712916529223
735,0.673828125,4.162109375,-0.9140625,0.0,38,1712916529223
735,0.544921875,4.2109375,-0.95703125,0.0,35,1712916529223
735,0.53515625,4.16796875,-0.791015625,0.12520644037889672,45,1712916529223
735,0.673828125,4.185546875,-0.796875,0.12520644037889672,93,1712916529223
735,0.544921875,4.26171875,-0.697265625,0.12520644037889672,88,1712916529223
735,0.53515625,4.203125,-0.568359375,0.25041288075779344,19,1712916529223
735,0.5390625,4.25390625,-0.48046875,0.25041288075779344,37,1712916529223
735,0.544921875,4.2890625,-0.501953125,0.25041288075779344,34,1712916529223
735,0.673828125,3.978515625,-1.52734375,-0.25041288075779344,21,1712916529223
735,0.66796875,4.03125,-1.259765625,-0.12520644037889672,23,1712916529223
735,0.80859375,4.029296875,-1.314453125,-0.12520644037889672,39,1712916529223
735,0.6796875,4.111328125,-1.255859375,-0.12520644037889672,33,1712916529223
736,0.404296875,4.111328125,-1.244140625,0.0,29,1712916529323
736,0.544921875,4.146484375,-1.20703125,0.0,47,1712916529323
736,0.53515625,4.140625,-0.923828125,0.12520644037889672,30,1712916529323
736,0.5390625,4.171875,-0.958984375,0.12520644037889672,86,1712916529323
736,0.408203125,4.240234375,-0.892578125,0.12520644037889672,113,1712916529323
736,0.404296875,4.23828125,-0.701171875,0.25041288075779344,35,1712916529323
736,0.408203125,4.283203125,-0.650390625,0.25041288075779344,48,1712916529323
736,0.66796875,4.005859375,-1.33984375,-0.12520644037889672,24,1712916529323
736,0.5390625,4.08984375,-1.259765625,-0.12520644037889672,42,1712916529323
736,0.544921875,4.130859375,-1.255859375,-0.12520644037889672,39,1712916529323
737,0.66796875,4.12890625,-0.890625,0.0,21,1712916529424
737,0.5390625,4.185546875,-0.8984375,0.0,25,1712916529424
737,0.544921875,4.228515625,-0.875,0.0,16,1712916529424
737,0.66796875,4.142578125,-0.81640625,0.12520644037889672,20,1712916529424
737,0.673828125,4.130859375,-1.044921875,0.12520644037889672,26,1712916529424
737,0.6796875,4.240234375,-0.703125,0.12520644037889672,22,1712916529424
737,0.673828125,4.12109375,-1.080078125,-0.12520644037889672,21,1712916529424
738,0.662109375,3.958984375,-1.361328125,0.0,18,1712916529524
738,0.53515625,4.1015625,-1.083984375,0.0,43,1712916529524
738,0.673828125,4.095703125,-1.17578125,0.0,46,1712916529524
738,0.544921875,4.099609375,-1.35546875,0.0,19,1712916529524
738,0.6796875,4.228515625,-0.77734375,0.12520644037889672,19,1712916529524
738,0.66796875,3.912109375,-1.58984375,-0.25041288075779344,37,1712916529524
738,0.673828125,3.955078125,-1.583984375,-0.25041288075779344,36,1712916529524
738,0.662109375,3.919921875,-1.46484375,-0.12520644037889672,32,1712916529524
738,0.66796875,3.99609375,-1.3671875,-0.12520644037889672,77,1712916529524
738,0.673828125,4.013671875,-1.431640625,-0.12520644037889672,76,1712916529524
738,0.6796875,3.998046875,-1.580078125,-0.12520644037889672,34,1712916529524
739,0.529296875,4.193359375,-0.294921875,0.0,31,1712916529624
739,0.53515625,4.23046875,-0.314453125,0.0,65,1712916529624
739,0.5390625,4.267578125,-0.328125,0.0,73,1712916529624
739,0.408203125,4.31640625,-0.373046875,0.0,56,1712916529624
739,0.53515625,4.236328125,-0.2109375,-0.5008257615155869,23,1712916529624
739,0.529296875,4.201171875,-0.146484375,-0.37561932113669017,26,1712916529624
739,0.53515625,4.23828125,-0.185546875,-0.37561932113669017,35,1712916529624
739,0.5390625,4.279296875,-0.091796875,-0.37561932113669017,21,1712916529624
739,0.529296875,4.146484375,-0.697265625,-0.25041288075779344,39,1712916529624
739,0.53515625,4.18359375,-0.70703125,-0.25041288075779344,75,1712916529624
739,0.5390625,4.21484375,-0.7421875,-0.25041288075779344,81,1712916529624
739,0.544921875,4.232421875,-0.859375,-0.25041288075779344,53,1712916529624
739,0.529296875,4.146484375,-0.701171875,-0.12520644037889672,58,1712916529624
739,0.53515625,4.197265625,-0.62109375,-0.12520644037889672,122,1712916529624
739,0.5390625,4.2421875,-0.572265625,-0.12520644037889672,140,1712916529624
739,0.544921875,4.2734375,-0.619140625,-0.12520644037889672,105,1712916529624
740,0.662109375,4.1328125,-0.6640625,0.0,33,1712916529725
740,0.66796875,4.16796875,-0.67578125,0.0,51,1712916529725
740,0.673828125,4.197265625,-0.732421875,0.0,49,1712916529725
740,0.81640625,4.201171875,-0.79296875,0.0,44,1712916529725
740,0.51953125,4.12109375,-0.23828125,-0.6260322018944836,27,1712916529725
740,0.65625,4.134765625,-0.3203125,-0.6260322018944836,57,1712916529725
740,0.529296875,4.1875,-0.376953125,-0.6260322018944836,56,1712916529725
740,0.66796875,4.1953125,-0.48828125,-0.6260322018944836,25,1712916529725
740,0.51953125,4.126953125,-0.123046875,-0.5008257615155869,38,1712916529725
740,0.65625,4.146484375,-0.099609375,-0.5008257615155869,84,1712916529725
740,0.529296875,4.203125,-0.10546875,-0.5008257615155869,83,1712916529725
740,0.53515625,4.2421875,-0.0703125,-0.5008257615155869,32,1712916529725
740,0.51953125,4.12890625,0.033203125,-0.37561932113669017,20,1712916529725
740,0.525390625,4.1640625,0.119140625,-0.37561932113669017,41,1712916529725
740,0.529296875,4.203125,0.072265625,-0.37561932113669017,35,1712916529725
740,0.53515625,4.19140625,-0.654296875,-0.37561932113669017,52,1712916529725
740,0.5390625,4.212890625,-0.755859375,-0.37561932113669017,86,1712916529725
740,0.408203125,4.248046875,-0.857421875,-0.37561932113669017,64,1712916529725
740,0.529296875,4.134765625,-0.765625,-0.25041288075779344,62,1712916529725
740,0.53515625,4.193359375,-0.64453125,-0.25041288075779344,143,1712916529725
740,0.5390625,4.234375,-0.62109375,-0.25041288075779344,181,1712916529725
740,0.6796875,4.25390625,-0.61328125,-0.25041288075779344,132,1712916529725
740,0.662109375,4.11328125,-0.7734375,-0.12520644037889672,71,1712916529725
740,0.53515625,4.189453125,-0.671875,-0.12520644037889672,134,1712916529725
740,0.673828125,4.220703125,-0.587890625,-0.12520644037889672,153,1712916529725
740,0.6796875,4.25,-0.64453125,-0.12520644037889672,116,1712916529725
741,0.53515625,4.2109375,-0.5078125,0.0,30,1712916529825
741,0.5390625,4.2421875,-0.568359375,0.0,36,1712916529825
741,0.271484375,4.3125,-0.5234375,0.0,19,1712916529825
741,0.650390625,4.095703125,-0.333984375,-0.6260322018944836,31,1712916529825
741,0.525390625,4.138671875,-0.484375,-0.6260322018944836,31,1712916529825
741,0.529296875,4.1328125,-0.775390625,-0.6260322018944836,25,1712916529825
741,0.53515625,4.146484375,-0.896484375,-0.6260322018944836,21,1712916529825
741,0.515625,4.087890625,0.126953125,-0.5008257615155869,30,1712916529825
741,0.650390625,4.107421875,-0.12109375,-0.5008257615155869,49,1712916529825
741,0.525390625,4.13671875,-0.50390625,-0.5008257615155869,57,1712916529825
741,0.529296875,4.119140625,-0.83984375,-0.5008257615155869,84,1712916529825
741,0.53515625,4.154296875,-0.86328125,-0.5008257615155869,99,1712916529825
741,0.5390625,4.201171875,-0.814453125,-0.5008257615155869,70,1712916529825
741,0.390625,4.13671875,0.234375,-0.37561932113669017,17,1712916529825
741,0.525390625,4.095703125,-0.765625,-0.37561932113669017,40,1712916529825
741,0.662109375,4.109375,-0.7890625,-0.37561932113669017,101,1712916529825
741,0.53515625,4.19921875,-0.59765625,-0.37561932113669017,121,1712916529825
741,0.5390625,4.265625,-0.353515625,-0.37561932113669017,67,1712916529825
741,0.525390625,4.064453125,-0.916015625,-0.25041288075779344,34,1712916529825
741,0.662109375,4.095703125,-0.865234375,-0.25041288075779344,92,1712916529825
741,0.66796875,4.12890625,-0.88671875,-0.25041288075779344,137,1712916529825
741,0.80859375,4.107421875,-1.0390625,-0.25041288075779344,119,1712916529825
741,0.6796875,4.16796875,-1.048828125,-0.25041288075779344,70,1712916529825
741,0.662109375,4.109375,-0.791015625,-0.12520644037889672,54,1712916529825
741,0.66796875,4.146484375,-0.80078125,-0.12520644037889672,107,1712916529825
741,0.5390625,4.212890625,-0.759765625,-0.12520644037889672,114,1712916529825
741,0.544921875,4.25,-0.763671875,-0.12520644037889672,65,1712916529825
742,0.638671875,3.984375,-0.634765625,-0.7512386422733803,23,1712916529926
742,0.64453125,4.017578125,-0.6640625,-0.7512386422733803,37,1712916529926
742,0.650390625,4.037109375,-0.765625,-0.7512386422733803,44,1712916529926
742,0.65625,4.072265625,-0.791015625,-0.7512386422733803,43,1712916529926
742,0.529296875,4.15625,-0.6328125,-0.7512386422733803,30,1712916529926
742,0.6328125,3.994140625,-0.166015625,-0.6260322018944836,26,1712916529926
742,0.638671875,4.02734375,-0.248046875,-0.6260322018944836,75,1712916529926
742,0.515625,4.076171875,-0.337890625,-0.6260322018944836,110,1712916529926
742,0.51953125,4.087890625,-0.57421875,-0.6260322018944836,122,1712916529926
742,0.525390625,4.1015625,-0.736328125,-0.6260322018944836,128,1712916529926
742,0.662109375,4.111328125,-0.787109375,-0.6260322018944836,100,1712916529926
742,0.66796875,4.193359375,-0.5,-0.6260322018944836,41,1712916529926
742,0.6328125,3.98828125,0.259765625,-0.5008257615155869,24,1712916529926
742,0.638671875,4.033203125,0.06640625,-0.5008257615155869,68,1712916529926
742,0.515625,4.08984375,-0.072265625,-0.5008257615155869,93,1712916529926
742,0.51953125,4.099609375,-0.494140625,-0.5008257615155869,110,1712916529926
742,0.525390625,4.099609375,-0.744140625,-0.5008257615155869,161,1712916529926
742,0.662109375,4.111328125,-0.78515625,-0.5008257615155869,151,1712916529926
742,0.53515625,4.1796875,-0.720703125,-0.5008257615155869,54,1712916529926
742,0.5390625,4.08984375,-1.263671875,-0.5008257615155869,66,1712916529926
742,0.6796875,4.150390625,-1.1171875,-0.5008257615155869,79,1712916529926
742,0.650390625,4.04296875,-0.73828125,-0.37561932113669017,42,1712916529926
742,0.65625,4.072265625,-0.79296875,-0.37561932113669017,94,1712916529926
742,0.662109375,4.11328125,-0.7734375,-0.37561932113669017,104,1712916529926
742,0.66796875,4.0703125,-1.12890625,-0.37561932113669017,49,1712916529926
742,0.80859375,4.107421875,-1.044921875,-0.37561932113669017,86,1712916529926
742,0.81640625,4.166015625,-0.955078125,-0.37561932113669017,109,1712916529926
742,0.525390625,4.09765625,-0.75,-0.25041288075779344,23,1712916529926
742,0.662109375,4.099609375,-0.841796875,-0.25041288075779344,35,1712916529926
742,0.80078125,4.103515625,-0.8984375,-0.25041288075779344,46,1712916529926
742,0.80859375,4.142578125,-0.892578125,-0.25041288075779344,76,1712916529926
742,0.81640625,4.189453125,-0.853515625,-0.25041288075779344,77,1712916529926
742,0.80078125,4.099609375,-0.91015625,-0.12520644037889672,31,1712916529926
742,0.80859375,4.1484375,-0.865234375,-0.12520644037889672,39,1712916529926
742,0.6796875,4.201171875,-0.9140625,-0.12520644037889672,29,1712916529926
743,0.390625,4.107421875,0.54296875,0.0,15,1712916530026
743,0.39453125,4.1484375,0.515625,0.0,17,1712916530026
743,0.650390625,3.890625,-1.32421875,-0.876445082652277,34,1712916530026
743,0.65625,3.958984375,-1.236328125,-0.876445082652277,37,1712916530026
743,0.64453125,3.865234375,-1.283203125,-0.7512386422733803,87,1712916530026
743,0.650390625,3.958984375,-1.103515625,-0.7512386422733803,203,1712916530026
743,0.65625,4.0234375,-1.005859375,-0.7512386422733803,200,1712916530026
743,0.529296875,4.109375,-0.884765625,-0.7512386422733803,89,1712916530026
743,0.501953125,3.974609375,-0.134765625,-0.6260322018944836,20,1712916530026
743,0.6328125,3.994140625,-0.1640625,-0.6260322018944836,39,1712916530026
743,0.64453125,3.94140625,-1.025390625,-0.6260322018944836,116,1712916530026
743,0.51953125,4.04296875,-0.83203125,-0.6260322018944836,262,1712916530026
743,0.525390625,4.1015625,-0.728515625,-0.6260322018944836,247,1712916530026
743,0.529296875,4.169921875,-0.537109375,-0.6260322018944836,96,1712916530026
743,0.6328125,3.99609375,0.064453125,-0.5008257615155869,30,1712916530026
743,0.64453125,3.98828125,-0.82421875,-0.5008257615155869,42,1712916530026
743,0.51953125,4.09375,-0.53515625,-0.5008257615155869,94,1712916530026
743,0.525390625,4.154296875,-0.30859375,-0.5008257615155869,76,1712916530026
743,0.650390625,4.01953125,-0.853515625,-0.37561932113669017,35,1712916530026
743,0.65625,4.029296875,-0.984375,-0.37561932113669017,54,1712916530026
743,0.662109375,4.05859375,-1.01953125,-0.37561932113669017,55,1712916530026
743,0.66796875,4.091796875,-1.046875,-0.37561932113669017,41,1712916530026
743,0.51953125,4.048828125,-0.8046875,-0.25041288075779344,22,1712916530026
743,0.65625,4.015625,-1.0390625,-0.25041288075779344,36,1712916530026
743,0.794921875,4.046875,-0.974609375,-0.25041288075779344,44,1712916530026
743,0.80078125,4.07421875,-1.015625,-0.25041288075779344,43,1712916530026
743,0.80859375,4.095703125,-1.083984375,-0.25041288075779344,32,1712916530026
743,0.80078125,4.115234375,-0.84375,-0.12520644037889672,21,1712916530026
743,0.80859375,4.111328125,-1.025390625,-0.12520644037889672,20,1712916530026
744,0.6328125,3.830078125,-1.140625,-1.0016515230311738,33,1712916530126
744,0.765625,3.85546875,-1.11328125,-1.0016515230311738,57,1712916530126
744,0.64453125,3.9375,-1.0390625,-1.0016515230311738,47,1712916530126
744,0.51953125,4.017578125,-0.947265625,-1.0016515230311738,18,1712916530126
744,0.501953125,3.87890625,-0.876953125,-0.876445082652277,41,1712916530126
744,0.6328125,3.8828125,-0.9453125,-0.876445082652277,122,1712916530126
744,0.638671875,3.919921875,-0.95703125,-0.876445082652277,188,1712916530126
744,0.64453125,3.97265625,-0.89453125,-0.876445082652277,146,1712916530126
744,0.51953125,4.0703125,-0.69140625,-0.876445082652277,51,1712916530126
744,0.65625,4.0078125,-1.068359375,-0.876445082652277,44,1712916530126
744,0.662109375,4.025390625,-1.146484375,-0.876445082652277,32,1712916530126
744,0.744140625,3.859375,-0.56640625,-0.7512386422733803,22,1712916530126
744,0.626953125,3.923828125,-0.521484375,-0.7512386422733803,48,1712916530126
744,0.6328125,3.9296875,-0.732421875,-0.7512386422733803,136,1712916530126
744,0.509765625,3.98046875,-0.765625,-0.7512386422733803,214,1712916530126
744,0.515625,4.013671875,-0.79296875,-0.7512386422733803,166,1712916530126
744,0.51953125,4.099609375,-0.48828125,-0.7512386422733803,52,1712916530126
744,0.65625,4.095703125,-0.650390625,-0.7512386422733803,44,1712916530126
744,0.794921875,4.078125,-0.830078125,-0.7512386422733803,52,1712916530126
744,0.62109375,3.919921875,-0.111328125,-0.6260322018944836,54,1712916530126
744,0.626953125,3.958984375,-0.056640625,-0.6260322018944836,65,1712916530126
744,0.505859375,4.009765625,-0.212890625,-0.6260322018944836,58,1712916530126
744,0.3828125,4.02734375,-0.568359375,-0.6260322018944836,95,1712916530126
744,0.38671875,4.05078125,-0.6640625,-0.6260322018944836,83,1712916530126
744,0.794921875,4.10546875,-0.69140625,-0.6260322018944836,48,1712916530126
744,0.62109375,3.91796875,0.15234375,-0.5008257615155869,43,1712916530126
744,0.501953125,3.9765625,0.103515625,-0.5008257615155869,52,1712916530126
744,0.505859375,4.00390625,0.30078125,-0.5008257615155869,28,1712916530126
744,-1.041015625,2.412109375,3.2265625,-0.876445082652277,26,1712916530126
744,-1.041015625,2.498046875,3.162109375,-0.7512386422733803,28,1712916530126
745,0.6328125,3.814453125,-1.193359375,-1.0016515230311738,28,1712916530227
745,0.638671875,3.841796875,-1.232421875,-1.0016515230311738,25,1712916530227
745,0.62109375,3.80859375,-0.9375,-0.876445082652277,37,1712916530227
745,0.626953125,3.857421875,-0.89453125,-0.876445082652277,62,1712916530227
745,0.6328125,3.88671875,-0.931640625,-0.876445082652277,87,1712916530227
745,0.638671875,3.92578125,-0.9296875,-0.876445082652277,68,1712916530227
745,0.38671875,4.05859375,-0.611328125,-0.876445082652277,25,1712916530227
745,0.615234375,3.79296875,-0.833984375,-0.7512386422733803,42,1712916530227
745,0.62109375,3.859375,-0.6953125,-0.7512386422733803,86,1712916530227
745,0.626953125,3.896484375,-0.705078125,-0.7512386422733803,119,1712916530227
745,0.6328125,3.927734375,-0.744140625,-0.7512386422733803,128,1712916530227
745,0.638671875,3.958984375,-0.775390625,-0.7512386422733803,87,1712916530227
745,0.515625,4.015625,-0.77734375,-0.7512386422733803,38,1712916530227
745,0.609375,3.8359375,-0.275390625,-0.6260322018944836,20,1712916530227
745,0.615234375,3.86328125,-0.392578125,-0.6260322018944836,49,1712916530227
745,0.62109375,3.896484375,-0.443359375,-0.6260322018944836,78,1712916530227
745,0.501953125,3.94140625,-0.53515625,-0.6260322018944836,101,1712916530227
745,0.505859375,3.974609375,-0.56640625,-0.6260322018944836,102,1712916530227
745,0.509765625,4.00390625,-0.630859375,-0.6260322018944836,71,1712916530227
745,0.515625,4.0234375,-0.740234375,-0.6260322018944836,37,1712916530227
745,0.615234375,3.8828125,-0.068359375,-0.5008257615155869,33,1712916530227
745,0.62109375,3.919921875,-0.09765625,-0.5008257615155869,33,1712916530227
745,0.501953125,3.962890625,-0.326171875,-0.5008257615155869,34,1712916530227
745,0.505859375,4.0,-0.3515625,-0.5008257615155869,41,1712916530227
745,0.509765625,4.037109375,-0.365234375,-0.5008257615155869,34,1712916530227
745,-1.16015625,2.794921875,2.80078125,-0.876445082652277,13,1712916530227
745,-1.03125,2.8515625,2.794921875,-0.7512386422733803,20,1712916530227
746,0.0,2.986328125,2.615234375,0.7512386422733803,20,1712916530328
746,0.0,2.927734375,2.73828125,0.7512386422733803,20,1712916530328
746,0.126953125,2.8828125,2.837890625,0.7512386422733803,20,1712916530328
746,0.255859375,2.83203125,2.93359375,0.7512386422733803,24,1712916530328
746,0.2578125,2.94140625,2.87890625,0.7512386422733803,22,1712916530328
746,0.0,2.390625,3.12109375,0.876445082652277,23,1712916530328
746,0.0,2.66796875,2.939453125,0.876445082652277,33,1712916530328
746,0.0,2.69921875,2.962890625,0.876445082652277,31,1712916530328
746,0.0,2.5859375,3.111328125,0.876445082652277,26,1712916530328
746,0.126953125,2.63671875,3.1171875,0.876445082652277,26,1712916530328
746,0.12890625,2.544921875,3.240234375,0.876445082652277,23,1712916530328
746,0.49609375,3.84375,-0.861328125,-1.0016515230311738,25,1712916530328
746,0.501953125,3.82421875,-1.091796875,-1.0016515230311738,28,1712916530328
746,0.6328125,3.853515625,-1.064453125,-1.0016515230311738,29,1712916530328
746,0.638671875,3.90625,-1.01171875,-1.0016515230311738,26,1712916530328
746,0.7734375,3.92578125,-0.99609375,-1.0016515230311738,21,1712916530328
746,0.501953125,3.84765625,-1.00390625,-0.876445082652277,27,1712916530328
746,0.6328125,3.8671875,-1.01171875,-0.876445082652277,40,1712916530328
746,0.638671875,3.9296875,-0.916015625,-0.876445082652277,44,1712916530328
746,0.7734375,3.96875,-0.802734375,-0.876445082652277,32,1712916530328
746,0.6015625,3.8046875,-0.173828125,-0.7512386422733803,31,1712916530328
746,0.73046875,3.78125,-0.580078125,-0.7512386422733803,57,1712916530328
746,0.736328125,3.751953125,-0.91796875,-0.7512386422733803,79,1712916530328
746,0.62109375,3.78125,-1.0390625,-0.7512386422733803,79,1712916530328
746,0.501953125,3.83203125,-1.06640625,-0.7512386422733803,62,1712916530328
746,0.6328125,3.8828125,-0.94921875,-0.7512386422733803,54,1712916530328
746,0.638671875,3.95703125,-0.787109375,-0.7512386422733803,48,1712916530328
746,0.64453125,4.02734375,-0.603515625,-0.7512386422733803,30,1712916530328
746,0.595703125,3.767578125,0.12890625,-0.6260322018944836,22,1712916530328
746,0.6015625,3.80859375,-0.017578125,-0.6260322018944836,79,1712916530328
746,0.73046875,3.818359375,-0.236328125,-0.6260322018944836,138,1712916530328
746,0.615234375,3.853515625,-0.4765625,-0.6260322018944836,150,1712916530328
746,0.62109375,3.849609375,-0.751953125,-0.6260322018944836,125,1712916530328
746,0.626953125,3.869140625,-0.84375,-0.6260322018944836,82,1712916530328
746,0.505859375,3.923828125,-0.84765625,-0.6260322018944836,42,1712916530328
746,0.72265625,3.78125,0.19921875,-0.5008257615155869,60,1712916530328
746,0.609375,3.845703125,0.076171875,-0.5008257615155869,101,1712916530328
746,0.615234375,3.8828125,-0.115234375,-0.5008257615155869,97,1712916530328
746,0.62109375,3.900390625,-0.4140625,-0.5008257615155869,67,1712916530328
746,0.626953125,3.916015625,-0.580078125,-0.5008257615155869,38,1712916530328
746,1.365234375,3.59765625,-0.978515625,0.7512386422733803,12,1712916530328
746,1.50390625,3.5234375,-1.1796875,0.7512386422733803,12,1712916530328
746,1.64453125,3.560546875,-0.998046875,0.7512386422733803,12,1712916530328
746,1.787109375,3.525390625,-1.029296875,0.7512386422733803,13,1712916530328
746,1.474609375,3.6015625,-0.5625,0.876445082652277,15,1712916530328
746,1.365234375,3.63671875,-0.822265625,0.876445082652277,19,1712916530328
746,1.50390625,3.60546875,-0.90234375,0.876445082652277,18,1712916530328
746,1.517578125,3.65625,-0.841796875,0.876445082652277,15,1712916530328
747,0.361328125,3.76953125,0.72265625,0.0,14,1712916530427
747,0.12109375,2.84765625,2.65234375,0.876445082652277,19,1712916530427
747,0.24609375,2.787109375,2.763671875,0.876445082652277,29,1712916530427
747,0.373046875,2.734375,2.85546875,0.876445082652277,33,1712916530427
747,0.375,2.845703125,2.798828125,0.876445082652277,21,1712916530427
747,0.609375,3.671875,-1.146484375,-1.0016515230311738,26,1712916530427
747,0.736328125,3.71875,-1.04296875,-1.0016515230311738,32,1712916530427
747,0.744140625,3.78515625,-0.94140625,-1.0016515230311738,42,1712916530427
747,0.751953125,3.822265625,-0.943359375,-1.0016515230311738,35,1712916530427
747,0.595703125,3.5859375,-1.1640625,-0.876445082652277,23,1712916530427
747,0.482421875,3.701171875,-0.96484375,-0.876445082652277,33,1712916530427
747,0.365234375,3.6953125,-1.169921875,-0.876445082652277,20,1712916530427
747,0.4921875,3.763671875,-1.03125,-0.876445082652277,21,1712916530427
747,0.49609375,3.853515625,-0.81640625,-0.876445082652277,22,1712916530427
747,0.47265625,3.62890625,-0.9453125,-0.7512386422733803,25,1712916530427
747,0.595703125,3.689453125,-0.779296875,-0.7512386422733803,96,1712916530427
747,0.482421875,3.763671875,-0.6796875,-0.7512386422733803,131,1712916530427
747,0.365234375,3.853515625,-0.42578125,-0.7512386422733803,68,1712916530427
747,0.4921875,3.6171875,-1.458984375,-0.7512386422733803,30,1712916530427
747,0.744140625,3.73828125,-1.109375,-0.7512386422733803,35,1712916530427
747,0.751953125,3.83203125,-0.904296875,-0.7512386422733803,30,1712916530427
747,0.58984375,3.681640625,-0.615234375,-0.6260322018944836,28,1712916530427
747,0.4765625,3.7578125,-0.474609375,-0.6260322018944836,116,1712916530427
747,0.482421875,3.802734375,-0.421875,-0.6260322018944836,174,1712916530427
747,0.486328125,3.85546875,-0.2578125,-0.6260322018944836,105,1712916530427
747,0.4921875,3.806640625,0.853515625,-0.6260322018944836,29,1712916530427
747,0.62109375,3.72265625,-1.232421875,-0.6260322018944836,38,1712916530427
747,0.4765625,3.78515625,-0.142578125,-0.5008257615155869,44,1712916530427
747,0.482421875,3.82421875,-0.1015625,-0.5008257615155869,70,1712916530427
747,0.365234375,3.875,0.1171875,-0.5008257615155869,43,1712916530427
747,1.703125,3.376953125,-0.923828125,0.876445082652277,10,1712916530427
748,0.353515625,2.234375,3.02734375,0.25041288075779344,16,1712916530528
748,0.23828125,2.5859375,2.798828125,0.25041288075779344,16,1712916530528
748,0.71484375,3.580078125,-1.115234375,-1.0016515230311738,20,1712916530528
748,0.96484375,3.599609375,-0.98828125,-1.0016515230311738,35,1712916530528
748,0.8515625,3.67578125,-0.958984375,-1.0016515230311738,33,1712916530528
748,0.583984375,3.587890625,-0.884765625,-0.876445082652277,65,1712916530528
748,0.58984375,3.619140625,-0.9140625,-0.876445082652277,117,1712916530528
748,0.71484375,3.634765625,-0.919921875,-0.876445082652277,134,1712916530528
748,0.72265625,3.69140625,-0.845703125,-0.876445082652277,119,1712916530528
748,0.73046875,3.75,-0.75,-0.876445082652277,81,1712916530528
748,0.615234375,3.8359375,-0.607421875,-0.876445082652277,29,1712916530528
748,0.693359375,3.60546875,-0.482421875,-0.7512386422733803,55,1712916530528
748,0.583984375,3.646484375,-0.599609375,-0.7512386422733803,151,1712916530528
748,0.58984375,3.67578125,-0.654296875,-0.7512386422733803,231,1712916530528
748,0.595703125,3.70703125,-0.685546875,-0.7512386422733803,228,1712916530528
748,0.6015625,3.75390625,-0.640625,-0.7512386422733803,162,1712916530528
748,0.73046875,3.78515625,-0.552734375,-0.7512386422733803,90,1712916530528
748,0.578125,3.642578125,-0.322265625,-0.6260322018944836,55,1712916530528
748,0.583984375,3.673828125,-0.40234375,-0.6260322018944836,120,1712916530528
748,0.58984375,3.708984375,-0.421875,-0.6260322018944836,152,1712916530528
748,0.595703125,3.74609375,-0.43359375,-0.6260322018944836,133,1712916530528
748,0.6015625,3.78125,-0.453125,-0.6260322018944836,86,1712916530528
748,0.609375,3.826171875,-0.390625,-0.6260322018944836,43,1712916530528
748,0.462890625,3.66796875,-0.1953125,-0.5008257615155869,19,1712916530528
748,0.466796875,3.69140625,-0.390625,-0.5008257615155869,29,1712916530528
748,0.47265625,3.734375,-0.349609375,-0.5008257615155869,23,1712916530528
748,1.771484375,3.13671875,-1.142578125,0.25041288075779344,9,1712916530528
749,0.34765625,3.646484375,0.548828125,0.0,14,1712916530628
749,0.3515625,3.6953125,0.470703125,0.0,15,1712916530628
749,0.3515625,2.7421875,2.521484375,0.876445082652277,22,1712916530628
749,0.353515625,2.689453125,2.6328125,0.876445082652277,31,1712916530628
749,0.357421875,2.7734375,2.59765625,0.876445082652277,24,1712916530628
749,0.6796875,3.521484375,-0.5390625,-1.0016515230311738,22,1712916530628
749,0.6875,3.53125,-0.703125,-1.0016515230311738,64,1712916530628
749,0.693359375,3.552734375,-0.779296875,-1.0016515230311738,115,1712916530628
749,0.818359375,3.55078125,-0.84765625,-1.0016515230311738,146,1712916530628
749,0.826171875,3.58984375,-0.845703125,-1.0016515230311738,133,1712916530628
749,0.8359375,3.625,-0.859375,-1.0016515230311738,74,1712916530628
749,0.72265625,3.669921875,-0.935546875,-1.0016515230311738,19,1712916530628
749,0.56640625,3.564453125,-0.35546875,-0.876445082652277,38,1712916530628
749,0.572265625,3.578125,-0.546875,-0.876445082652277,135,1712916530628
749,0.693359375,3.58203125,-0.63671875,-0.876445082652277,254,1712916530628
749,0.818359375,3.58984375,-0.666015625,-0.876445082652277,282,1712916530628
749,0.708984375,3.654296875,-0.650390625,-0.876445082652277,211,1712916530628
749,0.8359375,3.658203125,-0.701171875,-0.876445082652277,93,1712916530628
749,0.56640625,3.572265625,-0.275390625,-0.7512386422733803,24,1712916530628
749,0.572265625,3.595703125,-0.41796875,-0.7512386422733803,96,1712916530628
749,0.693359375,3.607421875,-0.466796875,-0.7512386422733803,192,1712916530628
749,0.583984375,3.666015625,-0.46875,-0.7512386422733803,213,1712916530628
749,0.708984375,3.677734375,-0.5078125,-0.7512386422733803,148,1712916530628
749,0.71484375,3.68359375,-0.705078125,-0.7512386422733803,62,1712916530628
749,0.578125,3.625,-0.486328125,-0.6260322018944836,45,1712916530628
749,0.583984375,3.6640625,-0.484375,-0.6260322018944836,56,1712916530628
749,0.47265625,3.71484375,-0.505859375,-0.6260322018944836,42,1712916530628
749,0.4765625,3.732421875,-0.6484375,-0.6260322018944836,24,1712916530628
749,-0.84375,2.26171875,3.0078125,-1.0016515230311738,11,1712916530628
749,0.708984375,3.67578125,-0.5234375,-0.6260322018944836,42,1712916530628
750,0.111328125,2.56640625,2.505859375,0.876445082652277,88,1712916530729
750,0.11328125,2.521484375,2.60546875,0.876445082652277,154,1712916530729
750,0.115234375,2.49609375,2.6796875,0.876445082652277,132,1712916530729
750,0.23046875,2.3984375,2.8125,0.876445082652277,82,1712916530729
750,0.234375,2.275390625,2.9609375,0.876445082652277,58,1712916530729
750,0.353515625,2.369140625,2.923828125,0.876445082652277,36,1712916530729
750,0.5546875,3.341796875,-1.064453125,-1.0016515230311738,23,1712916530729
750,0.673828125,3.421875,-0.845703125,-1.0016515230311738,165,1712916530729
750,0.56640625,3.4921875,-0.798828125,-1.0016515230311738,315,1712916530729
750,0.458984375,3.552734375,-0.771484375,-1.0016515230311738,257,1712916530729
750,0.578125,3.611328125,-0.580078125,-1.0016515230311738,137,1712916530729
750,0.701171875,3.65234375,-0.408203125,-1.0016515230311738,88,1712916530729
750,0.708984375,3.693359375,-0.375,-1.0016515230311738,41,1712916530729
750,0.560546875,3.490234375,-0.6171875,-0.876445082652277,101,1712916530729
750,0.56640625,3.53515625,-0.58203125,-0.876445082652277,204,1712916530729
750,0.458984375,3.591796875,-0.5703125,-0.876445082652277,172,1712916530729
750,0.578125,3.642578125,-0.33984375,-0.876445082652277,79,1712916530729
750,0.701171875,3.673828125,-0.037109375,-0.876445082652277,50,1712916530729
750,0.453125,3.5703125,-0.451171875,-0.7512386422733803,28,1712916530729
750,0.34375,3.6171875,-0.470703125,-0.7512386422733803,27,1712916530729
750,1.63671875,3.310546875,-0.603515625,0.876445082652277,30,1712916530729
750,1.654296875,3.326171875,-0.69921875,0.876445082652277,19,1712916530729
750,0.6875,3.517578125,-0.765625,-1.0016515230311738,255,1712916530729
751,0.34375,2.65234375,2.50390625,0.6260322018944836,17,1712916530829
751,0.0,2.4140625,2.603515625,0.7512386422733803,22,1712916530829
751,0.111328125,2.57421875,2.498046875,0.7512386422733803,37,1712916530829
751,0.2265625,2.556640625,2.5625,0.7512386422733803,43,1712916530829
751,0.228515625,2.546875,2.625,0.7512386422733803,39,1712916530829
751,0.23046875,2.591796875,2.634765625,0.7512386422733803,22,1712916530829
751,0.111328125,2.3359375,2.671875,0.876445082652277,76,1712916530829
751,0.111328125,2.373046875,2.689453125,0.876445082652277,116,1712916530829
751,0.11328125,2.40234375,2.71484375,0.876445082652277,98,1712916530829
751,0.228515625,2.330078125,2.8203125,0.876445082652277,52,1712916530829
751,0.64453125,3.375,-0.078125,-1.0016515230311738,20,1712916530829
751,0.759765625,3.38671875,-0.1328125,-1.0016515230311738,41,1712916530829
751,0.767578125,3.40625,-0.3828125,-1.0016515230311738,58,1712916530829
751,0.666015625,3.4296875,-0.63671875,-1.0016515230311738,117,1712916530829
751,0.560546875,3.482421875,-0.658203125,-1.0016515230311738,162,1712916530829
751,0.6796875,3.48828125,-0.720703125,-1.0016515230311738,112,1712916530829
751,0.572265625,3.568359375,-0.607421875,-1.0016515230311738,41,1712916530829
751,0.54296875,3.431640625,0.01953125,-0.876445082652277,32,1712916530829
751,0.658203125,3.4453125,-0.162109375,-0.876445082652277,49,1712916530829
751,0.666015625,3.45703125,-0.45703125,-0.876445082652277,74,1712916530829
751,0.673828125,3.4765625,-0.578125,-0.876445082652277,90,1712916530829
751,0.6796875,3.50390625,-0.638671875,-0.876445082652277,57,1712916530829
751,1.220703125,3.310546875,-0.3984375,0.7512386422733803,12,1712916530829
751,1.33203125,3.271484375,-0.359375,0.876445082652277,43,1712916530829
751,1.45703125,3.228515625,-0.57421875,0.876445082652277,62,1712916530829
752,0.107421875,1.833984375,2.90234375,0.876445082652277,17,1712916530929
752,0.109375,2.150390625,2.7265625,0.876445082652277,23,1712916530929
752,0.21875,2.283203125,2.66015625,0.876445082652277,34,1712916530929
752,0.22265625,2.32421875,2.673828125,0.876445082652277,29,1712916530929
752,0.525390625,3.314453125,-0.154296875,-1.0016515230311738,21,1712916530929
752,0.63671875,3.31640625,-0.369140625,-1.0016515230311738,54,1712916530929
752,0.64453125,3.34765625,-0.42578125,-1.0016515230311738,87,1712916530929
752,0.759765625,3.37890625,-0.265625,-1.0016515230311738,90,1712916530929
752,0.767578125,3.423828125,-0.13671875,-1.0016515230311738,62,1712916530929
752,0.88671875,3.421875,0.3203125,-1.0016515230311738,24,1712916530929
752,0.630859375,3.30078125,0.025390625,-0.876445082652277,25,1712916530929
752,0.63671875,3.3046875,-0.4609375,-0.876445082652277,72,1712916530929
752,0.751953125,3.26171875,-0.771484375,-0.876445082652277,138,1712916530929
752,0.65234375,3.32421875,-0.771484375,-0.876445082652277,158,1712916530929
752,0.658203125,3.404296875,-0.556640625,-0.876445082652277,91,1712916530929
752,0.5546875,2.650390625,-2.296875,-0.876445082652277,24,1712916530929
752,0.673828125,3.279296875,-1.291015625,-0.876445082652277,39,1712916530929
752,0.63671875,3.26953125,-0.666015625,-0.7512386422733803,49,1712916530929
752,0.537109375,3.283203125,-0.85546875,-0.7512386422733803,109,1712916530929
752,0.54296875,3.28515625,-0.9921875,-0.7512386422733803,129,1712916530929
752,0.548828125,3.20703125,-1.322265625,-0.7512386422733803,76,1712916530929
752,0.77734375,3.30859375,-1.029296875,-0.7512386422733803,73,1712916530929
752,0.78515625,3.37890625,-0.919921875,-0.7512386422733803,68,1712916530929
752,0.423828125,3.318359375,-0.59375,-0.6260322018944836,21,1712916530929
752,0.4296875,3.34765625,-0.642578125,-0.6260322018944836,52,1712916530929
752,0.54296875,3.369140625,-0.65234375,-0.6260322018944836,66,1712916530929
752,0.658203125,3.400390625,-0.580078125,-0.6260322018944836,62,1712916530929
752,0.77734375,3.419921875,-0.5546875,-0.6260322018944836,57,1712916530929
752,0.673828125,3.48046875,-0.552734375,-0.6260322018944836,39,1712916530929
752,1.412109375,2.962890625,-1.142578125,0.876445082652277,12,1712916530929
752,-0.439453125,2.041015625,-2.82421875,-1.0016515230311738,32,1712916530929
752,-0.443359375,2.689453125,-2.275390625,-1.0016515230311738,16,1712916530929
752,-0.658203125,2.73046875,2.109375,-0.876445082652277,50,1712916530929
752,-0.77734375,3.28125,1.109375,-0.876445082652277,15,1712916530929
753,0.419921875,3.322265625,0.263671875,0.0,16,1712916531030
753,0.423828125,3.37109375,0.056640625,0.0,15,1712916531030
753,0.0,2.27734375,2.46875,0.876445082652277,21,1712916531030
753,0.0,2.083984375,2.68359375,0.876445082652277,21,1712916531030
753,0.51953125,3.2265625,-0.587890625,-1.0016515230311738,28,1712916531030
753,0.419921875,3.24609375,-0.75390625,-1.0016515230311738,38,1712916531030
753,0.423828125,3.31640625,-0.599609375,-1.0016515230311738,39,1712916531030
753,0.4296875,3.373046875,-0.490234375,-1.0016515230311738,26,1712916531030
753,0.41015625,2.85546875,-1.56640625,-0.876445082652277,34,1712916531030
753,0.51953125,3.0546875,-1.1953125,-0.876445082652277,91,1712916531030
753,0.525390625,3.205078125,-0.86328125,-0.876445082652277,144,1712916531030
753,0.63671875,3.287109375,-0.57421875,-0.876445082652277,127,1712916531030
753,0.751953125,3.345703125,-0.22265625,-0.876445082652277,75,1712916531030
753,0.65234375,3.408203125,-0.16015625,-0.876445082652277,35,1712916531030
753,0.513671875,3.037109375,-1.138671875,-0.7512386422733803,35,1712916531030
753,0.51953125,3.1875,-0.775390625,-0.7512386422733803,119,1712916531030
753,0.525390625,3.26171875,-0.615234375,-0.7512386422733803,187,1712916531030
753,0.63671875,3.302734375,-0.4765625,-0.7512386422733803,170,1712916531030
753,0.751953125,3.337890625,-0.306640625,-0.7512386422733803,106,1712916531030
753,0.759765625,3.37890625,-0.28515625,-0.7512386422733803,57,1712916531030
753,0.623046875,3.21875,-0.529296875,-0.6260322018944836,40,1712916531030
753,0.630859375,3.271484375,-0.435546875,-0.6260322018944836,72,1712916531030
753,0.63671875,3.318359375,-0.349609375,-0.6260322018944836,74,1712916531030
753,0.751953125,3.34765625,-0.1796875,-0.6260322018944836,54,1712916531030
753,0.759765625,3.35546875,-0.478515625,-0.6260322018944836,43,1712916531030
753,0.767578125,3.345703125,-0.740234375,-0.6260322018944836,44,1712916531030
753,0.759765625,3.341796875,-0.572265625,-0.5008257615155869,26,1712916531030
753,0.658203125,3.400390625,-0.578125,-0.5008257615155869,36,1712916531030
753,1.154296875,2.90625,-1.2265625,0.876445082652277,11,1712916531030
754,0.416015625,3.236328125,0.625,0.0,18,1712916531130
754,0.419921875,3.31640625,0.3359375,0.0,19,1712916531130
754,0.63671875,3.244140625,-0.78125,0.0,15,1712916531130
754,0.0,2.708984375,1.85546875,0.876445082652277,17,1712916531130
754,0.40625,3.171875,-0.548828125,-1.0016515230311738,30,1712916531130
754,0.205078125,3.185546875,-0.767578125,-1.0016515230311738,34,1712916531130
754,0.7265625,2.75,-1.712890625,-1.0016515230311738,25,1712916531130
754,0.734375,3.107421875,-1.04296875,-1.0016515230311738,23,1712916531130
754,0.59375,3.111328125,0.078125,-0.876445082652277,19,1712916531130
754,0.6015625,3.146484375,-0.142578125,-0.876445082652277,73,1712916531130
754,0.5078125,3.1953125,-0.240234375,-0.876445082652277,115,1712916531130
754,0.41015625,3.232421875,-0.396484375,-0.876445082652277,76,1712916531130
754,0.623046875,3.109375,-0.98828125,-0.876445082652277,46,1712916531130
754,0.734375,3.240234375,-0.501953125,-0.876445082652277,60,1712916531130
754,0.63671875,3.330078125,-0.216796875,-0.876445082652277,23,1712916531130
754,0.59375,3.109375,0.130859375,-0.7512386422733803,18,1712916531130
754,0.6015625,3.1484375,-0.06640625,-0.7512386422733803,75,1712916531130
754,0.5078125,3.1953125,-0.26171875,-0.7512386422733803,140,1712916531130
754,0.615234375,3.177734375,-0.544921875,-0.7512386422733803,146,1712916531130
754,0.623046875,3.123046875,-0.943359375,-0.7512386422733803,119,1712916531130
754,0.630859375,3.169921875,-0.916015625,-0.7512386422733803,85,1712916531130
754,0.6015625,3.146484375,-0.140625,-0.6260322018944836,21,1712916531130
754,0.609375,3.171875,-0.3125,-0.6260322018944836,56,1712916531130
754,0.615234375,3.181640625,-0.52734375,-0.6260322018944836,95,1712916531130
754,0.51953125,3.21875,-0.630859375,-0.6260322018944836,111,1712916531130
754,0.630859375,3.21875,-0.728515625,-0.6260322018944836,90,1712916531130
754,0.744140625,3.205078125,-0.84765625,-0.6260322018944836,61,1712916531130
754,0.751953125,3.19921875,-1.00390625,-0.6260322018944836,44,1712916531130
754,0.7265625,3.189453125,-0.572265625,-0.5008257615155869,23,1712916531130
754,0.83984375,3.1640625,-0.751953125,-0.5008257615155869,49,1712916531130
754,0.744140625,3.2265625,-0.763671875,-0.5008257615155869,74,1712916531130
754,0.751953125,3.248046875,-0.83203125,-0.5008257615155869,66,1712916531130
754,0.759765625,3.267578125,-0.90234375,-0.5008257615155869,32,1712916531130
754,0.83984375,3.1796875,-0.6875,-0.37561932113669017,26,1712916531130
754,0.744140625,3.24609375,-0.673828125,-0.37561932113669017,39,1712916531130
754,0.64453125,3.30859375,-0.6640625,-0.37561932113669017,31,1712916531130
754,0.83984375,3.01953125,-1.20703125,-0.25041288075779344,22,1712916531130
754,0.849609375,3.10546875,-1.083984375,-0.25041288075779344,33,1712916531130
754,0.751953125,3.236328125,-0.873046875,-0.25041288075779344,27,1712916531130
754,0.734375,3.15625,-0.884765625,-0.12520644037889672,29,1712916531130
754,0.744140625,3.201171875,-0.861328125,-0.12520644037889672,37,1712916531130
754,0.859375,3.22265625,-0.82421875,-0.12520644037889672,27,1712916531130
754,1.12890625,2.89453125,-1.060546875,0.876445082652277,9,1712916531130
755,0.59375,3.083984375,-0.419921875,-1.0016515230311738,39,1712916531230
755,0.6015625,3.10546875,-0.521484375,-1.0016515230311738,46,1712916531230
755,0.5078125,3.173828125,-0.447265625,-1.0016515230311738,22,1712916531230
755,0.48828125,3.052734375,-0.490234375,-0.876445082652277,70,1712916531230
755,0.494140625,3.05859375,-0.666015625,-0.876445082652277,177,1712916531230
755,0.501953125,3.068359375,-0.787109375,-0.876445082652277,225,1712916531230
755,0.5078125,3.076171875,-0.900390625,-0.876445082652277,155,1712916531230
755,0.513671875,3.134765625,-0.828125,-0.876445082652277,90,1712916531230
755,0.623046875,3.1796875,-0.73046875,-0.876445082652277,50,1712916531230
755,0.48828125,3.041015625,-0.5625,-0.7512386422733803,89,1712916531230
755,0.494140625,3.05859375,-0.666015625,-0.7512386422733803,253,1712916531230
755,0.400390625,3.10546875,-0.69140625,-0.7512386422733803,350,1712916531230
755,0.40625,3.140625,-0.7109375,-0.7512386422733803,294,1712916531230
755,0.513671875,3.173828125,-0.6640625,-0.7512386422733803,179,1712916531230
755,0.51953125,3.23046875,-0.56640625,-0.7512386422733803,73,1712916531230
755,0.390625,3.044921875,-0.609375,-0.6260322018944836,37,1712916531230
755,0.494140625,3.083984375,-0.533203125,-0.6260322018944836,121,1712916531230
755,0.400390625,3.140625,-0.5078125,-0.6260322018944836,193,1712916531230
755,0.5078125,3.16015625,-0.533203125,-0.6260322018944836,184,1712916531230
755,0.513671875,3.201171875,-0.5234375,-0.6260322018944836,125,1712916531230
755,0.416015625,3.2734375,-0.376953125,-0.6260322018944836,59,1712916531230
755,0.5078125,3.115234375,-0.75,-0.5008257615155869,29,1712916531230
755,0.513671875,3.18359375,-0.62109375,-0.5008257615155869,36,1712916531230
755,0.623046875,3.240234375,-0.38671875,-0.5008257615155869,37,1712916531230
755,0.734375,3.236328125,-0.52734375,-0.5008257615155869,37,1712916531230
755,0.734375,3.1171875,-1.015625,-0.25041288075779344,22,1712916531230
755,0.849609375,3.177734375,-0.8515625,-0.25041288075779344,24,1712916531230
756,0.580078125,2.888671875,-0.9375,-1.0016515230311738,25,1712916531331
756,0.685546875,2.953125,-0.78125,-1.0016515230311738,82,1712916531331
756,0.59375,3.017578125,-0.759765625,-1.0016515230311738,106,1712916531331
756,0.6015625,3.060546875,-0.7421875,-1.0016515230311738,71,1712916531331
756,0.5078125,3.138671875,-0.654296875,-1.0016515230311738,28,1712916531331
756,0.470703125,2.978515625,0.0234375,-0.876445082652277,22,1712916531331
756,0.4765625,2.970703125,-0.521484375,-0.876445082652277,39,1712916531331
756,0.580078125,2.927734375,-0.80859375,-0.876445082652277,91,1712916531331
756,0.587890625,3.001953125,-0.662109375,-0.876445082652277,219,1712916531331
756,0.494140625,3.068359375,-0.619140625,-0.876445082652277,272,1712916531331
756,0.501953125,3.11328125,-0.58203125,-0.876445082652277,190,1712916531331
756,0.5078125,3.16015625,-0.529296875,-0.876445082652277,77,1712916531331
756,0.4765625,2.96484375,-0.552734375,-0.7512386422733803,36,1712916531331
756,0.482421875,3.0,-0.568359375,-0.7512386422733803,104,1712916531331
756,0.48828125,3.048828125,-0.515625,-0.7512386422733803,215,1712916531331
756,0.494140625,3.091796875,-0.490234375,-0.7512386422733803,250,1712916531331
756,0.400390625,3.15234375,-0.4296875,-0.7512386422733803,167,1712916531331
756,0.5078125,3.158203125,-0.54296875,-0.7512386422733803,71,1712916531331
756,0.71875,3.076171875,-0.892578125,-0.7512386422733803,51,1712916531331
756,0.482421875,3.03125,-0.380859375,-0.6260322018944836,35,1712916531331
756,0.48828125,3.068359375,-0.375,-0.6260322018944836,71,1712916531331
756,0.494140625,3.109375,-0.359375,-0.6260322018944836,78,1712916531331
756,0.501953125,3.13671875,-0.439453125,-0.6260322018944836,51,1712916531331
756,0.708984375,3.068359375,-0.78125,-0.6260322018944836,43,1712916531331
756,0.71875,3.10546875,-0.787109375,-0.6260322018944836,59,1712916531331
756,0.830078125,3.0859375,-0.90234375,-0.6260322018944836,51,1712916531331
756,0.71875,3.072265625,-0.90625,-0.5008257615155869,23,1712916531331
756,0.7265625,3.080078125,-1.009765625,-0.5008257615155869,28,1712916531331
757,0.287109375,2.958984375,0.703125,0.0,17,1712916531431
757,0.2890625,2.99609375,0.705078125,0.0,15,1712916531431
757,-2.21875,0.505859375,-0.255859375,0.12520644037889672,14,1712916531431
757,0.189453125,2.17578125,2.080078125,0.876445082652277,29,1712916531431
757,0.19140625,2.23828125,2.068359375,0.876445082652277,48,1712916531431
757,0.193359375,2.267578125,2.09375,0.876445082652277,44,1712916531431
757,0.390625,2.42578125,1.939453125,0.876445082652277,21,1712916531431
757,0.46484375,2.853515625,-0.7109375,-1.0016515230311738,63,1712916531431
757,0.470703125,2.91015625,-0.63671875,-1.0016515230311738,108,1712916531431
757,0.4765625,2.96875,-0.53125,-1.0016515230311738,67,1712916531431
757,0.7734375,2.826171875,-0.986328125,-1.0016515230311738,25,1712916531431
757,0.880859375,2.75390625,-1.201171875,-1.0016515230311738,26,1712916531431
757,0.55859375,2.873046875,-0.55078125,-0.876445082652277,93,1712916531431
757,0.470703125,2.943359375,-0.4609375,-0.876445082652277,170,1712916531431
757,0.4765625,2.99609375,-0.349609375,-0.876445082652277,127,1712916531431
757,0.580078125,3.03515625,-0.09765625,-0.876445082652277,32,1712916531431
757,0.783203125,2.984375,-0.533203125,-0.876445082652277,34,1712916531431
757,0.46484375,2.923828125,-0.322265625,-0.7512386422733803,40,1712916531431
757,0.470703125,2.970703125,-0.21484375,-0.7512386422733803,67,1712916531431
757,0.4765625,3.015625,-0.03515625,-0.7512386422733803,40,1712916531431
757,0.685546875,3.052734375,-0.1171875,-0.7512386422733803,29,1712916531431
757,1.224609375,2.583984375,-0.95703125,0.876445082652277,15,1712916531431
757,-0.966796875,2.03125,2.123046875,-1.0016515230311738,19,1712916531431
757,-1.076171875,1.8671875,2.26953125,-1.0016515230311738,15,1712916531431
757,-0.869140625,1.515625,2.55078125,-0.876445082652277,29,1712916531431
757,-0.978515625,1.37109375,2.638671875,-0.876445082652277,20,1712916531431
758,-2.291015625,0.0,-0.337890625,0.0,15,1712916531532
758,-2.328125,0.0,-0.30859375,0.0,14,1712916531532
758,-2.251953125,0.0,-0.26171875,0.12520644037889672,15,1712916531532
758,-2.21875,0.52734375,-0.212890625,0.12520644037889672,30,1712916531532
758,-2.328125,0.0,-0.16015625,0.12520644037889672,28,1712916531532
758,-2.21875,0.5625,-0.07421875,0.25041288075779344,19,1712916531532
758,-2.328125,0.0,0.0078125,0.25041288075779344,18,1712916531532
758,0.181640625,2.142578125,1.94921875,0.876445082652277,40,1712916531532
758,0.275390625,2.193359375,1.9375,0.876445082652277,84,1712916531532
758,0.185546875,2.259765625,1.9296875,0.876445082652277,84,1712916531532
758,0.189453125,2.373046875,1.853515625,0.876445082652277,52,1712916531532
758,0.19140625,2.322265625,1.97265625,0.876445082652277,30,1712916531532
758,0.2890625,2.09375,2.255859375,0.876445082652277,29,1712916531532
758,0.390625,2.06640625,2.318359375,0.876445082652277,27,1712916531532
758,0.36328125,2.83984375,-0.470703125,-1.0016515230311738,34,1712916531532
758,0.458984375,2.845703125,-0.57421875,-1.0016515230311738,79,1712916531532
758,0.373046875,2.912109375,-0.501953125,-1.0016515230311738,57,1712916531532
758,0.537109375,2.8125,0.015625,-0.876445082652277,50,1712916531532
758,0.544921875,2.83203125,-0.31640625,-0.876445082652277,116,1712916531532
758,0.55078125,2.84375,-0.50390625,-0.876445082652277,215,1712916531532
758,0.46484375,2.8828125,-0.580078125,-0.876445082652277,235,1712916531532
758,0.56640625,2.916015625,-0.52734375,-0.876445082652277,147,1712916531532
758,0.66796875,2.943359375,-0.4609375,-0.876445082652277,42,1712916531532
758,0.626953125,2.7890625,0.166015625,-0.7512386422733803,31,1712916531532
758,0.453125,2.85546875,-0.234375,-0.7512386422733803,84,1712916531532
758,0.458984375,2.875,-0.40625,-0.7512386422733803,176,1712916531532
758,0.46484375,2.91015625,-0.431640625,-0.7512386422733803,207,1712916531532
758,0.470703125,2.951171875,-0.40234375,-0.7512386422733803,127,1712916531532
758,0.55078125,2.853515625,-0.4453125,-0.6260322018944836,22,1712916531532
758,0.46484375,2.935546875,-0.18359375,-0.6260322018944836,30,1712916531532
758,0.470703125,2.978515625,-0.001953125,-0.6260322018944836,20,1712916531532
758,-0.572265625,1.62109375,2.525390625,-0.876445082652277,22,1712916531532
759,2.255859375,0.501953125,-0.28515625,0.0,11,1712916531632
759,0.271484375,2.8828125,0.181640625,0.0,14,1712916531632
759,-2.291015625,0.0,-0.25,0.12520644037889672,17,1712916531632
759,-2.328125,0.0,-0.21875,0.12520644037889672,23,1712916531632
759,-2.3671875,0.0,-0.2421875,0.12520644037889672,16,1712916531632
759,0.470703125,2.44140625,1.705078125,0.37561932113669017,24,1712916531632
759,0.4765625,2.423828125,1.794921875,0.37561932113669017,22,1712916531632
759,0.470703125,2.3125,1.876953125,0.5008257615155869,24,1712916531632
759,0.380859375,2.373046875,1.884765625,0.5008257615155869,21,1712916531632
759,0.470703125,2.12109375,2.091796875,0.6260322018944836,27,1712916531632
759,0.380859375,2.361328125,1.8984375,0.6260322018944836,23,1712916531632
759,0.18359375,2.287109375,1.837890625,0.7512386422733803,28,1712916531632
759,0.373046875,2.2421875,1.923828125,0.7512386422733803,47,1712916531632
759,0.376953125,2.224609375,2.001953125,0.7512386422733803,52,1712916531632
759,0.380859375,2.265625,2.01171875,0.7512386422733803,36,1712916531632
759,0.181640625,2.103515625,1.98828125,0.876445082652277,33,1712916531632
759,0.18359375,2.193359375,1.947265625,0.876445082652277,55,1712916531632
759,0.279296875,2.1171875,2.076171875,0.876445082652277,78,1712916531632
759,0.376953125,2.08203125,2.150390625,0.876445082652277,77,1712916531632
759,0.380859375,2.0703125,2.212890625,0.876445082652277,51,1712916531632
759,0.38671875,2.087890625,2.248046875,0.876445082652277,23,1712916531632
759,0.529296875,2.763671875,-0.259765625,-1.0016515230311738,25,1712916531632
759,0.458984375,2.619140625,-1.25390625,-1.0016515230311738,30,1712916531632
759,0.65234375,2.79296875,-0.798828125,-1.0016515230311738,47,1712916531632
759,0.75390625,2.828125,-0.7265625,-1.0016515230311738,53,1712916531632
759,0.763671875,2.880859375,-0.669921875,-1.0016515230311738,39,1712916531632
759,0.67578125,2.958984375,-0.58984375,-1.0016515230311738,21,1712916531632
759,0.609375,2.716796875,-0.123046875,-0.876445082652277,73,1712916531632
759,0.6171875,2.740234375,-0.291015625,-0.876445082652277,131,1712916531632
759,0.626953125,2.73828125,-0.55078125,-0.876445082652277,158,1712916531632
759,0.634765625,2.724609375,-0.767578125,-0.876445082652277,147,1712916531632
759,0.642578125,2.736328125,-0.859375,-0.876445082652277,101,1712916531632
759,0.55859375,2.771484375,-0.935546875,-0.876445082652277,39,1712916531632
759,0.515625,2.6953125,0.146484375,-0.7512386422733803,22,1712916531632
759,0.5234375,2.73828125,-0.015625,-0.7512386422733803,80,1712916531632
759,0.529296875,2.76171875,-0.265625,-0.7512386422733803,176,1712916531632
759,0.537109375,2.767578125,-0.50390625,-0.7512386422733803,285,1712916531632
759,0.544921875,2.783203125,-0.609375,-0.7512386422733803,303,1712916531632
759,0.642578125,2.8046875,-0.59765625,-0.7512386422733803,210,1712916531632
759,0.65234375,2.84765625,-0.57421875,-0.7512386422733803,88,1712916531632
759,0.5234375,2.73828125,-0.009765625,-0.6260322018944836,26,1712916531632
759,0.529296875,2.755859375,-0.328125,-0.6260322018944836,90,1712916531632
759,0.537109375,2.775390625,-0.45703125,-0.6260322018944836,192,1712916531632
759,0.453125,2.828125,-0.462890625,-0.6260322018944836,203,1712916531632
759,0.55078125,2.8671875,-0.333984375,-0.6260322018944836,129,1712916531632
759,0.55859375,2.892578125,-0.435546875,-0.6260322018944836,78,1712916531632
759,0.376953125,2.90625,-0.71484375,-0.6260322018944836,37,1712916531632
759,0.44140625,2.76171875,-0.400390625,-0.5008257615155869,25,1712916531632
759,0.357421875,2.80859375,-0.421875,-0.5008257615155869,60,1712916531632
759,0.36328125,2.83984375,-0.4765625,-0.5008257615155869,70,1712916531632
759,0.275390625,2.876953125,-0.537109375,-0.5008257615155869,29,1712916531632
759,0.373046875,2.927734375,-0.390625,-0.5008257615155869,35,1712916531632
759,0.376953125,2.923828125,-0.63671875,-0.5008257615155869,38,1712916531632
759,-0.91796875,1.892578125,2.052734375,-0.5008257615155869,16,1712916531632
760,0.537109375,2.064453125,1.908203125,0.5008257615155869,26,1712916531733
760,0.453125,2.15625,1.88671875,0.5008257615155869,25,1712916531733
760,0.353515625,1.810546875,2.140625,0.6260322018944836,19,1712916531733
760,0.447265625,1.9921875,2.0078125,0.6260322018944836,41,1712916531733
760,0.453125,2.11328125,1.935546875,0.6260322018944836,43,1712916531733
760,0.3671875,2.150390625,1.96875,0.6260322018944836,23,1712916531733
760,0.265625,2.06640625,1.908203125,0.7512386422733803,24,1712916531733
760,0.357421875,2.00390625,2.013671875,0.7512386422733803,43,1712916531733
760,0.453125,2.02734375,2.025390625,0.7512386422733803,47,1712916531733
760,0.458984375,2.09765625,2.0078125,0.7512386422733803,27,1712916531733
760,0.173828125,2.587890625,1.01953125,0.876445082652277,28,1712916531733
760,0.17578125,2.466796875,1.365234375,0.876445082652277,40,1712916531733
760,0.1796875,2.337890625,1.642578125,0.876445082652277,40,1712916531733
760,0.271484375,2.171875,1.904296875,0.876445082652277,33,1712916531733
760,0.5078125,2.650390625,-0.25,-1.0016515230311738,22,1712916531733
760,0.515625,2.669921875,-0.40625,-1.0016515230311738,44,1712916531733
760,0.435546875,2.263671875,-1.56640625,-1.0016515230311738,43,1712916531733
760,0.353515625,2.353515625,-1.521484375,-1.0016515230311738,34,1712916531733
760,0.626953125,2.654296875,-0.869140625,-1.0016515230311738,37,1712916531733
760,0.724609375,2.693359375,-0.798828125,-1.0016515230311738,45,1712916531733
760,0.734375,2.6796875,-0.958984375,-1.0016515230311738,35,1712916531733
760,0.744140625,2.671875,-1.083984375,-1.0016515230311738,21,1712916531733
760,0.583984375,2.603515625,-0.13671875,-0.876445082652277,29,1712916531733
760,0.5078125,2.66015625,-0.126953125,-0.876445082652277,108,1712916531733
760,0.515625,2.6953125,-0.171875,-0.876445082652277,170,1712916531733
760,0.609375,2.712890625,-0.18359375,-0.876445082652277,117,1712916531733
760,0.44140625,2.52734375,-1.18359375,-0.876445082652277,46,1712916531733
760,0.537109375,2.712890625,-0.744140625,-0.876445082652277,51,1712916531733
760,0.724609375,2.767578125,-0.4765625,-0.876445082652277,40,1712916531733
760,0.826171875,2.697265625,-0.826171875,-0.876445082652277,37,1712916531733
760,0.65234375,2.736328125,-0.974609375,-0.876445082652277,24,1712916531733
760,0.583984375,2.607421875,0.05859375,-0.7512386422733803,35,1712916531733
760,0.5078125,2.662109375,0.015625,-0.7512386422733803,140,1712916531733
760,0.6015625,2.681640625,-0.08203125,-0.7512386422733803,230,1712916531733
760,0.609375,2.70703125,-0.251953125,-0.7512386422733803,185,1712916531733
760,0.6171875,2.69140625,-0.599609375,-0.7512386422733803,179,1712916531733
760,0.626953125,2.73828125,-0.556640625,-0.7512386422733803,177,1712916531733
760,0.544921875,2.80078125,-0.5234375,-0.7512386422733803,89,1712916531733
760,0.642578125,2.80859375,-0.587890625,-0.7512386422733803,35,1712916531733
760,0.5078125,2.662109375,0.07421875,-0.6260322018944836,58,1712916531733
760,0.6015625,2.673828125,-0.216796875,-0.6260322018944836,130,1712916531733
760,0.609375,2.6796875,-0.46484375,-0.6260322018944836,177,1712916531733
760,0.6171875,2.720703125,-0.44921875,-0.6260322018944836,220,1712916531733
760,0.537109375,2.78515625,-0.392578125,-0.6260322018944836,202,1712916531733
760,0.544921875,2.80859375,-0.478515625,-0.6260322018944836,105,1712916531733
760,0.3671875,2.8359375,-0.6796875,-0.6260322018944836,38,1712916531733
760,0.515625,2.658203125,-0.474609375,-0.5008257615155869,32,1712916531733
760,0.5234375,2.708984375,-0.390625,-0.5008257615155869,74,1712916531733
760,0.529296875,2.7578125,-0.3046875,-0.5008257615155869,89,1712916531733
760,0.447265625,2.818359375,-0.240234375,-0.5008257615155869,72,1712916531733
760,0.453125,2.822265625,-0.5,-0.5008257615155869,41,1712916531733
760,1.412109375,2.146484375,-1.173828125,0.6260322018944836,11,1712916531733
760,-0.70703125,2.52734375,1.044921875,-1.0016515230311738,21,1712916531733
761,0.859375,2.435546875,-0.94140625,-1.0016515230311738,21,1712916531833
761,0.783203125,2.517578125,-0.904296875,-1.0016515230311738,43,1712916531833
761,0.70703125,2.583984375,-0.900390625,-1.0016515230311738,50,1712916531833
761,0.71484375,2.642578125,-0.8359375,-1.0016515230311738,37,1712916531833
761,0.724609375,2.712890625,-0.732421875,-1.0016515230311738,19,1712916531833
761,0.568359375,2.53125,0.083984375,-0.876445082652277,16,1712916531833
761,0.576171875,2.5703125,-0.013671875,-0.876445082652277,44,1712916531833
761,0.501953125,2.619140625,0.1796875,-0.876445082652277,41,1712916531833
761,0.677734375,2.28515625,-1.2890625,-0.876445082652277,21,1712916531833
761,0.6015625,2.560546875,-0.80078125,-0.876445082652277,91,1712916531833
761,0.697265625,2.58984375,-0.76171875,-0.876445082652277,117,1712916531833
761,0.794921875,2.611328125,-0.724609375,-0.876445082652277,83,1712916531833
761,0.71484375,2.69140625,-0.662109375,-0.876445082652277,47,1712916531833
761,0.544921875,2.787109375,-0.59375,-0.876445082652277,31,1712916531833
761,0.568359375,2.525390625,0.193359375,-0.7512386422733803,24,1712916531833
761,0.494140625,2.580078125,0.203125,-0.7512386422733803,65,1712916531833
761,0.501953125,2.59765625,0.3828125,-0.7512386422733803,60,1712916531833
761,0.677734375,2.462890625,-0.90625,-0.7512386422733803,37,1712916531833
761,0.6015625,2.615234375,-0.59375,-0.7512386422733803,144,1712916531833
761,0.609375,2.677734375,-0.4765625,-0.7512386422733803,155,1712916531833
761,0.70703125,2.734375,-0.08984375,-0.7512386422733803,66,1712916531833
761,0.267578125,2.642578125,-1.068359375,-0.7512386422733803,52,1712916531833
761,0.36328125,2.734375,-0.90234375,-0.7512386422733803,51,1712916531833
761,0.494140625,2.5625,0.35546875,-0.6260322018944836,29,1712916531833
761,0.501953125,2.580078125,0.486328125,-0.6260322018944836,31,1712916531833
761,0.677734375,2.59375,-0.396484375,-0.6260322018944836,29,1712916531833
761,0.6875,2.61328125,-0.50390625,-0.6260322018944836,64,1712916531833
761,0.609375,2.689453125,0.40625,-0.6260322018944836,52,1712916531833
761,0.265625,2.73828125,-0.642578125,-0.6260322018944836,54,1712916531833
761,0.447265625,2.724609375,-0.755859375,-0.6260322018944836,73,1712916531833
761,0.453125,2.763671875,-0.755859375,-0.6260322018944836,51,1712916531833
761,0.515625,2.623046875,-0.64453125,-0.5008257615155869,32,1712916531833
761,0.26171875,2.71875,-0.548828125,-0.5008257615155869,29,1712916531833
761,0.265625,2.72265625,-0.708984375,-0.5008257615155869,34,1712916531833
761,0.357421875,2.744140625,-0.736328125,-0.5008257615155869,29,1712916531833
761,-2.0859375,1.833984375,-0.841796875,-1.0016515230311738,10,1712916531833
761,-0.267578125,2.2578125,1.740234375,-0.876445082652277,24,1712916531833
761,-0.25390625,1.236328125,2.3984375,-0.7512386422733803,19,1712916531833
761,-0.169921875,0.251953125,-2.693359375,-0.6260322018944836,18,1712916531833
761,-0.26171875,2.12890625,-1.779296875,-0.6260322018944836,30,1712916531833
762,0.32421875,2.357421875,1.03515625,0.0,13,1712916531933
762,0.330078125,2.498046875,0.765625,0.0,12,1712916531933
762,0.494140625,2.474609375,-0.751953125,-1.0016515230311738,52,1712916531933
762,0.501953125,2.49609375,-0.810546875,-1.0016515230311738,75,1712916531933
762,0.5078125,2.4921875,-0.9375,-1.0016515230311738,53,1712916531933
762,0.6875,2.36328125,-1.224609375,-1.0016515230311738,21,1712916531933
762,0.55859375,2.486328125,-0.224609375,-0.876445082652277,52,1712916531933
762,0.568359375,2.51171875,-0.3359375,-0.876445082652277,75,1712916531933
762,0.494140625,2.46484375,-0.78515625,-0.876445082652277,136,1712916531933
762,0.501953125,2.521484375,-0.7265625,-0.876445082652277,248,1712916531933
762,0.5078125,2.54296875,-0.787109375,-0.876445082652277,193,1712916531933
762,0.6875,2.44921875,-1.041015625,-0.876445082652277,73,1712916531933
762,0.173828125,2.767578125,-0.275390625,-0.876445082652277,60,1712916531933
762,0.087890625,2.759765625,-0.595703125,-0.876445082652277,38,1712916531933
762,0.55078125,2.458984375,0.025390625,-0.7512386422733803,39,1712916531933
762,0.55859375,2.49609375,-0.0390625,-0.7512386422733803,143,1712916531933
762,0.568359375,2.529296875,-0.125,-0.7512386422733803,223,1712916531933
762,0.494140625,2.541015625,-0.486328125,-0.7512386422733803,204,1712916531933
762,0.583984375,2.52734375,-0.642578125,-0.7512386422733803,277,1712916531933
762,0.59375,2.56640625,-0.638671875,-0.7512386422733803,246,1712916531933
762,0.6875,2.537109375,-0.806640625,-0.7512386422733803,102,1712916531933
762,0.173828125,2.771484375,-0.23828125,-0.7512386422733803,67,1712916531933
762,0.17578125,2.76171875,-0.572265625,-0.7512386422733803,41,1712916531933
762,0.47265625,2.466796875,0.208984375,-0.6260322018944836,30,1712916531933
762,0.55859375,2.4921875,0.125,-0.6260322018944836,110,1712916531933
762,0.486328125,2.548828125,0.0546875,-0.6260322018944836,173,1712916531933
762,0.494140625,2.583984375,-0.126953125,-0.6260322018944836,147,1712916531933
762,0.583984375,2.572265625,-0.423828125,-0.6260322018944836,120,1712916531933
762,0.59375,2.60546875,-0.453125,-0.6260322018944836,112,1712916531933
762,0.6875,2.607421875,-0.537109375,-0.6260322018944836,59,1712916531933
762,0.568359375,2.53125,0.078125,-0.5008257615155869,18,1712916531933
762,0.494140625,2.48828125,-0.708984375,-0.5008257615155869,24,1712916531933
762,0.41796875,2.474609375,-0.919921875,-0.5008257615155869,42,1712916531933
762,0.423828125,2.525390625,-0.890625,-0.5008257615155869,47,1712916531933
762,0.34375,2.619140625,-0.763671875,-0.5008257615155869,41,1712916531933
762,0.41796875,1.90625,-1.826171875,-0.37561932113669017,18,1712916531933
762,0.337890625,2.38671875,-1.240234375,-0.37561932113669017,22,1712916531933
762,-0.2578125,2.32421875,1.4453125,-1.0016515230311738,12,1712916531933
762,-0.2578125,2.498046875,1.1171875,-0.876445082652277,44,1712916531933
762,-0.2578125,2.3671875,1.373046875,-0.7512386422733803,58,1712916531933
762,-0.494140625,2.35546875,1.072265625,-0.5008257615155869,14,1712916531933
762,-0.583984375,2.6015625,0.16796875,-0.37561932113669017,12,1712916531933
763,0.314453125,2.345703125,0.861328125,0.0,13,1712916532034
763,0.3203125,2.421875,0.755859375,0.0,15,1712916532034
763,0.55078125,2.341796875,-0.751953125,-1.0016515230311738,30,1712916532034
763,0.55859375,2.36328125,-0.802734375,-1.0016515230311738,110,1712916532034
763,0.568359375,2.373046875,-0.88671875,-1.0016515230311738,147,1712916532034
763,0.658203125,2.33203125,-1.03515625,-1.0016515230311738,89,1712916532034
763,0.0,2.625,-0.49609375,-1.0016515230311738,30,1712916532034
763,0.169921875,2.53515625,-0.9453125,-1.0016515230311738,22,1712916532034
763,0.54296875,2.41796875,-0.142578125,-0.876445082652277,31,1712916532034
763,0.55078125,2.44921875,-0.21875,-0.876445082652277,20,1712916532034
763,0.55859375,2.40625,-0.66015625,-0.876445082652277,152,1712916532034
763,0.568359375,2.431640625,-0.70703125,-0.876445082652277,257,1712916532034
763,0.576171875,2.447265625,-0.787109375,-0.876445082652277,166,1712916532034
763,0.8359375,2.1640625,-1.326171875,-0.876445082652277,27,1712916532034
763,0.59375,2.52734375,-0.77734375,-0.876445082652277,56,1712916532034
763,0.34375,2.68359375,-0.486328125,-0.876445082652277,27,1712916532034
763,0.54296875,2.421875,0.01171875,-0.7512386422733803,45,1712916532034
763,0.55078125,2.458984375,0.029296875,-0.7512386422733803,57,1712916532034
763,0.55859375,2.462890625,-0.400390625,-0.7512386422733803,82,1712916532034
763,0.568359375,2.466796875,-0.578125,-0.7512386422733803,129,1712916532034
763,0.576171875,2.474609375,-0.693359375,-0.7512386422733803,91,1712916532034
763,0.751953125,2.498046875,-0.578125,-0.7512386422733803,66,1712916532034
763,0.677734375,2.55859375,-0.587890625,-0.7512386422733803,70,1712916532034
763,0.54296875,2.419921875,0.06640625,-0.6260322018944836,28,1712916532034
763,0.55078125,2.458984375,0.015625,-0.6260322018944836,46,1712916532034
763,0.55859375,2.4921875,-0.12890625,-0.6260322018944836,33,1712916532034
763,0.6484375,2.45703125,-0.525390625,-0.6260322018944836,22,1712916532034
763,0.740234375,2.49609375,-0.400390625,-0.6260322018944836,34,1712916532034
763,0.751953125,2.55078125,-0.26953125,-0.6260322018944836,37,1712916532034
763,0.658203125,2.517578125,-0.41015625,-0.5008257615155869,15,1712916532034
763,0.8359375,2.505859375,-0.408203125,-0.5008257615155869,16,1712916532034
763,-0.39453125,1.818359375,1.69921875,-1.0016515230311738,18,1712916532034
763,-0.330078125,2.17578125,1.447265625,-1.0016515230311738,49,1712916532034
763,0.91796875,0.0,-2.66015625,-1.0016515230311738,18,1712916532034
763,-0.314453125,1.85546875,1.673828125,-0.876445082652277,16,1712916532034
763,-2.087890625,1.412109375,-0.88671875,-0.876445082652277,26,1712916532034
764,0.310546875,2.4296875,0.40234375,0.0,15,1712916532135
764,0.314453125,2.46484375,0.416015625,0.0,14,1712916532135
764,0.3203125,2.52734375,0.2265625,0.0,10,1712916532135
764,0.458984375,2.279296875,-0.751953125,-1.0016515230311738,57,1712916532135
764,0.46484375,2.32421875,-0.736328125,-1.0016515230311738,128,1712916532135
764,0.47265625,2.36328125,-0.734375,-1.0016515230311738,133,1712916532135
764,0.400390625,2.43359375,-0.67578125,-1.0016515230311738,66,1712916532135
764,0.32421875,2.541015625,-0.419921875,-1.0016515230311738,27,1712916532135
764,0.494140625,2.466796875,-0.78125,-1.0016515230311738,19,1712916532135
764,0.375,2.30078125,-0.591796875,-0.876445082652277,20,1712916532135
764,0.458984375,2.33203125,-0.56640625,-0.876445082652277,142,1712916532135
764,0.46484375,2.369140625,-0.5703125,-0.876445082652277,305,1712916532135
764,0.47265625,2.40234375,-0.59375,-0.876445082652277,299,1712916532135
764,0.55859375,2.388671875,-0.720703125,-0.876445082652277,144,1712916532135
764,0.6484375,2.43359375,-0.6328125,-0.876445082652277,111,1712916532135
764,0.576171875,2.49609375,-0.611328125,-0.876445082652277,72,1712916532135
764,0.583984375,2.541015625,-0.5859375,-0.876445082652277,24,1712916532135
764,0.458984375,2.3671875,-0.390625,-0.7512386422733803,106,1712916532135
764,0.388671875,2.421875,-0.376953125,-0.7512386422733803,220,1712916532135
764,0.47265625,2.42578125,-0.4921875,-0.7512386422733803,211,1712916532135
764,0.638671875,2.384765625,-0.666015625,-0.7512386422733803,141,1712916532135
764,0.6484375,2.470703125,-0.46484375,-0.7512386422733803,148,1712916532135
764,0.576171875,2.53125,-0.443359375,-0.7512386422733803,98,1712916532135
764,0.501953125,2.59765625,-0.373046875,-0.7512386422733803,35,1712916532135
764,0.228515625,2.431640625,0.00390625,-0.6260322018944836,16,1712916532135
764,0.310546875,2.45703125,-0.15625,-0.6260322018944836,29,1712916532135
764,0.55078125,2.369140625,-0.658203125,-0.6260322018944836,32,1712916532135
764,0.638671875,2.431640625,-0.474609375,-0.6260322018944836,60,1712916532135
764,0.6484375,2.490234375,-0.345703125,-0.6260322018944836,71,1712916532135
764,0.576171875,2.55078125,-0.310546875,-0.6260322018944836,46,1712916532135
764,-0.810546875,1.732421875,1.75390625,-1.0016515230311738,18,1712916532135
764,-0.822265625,1.92578125,1.59765625,-1.0016515230311738,11,1712916532135
765,0.375,2.369140625,0.173828125,0.0,15,1712916532235
765,0.380859375,2.376953125,0.419921875,0.0,16,1712916532235
765,0.451171875,2.263671875,-0.673828125,-1.0016515230311738,20,1712916532235
765,0.380859375,2.248046875,-0.87890625,-1.0016515230311738,27,1712916532235
765,0.310546875,2.189453125,-1.125,-1.0016515230311738,24,1712916532235
765,0.314453125,2.201171875,-1.18359375,-1.0016515230311738,16,1712916532235
765,0.443359375,2.255859375,-0.564453125,-0.876445082652277,49,1712916532235
765,0.375,2.2421875,-0.787109375,-0.876445082652277,75,1712916532235
765,0.380859375,2.21875,-0.951171875,-0.876445082652277,60,1712916532235
765,0.078125,1.794921875,-1.7109375,-0.876445082652277,26,1712916532235
765,0.630859375,2.392578125,-0.474609375,-0.876445082652277,27,1712916532235
765,0.55859375,2.435546875,-0.546875,-0.876445082652277,21,1712916532235
765,0.4375,2.275390625,-0.232421875,-0.7512386422733803,56,1712916532235
765,0.443359375,2.2734375,-0.482421875,-0.7512386422733803,147,1712916532235
765,0.451171875,2.27734375,-0.630859375,-0.7512386422733803,223,1712916532235
765,0.458984375,2.306640625,-0.6640625,-0.7512386422733803,180,1712916532235
765,0.62109375,2.361328125,-0.447265625,-0.7512386422733803,121,1712916532235
765,0.630859375,2.392578125,-0.48046875,-0.7512386422733803,110,1712916532235
765,0.55859375,2.455078125,-0.443359375,-0.7512386422733803,67,1712916532235
765,0.486328125,2.5234375,-0.361328125,-0.7512386422733803,28,1712916532235
765,0.4375,2.287109375,-0.07421875,-0.6260322018944836,54,1712916532235
765,0.369140625,2.31640625,-0.318359375,-0.6260322018944836,134,1712916532235
765,0.451171875,2.314453125,-0.474609375,-0.6260322018944836,201,1712916532235
765,0.458984375,2.3515625,-0.478515625,-0.6260322018944836,156,1712916532235
765,0.62109375,2.3984375,-0.146484375,-0.6260322018944836,96,1712916532235
765,0.630859375,2.435546875,-0.1484375,-0.6260322018944836,86,1712916532235
765,0.48046875,2.51171875,-0.056640625,-0.6260322018944836,50,1712916532235
765,0.443359375,2.32421875,-0.0859375,-0.5008257615155869,32,1712916532235
765,0.451171875,2.34375,-0.30078125,-0.5008257615155869,43,1712916532235
765,0.3046875,2.38671875,-0.4296875,-0.5008257615155869,27,1712916532235
765,0.46484375,1.966796875,-1.439453125,-0.5008257615155869,12,1712916532235
765,0.630859375,1.880859375,-1.552734375,-0.5008257615155869,27,1712916532235
765,0.71875,2.111328125,-1.251953125,-0.5008257615155869,33,1712916532235
765,0.62109375,2.259765625,-0.818359375,-0.37561932113669017,27,1712916532235
765,0.55078125,2.349609375,-0.724609375,-0.37561932113669017,42,1712916532235
765,0.638671875,2.38671875,-0.662109375,-0.37561932113669017,40,1712916532235
765,0.6484375,2.4375,-0.611328125,-0.37561932113669017,22,1712916532235
765,0.775390625,2.33203125,-0.34375,-0.876445082652277,26,1712916532235
765,0.517578125,2.291015625,-0.29296875,-0.6260322018944836,134,1712916532235
765,-0.46484375,2.23046875,0.982421875,-0.5008257615155869,9,1712916532235
765,-0.314453125,2.34765625,0.857421875,-0.5008257615155869,14,1712916532235
766,0.357421875,2.236328125,0.33984375,0.0,11,1712916532335
766,0.291015625,2.298828125,0.2265625,0.0,26,1712916532335
766,0.294921875,2.34375,0.1328125,0.0,31,1712916532335
766,0.224609375,2.39453125,0.041015625,0.0,21,1712916532335
766,0.4296875,2.212890625,-0.40234375,-0.7512386422733803,23,1712916532335
766,0.509765625,2.23046875,-0.43359375,-0.7512386422733803,37,1712916532335
766,0.517578125,2.205078125,-0.6875,-0.7512386422733803,27,1712916532335
766,0.421875,2.203125,-0.203125,-0.6260322018944836,31,1712916532335
766,0.501953125,2.208984375,-0.337890625,-0.6260322018944836,112,1712916532335
766,0.4375,2.1953125,-0.64453125,-0.6260322018944836,199,1712916532335
766,0.517578125,2.1640625,-0.80859375,-0.6260322018944836,240,1712916532335
766,0.451171875,2.205078125,-0.849609375,-0.6260322018944836,169,1712916532335
766,0.458984375,2.005859375,-1.31640625,-0.6260322018944836,53,1712916532335
766,0.54296875,1.173828125,2.1171875,-0.6260322018944836,25,1712916532335
766,0.421875,2.2109375,-0.103515625,-0.5008257615155869,35,1712916532335
766,0.4296875,2.201171875,-0.462890625,-0.5008257615155869,146,1712916532335
766,0.4375,2.19921875,-0.626953125,-0.5008257615155869,346,1712916532335
766,0.443359375,2.23828125,-0.626953125,-0.5008257615155869,469,1712916532335
766,0.451171875,2.275390625,-0.638671875,-0.5008257615155869,342,1712916532335
766,0.380859375,2.283203125,-0.78515625,-0.5008257615155869,118,1712916532335
766,0.62109375,2.146484375,-1.080078125,-0.5008257615155869,61,1712916532335
766,0.708984375,2.236328125,-0.921875,-0.5008257615155869,41,1712916532335
766,0.4296875,2.185546875,-0.537109375,-0.37561932113669017,75,1712916532335
766,0.4375,2.228515625,-0.513671875,-0.37561932113669017,221,1712916532335
766,0.369140625,2.2890625,-0.474609375,-0.37561932113669017,317,1712916532335
766,0.375,2.322265625,-0.501953125,-0.37561932113669017,233,1712916532335
766,0.3046875,2.37109375,-0.505859375,-0.37561932113669017,85,1712916532335
766,0.697265625,2.26953125,-0.71875,-0.37561932113669017,47,1712916532335
766,0.708984375,2.322265625,-0.671875,-0.37561932113669017,34,1712916532335
766,0.36328125,2.26171875,-0.4140625,-0.25041288075779344,28,1712916532335
766,0.294921875,2.30078125,-0.466796875,-0.25041288075779344,43,1712916532335
766,0.30078125,2.306640625,-0.607421875,-0.25041288075779344,41,1712916532335
766,0.228515625,2.337890625,-0.669921875,-0.25041288075779344,22,1712916532335
766,-0.53515625,1.82421875,1.53515625,-0.6260322018944836,38,1712916532335
766,-0.775390625,1.625,1.70703125,-0.6260322018944836,19,1712916532335
766,-0.53515625,1.705078125,1.666015625,-0.5008257615155869,74,1712916532335
766,-0.62109375,1.74609375,1.650390625,-0.5008257615155869,36,1712916532335
766,0.0,2.470703125,0.494140625,-0.5008257615155869,23,1712916532335
766,-0.53515625,1.732421875,1.63671875,-0.37561932113669017,53,1712916532335
766,-0.697265625,1.642578125,1.724609375,-0.37561932113669017,27,1712916532335
766,-0.158203125,2.259765625,1.1015625,-0.37561932113669017,18,1712916532335
766,-0.53515625,1.9921875,1.310546875,-0.25041288075779344,14,1712916532335
767,0.357421875,2.255859375,-0.166015625,0.0,31,1712916532436
767,0.36328125,2.283203125,-0.287109375,0.0,52,1712916532436
767,0.369140625,2.251953125,-0.626953125,0.0,43,1712916532436
767,0.30078125,2.12109375,-1.09375,0.0,20,1712916532436
767,0.291015625,2.30859375,0.08984375,0.12520644037889672,16,1712916532436
767,0.666015625,2.224609375,-0.4609375,-0.6260322018944836,28,1712916532436
767,0.67578125,2.28515625,-0.330078125,-0.6260322018944836,36,1712916532436
767,0.416015625,2.1640625,0.21875,-0.5008257615155869,26,1712916532436
767,0.421875,2.2109375,0.056640625,-0.5008257615155869,50,1712916532436
767,0.4296875,2.240234375,-0.2109375,-0.5008257615155869,104,1712916532436
767,0.4375,2.26953125,-0.283203125,-0.5008257615155869,83,1712916532436
767,0.666015625,2.271484375,-0.0390625,-0.5008257615155869,31,1712916532436
767,0.6015625,2.32421875,-0.15234375,-0.5008257615155869,68,1712916532436
767,0.53515625,2.3828125,0.06640625,-0.5008257615155869,27,1712916532436
767,0.775390625,2.044921875,-1.173828125,-0.5008257615155869,17,1712916532436
767,0.416015625,2.14453125,0.357421875,-0.37561932113669017,25,1712916532436
767,0.421875,2.2109375,-0.0859375,-0.37561932113669017,87,1712916532436
767,0.4296875,2.2265625,-0.3203125,-0.37561932113669017,195,1712916532436
767,0.4375,2.20703125,-0.603515625,-0.37561932113669017,171,1712916532436
767,0.22265625,1.6328125,-1.69921875,-0.37561932113669017,40,1712916532436
767,0.6015625,2.310546875,0.291015625,-0.37561932113669017,64,1712916532436
767,0.458984375,2.29296875,0.705078125,-0.37561932113669017,29,1712916532436
767,0.4921875,2.189453125,-0.18359375,-0.25041288075779344,46,1712916532436
767,0.4296875,2.21484375,-0.39453125,-0.25041288075779344,116,1712916532436
767,0.4375,2.19921875,-0.62890625,-0.25041288075779344,140,1712916532436
767,0.294921875,2.123046875,-1.001953125,-0.25041288075779344,101,1712916532436
767,0.30078125,1.88671875,-1.4609375,-0.25041288075779344,63,1712916532436
767,0.228515625,1.919921875,-1.4921875,-0.25041288075779344,29,1712916532436
767,2.689453125,0.0,3.556640625,-0.25041288075779344,22,1712916532436
767,0.357421875,2.185546875,-0.5859375,-0.12520644037889672,49,1712916532436
767,0.36328125,2.197265625,-0.68359375,-0.12520644037889672,93,1712916532436
767,0.369140625,2.205078125,-0.775390625,-0.12520644037889672,104,1712916532436
767,0.30078125,2.236328125,-0.83203125,-0.12520644037889672,67,1712916532436
767,0.3046875,2.220703125,-0.970703125,-0.12520644037889672,22,1712916532436
767,-0.525390625,1.986328125,1.25,0.0,12,1712916532436
767,-0.666015625,1.48828125,1.71484375,-0.5008257615155869,18,1712916532436
767,-1.849609375,1.109375,-0.9765625,-0.37561932113669017,36,1712916532436
767,-0.6875,1.900390625,1.375,-0.37561932113669017,15,1712916532436
767,-0.517578125,1.904296875,1.30859375,-0.25041288075779344,53,1712916532436
767,-0.6015625,2.01953125,1.158203125,-0.25041288075779344,36,1712916532436
767,-0.611328125,2.037109375,1.203125,-0.25041288075779344,21,1712916532436
767,-3.2734375,1.787109375,-0.291015625,-0.25041288075779344,17,1712916532436
767,-1.984375,1.04296875,-0.970703125,-0.12520644037889672,16,1712916532436
768,0.345703125,2.13671875,0.462890625,0.0,30,1712916532536
768,0.3515625,2.0078125,0.9609375,0.0,32,1712916532536
768,0.21484375,1.794921875,-1.40625,0.0,11,1712916532536
768,0.4375,2.2578125,-0.37109375,0.0,38,1712916532536
768,0.443359375,2.322265625,-0.111328125,0.0,33,1712916532536
768,0.3515625,2.138671875,0.609375,0.12520644037889672,18,1712916532536
768,0.6328125,2.076171875,-0.599609375,-0.876445082652277,28,1712916532536
768,0.64453125,2.115234375,-0.595703125,-0.876445082652277,59,1712916532536
768,0.654296875,2.138671875,-0.650390625,-0.876445082652277,70,1712916532536
768,0.740234375,2.134765625,-0.70703125,-0.876445082652277,59,1712916532536
768,0.751953125,2.15625,-0.75390625,-0.876445082652277,38,1712916532536
768,0.623046875,2.009765625,-0.689453125,-0.7512386422733803,21,1712916532536
768,0.5625,2.099609375,-0.58984375,-0.7512386422733803,78,1712916532536
768,0.64453125,2.126953125,-0.5546875,-0.7512386422733803,131,1712916532536
768,0.654296875,2.181640625,-0.48828125,-0.7512386422733803,110,1712916532536
768,0.666015625,2.181640625,-0.630859375,-0.7512386422733803,82,1712916532536
768,0.751953125,2.162109375,-0.736328125,-0.7512386422733803,70,1712916532536
768,0.6875,2.234375,-0.708984375,-0.7512386422733803,32,1712916532536
768,0.623046875,2.044921875,-0.57421875,-0.6260322018944836,66,1712916532536
768,0.6328125,2.0859375,-0.568359375,-0.6260322018944836,241,1712916532536
768,0.572265625,2.146484375,-0.5546875,-0.6260322018944836,372,1712916532536
768,0.654296875,2.16015625,-0.57421875,-0.6260322018944836,277,1712916532536
768,0.517578125,2.25390625,-0.5078125,-0.6260322018944836,92,1712916532536
768,0.67578125,2.234375,-0.58203125,-0.6260322018944836,39,1712916532536
768,0.6875,2.2265625,-0.732421875,-0.6260322018944836,23,1712916532536
768,0.4765625,2.115234375,-0.193359375,-0.5008257615155869,25,1712916532536
768,0.484375,2.14453125,-0.26171875,-0.5008257615155869,132,1712916532536
768,0.5625,2.150390625,-0.365234375,-0.5008257615155869,349,1712916532536
768,0.572265625,2.1796875,-0.40625,-0.5008257615155869,486,1712916532536
768,0.58203125,2.21484375,-0.419921875,-0.5008257615155869,402,1712916532536
768,0.591796875,2.255859375,-0.404296875,-0.5008257615155869,198,1712916532536
768,0.525390625,2.330078125,-0.283203125,-0.5008257615155869,56,1712916532536
768,0.408203125,2.13671875,0.017578125,-0.37561932113669017,74,1712916532536
768,0.484375,2.16015625,-0.046875,-0.37561932113669017,229,1712916532536
768,0.4921875,2.1953125,-0.099609375,-0.37561932113669017,353,1712916532536
768,0.501953125,2.23046875,-0.138671875,-0.37561932113669017,339,1712916532536
768,0.58203125,2.248046875,-0.162109375,-0.37561932113669017,239,1712916532536
768,0.517578125,2.3046875,-0.15234375,-0.37561932113669017,146,1712916532536
768,0.525390625,2.34765625,0.009765625,-0.37561932113669017,52,1712916532536
768,0.408203125,2.130859375,0.158203125,-0.25041288075779344,64,1712916532536
768,0.416015625,2.171875,0.11328125,-0.25041288075779344,170,1712916532536
768,0.421875,2.212890625,0.025390625,-0.25041288075779344,222,1712916532536
768,0.357421875,2.259765625,-0.10546875,-0.25041288075779344,170,1712916532536
768,0.291015625,2.302734375,-0.177734375,-0.25041288075779344,91,1712916532536
768,0.22265625,2.35546875,0.0390625,-0.25041288075779344,34,1712916532536
768,0.345703125,2.1875,0.029296875,-0.12520644037889672,23,1712916532536
768,0.421875,2.185546875,-0.34375,-0.12520644037889672,67,1712916532536
768,0.4296875,2.20703125,-0.44140625,-0.12520644037889672,114,1712916532536
768,0.36328125,2.263671875,-0.40625,-0.12520644037889672,105,1712916532536
768,0.443359375,2.3125,-0.2421875,-0.12520644037889672,51,1712916532536
768,-0.501953125,1.970703125,1.0546875,0.0,11,1712916532536
768,-1.998046875,1.203125,-0.41015625,-0.25041288075779344,20,1712916532536
769,0.408203125,2.126953125,0.216796875,0.0,18,1712916532636
769,0.416015625,2.173828125,-0.0625,0.0,48,1712916532636
769,0.421875,2.205078125,-0.189453125,0.0,80,1712916532636
769,0.4296875,2.234375,-0.2578125,0.0,89,1712916532636
769,0.4375,2.271484375,-0.267578125,0.0,65,1712916532636
769,0.443359375,2.3125,-0.2421875,0.0,34,1712916532636
769,0.357421875,2.255859375,-0.16015625,0.12520644037889672,18,1712916532636
769,0.36328125,2.2890625,-0.220703125,0.12520644037889672,21,1712916532636
769,0.69140625,1.982421875,-0.705078125,-1.0016515230311738,15,1712916532636
769,0.6328125,2.060546875,-0.650390625,-1.0016515230311738,19,1712916532636
769,0.6796875,1.97265625,-0.619140625,-0.876445082652277,23,1712916532636
769,0.69140625,2.013671875,-0.609375,-0.876445082652277,53,1712916532636
769,0.703125,2.041015625,-0.642578125,-0.876445082652277,67,1712916532636
769,0.71484375,2.0625,-0.693359375,-0.876445082652277,47,1712916532636
769,0.728515625,2.05859375,-0.80859375,-0.876445082652277,26,1712916532636
769,0.611328125,2.05078125,-0.392578125,-0.7512386422733803,46,1712916532636
769,0.69140625,2.05078125,-0.46875,-0.7512386422733803,87,1712916532636
769,0.703125,2.06640625,-0.556640625,-0.7512386422733803,89,1712916532636
769,0.71484375,2.068359375,-0.671875,-0.7512386422733803,60,1712916532636
769,0.728515625,2.0859375,-0.734375,-0.7512386422733803,35,1712916532636
769,0.666015625,2.169921875,-0.669921875,-0.7512386422733803,23,1712916532636
769,3.02734375,0.0,2.146484375,-0.7512386422733803,16,1712916532636
769,0.611328125,2.07421875,-0.236328125,-0.6260322018944836,30,1712916532636
769,0.623046875,2.10546875,-0.279296875,-0.6260322018944836,49,1712916532636
769,0.6328125,2.134765625,-0.341796875,-0.6260322018944836,36,1712916532636
769,0.21484375,2.20703125,0.576171875,-0.6260322018944836,14,1712916532636
769,3.02734375,0.0,2.615234375,-0.6260322018944836,24,1712916532636
769,3.060546875,0.0,2.646484375,-0.6260322018944836,22,1712916532636
769,0.4765625,2.08984375,-0.376953125,-0.5008257615155869,25,1712916532636
769,0.484375,2.115234375,-0.443359375,-0.5008257615155869,52,1712916532636
769,0.4921875,2.171875,-0.3359375,-0.5008257615155869,46,1712916532636
769,0.501953125,2.22265625,0.232421875,-0.5008257615155869,27,1712916532636
769,0.654296875,0.703125,-2.12109375,-0.5008257615155869,25,1712916532636
769,0.400390625,2.099609375,-0.048828125,-0.37561932113669017,22,1712916532636
769,0.4765625,2.119140625,-0.130859375,-0.37561932113669017,78,1712916532636
769,0.484375,2.150390625,-0.216796875,-0.37561932113669017,114,1712916532636
769,0.4921875,2.16796875,-0.359375,-0.37561932113669017,67,1712916532636
769,-0.357421875,1.76953125,1.41015625,-0.37561932113669017,22,1712916532636
769,0.509765625,2.220703125,-0.484375,-0.37561932113669017,32,1712916532636
769,2.978515625,0.0,3.041015625,-0.37561932113669017,25,1712916532636
769,2.892578125,0.0,3.29296875,-0.37561932113669017,24,1712916532636
769,0.400390625,2.09765625,0.08984375,-0.25041288075779344,32,1712916532636
769,0.408203125,2.13671875,0.033203125,-0.25041288075779344,109,1712916532636
769,0.416015625,2.173828125,-0.076171875,-0.25041288075779344,156,1712916532636
769,0.421875,2.18359375,-0.359375,-0.25041288075779344,128,1712916532636
769,0.501953125,2.083984375,-0.80859375,-0.25041288075779344,103,1712916532636
769,0.509765625,2.10546875,-0.853515625,-0.25041288075779344,69,1712916532636
769,0.443359375,2.24609375,-0.599609375,-0.25041288075779344,26,1712916532636
769,2.748046875,0.0,3.56640625,-0.25041288075779344,32,1712916532636
769,2.892578125,0.0,3.54296875,-0.25041288075779344,39,1712916532636
769,2.923828125,0.0,3.56640625,-0.25041288075779344,29,1712916532636
769,0.4765625,2.12109375,0.111328125,-0.12520644037889672,51,1712916532636
769,0.416015625,2.173828125,-0.095703125,-0.12520644037889672,106,1712916532636
769,0.421875,2.19140625,-0.30859375,-0.12520644037889672,156,1712916532636
769,0.501953125,2.189453125,-0.451171875,-0.12520644037889672,166,1712916532636
769,0.509765625,2.216796875,-0.49609375,-0.12520644037889672,111,1712916532636
769,0.443359375,2.283203125,-0.43359375,-0.12520644037889672,47,1712916532636
769,2.748046875,0.0,-3.572265625,-0.12520644037889672,25,1712916532636
769,2.77734375,0.0,-3.6796875,-0.12520644037889672,31,1712916532636
769,1.234375,2.07421875,2.65625,-0.7512386422733803,9,1712916532636
769,0.859375,1.84375,-1.0546875,-0.6260322018944836,13,1712916532636
769,-0.787109375,1.154296875,1.814453125,-0.5008257615155869,15,1712916532636
769,-0.80078125,1.23046875,1.80859375,-0.5008257615155869,15,1712916532636
769,0.572265625,1.181640625,1.876953125,-0.37561932113669017,12,1712916532636
770,0.333984375,2.111328125,0.0625,0.0,30,1712916532737
770,0.408203125,2.13671875,0.001953125,0.0,59,1712916532737
770,0.345703125,2.1875,-0.046875,0.0,42,1712916532737
770,0.5625,2.13671875,-0.439453125,0.0,25,1712916532737
770,0.501953125,2.228515625,-0.177734375,0.0,33,1712916532737
770,0.36328125,2.212890625,-0.625,0.0,24,1712916532737
770,0.369140625,2.181640625,-0.837890625,0.0,26,1712916532737
770,0.33984375,2.146484375,-0.109375,0.12520644037889672,18,1712916532737
770,0.357421875,2.251953125,-0.224609375,0.12520644037889672,26,1712916532737
770,0.36328125,2.283203125,-0.27734375,0.12520644037889672,43,1712916532737
770,0.369140625,2.30859375,-0.37109375,0.12520644037889672,51,1712916532737
770,0.375,2.33203125,-0.45703125,0.12520644037889672,37,1712916532737
770,0.287109375,2.271484375,0.0546875,0.25041288075779344,23,1712916532737
770,0.21875,2.3125,0.162109375,0.25041288075779344,34,1712916532737
770,0.291015625,2.1640625,-0.80859375,0.37561932113669017,30,1712916532737
770,0.369140625,2.19921875,-0.79296875,0.37561932113669017,42,1712916532737
770,0.30078125,2.2421875,-0.81640625,0.37561932113669017,32,1712916532737
770,0.66796875,1.912109375,-0.68359375,-1.0016515230311738,24,1712916532737
770,0.6796875,1.92578125,-0.75,-1.0016515230311738,34,1712916532737
770,0.69140625,1.962890625,-0.755859375,-1.0016515230311738,31,1712916532737
770,0.734375,1.89453125,-0.666015625,-0.876445082652277,40,1712916532737
770,0.6796875,1.96484375,-0.640625,-0.876445082652277,77,1712916532737
770,0.69140625,2.021484375,-0.580078125,-0.876445082652277,82,1712916532737
770,0.6328125,2.107421875,-0.4765625,-0.876445082652277,54,1712916532737
770,0.572265625,2.203125,-0.259765625,-0.876445082652277,29,1712916532737
770,0.65625,1.947265625,-0.431640625,-0.7512386422733803,70,1712916532737
770,0.66796875,1.98046875,-0.451171875,-0.7512386422733803,152,1712916532737
770,0.6796875,2.013671875,-0.466796875,-0.7512386422733803,176,1712916532737
770,0.623046875,2.08203125,-0.421875,-0.7512386422733803,142,1712916532737
770,0.5625,2.166015625,-0.2578125,-0.7512386422733803,121,1712916532737
770,0.572265625,2.212890625,-0.16015625,-0.7512386422733803,93,1712916532737
770,0.58203125,2.25390625,-0.078125,-0.7512386422733803,42,1712916532737
770,0.65625,1.962890625,-0.349609375,-0.6260322018944836,58,1712916532737
770,0.66796875,1.994140625,-0.388671875,-0.6260322018944836,130,1712916532737
770,0.611328125,2.037109375,-0.455078125,-0.6260322018944836,158,1712916532737
770,0.623046875,2.0703125,-0.48046875,-0.6260322018944836,160,1712916532737
770,0.5625,2.15625,-0.33203125,-0.6260322018944836,177,1712916532737
770,0.572265625,2.205078125,-0.23046875,-0.6260322018944836,145,1712916532737
770,0.58203125,2.248046875,-0.169921875,-0.6260322018944836,62,1712916532737
770,3.107421875,0.0,2.3984375,-0.6260322018944836,22,1712916532737
770,0.6015625,1.921875,-0.71875,-0.5008257615155869,37,1712916532737
770,0.611328125,1.94921875,-0.751953125,-0.5008257615155869,84,1712916532737
770,0.623046875,2.025390625,-0.642578125,-0.5008257615155869,123,1712916532737
770,0.6328125,2.12109375,-0.412109375,-0.5008257615155869,133,1712916532737
770,0.572265625,2.203125,-0.259765625,-0.5008257615155869,103,1712916532737
770,0.58203125,2.24609375,-0.197265625,-0.5008257615155869,55,1712916532737
770,0.4765625,2.107421875,-0.255859375,-0.37561932113669017,44,1712916532737
770,0.416015625,2.15625,-0.283203125,-0.37561932113669017,89,1712916532737
770,0.4921875,2.181640625,-0.271484375,-0.37561932113669017,138,1712916532737
770,0.501953125,2.220703125,-0.255859375,-0.37561932113669017,120,1712916532737
770,0.509765625,2.26171875,-0.2109375,-0.37561932113669017,59,1712916532737
770,0.400390625,2.099609375,-0.056640625,-0.25041288075779344,76,1712916532737
770,0.4765625,2.1171875,-0.169921875,-0.25041288075779344,157,1712916532737
770,0.484375,2.1484375,-0.2265625,-0.25041288075779344,207,1712916532737
770,0.4921875,2.185546875,-0.236328125,-0.25041288075779344,202,1712916532737
770,0.501953125,2.224609375,-0.21484375,-0.25041288075779344,130,1712916532737
770,0.509765625,2.255859375,-0.28125,-0.25041288075779344,54,1712916532737
770,2.748046875,0.0,3.55859375,-0.25041288075779344,42,1712916532737
770,2.77734375,0.0,3.68359375,-0.25041288075779344,35,1712916532737
770,0.400390625,2.099609375,0.013671875,-0.12520644037889672,80,1712916532737
770,0.408203125,2.13671875,-0.0390625,-0.12520644037889672,157,1712916532737
770,0.416015625,2.173828125,-0.091796875,-0.12520644037889672,152,1712916532737
770,0.421875,2.208984375,-0.12109375,-0.12520644037889672,80,1712916532737
770,0.357421875,2.26171875,0.044921875,-0.12520644037889672,25,1712916532737
771,0.39453125,2.056640625,0.1640625,0.0,22,1712916532837
771,0.400390625,2.087890625,0.224609375,0.0,67,1712916532837
771,0.408203125,2.12109375,0.267578125,0.0,89,1712916532837
771,0.345703125,2.154296875,0.37109375,0.0,54,1712916532837
771,0.421875,2.1875,0.33203125,0.0,22,1712916532837
771,0.408203125,2.099609375,-0.396484375,0.12520644037889672,35,1712916532837
771,0.416015625,2.15234375,-0.318359375,0.12520644037889672,53,1712916532837
771,0.3515625,2.20703125,-0.275390625,0.12520644037889672,36,1712916532837
771,0.4296875,2.189453125,-0.521484375,0.12520644037889672,16,1712916532837
771,0.4375,2.212890625,-0.578125,0.12520644037889672,21,1712916532837
771,0.517578125,2.25390625,-0.50390625,0.12520644037889672,28,1712916532837
771,0.525390625,2.26953125,-0.59765625,0.12520644037889672,31,1712916532837
771,0.53515625,2.26953125,-0.732421875,0.12520644037889672,24,1712916532837
771,0.33984375,2.1484375,-0.0703125,0.25041288075779344,24,1712916532837
771,0.345703125,2.185546875,-0.08203125,0.25041288075779344,30,1712916532837
771,0.28125,2.232421875,-0.12109375,0.25041288075779344,18,1712916532837
771,0.451171875,2.23046875,-0.78125,0.25041288075779344,39,1712916532837
771,0.458984375,2.25390625,-0.82421875,0.25041288075779344,48,1712916532837
771,0.46484375,2.275390625,-0.873046875,0.25041288075779344,27,1712916532837
771,0.375,2.224609375,-0.833984375,0.37561932113669017,38,1712916532837
771,0.458984375,2.263671875,-0.798828125,0.37561932113669017,47,1712916532837
771,0.388671875,2.310546875,-0.818359375,0.37561932113669017,29,1712916532837
771,0.443359375,1.99609375,-1.193359375,0.5008257615155869,25,1712916532837
771,0.375,2.13671875,-1.037109375,0.5008257615155869,40,1712916532837
771,0.3046875,2.228515625,-0.955078125,0.5008257615155869,38,1712916532837
771,0.310546875,2.318359375,-0.830078125,0.5008257615155869,21,1712916532837
771,0.30078125,2.14453125,-1.044921875,0.6260322018944836,31,1712916532837
771,0.3046875,2.248046875,-0.90625,0.6260322018944836,28,1712916532837
771,0.6953125,1.779296875,-0.66796875,-1.0016515230311738,18,1712916532837
771,0.64453125,1.8515625,-0.638671875,-1.0016515230311738,44,1712916532837
771,0.72265625,1.85546875,-0.66796875,-1.0016515230311738,53,1712916532837
771,0.734375,1.88671875,-0.6875,-1.0016515230311738,36,1712916532837
771,0.6953125,1.830078125,-0.51171875,-0.876445082652277,65,1712916532837
771,0.64453125,1.890625,-0.51171875,-0.876445082652277,143,1712916532837
771,0.72265625,1.89453125,-0.546875,-0.876445082652277,150,1712916532837
771,0.66796875,1.951171875,-0.560546875,-0.876445082652277,81,1712916532837
771,0.748046875,1.935546875,-0.658203125,-0.876445082652277,28,1712916532837
771,0.6328125,1.880859375,-0.390625,-0.7512386422733803,73,1712916532837
771,0.64453125,1.919921875,-0.380859375,-0.7512386422733803,154,1712916532837
771,0.65625,1.95703125,-0.38671875,-0.7512386422733803,150,1712916532837
771,0.66796875,1.984375,-0.43359375,-0.7512386422733803,66,1712916532837
771,0.623046875,2.1015625,-0.314453125,-0.7512386422733803,20,1712916532837
771,0.568359375,1.9296875,-0.220703125,-0.6260322018944836,26,1712916532837
771,0.580078125,1.96875,-0.1953125,-0.6260322018944836,48,1712916532837
771,0.65625,1.990234375,-0.142578125,-0.6260322018944836,39,1712916532837
771,0.466796875,2.046875,-0.40234375,-0.6260322018944836,26,1712916532837
771,0.544921875,2.095703125,-0.208984375,-0.6260322018944836,81,1712916532837
771,0.552734375,2.134765625,-0.201171875,-0.6260322018944836,88,1712916532837
771,0.5625,2.169921875,-0.2109375,-0.6260322018944836,43,1712916532837
771,0.515625,1.962890625,-0.359375,-0.5008257615155869,18,1712916532837
771,0.525390625,2.01171875,-0.296875,-0.5008257615155869,34,1712916532837
771,0.53515625,2.0625,-0.181640625,-0.5008257615155869,70,1712916532837
771,0.544921875,2.10546875,-0.0859375,-0.5008257615155869,122,1712916532837
771,0.552734375,2.142578125,-0.068359375,-0.5008257615155869,123,1712916532837
771,0.5625,2.177734375,-0.1015625,-0.5008257615155869,61,1712916532837
771,0.525390625,2.02734375,-0.158203125,-0.37561932113669017,30,1712916532837
771,0.53515625,2.0625,-0.18359375,-0.37561932113669017,90,1712916532837
771,0.544921875,2.103515625,-0.130859375,-0.37561932113669017,132,1712916532837
771,0.484375,2.16015625,0.025390625,-0.37561932113669017,93,1712916532837
771,0.3515625,2.14453125,0.587890625,-0.37561932113669017,22,1712916532837
771,0.458984375,2.046875,-0.068359375,-0.25041288075779344,56,1712916532837
771,0.53515625,2.06640625,-0.125,-0.25041288075779344,194,1712916532837
771,0.4765625,2.119140625,-0.134765625,-0.25041288075779344,297,1712916532837
771,0.484375,2.154296875,-0.162109375,-0.25041288075779344,217,1712916532837
772,0.505859375,1.95703125,-0.08203125,0.0,13,1712916532938
772,0.515625,1.99609375,-0.013671875,0.0,13,1712916532938
772,0.39453125,2.05859375,0.130859375,0.0,15,1712916532938
772,0.466796875,2.080078125,0.16796875,0.0,25,1712916532938
772,0.544921875,2.107421875,0.03125,0.0,29,1712916532938
772,0.4765625,2.12109375,0.10546875,0.12520644037889672,17,1712916532938
772,0.458984375,2.15234375,-1.060546875,0.37561932113669017,21,1712916532938
772,0.46484375,2.21875,-1.009765625,0.37561932113669017,19,1712916532938
772,0.458984375,2.212890625,-0.927734375,0.5008257615155869,31,1712916532938
772,0.46484375,2.271484375,-0.8828125,0.5008257615155869,28,1712916532938
772,0.6953125,1.685546875,-0.875,-0.6260322018944836,23,1712916532938
772,0.64453125,1.798828125,-0.7734375,-0.6260322018944836,30,1712916532938
772,0.65625,1.857421875,-0.724609375,-0.6260322018944836,21,1712916532938
772,0.42578125,1.83203125,-0.50390625,-0.5008257615155869,16,1712916532938
772,0.55859375,1.845703125,-0.474609375,-0.5008257615155869,46,1712916532938
772,0.6328125,1.873046875,-0.431640625,-0.5008257615155869,58,1712916532938
772,0.580078125,1.9296875,-0.435546875,-0.5008257615155869,37,1712916532938
772,0.525390625,1.97265625,-0.494140625,-0.5008257615155869,22,1712916532938
772,0.53515625,2.03515625,-0.3828125,-0.5008257615155869,51,1712916532938
772,0.611328125,2.05078125,-0.39453125,-0.5008257615155869,81,1712916532938
772,0.623046875,2.087890625,-0.39453125,-0.5008257615155869,57,1712916532938
772,0.546875,1.814453125,-0.44140625,-0.37561932113669017,24,1712916532938
772,0.55859375,1.861328125,-0.408203125,-0.37561932113669017,81,1712916532938
772,0.6328125,1.880859375,-0.3984375,-0.37561932113669017,116,1712916532938
772,0.580078125,1.9375,-0.396484375,-0.37561932113669017,96,1712916532938
772,0.525390625,2.013671875,-0.27734375,-0.37561932113669017,184,1712916532938
772,0.53515625,2.052734375,-0.271484375,-0.37561932113669017,408,1712916532938
772,0.544921875,2.08984375,-0.26953125,-0.37561932113669017,485,1712916532938
772,0.552734375,2.126953125,-0.26953125,-0.37561932113669017,292,1712916532938
772,0.5625,2.162109375,-0.283203125,-0.37561932113669017,81,1712916532938
772,0.55859375,1.87890625,-0.310546875,-0.25041288075779344,43,1712916532938
772,0.568359375,1.912109375,-0.33203125,-0.25041288075779344,65,1712916532938
772,0.580078125,1.955078125,-0.296875,-0.25041288075779344,82,1712916532938
772,0.458984375,2.044921875,-0.125,-0.25041288075779344,301,1712916532938
772,0.53515625,2.06640625,-0.13671875,-0.25041288075779344,655,1712916532938
772,0.544921875,2.1015625,-0.140625,-0.25041288075779344,721,1712916532938
772,0.484375,2.15625,-0.13671875,-0.25041288075779344,404,1712916532938
772,0.4921875,2.19140625,-0.166015625,-0.25041288075779344,105,1712916532938
772,0.501953125,2.185546875,-0.46484375,-0.25041288075779344,15,1712916532938
772,0.451171875,2.0078125,-0.12890625,-0.12520644037889672,33,1712916532938
772,0.458984375,2.048828125,0.017578125,-0.12520644037889672,161,1712916532938
772,0.466796875,2.0859375,0.01953125,-0.12520644037889672,339,1712916532938
772,0.4765625,2.123046875,0.005859375,-0.12520644037889672,353,1712916532938
772,0.484375,2.16015625,-0.02734375,-0.12520644037889672,189,1712916532938
772,0.4921875,2.19140625,-0.171875,-0.12520644037889672,52,1712916532938
772,0.572265625,2.169921875,-0.462890625,-0.12520644037889672,22,1712916532938
772,-1.861328125,1.3359375,-0.01953125,-0.25041288075779344,13,1712916532938
773,0.609375,1.802734375,-0.41796875,0.0,20,1712916533038
773,0.62109375,1.84765625,-0.376953125,0.0,40,1712916533038
773,0.6328125,1.884765625,-0.376953125,0.0,43,1712916533038
773,0.515625,1.99609375,-0.017578125,0.0,25,1712916533038
773,0.458984375,2.046875,0.087890625,0.0,73,1712916533038
773,0.466796875,2.0859375,0.064453125,0.0,111,1712916533038
773,0.4765625,2.123046875,0.0625,0.0,90,1712916533038
773,0.484375,2.158203125,0.087890625,0.0,37,1712916533038
773,0.591796875,2.26953125,-0.318359375,0.0,22,1712916533038
773,0.39453125,2.05078125,0.21875,0.12520644037889672,15,1712916533038
773,0.466796875,2.078125,0.1875,0.12520644037889672,22,1712916533038
773,0.669921875,1.677734375,-0.724609375,-0.37561932113669017,42,1712916533038
773,0.62109375,1.724609375,-0.76171875,-0.37561932113669017,65,1712916533038
773,0.6328125,1.77734375,-0.732421875,-0.37561932113669017,54,1712916533038
773,0.515625,1.951171875,-0.419921875,-0.37561932113669017,58,1712916533038
773,0.525390625,2.009765625,-0.302734375,-0.37561932113669017,139,1712916533038
773,0.53515625,2.05078125,-0.275390625,-0.37561932113669017,176,1712916533038
773,0.544921875,2.087890625,-0.279296875,-0.37561932113669017,114,1712916533038
773,0.416015625,2.15625,-0.287109375,-0.37561932113669017,33,1712916533038
773,0.669921875,1.763671875,-0.484375,-0.25041288075779344,66,1712916533038
773,0.681640625,1.76953125,-0.58984375,-0.25041288075779344,120,1712916533038
773,0.6328125,1.833984375,-0.572265625,-0.25041288075779344,105,1712916533038
773,0.451171875,2.005859375,-0.140625,-0.25041288075779344,115,1712916533038
773,0.525390625,2.025390625,-0.16796875,-0.25041288075779344,335,1712916533038
773,0.53515625,2.0625,-0.1640625,-0.25041288075779344,446,1712916533038
773,0.4765625,2.1171875,-0.150390625,-0.25041288075779344,304,1712916533038
773,0.484375,2.154296875,-0.17578125,-0.25041288075779344,100,1712916533038
773,0.591796875,2.197265625,-0.65234375,-0.25041288075779344,22,1712916533038
773,0.609375,1.796875,-0.439453125,-0.12520644037889672,48,1712916533038
773,0.62109375,1.828125,-0.458984375,-0.12520644037889672,101,1712916533038
773,0.6328125,1.8671875,-0.45703125,-0.12520644037889672,100,1712916533038
773,0.515625,1.99609375,-0.04296875,-0.12520644037889672,81,1712916533038
773,0.458984375,2.048828125,-0.02734375,-0.12520644037889672,259,1712916533038
773,0.466796875,2.0859375,-0.03125,-0.12520644037889672,365,1712916533038
773,0.4765625,2.123046875,-0.041015625,-0.12520644037889672,266,1712916533038
773,0.416015625,2.173828125,-0.025390625,-0.12520644037889672,95,1712916533038
773,0.58203125,2.208984375,-0.45703125,-0.12520644037889672,29,1712916533038
773,0.591796875,2.248046875,-0.443359375,-0.12520644037889672,40,1712916533038
773,0.525390625,2.3046875,-0.44140625,-0.12520644037889672,28,1712916533038
774,0.595703125,1.74609375,-0.4921875,0.0,23,1712916533138
774,0.609375,1.7890625,-0.47265625,0.0,57,1712916533138
774,0.62109375,1.833984375,-0.439453125,0.0,71,1712916533138
774,0.6328125,1.896484375,-0.31640625,0.0,52,1712916533138
774,0.451171875,2.01171875,0.04296875,0.0,122,1712916533138
774,0.458984375,2.048828125,0.05078125,0.0,220,1712916533138
774,0.466796875,2.0859375,0.04296875,0.0,208,1712916533138
774,0.4765625,2.123046875,-0.00390625,0.0,104,1712916533138
774,0.484375,2.15625,-0.14453125,0.0,35,1712916533138
774,2.97265625,0.0,2.48046875,0.0,15,1712916533138
774,2.8984375,0.0,2.552734375,0.0,17,1712916533138
774,0.486328125,1.857421875,-0.322265625,0.12520644037889672,18,1712916533138
774,0.55859375,1.876953125,-0.326171875,0.12520644037889672,27,1712916533138
774,0.568359375,1.90625,-0.373046875,0.12520644037889672,19,1712916533138
774,0.39453125,2.03125,0.361328125,0.12520644037889672,28,1712916533138
774,0.466796875,2.064453125,0.296875,0.12520644037889672,26,1712916533138
774,0.515625,1.951171875,-0.423828125,-0.37561932113669017,17,1712916533138
774,0.525390625,2.009765625,-0.310546875,-0.37561932113669017,32,1712916533138
774,0.53515625,2.04296875,-0.3359375,-0.37561932113669017,30,1712916533138
774,0.65625,1.521484375,-0.947265625,-0.25041288075779344,24,1712916533138
774,0.669921875,1.64453125,-0.798828125,-0.25041288075779344,53,1712916533138
774,0.681640625,1.720703125,-0.71875,-0.25041288075779344,59,1712916533138
774,0.6328125,1.865234375,-0.46484375,-0.25041288075779344,52,1712916533138
774,0.515625,1.982421875,-0.228515625,-0.25041288075779344,152,1712916533138
774,0.525390625,2.021484375,-0.212890625,-0.25041288075779344,274,1712916533138
774,0.53515625,2.05859375,-0.22265625,-0.25041288075779344,252,1712916533138
774,0.4765625,2.111328125,-0.224609375,-0.25041288075779344,118,1712916533138
774,0.484375,2.138671875,-0.3125,-0.25041288075779344,35,1712916533138
774,3.11328125,0.0,2.1796875,-0.25041288075779344,22,1712916533138
774,0.595703125,1.67578125,-0.69140625,-0.12520644037889672,48,1712916533138
774,0.609375,1.740234375,-0.625,-0.12520644037889672,119,1712916533138
774,0.681640625,1.77734375,-0.5625,-0.12520644037889672,148,1712916533138
774,0.6328125,1.873046875,-0.431640625,-0.12520644037889672,110,1712916533138
774,0.515625,1.9921875,-0.125,-0.12520644037889672,240,1712916533138
774,0.458984375,2.046875,-0.072265625,-0.12520644037889672,422,1712916533138
774,0.466796875,2.083984375,-0.080078125,-0.12520644037889672,390,1712916533138
774,0.4765625,2.119140625,-0.125,-0.12520644037889672,195,1712916533138
774,0.484375,2.146484375,-0.244140625,-0.12520644037889672,64,1712916533138
774,0.421875,2.1953125,-0.28125,-0.12520644037889672,18,1712916533138
774,2.97265625,0.0,2.35546875,-0.12520644037889672,28,1712916533138
774,3.005859375,0.0,2.3828125,-0.12520644037889672,33,1712916533138
774,1.07421875,0.0,-3.2734375,0.0,9,1712916533138
774,-0.060546875,1.708984375,0.84765625,-0.25041288075779344,13,1712916533138
774,-0.060546875,1.65625,1.021484375,-0.25041288075779344,27,1712916533138
774,-0.0625,1.63671875,1.12109375,-0.25041288075779344,30,1712916533138
774,1.181640625,1.607421875,2.796875,-0.25041288075779344,13,1712916533138
774,-0.3515625,1.3671875,1.755859375,-0.12520644037889672,12,1712916533138
774,1.16796875,0.0,3.337890625,-0.12520644037889672,16,1712916533138
774,1.07421875,0.876953125,3.14453125,-0.12520644037889672,18,1712916533138
775,0.595703125,1.76953125,-0.392578125,0.0,20,1712916533239
775,0.609375,1.79296875,-0.45703125,0.0,58,1712916533239
775,0.681640625,1.810546875,-0.44140625,0.0,82,1712916533239
775,0.6328125,1.875,-0.419921875,0.0,60,1712916533239
775,0.580078125,1.955078125,-0.298828125,0.0,25,1712916533239
775,0.80078125,1.900390625,-0.5625,0.0,31,1712916533239
775,0.81640625,1.9375,-0.55859375,0.0,37,1712916533239
775,0.76171875,1.998046875,-0.57421875,0.0,26,1712916533239
775,0.537109375,1.814453125,-0.2578125,0.12520644037889672,35,1712916533239
775,0.609375,1.828125,-0.28515625,0.12520644037889672,109,1712916533239
775,0.681640625,1.837890625,-0.30859375,0.12520644037889672,156,1712916533239
775,0.6328125,1.89453125,-0.318359375,0.12520644037889672,112,1712916533239
775,0.580078125,1.96875,-0.197265625,0.12520644037889672,40,1712916533239
775,0.80078125,1.939453125,-0.41015625,0.12520644037889672,62,1712916533239
775,0.748046875,1.99609375,-0.439453125,0.12520644037889672,70,1712916533239
775,0.76171875,2.03125,-0.4453125,0.12520644037889672,48,1712916533239
775,0.703125,2.07421875,-0.525390625,0.12520644037889672,26,1712916533239
775,0.65625,1.765625,0.30859375,0.25041288075779344,20,1712916533239
775,0.609375,1.849609375,-0.041015625,0.25041288075779344,58,1712916533239
775,0.62109375,1.87890625,-0.166015625,0.25041288075779344,80,1712916533239
775,0.6328125,1.912109375,-0.1953125,0.25041288075779344,57,1712916533239
775,0.580078125,1.978515625,-0.013671875,0.25041288075779344,17,1712916533239
775,0.734375,1.982421875,-0.3125,0.25041288075779344,33,1712916533239
775,0.748046875,2.021484375,-0.3046875,0.25041288075779344,38,1712916533239
775,0.76171875,2.04296875,-0.3828125,0.25041288075779344,26,1712916533239
775,0.525390625,2.021484375,-0.208984375,-0.12520644037889672,23,1712916533239
775,0.466796875,2.078125,-0.17578125,-0.12520644037889672,21,1712916533239
775,-0.12890625,1.10546875,1.734375,0.0,13,1712916533239
775,-0.12890625,1.205078125,1.66796875,0.12520644037889672,21,1712916533239
775,-1.2890625,1.587890625,-0.259765625,0.25041288075779344,10,1712916533239
776,0.451171875,1.984375,-0.326171875,0.0,17,1712916533339
776,0.525390625,2.0,-0.3671875,0.0,38,1712916533339
776,0.466796875,2.05859375,-0.333984375,0.0,41,1712916533339
776,0.4765625,2.083984375,-0.404296875,0.0,22,1712916533339
776,0.6328125,1.841796875,-0.55078125,0.12520644037889672,18,1712916533339
776,0.515625,1.9765625,-0.283203125,0.12520644037889672,39,1712916533339
776,0.525390625,2.015625,-0.265625,0.12520644037889672,77,1712916533339
776,0.466796875,2.06640625,-0.279296875,0.12520644037889672,85,1712916533339
776,0.544921875,2.0859375,-0.302734375,0.12520644037889672,58,1712916533339
776,0.552734375,2.123046875,-0.298828125,0.12520644037889672,24,1712916533339
776,0.669921875,1.765625,-0.474609375,0.25041288075779344,43,1712916533339
776,0.744140625,1.763671875,-0.52734375,0.25041288075779344,118,1712916533339
776,0.6953125,1.82421875,-0.53125,0.25041288075779344,154,1712916533339
776,0.580078125,1.951171875,-0.322265625,0.25041288075779344,180,1712916533339
776,0.525390625,2.02734375,-0.16015625,0.25041288075779344,277,1712916533339
776,0.53515625,2.064453125,-0.1484375,0.25041288075779344,296,1712916533339
776,0.544921875,2.1015625,-0.15234375,0.25041288075779344,180,1712916533339
776,0.484375,2.154296875,-0.16015625,0.25041288075779344,67,1712916533339
776,0.6328125,2.140625,-0.294921875,0.25041288075779344,30,1712916533339
776,0.669921875,1.779296875,-0.419921875,0.37561932113669017,66,1712916533339
776,0.744140625,1.791015625,-0.423828125,0.37561932113669017,188,1712916533339
776,0.6953125,1.84375,-0.455078125,0.37561932113669017,250,1712916533339
776,0.64453125,1.9296875,-0.333984375,0.37561932113669017,223,1712916533339
776,0.525390625,2.03125,-0.080078125,0.37561932113669017,247,1712916533339
776,0.466796875,2.0859375,-0.001953125,0.37561932113669017,241,1712916533339
776,0.4765625,2.123046875,-0.00390625,0.37561932113669017,140,1712916533339
776,0.484375,2.16015625,-0.005859375,0.37561932113669017,49,1712916533339
776,0.609375,1.78125,-0.498046875,0.5008257615155869,33,1712916533339
776,0.681640625,1.826171875,-0.376953125,0.5008257615155869,95,1712916533339
776,0.6953125,1.861328125,-0.3828125,0.5008257615155869,129,1712916533339
776,0.64453125,1.92578125,-0.35546875,0.5008257615155869,98,1712916533339
776,0.525390625,2.03125,-0.1015625,0.5008257615155869,59,1712916533339
776,0.466796875,2.08203125,0.11328125,0.5008257615155869,43,1712916533339
776,0.408203125,2.134765625,0.1015625,0.5008257615155869,22,1712916533339
776,0.681640625,1.671875,-0.82421875,0.6260322018944836,16,1712916533339
776,0.6953125,1.748046875,-0.74609375,0.6260322018944836,15,1712916533339
776,0.53515625,2.00390625,-0.515625,-0.12520644037889672,17,1712916533339
776,0.0,1.791015625,0.853515625,0.6260322018944836,9,1712916533339
776,-0.0625,1.75,1.01171875,0.6260322018944836,8,1712916533339
777,0.6953125,1.689453125,-0.869140625,0.0,14,1712916533441
777,0.708984375,1.759765625,-0.806640625,0.0,13,1712916533441
777,0.76171875,1.96484375,-0.681640625,0.0,20,1712916533441
777,0.7734375,1.974609375,-0.755859375,0.0,19,1712916533441
777,0.859375,2.0,-0.7109375,0.0,14,1712916533441
777,0.740234375,2.1328125,-0.708984375,0.0,14,1712916533441
777,0.67578125,2.203125,-0.6875,0.0,19,1712916533441
777,0.6875,2.234375,-0.708984375,0.0,13,1712916533441
777,0.7578125,1.76953125,-0.62109375,0.12520644037889672,19,1712916533441
777,0.708984375,1.8359375,-0.61328125,0.12520644037889672,21,1712916533441
777,0.81640625,1.927734375,-0.595703125,0.12520644037889672,23,1712916533441
777,0.830078125,1.978515625,-0.548828125,0.12520644037889672,29,1712916533441
777,0.859375,2.056640625,-0.529296875,0.12520644037889672,24,1712916533441
777,0.80078125,2.107421875,-0.583984375,0.12520644037889672,20,1712916533441
777,0.740234375,2.16796875,-0.595703125,0.12520644037889672,27,1712916533441
777,0.67578125,2.23828125,-0.564453125,0.12520644037889672,34,1712916533441
777,0.6875,2.2734375,-0.576171875,0.12520644037889672,25,1712916533441
777,-0.185546875,1.3515625,2.646484375,0.12520644037889672,16,1712916533441
777,-0.283203125,1.822265625,2.38671875,0.12520644037889672,15,1712916533441
777,0.681640625,1.80078125,-0.484375,0.25041288075779344,35,1712916533441
777,0.6953125,1.8359375,-0.490234375,0.25041288075779344,79,1712916533441
777,0.708984375,1.869140625,-0.50390625,0.25041288075779344,97,1712916533441
777,0.58984375,1.98046875,-0.3671875,0.25041288075779344,118,1712916533441
777,0.53515625,2.05078125,-0.275390625,0.25041288075779344,176,1712916533441
777,0.544921875,2.09375,-0.232421875,0.25041288075779344,162,1712916533441
777,0.552734375,2.138671875,-0.162109375,0.25041288075779344,62,1712916533441
777,0.666015625,2.21484375,-0.5,0.25041288075779344,20,1712916533441
777,0.6015625,2.294921875,-0.390625,0.25041288075779344,23,1712916533441
777,-0.185546875,0.50390625,2.9296875,0.25041288075779344,15,1712916533441
777,0.0,0.869140625,2.888671875,0.25041288075779344,13,1712916533441
777,0.744140625,1.794921875,-0.404296875,0.37561932113669017,49,1712916533441
777,0.6953125,1.84375,-0.4609375,0.37561932113669017,127,1712916533441
777,0.708984375,1.87890625,-0.46484375,0.37561932113669017,170,1712916533441
777,0.58984375,2.0,-0.236328125,0.37561932113669017,219,1712916533441
777,0.6015625,2.04296875,-0.181640625,0.37561932113669017,355,1712916533441
777,0.544921875,2.103515625,-0.1328125,0.37561932113669017,335,1712916533441
777,0.484375,2.16015625,-0.033203125,0.37561932113669017,123,1712916533441
777,0.572265625,2.1953125,-0.310546875,0.37561932113669017,22,1712916533441
777,0.681640625,1.8515625,-0.21875,0.5008257615155869,42,1712916533441
777,0.7578125,1.841796875,-0.349609375,0.5008257615155869,128,1712916533441
777,0.708984375,1.890625,-0.416015625,0.5008257615155869,172,1712916533441
777,0.65625,1.974609375,-0.287109375,0.5008257615155869,158,1712916533441
777,0.53515625,2.068359375,-0.056640625,0.5008257615155869,232,1712916533441
777,0.544921875,2.107421875,-0.025390625,0.5008257615155869,213,1712916533441
777,0.484375,2.16015625,0.033203125,0.5008257615155869,86,1712916533441
777,0.7578125,1.873046875,-0.1015625,0.6260322018944836,54,1712916533441
777,0.708984375,1.892578125,-0.404296875,0.6260322018944836,76,1712916533441
777,0.72265625,1.900390625,-0.5234375,0.6260322018944836,56,1712916533441
777,0.6015625,2.037109375,-0.236328125,0.6260322018944836,32,1712916533441
777,0.4765625,2.123046875,-0.009765625,0.6260322018944836,22,1712916533441
777,0.0,1.498046875,1.416015625,0.0,7,1712916533441
777,1.1171875,2.751953125,0.208984375,0.12520644037889672,12,1712916533441
777,1.130859375,2.791015625,-0.154296875,0.12520644037889672,10,1712916533441
777,1.208984375,2.701171875,0.3203125,0.25041288075779344,12,1712916533441
777,1.224609375,2.75,0.171875,0.25041288075779344,10,1712916533441
778,0.6328125,1.86328125,-0.470703125,0.0,28,1712916533540
778,0.708984375,1.86328125,-0.525390625,0.0,38,1712916533540
778,0.65625,1.91796875,-0.546875,0.0,50,1712916533540
778,0.6015625,2.00390625,-0.4375,0.0,128,1712916533540
778,0.611328125,2.048828125,-0.408203125,0.0,234,1712916533540
778,0.552734375,2.10546875,-0.400390625,0.0,222,1712916533540
778,0.6328125,2.12109375,-0.4140625,0.0,117,1712916533540
778,0.572265625,2.1875,-0.37109375,0.0,32,1712916533540
778,0.62109375,1.853515625,-0.349609375,0.12520644037889672,19,1712916533540
778,0.6953125,1.869140625,-0.337890625,0.12520644037889672,57,1712916533540
778,0.708984375,1.90625,-0.341796875,0.12520644037889672,71,1712916533540
778,0.58984375,1.9921875,-0.298828125,0.12520644037889672,78,1712916533540
778,0.53515625,2.056640625,-0.240234375,0.12520644037889672,222,1712916533540
778,0.544921875,2.09375,-0.2421875,0.12520644037889672,423,1712916533540
778,0.623046875,2.107421875,-0.271484375,0.12520644037889672,418,1712916533540
778,0.5625,2.162109375,-0.287109375,0.12520644037889672,221,1712916533540
778,0.572265625,2.201171875,-0.2734375,0.12520644037889672,62,1712916533540
778,0.568359375,1.931640625,-0.201171875,0.25041288075779344,27,1712916533540
778,0.708984375,1.935546875,-0.021484375,0.25041288075779344,40,1712916533540
778,0.72265625,1.94140625,-0.349609375,0.25041288075779344,47,1712916533540
778,0.53515625,2.068359375,0.0625,0.25041288075779344,115,1712916533540
778,0.544921875,2.10546875,-0.068359375,0.25041288075779344,242,1712916533540
778,0.552734375,2.140625,-0.115234375,0.25041288075779344,253,1712916533540
778,0.5625,2.17578125,-0.138671875,0.25041288075779344,132,1712916533540
778,0.572265625,2.212890625,-0.140625,0.25041288075779344,36,1712916533540
778,0.7734375,1.859375,-0.4375,0.37561932113669017,35,1712916533540
778,0.787109375,1.85546875,-0.5859375,0.37561932113669017,55,1712916533540
778,0.734375,1.857421875,-0.76171875,0.37561932113669017,43,1712916533540
778,0.484375,2.15234375,0.197265625,0.37561932113669017,21,1712916533540
778,0.611328125,2.021484375,-0.52734375,-0.12520644037889672,24,1712916533540
778,0.623046875,2.064453125,-0.501953125,-0.12520644037889672,20,1712916533540
778,3.2578125,0.0,1.966796875,-0.12520644037889672,23,1712916533540
778,3.18359375,0.0,1.95703125,-0.12520644037889672,20,1712916533540
779,0.53515625,2.068359375,-0.091796875,0.0,44,1712916533640
779,0.544921875,2.10546875,-0.07421875,0.0,80,1712916533640
779,0.552734375,2.14453125,-0.0078125,0.0,72,1712916533640
779,0.421875,2.212890625,0.001953125,0.0,33,1712916533640
779,0.466796875,2.0859375,0.0390625,0.12520644037889672,26,1712916533640
779,0.408203125,2.12890625,0.19921875,0.12520644037889672,42,1712916533640
779,0.345703125,2.1640625,0.3125,0.12520644037889672,34,1712916533640
779,0.837890625,1.73828125,-0.724609375,-0.37561932113669017,28,1712916533640
779,0.787109375,1.79296875,-0.759765625,-0.37561932113669017,47,1712916533640
779,0.80078125,1.802734375,-0.826171875,-0.37561932113669017,44,1712916533640
779,0.6796875,1.93359375,-0.732421875,-0.37561932113669017,26,1712916533640
779,0.837890625,1.798828125,-0.55859375,-0.25041288075779344,58,1712916533640
779,0.787109375,1.8359375,-0.6484375,-0.25041288075779344,85,1712916533640
779,0.869140625,1.806640625,-0.7421875,-0.25041288075779344,59,1712916533640
779,0.408203125,2.125,-0.22265625,-0.25041288075779344,49,1712916533640
779,0.484375,2.154296875,-0.158203125,-0.25041288075779344,55,1712916533640
779,0.822265625,1.82421875,-0.302734375,-0.12520644037889672,19,1712916533640
779,0.7734375,1.853515625,-0.46875,-0.12520644037889672,45,1712916533640
779,0.853515625,1.85546875,-0.484375,-0.12520644037889672,49,1712916533640
779,0.53515625,2.0625,-0.166015625,-0.12520644037889672,80,1712916533640
779,0.544921875,2.103515625,-0.1328125,-0.12520644037889672,164,1712916533640
779,0.484375,2.158203125,-0.09765625,-0.12520644037889672,152,1712916533640
779,0.421875,2.212890625,-0.046875,-0.12520644037889672,67,1712916533640
779,1.17578125,1.095703125,-1.521484375,0.12520644037889672,21,1712916533640
780,0.62109375,1.84765625,-0.373046875,0.0,12,1712916533741
780,0.7578125,1.853515625,-0.28515625,0.0,44,1712916533741
780,0.7734375,1.888671875,-0.29296875,0.0,71,1712916533741
780,0.65625,1.986328125,-0.1875,0.0,98,1712916533741
780,0.6015625,2.05078125,-0.052734375,0.0,194,1712916533741
780,0.611328125,2.087890625,-0.00390625,0.0,261,1712916533741
780,0.623046875,2.125,0.001953125,0.0,183,1712916533741
780,0.5625,2.181640625,-0.025390625,0.0,63,1712916533741
780,0.853515625,2.26171875,-0.560546875,0.0,17,1712916533741
780,0.787109375,2.30859375,-0.6328125,0.0,15,1712916533741
780,0.4765625,2.111328125,0.232421875,0.12520644037889672,20,1712916533741
780,0.837890625,1.77734375,-0.626953125,-0.37561932113669017,39,1712916533741
780,0.72265625,1.865234375,-0.63671875,-0.37561932113669017,39,1712916533741
780,0.66796875,1.955078125,-0.552734375,-0.37561932113669017,33,1712916533741
780,0.611328125,2.044921875,-0.423828125,-0.37561932113669017,32,1712916533741
780,0.623046875,2.078125,-0.44140625,-0.37561932113669017,24,1712916533741
780,0.822265625,1.73828125,-0.626953125,-0.25041288075779344,58,1712916533741
780,0.7734375,1.80078125,-0.640625,-0.25041288075779344,106,1712916533741
780,0.72265625,1.8984375,-0.53125,-0.25041288075779344,141,1712916533741
780,0.66796875,2.001953125,-0.34375,-0.25041288075779344,241,1712916533741
780,0.611328125,2.0703125,-0.2734375,-0.25041288075779344,312,1712916533741
780,0.623046875,2.107421875,-0.2734375,-0.25041288075779344,218,1712916533741
780,0.6328125,2.142578125,-0.28515625,-0.25041288075779344,78,1712916533741
780,0.681640625,1.798828125,-0.490234375,-0.12520644037889672,24,1712916533741
780,0.822265625,1.79296875,-0.447265625,-0.12520644037889672,88,1712916533741
780,0.7734375,1.853515625,-0.46875,-0.12520644037889672,149,1712916533741
780,0.72265625,1.9375,-0.36328125,-0.12520644037889672,204,1712916533741
780,0.6015625,2.04296875,-0.18359375,-0.12520644037889672,379,1712916533741
780,0.611328125,2.083984375,-0.142578125,-0.12520644037889672,496,1712916533741
780,0.623046875,2.12109375,-0.140625,-0.12520644037889672,353,1712916533741
780,0.6328125,2.154296875,-0.18359375,-0.12520644037889672,129,1712916533741
780,0.853515625,2.234375,-0.66015625,-0.12520644037889672,30,1712916533741
780,0.787109375,2.263671875,-0.775390625,-0.12520644037889672,26,1712916533741
781,0.822265625,1.841796875,-0.169921875,0.0,23,1712916533841
781,0.7734375,1.896484375,-0.23828125,0.0,38,1712916533841
781,0.65625,1.990234375,-0.1171875,0.0,52,1712916533841
781,0.66796875,2.03125,-0.001953125,0.0,88,1712916533841
781,0.6796875,2.06640625,-0.037109375,0.0,112,1712916533841
781,0.76171875,2.072265625,-0.1640625,0.0,101,1712916533841
781,0.7734375,2.10546875,-0.201171875,0.0,60,1712916533841
781,0.787109375,2.13671875,-0.23828125,0.0,23,1712916533841
781,0.66796875,2.029296875,0.076171875,0.12520644037889672,42,1712916533841
781,0.748046875,2.04296875,0.068359375,0.12520644037889672,69,1712916533841
781,0.76171875,2.076171875,0.107421875,0.12520644037889672,56,1712916533841
781,0.703125,2.12890625,0.212890625,0.12520644037889672,22,1712916533841
781,0.748046875,2.03125,0.224609375,0.25041288075779344,24,1712916533841
781,0.76171875,2.05859375,0.291015625,0.25041288075779344,22,1712916533841
781,0.6796875,2.005859375,-0.5,-0.5008257615155869,21,1712916533841
781,2.962890625,0.0,2.787109375,-0.5008257615155869,24,1712916533841
781,3.107421875,0.0,2.841796875,-0.5008257615155869,25,1712916533841
781,0.58984375,1.97265625,-0.41015625,-0.37561932113669017,24,1712916533841
781,0.66796875,2.01171875,-0.283203125,-0.37561932113669017,71,1712916533841
781,0.6796875,2.05078125,-0.255859375,-0.37561932113669017,103,1712916533841
781,0.69140625,2.083984375,-0.283203125,-0.37561932113669017,73,1712916533841
781,0.6328125,2.1328125,-0.3515625,-0.37561932113669017,22,1712916533841
781,2.931640625,0.0,3.001953125,-0.37561932113669017,25,1712916533841
781,3.072265625,0.0,3.01171875,-0.37561932113669017,54,1712916533841
781,3.107421875,0.0,3.052734375,-0.37561932113669017,56,1712916533841
781,3.140625,0.0,3.12109375,-0.37561932113669017,31,1712916533841
781,0.837890625,1.8359375,-0.41796875,-0.25041288075779344,27,1712916533841
781,0.65625,1.96875,-0.31640625,-0.25041288075779344,58,1712916533841
781,0.66796875,2.021484375,-0.19140625,-0.25041288075779344,133,1712916533841
781,0.6796875,2.056640625,-0.201171875,-0.25041288075779344,175,1712916533841
781,0.69140625,2.0859375,-0.26953125,-0.25041288075779344,141,1712916533841
781,0.7734375,2.078125,-0.392578125,-0.25041288075779344,65,1712916533841
781,2.962890625,0.0,3.25,-0.25041288075779344,32,1712916533841
781,3.107421875,0.0,3.26171875,-0.25041288075779344,36,1712916533841
781,0.884765625,1.798828125,-0.279296875,-0.12520644037889672,42,1712916533841
781,0.837890625,1.841796875,-0.390625,-0.12520644037889672,69,1712916533841
781,0.72265625,1.955078125,-0.26171875,-0.12520644037889672,93,1712916533841
781,0.66796875,2.02734375,-0.1015625,-0.12520644037889672,146,1712916533841
781,0.6796875,2.0625,-0.140625,-0.12520644037889672,179,1712916533841
781,0.76171875,2.0625,-0.26953125,-0.12520644037889672,167,1712916533841
781,0.7734375,2.0859375,-0.353515625,-0.12520644037889672,100,1712916533841
781,0.787109375,2.10546875,-0.44140625,-0.12520644037889672,35,1712916533841
781,3.044921875,0.0,2.86328125,-0.12520644037889672,21,1712916533841
781,3.185546875,0.0,2.736328125,-0.12520644037889672,23,1712916533841
781,1.259765625,1.259765625,-2.84765625,-0.12520644037889672,12,1712916533841
781,1.16796875,1.841796875,-2.60546875,-0.12520644037889672,13,1712916533841
782,0.7578125,1.798828125,-0.529296875,0.0,12,1712916533941
782,0.65625,1.994140625,0.0390625,0.0,42,1712916533941
782,0.66796875,2.03125,0.017578125,0.0,78,1712916533941
782,0.6796875,2.06640625,0.072265625,0.0,58,1712916533941
782,0.837890625,1.876953125,-0.1484375,0.12520644037889672,17,1712916533941
782,0.72265625,1.970703125,-0.02734375,0.12520644037889672,28,1712916533941
782,0.734375,2.0078125,0.01171875,0.12520644037889672,60,1712916533941
782,0.748046875,2.04296875,0.03125,0.12520644037889672,78,1712916533941
782,0.76171875,2.078125,0.033203125,0.12520644037889672,49,1712916533941
782,0.66796875,2.025390625,0.146484375,0.25041288075779344,22,1712916533941
782,0.748046875,2.037109375,0.1640625,0.25041288075779344,30,1712916533941
782,0.69140625,2.08984375,0.2421875,0.25041288075779344,18,1712916533941
782,0.734375,1.978515625,-0.34375,-0.37561932113669017,19,1712916533941
782,0.748046875,2.01171875,-0.361328125,-0.37561932113669017,21,1712916533941
782,3.0390625,0.0,3.0703125,-0.37561932113669017,20,1712916533941
782,3.072265625,0.0,3.201171875,-0.37561932113669017,25,1712916533941
782,0.787109375,1.9140625,-0.35546875,-0.25041288075779344,34,1712916533941
782,0.80078125,1.951171875,-0.349609375,-0.25041288075779344,66,1712916533941
782,0.748046875,2.01171875,-0.353515625,-0.25041288075779344,58,1712916533941
782,0.76171875,2.03515625,-0.421875,-0.25041288075779344,21,1712916533941
782,3.0390625,0.0,3.251953125,-0.25041288075779344,32,1712916533941
782,3.18359375,0.0,3.2578125,-0.25041288075779344,41,1712916533941
782,3.216796875,0.0,3.330078125,-0.25041288075779344,26,1712916533941
782,0.7578125,1.828125,-0.41796875,-0.12520644037889672,22,1712916533941
782,0.72265625,1.96484375,-0.16015625,-0.12520644037889672,90,1712916533941
782,0.734375,2.0,-0.16796875,-0.12520644037889672,174,1712916533941
782,0.748046875,2.037109375,-0.16796875,-0.12520644037889672,148,1712916533941
782,0.76171875,2.076171875,-0.130859375,-0.12520644037889672,56,1712916533941
782,1.0859375,1.7109375,2.822265625,-0.37561932113669017,11,1712916533941
782,1.09765625,2.19140625,2.515625,-0.37561932113669017,13,1712916533941
782,1.0859375,2.755859375,1.81640625,-0.25041288075779344,18,1712916533941
782,1.09765625,2.607421875,2.08203125,-0.25041288075779344,22,1712916533941
782,1.220703125,2.890625,1.66015625,-0.25041288075779344,14,1712916533941
783,0.72265625,1.970703125,-0.05859375,0.0,32,1712916534041
783,0.80078125,1.98046875,-0.060546875,0.0,71,1712916534041
783,0.81640625,2.015625,-0.09375,0.0,97,1712916534041
783,0.900390625,2.01953125,-0.119140625,0.0,78,1712916534041
783,0.84375,2.083984375,-0.130859375,0.0,37,1712916534041
783,2.931640625,0.0,-3.39453125,0.0,15,1712916534041
783,0.822265625,1.794921875,0.4453125,0.12520644037889672,24,1712916534041
783,0.837890625,1.85546875,0.330078125,0.12520644037889672,28,1712916534041
783,0.787109375,1.939453125,0.162109375,0.12520644037889672,33,1712916534041
783,0.80078125,1.98046875,-0.072265625,0.12520644037889672,66,1712916534041
783,0.81640625,2.013671875,-0.11328125,0.12520644037889672,116,1712916534041
783,0.900390625,2.01953125,-0.10546875,0.12520644037889672,131,1712916534041
783,0.84375,2.0859375,-0.095703125,0.12520644037889672,84,1712916534041
783,0.859375,2.119140625,-0.14453125,0.12520644037889672,29,1712916534041
783,0.80078125,1.982421875,0.009765625,0.25041288075779344,36,1712916534041
783,0.81640625,2.017578125,0.017578125,0.25041288075779344,73,1712916534041
783,0.830078125,2.052734375,0.037109375,0.25041288075779344,83,1712916534041
783,0.84375,2.087890625,0.01953125,0.25041288075779344,50,1712916534041
783,0.72265625,1.94921875,-0.30078125,-0.25041288075779344,19,1712916534041
783,0.734375,1.99609375,-0.2109375,-0.25041288075779344,40,1712916534041
783,0.6796875,2.0625,-0.14453125,-0.25041288075779344,37,1712916534041
783,0.72265625,1.962890625,-0.193359375,-0.12520644037889672,43,1712916534041
783,0.734375,2.00390625,-0.119140625,-0.12520644037889672,91,1712916534041
783,0.81640625,2.017578125,-0.0390625,-0.12520644037889672,85,1712916534041
783,0.76171875,2.068359375,0.216796875,-0.12520644037889672,32,1712916534041
783,3.0390625,0.0,3.177734375,-0.12520644037889672,29,1712916534041
783,3.18359375,0.0,3.01171875,-0.12520644037889672,24,1712916534041
783,0.0,1.255859375,-1.587890625,0.12520644037889672,14,1712916534041
783,0.0,0.0,2.060546875,0.12520644037889672,16,1712916534041
783,1.20703125,0.8515625,3.1875,-0.12520644037889672,14,1712916534041
784,0.869140625,1.736328125,-0.412109375,0.0,41,1712916534142
784,0.884765625,1.75390625,-0.482421875,0.0,140,1712916534142
784,0.90234375,1.771484375,-0.54296875,0.0,207,1712916534142
784,0.853515625,1.83203125,-0.572265625,0.0,154,1712916534142
784,0.869140625,1.8515625,-0.62109375,0.0,63,1712916534142
784,0.884765625,1.943359375,-0.421875,0.0,23,1712916534142
784,0.900390625,2.00390625,-0.27734375,0.0,44,1712916534142
784,0.9140625,2.0390625,-0.287109375,0.0,44,1712916534142
784,0.9296875,2.060546875,-0.3671875,0.0,22,1712916534142
784,0.869140625,1.765625,-0.267578125,0.12520644037889672,75,1712916534142
784,0.822265625,1.814453125,-0.359375,0.12520644037889672,255,1712916534142
784,0.837890625,1.837890625,-0.41015625,0.12520644037889672,379,1712916534142
784,0.853515625,1.86328125,-0.455078125,0.12520644037889672,292,1712916534142
784,0.869140625,1.88671875,-0.509765625,0.12520644037889672,115,1712916534142
784,0.884765625,1.978515625,-0.201171875,0.12520644037889672,34,1712916534142
784,0.900390625,2.0234375,-0.044921875,0.12520644037889672,77,1712916534142
784,0.9140625,2.056640625,-0.087890625,0.12520644037889672,81,1712916534142
784,0.859375,2.12109375,-0.11328125,0.12520644037889672,41,1712916534142
784,0.806640625,1.806640625,-0.166015625,0.25041288075779344,41,1712916534142
784,0.822265625,1.833984375,-0.232421875,0.25041288075779344,143,1712916534142
784,0.837890625,1.861328125,-0.29296875,0.25041288075779344,210,1712916534142
784,0.853515625,1.888671875,-0.33984375,0.25041288075779344,165,1712916534142
784,0.80078125,1.943359375,-0.384765625,0.25041288075779344,63,1712916534142
784,0.81640625,2.017578125,-0.037109375,0.25041288075779344,35,1712916534142
784,0.900390625,2.0234375,0.0546875,0.25041288075779344,72,1712916534142
784,0.84375,2.087890625,0.046875,0.25041288075779344,67,1712916534142
784,0.859375,2.123046875,0.02734375,0.25041288075779344,31,1712916534142
784,0.81640625,1.888671875,-0.7109375,-0.12520644037889672,20,1712916534142
784,0.900390625,1.908203125,-0.67578125,-0.12520644037889672,29,1712916534142
785,0.869140625,1.71875,-0.48046875,0.0,21,1712916534242
785,0.884765625,1.748046875,-0.501953125,0.0,98,1712916534242
785,0.90234375,1.767578125,-0.560546875,0.0,184,1712916534242
785,0.91796875,1.798828125,-0.572265625,0.0,197,1712916534242
785,0.869140625,1.90234375,-0.447265625,0.0,147,1712916534242
785,0.748046875,2.03125,-0.216796875,0.0,57,1712916534242
785,0.84375,2.076171875,-0.228515625,0.0,36,1712916534242
785,0.859375,2.107421875,-0.265625,0.0,19,1712916534242
785,0.806640625,1.7734375,-0.384765625,0.12520644037889672,45,1712916534242
785,0.884765625,1.77734375,-0.392578125,0.12520644037889672,217,1712916534242
785,0.837890625,1.830078125,-0.4453125,0.12520644037889672,413,1712916534242
785,0.853515625,1.8671875,-0.4453125,0.12520644037889672,447,1712916534242
785,0.869140625,1.921875,-0.34765625,0.12520644037889672,326,1712916534242
785,0.81640625,2.01171875,-0.138671875,0.12520644037889672,132,1712916534242
785,0.900390625,1.9453125,-0.5546875,0.12520644037889672,34,1712916534242
785,0.9140625,2.048828125,-0.197265625,0.12520644037889672,68,1712916534242
785,0.859375,2.123046875,-0.0703125,0.12520644037889672,33,1712916534242
785,0.806640625,1.796875,-0.251953125,0.25041288075779344,38,1712916534242
785,0.822265625,1.826171875,-0.287109375,0.25041288075779344,186,1712916534242
785,0.90234375,1.8203125,-0.3515625,0.25041288075779344,357,1712916534242
785,0.853515625,1.8828125,-0.369140625,0.25041288075779344,367,1712916534242
785,0.869140625,1.92578125,-0.330078125,0.25041288075779344,224,1712916534242
785,0.81640625,2.01171875,-0.16015625,0.25041288075779344,76,1712916534242
785,0.84375,2.087890625,0.0,0.25041288075779344,35,1712916534242
785,0.859375,2.123046875,-0.021484375,0.25041288075779344,20,1712916534242
785,0.822265625,1.837890625,-0.197265625,0.37561932113669017,45,1712916534242
785,0.837890625,1.865234375,-0.267578125,0.37561932113669017,89,1712916534242
785,0.853515625,1.890625,-0.32421875,0.37561932113669017,86,1712916534242
785,0.80078125,1.9296875,-0.44921875,0.37561932113669017,41,1712916534242
785,0.884765625,1.701171875,-0.64453125,-0.12520644037889672,17,1712916534242
785,0.90234375,1.73046875,-0.6640625,-0.12520644037889672,31,1712916534242
785,0.91796875,1.806640625,-0.546875,-0.12520644037889672,29,1712916534242
785,0.734375,2.005859375,-0.087890625,-0.12520644037889672,24,1712916534242
785,0.748046875,2.04296875,0.0078125,-0.12520644037889672,17,1712916534242
786,0.822265625,1.765625,-0.55078125,0.0,23,1712916534342
786,0.90234375,1.783203125,-0.50390625,0.0,53,1712916534342
786,0.853515625,1.857421875,-0.4765625,0.0,64,1712916534342
786,0.869140625,1.94921875,-0.115234375,0.0,59,1712916534342
786,0.81640625,2.017578125,-0.041015625,0.0,74,1712916534342
786,0.830078125,2.044921875,-0.18359375,0.0,74,1712916534342
786,0.7734375,2.083984375,-0.36328125,0.0,37,1712916534342
786,0.9296875,2.0546875,-0.39453125,0.0,16,1712916534342
786,0.822265625,1.796875,-0.43359375,0.12520644037889672,40,1712916534342
786,0.837890625,1.845703125,-0.37890625,0.12520644037889672,94,1712916534342
786,0.853515625,1.880859375,-0.37890625,0.12520644037889672,118,1712916534342
786,0.80078125,1.982421875,-0.017578125,0.12520644037889672,105,1712916534342
786,0.748046875,2.041015625,0.09375,0.12520644037889672,127,1712916534342
786,0.830078125,2.052734375,-0.05859375,0.12520644037889672,132,1712916534342
786,0.7734375,2.103515625,-0.228515625,0.12520644037889672,65,1712916534342
786,1.001953125,2.056640625,-0.099609375,0.12520644037889672,28,1712916534342
786,0.7578125,1.84375,-0.34765625,0.25041288075779344,22,1712916534342
786,0.837890625,1.859375,-0.306640625,0.25041288075779344,55,1712916534342
786,0.853515625,1.89453125,-0.302734375,0.25041288075779344,71,1712916534342
786,0.80078125,1.978515625,-0.109375,0.25041288075779344,63,1712916534342
786,0.748046875,2.015625,0.3359375,0.25041288075779344,58,1712916534342
786,0.76171875,2.072265625,0.162109375,0.25041288075779344,52,1712916534342
786,0.703125,2.138671875,-0.060546875,0.25041288075779344,22,1712916534342
786,0.9296875,2.087890625,0.142578125,0.25041288075779344,22,1712916534342
786,0.751953125,2.0078125,-1.091796875,-0.12520644037889672,22,1712916534342
786,0.6875,2.08203125,-1.078125,-0.12520644037889672,24,1712916534342
787,0.7578125,1.759765625,-0.646484375,0.0,17,1712916534443
787,0.837890625,1.794921875,-0.5703125,0.0,49,1712916534443
787,0.853515625,1.83984375,-0.544921875,0.0,80,1712916534443
787,0.869140625,1.87890625,-0.533203125,0.0,79,1712916534443
787,0.81640625,1.97265625,-0.41796875,0.0,53,1712916534443
787,0.900390625,1.994140625,-0.34375,0.0,80,1712916534443
787,0.84375,2.0625,-0.3203125,0.0,82,1712916534443
787,0.859375,2.1015625,-0.302734375,0.0,44,1712916534443
787,0.873046875,2.12890625,-0.353515625,0.0,15,1712916534443
787,0.7578125,1.80078125,-0.52734375,0.12520644037889672,31,1712916534443
787,0.837890625,1.828125,-0.453125,0.12520644037889672,93,1712916534443
787,0.853515625,1.87109375,-0.419921875,0.12520644037889672,161,1712916534443
787,0.869140625,1.912109375,-0.400390625,0.12520644037889672,171,1712916534443
787,0.81640625,1.98828125,-0.34375,0.12520644037889672,122,1712916534443
787,0.900390625,2.0078125,-0.25390625,0.12520644037889672,153,1712916534443
787,0.84375,2.080078125,-0.185546875,0.12520644037889672,156,1712916534443
787,0.9296875,2.0859375,-0.169921875,0.12520644037889672,86,1712916534443
787,0.9453125,2.119140625,-0.18359375,0.12520644037889672,30,1712916534443
787,3.0390625,0.0,3.287109375,0.12520644037889672,25,1712916534443
787,3.072265625,0.0,3.26171875,0.12520644037889672,23,1712916534443
787,0.837890625,1.84765625,-0.361328125,0.25041288075779344,46,1712916534443
787,0.853515625,1.888671875,-0.333984375,0.25041288075779344,76,1712916534443
787,0.80078125,1.9609375,-0.283203125,0.25041288075779344,75,1712916534443
787,0.81640625,2.00390625,-0.228515625,0.25041288075779344,50,1712916534443
787,0.830078125,2.05078125,-0.09765625,0.25041288075779344,70,1712916534443
787,0.84375,2.087890625,-0.052734375,0.25041288075779344,73,1712916534443
787,0.859375,2.123046875,-0.048828125,0.25041288075779344,39,1712916534443
787,0.869140625,1.8671875,-0.576171875,-0.12520644037889672,30,1712916534443
787,0.81640625,1.880859375,-0.7265625,-0.12520644037889672,33,1712916534443
787,0.830078125,1.90625,-0.763671875,-0.12520644037889672,20,1712916534443
787,1.193359375,0.0,3.326171875,0.12520644037889672,15,1712916534443
787,1.09765625,0.0,3.404296875,0.12520644037889672,15,1712916534443
788,0.7734375,1.86328125,-0.42578125,0.0,16,1712916534543
788,0.72265625,1.9609375,-0.2109375,0.0,16,1712916534543
788,0.80078125,1.96875,-0.22265625,0.0,41,1712916534543
788,0.81640625,2.001953125,-0.25,0.0,70,1712916534543
788,0.830078125,2.03515625,-0.265625,0.0,67,1712916534543
788,0.84375,2.0703125,-0.2734375,0.0,47,1712916534543
788,0.787109375,2.14453125,-0.166015625,0.0,30,1712916534543
788,0.873046875,2.146484375,-0.23046875,0.0,15,1712916534543
788,0.7734375,1.88671875,-0.3046875,0.12520644037889672,34,1712916534543
788,0.72265625,1.97265625,-0.009765625,0.12520644037889672,36,1712916534543
788,0.80078125,1.98046875,-0.072265625,0.12520644037889672,98,1712916534543
788,0.81640625,2.013671875,-0.12109375,0.12520644037889672,160,1712916534543
788,0.830078125,2.05078125,-0.10546875,0.12520644037889672,143,1712916534543
788,0.84375,2.083984375,-0.1171875,0.12520644037889672,95,1712916534543
788,0.787109375,2.150390625,-0.064453125,0.12520644037889672,63,1712916534543
788,0.728515625,2.2109375,-0.041015625,0.12520644037889672,32,1712916534543
788,3.0390625,0.0,3.259765625,0.12520644037889672,24,1712916534543
788,3.072265625,0.0,3.396484375,0.12520644037889672,25,1712916534543
788,0.80078125,1.9765625,0.140625,0.25041288075779344,38,1712916534543
788,0.748046875,2.04296875,0.048828125,0.25041288075779344,64,1712916534543
788,0.76171875,2.078125,0.05859375,0.25041288075779344,61,1712916534543
788,0.7734375,2.115234375,0.044921875,0.25041288075779344,41,1712916534543
788,0.71484375,2.169921875,0.15234375,0.25041288075779344,27,1712916534543
788,0.869140625,1.9140625,-0.392578125,-0.12520644037889672,30,1712916534543
788,0.81640625,1.9609375,-0.474609375,-0.12520644037889672,39,1712916534543
788,0.76171875,2.02734375,-0.46484375,-0.12520644037889672,26,1712916534543
788,1.09765625,0.779296875,3.244140625,0.12520644037889672,13,1712916534543
789,0.787109375,1.93359375,-0.224609375,0.0,22,1712916534644
789,0.80078125,1.95703125,-0.310546875,0.0,67,1712916534644
789,0.81640625,1.9921875,-0.322265625,0.0,101,1712916534644
789,0.76171875,2.05859375,-0.296875,0.0,90,1712916534644
789,0.7734375,2.09765625,-0.275390625,0.0,57,1712916534644
789,0.787109375,2.134765625,-0.255859375,0.0,32,1712916534644
789,0.728515625,2.1953125,-0.263671875,0.0,18,1712916534644
789,0.666015625,2.19921875,-0.568359375,0.0,19,1712916534644
789,0.67578125,2.142578125,-0.857421875,0.0,20,1712916534644
789,0.611328125,2.10546875,-1.078125,0.0,15,1712916534644
789,3.0390625,0.0,3.0625,0.0,12,1712916534644
789,3.072265625,0.0,2.98046875,0.0,15,1712916534644
789,0.837890625,1.84375,-0.390625,0.12520644037889672,18,1712916534644
789,0.787109375,1.92578125,-0.279296875,0.12520644037889672,65,1712916534644
789,0.80078125,1.966796875,-0.23828125,0.12520644037889672,160,1712916534644
789,0.81640625,2.005859375,-0.208984375,0.12520644037889672,234,1712916534644
789,0.76171875,2.07421875,-0.15625,0.12520644037889672,207,1712916534644
789,0.84375,2.083984375,-0.13671875,0.12520644037889672,134,1712916534644
789,0.787109375,2.1484375,-0.095703125,0.12520644037889672,75,1712916534644
789,0.728515625,2.2109375,-0.078125,0.12520644037889672,39,1712916534644
789,0.666015625,2.224609375,-0.462890625,0.12520644037889672,38,1712916534644
789,0.67578125,2.150390625,-0.83984375,0.12520644037889672,40,1712916534644
789,0.611328125,2.173828125,-0.93359375,0.12520644037889672,30,1712916534644
789,3.0390625,0.0,3.2734375,0.12520644037889672,22,1712916534644
789,3.18359375,0.0,3.1640625,0.12520644037889672,29,1712916534644
789,0.787109375,1.939453125,-0.1640625,0.25041288075779344,25,1712916534644
789,0.734375,2.005859375,-0.087890625,0.25041288075779344,64,1712916534644
789,0.748046875,2.04296875,-0.046875,0.25041288075779344,93,1712916534644
789,0.76171875,2.080078125,-0.0078125,0.25041288075779344,82,1712916534644
789,0.7734375,2.115234375,0.0390625,0.25041288075779344,52,1712916534644
789,0.71484375,2.171875,0.1328125,0.25041288075779344,28,1712916534644
789,0.81640625,1.849609375,-0.802734375,-0.25041288075779344,19,1712916534644
789,0.91796875,1.744140625,-0.720703125,-0.12520644037889672,32,1712916534644
789,0.80078125,1.880859375,-0.625,-0.12520644037889672,47,1712916534644
789,0.81640625,1.935546875,-0.5703125,-0.12520644037889672,58,1712916534644
789,0.830078125,1.9921875,-0.49609375,-0.12520644037889672,52,1712916534644
789,0.84375,2.05078125,-0.39453125,-0.12520644037889672,35,1712916534644
789,0.859375,2.09765625,-0.326171875,-0.12520644037889672,19,1712916534644
789,-0.150390625,1.92578125,1.43359375,0.0,11,1712916534644
789,-0.228515625,2.078125,1.263671875,0.0,9,1712916534644
789,1.20703125,2.091796875,2.548828125,0.12520644037889672,15,1712916534644
790,0.66796875,2.02734375,-0.115234375,0.0,32,1712916534744
790,0.748046875,2.04296875,-0.048828125,0.0,58,1712916534744
790,0.69140625,2.103515625,0.05078125,0.0,41,1712916534744
790,0.62109375,2.197265625,-0.97265625,0.0,12,1712916534744
790,0.72265625,1.951171875,-0.28515625,0.12520644037889672,42,1712916534744
790,0.734375,2.00390625,-0.13671875,0.12520644037889672,117,1712916534744
790,0.748046875,2.04296875,-0.009765625,0.12520644037889672,158,1712916534744
790,0.69140625,2.091796875,0.216796875,0.12520644037889672,96,1712916534744
790,0.859375,2.12109375,-0.091796875,0.12520644037889672,30,1712916534744
790,0.517578125,2.296875,-0.2421875,0.12520644037889672,20,1712916534744
790,0.6875,1.98046875,-1.255859375,0.12520644037889672,22,1712916534744
790,0.62109375,2.224609375,-0.91015625,0.12520644037889672,25,1712916534744
790,0.66796875,2.03125,-0.001953125,0.25041288075779344,44,1712916534744
790,0.6796875,2.0625,0.134765625,0.25041288075779344,62,1712916534744
790,0.69140625,2.08203125,0.294921875,0.25041288075779344,39,1712916534744
790,0.80078125,1.837890625,-0.7421875,-0.25041288075779344,23,1712916534744
790,0.884765625,1.873046875,-0.66796875,-0.25041288075779344,22,1712916534744
790,0.90234375,1.724609375,-0.6796875,-0.12520644037889672,18,1712916534744
790,0.853515625,1.802734375,-0.654296875,-0.12520644037889672,42,1712916534744
790,0.80078125,1.892578125,-0.5859375,-0.12520644037889672,64,1712916534744
790,0.81640625,1.955078125,-0.5,-0.12520644037889672,62,1712916534744
790,0.76171875,2.0546875,-0.31640625,-0.12520644037889672,28,1712916534744
791,0.72265625,1.869140625,-0.626953125,0.0,11,1712916534844
791,0.734375,1.94140625,-0.51171875,0.0,21,1712916534844
791,0.81640625,1.919921875,-0.62109375,0.0,31,1712916534844
791,0.76171875,2.001953125,-0.55859375,0.0,38,1712916534844
791,0.7734375,2.05078125,-0.517578125,0.0,32,1712916534844
791,0.859375,2.0859375,-0.396484375,0.0,20,1712916534844
791,3.18359375,0.0,3.095703125,0.0,22,1712916534844
791,3.107421875,0.0,3.0625,0.0,19,1712916534844
791,0.984375,1.828125,0.310546875,0.12520644037889672,17,1712916534844
791,0.400390625,2.095703125,0.119140625,0.12520644037889672,23,1712916534844
791,0.748046875,2.009765625,-0.369140625,0.12520644037889672,70,1712916534844
791,0.76171875,2.0546875,-0.322265625,0.12520644037889672,103,1712916534844
791,0.7734375,2.09765625,-0.267578125,0.12520644037889672,91,1712916534844
791,0.787109375,2.140625,-0.203125,0.12520644037889672,60,1712916534844
791,0.728515625,2.20703125,-0.154296875,0.12520644037889672,33,1712916534844
791,0.6875,2.056640625,-1.126953125,0.12520644037889672,29,1712916534844
791,0.62109375,2.17578125,-1.017578125,0.12520644037889672,38,1712916534844
791,0.708984375,2.185546875,-1.037109375,0.12520644037889672,24,1712916534844
791,3.18359375,0.0,3.365234375,0.12520644037889672,40,1712916534844
791,2.99609375,0.0,3.34375,0.12520644037889672,33,1712916534844
791,0.748046875,2.013671875,-0.3515625,0.25041288075779344,29,1712916534844
791,0.76171875,2.06640625,-0.240234375,0.25041288075779344,41,1712916534844
791,0.7734375,2.107421875,-0.18359375,0.25041288075779344,36,1712916534844
791,0.71484375,2.173828125,-0.08203125,0.25041288075779344,23,1712916534844
791,0.6875,2.048828125,-1.138671875,0.25041288075779344,29,1712916534844
791,0.697265625,2.169921875,-0.98046875,0.25041288075779344,37,1712916534844
791,0.630859375,2.24609375,-0.951171875,0.25041288075779344,23,1712916534844
791,0.853515625,1.869140625,-0.435546875,-0.12520644037889672,31,1712916534844
791,0.935546875,1.783203125,-0.716796875,-0.12520644037889672,28,1712916534844
791,0.611328125,2.0859375,-0.095703125,-0.12520644037889672,18,1712916534844
791,0.76171875,2.056640625,-0.310546875,-0.12520644037889672,35,1712916534844
791,0.84375,2.044921875,-0.423828125,-0.12520644037889672,34,1712916534844
791,0.130859375,1.501953125,-1.4609375,0.12520644037889672,10,1712916534844
791,1.001953125,1.486328125,-1.1640625,0.12520644037889672,22,1712916534844
791,-0.15234375,2.23046875,0.986328125,0.25041288075779344,16,1712916534844
791,0.1328125,1.53125,1.486328125,-0.12520644037889672,17,1712916534844
792,0.7734375,2.111328125,-0.140625,0.0,13,1712916534945
792,0.6875,2.1796875,-0.86328125,0.0,22,1712916534945
792,0.697265625,2.177734375,-0.96484375,0.0,29,1712916534945
792,0.630859375,2.244140625,-0.95703125,0.0,21,1712916534945
792,3.2578125,0.0,2.451171875,0.0,15,1712916534945
792,3.072265625,0.0,2.705078125,0.0,23,1712916534945
792,3.107421875,0.0,2.88671875,0.0,26,1712916534945
792,0.703125,2.130859375,-0.201171875,0.12520644037889672,25,1712916534945
792,0.71484375,2.15234375,-0.3203125,0.12520644037889672,20,1712916534945
792,0.6875,2.21484375,-0.767578125,0.12520644037889672,40,1712916534945
792,0.697265625,2.22265625,-0.85546875,0.12520644037889672,55,1712916534945
792,0.630859375,2.298828125,-0.814453125,0.12520644037889672,39,1712916534945
792,3.080078125,0.0,2.974609375,0.12520644037889672,17,1712916534945
792,3.11328125,0.0,2.89453125,0.12520644037889672,21,1712916534945
792,3.1484375,0.0,2.796875,0.12520644037889672,28,1712916534945
792,3.072265625,0.0,2.955078125,0.12520644037889672,44,1712916534945
792,3.107421875,0.0,3.015625,0.12520644037889672,48,1712916534945
792,3.140625,0.0,3.18359375,0.12520644037889672,30,1712916534945
792,0.611328125,2.267578125,-0.673828125,0.25041288075779344,21,1712916534945
792,0.62109375,2.275390625,-0.7734375,0.25041288075779344,30,1712916534945
792,0.630859375,2.322265625,-0.75,0.25041288075779344,23,1712916534945
792,2.962890625,0.0,3.33203125,0.25041288075779344,22,1712916534945
792,3.107421875,0.0,3.423828125,0.25041288075779344,26,1712916534945
792,0.76171875,2.01953125,-0.494140625,-0.12520644037889672,34,1712916534945
792,0.7734375,2.078125,-0.388671875,-0.12520644037889672,44,1712916534945
792,0.787109375,2.123046875,-0.345703125,-0.12520644037889672,33,1712916534945
792,1.16796875,1.07421875,-3.00390625,0.12520644037889672,10,1712916534945
792,1.2890625,0.70703125,-3.10546875,0.12520644037889672,12,1712916534945
792,1.09765625,1.052734375,3.166015625,0.25041288075779344,13,1712916534945
792,1.109375,1.43359375,3.052734375,0.25041288075779344,14,1712916534945
793,0.708984375,1.896484375,-0.38671875,0.0,15,1712916535045
793,0.787109375,1.892578125,-0.451171875,0.0,19,1712916535045
793,0.66796875,2.03125,0.0390625,0.0,44,1712916535045
793,0.6796875,2.06640625,0.01953125,0.0,107,1712916535045
793,0.69140625,2.1015625,-0.072265625,0.0,160,1712916535045
793,0.7734375,2.109375,-0.15625,0.0,161,1712916535045
793,0.71484375,2.169921875,-0.154296875,0.0,106,1712916535045
793,0.728515625,2.208984375,-0.12890625,0.0,41,1712916535045
793,3.107421875,0.0,2.9765625,0.0,22,1712916535045
793,0.748046875,1.9375,-0.650390625,0.12520644037889672,27,1712916535045
793,0.76171875,1.9921875,-0.59375,0.12520644037889672,31,1712916535045
793,3.072265625,0.0,3.0078125,0.12520644037889672,33,1712916535045
793,3.107421875,0.0,3.18359375,0.12520644037889672,42,1712916535045
793,0.66796875,2.017578125,-0.228515625,-0.25041288075779344,41,1712916535045
793,0.748046875,2.021484375,-0.29296875,-0.25041288075779344,102,1712916535045
793,0.76171875,2.041015625,-0.396484375,-0.25041288075779344,151,1712916535045
793,0.7734375,2.068359375,-0.4453125,-0.25041288075779344,150,1712916535045
793,0.787109375,2.1015625,-0.458984375,-0.25041288075779344,98,1712916535045
793,0.728515625,2.177734375,-0.388671875,-0.25041288075779344,37,1712916535045
793,0.7734375,1.853515625,-0.46484375,-0.12520644037889672,35,1712916535045
793,0.787109375,1.853515625,-0.595703125,-0.12520644037889672,40,1712916535045
793,0.66796875,2.0234375,-0.162109375,-0.12520644037889672,82,1712916535045
793,0.748046875,2.033203125,-0.20703125,-0.12520644037889672,209,1712916535045
793,0.76171875,2.0625,-0.267578125,-0.12520644037889672,317,1712916535045
793,0.7734375,2.091796875,-0.31640625,-0.12520644037889672,313,1712916535045
793,0.787109375,2.126953125,-0.322265625,-0.12520644037889672,201,1712916535045
793,0.728515625,2.1953125,-0.267578125,-0.12520644037889672,74,1712916535045
793,0.697265625,2.201171875,-0.908203125,-0.12520644037889672,42,1712916535045
793,0.630859375,2.267578125,-0.90234375,-0.12520644037889672,32,1712916535045
794,0.6953125,1.875,-0.3046875,0.0,28,1712916535146
794,0.7734375,1.892578125,-0.26953125,0.0,66,1712916535146
794,0.787109375,1.91796875,-0.330078125,0.0,59,1712916535146
794,0.53515625,2.02734375,0.41796875,0.0,46,1712916535146
794,0.6796875,2.0625,0.130859375,0.0,63,1712916535146
794,0.76171875,2.080078125,0.017578125,0.0,52,1712916535146
794,0.7734375,2.115234375,-0.015625,0.0,46,1712916535146
794,0.54296875,2.30078125,-0.7578125,0.0,19,1712916535146
794,0.55078125,2.337890625,-0.76171875,0.0,14,1712916535146
794,2.99609375,0.0,3.1015625,0.0,19,1712916535146
794,2.962890625,0.0,3.177734375,0.12520644037889672,19,1712916535146
794,3.107421875,0.0,3.3359375,0.12520644037889672,34,1712916535146
794,3.02734375,0.0,3.275390625,0.12520644037889672,30,1712916535146
794,0.611328125,2.08203125,-0.158203125,-0.37561932113669017,21,1712916535146
794,0.6953125,1.830078125,-0.51171875,-0.25041288075779344,28,1712916535146
794,0.837890625,1.806640625,-0.533203125,-0.25041288075779344,67,1712916535146
794,0.91796875,1.76953125,-0.65625,-0.25041288075779344,56,1712916535146
794,0.6015625,2.048828125,0.087890625,-0.25041288075779344,78,1712916535146
794,0.6796875,2.06640625,-0.080078125,-0.25041288075779344,99,1712916535146
794,0.76171875,2.0703125,-0.185546875,-0.25041288075779344,65,1712916535146
794,0.7734375,2.099609375,-0.25390625,-0.25041288075779344,56,1712916535146
794,0.859375,2.111328125,-0.234375,-0.25041288075779344,41,1712916535146
794,0.7578125,1.82421875,-0.4375,-0.12520644037889672,51,1712916535146
794,0.7734375,1.8671875,-0.40625,-0.12520644037889672,120,1712916535146
794,0.853515625,1.853515625,-0.498046875,-0.12520644037889672,109,1712916535146
794,0.53515625,2.05078125,0.279296875,-0.12520644037889672,94,1712916535146
794,0.6796875,2.06640625,0.01953125,-0.12520644037889672,129,1712916535146
794,0.76171875,2.078125,-0.072265625,-0.12520644037889672,97,1712916535146
794,0.7734375,2.109375,-0.142578125,-0.12520644037889672,86,1712916535146
794,0.6875,2.1484375,-0.939453125,-0.12520644037889672,37,1712916535146
794,0.62109375,2.21484375,-0.93359375,-0.12520644037889672,46,1712916535146
794,0.630859375,2.283203125,-0.857421875,-0.12520644037889672,31,1712916535146
794,0.130859375,1.708984375,1.212890625,-0.25041288075779344,32,1712916535146
794,-0.1328125,1.201171875,1.763671875,-0.12520644037889672,49,1712916535146
795,0.6953125,1.87890625,-0.279296875,0.0,36,1712916535246
795,0.64453125,1.9453125,-0.21875,0.0,63,1712916535246
795,0.72265625,1.958984375,-0.220703125,0.0,56,1712916535246
795,0.66796875,2.029296875,-0.0625,0.0,38,1712916535246
795,0.611328125,2.083984375,0.12109375,0.0,46,1712916535246
795,0.623046875,2.119140625,0.16015625,0.0,59,1712916535246
795,0.6328125,2.1484375,0.23828125,0.0,46,1712916535246
795,0.451171875,2.34765625,-0.259765625,0.0,30,1712916535246
795,0.458984375,2.29296875,-0.7109375,0.0,46,1712916535246
795,0.54296875,2.322265625,-0.6875,0.0,45,1712916535246
795,0.630859375,2.37109375,-0.576171875,0.0,24,1712916535246
795,2.99609375,0.0,3.203125,0.0,19,1712916535246
795,3.02734375,0.0,3.060546875,0.0,20,1712916535246
795,2.884765625,0.0,3.328125,0.12520644037889672,34,1712916535246
795,2.916015625,0.0,3.3828125,0.12520644037889672,36,1712916535246
795,2.99609375,0.0,-3.404296875,0.25041288075779344,20,1712916535246
795,0.708984375,1.853515625,-0.560546875,-0.37561932113669017,23,1712916535246
795,0.65625,1.96484375,-0.345703125,-0.37561932113669017,42,1712916535246
795,0.6015625,2.0390625,-0.2265625,-0.37561932113669017,55,1712916535246
795,0.611328125,2.078125,-0.20703125,-0.37561932113669017,59,1712916535246
795,0.69140625,2.0859375,-0.263671875,-0.37561932113669017,57,1712916535246
795,0.6328125,2.1484375,-0.23046875,-0.37561932113669017,50,1712916535246
795,0.64453125,2.189453125,-0.19140625,-0.37561932113669017,34,1712916535246
795,0.6953125,1.822265625,-0.537109375,-0.25041288075779344,56,1712916535246
795,0.708984375,1.87890625,-0.470703125,-0.25041288075779344,108,1712916535246
795,0.65625,1.966796875,-0.326171875,-0.25041288075779344,135,1712916535246
795,0.66796875,2.0234375,-0.18359375,-0.25041288075779344,143,1712916535246
795,0.611328125,2.083984375,-0.123046875,-0.25041288075779344,158,1712916535246
795,0.69140625,2.099609375,-0.12890625,-0.25041288075779344,168,1712916535246
795,0.6328125,2.16015625,-0.076171875,-0.25041288075779344,142,1712916535246
795,0.64453125,2.197265625,-0.08203125,-0.25041288075779344,91,1712916535246
795,0.53515625,2.158203125,-1.01171875,-0.25041288075779344,49,1712916535246
795,0.54296875,2.224609375,-0.95703125,-0.25041288075779344,46,1712916535246
795,0.6953125,1.857421875,-0.396484375,-0.12520644037889672,73,1712916535246
795,0.708984375,1.900390625,-0.369140625,-0.12520644037889672,131,1712916535246
795,0.72265625,1.94921875,-0.296875,-0.12520644037889672,136,1712916535246
795,0.66796875,2.025390625,-0.142578125,-0.12520644037889672,120,1712916535246
795,0.611328125,2.087890625,-0.03125,-0.12520644037889672,140,1712916535246
795,0.69140625,2.103515625,0.0234375,-0.12520644037889672,159,1712916535246
795,0.6328125,2.16015625,0.091796875,-0.12520644037889672,128,1712916535246
795,0.451171875,2.326171875,-0.4140625,-0.12520644037889672,55,1712916535246
795,0.53515625,2.234375,-0.83203125,-0.12520644037889672,85,1712916535246
795,0.54296875,2.26953125,-0.84375,-0.12520644037889672,82,1712916535246
795,0.55078125,2.353515625,-0.708984375,-0.12520644037889672,42,1712916535246
796,0.6328125,1.9140625,-0.16796875,0.0,15,1712916535346
796,0.580078125,1.974609375,-0.107421875,0.0,28,1712916535346
796,0.58984375,2.015625,0.01953125,0.0,41,1712916535346
796,0.53515625,2.06640625,0.130859375,0.0,45,1712916535346
796,0.544921875,2.107421875,0.041015625,0.0,36,1712916535346
796,0.484375,2.154296875,0.158203125,0.0,22,1712916535346
796,3.005859375,0.0,2.509765625,0.12520644037889672,22,1712916535346
796,3.1484375,0.0,2.498046875,0.12520644037889672,26,1712916535346
796,0.62109375,1.7734375,-0.640625,-0.37561932113669017,25,1712916535346
796,0.6953125,1.8125,-0.5703125,-0.37561932113669017,73,1712916535346
796,0.708984375,1.8203125,-0.658203125,-0.37561932113669017,86,1712916535346
796,0.787109375,1.658203125,-1.017578125,-0.37561932113669017,36,1712916535346
796,0.466796875,1.91796875,0.818359375,-0.37561932113669017,39,1712916535346
796,0.544921875,2.0859375,0.296875,-0.37561932113669017,53,1712916535346
796,0.69140625,2.099609375,-0.11328125,-0.37561932113669017,66,1712916535346
796,0.703125,2.119140625,-0.298828125,-0.37561932113669017,57,1712916535346
796,0.53515625,2.166015625,-0.994140625,-0.37561932113669017,36,1712916535346
796,0.54296875,2.205078125,-1.001953125,-0.37561932113669017,25,1712916535346
796,0.62109375,1.828125,-0.4609375,-0.25041288075779344,50,1712916535346
796,0.6328125,1.873046875,-0.4296875,-0.25041288075779344,149,1712916535346
796,0.64453125,1.900390625,-0.470703125,-0.25041288075779344,197,1712916535346
796,0.72265625,1.87109375,-0.625,-0.25041288075779344,127,1712916535346
796,0.66796875,1.568359375,-1.2890625,-0.25041288075779344,43,1712916535346
796,0.4765625,1.658203125,1.326171875,-0.25041288075779344,48,1712916535346
796,0.623046875,2.12109375,0.111328125,-0.25041288075779344,83,1712916535346
796,0.6328125,2.15234375,-0.189453125,-0.25041288075779344,87,1712916535346
796,0.451171875,2.21484375,-0.8203125,-0.25041288075779344,51,1712916535346
796,0.458984375,2.24609375,-0.845703125,-0.25041288075779344,83,1712916535346
796,0.46484375,2.28515625,-0.84765625,-0.25041288075779344,62,1712916535346
796,0.62109375,1.861328125,-0.30078125,-0.12520644037889672,31,1712916535346
796,0.6328125,1.8984375,-0.30078125,-0.12520644037889672,94,1712916535346
796,0.64453125,1.93359375,-0.306640625,-0.12520644037889672,137,1712916535346
796,0.65625,1.96484375,-0.345703125,-0.12520644037889672,119,1712916535346
796,0.6015625,1.994140625,-0.484375,-0.12520644037889672,76,1712916535346
796,0.544921875,1.955078125,-0.787109375,-0.12520644037889672,44,1712916535346
796,0.458984375,2.2890625,-0.724609375,-0.12520644037889672,63,1712916535346
796,1.07421875,0.0,-3.40234375,0.12520644037889672,14,1712916535346
796,1.193359375,1.8828125,2.6640625,0.12520644037889672,16,1712916535346
796,0.0,1.69140625,1.24609375,-0.37561932113669017,24,1712916535346
797,0.505859375,1.958984375,-0.052734375,0.0,19,1712916535447
797,0.451171875,2.009765625,0.10546875,0.0,29,1712916535447
797,0.39453125,2.05859375,0.134765625,0.0,33,1712916535447
797,0.466796875,2.083984375,0.076171875,0.0,27,1712916535447
797,2.931640625,0.0,2.26171875,0.0,17,1712916535447
797,2.802734375,0.0,3.15625,0.0,18,1712916535447
797,2.8984375,0.0,2.20703125,0.12520644037889672,22,1712916535447
797,2.931640625,0.0,2.431640625,0.12520644037889672,34,1712916535447
797,3.072265625,0.0,2.30859375,0.12520644037889672,26,1712916535447
797,2.662109375,0.0,3.310546875,0.12520644037889672,19,1712916535447
797,2.802734375,0.0,3.345703125,0.12520644037889672,33,1712916535447
797,2.833984375,0.0,3.345703125,0.12520644037889672,26,1712916535447
797,3.0390625,0.0,2.58984375,0.25041288075779344,26,1712916535447
797,2.962890625,0.0,2.4921875,0.25041288075779344,20,1712916535447
797,2.69140625,0.0,3.484375,0.25041288075779344,19,1712916535447
797,0.55859375,1.787109375,-0.66015625,-0.5008257615155869,20,1712916535447
797,0.568359375,1.8125,-0.697265625,-0.5008257615155869,33,1712916535447
797,0.580078125,1.8828125,-0.609375,-0.5008257615155869,36,1712916535447
797,0.458984375,1.98046875,-0.525390625,-0.5008257615155869,32,1712916535447
797,0.55859375,1.83203125,-0.5234375,-0.37561932113669017,64,1712916535447
797,0.568359375,1.8828125,-0.47265625,-0.37561932113669017,117,1712916535447
797,0.515625,1.96484375,-0.353515625,-0.37561932113669017,159,1712916535447
797,0.458984375,2.03125,-0.271484375,-0.37561932113669017,178,1712916535447
797,0.53515625,2.052734375,-0.26171875,-0.37561932113669017,136,1712916535447
797,0.544921875,2.087890625,-0.2890625,-0.37561932113669017,67,1712916535447
797,0.55859375,1.865234375,-0.3828125,-0.25041288075779344,58,1712916535447
797,0.568359375,1.9140625,-0.3203125,-0.25041288075779344,113,1712916535447
797,0.451171875,2.00390625,-0.1796875,-0.25041288075779344,177,1712916535447
797,0.525390625,2.029296875,-0.119140625,-0.25041288075779344,210,1712916535447
797,0.466796875,2.08203125,-0.1171875,-0.25041288075779344,174,1712916535447
797,0.544921875,2.095703125,-0.216796875,-0.25041288075779344,89,1712916535447
797,0.443359375,1.97265625,-0.09765625,-0.12520644037889672,20,1712916535447
797,0.451171875,2.01171875,-0.03125,-0.12520644037889672,40,1712916535447
797,0.458984375,2.048828125,0.05859375,-0.12520644037889672,56,1712916535447
797,0.466796875,2.0859375,0.0390625,-0.12520644037889672,49,1712916535447
797,0.4765625,2.12109375,-0.107421875,-0.12520644037889672,26,1712916535447
797,-2.916015625,2.03515625,-0.486328125,0.0,11,1712916535447
797,-3.107421875,1.71875,-0.01953125,0.12520644037889672,15,1712916535447
797,-3.02734375,1.91015625,-0.244140625,0.12520644037889672,21,1712916535447
797,-3.060546875,1.921875,-0.30859375,0.12520644037889672,16,1712916535447
797,1.0859375,1.54296875,2.91796875,0.25041288075779344,14,1712916535447
797,1.09765625,1.34375,3.052734375,0.25041288075779344,11,1712916535447
797,-3.140625,1.736328125,-0.064453125,0.25041288075779344,14,1712916535447
797,0.568359375,1.939453125,-0.109375,-0.12520644037889672,20,1712916535447
798,2.662109375,0.0,3.296875,0.0,12,1712916535548
798,2.69140625,0.0,3.349609375,0.0,28,1712916535548
798,2.720703125,0.0,3.255859375,0.0,28,1712916535548
798,2.86328125,0.0,3.349609375,0.0,16,1712916535548
798,2.552734375,0.0,-3.537109375,0.12520644037889672,23,1712916535548
798,2.802734375,0.0,3.46875,0.12520644037889672,51,1712916535548
798,2.720703125,0.0,3.451171875,0.12520644037889672,53,1712916535548
798,2.748046875,0.0,3.529296875,0.12520644037889672,29,1712916535548
798,2.552734375,0.0,-3.408203125,0.25041288075779344,16,1712916535548
798,2.69140625,0.0,-3.55859375,0.25041288075779344,35,1712916535548
798,2.720703125,0.0,3.576171875,0.25041288075779344,37,1712916535548
798,2.748046875,0.0,3.6640625,0.25041288075779344,21,1712916535548
798,-3.53515625,1.935546875,-1.638671875,-0.6260322018944836,40,1712916535548
798,0.486328125,1.79296875,-0.580078125,-0.5008257615155869,47,1712916535548
798,0.49609375,1.8359375,-0.56640625,-0.5008257615155869,81,1712916535548
798,0.505859375,1.890625,-0.513671875,-0.5008257615155869,67,1712916535548
798,0.451171875,1.99609375,-0.25,-0.5008257615155869,37,1712916535548
798,0.458984375,2.0390625,-0.20703125,-0.5008257615155869,61,1712916535548
798,0.53515625,2.05078125,-0.27734375,-0.5008257615155869,109,1712916535548
798,0.4765625,2.107421875,-0.265625,-0.5008257615155869,102,1712916535548
798,0.484375,2.146484375,-0.240234375,-0.5008257615155869,46,1712916535548
798,-3.53515625,2.26171875,-1.1484375,-0.5008257615155869,27,1712916535548
798,0.4765625,1.80078125,-0.41796875,-0.37561932113669017,20,1712916535548
798,0.486328125,1.83203125,-0.4453125,-0.37561932113669017,85,1712916535548
798,0.49609375,1.87890625,-0.408203125,-0.37561932113669017,167,1712916535548
798,0.443359375,1.953125,-0.287109375,-0.37561932113669017,216,1712916535548
798,0.451171875,2.00390625,-0.18359375,-0.37561932113669017,248,1712916535548
798,0.39453125,2.056640625,-0.146484375,-0.37561932113669017,267,1712916535548
798,0.466796875,2.078125,-0.177734375,-0.37561932113669017,279,1712916535548
798,0.4765625,2.115234375,-0.1875,-0.37561932113669017,211,1712916535548
798,0.484375,2.154296875,-0.17578125,-0.37561932113669017,88,1712916535548
798,0.486328125,1.859375,-0.314453125,-0.25041288075779344,46,1712916535548
798,0.49609375,1.908203125,-0.232421875,-0.25041288075779344,118,1712916535548
798,0.443359375,1.970703125,-0.123046875,-0.25041288075779344,252,1712916535548
798,0.38671875,2.0234375,-0.072265625,-0.25041288075779344,373,1712916535548
798,0.39453125,2.060546875,-0.080078125,-0.25041288075779344,367,1712916535548
798,0.466796875,2.083984375,-0.10546875,-0.25041288075779344,262,1712916535548
798,0.4765625,2.119140625,-0.146484375,-0.25041288075779344,158,1712916535548
798,0.310546875,1.95703125,0.10546875,-0.12520644037889672,26,1712916535548
798,0.37890625,1.986328125,0.037109375,-0.12520644037889672,101,1712916535548
798,0.38671875,2.025390625,0.021484375,-0.12520644037889672,179,1712916535548
798,0.39453125,2.0625,-0.013671875,-0.12520644037889672,167,1712916535548
798,0.333984375,2.111328125,-0.02734375,-0.12520644037889672,92,1712916535548
798,0.33984375,2.1484375,-0.0859375,-0.12520644037889672,40,1712916535548
798,-3.216796875,1.494140625,-0.134765625,0.0,10,1712916535548
798,-3.140625,1.705078125,-0.328125,0.0,21,1712916535548
798,-3.173828125,1.716796875,-0.37109375,0.0,21,1712916535548
798,-3.20703125,1.736328125,-0.3671875,0.0,11,1712916535548
798,-3.216796875,1.5,0.001953125,0.12520644037889672,19,1712916535548
798,-3.140625,1.734375,-0.103515625,0.12520644037889672,40,1712916535548
798,-3.173828125,1.74609375,-0.1875,0.12520644037889672,42,1712916535548
798,-3.20703125,1.75390625,-0.26171875,0.12520644037889672,23,1712916535548
798,-3.216796875,1.484375,0.21875,0.25041288075779344,13,1712916535548
798,-3.140625,1.736328125,0.01953125,0.25041288075779344,28,1712916535548
798,-3.173828125,1.755859375,-0.03125,0.25041288075779344,30,1712916535548
798,-3.20703125,1.751953125,-0.28515625,0.25041288075779344,17,1712916535548
799,0.365234375,1.8984375,-0.23046875,0.0,13,1712916535648
799,0.248046875,1.962890625,0.171875,0.0,21,1712916535648
799,0.31640625,1.99609375,0.099609375,0.0,77,1712916535648
799,0.322265625,2.03515625,0.041015625,0.0,117,1712916535648
799,0.328125,2.07421875,0.0234375,0.0,96,1712916535648
799,0.333984375,2.109375,0.115234375,0.0,44,1712916535648
799,2.69140625,0.0,2.990234375,0.0,17,1712916535648
799,2.720703125,0.0,3.1328125,0.0,22,1712916535648
799,2.748046875,0.0,3.265625,0.0,17,1712916535648
799,0.2578125,2.04296875,0.111328125,0.12520644037889672,27,1712916535648
799,0.26171875,2.08203125,0.05078125,0.12520644037889672,21,1712916535648
799,2.7734375,0.0,3.013671875,0.12520644037889672,17,1712916535648
799,2.69140625,0.0,3.232421875,0.12520644037889672,32,1712916535648
799,2.720703125,0.0,3.3828125,0.12520644037889672,41,1712916535648
799,2.748046875,0.0,3.5078125,0.12520644037889672,31,1712916535648
799,2.69140625,0.0,-3.525390625,0.25041288075779344,23,1712916535648
799,2.607421875,0.0,-3.49609375,0.25041288075779344,27,1712916535648
799,2.748046875,0.0,-3.609375,0.25041288075779344,20,1712916535648
799,-3.607421875,2.193359375,-0.673828125,-0.5008257615155869,23,1712916535648
799,-3.640625,2.18359375,-0.771484375,-0.5008257615155869,28,1712916535648
799,-3.80859375,1.857421875,-0.99609375,-0.5008257615155869,27,1712916535648
799,0.41796875,1.814453125,-0.419921875,-0.37561932113669017,39,1712916535648
799,0.42578125,1.845703125,-0.447265625,-0.37561932113669017,68,1712916535648
799,0.43359375,1.890625,-0.421875,-0.37561932113669017,70,1712916535648
799,0.37890625,1.958984375,-0.33203125,-0.37561932113669017,91,1712916535648
799,0.38671875,1.98828125,-0.380859375,-0.37561932113669017,122,1712916535648
799,0.328125,2.02734375,-0.4375,-0.37561932113669017,103,1712916535648
799,0.333984375,2.0546875,-0.490234375,-0.37561932113669017,50,1712916535648
799,-3.7421875,2.05859375,-0.21484375,-0.37561932113669017,21,1712916535648
799,-3.775390625,2.0546875,-0.37109375,-0.37561932113669017,27,1712916535648
799,-3.80859375,2.005859375,-0.642578125,-0.37561932113669017,26,1712916535648
799,0.41796875,1.830078125,-0.34375,-0.25041288075779344,47,1712916535648
799,0.42578125,1.865234375,-0.357421875,-0.25041288075779344,84,1712916535648
799,0.373046875,1.935546875,-0.228515625,-0.25041288075779344,112,1712916535648
799,0.31640625,1.990234375,-0.173828125,-0.25041288075779344,239,1712916535648
799,0.322265625,2.0234375,-0.220703125,-0.25041288075779344,345,1712916535648
799,0.328125,2.056640625,-0.265625,-0.25041288075779344,293,1712916535648
799,0.333984375,2.091796875,-0.283203125,-0.25041288075779344,140,1712916535648
799,0.365234375,1.90234375,-0.205078125,-0.12520644037889672,24,1712916535648
799,0.310546875,1.9609375,0.01171875,-0.12520644037889672,71,1712916535648
799,0.31640625,1.998046875,-0.03515625,-0.12520644037889672,213,1712916535648
799,0.38671875,2.0234375,-0.09765625,-0.12520644037889672,317,1712916535648
799,0.328125,2.0703125,-0.119140625,-0.12520644037889672,271,1712916535648
799,0.333984375,2.109375,-0.08984375,-0.12520644037889672,126,1712916535648
799,-3.140625,1.630859375,-0.595703125,0.0,13,1712916535648
799,-3.173828125,1.671875,-0.53515625,0.0,17,1712916535648
799,-3.20703125,1.671875,-0.591796875,0.0,12,1712916535648
799,-3.107421875,1.525390625,-0.79296875,0.12520644037889672,13,1712916535648
799,-3.140625,1.693359375,-0.392578125,0.12520644037889672,29,1712916535648
799,-3.173828125,1.734375,-0.267578125,0.12520644037889672,36,1712916535648
799,-3.20703125,1.7578125,-0.244140625,0.12520644037889672,26,1712916535648
799,-3.140625,1.734375,-0.095703125,0.25041288075779344,22,1712916535648
799,-3.173828125,1.755859375,-0.03125,0.25041288075779344,27,1712916535648
799,-3.20703125,1.76953125,-0.126953125,0.25041288075779344,19,1712916535648
799,0.400390625,4.205078125,-0.65625,-0.5008257615155869,13,1712916535648
799,0.400390625,4.236328125,-0.41796875,-0.37561932113669017,13,1712916535648
800,0.41015625,1.775390625,-0.423828125,0.0,10,1712916535749
800,0.41796875,1.828125,-0.353515625,0.0,32,1712916535749
800,0.365234375,1.892578125,-0.279296875,0.0,50,1712916535749
800,0.248046875,1.96875,0.009765625,0.0,77,1712916535749
800,0.251953125,2.0078125,0.04296875,0.0,139,1712916535749
800,0.322265625,2.03515625,-0.017578125,0.0,182,1712916535749
800,0.26171875,2.08203125,-0.064453125,0.0,162,1712916535749
800,0.267578125,2.119140625,-0.08984375,0.0,85,1712916535749
800,0.203125,2.166015625,0.037109375,0.0,20,1712916535749
800,2.634765625,0.0,2.6953125,0.12520644037889672,21,1712916535749
800,2.662109375,0.0,2.771484375,0.12520644037889672,19,1712916535749
800,2.634765625,0.0,2.9296875,0.25041288075779344,17,1712916535749
800,2.662109375,0.0,2.97265625,0.25041288075779344,15,1712916535749
800,-3.70703125,1.916015625,-0.734375,-0.5008257615155869,25,1712916535749
800,-3.7421875,1.7734375,-1.06640625,-0.5008257615155869,33,1712916535749
800,-3.775390625,1.712890625,-1.1953125,-0.5008257615155869,36,1712916535749
800,-3.80859375,1.54296875,-1.435546875,-0.5008257615155869,28,1712916535749
800,0.357421875,1.734375,-0.7109375,-0.37561932113669017,58,1712916535749
800,0.365234375,1.77734375,-0.703125,-0.37561932113669017,94,1712916535749
800,0.373046875,1.8046875,-0.736328125,-0.37561932113669017,75,1712916535749
800,0.31640625,1.8125,-0.841796875,-0.37561932113669017,26,1712916535749
800,-3.576171875,2.25,-0.3359375,-0.37561932113669017,36,1712916535749
800,-3.7421875,1.9765625,-0.6171875,-0.37561932113669017,45,1712916535749
800,-3.775390625,1.87890625,-0.9140625,-0.37561932113669017,46,1712916535749
800,-3.943359375,1.580078125,-0.94140625,-0.37561932113669017,34,1712916535749
800,0.3515625,1.7734375,-0.478515625,-0.25041288075779344,28,1712916535749
800,0.298828125,1.822265625,-0.484375,-0.25041288075779344,100,1712916535749
800,0.365234375,1.822265625,-0.580078125,-0.25041288075779344,156,1712916535749
800,0.373046875,1.765625,-0.828125,-0.25041288075779344,99,1712916535749
800,0.251953125,2.0078125,-0.01953125,-0.25041288075779344,101,1712916535749
800,0.322265625,2.01953125,-0.25390625,-0.25041288075779344,171,1712916535749
800,0.328125,2.044921875,-0.33984375,-0.25041288075779344,156,1712916535749
800,0.333984375,2.078125,-0.375,-0.25041288075779344,80,1712916535749
800,0.41015625,1.78125,-0.3984375,-0.12520644037889672,21,1712916535749
800,0.357421875,1.837890625,-0.37109375,-0.12520644037889672,72,1712916535749
800,0.365234375,1.861328125,-0.443359375,-0.12520644037889672,104,1712916535749
800,0.310546875,1.9609375,-0.056640625,-0.12520644037889672,113,1712916535749
800,0.31640625,1.998046875,-0.044921875,-0.12520644037889672,237,1712916535749
800,0.322265625,2.03125,-0.15234375,-0.12520644037889672,328,1712916535749
800,0.328125,2.064453125,-0.19921875,-0.12520644037889672,298,1712916535749
800,0.333984375,2.099609375,-0.2265625,-0.12520644037889672,156,1712916535749
800,0.271484375,2.158203125,-0.052734375,-0.12520644037889672,37,1712916535749
800,-0.29296875,1.326171875,1.28515625,0.0,6,1712916535749
800,-3.072265625,1.564453125,-0.6640625,0.12520644037889672,18,1712916535749
800,-3.107421875,1.58984375,-0.65234375,0.12520644037889672,17,1712916535749
800,-3.072265625,1.642578125,-0.44140625,0.25041288075779344,15,1712916535749
800,-3.107421875,1.669921875,-0.41015625,0.25041288075779344,14,1712916535749
800,-0.443359375,1.6328125,1.109375,-0.37561932113669017,16,1712916535749
800,-0.29296875,1.47265625,1.1171875,-0.12520644037889672,12,1712916535749
801,0.298828125,1.8515625,-0.357421875,0.0,17,1712916535849
801,0.181640625,1.935546875,-0.1171875,0.0,28,1712916535849
801,0.185546875,1.974609375,0.060546875,0.0,45,1712916535849
801,0.189453125,2.013671875,0.0546875,0.0,51,1712916535849
801,0.12890625,2.052734375,0.130859375,0.0,26,1712916535849
801,0.26171875,2.078125,-0.138671875,0.0,12,1712916535849
801,0.201171875,2.109375,-0.279296875,0.0,15,1712916535849
801,0.29296875,1.818359375,-0.328125,0.12520644037889672,16,1712916535849
801,0.298828125,1.859375,-0.31640625,0.12520644037889672,41,1712916535849
801,0.3046875,1.892578125,-0.33984375,0.12520644037889672,47,1712916535849
801,0.310546875,1.90234375,-0.478515625,0.12520644037889672,24,1712916535849
801,0.189453125,2.013671875,-0.013671875,0.12520644037889672,23,1712916535849
801,0.2578125,2.044921875,0.013671875,0.12520644037889672,52,1712916535849
801,0.328125,2.07421875,-0.001953125,0.12520644037889672,68,1712916535849
801,0.267578125,2.12109375,-0.029296875,0.12520644037889672,42,1712916535849
801,0.244140625,1.91796875,-0.2265625,0.25041288075779344,17,1712916535849
801,0.2578125,2.04296875,0.107421875,0.25041288075779344,19,1712916535849
801,0.26171875,2.080078125,0.1171875,0.25041288075779344,25,1712916535849
801,-3.875,1.361328125,-1.189453125,-0.5008257615155869,26,1712916535849
801,-3.91015625,1.4375,-1.123046875,-0.5008257615155869,21,1712916535849
801,-3.70703125,1.662109375,-1.203125,-0.37561932113669017,28,1712916535849
801,-3.875,1.4765625,-1.04296875,-0.37561932113669017,43,1712916535849
801,-3.91015625,1.525390625,-0.998046875,-0.37561932113669017,36,1712916535849
801,0.244140625,1.845703125,-0.56640625,-0.25041288075779344,29,1712916535849
801,0.185546875,1.94921875,-0.328125,-0.25041288075779344,52,1712916535849
801,0.189453125,2.001953125,-0.228515625,-0.25041288075779344,58,1712916535849
801,0.193359375,2.048828125,-0.119140625,-0.25041288075779344,30,1712916535849
801,0.140625,2.208984375,-0.421875,-0.25041288075779344,22,1712916535849
801,-3.875,1.486328125,-1.02734375,-0.25041288075779344,29,1712916535849
801,-3.91015625,1.533203125,-0.98828125,-0.25041288075779344,24,1712916535849
801,0.357421875,1.798828125,-0.529296875,-0.12520644037889672,43,1712916535849
801,0.3046875,1.8203125,-0.62109375,-0.12520644037889672,57,1712916535849
801,0.185546875,1.9765625,0.021484375,-0.12520644037889672,81,1712916535849
801,0.189453125,2.013671875,-0.0546875,-0.12520644037889672,103,1712916535849
801,0.193359375,2.05078125,-0.08203125,-0.12520644037889672,57,1712916535849
801,0.328125,2.009765625,-0.513671875,-0.12520644037889672,54,1712916535849
801,0.267578125,2.064453125,-0.48828125,-0.12520644037889672,42,1712916535849
802,0.357421875,1.763671875,-0.634765625,0.0,26,1712916535949
802,0.3046875,1.833984375,-0.580078125,0.0,38,1712916535949
802,0.310546875,1.89453125,-0.501953125,0.0,28,1712916535949
802,0.189453125,1.98828125,-0.32421875,0.0,19,1712916535949
802,0.357421875,1.7890625,-0.55859375,0.12520644037889672,44,1712916535949
802,0.3046875,1.873046875,-0.431640625,0.12520644037889672,72,1712916535949
802,0.248046875,1.9453125,-0.30859375,0.12520644037889672,63,1712916535949
802,0.251953125,2.001953125,-0.13671875,0.12520644037889672,41,1712916535949
802,0.2578125,2.044921875,0.0234375,0.12520644037889672,27,1712916535949
802,0.197265625,2.08984375,-0.05078125,0.12520644037889672,20,1712916535949
802,0.298828125,1.822265625,-0.484375,0.25041288075779344,24,1712916535949
802,0.3046875,1.888671875,-0.359375,0.25041288075779344,36,1712916535949
802,0.248046875,1.9609375,-0.17578125,0.25041288075779344,28,1712916535949
802,2.552734375,0.0,2.822265625,0.37561932113669017,14,1712916535949
802,-3.251953125,1.392578125,-0.6015625,0.37561932113669017,16,1712916535949
802,0.0625,1.9609375,-0.296875,-0.12520644037889672,18,1712916535949
802,0.126953125,2.005859375,-0.232421875,-0.12520644037889672,21,1712916535949
802,-0.42578125,1.345703125,1.33984375,0.0,20,1712916535949
802,-0.43359375,1.427734375,1.30859375,0.0,15,1712916535949
802,-3.216796875,1.310546875,-0.732421875,0.37561932113669017,14,1712916535949
802,2.466796875,0.494140625,2.55859375,0.37561932113669017,14,1712916535949
803,0.17578125,1.67578125,-0.810546875,0.0,16,1712916536050
803,0.23828125,1.751953125,-0.716796875,0.0,62,1712916536050
803,0.244140625,1.80859375,-0.6796875,0.0,116,1712916536050
803,0.185546875,1.84765625,-0.69921875,0.0,112,1712916536050
803,0.0625,2.0078125,-0.25,0.0,118,1712916536050
803,0.064453125,2.037109375,-0.306640625,0.0,130,1712916536050
803,0.06640625,2.060546875,-0.40234375,0.0,91,1712916536050
803,0.06640625,2.095703125,-0.419921875,0.0,43,1712916536050
803,0.234375,1.71484375,-0.70703125,0.12520644037889672,37,1712916536050
803,0.23828125,1.794921875,-0.603515625,0.12520644037889672,135,1712916536050
803,0.181640625,1.85546875,-0.5625,0.12520644037889672,257,1712916536050
803,0.185546875,1.892578125,-0.5703125,0.12520644037889672,250,1712916536050
803,0.0625,2.017578125,-0.126953125,0.12520644037889672,255,1712916536050
803,0.064453125,2.052734375,-0.173828125,0.12520644037889672,263,1712916536050
803,0.06640625,2.083984375,-0.24609375,0.12520644037889672,179,1712916536050
803,0.06640625,2.1171875,-0.291015625,0.12520644037889672,79,1712916536050
803,0.17578125,1.771484375,-0.576171875,0.25041288075779344,32,1712916536050
803,0.1796875,1.83984375,-0.48046875,0.25041288075779344,117,1712916536050
803,0.181640625,1.890625,-0.427734375,0.25041288075779344,220,1712916536050
803,0.248046875,1.919921875,-0.44140625,0.25041288075779344,200,1712916536050
803,0.0625,2.001953125,-0.29296875,0.25041288075779344,103,1712916536050
803,0.064453125,2.060546875,-0.0078125,0.25041288075779344,106,1712916536050
803,0.06640625,2.095703125,-0.10546875,0.25041288075779344,79,1712916536050
803,0.06640625,2.1328125,-0.12109375,0.25041288075779344,37,1712916536050
803,0.1796875,1.869140625,-0.34765625,0.37561932113669017,28,1712916536050
803,0.181640625,1.91796875,-0.279296875,0.37561932113669017,53,1712916536050
803,0.125,1.96484375,-0.25,0.37561932113669017,51,1712916536050
803,0.0625,2.015625,-0.166015625,0.37561932113669017,27,1712916536050
803,-3.365234375,0.84375,-0.921875,0.37561932113669017,17,1712916536050
803,-3.400390625,0.85546875,-0.927734375,0.37561932113669017,23,1712916536050
803,-3.322265625,1.19140625,-0.9921875,0.37561932113669017,19,1712916536050
803,-3.365234375,0.923828125,-0.83984375,0.5008257615155869,15,1712916536050
803,-3.400390625,1.04296875,-0.708984375,0.5008257615155869,21,1712916536050
803,-3.55078125,0.419921875,-0.806640625,0.5008257615155869,16,1712916536050
803,0.0625,1.97265625,-0.44140625,-0.25041288075779344,20,1712916536050
803,0.181640625,1.833984375,-0.626953125,-0.12520644037889672,23,1712916536050
803,0.125,1.943359375,-0.384765625,-0.12520644037889672,46,1712916536050
803,0.0625,1.98828125,-0.3671875,-0.12520644037889672,64,1712916536050
803,0.12890625,2.017578125,-0.400390625,-0.12520644037889672,50,1712916536050
803,0.06640625,2.03125,-0.525390625,-0.12520644037889672,24,1712916536050
803,2.466796875,0.0,2.708984375,0.37561932113669017,16,1712916536050
803,2.494140625,0.47265625,2.591796875,0.37561932113669017,18,1712916536050
803,2.51953125,0.0,2.681640625,0.37561932113669017,12,1712916536050
803,2.35546875,0.0,2.92578125,0.5008257615155869,13,1712916536050
803,2.494140625,0.0,2.95703125,0.5008257615155869,15,1712916536050
803,2.404296875,0.0,3.142578125,0.5008257615155869,10,1712916536050
