1024,0.453125,2.771484375,-0.73046875,0.0,85,1712915067589
1024,0.458984375,2.8125,-0.72265625,0.0,217,1712915067589
1024,0.55859375,2.828125,-0.748046875,0.0,253,1712915067589
1024,0.56640625,2.86328125,-0.76171875,0.0,143,1712915067589
1024,0.4765625,3.00390625,-0.271484375,0.0,46,1712915067589
1024,0.482421875,3.0546875,-0.017578125,0.0,30,1712915067589
1024,0.701171875,3.1171875,-0.27734375,0.0,27,1712915067589
1024,0.453125,2.8125,-0.544921875,0.12520644037889672,159,1712915067589
1024,0.458984375,2.849609375,-0.552734375,0.12520644037889672,395,1712915067589
1024,0.46484375,2.88671875,-0.564453125,0.12520644037889672,457,1712915067589
1024,0.470703125,2.923828125,-0.572265625,0.12520644037889672,259,1712915067589
1024,0.4765625,3.015625,-0.044921875,0.12520644037889672,93,1712915067589
1024,0.482421875,3.05078125,0.130859375,0.12520644037889672,67,1712915067589
1024,0.16796875,2.666015625,0.04296875,0.25041288075779344,22,1712915067589
1024,0.36328125,2.853515625,-0.373046875,0.25041288075779344,90,1712915067589
1024,0.458984375,2.880859375,-0.36328125,0.25041288075779344,230,1712915067589
1024,0.46484375,2.91796875,-0.365234375,0.25041288075779344,271,1712915067589
1024,0.470703125,2.95703125,-0.3671875,0.25041288075779344,151,1712915067589
1024,0.4765625,3.015625,0.02734375,0.25041288075779344,42,1712915067589
1024,0.162109375,2.57421875,0.296875,0.37561932113669017,28,1712915067589
1024,0.1640625,2.609375,0.3125,0.37561932113669017,56,1712915067589
1024,0.25,2.6484375,0.2578125,0.37561932113669017,48,1712915067589
1024,0.373046875,2.953125,0.115234375,0.37561932113669017,21,1712915067589
1024,0.1640625,2.572265625,0.546875,0.5008257615155869,28,1712915067589
1024,0.083984375,2.646484375,0.36328125,0.5008257615155869,35,1712915067589
1024,0.169921875,2.689453125,0.287109375,0.5008257615155869,52,1712915067589
1024,0.171875,2.732421875,0.2421875,0.5008257615155869,27,1712915067589
1024,0.1640625,2.587890625,0.466796875,0.6260322018944836,42,1712915067589
1024,0.16796875,2.625,0.47265625,0.6260322018944836,93,1712915067589
1024,0.169921875,2.666015625,0.453125,0.6260322018944836,90,1712915067589
1024,0.0859375,2.716796875,0.4140625,0.6260322018944836,38,1712915067589
1024,0.08203125,2.568359375,0.578125,0.7512386422733803,33,1712915067589
1024,0.083984375,2.603515625,0.595703125,0.7512386422733803,53,1712915067589
1024,0.083984375,2.62890625,0.65234375,0.7512386422733803,42,1712915067589
1024,0.79296875,2.951171875,-0.83984375,-0.5008257615155869,17,1712915067589
1024,0.783203125,2.96875,-0.61328125,-0.37561932113669017,59,1712915067589
1024,0.79296875,3.0078125,-0.6015625,-0.37561932113669017,100,1712915067589
1024,0.80078125,3.041015625,-0.623046875,-0.37561932113669017,79,1712915067589
1024,0.708984375,3.115234375,-0.56640625,-0.37561932113669017,22,1712915067589
1024,0.783203125,3.001953125,-0.41796875,-0.25041288075779344,76,1712915067589
1024,0.79296875,3.02734375,-0.498046875,-0.25041288075779344,150,1712915067589
1024,0.701171875,3.091796875,-0.482421875,-0.25041288075779344,141,1712915067589
1024,0.708984375,3.12890625,-0.484375,-0.25041288075779344,62,1712915067589
1024,0.46484375,2.841796875,-0.755859375,-0.12520644037889672,33,1712915067589
1024,0.470703125,2.91015625,-0.638671875,-0.12520644037889672,24,1712915067589
1024,0.783203125,3.01953125,-0.26171875,-0.12520644037889672,34,1712915067589
1024,0.693359375,3.06640625,-0.39453125,-0.12520644037889672,92,1712915067589
1024,0.701171875,3.103515625,-0.392578125,-0.12520644037889672,104,1712915067589
1024,0.708984375,3.1484375,-0.337890625,-0.12520644037889672,56,1712915067589
1024,-0.66796875,1.751953125,2.41015625,0.0,26,1712915067589
1024,-0.66796875,1.53125,2.556640625,0.12520644037889672,47,1712915067589
1024,-0.763671875,1.478515625,2.560546875,0.25041288075779344,24,1712915067589
1025,0.453125,2.705078125,-0.947265625,0.0,19,1712915067741
1025,0.458984375,2.810546875,-0.73046875,0.0,74,1712915067741
1025,0.46484375,2.865234375,-0.6640625,0.0,120,1712915067741
1025,0.470703125,2.921875,-0.58203125,0.0,96,1712915067741
1025,0.4765625,2.99609375,-0.359375,0.0,43,1712915067741
1025,0.685546875,3.046875,-0.203125,0.0,34,1712915067741
1025,0.693359375,3.087890625,-0.150390625,0.0,59,1712915067741
1025,0.701171875,3.126953125,-0.130859375,0.0,51,1712915067741
1025,0.453125,2.810546875,-0.55859375,0.12520644037889672,45,1712915067741
1025,0.55078125,2.84375,-0.5,0.12520644037889672,164,1712915067741
1025,0.46484375,2.90625,-0.453125,0.12520644037889672,255,1712915067741
1025,0.470703125,2.951171875,-0.408203125,0.12520644037889672,194,1712915067741
1025,0.380859375,3.01171875,-0.328125,0.12520644037889672,75,1712915067741
1025,0.22265625,3.12890625,-1.6640625,0.12520644037889672,21,1712915067741
1025,0.3359375,3.314453125,-1.333984375,0.12520644037889672,22,1712915067741
1025,0.458984375,2.88671875,-0.302734375,0.25041288075779344,71,1712915067741
1025,0.46484375,2.927734375,-0.26953125,0.25041288075779344,110,1712915067741
1025,0.376953125,2.984375,-0.224609375,0.25041288075779344,87,1712915067741
1025,0.380859375,3.01953125,-0.26171875,0.25041288075779344,34,1712915067741
1025,0.333984375,2.650390625,-0.080078125,0.5008257615155869,26,1712915067741
1025,0.423828125,2.677734375,-0.005859375,0.5008257615155869,41,1712915067741
1025,0.4296875,2.71484375,-0.02734375,0.5008257615155869,30,1712915067741
1025,0.330078125,2.609375,0.130859375,0.6260322018944836,33,1712915067741
1025,0.333984375,2.646484375,0.154296875,0.6260322018944836,129,1712915067741
1025,0.423828125,2.671875,0.16796875,0.6260322018944836,195,1712915067741
1025,0.34375,2.72265625,0.158203125,0.6260322018944836,137,1712915067741
1025,0.34765625,2.763671875,0.11328125,0.6260322018944836,37,1712915067741
1025,0.412109375,2.5859375,0.29296875,0.7512386422733803,40,1712915067741
1025,0.333984375,2.630859375,0.328125,0.7512386422733803,154,1712915067741
1025,0.337890625,2.669921875,0.318359375,0.7512386422733803,235,1712915067741
1025,0.34375,2.7109375,0.302734375,0.7512386422733803,162,1712915067741
1025,0.34765625,2.75,0.291015625,0.7512386422733803,43,1712915067741
1025,0.333984375,2.611328125,0.45703125,0.876445082652277,60,1712915067741
1025,0.337890625,2.65625,0.4140625,0.876445082652277,91,1712915067741
1025,0.34375,2.693359375,0.427734375,0.876445082652277,64,1712915067741
1025,0.84765625,1.240234375,-2.255859375,-1.0016515230311738,27,1712915067741
1025,0.7734375,1.30859375,-2.291015625,-1.0016515230311738,24,1712915067741
1025,0.7734375,0.87109375,-2.490234375,-0.7512386422733803,22,1712915067741
1025,0.783203125,0.8046875,-2.55078125,-0.7512386422733803,21,1712915067741
1025,0.677734375,1.19921875,-2.333984375,-0.6260322018944836,19,1712915067741
1025,0.859375,1.18359375,-2.326171875,-0.6260322018944836,29,1712915067741
1025,0.697265625,1.228515625,-2.40234375,-0.6260322018944836,23,1712915067741
1025,0.7734375,1.283203125,-2.3046875,-0.5008257615155869,22,1712915067741
1025,0.87109375,1.12890625,-2.39453125,-0.5008257615155869,21,1712915067741
1025,0.783203125,2.908203125,-0.8515625,-0.5008257615155869,23,1712915067741
1025,0.79296875,2.95703125,-0.818359375,-0.5008257615155869,39,1712915067741
1025,0.80078125,2.990234375,-0.837890625,-0.5008257615155869,31,1712915067741
1025,0.783203125,2.939453125,-0.7421875,-0.37561932113669017,42,1712915067741
1025,0.79296875,2.994140625,-0.671875,-0.37561932113669017,61,1712915067741
1025,0.80078125,3.044921875,-0.607421875,-0.37561932113669017,45,1712915067741
1025,0.376953125,2.9921875,-0.017578125,-0.25041288075779344,21,1712915067741
1025,0.783203125,2.9375,-0.74609375,-0.25041288075779344,25,1712915067741
1025,0.79296875,2.994140625,-0.6640625,-0.25041288075779344,53,1712915067741
1025,0.80078125,3.046875,-0.599609375,-0.25041288075779344,49,1712915067741
1025,0.708984375,3.1171875,-0.5546875,-0.25041288075779344,22,1712915067741
1025,0.55078125,2.8203125,-0.62109375,-0.12520644037889672,35,1712915067741
1025,0.55859375,2.853515625,-0.642578125,-0.12520644037889672,43,1712915067741
1025,0.470703125,2.94921875,-0.41796875,-0.12520644037889672,27,1712915067741
1025,0.783203125,3.017578125,-0.283203125,-0.12520644037889672,60,1712915067741
1025,0.693359375,3.080078125,-0.271484375,-0.12520644037889672,110,1712915067741
1025,0.80078125,3.09375,-0.275390625,-0.12520644037889672,94,1712915067741
1025,0.708984375,3.15625,-0.26171875,-0.12520644037889672,38,1712915067741
1025,-0.169921875,2.666015625,0.458984375,-1.0016515230311738,19,1712915067741
1025,-0.2578125,2.69921875,0.453125,-1.0016515230311738,16,1712915067741
1026,0.41796875,2.63671875,-0.107421875,0.0,22,1712915067841
1026,0.423828125,2.67578125,-0.080078125,0.0,70,1712915067841
1026,0.4296875,2.71484375,-0.064453125,0.0,95,1712915067841
1026,0.435546875,2.75,-0.1015625,0.0,62,1712915067841
1026,0.44140625,2.787109375,-0.13671875,0.0,17,1712915067841
1026,0.470703125,2.978515625,-0.001953125,0.0,24,1712915067841
1026,0.572265625,2.92578125,0.662109375,0.0,27,1712915067841
1026,0.580078125,2.9453125,0.740234375,0.0,27,1712915067841
1026,0.685546875,3.05078125,0.142578125,0.0,33,1712915067841
1026,0.79296875,3.06640625,-0.119140625,0.0,45,1712915067841
1026,0.701171875,3.125,-0.1640625,0.0,29,1712915067841
1026,0.41796875,2.638671875,0.0546875,0.12520644037889672,45,1712915067841
1026,0.423828125,2.67578125,0.08984375,0.12520644037889672,141,1712915067841
1026,0.4296875,2.712890625,0.107421875,0.12520644037889672,192,1712915067841
1026,0.435546875,2.751953125,0.08203125,0.12520644037889672,125,1712915067841
1026,0.44140625,2.791015625,-0.037109375,0.12520644037889672,33,1712915067841
1026,0.55078125,2.865234375,-0.36328125,0.12520644037889672,64,1712915067841
1026,0.55859375,2.90625,-0.3359375,0.12520644037889672,88,1712915067841
1026,0.56640625,2.955078125,-0.201171875,0.12520644037889672,60,1712915067841
1026,0.572265625,2.98828125,-0.265625,0.12520644037889672,32,1712915067841
1026,0.67578125,2.955078125,-0.61328125,0.12520644037889672,40,1712915067841
1026,0.587890625,3.009765625,-0.626953125,0.12520644037889672,26,1712915067841
1026,0.333984375,2.64453125,0.1796875,0.25041288075779344,21,1712915067841
1026,0.423828125,2.666015625,0.244140625,0.25041288075779344,69,1712915067841
1026,0.4296875,2.703125,0.25390625,0.25041288075779344,94,1712915067841
1026,0.435546875,2.744140625,0.208984375,0.25041288075779344,61,1712915067841
1026,0.55859375,2.90625,-0.328125,0.25041288075779344,39,1712915067841
1026,0.580078125,3.0,-0.48046875,0.25041288075779344,25,1712915067841
1026,0.71484375,2.771484375,0.068359375,0.6260322018944836,20,1712915067841
1026,0.81640625,2.78125,0.146484375,0.6260322018944836,27,1712915067841
1026,0.8046875,2.7421875,0.17578125,0.7512386422733803,39,1712915067841
1026,0.724609375,2.80078125,0.21875,0.7512386422733803,54,1712915067841
1026,0.734375,2.83984375,0.185546875,0.7512386422733803,36,1712915067841
1026,0.71484375,2.74609375,0.376953125,0.876445082652277,28,1712915067841
1026,0.724609375,2.78125,0.3984375,0.876445082652277,44,1712915067841
1026,0.734375,2.818359375,0.40234375,0.876445082652277,32,1712915067841
1026,0.7734375,2.916015625,-0.67578125,-0.37561932113669017,28,1712915067841
1026,0.880859375,2.91015625,-0.74609375,-0.37561932113669017,48,1712915067841
1026,0.79296875,2.9609375,-0.802734375,-0.37561932113669017,41,1712915067841
1026,0.56640625,2.962890625,-0.037109375,-0.25041288075779344,34,1712915067841
1026,0.66796875,2.974609375,-0.19140625,-0.25041288075779344,44,1712915067841
1026,0.7734375,2.955078125,-0.4765625,-0.25041288075779344,68,1712915067841
1026,0.880859375,2.951171875,-0.5625,-0.25041288075779344,113,1712915067841
1026,0.890625,2.982421875,-0.59375,-0.25041288075779344,120,1712915067841
1026,0.80078125,3.02734375,-0.689453125,-0.25041288075779344,65,1712915067841
1026,0.34375,2.7265625,-0.056640625,-0.12520644037889672,19,1712915067841
1026,0.65234375,2.892578125,0.28125,-0.12520644037889672,48,1712915067841
1026,0.66015625,2.9375,0.1796875,-0.12520644037889672,69,1712915067841
1026,0.572265625,3.0,0.033203125,-0.12520644037889672,82,1712915067841
1026,0.67578125,3.013671875,-0.16015625,-0.12520644037889672,90,1712915067841
1026,0.783203125,3.009765625,-0.353515625,-0.12520644037889672,115,1712915067841
1026,0.79296875,3.044921875,-0.3828125,-0.12520644037889672,122,1712915067841
1026,0.80078125,3.072265625,-0.44921875,-0.12520644037889672,73,1712915067841
1027,0.5078125,2.65234375,0.236328125,0.0,27,1712915067891
1027,0.4296875,2.708984375,0.1796875,0.0,37,1712915067891
1027,0.435546875,2.748046875,0.158203125,0.0,25,1712915067891
1027,0.869140625,2.896484375,-0.64453125,0.0,30,1712915067891
1027,0.880859375,2.974609375,-0.421875,0.0,34,1712915067891
1027,0.79296875,3.064453125,-0.15234375,0.0,21,1712915067891
1027,0.642578125,2.853515625,-0.296875,0.12520644037889672,38,1712915067891
1027,0.55859375,2.892578125,-0.431640625,0.12520644037889672,68,1712915067891
1027,0.56640625,2.916015625,-0.51953125,0.12520644037889672,67,1712915067891
1027,0.572265625,2.951171875,-0.537109375,0.12520644037889672,36,1712915067891
1027,0.79296875,3.04296875,-0.3828125,0.12520644037889672,28,1712915067891
1027,0.55859375,2.912109375,-0.2734375,0.25041288075779344,26,1712915067891
1027,0.56640625,2.9375,-0.376953125,0.25041288075779344,27,1712915067891
1027,0.4296875,2.7109375,-0.16015625,-0.25041288075779344,32,1712915067891
1027,0.66015625,2.884765625,-0.578125,-0.25041288075779344,34,1712915067891
1027,1.0625,2.73046875,-0.986328125,-0.25041288075779344,25,1712915067891
1027,0.880859375,2.884765625,-0.83984375,-0.25041288075779344,35,1712915067891
1027,0.890625,2.953125,-0.720703125,-0.25041288075779344,29,1712915067891
1027,0.5078125,2.662109375,0.015625,-0.12520644037889672,50,1712915067891
1027,0.4296875,2.71484375,0.029296875,-0.12520644037889672,69,1712915067891
1027,0.435546875,2.751953125,0.021484375,-0.12520644037889672,47,1712915067891
1027,0.65234375,2.89453125,-0.2578125,-0.12520644037889672,98,1712915067891
1027,0.56640625,2.9453125,-0.322265625,-0.12520644037889672,85,1712915067891
1027,0.966796875,2.81640625,-0.8359375,-0.12520644037889672,55,1712915067891
1027,0.880859375,2.931640625,-0.658203125,-0.12520644037889672,77,1712915067891
1027,0.890625,2.990234375,-0.55078125,-0.12520644037889672,54,1712915067891
1027,0.90234375,3.0390625,-0.478515625,-0.12520644037889672,27,1712915067891
1027,-0.396484375,1.646484375,2.677734375,0.0,12,1712915067891
1027,-0.193359375,2.40625,1.93359375,-0.25041288075779344,15,1712915067891
1027,-0.1953125,2.267578125,2.1484375,-0.25041288075779344,19,1712915067891
1027,-0.095703125,2.40625,1.94140625,-0.12520644037889672,29,1712915067891
1028,0.333984375,2.630859375,0.328125,0.0,28,1712915068041
1028,0.423828125,2.658203125,0.318359375,0.0,61,1712915068041
1028,0.4296875,2.69921875,0.2890625,0.0,60,1712915068041
1028,0.34765625,2.744140625,0.341796875,0.0,27,1712915068041
1028,0.763671875,2.951171875,-0.181640625,0.0,42,1712915068041
1028,0.7734375,2.986328125,-0.20703125,0.0,49,1712915068041
1028,0.880859375,2.982421875,-0.357421875,0.0,36,1712915068041
1028,0.990234375,2.955078125,-0.568359375,0.0,24,1712915068041
1028,0.734375,2.810546875,-0.447265625,0.12520644037889672,63,1712915068041
1028,0.65234375,2.88671875,-0.333984375,0.12520644037889672,98,1712915068041
1028,0.66015625,2.935546875,-0.220703125,0.12520644037889672,71,1712915068041
1028,0.966796875,2.884765625,-0.55859375,0.12520644037889672,26,1712915068041
1028,0.880859375,2.939453125,-0.62109375,0.12520644037889672,60,1712915068041
1028,0.890625,2.96875,-0.66015625,0.12520644037889672,60,1712915068041
1028,0.90234375,3.033203125,-0.515625,0.12520644037889672,33,1712915068041
1028,0.642578125,2.8671875,-0.083984375,0.25041288075779344,22,1712915068041
1028,0.55859375,2.923828125,-0.03515625,0.25041288075779344,32,1712915068041
1028,0.56640625,2.962890625,0.025390625,0.25041288075779344,23,1712915068041
1028,0.966796875,2.84765625,-0.716796875,0.25041288075779344,59,1712915068041
1028,0.978515625,2.890625,-0.701171875,0.25041288075779344,93,1712915068041
1028,0.990234375,2.94140625,-0.634765625,0.25041288075779344,75,1712915068041
1028,0.80078125,3.0703125,-0.46484375,0.25041288075779344,31,1712915068041
1028,0.869140625,2.896484375,-0.6484375,0.37561932113669017,48,1712915068041
1028,0.880859375,2.9375,-0.625,0.37561932113669017,64,1712915068041
1028,0.890625,2.98828125,-0.56640625,0.37561932113669017,42,1712915068041
1028,0.544921875,2.849609375,0.009765625,-0.7512386422733803,19,1712915068041
1028,0.70703125,2.708984375,0.37890625,-0.6260322018944836,16,1712915068041
1028,0.71484375,2.759765625,0.271484375,-0.6260322018944836,36,1712915068041
1028,0.724609375,2.802734375,0.193359375,-0.6260322018944836,53,1712915068041
1028,0.642578125,2.86328125,0.181640625,-0.6260322018944836,39,1712915068041
1028,0.70703125,2.72265625,0.271484375,-0.5008257615155869,21,1712915068041
1028,0.71484375,2.751953125,0.34375,-0.5008257615155869,45,1712915068041
1028,0.724609375,2.787109375,0.34765625,-0.5008257615155869,64,1712915068041
1028,0.642578125,2.841796875,0.38671875,-0.5008257615155869,44,1712915068041
1028,0.41796875,2.63671875,-0.134765625,-0.37561932113669017,40,1712915068041
1028,0.423828125,2.671875,-0.1640625,-0.37561932113669017,83,1712915068041
1028,0.4296875,2.708984375,-0.1796875,-0.37561932113669017,81,1712915068041
1028,0.435546875,2.740234375,-0.26953125,-0.37561932113669017,34,1712915068041
1028,0.724609375,2.76953125,0.466796875,-0.37561932113669017,25,1712915068041
1028,0.501953125,2.625,-0.015625,-0.25041288075779344,104,1712915068041
1028,0.5078125,2.662109375,-0.015625,-0.25041288075779344,219,1712915068041
1028,0.4296875,2.71484375,-0.025390625,-0.25041288075779344,215,1712915068041
1028,0.435546875,2.751953125,-0.064453125,-0.25041288075779344,96,1712915068041
1028,0.642578125,2.859375,-0.21875,-0.25041288075779344,46,1712915068041
1028,0.744140625,2.861328125,-0.359375,-0.25041288075779344,53,1712915068041
1028,0.75390625,2.865234375,-0.56640625,-0.25041288075779344,40,1712915068041
1028,0.763671875,2.93359375,-0.373046875,-0.25041288075779344,38,1712915068041
1028,0.7734375,2.978515625,-0.3125,-0.25041288075779344,33,1712915068041
1028,0.412109375,2.591796875,0.228515625,-0.12520644037889672,15,1712915068041
1028,0.41796875,2.634765625,0.158203125,-0.12520644037889672,89,1712915068041
1028,0.423828125,2.671875,0.15234375,-0.12520644037889672,186,1712915068041
1028,0.4296875,2.7109375,0.138671875,-0.12520644037889672,183,1712915068041
1028,0.34765625,2.76171875,0.119140625,-0.12520644037889672,81,1712915068041
1028,0.642578125,2.865234375,-0.1484375,-0.12520644037889672,93,1712915068041
1028,0.65234375,2.88671875,-0.322265625,-0.12520644037889672,114,1712915068041
1028,0.66015625,2.91796875,-0.3828125,-0.12520644037889672,101,1712915068041
1028,0.763671875,2.947265625,-0.25,-0.12520644037889672,90,1712915068041
1028,0.67578125,3.013671875,-0.146484375,-0.12520644037889672,73,1712915068041
1028,0.783203125,3.025390625,-0.185546875,-0.12520644037889672,41,1712915068041
1029,0.41796875,2.572265625,0.58984375,0.0,14,1712915068142
1029,0.423828125,2.607421875,0.607421875,0.0,17,1712915068142
1029,0.9296875,2.798828125,0.408203125,0.0,29,1712915068142
1029,0.859375,2.75390625,-1.00390625,0.0,29,1712915068142
1029,0.869140625,2.939453125,-0.41015625,0.0,28,1712915068142
1029,0.880859375,3.001953125,-0.109375,0.0,19,1712915068142
1029,0.744140625,2.78515625,0.744140625,0.12520644037889672,50,1712915068142
1029,0.84765625,1.9921875,-2.099609375,0.12520644037889672,46,1712915068142
1029,0.763671875,2.83984375,-0.826171875,0.12520644037889672,38,1712915068142
1029,0.7734375,2.994140625,-0.052734375,0.12520644037889672,39,1712915068142
1029,0.783203125,3.03125,-0.056640625,0.12520644037889672,34,1712915068142
1029,0.744140625,2.857421875,0.390625,0.25041288075779344,32,1712915068142
1029,0.2578125,1.205078125,-2.45703125,0.5008257615155869,21,1712915068142
1029,0.173828125,1.203125,-2.5078125,0.5008257615155869,40,1712915068142
1029,0.17578125,1.208984375,-2.546875,0.5008257615155869,36,1712915068142
1029,1.001953125,2.947265625,-0.771484375,0.5008257615155869,22,1712915068142
1029,0.0859375,1.482421875,-2.314453125,0.6260322018944836,22,1712915068142
1029,0.173828125,1.525390625,-2.326171875,0.6260322018944836,46,1712915068142
1029,0.17578125,1.5390625,-2.361328125,0.6260322018944836,41,1712915068142
1029,0.990234375,2.95703125,-0.560546875,0.6260322018944836,37,1712915068142
1029,1.001953125,2.998046875,-0.5390625,0.6260322018944836,43,1712915068142
1029,1.013671875,3.0390625,-0.51953125,0.6260322018944836,27,1712915068142
1029,0.990234375,2.990234375,-0.33984375,0.7512386422733803,46,1712915068142
1029,1.1015625,2.986328125,-0.388671875,0.7512386422733803,55,1712915068142
1029,1.013671875,3.0625,-0.357421875,0.7512386422733803,33,1712915068142
1029,0.2578125,0.693359375,-2.646484375,0.876445082652277,23,1712915068142
1029,0.26171875,0.814453125,-2.65234375,0.876445082652277,23,1712915068142
1029,0.501953125,2.623046875,0.083984375,-1.0016515230311738,32,1712915068142
1029,0.5078125,2.66015625,0.1171875,-1.0016515230311738,51,1712915068142
1029,0.515625,2.69140625,0.203125,-1.0016515230311738,51,1712915068142
1029,0.5234375,2.72265625,0.279296875,-1.0016515230311738,39,1712915068142
1029,0.501953125,2.611328125,0.2578125,-0.876445082652277,41,1712915068142
1029,0.5078125,2.654296875,0.220703125,-0.876445082652277,61,1712915068142
1029,0.515625,2.689453125,0.23828125,-0.876445082652277,47,1712915068142
1029,0.5234375,2.708984375,0.38671875,-0.876445082652277,23,1712915068142
1029,0.5078125,2.630859375,0.404296875,-0.7512386422733803,27,1712915068142
1029,0.412109375,2.599609375,-0.080078125,-0.5008257615155869,34,1712915068142
1029,0.501953125,2.623046875,-0.0703125,-0.5008257615155869,87,1712915068142
1029,0.5078125,2.662109375,-0.064453125,-0.5008257615155869,100,1712915068142
1029,0.4296875,2.71484375,-0.033203125,-0.5008257615155869,53,1712915068142
1029,0.412109375,2.6015625,0.056640625,-0.37561932113669017,53,1712915068142
1029,0.501953125,2.623046875,0.078125,-0.37561932113669017,133,1712915068142
1029,0.5078125,2.662109375,0.06640625,-0.37561932113669017,151,1712915068142
1029,0.4296875,2.712890625,0.0859375,-0.37561932113669017,80,1712915068142
1029,0.412109375,2.59375,0.2109375,-0.25041288075779344,26,1712915068142
1029,0.41796875,2.630859375,0.208984375,-0.25041288075779344,68,1712915068142
1029,0.423828125,2.669921875,0.189453125,-0.25041288075779344,78,1712915068142
1029,0.4296875,2.708984375,0.185546875,-0.25041288075779344,43,1712915068142
1029,0.734375,2.783203125,-0.595703125,-0.25041288075779344,30,1712915068142
1029,0.837890625,2.701171875,-0.931640625,-0.25041288075779344,31,1712915068142
1029,0.943359375,2.5390625,-1.326171875,-0.25041288075779344,26,1712915068142
1029,0.423828125,2.669921875,0.1875,-0.12520644037889672,16,1712915068142
1029,0.734375,2.79296875,-0.54296875,-0.12520644037889672,36,1712915068142
1029,0.837890625,2.755859375,-0.75390625,-0.12520644037889672,55,1712915068142
1029,0.943359375,2.685546875,-0.998046875,-0.12520644037889672,49,1712915068142
1029,1.14453125,2.40625,-1.490234375,-0.12520644037889672,32,1712915068142
1029,-0.56640625,2.21484375,1.966796875,0.12520644037889672,24,1712915068142
1029,1.1171875,2.51171875,0.03125,0.5008257615155869,12,1712915068142
1029,1.21875,2.5,0.1640625,0.5008257615155869,23,1712915068142
1029,1.236328125,2.529296875,0.234375,0.5008257615155869,21,1712915068142
1029,1.1171875,2.494140625,0.296875,0.6260322018944836,14,1712915068142
1029,1.21875,2.46875,0.4296875,0.6260322018944836,28,1712915068142
1029,1.236328125,2.51171875,0.3828125,0.6260322018944836,24,1712915068142
1029,1.2890625,2.427734375,0.07421875,0.876445082652277,13,1712915068142
1030,0.91796875,2.7890625,-0.115234375,0.0,38,1712915068244
1030,0.837890625,2.837890625,-0.33984375,0.0,89,1712915068244
1030,0.84765625,2.869140625,-0.37890625,0.0,99,1712915068244
1030,0.859375,2.8984375,-0.431640625,0.0,54,1712915068244
1030,0.81640625,2.671875,0.787109375,0.12520644037889672,24,1712915068244
1030,0.91796875,2.7890625,0.126953125,0.12520644037889672,68,1712915068244
1030,0.837890625,2.8515625,-0.1875,0.12520644037889672,173,1712915068244
1030,0.84765625,2.880859375,-0.28125,0.12520644037889672,204,1712915068244
1030,0.859375,2.90625,-0.3828125,0.12520644037889672,123,1712915068244
1030,0.7734375,2.958984375,-0.453125,0.12520644037889672,46,1712915068244
1030,0.826171875,2.818359375,0.111328125,0.25041288075779344,34,1712915068244
1030,0.837890625,2.84765625,-0.23828125,0.25041288075779344,123,1712915068244
1030,0.84765625,2.875,-0.3359375,0.25041288075779344,160,1712915068244
1030,0.859375,2.896484375,-0.443359375,0.25041288075779344,94,1712915068244
1030,0.7734375,2.958984375,-0.45703125,0.25041288075779344,34,1712915068244
1030,0.783203125,3.00390625,-0.41015625,0.25041288075779344,32,1712915068244
1030,0.65234375,2.865234375,-0.478515625,0.37561932113669017,39,1712915068244
1030,0.75390625,2.85546875,-0.609375,0.37561932113669017,54,1712915068244
1030,0.763671875,2.873046875,-0.69921875,0.37561932113669017,33,1712915068244
1030,1.025390625,3.01171875,-0.80859375,0.6260322018944836,20,1712915068244
1030,0.08203125,0.599609375,-2.564453125,0.7512386422733803,29,1712915068244
1030,0.083984375,0.71484375,-2.57421875,0.7512386422733803,48,1712915068244
1030,0.083984375,0.76953125,-2.59765625,0.7512386422733803,40,1712915068244
1030,1.115234375,2.966796875,-0.6953125,0.7512386422733803,50,1712915068244
1030,1.12890625,3.00390625,-0.697265625,0.7512386422733803,71,1712915068244
1030,1.037109375,3.0859375,-0.66015625,0.7512386422733803,46,1712915068244
1030,0.08203125,0.904296875,-2.47265625,0.876445082652277,52,1712915068244
1030,0.0,0.96484375,-2.4921875,0.876445082652277,75,1712915068244
1030,0.0,0.96484375,-2.533203125,0.876445082652277,55,1712915068244
1030,1.115234375,2.994140625,-0.5703125,0.876445082652277,58,1712915068244
1030,1.12890625,3.029296875,-0.572265625,0.876445082652277,84,1712915068244
1030,1.037109375,3.11328125,-0.509765625,0.876445082652277,58,1712915068244
1030,1.05078125,3.15234375,-0.49609375,0.876445082652277,20,1712915068244
1030,0.412109375,2.59375,0.2109375,-1.0016515230311738,46,1712915068244
1030,0.333984375,2.638671875,0.263671875,-1.0016515230311738,59,1712915068244
1030,0.337890625,2.67578125,0.271484375,-1.0016515230311738,36,1712915068244
1030,1.521484375,1.02734375,2.67578125,-1.0016515230311738,24,1712915068244
1030,1.435546875,0.484375,2.912109375,-1.0016515230311738,30,1712915068244
1030,1.453125,0.0,3.12109375,-1.0016515230311738,22,1712915068244
1030,0.40625,2.564453125,-0.017578125,-0.876445082652277,20,1712915068244
1030,0.412109375,2.6015625,-0.0625,-0.876445082652277,27,1712915068244
1030,0.41796875,2.638671875,0.0,-0.876445082652277,17,1712915068244
1030,1.50390625,1.3203125,2.505859375,-0.876445082652277,26,1712915068244
1030,1.521484375,1.193359375,2.60546875,-0.876445082652277,60,1712915068244
1030,1.640625,1.076171875,2.6328125,-0.876445082652277,59,1712915068244
1030,0.416015625,3.19921875,-0.79296875,-0.876445082652277,28,1712915068244
1030,0.40625,2.560546875,0.146484375,-0.7512386422733803,27,1712915068244
1030,0.412109375,2.59765625,0.158203125,-0.7512386422733803,36,1712915068244
1030,0.41796875,2.634765625,0.16796875,-0.7512386422733803,23,1712915068244
1030,1.50390625,0.98828125,2.654296875,-0.7512386422733803,25,1712915068244
1030,1.623046875,0.845703125,2.6796875,-0.7512386422733803,56,1712915068244
1030,1.5390625,1.017578125,2.71484375,-0.7512386422733803,58,1712915068244
1030,0.310546875,3.232421875,-0.69921875,-0.7512386422733803,28,1712915068244
1030,0.412109375,2.59765625,0.1484375,-0.6260322018944836,23,1712915068244
1030,1.521484375,1.111328125,2.642578125,-0.6260322018944836,38,1712915068244
1030,1.5390625,1.103515625,2.681640625,-0.6260322018944836,42,1712915068244
1030,1.66015625,0.91796875,2.7265625,-0.6260322018944836,23,1712915068244
1030,1.5390625,1.361328125,2.560546875,-0.5008257615155869,16,1712915068244
1030,-2.125,2.134765625,-0.697265625,0.12520644037889672,26,1712915068244
1030,-2.125,2.169921875,-0.57421875,0.25041288075779344,24,1712915068244
1030,1.0703125,2.3984375,0.203125,0.7512386422733803,15,1712915068244
1030,1.0859375,2.439453125,0.123046875,0.7512386422733803,25,1712915068244
1030,1.0703125,2.400390625,0.17578125,0.876445082652277,27,1712915068244
1030,1.0859375,2.43359375,0.193359375,0.876445082652277,43,1712915068244
1031,0.400390625,2.5234375,-0.1015625,0.0,19,1712915068293
1031,0.32421875,2.5703125,0.171875,0.0,24,1712915068293
1031,0.24609375,2.583984375,0.4453125,0.0,17,1712915068293
1031,0.9296875,2.76953125,-0.578125,0.0,157,1712915068293
1031,0.84765625,2.83203125,-0.599609375,0.0,240,1712915068293
1031,0.859375,2.85546875,-0.66015625,0.0,181,1712915068293
1031,0.869140625,2.853515625,-0.8125,0.0,67,1712915068293
1031,0.3203125,2.537109375,-0.05078125,0.12520644037889672,39,1712915068293
1031,0.32421875,2.576171875,-0.0234375,0.12520644037889672,60,1712915068293
1031,0.330078125,2.61328125,-0.001953125,0.12520644037889672,45,1712915068293
1031,0.826171875,2.791015625,-0.41015625,0.12520644037889672,106,1712915068293
1031,0.837890625,2.83203125,-0.380859375,0.12520644037889672,371,1712915068293
1031,0.84765625,2.8671875,-0.39453125,0.12520644037889672,565,1712915068293
1031,0.859375,2.8984375,-0.427734375,0.12520644037889672,424,1712915068293
1031,0.869140625,2.923828125,-0.509765625,0.12520644037889672,164,1712915068293
1031,0.880859375,2.962890625,-0.5,0.12520644037889672,55,1712915068293
1031,0.240234375,2.544921875,0.08984375,0.25041288075779344,27,1712915068293
1031,0.32421875,2.572265625,0.12109375,0.25041288075779344,43,1712915068293
1031,0.24609375,2.62109375,0.109375,0.25041288075779344,31,1712915068293
1031,0.826171875,2.8125,-0.21875,0.25041288075779344,93,1712915068293
1031,0.837890625,2.8515625,-0.181640625,0.25041288075779344,325,1712915068293
1031,0.84765625,2.888671875,-0.18359375,0.25041288075779344,493,1712915068293
1031,0.859375,2.923828125,-0.212890625,0.25041288075779344,375,1712915068293
1031,0.869140625,2.951171875,-0.3046875,0.25041288075779344,176,1712915068293
1031,0.880859375,2.9921875,-0.2734375,0.25041288075779344,80,1712915068293
1031,0.79296875,3.05078125,-0.32421875,0.25041288075779344,29,1712915068293
1031,0.826171875,2.759765625,-0.580078125,0.37561932113669017,27,1712915068293
1031,0.837890625,2.853515625,-0.158203125,0.37561932113669017,66,1712915068293
1031,0.84765625,2.888671875,-0.193359375,0.37561932113669017,113,1712915068293
1031,0.859375,2.908203125,-0.36328125,0.37561932113669017,122,1712915068293
1031,0.7734375,2.974609375,-0.33984375,0.37561932113669017,96,1712915068293
1031,0.783203125,3.02734375,-0.14453125,0.37561932113669017,51,1712915068293
1031,0.724609375,2.77734375,-0.427734375,0.5008257615155869,22,1712915068293
1031,0.734375,2.8203125,-0.3828125,0.5008257615155869,50,1712915068293
1031,0.744140625,2.849609375,-0.43359375,0.5008257615155869,74,1712915068293
1031,0.84765625,2.849609375,-0.5078125,0.5008257615155869,80,1712915068293
1031,0.763671875,2.91796875,-0.4765625,0.5008257615155869,63,1712915068293
1031,0.7734375,2.986328125,-0.212890625,0.5008257615155869,32,1712915068293
1031,1.24609375,2.99609375,-0.7109375,0.6260322018944836,27,1712915068293
1031,1.154296875,3.078125,-0.69140625,0.6260322018944836,35,1712915068293
1031,1.16796875,3.123046875,-0.650390625,0.6260322018944836,23,1712915068293
1031,1.142578125,3.083984375,-0.462890625,0.7512386422733803,23,1712915068293
1031,1.154296875,3.126953125,-0.416015625,0.7512386422733803,31,1712915068293
1031,1.0625,3.203125,-0.392578125,0.7512386422733803,21,1712915068293
1031,0.32421875,2.576171875,-0.0390625,-0.25041288075779344,29,1712915068293
1031,0.24609375,2.623046875,-0.001953125,-0.25041288075779344,28,1712915068293
1031,0.32421875,2.5703125,0.15234375,-0.12520644037889672,35,1712915068293
1031,0.330078125,2.611328125,0.126953125,-0.12520644037889672,37,1712915068293
1031,0.9296875,2.69921875,-0.84375,-0.12520644037889672,30,1712915068293
1031,0.943359375,2.73828125,-0.841796875,-0.12520644037889672,48,1712915068293
1031,0.859375,2.787109375,-0.908203125,-0.12520644037889672,37,1712915068293
1032,0.9296875,2.8203125,-0.21484375,0.0,25,1712915068393
1032,0.943359375,2.85546875,-0.220703125,0.0,32,1712915068393
1032,0.859375,2.912109375,-0.333984375,0.0,29,1712915068393
1032,0.966796875,2.875,-0.60546875,0.0,28,1712915068393
1032,0.978515625,2.94140625,-0.435546875,0.0,24,1712915068393
1032,0.91796875,2.791015625,0.068359375,0.12520644037889672,21,1712915068393
1032,0.837890625,2.85546875,-0.109375,0.12520644037889672,46,1712915068393
1032,0.84765625,2.869140625,-0.384765625,0.12520644037889672,81,1712915068393
1032,0.859375,2.876953125,-0.556640625,0.12520644037889672,110,1712915068393
1032,0.966796875,2.884765625,-0.55078125,0.12520644037889672,128,1712915068393
1032,0.978515625,2.947265625,-0.392578125,0.12520644037889672,111,1712915068393
1032,0.890625,3.0234375,-0.33203125,0.12520644037889672,62,1712915068393
1032,0.90234375,3.048828125,-0.412109375,0.12520644037889672,23,1712915068393
1032,0.84765625,2.828125,-0.61328125,0.25041288075779344,87,1712915068393
1032,0.859375,2.865234375,-0.62109375,0.25041288075779344,169,1712915068393
1032,0.966796875,2.8984375,-0.48046875,0.25041288075779344,217,1712915068393
1032,0.880859375,2.990234375,-0.287109375,0.25041288075779344,185,1712915068393
1032,0.890625,3.02734375,-0.27734375,0.25041288075779344,98,1712915068393
1032,1.001953125,3.01953125,-0.408203125,0.25041288075779344,27,1712915068393
1032,0.330078125,2.609375,-0.12890625,0.37561932113669017,23,1712915068393
1032,0.84765625,2.849609375,-0.501953125,0.37561932113669017,54,1712915068393
1032,0.859375,2.869140625,-0.59765625,0.37561932113669017,104,1712915068393
1032,0.869140625,2.91796875,-0.5390625,0.37561932113669017,128,1712915068393
1032,0.978515625,2.962890625,-0.248046875,0.37561932113669017,102,1712915068393
1032,0.990234375,2.998046875,-0.265625,0.37561932113669017,54,1712915068393
1032,0.24609375,2.62109375,-0.099609375,0.5008257615155869,25,1712915068393
1032,0.25,2.66015625,-0.001953125,0.5008257615155869,21,1712915068393
1032,0.84765625,2.859375,-0.44921875,0.5008257615155869,76,1712915068393
1032,0.763671875,2.900390625,-0.578125,0.5008257615155869,110,1712915068393
1032,0.7734375,2.912109375,-0.69921875,0.5008257615155869,98,1712915068393
1032,0.783203125,2.966796875,-0.623046875,0.5008257615155869,66,1712915068393
1032,0.79296875,3.046875,-0.35546875,0.5008257615155869,45,1712915068393
1032,0.90234375,3.07421875,-0.12890625,0.5008257615155869,33,1712915068393
1032,0.75390625,2.8984375,-0.357421875,0.6260322018944836,45,1712915068393
1032,0.763671875,2.916015625,-0.49609375,0.6260322018944836,84,1712915068393
1032,0.7734375,2.951171875,-0.50390625,0.6260322018944836,92,1712915068393
1032,0.783203125,2.998046875,-0.44921875,0.6260322018944836,69,1712915068393
1032,0.693359375,3.068359375,-0.38671875,0.6260322018944836,37,1712915068393
1032,0.7734375,2.95703125,-0.462890625,0.7512386422733803,27,1712915068393
1032,0.685546875,3.037109375,-0.322265625,0.7512386422733803,26,1712915068393
1032,-0.197265625,1.0546875,2.982421875,0.37561932113669017,31,1712915068393
1033,0.75390625,2.919921875,-0.06640625,0.0,15,1712915068493
1033,0.763671875,2.955078125,-0.125,0.0,31,1712915068493
1033,0.7734375,2.98828125,-0.201171875,0.0,34,1712915068493
1033,0.783203125,2.974609375,-0.5859375,0.0,22,1712915068493
1033,0.66796875,2.97265625,-0.208984375,0.12520644037889672,65,1712915068493
1033,0.67578125,3.0,-0.322265625,0.12520644037889672,72,1712915068493
1033,0.685546875,2.927734375,-0.873046875,0.12520644037889672,32,1712915068493
1033,0.837890625,2.7890625,-0.619140625,0.25041288075779344,22,1712915068493
1033,0.84765625,2.8046875,-0.71484375,0.25041288075779344,58,1712915068493
1033,0.859375,2.86328125,-0.625,0.25041288075779344,87,1712915068493
1033,0.7734375,2.955078125,-0.4765625,0.25041288075779344,84,1712915068493
1033,0.685546875,2.978515625,-0.67578125,0.25041288075779344,33,1712915068493
1033,0.75390625,2.890625,-0.416015625,0.37561932113669017,46,1712915068493
1033,0.859375,2.90234375,-0.40625,0.37561932113669017,66,1712915068493
1033,0.7734375,2.966796875,-0.40625,0.37561932113669017,50,1712915068493
1033,0.693359375,3.05078125,-0.5078125,0.37561932113669017,24,1712915068493
1033,0.701171875,3.095703125,-0.451171875,0.37561932113669017,28,1712915068493
1033,0.66015625,2.8828125,-0.58984375,0.6260322018944836,59,1712915068493
1033,0.66796875,2.919921875,-0.599609375,0.6260322018944836,82,1712915068493
1033,0.580078125,2.978515625,-0.591796875,0.6260322018944836,54,1712915068493
1033,0.55859375,2.86328125,-0.599609375,0.7512386422733803,30,1712915068493
1033,0.66015625,2.900390625,-0.501953125,0.7512386422733803,94,1712915068493
1033,0.572265625,2.96875,-0.43359375,0.7512386422733803,130,1712915068493
1033,0.580078125,3.0078125,-0.423828125,0.7512386422733803,88,1712915068493
1033,0.587890625,3.048828125,-0.404296875,0.7512386422733803,25,1712915068493
1033,0.66015625,2.921875,-0.349609375,0.876445082652277,55,1712915068493
1033,0.572265625,2.982421875,-0.31640625,0.876445082652277,78,1712915068493
1033,0.580078125,3.0234375,-0.296875,0.876445082652277,52,1712915068493
1033,0.869140625,2.921875,-0.521484375,-0.25041288075779344,22,1712915068493
1033,0.880859375,2.990234375,-0.29296875,-0.12520644037889672,24,1712915068493
1034,0.91796875,2.783203125,0.232421875,0.0,23,1712915068594
1034,0.837890625,2.84765625,0.2421875,0.0,54,1712915068594
1034,0.75390625,2.90234375,0.314453125,0.0,65,1712915068594
1034,0.763671875,2.955078125,0.126953125,0.0,84,1712915068594
1034,0.7734375,2.978515625,0.30078125,0.0,88,1712915068594
1034,0.783203125,2.962890625,0.638671875,0.0,46,1712915068594
1034,0.75390625,2.91796875,-0.099609375,0.12520644037889672,34,1712915068594
1034,0.66796875,2.966796875,-0.291015625,0.12520644037889672,78,1712915068594
1034,0.67578125,2.9921875,-0.388671875,0.12520644037889672,98,1712915068594
1034,0.587890625,3.0390625,-0.47265625,0.12520644037889672,66,1712915068594
1034,0.693359375,3.021484375,-0.654296875,0.12520644037889672,29,1712915068594
1034,0.572265625,3.0,-0.04296875,0.25041288075779344,39,1712915068594
1034,0.67578125,3.01171875,-0.181640625,0.25041288075779344,50,1712915068594
1034,0.685546875,3.046875,-0.224609375,0.25041288075779344,35,1712915068594
1034,0.84765625,2.794921875,-0.748046875,-0.37561932113669017,26,1712915068594
1034,0.859375,2.8515625,-0.673828125,-0.37561932113669017,40,1712915068594
1034,0.869140625,2.853515625,-0.8125,-0.37561932113669017,28,1712915068594
1034,0.9296875,2.828125,-0.044921875,-0.25041288075779344,39,1712915068594
1034,0.75390625,2.892578125,-0.400390625,-0.25041288075779344,41,1712915068594
1034,0.763671875,2.9296875,-0.400390625,-0.25041288075779344,72,1712915068594
1034,0.7734375,2.994140625,0.015625,-0.25041288075779344,65,1712915068594
1034,0.685546875,3.048828125,-0.203125,-0.25041288075779344,43,1712915068594
1034,0.91796875,2.79296875,-0.001953125,-0.12520644037889672,46,1712915068594
1034,0.9296875,2.828125,0.025390625,-0.12520644037889672,102,1712915068594
1034,0.84765625,2.892578125,0.076171875,-0.12520644037889672,121,1712915068594
1034,0.763671875,2.955078125,-0.10546875,-0.12520644037889672,158,1712915068594
1034,0.7734375,2.9921875,-0.080078125,-0.12520644037889672,166,1712915068594
1034,0.783203125,3.029296875,-0.07421875,-0.12520644037889672,107,1712915068594
1034,0.693359375,3.083984375,-0.232421875,-0.12520644037889672,43,1712915068594
1035,0.810546875,1.9140625,2.490234375,0.876445082652277,30,1712915068694
1035,0.8203125,2.009765625,2.462890625,0.876445082652277,53,1712915068694
1035,0.830078125,2.02734375,2.49609375,0.876445082652277,46,1712915068694
1035,0.83984375,2.048828125,2.52734375,0.876445082652277,20,1712915068694
1035,1.216796875,2.9296875,-0.6796875,-1.0016515230311738,32,1712915068694
1035,1.23046875,2.982421875,-0.607421875,-1.0016515230311738,57,1712915068694
1035,1.24609375,3.0234375,-0.576171875,-1.0016515230311738,48,1712915068694
1035,1.154296875,3.115234375,-0.498046875,-1.0016515230311738,19,1712915068694
1035,1.12890625,3.001953125,-0.705078125,-0.7512386422733803,34,1712915068694
1035,1.24609375,2.990234375,-0.734375,-0.7512386422733803,41,1712915068694
1035,1.154296875,3.0703125,-0.728515625,-0.7512386422733803,27,1712915068694
1035,1.23046875,2.994140625,-0.548828125,-0.6260322018944836,32,1712915068694
1035,1.24609375,3.0234375,-0.578125,-0.6260322018944836,35,1712915068694
1035,1.154296875,3.123046875,-0.44921875,-0.6260322018944836,21,1712915068694
1035,0.65234375,2.890625,-0.29296875,-0.5008257615155869,35,1712915068694
1035,0.66015625,2.939453125,-0.126953125,-0.5008257615155869,83,1712915068694
1035,0.66796875,2.978515625,-0.083984375,-0.5008257615155869,94,1712915068694
1035,0.67578125,3.017578125,-0.05078125,-0.5008257615155869,52,1712915068694
1035,1.009765625,2.755859375,0.16015625,-0.37561932113669017,30,1712915068694
1035,0.837890625,2.857421875,0.015625,-0.37561932113669017,45,1712915068694
1035,0.75390625,2.91796875,-0.123046875,-0.37561932113669017,108,1712915068694
1035,0.763671875,2.955078125,-0.126953125,-0.37561932113669017,142,1712915068694
1035,0.7734375,2.990234375,-0.138671875,-0.37561932113669017,95,1712915068694
1035,0.783203125,3.025390625,-0.189453125,-0.37561932113669017,42,1712915068694
1035,0.79296875,3.025390625,-0.51171875,-0.37561932113669017,38,1712915068694
1035,0.6015625,3.091796875,-0.603515625,-0.37561932113669017,29,1712915068694
1035,0.91796875,2.783203125,0.224609375,-0.25041288075779344,54,1712915068694
1035,0.9296875,2.826171875,0.109375,-0.25041288075779344,81,1712915068694
1035,0.943359375,2.857421875,-0.193359375,-0.25041288075779344,74,1712915068694
1035,0.859375,2.919921875,-0.255859375,-0.25041288075779344,77,1712915068694
1035,0.869140625,2.9609375,-0.203125,-0.25041288075779344,65,1712915068694
1035,0.880859375,3.001953125,-0.09375,-0.25041288075779344,39,1712915068694
1035,0.693359375,3.083984375,-0.21484375,-0.25041288075779344,33,1712915068694
1035,0.91796875,2.7734375,0.328125,-0.12520644037889672,24,1712915068694
1035,0.837890625,2.837890625,0.33203125,-0.12520644037889672,36,1712915068694
1035,0.84765625,2.88671875,0.212890625,-0.12520644037889672,30,1712915068694
1035,0.859375,2.921875,-0.216796875,-0.12520644037889672,24,1712915068694
1035,0.869140625,2.966796875,-0.08203125,-0.12520644037889672,20,1712915068694
1036,0.59375,2.41796875,1.958984375,0.876445082652277,15,1712915068794
1036,0.701171875,2.255859375,2.169921875,0.876445082652277,29,1712915068794
1036,0.708984375,2.158203125,2.31640625,0.876445082652277,28,1712915068794
1036,0.990234375,2.833984375,-1.01171875,-1.0016515230311738,20,1712915068794
1036,1.1015625,2.876953125,-0.890625,-1.0016515230311738,36,1712915068794
1036,1.115234375,2.935546875,-0.814453125,-1.0016515230311738,34,1712915068794
1036,0.826171875,2.73046875,-0.705078125,-0.7512386422733803,45,1712915068794
1036,0.837890625,2.767578125,-0.71484375,-0.7512386422733803,106,1712915068794
1036,0.84765625,2.80859375,-0.69921875,-0.7512386422733803,135,1712915068794
1036,0.859375,2.861328125,-0.630859375,-0.7512386422733803,101,1712915068794
1036,0.7734375,2.93359375,-0.59765625,-0.7512386422733803,53,1712915068794
1036,0.783203125,2.962890625,-0.63671875,-0.7512386422733803,27,1712915068794
1036,0.90625,2.74609375,-0.228515625,-0.6260322018944836,47,1712915068794
1036,0.826171875,2.796875,-0.361328125,-0.6260322018944836,157,1712915068794
1036,0.744140625,2.853515625,-0.40625,-0.6260322018944836,289,1712915068794
1036,0.84765625,2.865234375,-0.41015625,-0.6260322018944836,332,1712915068794
1036,0.763671875,2.9375,-0.34375,-0.6260322018944836,229,1712915068794
1036,0.7734375,2.9765625,-0.326171875,-0.6260322018944836,114,1712915068794
1036,0.685546875,3.021484375,-0.455078125,-0.6260322018944836,50,1712915068794
1036,0.90625,2.755859375,0.015625,-0.5008257615155869,79,1712915068794
1036,0.91796875,2.791015625,-0.076171875,-0.5008257615155869,187,1712915068794
1036,0.837890625,2.853515625,-0.1328125,-0.5008257615155869,267,1712915068794
1036,0.84765625,2.888671875,-0.1640625,-0.5008257615155869,265,1712915068794
1036,0.763671875,2.955078125,-0.080078125,-0.5008257615155869,176,1712915068794
1036,0.7734375,2.994140625,-0.0703125,-0.5008257615155869,84,1712915068794
1036,0.587890625,3.0546875,-0.34765625,-0.5008257615155869,29,1712915068794
1036,0.90625,2.748046875,0.216796875,-0.37561932113669017,48,1712915068794
1036,0.826171875,2.810546875,0.23828125,-0.37561932113669017,84,1712915068794
1036,0.837890625,2.8515625,0.181640625,-0.37561932113669017,82,1712915068794
1036,0.84765625,2.88671875,0.20703125,-0.37561932113669017,56,1712915068794
1036,0.763671875,2.94140625,0.30859375,-0.37561932113669017,34,1712915068794
1036,1.783203125,2.45703125,-0.908203125,0.876445082652277,8,1712915068794
1037,0.89453125,2.59375,-0.8203125,-1.0016515230311738,51,1712915068894
1037,0.90625,2.625,-0.83984375,-1.0016515230311738,109,1712915068894
1037,0.826171875,2.689453125,-0.853515625,-1.0016515230311738,117,1712915068894
1037,0.744140625,2.7421875,-0.890625,-1.0016515230311738,66,1712915068894
1037,1.16015625,2.69140625,-0.98828125,-1.0016515230311738,40,1712915068894
1037,1.173828125,2.755859375,-0.90625,-1.0016515230311738,73,1712915068894
1037,1.1875,2.783203125,-0.939453125,-1.0016515230311738,53,1712915068894
1037,0.8046875,2.662109375,-0.6796875,-0.876445082652277,76,1712915068894
1037,0.81640625,2.71484375,-0.62109375,-0.876445082652277,163,1712915068894
1037,0.826171875,2.771484375,-0.52734375,-0.876445082652277,188,1712915068894
1037,0.837890625,2.814453125,-0.49609375,-0.876445082652277,117,1712915068894
1037,0.75390625,2.580078125,-1.369140625,-0.876445082652277,37,1712915068894
1037,0.859375,2.8203125,-0.796875,-0.876445082652277,35,1712915068894
1037,1.0625,2.798828125,-0.771484375,-0.876445082652277,77,1712915068894
1037,1.076171875,2.845703125,-0.736328125,-0.876445082652277,109,1712915068894
1037,1.08984375,2.88671875,-0.72265625,-0.876445082652277,74,1712915068894
1037,0.794921875,2.7109375,-0.0234375,-0.7512386422733803,52,1712915068894
1037,0.8046875,2.748046875,-0.048828125,-0.7512386422733803,159,1712915068894
1037,0.81640625,2.783203125,-0.048828125,-0.7512386422733803,248,1712915068894
1037,0.826171875,2.8203125,0.0234375,-0.7512386422733803,223,1712915068894
1037,0.837890625,2.84375,0.27734375,-0.7512386422733803,99,1712915068894
1037,0.84765625,2.75,-0.904296875,-0.7512386422733803,41,1712915068894
1037,0.859375,2.8984375,-0.439453125,-0.7512386422733803,52,1712915068894
1037,0.966796875,2.876953125,-0.595703125,-0.7512386422733803,51,1712915068894
1037,1.076171875,2.876953125,-0.607421875,-0.7512386422733803,59,1712915068894
1037,0.8828125,2.681640625,0.078125,-0.6260322018944836,61,1712915068894
1037,0.89453125,2.71875,0.080078125,-0.6260322018944836,168,1712915068894
1037,0.81640625,2.783203125,0.095703125,-0.6260322018944836,230,1712915068894
1037,0.826171875,2.818359375,0.11328125,-0.6260322018944836,166,1712915068894
1037,0.65234375,2.8984375,0.19921875,-0.6260322018944836,49,1712915068894
1037,0.859375,2.931640625,-0.00390625,-0.6260322018944836,22,1712915068894
1037,1.14453125,3.25,-1.25,-0.6260322018944836,16,1712915068894
1037,0.8828125,2.677734375,0.166015625,-0.5008257615155869,22,1712915068894
1037,0.89453125,2.7109375,0.224609375,-0.5008257615155869,56,1712915068894
1037,0.81640625,2.76953125,0.27734375,-0.5008257615155869,67,1712915068894
1037,0.826171875,2.8046875,0.294921875,-0.5008257615155869,41,1712915068894
1037,-0.376953125,2.185546875,2.044921875,-0.876445082652277,22,1712915068894
1037,-0.572265625,2.037109375,2.9921875,-0.6260322018944836,12,1712915068894
1038,0.65234375,1.732421875,2.333984375,0.7512386422733803,27,1712915068995
1038,0.66015625,1.80859375,2.322265625,0.7512386422733803,48,1712915068995
1038,0.66796875,1.8828125,2.30859375,0.7512386422733803,38,1712915068995
1038,0.515625,1.607421875,2.169921875,0.876445082652277,27,1712915068995
1038,0.5234375,1.572265625,2.2421875,0.876445082652277,69,1712915068995
1038,0.529296875,1.4921875,2.33984375,0.876445082652277,67,1712915068995
1038,0.447265625,1.5078125,2.392578125,0.876445082652277,27,1712915068995
1038,0.271484375,1.79296875,2.263671875,0.876445082652277,21,1712915068995
1038,0.642578125,1.537109375,2.421875,0.876445082652277,26,1712915068995
1038,0.65234375,1.501953125,2.486328125,0.876445082652277,62,1712915068995
1038,0.66015625,1.5546875,2.498046875,0.876445082652277,84,1712915068995
1038,0.66796875,1.654296875,2.478515625,0.876445082652277,61,1712915068995
1038,0.859375,2.568359375,-0.46484375,-1.0016515230311738,57,1712915068995
1038,0.783203125,2.634765625,-0.45703125,-1.0016515230311738,148,1712915068995
1038,0.794921875,2.67578125,-0.439453125,-1.0016515230311738,174,1712915068995
1038,0.8046875,2.716796875,-0.41015625,-1.0016515230311738,111,1712915068995
1038,0.81640625,2.759765625,-0.373046875,-1.0016515230311738,61,1712915068995
1038,0.91796875,2.759765625,-0.421875,-1.0016515230311738,58,1712915068995
1038,0.9296875,2.796875,-0.421875,-1.0016515230311738,64,1712915068995
1038,0.943359375,2.83203125,-0.427734375,-1.0016515230311738,58,1712915068995
1038,1.05078125,2.83984375,-0.404296875,-1.0016515230311738,35,1712915068995
1038,0.7734375,2.625,-0.251953125,-0.876445082652277,44,1712915068995
1038,0.783203125,2.666015625,-0.216796875,-0.876445082652277,128,1712915068995
1038,0.794921875,2.703125,-0.20703125,-0.876445082652277,179,1712915068995
1038,0.8046875,2.740234375,-0.20703125,-0.876445082652277,153,1712915068995
1038,0.81640625,2.77734375,-0.185546875,-0.876445082652277,100,1712915068995
1038,0.826171875,2.80859375,-0.25390625,-0.876445082652277,58,1712915068995
1038,0.65234375,2.828125,-0.666015625,-0.876445082652277,43,1712915068995
1038,0.859375,2.60546875,0.16015625,-0.7512386422733803,26,1712915068995
1038,0.87109375,2.64453125,0.130859375,-0.7512386422733803,86,1712915068995
1038,0.794921875,2.708984375,0.083984375,-0.7512386422733803,129,1712915068995
1038,0.8046875,2.748046875,0.001953125,-0.7512386422733803,104,1712915068995
1038,0.81640625,2.783203125,-0.0625,-0.7512386422733803,58,1712915068995
1038,0.55078125,2.837890625,-0.533203125,-0.7512386422733803,30,1712915068995
1038,0.46484375,2.814453125,-0.853515625,-0.7512386422733803,27,1712915068995
1038,3.80859375,0.0,3.21484375,-0.7512386422733803,33,1712915068995
1038,0.87109375,2.609375,0.44140625,-0.6260322018944836,46,1712915068995
1038,0.8828125,2.662109375,0.34375,-0.6260322018944836,63,1712915068995
1038,0.71484375,2.771484375,0.017578125,-0.6260322018944836,46,1712915068995
1038,0.544921875,2.791015625,-0.572265625,-0.6260322018944836,31,1712915068995
1038,0.458984375,2.8046875,-0.751953125,-0.6260322018944836,19,1712915068995
1038,1.767578125,2.28515625,-0.71875,0.7512386422733803,17,1712915068995
1038,1.4609375,2.208984375,-0.736328125,0.876445082652277,14,1712915068995
1038,1.5,2.287109375,-0.708984375,0.876445082652277,34,1712915068995
1038,1.431640625,2.302734375,-0.919921875,0.876445082652277,19,1712915068995
1038,1.359375,2.51171875,-0.5078125,0.876445082652277,12,1712915068995
1038,1.654296875,2.392578125,-0.427734375,0.876445082652277,16,1712915068995
1038,-0.55078125,1.6796875,2.349609375,-0.7512386422733803,16,1712915068995
1038,-0.65234375,1.564453125,2.44921875,-0.7512386422733803,15,1712915068995
1038,1.6328125,2.689453125,3.0078125,-0.7512386422733803,19,1712915068995
1038,-0.55078125,0.791015625,2.77734375,-0.6260322018944836,12,1712915068995
1039,3.53515625,0.0,-4.00390625,0.0,14,1712915069095
1039,0.6875,2.482421875,-0.9609375,-1.0016515230311738,27,1712915069095
1039,0.783203125,2.51171875,-0.919921875,-1.0016515230311738,42,1712915069095
1039,0.794921875,2.53515625,-0.9609375,-1.0016515230311738,32,1712915069095
1039,0.984375,2.580078125,-0.75390625,-1.0016515230311738,17,1712915069095
1039,0.751953125,2.46484375,-0.705078125,-0.876445082652277,16,1712915069095
1039,0.84765625,2.388671875,-0.962890625,-0.876445082652277,25,1712915069095
1039,0.7734375,2.37109375,-1.154296875,-0.876445082652277,33,1712915069095
1039,0.697265625,2.599609375,-0.720703125,-0.876445082652277,71,1712915069095
1039,0.6171875,2.666015625,-0.69921875,-0.876445082652277,77,1712915069095
1039,0.537109375,2.69140625,-0.818359375,-0.876445082652277,43,1712915069095
1039,0.91796875,2.73828125,-0.546875,-0.876445082652277,30,1712915069095
1039,0.65234375,2.869140625,-0.45703125,-0.876445082652277,28,1712915069095
1039,0.751953125,2.474609375,-0.673828125,-0.7512386422733803,25,1712915069095
1039,0.84765625,2.43359375,-0.83984375,-0.7512386422733803,23,1712915069095
1039,0.515625,2.69921875,0.0625,-0.7512386422733803,44,1712915069095
1039,0.697265625,2.681640625,-0.3046875,-0.7512386422733803,121,1712915069095
1039,0.70703125,2.71875,-0.306640625,-0.7512386422733803,141,1712915069095
1039,0.8046875,2.7421875,-0.1640625,-0.7512386422733803,91,1712915069095
1039,1.087890625,2.685546875,-0.1328125,-0.7512386422733803,52,1712915069095
1039,0.826171875,2.794921875,-0.384765625,-0.7512386422733803,51,1712915069095
1039,0.744140625,2.845703125,-0.466796875,-0.7512386422733803,43,1712915069095
1039,3.7421875,0.0,3.42578125,-0.7512386422733803,34,1712915069095
1039,3.91015625,0.0,3.279296875,-0.7512386422733803,45,1712915069095
1039,3.943359375,0.0,3.26171875,-0.7512386422733803,29,1712915069095
1039,0.5078125,2.662109375,0.009765625,-0.6260322018944836,17,1712915069095
1039,0.6875,2.65625,-0.150390625,-0.6260322018944836,70,1712915069095
1039,0.609375,2.708984375,-0.244140625,-0.6260322018944836,125,1712915069095
1039,0.70703125,2.728515625,-0.205078125,-0.6260322018944836,128,1712915069095
1039,0.8046875,2.748046875,0.041015625,-0.6260322018944836,83,1712915069095
1039,1.087890625,2.685546875,0.1328125,-0.6260322018944836,49,1712915069095
1039,0.91796875,2.7890625,-0.119140625,-0.6260322018944836,39,1712915069095
1039,3.7421875,0.0,3.66015625,-0.6260322018944836,30,1712915069095
1039,3.775390625,0.0,3.529296875,-0.6260322018944836,38,1712915069095
1039,0.515625,2.697265625,-0.119140625,-0.5008257615155869,26,1712915069095
1039,0.609375,2.70703125,-0.2578125,-0.5008257615155869,43,1712915069095
1039,0.6171875,2.748046875,-0.21875,-0.5008257615155869,42,1712915069095
1039,0.626953125,2.79296875,0.068359375,-0.5008257615155869,24,1712915069095
1039,3.775390625,0.0,3.05859375,-0.5008257615155869,33,1712915069095
1039,3.671875,0.0,4.080078125,-0.37561932113669017,41,1712915069095
1039,1.28515625,2.576171875,-0.58984375,-0.25041288075779344,21,1712915069095
1039,1.302734375,2.58203125,-0.712890625,-0.25041288075779344,26,1712915069095
1039,3.671875,0.0,-4.279296875,-0.25041288075779344,51,1712915069095
1039,1.28515625,2.615234375,-0.380859375,-0.12520644037889672,20,1712915069095
1039,1.208984375,2.689453125,-0.412109375,-0.12520644037889672,23,1712915069095
1039,1.359375,1.482421875,3.859375,0.0,9,1712915069095
1039,-0.5078125,1.654296875,2.0859375,-0.7512386422733803,20,1712915069095
1039,1.736328125,1.787109375,3.474609375,-0.7512386422733803,18,1712915069095
1039,1.6171875,0.0,4.166015625,-0.7512386422733803,27,1712915069095
1039,1.6328125,0.6796875,-3.9765625,-0.7512386422733803,19,1712915069095
1039,-0.59375,1.703125,2.0234375,-0.6260322018944836,14,1712915069095
1039,1.736328125,1.494140625,3.609375,-0.6260322018944836,18,1712915069095
1039,1.6171875,0.0,4.1328125,-0.6260322018944836,25,1712915069095
1039,1.34765625,0.974609375,3.98046875,-0.5008257615155869,18,1712915069095
1039,1.49609375,2.21875,3.43359375,-0.37561932113669017,32,1712915069095
1039,1.359375,2.658203125,3.166015625,-0.25041288075779344,29,1712915069095
1040,0.66796875,2.556640625,0.39453125,0.0,16,1712915069196
1040,0.677734375,2.583984375,0.462890625,0.0,18,1712915069196
1040,0.6875,2.611328125,0.513671875,0.0,17,1712915069196
1040,0.5234375,2.6953125,0.48046875,0.0,14,1712915069196
1040,0.6015625,2.15234375,1.599609375,0.7512386422733803,28,1712915069196
1040,0.609375,2.24609375,1.533203125,0.7512386422733803,32,1712915069196
1040,0.529296875,2.33984375,1.4921875,0.7512386422733803,23,1712915069196
1040,0.6015625,2.146484375,1.607421875,0.876445082652277,27,1712915069196
1040,0.5234375,2.16015625,1.6796875,0.876445082652277,32,1712915069196
1040,0.529296875,2.1953125,1.697265625,0.876445082652277,25,1712915069196
1040,0.740234375,2.3828125,-0.845703125,-0.876445082652277,43,1712915069196
1040,0.751953125,2.408203125,-0.880859375,-0.876445082652277,66,1712915069196
1040,0.677734375,2.46484375,-0.900390625,-0.876445082652277,51,1712915069196
1040,0.6875,2.42578125,-1.09375,-0.876445082652277,23,1712915069196
1040,0.697265625,2.36328125,-1.30078125,-0.876445082652277,21,1712915069196
1040,0.658203125,2.337890625,-1.01953125,-0.7512386422733803,46,1712915069196
1040,0.66796875,2.40625,-0.953125,-0.7512386422733803,92,1712915069196
1040,0.59375,2.4453125,-1.009765625,-0.7512386422733803,70,1712915069196
1040,1.1171875,2.443359375,0.5859375,-0.7512386422733803,23,1712915069196
1040,0.783203125,2.60546875,-0.599609375,-0.7512386422733803,54,1712915069196
1040,0.8828125,2.564453125,-0.791015625,-0.7512386422733803,31,1712915069196
1040,0.537109375,2.7421875,-0.623046875,-0.7512386422733803,24,1712915069196
1040,0.634765625,2.748046875,-0.681640625,-0.7512386422733803,38,1712915069196
1040,0.642578125,2.75390625,-0.80078125,-0.7512386422733803,20,1712915069196
1040,0.73046875,2.490234375,-0.08203125,-0.6260322018944836,23,1712915069196
1040,0.822265625,2.498046875,-0.138671875,-0.6260322018944836,62,1712915069196
1040,0.8359375,2.533203125,-0.150390625,-0.6260322018944836,86,1712915069196
1040,0.931640625,2.544921875,0.01171875,-0.6260322018944836,96,1712915069196
1040,0.859375,2.611328125,0.046875,-0.6260322018944836,130,1712915069196
1040,0.87109375,2.646484375,-0.052734375,-0.6260322018944836,129,1712915069196
1040,0.8828125,2.681640625,-0.0859375,-0.6260322018944836,69,1712915069196
1040,0.537109375,2.720703125,-0.7109375,-0.6260322018944836,40,1712915069196
1040,0.544921875,2.787109375,-0.591796875,-0.6260322018944836,56,1712915069196
1040,0.6484375,2.5078125,-0.181640625,-0.5008257615155869,25,1712915069196
1040,0.740234375,2.5234375,-0.138671875,-0.5008257615155869,76,1712915069196
1040,0.8359375,2.537109375,-0.08203125,-0.5008257615155869,110,1712915069196
1040,0.76171875,2.6015625,0.015625,-0.5008257615155869,115,1712915069196
1040,0.7734375,2.634765625,0.109375,-0.5008257615155869,115,1712915069196
1040,0.783203125,2.671875,0.123046875,-0.5008257615155869,98,1712915069196
1040,0.8828125,2.681640625,0.107421875,-0.5008257615155869,51,1712915069196
1040,3.640625,0.0,3.15234375,-0.5008257615155869,29,1712915069196
1040,3.607421875,0.0,3.259765625,-0.37561932113669017,38,1712915069196
1040,3.640625,0.0,3.3671875,-0.37561932113669017,49,1712915069196
1040,3.671875,0.0,3.416015625,-0.37561932113669017,37,1712915069196
1040,3.607421875,0.0,3.5546875,-0.25041288075779344,32,1712915069196
1040,3.640625,0.0,3.634765625,-0.25041288075779344,41,1712915069196
1040,3.671875,0.0,3.859375,-0.25041288075779344,36,1712915069196
1040,-0.4296875,2.142578125,1.66796875,-0.876445082652277,13,1712915069196
1040,0.2578125,2.07421875,-1.78515625,-0.7512386422733803,21,1712915069196
1040,1.34765625,2.302734375,-3.388671875,-0.5008257615155869,17,1712915069196
1040,1.3359375,0.0,-4.208984375,-0.37561932113669017,21,1712915069196
1040,1.34765625,2.841796875,2.953125,-0.37561932113669017,27,1712915069196
1040,1.224609375,2.845703125,3.056640625,-0.37561932113669017,19,1712915069196
1040,1.34765625,2.318359375,3.37890625,-0.25041288075779344,21,1712915069196
1041,0.568359375,2.478515625,0.52734375,0.0,19,1712915069296
1041,0.658203125,2.5,0.509765625,0.0,18,1712915069296
1041,0.583984375,2.568359375,0.44921875,0.0,18,1712915069296
1041,0.5078125,2.640625,0.34375,0.0,15,1712915069296
1041,0.90625,1.919921875,-1.560546875,-1.0016515230311738,28,1712915069296
1041,0.91796875,2.048828125,-1.451171875,-1.0016515230311738,31,1712915069296
1041,0.84765625,2.267578125,-1.220703125,-1.0016515230311738,21,1712915069296
1041,0.810546875,2.052734375,-1.3671875,-0.876445082652277,22,1712915069296
1041,0.822265625,2.13671875,-1.302734375,-0.876445082652277,46,1712915069296
1041,0.8359375,2.251953125,-1.169921875,-0.876445082652277,55,1712915069296
1041,0.76171875,2.38671875,-1.033203125,-0.876445082652277,40,1712915069296
1041,1.412109375,2.421875,-0.349609375,-0.876445082652277,21,1712915069296
1041,1.5625,2.48828125,-0.125,-0.876445082652277,19,1712915069296
1041,0.71875,2.359375,-0.67578125,-0.7512386422733803,51,1712915069296
1041,0.73046875,2.404296875,-0.654296875,-0.7512386422733803,86,1712915069296
1041,0.740234375,2.46484375,-0.5625,-0.7512386422733803,67,1712915069296
1041,0.583984375,2.576171875,-0.3984375,-0.7512386422733803,23,1712915069296
1041,0.859375,2.595703125,-0.28515625,-0.7512386422733803,32,1712915069296
1041,0.95703125,2.607421875,-0.2265625,-0.7512386422733803,48,1712915069296
1041,0.8828125,2.681640625,0.078125,-0.7512386422733803,33,1712915069296
1041,0.708984375,2.3359375,-0.625,-0.6260322018944836,41,1712915069296
1041,0.71875,2.380859375,-0.59375,-0.6260322018944836,164,1712915069296
1041,0.73046875,2.41796875,-0.59765625,-0.6260322018944836,307,1712915069296
1041,0.740234375,2.45703125,-0.58984375,-0.6260322018944836,347,1712915069296
1041,0.751953125,2.501953125,-0.55859375,-0.6260322018944836,266,1712915069296
1041,0.677734375,2.546875,-0.634765625,-0.6260322018944836,126,1712915069296
1041,1.03125,2.546875,-0.1015625,-0.6260322018944836,56,1712915069296
1041,1.044921875,2.583984375,-0.033203125,-0.6260322018944836,89,1712915069296
1041,0.794921875,2.708984375,-0.109375,-0.6260322018944836,57,1712915069296
1041,0.626953125,2.724609375,-0.61328125,-0.6260322018944836,43,1712915069296
1041,0.708984375,2.353515625,-0.55078125,-0.5008257615155869,37,1712915069296
1041,0.71875,2.39453125,-0.5390625,-0.5008257615155869,150,1712915069296
1041,0.73046875,2.43359375,-0.53515625,-0.5008257615155869,316,1712915069296
1041,0.740234375,2.478515625,-0.498046875,-0.5008257615155869,416,1712915069296
1041,0.66796875,2.55078125,-0.4296875,-0.5008257615155869,363,1712915069296
1041,0.677734375,2.58984375,-0.4296875,-0.5008257615155869,184,1712915069296
1041,0.9453125,2.580078125,0.037109375,-0.5008257615155869,42,1712915069296
1041,0.87109375,2.625,0.34765625,-0.5008257615155869,53,1712915069296
1041,0.6171875,2.69140625,-0.595703125,-0.5008257615155869,90,1712915069296
1041,0.626953125,2.75,-0.490234375,-0.5008257615155869,82,1712915069296
1041,0.638671875,2.40625,-0.58984375,-0.37561932113669017,49,1712915069296
1041,0.6484375,2.451171875,-0.5546875,-0.37561932113669017,126,1712915069296
1041,0.576171875,2.53515625,-0.42578125,-0.37561932113669017,176,1712915069296
1041,0.66796875,2.56640625,-0.333984375,-0.37561932113669017,154,1712915069296
1041,0.677734375,2.611328125,-0.26953125,-0.37561932113669017,70,1712915069296
1041,0.6171875,2.7265625,-0.40625,-0.37561932113669017,61,1712915069296
1041,0.626953125,2.767578125,-0.3828125,-0.37561932113669017,51,1712915069296
1041,-0.08203125,2.541015625,0.685546875,-1.0016515230311738,15,1712915069296
1041,-1.9765625,1.87890625,-0.3515625,-0.5008257615155869,28,1712915069296
1042,0.8359375,2.236328125,1.19921875,0.0,15,1712915069447
1042,0.931640625,2.32421875,1.0390625,0.0,24,1712915069447
1042,0.9453125,2.345703125,1.076171875,0.0,20,1712915069447
1042,1.185546875,0.0,2.59765625,0.7512386422733803,31,1712915069447
1042,1.203125,0.0,2.59765625,0.7512386422733803,65,1712915069447
1042,1.21875,0.0,2.587890625,0.7512386422733803,67,1712915069447
1042,1.1484375,0.0,2.6953125,0.7512386422733803,43,1712915069447
1042,1.251953125,0.0,2.75390625,0.7512386422733803,24,1712915069447
1042,1.001953125,0.0,2.61328125,0.876445082652277,14,1712915069447
1042,1.1015625,0.0,2.6796875,0.876445082652277,61,1712915069447
1042,1.1171875,0.0,2.732421875,0.876445082652277,115,1712915069447
1042,1.1328125,0.0,2.74609375,0.876445082652277,109,1712915069447
1042,1.1484375,0.0,2.78515625,0.876445082652277,59,1712915069447
1042,1.1640625,0.0,-2.8359375,0.876445082652277,25,1712915069447
1042,1.251953125,2.310546875,-0.482421875,-1.0016515230311738,32,1712915069447
1042,1.1015625,2.376953125,-0.693359375,-1.0016515230311738,42,1712915069447
1042,1.71875,2.09765625,0.447265625,-1.0016515230311738,34,1712915069447
1042,1.568359375,2.29296875,0.236328125,-1.0016515230311738,47,1712915069447
1042,1.58984375,2.3359375,0.0234375,-1.0016515230311738,28,1712915069447
1042,1.234375,2.322265625,-0.134765625,-0.876445082652277,17,1712915069447
1042,1.251953125,2.357421875,-0.123046875,-0.876445082652277,90,1712915069447
1042,1.271484375,2.390625,-0.13671875,-0.876445082652277,172,1712915069447
1042,1.2890625,2.421875,-0.177734375,-0.876445082652277,153,1712915069447
1042,1.21875,2.494140625,-0.24609375,-0.876445082652277,64,1712915069447
1042,1.419921875,2.162109375,0.673828125,-0.7512386422733803,30,1712915069447
1042,1.35546875,2.283203125,0.546875,-0.7512386422733803,63,1712915069447
1042,1.375,2.345703125,0.40625,-0.7512386422733803,69,1712915069447
1042,1.306640625,2.4375,0.34765625,-0.7512386422733803,36,1712915069447
1042,0.697265625,2.291015625,-0.650390625,-0.6260322018944836,45,1712915069447
1042,0.708984375,2.33984375,-0.609375,-0.6260322018944836,135,1712915069447
1042,0.71875,2.39453125,-0.5390625,-0.6260322018944836,175,1712915069447
1042,0.810546875,2.443359375,-0.333984375,-0.6260322018944836,118,1712915069447
1042,0.90625,2.33203125,0.826171875,-0.6260322018944836,48,1712915069447
1042,0.66796875,2.587890625,-0.01953125,-0.6260322018944836,89,1712915069447
1042,0.84765625,2.568359375,-0.177734375,-0.6260322018944836,150,1712915069447
1042,0.859375,2.6015625,-0.22265625,-0.6260322018944836,137,1712915069447
1042,0.783203125,2.646484375,-0.3828125,-0.6260322018944836,71,1712915069447
1042,0.6171875,2.669921875,-0.681640625,-0.6260322018944836,23,1712915069447
1042,0.697265625,2.3359375,-0.46484375,-0.5008257615155869,83,1712915069447
1042,0.708984375,2.3828125,-0.416015625,-0.5008257615155869,240,1712915069447
1042,0.71875,2.435546875,-0.3125,-0.5008257615155869,304,1712915069447
1042,0.810546875,2.46484375,-0.05859375,-0.5008257615155869,196,1712915069447
1042,0.98828125,2.337890625,0.701171875,-0.5008257615155869,84,1712915069447
1042,0.66796875,2.58203125,-0.1640625,-0.5008257615155869,123,1712915069447
1042,0.677734375,2.609375,-0.27734375,-0.5008257615155869,155,1712915069447
1042,0.6875,2.646484375,-0.279296875,-0.5008257615155869,106,1712915069447
1042,0.697265625,2.677734375,-0.326171875,-0.5008257615155869,61,1712915069447
1042,0.62109375,2.392578125,-0.228515625,-0.37561932113669017,44,1712915069447
1042,0.630859375,2.43359375,-0.173828125,-0.37561932113669017,125,1712915069447
1042,0.71875,2.453125,-0.0625,-0.37561932113669017,155,1712915069447
1042,0.73046875,2.455078125,0.423828125,-0.37561932113669017,95,1712915069447
1042,0.98828125,2.267578125,0.904296875,-0.37561932113669017,31,1712915069447
1042,0.751953125,2.5625,-0.095703125,-0.37561932113669017,68,1712915069447
1042,0.677734375,2.615234375,-0.224609375,-0.37561932113669017,71,1712915069447
1042,2.1171875,1.689453125,0.09375,0.7512386422733803,18,1712915069447
1042,2.232421875,1.6015625,-0.037109375,0.7512386422733803,36,1712915069447
1042,2.177734375,1.736328125,-0.109375,0.7512386422733803,35,1712915069447
1042,2.294921875,1.642578125,-0.12890625,0.7512386422733803,24,1712915069447
1042,2.1171875,1.685546875,0.150390625,0.876445082652277,35,1712915069447
1042,2.146484375,1.712890625,0.095703125,0.876445082652277,65,1712915069447
1042,2.177734375,1.740234375,0.03515625,0.876445082652277,59,1712915069447
1042,2.20703125,1.763671875,0.041015625,0.876445082652277,31,1712915069447
1042,0.859375,2.259765625,-1.30859375,-1.0016515230311738,22,1712915069447
1042,0.501953125,2.517578125,-0.740234375,-0.7512386422733803,24,1712915069447
1043,0.400390625,2.5234375,-0.12109375,0.0,11,1712915069549
1043,1.0703125,2.0859375,1.203125,0.0,20,1712915069549
1043,1.001953125,2.19140625,1.154296875,0.0,19,1712915069549
1043,1.0546875,0.0,2.435546875,0.5008257615155869,36,1712915069549
1043,1.0703125,0.0,2.56640625,0.5008257615155869,62,1712915069549
1043,1.169921875,0.0,2.63671875,0.5008257615155869,50,1712915069549
1043,1.0390625,0.0,2.392578125,0.6260322018944836,26,1712915069549
1043,1.0546875,0.0,2.56640625,0.6260322018944836,107,1712915069549
1043,1.0703125,0.0,-2.6015625,0.6260322018944836,174,1712915069549
1043,1.0859375,0.0,-2.6015625,0.6260322018944836,135,1712915069549
1043,1.1015625,0.0,-2.61328125,0.6260322018944836,42,1712915069549
1043,1.0390625,0.0,2.474609375,0.7512386422733803,27,1712915069549
1043,1.0546875,0.0,-2.48828125,0.7512386422733803,93,1712915069549
1043,1.0703125,0.0,-2.458984375,0.7512386422733803,137,1712915069549
1043,1.0859375,0.0,-2.44921875,0.7512386422733803,97,1712915069549
1043,1.015625,0.65234375,-2.42578125,0.7512386422733803,29,1712915069549
1043,0.958984375,0.0,2.392578125,0.876445082652277,32,1712915069549
1043,0.97265625,0.0,2.51171875,0.876445082652277,106,1712915069549
1043,0.98828125,0.0,2.55078125,0.876445082652277,148,1712915069549
1043,1.001953125,0.0,2.583984375,0.876445082652277,97,1712915069549
1043,1.1015625,0.0,2.501953125,0.876445082652277,27,1712915069549
1043,1.279296875,2.212890625,-0.08984375,-1.0016515230311738,52,1712915069549
1043,1.216796875,2.29296875,-0.044921875,-1.0016515230311738,189,1712915069549
1043,1.234375,2.326171875,-0.02734375,-1.0016515230311738,287,1712915069549
1043,1.251953125,2.359375,-0.03125,-1.0016515230311738,205,1712915069549
1043,1.271484375,2.392578125,-0.087890625,-1.0016515230311738,64,1712915069549
1043,1.19921875,2.251953125,-0.1796875,-0.876445082652277,67,1712915069549
1043,1.216796875,2.291015625,-0.078125,-0.876445082652277,266,1712915069549
1043,1.15234375,2.369140625,-0.03515625,-0.876445082652277,421,1712915069549
1043,1.169921875,2.40234375,-0.02734375,-0.876445082652277,317,1712915069549
1043,1.185546875,2.4375,-0.052734375,-0.876445082652277,106,1712915069549
1043,0.611328125,2.21484375,-0.833984375,-0.7512386422733803,28,1712915069549
1043,0.697265625,2.25390625,-0.771484375,-0.7512386422733803,40,1712915069549
1043,0.787109375,2.24609375,-0.828125,-0.7512386422733803,42,1712915069549
1043,1.279296875,2.21484375,-0.013671875,-0.7512386422733803,45,1712915069549
1043,1.216796875,2.29296875,0.041015625,-0.7512386422733803,192,1712915069549
1043,1.15234375,2.3671875,0.103515625,-0.7512386422733803,304,1712915069549
1043,1.169921875,2.400390625,0.123046875,-0.7512386422733803,229,1712915069549
1043,1.1015625,2.47265625,0.140625,-0.7512386422733803,82,1712915069549
1043,0.9453125,2.58203125,0.0,-0.7512386422733803,21,1712915069549
1043,0.6015625,2.2109375,-0.73046875,-0.6260322018944836,29,1712915069549
1043,0.6875,2.263671875,-0.61328125,-0.6260322018944836,119,1712915069549
1043,0.697265625,2.314453125,-0.55859375,-0.6260322018944836,262,1712915069549
1043,0.787109375,2.33203125,-0.541015625,-0.6260322018944836,329,1712915069549
1043,0.71875,2.40234375,-0.501953125,-0.6260322018944836,249,1712915069549
1043,0.568359375,2.427734375,-0.720703125,-0.6260322018944836,134,1712915069549
1043,0.412109375,2.583984375,-0.302734375,-0.6260322018944836,82,1712915069549
1043,0.91796875,2.5078125,-0.078125,-0.6260322018944836,73,1712915069549
1043,0.84765625,2.568359375,-0.169921875,-0.6260322018944836,50,1712915069549
1043,0.6015625,2.287109375,-0.4375,-0.5008257615155869,29,1712915069549
1043,0.6875,2.30078125,-0.447265625,-0.5008257615155869,170,1712915069549
1043,0.697265625,2.345703125,-0.4140625,-0.5008257615155869,403,1712915069549
1043,0.708984375,2.388671875,-0.37109375,-0.5008257615155869,529,1712915069549
1043,0.71875,2.4375,-0.2890625,-0.5008257615155869,415,1712915069549
1043,0.6484375,2.5078125,-0.18359375,-0.5008257615155869,210,1712915069549
1043,0.494140625,2.583984375,0.142578125,-0.5008257615155869,90,1712915069549
1043,0.751953125,2.5625,0.123046875,-0.5008257615155869,60,1712915069549
1043,0.76171875,2.59765625,-0.119140625,-0.5008257615155869,47,1712915069549
1043,0.6875,2.32421875,-0.306640625,-0.37561932113669017,83,1712915069549
1043,0.697265625,2.36328125,-0.296875,-0.37561932113669017,203,1712915069549
1043,0.708984375,2.404296875,-0.26171875,-0.37561932113669017,272,1712915069549
1043,0.71875,2.44921875,-0.17578125,-0.37561932113669017,222,1712915069549
1043,0.73046875,2.490234375,-0.072265625,-0.37561932113669017,104,1712915069549
1043,1.0703125,2.177734375,-1.0234375,-0.37561932113669017,34,1712915069549
1044,0.611328125,2.236328125,0.771484375,0.0,14,1712915069648
1044,0.39453125,2.48828125,-0.07421875,0.0,13,1712915069648
1044,0.48046875,2.49609375,0.287109375,0.0,20,1712915069648
1044,0.568359375,2.51171875,0.32421875,0.0,15,1712915069648
1044,0.853515625,0.0,-2.36328125,0.25041288075779344,19,1712915069648
1044,0.9453125,0.0,-2.3828125,0.25041288075779344,22,1712915069648
1044,0.9453125,0.78125,-2.201171875,0.37561932113669017,25,1712915069648
1044,0.958984375,0.0,-2.390625,0.37561932113669017,32,1712915069648
1044,1.0546875,0.0,-2.4453125,0.37561932113669017,20,1712915069648
1044,0.916015625,0.849609375,-2.099609375,0.5008257615155869,25,1712915069648
1044,0.9296875,0.63671875,-2.2109375,0.5008257615155869,41,1712915069648
1044,0.9453125,0.037109375,-2.3359375,0.5008257615155869,31,1712915069648
1044,1.0390625,0.142578125,-2.33203125,0.5008257615155869,36,1712915069648
1044,0.97265625,0.376953125,-2.376953125,0.5008257615155869,25,1712915069648
1044,0.83984375,1.158203125,-1.98046875,0.6260322018944836,26,1712915069648
1044,0.9296875,0.97265625,-2.083984375,0.6260322018944836,59,1712915069648
1044,0.9453125,0.87890625,-2.1640625,0.6260322018944836,56,1712915069648
1044,0.958984375,0.927734375,-2.181640625,0.6260322018944836,27,1712915069648
1044,0.853515625,1.279296875,-1.947265625,0.7512386422733803,31,1712915069648
1044,0.865234375,1.177734375,-2.052734375,0.7512386422733803,35,1712915069648
1044,0.958984375,1.107421875,-2.095703125,0.7512386422733803,18,1712915069648
1044,1.1015625,2.263671875,-0.087890625,-1.0016515230311738,16,1712915069648
1044,1.119140625,2.30078125,0.0,-1.0016515230311738,23,1712915069648
1044,1.134765625,2.33203125,0.109375,-1.0016515230311738,16,1712915069648
1044,1.181640625,2.224609375,-0.0234375,-0.876445082652277,27,1712915069648
1044,1.19921875,2.255859375,0.130859375,-0.876445082652277,34,1712915069648
1044,0.892578125,2.421875,-0.283203125,-0.876445082652277,36,1712915069648
1044,0.90625,2.45703125,-0.27734375,-0.876445082652277,26,1712915069648
1044,0.751953125,2.18359375,-0.669921875,-0.7512386422733803,50,1712915069648
1044,0.763671875,2.203125,-0.728515625,-0.7512386422733803,84,1712915069648
1044,0.775390625,2.232421875,-0.7578125,-0.7512386422733803,72,1712915069648
1044,0.787109375,2.2734375,-0.748046875,-0.7512386422733803,31,1712915069648
1044,0.958984375,2.37109375,0.009765625,-0.7512386422733803,50,1712915069648
1044,0.97265625,2.40625,-0.052734375,-0.7512386422733803,79,1712915069648
1044,0.98828125,2.44140625,0.0703125,-0.7512386422733803,41,1712915069648
1044,0.666015625,2.21875,-0.490234375,-0.6260322018944836,32,1712915069648
1044,0.67578125,2.267578125,-0.42578125,-0.6260322018944836,124,1712915069648
1044,0.6875,2.30078125,-0.453125,-0.6260322018944836,213,1712915069648
1044,0.697265625,2.326171875,-0.51171875,-0.6260322018944836,182,1712915069648
1044,0.630859375,2.357421875,-0.625,-0.6260322018944836,70,1712915069648
1044,0.958984375,2.330078125,-0.435546875,-0.6260322018944836,49,1712915069648
1044,0.892578125,2.421875,-0.287109375,-0.6260322018944836,70,1712915069648
1044,0.98828125,2.4296875,-0.244140625,-0.6260322018944836,31,1712915069648
1044,0.583984375,2.4609375,-0.859375,-0.6260322018944836,30,1712915069648
1044,0.591796875,2.267578125,-0.330078125,-0.5008257615155869,29,1712915069648
1044,0.67578125,2.296875,-0.234375,-0.5008257615155869,111,1712915069648
1044,0.6875,2.333984375,-0.23046875,-0.5008257615155869,199,1712915069648
1044,0.62109375,2.380859375,-0.32421875,-0.5008257615155869,201,1712915069648
1044,0.47265625,2.3828125,-0.66796875,-0.5008257615155869,130,1712915069648
1044,0.240234375,2.3828125,-0.900390625,-0.5008257615155869,94,1712915069648
1044,0.892578125,2.41796875,-0.3125,-0.5008257615155869,84,1712915069648
1044,0.740234375,2.4921875,-0.42578125,-0.5008257615155869,45,1712915069648
1044,0.6015625,2.328125,0.015625,-0.37561932113669017,29,1712915069648
1044,0.611328125,2.365234375,-0.037109375,-0.37561932113669017,58,1712915069648
1044,0.54296875,2.41015625,-0.236328125,-0.37561932113669017,83,1712915069648
1044,0.47265625,2.43359375,-0.4453125,-0.37561932113669017,96,1712915069648
1044,0.3203125,2.4921875,-0.482421875,-0.37561932113669017,81,1712915069648
1044,0.244140625,2.580078125,0.150390625,-0.37561932113669017,36,1712915069648
1044,0.90625,2.408203125,-0.564453125,-0.37561932113669017,22,1712915069648
1044,1.259765625,0.0,-2.5078125,0.0,8,1712915069648
1044,1.861328125,1.6328125,0.1640625,0.25041288075779344,12,1712915069648
1044,1.890625,1.65234375,0.216796875,0.25041288075779344,13,1712915069648
1044,1.890625,1.650390625,0.228515625,0.37561932113669017,17,1712915069648
1044,1.998046875,1.587890625,0.16015625,0.37561932113669017,19,1712915069648
1045,0.525390625,2.33203125,0.263671875,0.0,12,1712915069748
1045,0.611328125,2.326171875,0.431640625,0.0,18,1712915069748
1045,0.46484375,2.416015625,0.3203125,0.0,21,1712915069748
1045,0.39453125,2.46875,0.31640625,0.0,16,1712915069748
1045,0.654296875,1.28125,-1.83203125,0.25041288075779344,19,1712915069748
1045,0.64453125,1.26171875,-1.798828125,0.37561932113669017,32,1712915069748
1045,0.654296875,1.1328125,-1.92578125,0.37561932113669017,53,1712915069748
1045,0.666015625,1.033203125,-2.0234375,0.37561932113669017,43,1712915069748
1045,0.751953125,0.3828125,-2.251953125,0.37561932113669017,22,1712915069748
1045,0.64453125,1.314453125,-1.76171875,0.5008257615155869,34,1712915069748
1045,0.654296875,1.265625,-1.841796875,0.5008257615155869,69,1712915069748
1045,0.740234375,1.126953125,-1.9453125,0.5008257615155869,86,1712915069748
1045,0.751953125,1.0859375,-2.009765625,0.5008257615155869,74,1712915069748
1045,0.763671875,1.11328125,-2.037109375,0.5008257615155869,39,1712915069748
1045,0.654296875,1.400390625,-1.7421875,0.6260322018944836,30,1712915069748
1045,0.740234375,1.328125,-1.814453125,0.6260322018944836,62,1712915069748
1045,0.751953125,1.2890625,-1.88671875,0.6260322018944836,72,1712915069748
1045,0.763671875,1.310546875,-1.916015625,0.6260322018944836,42,1712915069748
1045,0.751953125,1.25390625,-1.91015625,0.7512386422733803,23,1712915069748
1045,0.654296875,2.072265625,-0.8359375,-0.876445082652277,32,1712915069748
1045,0.740234375,2.115234375,-0.763671875,-0.876445082652277,71,1712915069748
1045,0.751953125,2.166015625,-0.728515625,-0.876445082652277,78,1712915069748
1045,0.763671875,2.228515625,-0.64453125,-0.876445082652277,45,1712915069748
1045,0.654296875,2.154296875,-0.591796875,-0.7512386422733803,88,1712915069748
1045,0.740234375,2.171875,-0.578125,-0.7512386422733803,213,1712915069748
1045,0.67578125,2.228515625,-0.599609375,-0.7512386422733803,244,1712915069748
1045,0.6875,2.265625,-0.607421875,-0.7512386422733803,148,1712915069748
1045,0.775390625,2.330078125,-0.357421875,-0.7512386422733803,72,1712915069748
1045,0.865234375,2.365234375,0.015625,-0.7512386422733803,68,1712915069748
1045,0.87890625,2.396484375,0.154296875,-0.7512386422733803,44,1712915069748
1045,0.654296875,2.201171875,-0.380859375,-0.6260322018944836,94,1712915069748
1045,0.666015625,2.23046875,-0.431640625,-0.6260322018944836,212,1712915069748
1045,0.67578125,2.25,-0.51171875,-0.6260322018944836,193,1712915069748
1045,0.6875,2.3359375,-0.2109375,-0.6260322018944836,72,1712915069748
1045,0.853515625,2.326171875,0.12890625,-0.6260322018944836,83,1712915069748
1045,0.9453125,2.322265625,0.248046875,-0.6260322018944836,73,1712915069748
1045,0.87890625,2.396484375,0.150390625,-0.6260322018944836,54,1712915069748
1045,0.654296875,2.228515625,-0.17578125,-0.5008257615155869,38,1712915069748
1045,0.591796875,2.279296875,-0.232421875,-0.5008257615155869,63,1712915069748
1045,0.751953125,2.244140625,0.427734375,-0.5008257615155869,78,1712915069748
1045,0.6875,2.31640625,0.365234375,-0.5008257615155869,191,1712915069748
1045,0.62109375,2.400390625,-0.123046875,-0.5008257615155869,176,1712915069748
1045,0.39453125,2.400390625,-0.658203125,-0.5008257615155869,90,1712915069748
1045,0.55859375,2.482421875,-0.255859375,-0.5008257615155869,59,1712915069748
1045,0.568359375,2.521484375,-0.248046875,-0.5008257615155869,46,1712915069748
1045,0.666015625,2.26953125,0.109375,-0.37561932113669017,24,1712915069748
1045,0.67578125,2.30078125,0.193359375,-0.37561932113669017,81,1712915069748
1045,0.611328125,2.36328125,0.095703125,-0.37561932113669017,139,1712915069748
1045,0.54296875,2.4140625,-0.1953125,-0.37561932113669017,148,1712915069748
1045,0.55078125,2.443359375,-0.28125,-0.37561932113669017,96,1712915069748
1045,0.55859375,2.494140625,-0.09375,-0.37561932113669017,45,1712915069748
1045,0.54296875,2.419921875,-0.083984375,-0.25041288075779344,23,1712915069748
1045,1.52734375,1.697265625,0.45703125,0.25041288075779344,10,1712915069748
1045,1.50390625,1.6171875,0.609375,0.37561932113669017,17,1712915069748
1045,1.52734375,1.673828125,0.537109375,0.37561932113669017,29,1712915069748
1045,1.552734375,1.71484375,0.498046875,0.37561932113669017,22,1712915069748
1045,1.654296875,1.734375,0.212890625,0.37561932113669017,12,1712915069748
1045,1.50390625,1.57421875,0.712890625,0.5008257615155869,18,1712915069748
1045,1.52734375,1.650390625,0.60546875,0.5008257615155869,38,1712915069748
1045,1.552734375,1.689453125,0.578125,0.5008257615155869,45,1712915069748
1045,1.578125,1.734375,0.53125,0.5008257615155869,38,1712915069748
1045,1.6796875,1.72265625,0.423828125,0.5008257615155869,21,1712915069748
1045,1.52734375,1.498046875,0.91796875,0.6260322018944836,18,1712915069748
1045,1.552734375,1.634765625,0.71875,0.6260322018944836,36,1712915069748
1046,0.5625,2.140625,0.41796875,0.0,22,1712915069848
1046,0.572265625,2.1875,0.36328125,0.0,44,1712915069848
1046,0.58203125,2.22265625,0.380859375,0.0,42,1712915069848
1046,0.517578125,2.2734375,0.408203125,0.0,25,1712915069848
1046,0.525390625,2.3125,0.40234375,0.0,23,1712915069848
1046,0.458984375,2.365234375,0.40625,0.0,29,1712915069848
1046,0.54296875,2.36328125,0.5234375,0.0,23,1712915069848
1046,0.572265625,2.16015625,0.501953125,0.12520644037889672,23,1712915069848
1046,0.509765625,2.220703125,0.478515625,0.12520644037889672,22,1712915069848
1046,0.484375,1.046875,-1.890625,0.7512386422733803,20,1712915069848
1046,0.5625,0.93359375,-1.970703125,0.7512386422733803,51,1712915069848
1046,0.501953125,0.98046875,-2.0078125,0.7512386422733803,51,1712915069848
1046,0.58203125,0.9375,-2.05078125,0.7512386422733803,25,1712915069848
1046,0.484375,1.265625,-1.75,0.876445082652277,44,1712915069848
1046,0.4921875,1.255859375,-1.8046875,0.876445082652277,108,1712915069848
1046,0.501953125,1.2734375,-1.8359375,0.876445082652277,108,1712915069848
1046,0.509765625,1.3203125,-1.849609375,0.876445082652277,49,1712915069848
1046,0.76171875,1.998046875,0.57421875,-1.0016515230311738,24,1712915069848
1046,0.84375,2.03125,0.486328125,-1.0016515230311738,68,1712915069848
1046,0.787109375,2.119140625,0.37109375,-1.0016515230311738,75,1712915069848
1046,0.80078125,2.18359375,0.109375,-1.0016515230311738,38,1712915069848
1046,0.703125,2.013671875,-0.72265625,-0.876445082652277,83,1712915069848
1046,0.71484375,2.068359375,-0.67578125,-0.876445082652277,176,1712915069848
1046,0.728515625,2.11328125,-0.654296875,-0.876445082652277,157,1712915069848
1046,0.666015625,2.19140625,-0.59765625,-0.876445082652277,52,1712915069848
1046,0.9765625,2.197265625,0.021484375,-0.876445082652277,32,1712915069848
1046,0.916015625,2.259765625,-0.1484375,-0.876445082652277,28,1712915069848
1046,0.853515625,2.330078125,-0.00390625,-0.876445082652277,32,1712915069848
1046,0.865234375,2.365234375,0.025390625,-0.876445082652277,47,1712915069848
1046,0.87890625,2.40234375,0.037109375,-0.876445082652277,29,1712915069848
1046,0.69140625,2.03515625,-0.529296875,-0.7512386422733803,51,1712915069848
1046,0.703125,2.078125,-0.51171875,-0.7512386422733803,282,1712915069848
1046,0.71484375,2.115234375,-0.5078125,-0.7512386422733803,562,1712915069848
1046,0.728515625,2.15625,-0.49609375,-0.7512386422733803,497,1712915069848
1046,0.740234375,2.2109375,-0.40625,-0.7512386422733803,178,1712915069848
1046,0.525390625,2.125,0.994140625,-0.7512386422733803,78,1712915069848
1046,0.53515625,2.37890625,-0.150390625,-0.7512386422733803,116,1712915069848
1046,0.697265625,2.37109375,-0.2109375,-0.7512386422733803,87,1712915069848
1046,0.787109375,2.392578125,-0.03515625,-0.7512386422733803,63,1712915069848
1046,0.71875,2.453125,-0.048828125,-0.7512386422733803,25,1712915069848
1046,0.69140625,2.05859375,-0.431640625,-0.6260322018944836,46,1712915069848
1046,0.6328125,2.130859375,-0.3671875,-0.6260322018944836,248,1712915069848
1046,0.71484375,2.14453125,-0.37109375,-0.6260322018944836,486,1712915069848
1046,0.728515625,2.185546875,-0.33984375,-0.6260322018944836,449,1712915069848
1046,0.814453125,2.21484375,-0.189453125,-0.6260322018944836,166,1712915069848
1046,0.525390625,2.326171875,-0.314453125,-0.6260322018944836,216,1712915069848
1046,0.53515625,2.359375,-0.3359375,-0.6260322018944836,309,1712915069848
1046,0.62109375,2.375,-0.359375,-0.6260322018944836,210,1712915069848
1046,0.630859375,2.41796875,-0.326171875,-0.6260322018944836,88,1712915069848
1046,0.6328125,2.138671875,-0.310546875,-0.5008257615155869,54,1712915069848
1046,0.64453125,2.181640625,-0.26953125,-0.5008257615155869,104,1712915069848
1046,0.654296875,2.23046875,-0.130859375,-0.5008257615155869,117,1712915069848
1046,0.666015625,2.271484375,-0.013671875,-0.5008257615155869,88,1712915069848
1046,0.451171875,2.345703125,-0.275390625,-0.5008257615155869,171,1712915069848
1046,0.53515625,2.37109375,-0.251953125,-0.5008257615155869,257,1712915069848
1046,0.54296875,2.41015625,-0.236328125,-0.5008257615155869,184,1712915069848
1046,0.630859375,2.431640625,-0.208984375,-0.5008257615155869,74,1712915069848
1046,0.591796875,2.25,-0.439453125,-0.37561932113669017,28,1712915069848
1046,0.451171875,2.318359375,-0.451171875,-0.37561932113669017,39,1712915069848
1046,0.458984375,2.388671875,-0.23046875,-0.37561932113669017,54,1712915069848
1046,0.46484375,2.435546875,-0.11328125,-0.37561932113669017,41,1712915069848
1046,0.4296875,2.140625,-0.689453125,-0.25041288075779344,24,1712915069848
1046,0.509765625,2.1953125,-0.58984375,-0.25041288075779344,23,1712915069848
1046,0.572265625,2.21484375,0.1015625,-0.12520644037889672,23,1712915069848
1047,0.544921875,2.09765625,0.20703125,0.0,25,1712915069948
1047,0.623046875,2.119140625,0.150390625,0.0,62,1712915069948
1047,0.6328125,2.15625,0.15234375,0.0,74,1712915069948
1047,0.64453125,2.1953125,0.09375,0.0,42,1712915069948
1047,0.58203125,2.228515625,0.34375,0.0,20,1712915069948
1047,0.517578125,2.29296875,0.27734375,0.0,38,1712915069948
1047,0.451171875,2.34765625,0.259765625,0.0,40,1712915069948
1047,0.552734375,2.123046875,0.302734375,0.12520644037889672,31,1712915069948
1047,0.5625,2.16015625,0.3046875,0.12520644037889672,37,1712915069948
1047,0.572265625,2.1953125,0.322265625,0.12520644037889672,20,1712915069948
1047,0.458984375,0.0,-2.43359375,0.7512386422733803,19,1712915069948
1047,0.703125,1.98828125,-0.791015625,-0.876445082652277,17,1712915069948
1047,0.748046875,1.99609375,-0.4375,-0.7512386422733803,75,1712915069948
1047,0.69140625,2.015625,-0.599609375,-0.7512386422733803,181,1712915069948
1047,0.7734375,1.994140625,-0.703125,-0.7512386422733803,214,1712915069948
1047,0.71484375,2.041015625,-0.755859375,-0.7512386422733803,135,1712915069948
1047,0.873046875,1.732421875,-1.287109375,-0.7512386422733803,38,1712915069948
1047,0.814453125,2.22265625,0.064453125,-0.7512386422733803,62,1712915069948
1047,0.826171875,2.2578125,-0.005859375,-0.7512386422733803,95,1712915069948
1047,0.83984375,2.294921875,-0.001953125,-0.7512386422733803,58,1712915069948
1047,0.53515625,2.00390625,-0.5234375,-0.6260322018944836,11,1712915069948
1047,0.6796875,1.99609375,-0.53515625,-0.6260322018944836,200,1712915069948
1047,0.69140625,2.03125,-0.54296875,-0.6260322018944836,608,1712915069948
1047,0.703125,2.060546875,-0.576171875,-0.6260322018944836,770,1712915069948
1047,0.71484375,2.072265625,-0.66015625,-0.6260322018944836,414,1712915069948
1047,1.96484375,0.0,1.255859375,-0.6260322018944836,45,1712915069948
1047,0.666015625,2.271484375,0.056640625,-0.6260322018944836,236,1712915069948
1047,0.751953125,2.28125,-0.111328125,-0.6260322018944836,277,1712915069948
1047,0.6875,2.33984375,-0.15625,-0.6260322018944836,158,1712915069948
1047,0.697265625,2.36328125,-0.287109375,-0.6260322018944836,46,1712915069948
1047,0.65625,1.9921875,0.078125,-0.5008257615155869,34,1712915069948
1047,0.53515625,2.056640625,-0.228515625,-0.5008257615155869,40,1712915069948
1047,0.611328125,2.0390625,-0.4453125,-0.5008257615155869,186,1712915069948
1047,0.69140625,2.056640625,-0.439453125,-0.5008257615155869,570,1712915069948
1047,0.703125,2.091796875,-0.44921875,-0.5008257615155869,726,1712915069948
1047,0.71484375,2.10546875,-0.546875,-0.5008257615155869,358,1712915069948
1047,0.58203125,1.708984375,1.470703125,-0.5008257615155869,105,1712915069948
1047,0.591796875,2.26953125,-0.3125,-0.5008257615155869,380,1712915069948
1047,0.6015625,2.294921875,-0.390625,-0.5008257615155869,452,1712915069948
1047,0.611328125,2.328125,-0.419921875,-0.5008257615155869,267,1712915069948
1047,0.54296875,2.390625,-0.388671875,-0.5008257615155869,73,1712915069948
1047,0.65625,1.98046875,0.244140625,-0.37561932113669017,44,1712915069948
1047,0.6015625,2.044921875,0.1640625,-0.37561932113669017,55,1712915069948
1047,0.544921875,2.1015625,-0.138671875,-0.37561932113669017,66,1712915069948
1047,0.623046875,2.10546875,-0.29296875,-0.37561932113669017,139,1712915069948
1047,0.6328125,2.140625,-0.3046875,-0.37561932113669017,171,1712915069948
1047,0.71484375,2.125,-0.46484375,-0.37561932113669017,57,1712915069948
1047,0.58203125,2.109375,-0.798828125,-0.37561932113669017,107,1712915069948
1047,0.591796875,2.25,-0.435546875,-0.37561932113669017,297,1712915069948
1047,0.525390625,2.322265625,-0.337890625,-0.37561932113669017,373,1712915069948
1047,0.53515625,2.36328125,-0.318359375,-0.37561932113669017,220,1712915069948
1047,0.46484375,2.42578125,-0.2421875,-0.37561932113669017,62,1712915069948
1047,0.58984375,1.982421875,0.365234375,-0.25041288075779344,17,1712915069948
1047,0.6015625,2.01953125,0.359375,-0.25041288075779344,21,1712915069948
1047,0.69140625,2.029296875,-0.552734375,-0.25041288075779344,14,1712915069948
1047,0.6328125,2.1328125,-0.35546875,-0.25041288075779344,26,1712915069948
1047,0.509765625,2.26171875,-0.220703125,-0.25041288075779344,31,1712915069948
1047,0.591796875,2.283203125,-0.205078125,-0.25041288075779344,77,1712915069948
1047,0.525390625,2.341796875,-0.1640625,-0.25041288075779344,95,1712915069948
1047,0.53515625,2.37890625,-0.162109375,-0.25041288075779344,55,1712915069948
1047,0.623046875,2.125,-0.009765625,-0.12520644037889672,25,1712915069948
1047,0.6328125,2.16015625,-0.056640625,-0.12520644037889672,32,1712915069948
1047,0.572265625,2.216796875,-0.080078125,-0.12520644037889672,17,1712915069948
1047,1.298828125,2.044921875,0.322265625,0.7512386422733803,10,1712915069948
1048,0.58984375,1.8828125,0.716796875,0.0,14,1712915069998
1048,0.466796875,2.041015625,0.427734375,0.0,12,1712915069998
1048,0.408203125,2.134765625,0.08984375,0.0,17,1712915069998
1048,0.345703125,2.185546875,-0.05078125,0.0,15,1712915069998
1048,0.6328125,2.140625,0.30078125,0.0,22,1712915069998
1048,0.58203125,2.236328125,0.28125,0.0,43,1712915069998
1048,0.591796875,2.2734375,0.28515625,0.0,56,1712915069998
1048,0.67578125,2.27734375,0.37109375,0.0,31,1712915069998
1048,0.84375,2.07421875,-0.2421875,-0.7512386422733803,39,1712915069998
1048,0.859375,2.12109375,-0.109375,-0.7512386422733803,44,1712915069998
1048,0.72265625,1.96875,0.111328125,-0.6260322018944836,22,1712915069998
1048,0.734375,2.0078125,-0.029296875,-0.6260322018944836,46,1712915069998
1048,0.748046875,2.021484375,-0.29296875,-0.6260322018944836,63,1712915069998
1048,0.76171875,2.041015625,-0.396484375,-0.6260322018944836,48,1712915069998
1048,0.9140625,2.052734375,-0.140625,-0.6260322018944836,35,1712915069998
1048,0.9296875,2.091796875,0.072265625,-0.6260322018944836,35,1712915069998
1048,0.509765625,2.060546875,0.958984375,-0.6260322018944836,17,1712915069998
1048,0.64453125,1.955078125,0.1171875,-0.5008257615155869,62,1712915069998
1048,0.65625,1.990234375,0.12890625,-0.5008257615155869,96,1712915069998
1048,0.734375,1.9921875,0.248046875,-0.5008257615155869,96,1712915069998
1048,0.81640625,2.015625,-0.060546875,-0.5008257615155869,113,1712915069998
1048,0.27734375,2.0859375,-0.689453125,-0.5008257615155869,44,1712915069998
1048,0.703125,2.07421875,-0.525390625,-0.5008257615155869,119,1712915069998
1048,0.71484375,2.048828125,-0.732421875,-0.5008257615155869,117,1712915069998
1048,0.36328125,1.88671875,1.31640625,-0.5008257615155869,21,1712915069998
1048,0.814453125,2.22265625,0.044921875,-0.5008257615155869,87,1712915069998
1048,0.826171875,2.2578125,-0.041015625,-0.5008257615155869,92,1712915069998
1048,0.916015625,2.265625,0.005859375,-0.5008257615155869,47,1712915069998
1048,0.64453125,1.9453125,0.228515625,-0.37561932113669017,63,1712915069998
1048,0.58984375,1.99609375,0.275390625,-0.37561932113669017,129,1712915069998
1048,0.66796875,1.98828125,0.4140625,-0.37561932113669017,143,1712915069998
1048,0.748046875,1.830078125,0.91015625,-0.37561932113669017,84,1712915069998
1048,0.484375,2.0703125,-0.62109375,-0.37561932113669017,49,1712915069998
1048,0.703125,2.125,-0.2421875,-0.37561932113669017,167,1712915069998
1048,0.71484375,2.166015625,-0.201171875,-0.37561932113669017,148,1712915069998
1048,0.509765625,2.263671875,0.189453125,-0.37561932113669017,99,1712915069998
1048,0.666015625,2.271484375,0.015625,-0.37561932113669017,162,1712915069998
1048,0.751953125,2.28125,-0.1171875,-0.37561932113669017,127,1712915069998
1048,0.763671875,2.310546875,-0.22265625,-0.37561932113669017,55,1712915069998
1048,0.515625,1.984375,0.20703125,-0.25041288075779344,21,1712915069998
1048,0.58984375,1.990234375,0.3125,-0.25041288075779344,61,1712915069998
1048,0.6015625,2.0078125,0.421875,-0.25041288075779344,81,1712915069998
1048,0.544921875,1.99609375,0.671875,-0.25041288075779344,44,1712915069998
1048,0.552734375,2.134765625,-0.1953125,-0.25041288075779344,22,1712915069998
1048,0.703125,2.13671875,-0.123046875,-0.25041288075779344,48,1712915069998
1048,0.501953125,2.224609375,-0.212890625,-0.25041288075779344,72,1712915069998
1048,0.58203125,2.2421875,-0.23046875,-0.25041288075779344,188,1712915069998
1048,0.591796875,2.279296875,-0.240234375,-0.25041288075779344,231,1712915069998
1048,0.525390625,2.3359375,-0.232421875,-0.25041288075779344,140,1712915069998
1048,0.53515625,2.365234375,-0.3046875,-0.25041288075779344,47,1712915069998
1048,0.501953125,2.23046875,-0.13671875,-0.12520644037889672,51,1712915069998
1048,0.509765625,2.26953125,-0.130859375,-0.12520644037889672,140,1712915069998
1048,0.591796875,2.287109375,-0.142578125,-0.12520644037889672,165,1712915069998
1048,0.6015625,2.326171875,-0.1171875,-0.12520644037889672,94,1712915069998
1048,0.53515625,2.384765625,0.001953125,-0.12520644037889672,25,1712915069998
1048,-0.416015625,1.408203125,1.658203125,-0.5008257615155869,35,1712915069998
1048,1.236328125,0.685546875,-1.849609375,-0.5008257615155869,16,1712915069998
1048,-0.345703125,1.326171875,1.73828125,-0.37561932113669017,28,1712915069998
1049,0.525390625,2.017578125,-0.25,0.0,9,1712915070099
1049,0.6015625,2.05078125,-0.076171875,0.0,32,1712915070099
1049,0.611328125,2.083984375,-0.119140625,0.0,34,1712915070099
1049,0.703125,2.1015625,0.396484375,0.0,46,1712915070099
1049,0.71484375,2.1640625,0.21875,0.0,65,1712915070099
1049,0.58203125,2.25390625,-0.05078125,0.0,72,1712915070099
1049,0.591796875,2.28125,-0.216796875,0.0,65,1712915070099
1049,0.6015625,2.322265625,-0.1796875,0.0,38,1712915070099
1049,2.931640625,0.0,2.94140625,0.0,20,1712915070099
1049,3.072265625,0.0,2.900390625,0.0,34,1712915070099
1049,3.216796875,0.0,2.89453125,0.0,32,1712915070099
1049,3.140625,0.0,3.263671875,0.0,21,1712915070099
1049,0.6015625,2.048828125,0.119140625,0.12520644037889672,16,1712915070099
1049,0.703125,2.048828125,0.6171875,0.12520644037889672,24,1712915070099
1049,0.71484375,2.099609375,0.57421875,0.12520644037889672,26,1712915070099
1049,0.515625,1.9921875,0.1171875,-0.7512386422733803,18,1712915070099
1049,0.55859375,1.884765625,0.28125,-0.6260322018944836,28,1712915070099
1049,0.6328125,1.904296875,0.26171875,-0.6260322018944836,81,1712915070099
1049,0.64453125,1.943359375,0.244140625,-0.6260322018944836,122,1712915070099
1049,0.65625,1.986328125,0.17578125,-0.6260322018944836,124,1712915070099
1049,0.66796875,2.029296875,-0.091796875,-0.6260322018944836,94,1712915070099
1049,0.748046875,1.9609375,-0.578125,-0.6260322018944836,57,1712915070099
1049,0.6328125,2.16015625,-0.095703125,-0.6260322018944836,28,1712915070099
1049,0.787109375,2.134765625,-0.263671875,-0.6260322018944836,57,1712915070099
1049,0.80078125,2.162109375,-0.322265625,-0.6260322018944836,47,1712915070099
1049,0.62109375,1.845703125,0.384765625,-0.5008257615155869,47,1712915070099
1049,0.6328125,1.88671875,0.36328125,-0.5008257615155869,125,1712915070099
1049,0.64453125,1.92578125,0.357421875,-0.5008257615155869,197,1712915070099
1049,0.65625,1.994140625,0.005859375,-0.5008257615155869,270,1712915070099
1049,0.66796875,1.927734375,-0.63671875,-0.5008257615155869,349,1712915070099
1049,0.6796875,1.93359375,-0.728515625,-0.5008257615155869,292,1712915070099
1049,0.552734375,2.048828125,-0.630859375,-0.5008257615155869,88,1712915070099
1049,0.7734375,2.111328125,-0.13671875,-0.5008257615155869,329,1712915070099
1049,0.787109375,2.146484375,-0.13671875,-0.5008257615155869,414,1712915070099
1049,0.80078125,2.181640625,-0.16015625,-0.5008257615155869,266,1712915070099
1049,0.814453125,2.21484375,-0.18359375,-0.5008257615155869,78,1712915070099
1049,0.55859375,1.837890625,0.5,-0.37561932113669017,26,1712915070099
1049,0.6328125,1.865234375,0.466796875,-0.37561932113669017,78,1712915070099
1049,0.64453125,1.875,0.564453125,-0.37561932113669017,132,1712915070099
1049,0.65625,1.85546875,-0.732421875,-0.37561932113669017,235,1712915070099
1049,0.66796875,1.947265625,-0.57421875,-0.37561932113669017,457,1712915070099
1049,0.6796875,1.986328125,-0.57421875,-0.37561932113669017,462,1712915070099
1049,0.69140625,2.0546875,-0.453125,-0.37561932113669017,233,1712915070099
1049,0.7734375,2.115234375,-0.03125,-0.37561932113669017,459,1712915070099
1049,0.71484375,2.17578125,0.0,-0.37561932113669017,536,1712915070099
1049,0.728515625,2.2109375,-0.056640625,-0.37561932113669017,342,1712915070099
1049,0.666015625,2.259765625,-0.220703125,-0.37561932113669017,111,1712915070099
1049,0.826171875,2.2578125,-0.080078125,-0.37561932113669017,26,1712915070099
1049,3.18359375,0.0,2.611328125,-0.37561932113669017,27,1712915070099
1049,0.6328125,1.853515625,0.5078125,-0.25041288075779344,20,1712915070099
1049,0.708984375,1.697265625,0.9296875,-0.25041288075779344,38,1712915070099
1049,0.65625,1.765625,-0.927734375,-0.25041288075779344,71,1712915070099
1049,0.6015625,2.0,-0.455078125,-0.25041288075779344,203,1712915070099
1049,0.6796875,2.01953125,-0.443359375,-0.25041288075779344,238,1712915070099
1049,0.623046875,2.1015625,-0.31640625,-0.25041288075779344,152,1712915070099
1049,0.703125,2.138671875,0.0703125,-0.25041288075779344,186,1712915070099
1049,0.71484375,2.17578125,0.0546875,-0.25041288075779344,226,1712915070099
1049,0.654296875,2.228515625,-0.171875,-0.25041288075779344,200,1712915070099
1049,0.591796875,2.255859375,-0.404296875,-0.25041288075779344,127,1712915070099
1049,0.525390625,2.279296875,-0.560546875,-0.25041288075779344,48,1712915070099
1049,3.1484375,0.0,2.5390625,-0.25041288075779344,50,1712915070099
1049,3.18359375,0.0,2.587890625,-0.25041288075779344,81,1712915070099
1049,3.216796875,0.0,2.66796875,-0.25041288075779344,77,1712915070099
1049,0.703125,2.138671875,0.07421875,-0.12520644037889672,22,1712915070099
1050,0.708984375,1.884765625,0.4453125,0.0,20,1712915070199
1050,0.58984375,2.013671875,0.095703125,0.0,36,1712915070199
1050,0.6015625,2.048828125,0.109375,0.0,55,1712915070199
1050,0.6796875,2.044921875,0.296875,0.0,62,1712915070199
1050,0.623046875,2.091796875,0.376953125,0.0,64,1712915070199
1050,0.703125,2.107421875,0.3671875,0.0,52,1712915070199
1050,0.71484375,2.162109375,0.24609375,0.0,26,1712915070199
1050,0.4375,2.255859375,-0.37890625,0.0,38,1712915070199
1050,0.443359375,2.291015625,-0.39453125,0.0,41,1712915070199
1050,0.451171875,2.302734375,-0.5234375,0.0,20,1712915070199
1050,3.1484375,0.0,2.841796875,0.0,27,1712915070199
1050,3.072265625,0.0,2.8828125,0.0,27,1712915070199
1050,3.02734375,0.0,-3.177734375,0.0,21,1712915070199
1050,0.7734375,1.8046875,0.626953125,0.12520644037889672,44,1712915070199
1050,0.72265625,1.8828125,0.5859375,0.12520644037889672,57,1712915070199
1050,0.734375,1.935546875,0.53125,0.12520644037889672,35,1712915070199
1050,0.611328125,2.05859375,0.353515625,0.12520644037889672,24,1712915070199
1050,0.623046875,2.041015625,0.58984375,0.12520644037889672,24,1712915070199
1050,0.64453125,1.814453125,0.736328125,0.25041288075779344,17,1712915070199
1050,0.65625,1.875,0.681640625,0.25041288075779344,26,1712915070199
1050,0.80078125,1.919921875,-0.48828125,-0.6260322018944836,31,1712915070199
1050,0.884765625,1.939453125,-0.439453125,-0.6260322018944836,62,1712915070199
1050,0.900390625,1.984375,-0.3984375,-0.6260322018944836,76,1712915070199
1050,0.9140625,2.017578125,-0.404296875,-0.6260322018944836,64,1712915070199
1050,0.859375,2.095703125,-0.345703125,-0.6260322018944836,33,1712915070199
1050,0.708984375,1.83984375,-0.6015625,-0.5008257615155869,41,1712915070199
1050,0.65625,1.908203125,-0.58203125,-0.5008257615155869,87,1712915070199
1050,0.6015625,1.984375,-0.521484375,-0.5008257615155869,85,1712915070199
1050,0.408203125,2.13671875,0.068359375,-0.5008257615155869,66,1712915070199
1050,1.037109375,1.84765625,-0.640625,-0.5008257615155869,126,1712915070199
1050,0.986328125,1.970703125,-0.470703125,-0.5008257615155869,149,1712915070199
1050,0.9296875,2.0703125,-0.302734375,-0.5008257615155869,100,1712915070199
1050,0.9453125,2.115234375,-0.234375,-0.5008257615155869,35,1712915070199
1050,3.044921875,0.0,-3.0,-0.5008257615155869,20,1712915070199
1050,3.185546875,0.0,-3.078125,-0.5008257615155869,20,1712915070199
1050,0.64453125,1.90625,-0.4453125,-0.37561932113669017,108,1712915070199
1050,0.65625,1.9453125,-0.443359375,-0.37561932113669017,251,1712915070199
1050,0.66796875,1.994140625,-0.37890625,-0.37561932113669017,314,1712915070199
1050,0.611328125,2.083984375,-0.14453125,-0.37561932113669017,292,1712915070199
1050,0.552734375,2.13671875,0.17578125,-0.37561932113669017,289,1712915070199
1050,0.5625,2.16015625,0.296875,-0.37561932113669017,234,1712915070199
1050,0.859375,2.12109375,-0.115234375,-0.37561932113669017,124,1712915070199
1050,0.9453125,2.126953125,-0.068359375,-0.37561932113669017,39,1712915070199
1050,0.869140625,2.330078125,1.837890625,-0.37561932113669017,23,1712915070199
1050,0.880859375,2.44140625,1.75,-0.37561932113669017,42,1712915070199
1050,0.79296875,2.537109375,1.724609375,-0.37561932113669017,38,1712915070199
1050,3.150390625,0.0,-2.890625,-0.37561932113669017,32,1712915070199
1050,3.185546875,0.0,-2.990234375,-0.37561932113669017,33,1712915070199
1050,0.64453125,1.921875,-0.375,-0.25041288075779344,85,1712915070199
1050,0.65625,1.958984375,-0.37890625,-0.25041288075779344,220,1712915070199
1050,0.66796875,2.00390625,-0.33203125,-0.25041288075779344,300,1712915070199
1050,0.611328125,2.083984375,-0.134765625,-0.25041288075779344,293,1712915070199
1050,0.623046875,2.12109375,0.12109375,-0.25041288075779344,265,1712915070199
1050,0.6328125,2.14453125,0.263671875,-0.25041288075779344,181,1712915070199
1050,0.787109375,2.130859375,0.2890625,-0.25041288075779344,61,1712915070199
1050,0.36328125,2.142578125,-0.837890625,-0.25041288075779344,49,1712915070199
1050,0.517578125,2.2265625,-0.615234375,-0.25041288075779344,60,1712915070199
1050,0.525390625,2.24609375,-0.68359375,-0.25041288075779344,30,1712915070199
1050,0.783203125,2.087890625,2.197265625,-0.25041288075779344,46,1712915070199
1050,3.0390625,0.0,2.39453125,-0.25041288075779344,34,1712915070199
1050,3.18359375,0.0,2.619140625,-0.25041288075779344,42,1712915070199
1050,0.515625,1.9609375,-0.375,-0.12520644037889672,29,1712915070199
1050,0.58984375,1.96875,-0.42578125,-0.12520644037889672,74,1712915070199
1050,0.6015625,2.01171875,-0.40234375,-0.12520644037889672,103,1712915070199
1051,0.708984375,1.931640625,0.142578125,0.0,25,1712915070299
1051,0.58984375,2.015625,-0.0078125,0.0,35,1712915070299
1051,0.53515625,2.0703125,0.05078125,0.0,52,1712915070299
1051,0.544921875,2.095703125,0.224609375,0.0,58,1712915070299
1051,0.552734375,2.126953125,0.26953125,0.0,62,1712915070299
1051,0.4921875,2.19140625,0.166015625,0.0,54,1712915070299
1051,0.501953125,2.234375,0.05078125,0.0,38,1712915070299
1051,0.4375,2.287109375,-0.041015625,0.0,22,1712915070299
1051,0.869140625,1.69140625,0.5703125,0.12520644037889672,31,1712915070299
1051,0.94921875,1.703125,0.541015625,0.12520644037889672,67,1712915070299
1051,0.966796875,1.72265625,0.587890625,0.12520644037889672,65,1712915070299
1051,0.984375,1.73046875,0.66796875,0.12520644037889672,31,1712915070299
1051,0.4765625,2.05078125,0.55078125,0.12520644037889672,24,1712915070299
1051,0.484375,2.06640625,0.6328125,0.12520644037889672,23,1712915070299
1051,0.869140625,1.66015625,0.654296875,0.25041288075779344,22,1712915070299
1051,0.884765625,1.701171875,0.646484375,0.25041288075779344,47,1712915070299
1051,0.90234375,1.720703125,0.6875,0.25041288075779344,41,1712915070299
1051,0.869140625,1.91796875,0.37109375,0.25041288075779344,18,1712915070299
1051,0.91796875,1.791015625,0.595703125,0.37561932113669017,23,1712915070299
1051,0.935546875,1.8203125,0.6171875,0.37561932113669017,31,1712915070299
1051,0.951171875,1.830078125,0.689453125,0.37561932113669017,17,1712915070299
1051,0.869140625,1.82421875,0.69921875,0.5008257615155869,19,1712915070299
1051,0.787109375,1.8515625,-0.599609375,-0.6260322018944836,18,1712915070299
1051,0.734375,1.9296875,-0.5546875,-0.6260322018944836,32,1712915070299
1051,0.748046875,1.984375,-0.486328125,-0.6260322018944836,36,1712915070299
1051,0.76171875,2.029296875,-0.455078125,-0.6260322018944836,25,1712915070299
1051,3.009765625,0.0,-2.810546875,-0.6260322018944836,23,1712915070299
1051,3.150390625,0.0,-2.8203125,-0.6260322018944836,19,1712915070299
1051,0.80078125,1.978515625,-0.1171875,-0.5008257615155869,23,1712915070299
1051,0.81640625,2.017578125,-0.025390625,-0.5008257615155869,32,1712915070299
1051,0.623046875,2.078125,0.447265625,-0.5008257615155869,32,1712915070299
1051,0.6328125,2.16015625,0.080078125,-0.5008257615155869,29,1712915070299
1051,3.11328125,0.0,-2.595703125,-0.5008257615155869,27,1712915070299
1051,3.044921875,0.0,-2.583984375,-0.5008257615155869,21,1712915070299
1051,0.6328125,1.853515625,-0.509765625,-0.37561932113669017,61,1712915070299
1051,0.64453125,1.880859375,-0.544921875,-0.37561932113669017,148,1712915070299
1051,0.72265625,1.859375,-0.658203125,-0.37561932113669017,160,1712915070299
1051,0.66796875,2.013671875,0.26953125,-0.37561932113669017,170,1712915070299
1051,0.611328125,2.083984375,0.12890625,-0.37561932113669017,248,1712915070299
1051,0.69140625,2.103515625,0.05078125,-0.37561932113669017,247,1712915070299
1051,0.6328125,2.16015625,0.0703125,-0.37561932113669017,137,1712915070299
1051,0.787109375,2.126953125,0.322265625,-0.37561932113669017,38,1712915070299
1051,0.568359375,1.84375,-0.611328125,-0.25041288075779344,81,1712915070299
1051,0.580078125,1.904296875,-0.533203125,-0.25041288075779344,216,1712915070299
1051,0.58984375,1.919921875,-0.61328125,-0.25041288075779344,250,1712915070299
1051,0.66796875,1.994140625,0.384765625,-0.25041288075779344,227,1712915070299
1051,0.611328125,2.076171875,0.2265625,-0.25041288075779344,311,1712915070299
1051,0.623046875,2.119140625,0.142578125,-0.25041288075779344,288,1712915070299
1051,0.6328125,2.150390625,0.220703125,-0.25041288075779344,122,1712915070299
1051,0.21484375,2.10546875,-0.875,-0.25041288075779344,37,1712915070299
1051,0.4375,2.201171875,-0.623046875,-0.25041288075779344,38,1712915070299
1051,0.9296875,1.720703125,0.337890625,-0.12520644037889672,20,1712915070299
1051,1.01171875,1.65625,0.5703125,-0.12520644037889672,49,1712915070299
1051,0.451171875,1.87890625,-0.71875,-0.12520644037889672,81,1712915070299
1051,0.525390625,1.919921875,-0.66796875,-0.12520644037889672,106,1712915070299
1051,0.6015625,0.947265625,-1.8203125,-0.12520644037889672,67,1712915070299
1051,0.611328125,2.037109375,0.45703125,-0.12520644037889672,74,1712915070299
1051,0.552734375,2.142578125,0.046875,-0.12520644037889672,80,1712915070299
1051,0.4921875,2.1640625,-0.38671875,-0.12520644037889672,50,1712915070299
1051,0.4296875,2.220703125,-0.359375,-0.12520644037889672,70,1712915070299
1051,0.4375,2.259765625,-0.353515625,-0.12520644037889672,54,1712915070299
1051,0.26171875,1.4453125,-1.5,0.12520644037889672,19,1712915070299
1051,1.66015625,0.0,-3.0625,-0.6260322018944836,16,1712915070299
1051,1.6796875,0.0,-3.20703125,-0.6260322018944836,13,1712915070299
1052,0.8515625,1.720703125,0.3203125,0.0,12,1712915070400
1052,0.9296875,1.69921875,0.4296875,0.0,75,1712915070400
1052,0.94921875,1.720703125,0.484375,0.0,164,1712915070400
1052,0.966796875,1.734375,0.5546875,0.0,160,1712915070400
1052,0.91796875,1.75390625,0.69921875,0.0,76,1712915070400
1052,0.66796875,1.890625,0.7421875,0.0,35,1712915070400
1052,0.611328125,1.9453125,0.759765625,0.0,27,1712915070400
1052,0.509765625,2.220703125,-0.48046875,0.0,21,1712915070400
1052,0.884765625,1.703125,0.638671875,0.12520644037889672,23,1712915070400
1052,0.837890625,1.74609375,0.70703125,0.12520644037889672,21,1712915070400
1052,0.3515625,2.20703125,-0.27734375,0.12520644037889672,23,1712915070400
1052,0.357421875,2.23046875,-0.37890625,0.12520644037889672,48,1712915070400
1052,0.36328125,2.25390625,-0.458984375,0.12520644037889672,51,1712915070400
1052,0.294921875,2.296875,-0.486328125,0.12520644037889672,30,1712915070400
1052,0.287109375,2.248046875,-0.330078125,0.25041288075779344,17,1712915070400
1052,0.291015625,2.279296875,-0.380859375,0.25041288075779344,19,1712915070400
1052,0.94921875,1.787109375,0.0,-0.5008257615155869,21,1712915070400
1052,1.03125,1.783203125,0.09375,-0.5008257615155869,32,1712915070400
1052,1.05078125,1.79296875,0.302734375,-0.5008257615155869,32,1712915070400
1052,1.134765625,1.767578125,0.396484375,-0.5008257615155869,21,1712915070400
1052,0.869140625,1.78515625,-0.03125,-0.37561932113669017,51,1712915070400
1052,0.884765625,1.8203125,-0.009765625,-0.37561932113669017,119,1712915070400
1052,0.966796875,1.818359375,0.091796875,-0.37561932113669017,130,1712915070400
1052,0.525390625,2.015625,-0.2734375,-0.37561932113669017,90,1712915070400
1052,0.6015625,2.046875,-0.150390625,-0.37561932113669017,152,1712915070400
1052,0.611328125,2.07421875,-0.2421875,-0.37561932113669017,136,1712915070400
1052,0.623046875,2.103515625,-0.298828125,-0.37561932113669017,120,1712915070400
1052,0.5625,2.138671875,-0.431640625,-0.37561932113669017,63,1712915070400
1052,0.8515625,1.748046875,0.111328125,-0.25041288075779344,25,1712915070400
1052,0.9296875,1.748046875,0.1328125,-0.25041288075779344,162,1712915070400
1052,0.94921875,1.779296875,0.162109375,-0.25041288075779344,357,1712915070400
1052,0.90234375,1.833984375,0.2734375,-0.25041288075779344,363,1712915070400
1052,0.787109375,1.9140625,0.353515625,-0.25041288075779344,190,1712915070400
1052,0.6015625,2.048828125,0.103515625,-0.25041288075779344,300,1712915070400
1052,0.611328125,2.087890625,-0.048828125,-0.25041288075779344,236,1712915070400
1052,0.552734375,2.130859375,-0.228515625,-0.25041288075779344,206,1712915070400
1052,0.5625,2.158203125,-0.31640625,-0.25041288075779344,111,1712915070400
1052,0.572265625,2.154296875,-0.52734375,-0.25041288075779344,44,1712915070400
1052,0.509765625,2.1953125,-0.583984375,-0.25041288075779344,41,1712915070400
1052,0.8515625,1.728515625,0.27734375,-0.12520644037889672,27,1712915070400
1052,0.9296875,1.73046875,0.2890625,-0.12520644037889672,176,1712915070400
1052,0.94921875,1.755859375,0.333984375,-0.12520644037889672,387,1712915070400
1052,0.966796875,1.771484375,0.41796875,-0.12520644037889672,384,1712915070400
1052,0.91796875,1.77734375,0.63671875,-0.12520644037889672,186,1712915070400
1052,0.6015625,2.021484375,0.345703125,-0.12520644037889672,179,1712915070400
1052,0.544921875,2.099609375,0.173828125,-0.12520644037889672,123,1712915070400
1052,0.552734375,2.134765625,-0.1953125,-0.12520644037889672,103,1712915070400
1052,0.5625,2.138671875,-0.423828125,-0.12520644037889672,64,1712915070400
1052,0.4296875,2.1484375,-0.669921875,-0.12520644037889672,63,1712915070400
1052,0.509765625,2.1875,-0.61328125,-0.12520644037889672,87,1712915070400
1052,0.443359375,2.23828125,-0.62890625,-0.12520644037889672,60,1712915070400
1052,1.115234375,1.619140625,0.73828125,-0.37561932113669017,64,1712915070400
1053,0.791015625,1.7578125,0.27734375,0.0,17,1712915070500
1053,0.681640625,1.859375,0.1328125,0.0,72,1712915070500
1053,0.6953125,1.8984375,0.05859375,0.0,137,1712915070500
1053,0.708984375,1.935546875,-0.029296875,0.0,122,1712915070500
1053,0.58984375,2.005859375,-0.1875,0.0,50,1712915070500
1053,0.267578125,2.033203125,0.6015625,0.0,11,1712915070500
1053,0.357421875,2.23046875,-0.375,0.0,62,1712915070500
1053,0.36328125,2.267578125,-0.384765625,0.0,63,1712915070500
1053,0.744140625,1.787109375,0.439453125,0.12520644037889672,22,1712915070500
1053,0.7578125,1.849609375,0.30859375,0.12520644037889672,38,1712915070500
1053,0.64453125,1.951171875,0.173828125,0.12520644037889672,31,1712915070500
1053,0.97265625,1.685546875,-0.048828125,-0.5008257615155869,43,1712915070500
1053,0.9296875,1.75390625,0.015625,-0.5008257615155869,130,1712915070500
1053,1.01171875,1.751953125,0.04296875,-0.5008257615155869,174,1712915070500
1053,1.03125,1.78515625,0.056640625,-0.5008257615155869,112,1712915070500
1053,1.115234375,1.775390625,0.125,-0.5008257615155869,33,1712915070500
1053,0.97265625,1.681640625,0.1328125,-0.37561932113669017,113,1712915070500
1053,0.9921875,1.7109375,0.173828125,-0.37561932113669017,350,1712915070500
1053,1.01171875,1.740234375,0.20703125,-0.37561932113669017,463,1712915070500
1053,1.03125,1.771484375,0.2265625,-0.37561932113669017,283,1712915070500
1053,1.115234375,1.765625,0.216796875,-0.37561932113669017,70,1712915070500
1053,0.53515625,2.05859375,-0.208984375,-0.37561932113669017,61,1712915070500
1053,0.544921875,2.10546875,-0.05859375,-0.37561932113669017,95,1712915070500
1053,0.552734375,2.14453125,-0.029296875,-0.37561932113669017,59,1712915070500
1053,0.97265625,1.66015625,0.2890625,-0.25041288075779344,85,1712915070500
1053,0.9921875,1.673828125,0.39453125,-0.25041288075779344,263,1712915070500
1053,1.07421875,1.6484375,0.46875,-0.25041288075779344,337,1712915070500
1053,0.451171875,1.458984375,-1.384765625,-0.25041288075779344,197,1712915070500
1053,0.525390625,1.755859375,-1.0234375,-0.25041288075779344,118,1712915070500
1053,0.53515625,2.0703125,-0.009765625,-0.25041288075779344,125,1712915070500
1053,0.544921875,2.103515625,0.11328125,-0.25041288075779344,184,1712915070500
1053,0.484375,2.15234375,0.193359375,-0.25041288075779344,102,1712915070500
1053,0.4296875,2.20703125,-0.43359375,-0.25041288075779344,72,1712915070500
1053,0.4375,2.228515625,-0.513671875,-0.25041288075779344,69,1712915070500
1053,-3.400390625,2.572265625,-0.873046875,-0.25041288075779344,28,1712915070500
1053,0.49609375,1.853515625,-0.51171875,-0.12520644037889672,85,1712915070500
1053,0.568359375,1.8828125,-0.474609375,-0.12520644037889672,211,1712915070500
1053,0.580078125,1.921875,-0.470703125,-0.12520644037889672,229,1712915070500
1053,0.525390625,1.994140625,-0.392578125,-0.12520644037889672,117,1712915070500
1053,0.466796875,2.08203125,0.12890625,-0.12520644037889672,76,1712915070500
1053,0.4765625,2.103515625,0.2890625,-0.12520644037889672,105,1712915070500
1053,0.357421875,2.220703125,-0.431640625,-0.12520644037889672,122,1712915070500
1053,0.36328125,2.248046875,-0.484375,-0.12520644037889672,123,1712915070500
1053,0.369140625,2.28515625,-0.4921875,-0.12520644037889672,61,1712915070500
1053,0.806640625,1.8046875,0.1796875,0.0,72,1712915070500
1053,0.869140625,1.927734375,0.314453125,0.0,10,1712915070500
1053,0.39453125,0.0,-2.072265625,-0.37561932113669017,52,1712915070500
1053,0.37890625,1.4765625,-1.330078125,-0.25041288075779344,195,1712915070500
1053,1.095703125,1.658203125,0.544921875,-0.25041288075779344,197,1712915070500
1053,3.671875,0.0,2.794921875,-0.25041288075779344,16,1712915070500
1054,0.486328125,1.87890625,-0.14453125,0.0,16,1712915070601
1054,0.55859375,1.890625,-0.23046875,0.0,63,1712915070601
1054,0.505859375,1.943359375,-0.244140625,0.0,98,1712915070601
1054,0.451171875,2.009765625,-0.091796875,0.0,93,1712915070601
1054,0.58984375,1.998046875,0.259765625,0.0,123,1712915070601
1054,0.6015625,2.033203125,0.26953125,0.0,178,1712915070601
1054,0.611328125,2.072265625,0.259765625,0.0,141,1712915070601
1054,0.69140625,2.037109375,0.5234375,0.0,43,1712915070601
1054,0.28125,2.21484375,-0.298828125,0.0,63,1712915070601
1054,0.21484375,2.263671875,-0.267578125,0.0,100,1712915070601
1054,0.291015625,2.287109375,-0.32421875,0.0,82,1712915070601
1054,0.22265625,2.328125,-0.3671875,0.0,30,1712915070601
1054,0.505859375,1.947265625,-0.216796875,0.12520644037889672,22,1712915070601
1054,0.515625,1.9921875,-0.111328125,0.12520644037889672,29,1712915070601
1054,0.525390625,2.021484375,0.21484375,0.12520644037889672,41,1712915070601
1054,0.6015625,2.025390625,0.322265625,0.12520644037889672,48,1712915070601
1054,0.544921875,2.0390625,0.53125,0.12520644037889672,33,1712915070601
1054,0.89453125,1.6796875,-0.13671875,-0.5008257615155869,19,1712915070601
1054,0.912109375,1.71484375,-0.12890625,-0.5008257615155869,47,1712915070601
1054,0.9921875,1.716796875,-0.078125,-0.5008257615155869,47,1712915070601
1054,1.138671875,1.6640625,0.166015625,-0.5008257615155869,23,1712915070601
1054,0.89453125,1.68359375,0.083984375,-0.37561932113669017,37,1712915070601
1054,0.912109375,1.716796875,0.09375,-0.37561932113669017,119,1712915070601
1054,0.9296875,1.751953125,0.0703125,-0.37561932113669017,169,1712915070601
1054,0.884765625,1.818359375,0.02734375,-0.37561932113669017,115,1712915070601
1054,0.38671875,2.021484375,0.103515625,-0.37561932113669017,74,1712915070601
1054,0.458984375,2.046875,0.083984375,-0.37561932113669017,152,1712915070601
1054,0.53515625,2.0703125,0.005859375,-0.37561932113669017,166,1712915070601
1054,0.544921875,2.107421875,-0.03515625,-0.37561932113669017,118,1712915070601
1054,0.623046875,2.125,-0.056640625,-0.37561932113669017,51,1712915070601
1054,0.28125,2.150390625,-0.609375,-0.37561932113669017,70,1712915070601
1054,0.357421875,2.1484375,-0.7109375,-0.37561932113669017,104,1712915070601
1054,0.291015625,2.189453125,-0.73828125,-0.37561932113669017,76,1712915070601
1054,0.22265625,2.240234375,-0.728515625,-0.37561932113669017,26,1712915070601
1054,0.89453125,1.669921875,0.234375,-0.25041288075779344,25,1712915070601
1054,0.8515625,1.744140625,0.142578125,-0.25041288075779344,107,1712915070601
1054,0.806640625,1.8125,0.05078125,-0.25041288075779344,198,1712915070601
1054,0.6328125,1.890625,-0.341796875,-0.25041288075779344,177,1712915070601
1054,0.451171875,2.0078125,-0.130859375,-0.25041288075779344,167,1712915070601
1054,0.525390625,2.033203125,0.048828125,-0.25041288075779344,314,1712915070601
1054,0.6015625,2.05078125,-0.005859375,-0.25041288075779344,415,1712915070601
1054,0.611328125,2.087890625,-0.029296875,-0.25041288075779344,343,1712915070601
1054,0.69140625,2.103515625,0.041015625,-0.25041288075779344,126,1712915070601
1054,0.28125,2.166015625,-0.55078125,-0.25041288075779344,201,1712915070601
1054,0.287109375,2.19921875,-0.57421875,-0.25041288075779344,302,1712915070601
1054,0.291015625,2.228515625,-0.607421875,-0.25041288075779344,232,1712915070601
1054,0.294921875,2.26171875,-0.6328125,-0.25041288075779344,81,1712915070601
1054,0.669921875,1.826171875,-0.095703125,-0.12520644037889672,46,1712915070601
1054,0.55859375,1.8828125,-0.28515625,-0.12520644037889672,143,1712915070601
1054,0.505859375,1.927734375,-0.349609375,-0.12520644037889672,204,1712915070601
1054,0.515625,1.982421875,-0.2265625,-0.12520644037889672,185,1712915070601
1054,0.525390625,2.029296875,0.119140625,-0.12520644037889672,273,1712915070601
1054,0.6015625,2.048828125,0.109375,-0.12520644037889672,405,1712915070601
1054,0.611328125,2.0859375,0.08984375,-0.12520644037889672,341,1712915070601
1054,0.69140625,2.08984375,0.240234375,-0.12520644037889672,112,1712915070601
1054,0.28125,2.19140625,-0.43359375,-0.12520644037889672,186,1712915070601
1054,0.287109375,2.23046875,-0.439453125,-0.12520644037889672,287,1712915070601
1054,0.291015625,2.263671875,-0.462890625,-0.12520644037889672,219,1712915070601
1054,0.22265625,2.3046875,-0.494140625,-0.12520644037889672,78,1712915070601
1054,0.0,1.115234375,-1.912109375,0.0,23,1712915070601
1054,0.568359375,1.60546875,-1.091796875,-0.5008257615155869,13,1712915070601
1054,1.095703125,0.0,-1.7578125,-0.37561932113669017,38,1712915070601
1054,0.0,1.595703125,1.53515625,-0.25041288075779344,72,1712915070601
1054,0.0,0.970703125,1.990234375,-0.12520644037889672,65,1712915070601
1055,0.486328125,1.875,-0.189453125,0.0,30,1712915070701
1055,0.49609375,1.90625,-0.244140625,0.0,65,1712915070701
1055,0.443359375,1.92578125,-0.4375,0.0,66,1712915070701
1055,0.451171875,1.86328125,0.7578125,0.0,73,1712915070701
1055,0.458984375,1.96875,0.56640625,0.0,98,1712915070701
1055,0.466796875,2.056640625,0.349609375,0.0,104,1712915070701
1055,0.611328125,2.056640625,0.357421875,0.0,48,1712915070701
1055,0.43359375,1.927734375,-0.185546875,0.12520644037889672,16,1712915070701
1055,0.443359375,1.9609375,-0.232421875,0.12520644037889672,17,1712915070701
1055,2.931640625,0.0,2.701171875,0.12520644037889672,20,1712915070701
1055,2.962890625,0.0,2.8203125,0.12520644037889672,22,1712915070701
1055,0.818359375,1.63671875,0.390625,-0.5008257615155869,26,1712915070701
1055,0.89453125,1.640625,0.384765625,-0.5008257615155869,80,1712915070701
1055,0.912109375,1.67578125,0.388671875,-0.5008257615155869,116,1712915070701
1055,0.9296875,1.712890625,0.37890625,-0.5008257615155869,93,1712915070701
1055,0.94921875,1.751953125,0.3515625,-0.5008257615155869,41,1712915070701
1055,0.876953125,1.587890625,0.458984375,-0.37561932113669017,52,1712915070701
1055,0.89453125,1.615234375,0.484375,-0.37561932113669017,149,1712915070701
1055,0.912109375,1.634765625,0.533203125,-0.37561932113669017,207,1712915070701
1055,0.9921875,1.615234375,0.5859375,-0.37561932113669017,158,1712915070701
1055,1.07421875,1.625,0.544921875,-0.37561932113669017,71,1712915070701
1055,0.515625,1.927734375,0.515625,-0.37561932113669017,84,1712915070701
1055,0.65625,1.9921875,-0.0859375,-0.37561932113669017,164,1712915070701
1055,0.6015625,2.046875,-0.142578125,-0.37561932113669017,204,1712915070701
1055,0.611328125,2.083984375,-0.1171875,-0.37561932113669017,129,1712915070701
1055,0.484375,2.130859375,-0.357421875,-0.37561932113669017,57,1712915070701
1055,0.28125,2.15625,-0.587890625,-0.37561932113669017,95,1712915070701
1055,0.21484375,2.19140625,-0.630859375,-0.37561932113669017,94,1712915070701
1055,0.21875,2.2109375,-0.6953125,-0.37561932113669017,46,1712915070701
1055,0.818359375,1.59375,0.53515625,-0.25041288075779344,30,1712915070701
1055,0.8359375,1.591796875,0.640625,-0.25041288075779344,83,1712915070701
1055,0.97265625,1.48046875,0.806640625,-0.25041288075779344,110,1712915070701
1055,0.43359375,1.767578125,-0.794921875,-0.25041288075779344,159,1712915070701
1055,0.505859375,1.56640625,-1.17578125,-0.25041288075779344,151,1712915070701
1055,0.515625,1.94140625,0.462890625,-0.25041288075779344,230,1712915070701
1055,0.58984375,2.013671875,0.076171875,-0.25041288075779344,403,1712915070701
1055,0.6015625,2.05078125,-0.005859375,-0.25041288075779344,480,1712915070701
1055,0.611328125,2.087890625,0.01171875,-0.25041288075779344,284,1712915070701
1055,0.484375,2.146484375,-0.240234375,-0.25041288075779344,106,1712915070701
1055,0.28125,2.185546875,-0.466796875,-0.25041288075779344,177,1712915070701
1055,0.287109375,2.212890625,-0.51953125,-0.25041288075779344,182,1712915070701
1055,0.21875,2.251953125,-0.55078125,-0.25041288075779344,95,1712915070701
1055,0.486328125,1.841796875,-0.404296875,-0.12520644037889672,69,1712915070701
1055,0.49609375,1.876953125,-0.41796875,-0.12520644037889672,159,1712915070701
1055,0.505859375,1.8046875,-0.76171875,-0.12520644037889672,154,1712915070701
1055,0.451171875,1.91796875,0.603515625,-0.12520644037889672,203,1712915070701
1055,0.58984375,1.998046875,0.259765625,-0.12520644037889672,325,1712915070701
1055,0.53515625,2.064453125,0.150390625,-0.12520644037889672,378,1712915070701
1055,0.544921875,2.09765625,0.189453125,-0.12520644037889672,204,1712915070701
1055,0.345703125,2.173828125,-0.23828125,-0.12520644037889672,64,1712915070701
1055,0.28125,2.205078125,-0.365234375,-0.12520644037889672,109,1712915070701
1055,0.21484375,2.251953125,-0.35546875,-0.12520644037889672,111,1712915070701
1055,0.21875,2.27734375,-0.4375,-0.12520644037889672,63,1712915070701
1055,0.310546875,1.482421875,-1.283203125,-0.37561932113669017,84,1712915070701
1055,0.37890625,1.193359375,-1.58984375,-0.37561932113669017,53,1712915070701
1055,0.3046875,1.646484375,-0.994140625,-0.25041288075779344,77,1712915070701
1055,1.1171875,1.35546875,0.923828125,-0.25041288075779344,92,1712915070701
1056,0.701171875,1.59375,0.68359375,0.0,25,1712915070801
1056,0.71484375,1.6171875,0.716796875,0.0,47,1712915070801
1056,0.791015625,1.552734375,0.8671875,0.0,50,1712915070801
1056,0.869140625,1.3828125,1.12890625,0.0,29,1712915070801
1056,0.37890625,1.958984375,0.333984375,0.0,56,1712915070801
1056,0.322265625,2.017578125,0.26953125,0.0,124,1712915070801
1056,0.39453125,2.05078125,0.2109375,0.0,166,1712915070801
1056,0.400390625,2.091796875,0.181640625,0.0,125,1712915070801
1056,0.408203125,2.13671875,0.07421875,0.0,47,1712915070801
1056,0.328125,2.0390625,0.3828125,0.12520644037889672,26,1712915070801
1056,2.853515625,0.0,2.57421875,0.12520644037889672,26,1712915070801
1056,2.853515625,0.0,2.701171875,0.25041288075779344,31,1712915070801
1056,2.884765625,0.0,2.64453125,0.25041288075779344,26,1712915070801
1056,0.568359375,1.921875,-0.275390625,-0.5008257615155869,27,1712915070801
1056,0.64453125,1.923828125,-0.361328125,-0.5008257615155869,26,1712915070801
1056,0.458984375,2.009765625,-0.396484375,-0.5008257615155869,19,1712915070801
1056,0.53515625,2.052734375,-0.267578125,-0.5008257615155869,37,1712915070801
1056,0.544921875,2.09765625,-0.189453125,-0.5008257615155869,35,1712915070801
1056,-0.068359375,1.69140625,-1.427734375,-0.5008257615155869,21,1712915070801
1056,0.701171875,1.6875,0.400390625,-0.37561932113669017,47,1712915070801
1056,0.71484375,1.724609375,0.400390625,-0.37561932113669017,65,1712915070801
1056,0.73046875,1.7265625,0.525390625,-0.37561932113669017,40,1712915070801
1056,0.49609375,1.90625,-0.24609375,-0.37561932113669017,64,1712915070801
1056,0.568359375,1.935546875,-0.1484375,-0.37561932113669017,168,1712915070801
1056,0.515625,1.994140625,-0.103515625,-0.37561932113669017,208,1712915070801
1056,0.525390625,2.02734375,-0.140625,-0.37561932113669017,123,1712915070801
1056,0.466796875,2.083984375,-0.099609375,-0.37561932113669017,66,1712915070801
1056,0.611328125,2.087890625,0.06640625,-0.37561932113669017,107,1712915070801
1056,0.69140625,2.0859375,0.265625,-0.37561932113669017,68,1712915070801
1056,0.0703125,2.0703125,-0.884765625,-0.37561932113669017,65,1712915070801
1056,0.072265625,2.142578125,-0.80859375,-0.37561932113669017,46,1712915070801
1056,0.744140625,1.599609375,0.494140625,-0.25041288075779344,32,1712915070801
1056,0.701171875,1.6640625,0.48828125,-0.25041288075779344,114,1712915070801
1056,0.775390625,1.681640625,0.4609375,-0.25041288075779344,172,1712915070801
1056,0.791015625,1.681640625,0.580078125,-0.25041288075779344,122,1712915070801
1056,0.49609375,1.896484375,-0.3125,-0.25041288075779344,113,1712915070801
1056,0.505859375,1.958984375,0.001953125,-0.25041288075779344,293,1712915070801
1056,0.515625,1.99609375,0.001953125,-0.25041288075779344,430,1712915070801
1056,0.458984375,2.048828125,-0.021484375,-0.25041288075779344,348,1712915070801
1056,0.400390625,2.08984375,-0.208984375,-0.25041288075779344,114,1712915070801
1056,0.6796875,2.0234375,0.423828125,-0.25041288075779344,72,1712915070801
1056,0.0,2.015625,-0.9140625,-0.25041288075779344,81,1712915070801
1056,0.140625,2.146484375,-0.669921875,-0.25041288075779344,123,1712915070801
1056,0.142578125,2.201171875,-0.6171875,-0.25041288075779344,100,1712915070801
1056,0.146484375,2.244140625,-0.6015625,-0.25041288075779344,45,1712915070801
1056,0.6875,1.544921875,0.705078125,-0.12520644037889672,22,1712915070801
1056,0.701171875,1.630859375,0.591796875,-0.12520644037889672,89,1712915070801
1056,0.71484375,1.6640625,0.599609375,-0.12520644037889672,148,1712915070801
1056,0.791015625,1.626953125,0.71875,-0.12520644037889672,126,1712915070801
1056,0.373046875,1.119140625,-1.59765625,-0.12520644037889672,79,1712915070801
1056,0.443359375,1.96875,0.1484375,-0.12520644037889672,207,1712915070801
1056,0.451171875,2.0078125,0.12109375,-0.12520644037889672,357,1712915070801
1056,0.458984375,2.046875,0.072265625,-0.12520644037889672,377,1712915070801
1056,0.400390625,2.099609375,0.009765625,-0.12520644037889672,222,1712915070801
1056,0.271484375,2.083984375,-0.568359375,-0.12520644037889672,51,1712915070801
1056,0.068359375,2.13671875,-0.580078125,-0.12520644037889672,51,1712915070801
1056,0.140625,2.1953125,-0.48046875,-0.12520644037889672,91,1712915070801
1056,0.142578125,2.240234375,-0.45703125,-0.12520644037889672,80,1712915070801
1056,1.3515625,3.451171875,1.3125,-0.12520644037889672,31,1712915070801
1056,1.365234375,3.4765625,1.345703125,-0.12520644037889672,45,1712915070801
1056,1.376953125,3.55859375,1.228515625,-0.12520644037889672,46,1712915070801
1056,1.390625,3.568359375,1.3046875,-0.12520644037889672,57,1712915070801
1056,0.248046875,1.52734375,-1.2421875,0.0,23,1712915070801
1056,-2.853515625,1.95703125,-0.599609375,0.25041288075779344,16,1712915070801
1057,0.458984375,1.591796875,0.78125,0.0,28,1712915070901
1057,0.466796875,1.662109375,0.71875,0.0,65,1712915070901
1057,0.537109375,1.732421875,0.595703125,0.0,66,1712915070901
1057,0.42578125,1.8984375,0.05859375,0.0,91,1712915070901
1057,0.310546875,1.9609375,0.013671875,0.0,207,1712915070901
1057,0.31640625,1.99609375,0.111328125,0.0,289,1712915070901
1057,0.322265625,2.029296875,0.16015625,0.0,270,1712915070901
1057,0.328125,2.0703125,0.115234375,0.0,184,1712915070901
1057,0.333984375,2.111328125,-0.013671875,0.0,92,1712915070901
1057,0.33984375,2.12890625,-0.291015625,0.0,38,1712915070901
1057,0.20703125,2.158203125,-0.44921875,0.0,25,1712915070901
1057,0.140625,2.22265625,-0.333984375,0.0,25,1712915070901
1057,0.466796875,1.724609375,0.5546875,0.12520644037889672,31,1712915070901
1057,0.4765625,1.748046875,0.603515625,0.12520644037889672,60,1712915070901
1057,0.486328125,1.73828125,0.728515625,0.12520644037889672,66,1712915070901
1057,0.49609375,1.580078125,1.09375,0.12520644037889672,36,1712915070901
1057,0.251953125,2.005859375,0.0859375,0.12520644037889672,17,1712915070901
1057,0.322265625,2.03515625,0.06640625,0.12520644037889672,53,1712915070901
1057,0.328125,2.07421875,-0.005859375,0.12520644037889672,62,1712915070901
1057,0.267578125,2.06640625,-0.474609375,0.12520644037889672,43,1712915070901
1057,0.203125,2.0703125,-0.634765625,0.12520644037889672,31,1712915070901
1057,0.41796875,1.74609375,0.646484375,0.25041288075779344,21,1712915070901
1057,0.486328125,1.681640625,0.853515625,0.25041288075779344,24,1712915070901
1057,2.744140625,0.0,2.732421875,0.25041288075779344,30,1712915070901
1057,2.7734375,0.0,2.771484375,0.25041288075779344,30,1712915070901
1057,2.69140625,0.0,2.697265625,0.25041288075779344,17,1712915070901
1057,2.71484375,0.0,2.982421875,0.37561932113669017,17,1712915070901
1057,2.744140625,0.0,2.984375,0.37561932113669017,33,1712915070901
1057,2.7734375,0.0,2.900390625,0.37561932113669017,36,1712915070901
1057,2.69140625,0.0,2.931640625,0.37561932113669017,21,1712915070901
1057,-3.7421875,1.748046875,-1.109375,-0.5008257615155869,24,1712915070901
1057,-3.775390625,1.60546875,-1.3359375,-0.5008257615155869,23,1712915070901
1057,-3.671875,1.966796875,-1.26171875,-0.5008257615155869,22,1712915070901
1057,0.525390625,1.787109375,0.173828125,-0.37561932113669017,19,1712915070901
1057,0.595703125,1.806640625,0.162109375,-0.37561932113669017,27,1712915070901
1057,0.609375,1.841796875,0.162109375,-0.37561932113669017,23,1712915070901
1057,0.62109375,1.8515625,0.35546875,-0.37561932113669017,21,1712915070901
1057,0.6328125,1.919921875,0.072265625,-0.37561932113669017,32,1712915070901
1057,0.580078125,1.9765625,0.064453125,-0.37561932113669017,34,1712915070901
1057,0.068359375,2.103515625,-0.685546875,-0.37561932113669017,26,1712915070901
1057,0.140625,2.1484375,-0.662109375,-0.37561932113669017,32,1712915070901
1057,0.142578125,2.19921875,-0.62109375,-0.37561932113669017,29,1712915070901
1057,-3.70703125,1.955078125,-0.62109375,-0.37561932113669017,39,1712915070901
1057,-3.7421875,1.94921875,-0.697265625,-0.37561932113669017,39,1712915070901
1057,-3.91015625,1.359375,-1.21484375,-0.37561932113669017,30,1712915070901
1057,-3.943359375,1.533203125,-1.017578125,-0.37561932113669017,34,1712915070901
1057,0.515625,1.705078125,0.431640625,-0.25041288075779344,32,1712915070901
1057,0.525390625,1.740234375,0.44140625,-0.25041288075779344,81,1712915070901
1057,0.595703125,1.779296875,0.34375,-0.25041288075779344,86,1712915070901
1057,0.42578125,1.892578125,-0.173828125,-0.25041288075779344,72,1712915070901
1057,0.373046875,1.931640625,-0.267578125,-0.25041288075779344,168,1712915070901
1057,0.31640625,1.9921875,-0.1484375,-0.25041288075779344,252,1712915070901
1057,0.322265625,2.03515625,-0.0859375,-0.25041288075779344,240,1712915070901
1057,0.328125,2.072265625,-0.056640625,-0.25041288075779344,152,1712915070901
1057,0.400390625,2.09765625,-0.083984375,-0.25041288075779344,74,1712915070901
1057,0.33984375,2.146484375,-0.115234375,-0.25041288075779344,40,1712915070901
1057,0.27734375,2.15625,-0.42578125,-0.25041288075779344,44,1712915070901
1057,0.2109375,2.181640625,-0.515625,-0.25041288075779344,63,1712915070901
1057,0.21484375,2.21875,-0.529296875,-0.25041288075779344,54,1712915070901
1057,0.515625,1.650390625,0.60546875,-0.12520644037889672,51,1712915070901
1057,0.525390625,1.693359375,0.595703125,-0.12520644037889672,115,1712915070901
1057,0.537109375,1.740234375,0.568359375,-0.12520644037889672,95,1712915070901
1057,0.365234375,1.89453125,-0.26171875,-0.12520644037889672,128,1712915070901
1057,0.373046875,1.94140625,-0.181640625,-0.12520644037889672,354,1712915070901
1058,0.28125,1.69140625,0.529296875,0.0,16,1712915071002
1058,0.34375,1.7265625,0.51171875,0.0,84,1712915071002
1058,0.3515625,1.765625,0.5078125,0.0,154,1712915071002
1058,0.357421875,1.802734375,0.517578125,0.0,120,1712915071002
1058,0.486328125,1.712890625,0.787109375,0.0,23,1712915071002
1058,0.373046875,1.91796875,0.3515625,0.0,83,1712915071002
1058,0.443359375,1.958984375,0.25,0.0,156,1712915071002
1058,0.451171875,2.0,0.220703125,0.0,133,1712915071002
1058,0.65625,1.990234375,-0.130859375,0.0,25,1712915071002
1058,0.400390625,2.06640625,0.375,0.0,43,1712915071002
1058,0.408203125,1.927734375,0.921875,0.0,23,1712915071002
1058,0.068359375,2.109375,-0.669921875,0.0,20,1712915071002
1058,0.140625,2.201171875,-0.4609375,0.0,23,1712915071002
1058,0.3515625,1.697265625,0.703125,0.12520644037889672,31,1712915071002
1058,0.357421875,1.63671875,0.9140625,0.12520644037889672,27,1712915071002
1058,0.12109375,1.931640625,0.21484375,0.12520644037889672,33,1712915071002
1058,0.125,1.947265625,0.365234375,0.12520644037889672,74,1712915071002
1058,0.189453125,1.900390625,0.666015625,0.12520644037889672,55,1712915071002
1058,0.515625,1.91015625,0.578125,0.12520644037889672,30,1712915071002
1058,0.26171875,2.068359375,0.2421875,0.12520644037889672,33,1712915071002
1058,0.068359375,2.146484375,-0.34765625,0.12520644037889672,29,1712915071002
1058,0.138671875,2.1875,-0.310546875,0.12520644037889672,36,1712915071002
1058,0.140625,2.22265625,-0.33984375,0.12520644037889672,27,1712915071002
1058,0.125,1.939453125,0.404296875,0.25041288075779344,35,1712915071002
1058,0.0625,2.009765625,0.228515625,0.25041288075779344,25,1712915071002
1058,2.634765625,0.0,2.947265625,0.25041288075779344,24,1712915071002
1058,2.7734375,0.0,2.962890625,0.25041288075779344,47,1712915071002
1058,2.802734375,0.0,2.900390625,0.25041288075779344,48,1712915071002
1058,2.833984375,0.0,2.673828125,0.25041288075779344,27,1712915071002
1058,2.744140625,0.0,3.0703125,0.37561932113669017,26,1712915071002
1058,2.7734375,0.0,3.10546875,0.37561932113669017,46,1712915071002
1058,2.802734375,0.0,3.06640625,0.37561932113669017,43,1712915071002
1058,2.833984375,0.0,3.005859375,0.37561932113669017,23,1712915071002
1058,0.31640625,1.99609375,0.11328125,-0.6260322018944836,16,1712915071002
1058,0.38671875,2.0234375,0.087890625,-0.6260322018944836,33,1712915071002
1058,0.328125,2.0703125,0.111328125,-0.6260322018944836,35,1712915071002
1058,0.333984375,2.111328125,0.0625,-0.6260322018944836,21,1712915071002
1058,0.525390625,1.79296875,0.09375,-0.5008257615155869,25,1712915071002
1058,0.537109375,1.830078125,0.087890625,-0.5008257615155869,27,1712915071002
1058,0.322265625,2.033203125,0.09375,-0.5008257615155869,33,1712915071002
1058,0.39453125,2.060546875,0.09765625,-0.5008257615155869,47,1712915071002
1058,0.333984375,2.109375,0.091796875,-0.5008257615155869,35,1712915071002
1058,0.3359375,1.755859375,0.162109375,-0.37561932113669017,25,1712915071002
1058,0.400390625,1.77734375,0.1953125,-0.37561932113669017,124,1712915071002
1058,0.41015625,1.814453125,0.19140625,-0.37561932113669017,209,1712915071002
1058,0.357421875,1.865234375,0.197265625,-0.37561932113669017,151,1712915071002
1058,0.244140625,1.88671875,0.416015625,-0.37561932113669017,31,1712915071002
1058,0.43359375,1.927734375,-0.189453125,-0.37561932113669017,50,1712915071002
1058,0.443359375,1.966796875,-0.1796875,-0.37561932113669017,99,1712915071002
1058,0.451171875,2.009765625,-0.103515625,-0.37561932113669017,89,1712915071002
1058,0.458984375,2.046875,-0.0703125,-0.37561932113669017,76,1712915071002
1058,0.466796875,2.08203125,-0.119140625,-0.37561932113669017,76,1712915071002
1058,0.408203125,2.134765625,-0.12109375,-0.37561932113669017,47,1712915071002
1058,0.345703125,2.185546875,-0.087890625,-0.37561932113669017,26,1712915071002
1058,-3.70703125,1.951171875,-0.634765625,-0.37561932113669017,38,1712915071002
1058,-3.7421875,1.962890625,-0.65625,-0.37561932113669017,42,1712915071002
1058,-3.91015625,1.744140625,-0.53125,-0.37561932113669017,31,1712915071002
1058,0.3359375,1.740234375,0.2734375,-0.25041288075779344,69,1712915071002
1058,0.34375,1.775390625,0.296875,-0.25041288075779344,343,1712915071002
1058,0.41015625,1.80078125,0.298828125,-0.25041288075779344,601,1712915071002
1058,0.41796875,1.83984375,0.294921875,-0.25041288075779344,463,1712915071002
1058,0.365234375,1.880859375,0.341796875,-0.25041288075779344,112,1712915071002
1058,0.43359375,1.9375,-0.01953125,-0.25041288075779344,173,1712915071002
1058,0.443359375,1.97265625,-0.068359375,-0.25041288075779344,355,1712915071002
1059,0.224609375,1.666015625,0.62890625,0.0,43,1712915071102
1059,0.228515625,1.705078125,0.62890625,0.0,99,1712915071102
1059,0.234375,1.74609375,0.630859375,0.0,99,1712915071102
1059,0.23828125,1.8046875,0.576171875,0.0,47,1712915071102
1059,0.181640625,1.923828125,0.234375,0.0,28,1712915071102
1059,0.125,1.978515625,0.115234375,0.0,59,1712915071102
1059,0.126953125,2.017578125,-0.099609375,0.0,85,1712915071102
1059,0.193359375,2.046875,-0.14453125,0.0,78,1712915071102
1059,0.333984375,2.068359375,0.419921875,0.0,24,1712915071102
1059,0.0,2.0625,-0.693359375,0.0,25,1712915071102
1059,0.068359375,2.08984375,-0.73046875,0.0,58,1712915071102
1059,0.0703125,2.142578125,-0.69140625,0.0,62,1712915071102
1059,0.072265625,2.19140625,-0.6640625,0.0,36,1712915071102
1059,0.224609375,1.611328125,0.755859375,0.12520644037889672,21,1712915071102
1059,0.228515625,1.650390625,0.763671875,0.12520644037889672,47,1712915071102
1059,0.29296875,1.66796875,0.794921875,0.12520644037889672,46,1712915071102
1059,0.1796875,1.787109375,0.646484375,0.12520644037889672,22,1712915071102
1059,-0.060546875,1.861328125,0.5703125,0.12520644037889672,31,1712915071102
1059,0.0625,1.9453125,0.390625,0.12520644037889672,71,1712915071102
1059,0.126953125,2.005859375,0.234375,0.12520644037889672,120,1712915071102
1059,0.12890625,2.0546875,0.095703125,0.12520644037889672,107,1712915071102
1059,0.130859375,2.083984375,-0.220703125,0.12520644037889672,43,1712915071102
1059,0.06640625,2.06640625,-0.54296875,0.12520644037889672,24,1712915071102
1059,0.068359375,2.1015625,-0.55859375,0.12520644037889672,71,1712915071102
1059,0.068359375,2.138671875,-0.568359375,0.12520644037889672,130,1712915071102
1059,0.0703125,2.1796875,-0.55859375,0.12520644037889672,130,1712915071102
1059,0.072265625,2.224609375,-0.541015625,0.12520644037889672,69,1712915071102
1059,2.69140625,0.0,2.6796875,0.12520644037889672,27,1712915071102
1059,2.833984375,0.0,2.80078125,0.12520644037889672,22,1712915071102
1059,0.0,1.93359375,0.451171875,0.25041288075779344,28,1712915071102
1059,0.126953125,1.986328125,0.3671875,0.25041288075779344,51,1712915071102
1059,0.064453125,2.052734375,0.1875,0.25041288075779344,46,1712915071102
1059,0.068359375,2.13671875,-0.404296875,0.25041288075779344,49,1712915071102
1059,0.0,2.173828125,-0.41796875,0.25041288075779344,86,1712915071102
1059,0.0703125,2.2109375,-0.421875,0.25041288075779344,83,1712915071102
1059,0.0,2.255859375,-0.396484375,0.25041288075779344,42,1712915071102
1059,2.552734375,0.0,2.7421875,0.25041288075779344,30,1712915071102
1059,2.69140625,0.0,2.91015625,0.25041288075779344,48,1712915071102
1059,2.720703125,0.0,2.98046875,0.25041288075779344,41,1712915071102
1059,2.580078125,0.0,3.162109375,0.37561932113669017,25,1712915071102
1059,2.720703125,0.0,3.265625,0.37561932113669017,23,1712915071102
1059,0.392578125,1.75,0.064453125,-0.7512386422733803,38,1712915071102
1059,0.400390625,1.787109375,0.076171875,-0.7512386422733803,81,1712915071102
1059,0.41015625,1.82421875,0.056640625,-0.7512386422733803,79,1712915071102
1059,0.41796875,1.861328125,0.0546875,-0.7512386422733803,34,1712915071102
1059,0.439453125,1.685546875,0.220703125,-0.6260322018944836,21,1712915071102
1059,0.392578125,1.736328125,0.21875,-0.6260322018944836,155,1712915071102
1059,0.458984375,1.76171875,0.208984375,-0.6260322018944836,366,1712915071102
1059,0.466796875,1.80078125,0.197265625,-0.6260322018944836,377,1712915071102
1059,0.41796875,1.853515625,0.18359375,-0.6260322018944836,171,1712915071102
1059,0.365234375,1.912109375,0.00390625,-0.6260322018944836,22,1712915071102
1059,0.50390625,1.69921875,0.28125,-0.5008257615155869,106,1712915071102
1059,0.458984375,1.728515625,0.396484375,-0.5008257615155869,259,1712915071102
1059,0.466796875,1.765625,0.40234375,-0.5008257615155869,281,1712915071102
1059,0.41796875,1.8203125,0.392578125,-0.5008257615155869,135,1712915071102
1059,0.365234375,1.908203125,0.125,-0.5008257615155869,20,1712915071102
1059,0.90625,2.71875,-0.45703125,-0.5008257615155869,21,1712915071102
1059,1.1015625,2.69140625,-0.427734375,-0.5008257615155869,24,1712915071102
1059,0.21875,1.7265625,0.240234375,-0.37561932113669017,37,1712915071102
1059,0.224609375,1.763671875,0.24609375,-0.37561932113669017,202,1712915071102
1059,0.228515625,1.802734375,0.232421875,-0.37561932113669017,377,1712915071102
1059,0.29296875,1.837890625,0.197265625,-0.37561932113669017,315,1712915071102
1059,0.23828125,1.88671875,0.1640625,-0.37561932113669017,115,1712915071102
1059,0.443359375,1.798828125,-0.81640625,-0.37561932113669017,48,1712915071102
1060,0.111328125,1.666015625,0.654296875,0.0,14,1712915071203
1060,0.115234375,1.630859375,0.826171875,0.0,11,1712915071203
1060,0.119140625,1.884765625,-0.275390625,0.0,39,1712915071203
1060,0.12109375,1.931640625,-0.205078125,0.0,142,1712915071203
1060,0.185546875,1.966796875,-0.197265625,0.0,250,1712915071203
1060,0.126953125,2.013671875,-0.1484375,0.0,269,1712915071203
1060,0.193359375,2.05078125,-0.0859375,0.0,189,1712915071203
1060,0.130859375,2.0859375,0.203125,0.0,94,1712915071203
1060,0.201171875,2.111328125,0.263671875,0.0,51,1712915071203
1060,0.13671875,2.162109375,0.203125,0.0,28,1712915071203
1060,0.068359375,2.158203125,-0.490234375,0.0,24,1712915071203
1060,0.0703125,2.125,-0.7421875,0.0,24,1712915071203
1060,0.072265625,2.158203125,-0.763671875,0.0,21,1712915071203
1060,0.1796875,1.884765625,-0.24609375,0.12520644037889672,22,1712915071203
1060,0.244140625,1.923828125,-0.169921875,0.12520644037889672,37,1712915071203
1060,0.125,1.98046875,-0.078125,0.12520644037889672,112,1712915071203
1060,0.0625,2.01953125,-0.091796875,0.12520644037889672,212,1712915071203
1060,0.064453125,2.05859375,-0.095703125,0.12520644037889672,165,1712915071203
1060,0.130859375,2.091796875,-0.134765625,0.12520644037889672,52,1712915071203
1060,0.1328125,2.12109375,-0.22265625,0.12520644037889672,35,1712915071203
1060,0.068359375,1.9921875,-0.873046875,0.12520644037889672,36,1712915071203
1060,0.0,2.0546875,-0.822265625,0.12520644037889672,61,1712915071203
1060,0.0,2.12109375,-0.7578125,0.12520644037889672,73,1712915071203
1060,0.0,2.1796875,-0.703125,0.12520644037889672,49,1712915071203
1060,0.125,1.98046875,0.037109375,0.25041288075779344,68,1712915071203
1060,0.0625,2.021484375,0.048828125,0.25041288075779344,122,1712915071203
1060,0.064453125,2.05859375,0.064453125,0.25041288075779344,91,1712915071203
1060,0.06640625,2.103515625,-0.376953125,0.25041288075779344,28,1712915071203
1060,0.0,2.099609375,-0.57421875,0.25041288075779344,69,1712915071203
1060,-0.068359375,2.13671875,-0.578125,0.25041288075779344,149,1712915071203
1060,-0.0703125,2.171875,-0.58984375,0.25041288075779344,175,1712915071203
1060,-0.072265625,2.208984375,-0.6015625,0.25041288075779344,105,1712915071203
1060,-0.072265625,2.263671875,-0.5390625,0.25041288075779344,29,1712915071203
1060,0.0,2.150390625,-0.330078125,0.37561932113669017,54,1712915071203
1060,-0.068359375,2.1796875,-0.384765625,0.37561932113669017,112,1712915071203
1060,-0.0703125,2.212890625,-0.4140625,0.37561932113669017,121,1712915071203
1060,-0.072265625,2.244140625,-0.453125,0.37561932113669017,70,1712915071203
1060,-0.072265625,2.294921875,-0.388671875,0.37561932113669017,19,1712915071203
1060,-3.435546875,1.259765625,0.19921875,0.37561932113669017,25,1712915071203
1060,-3.587890625,0.87109375,0.291015625,0.37561932113669017,41,1712915071203
1060,-3.5078125,1.27734375,0.251953125,0.37561932113669017,33,1712915071203
1060,-0.068359375,2.19921875,-0.248046875,0.5008257615155869,24,1712915071203
1060,0.2734375,1.73046875,0.10546875,-0.7512386422733803,64,1712915071203
1060,0.28125,1.767578125,0.1171875,-0.7512386422733803,107,1712915071203
1060,0.287109375,1.806640625,0.115234375,-0.7512386422733803,83,1712915071203
1060,0.29296875,1.845703125,0.06640625,-0.7512386422733803,27,1712915071203
1060,0.267578125,1.6875,0.171875,-0.6260322018944836,35,1712915071203
1060,0.2734375,1.720703125,0.212890625,-0.6260322018944836,141,1712915071203
1060,0.28125,1.755859375,0.234375,-0.6260322018944836,220,1712915071203
1060,0.34375,1.78125,0.26171875,-0.6260322018944836,153,1712915071203
1060,0.29296875,1.81640625,0.3359375,-0.6260322018944836,41,1712915071203
1060,0.21484375,1.6796875,0.28515625,-0.5008257615155869,25,1712915071203
1060,0.2734375,1.705078125,0.314453125,-0.5008257615155869,92,1712915071203
1060,0.3359375,1.7265625,0.353515625,-0.5008257615155869,125,1712915071203
1060,0.400390625,1.689453125,0.587890625,-0.5008257615155869,70,1712915071203
1060,-0.05859375,1.869140625,0.005859375,-0.5008257615155869,54,1712915071203
1060,0.0,1.896484375,0.216796875,-0.5008257615155869,37,1712915071203
1060,-0.12109375,1.927734375,0.244140625,-0.5008257615155869,42,1712915071203
1060,0.0,1.9765625,0.17578125,-0.5008257615155869,33,1712915071203
1060,0.0,1.7421875,0.431640625,-0.37561932113669017,25,1712915071203
1060,0.0,1.806640625,0.3046875,-0.37561932113669017,58,1712915071203
1060,0.05859375,1.859375,0.193359375,-0.37561932113669017,56,1712915071203
1060,-0.119140625,1.845703125,0.4765625,-0.37561932113669017,54,1712915071203
1060,-0.12109375,1.876953125,0.501953125,-0.37561932113669017,100,1712915071203
1061,0.16015625,1.517578125,0.791015625,0.0,14,1712915071303
1061,0.060546875,1.9453125,0.0703125,0.0,25,1712915071303
1061,0.125,1.974609375,0.162109375,0.0,74,1712915071303
1061,0.126953125,2.017578125,0.068359375,0.0,118,1712915071303
1061,0.12890625,2.056640625,0.029296875,0.0,117,1712915071303
1061,0.130859375,2.09375,0.087890625,0.0,84,1712915071303
1061,0.201171875,2.11328125,0.251953125,0.0,46,1712915071303
1061,-3.287109375,1.25,-0.888671875,0.0,15,1712915071303
1061,-3.322265625,1.2578125,-0.904296875,0.0,15,1712915071303
1061,0.060546875,1.9453125,-0.025390625,0.12520644037889672,36,1712915071303
1061,0.0625,1.984375,0.00390625,0.12520644037889672,103,1712915071303
1061,0.0625,2.021484375,0.05078125,0.12520644037889672,171,1712915071303
1061,0.064453125,2.05859375,0.099609375,0.12520644037889672,149,1712915071303
1061,0.06640625,2.08203125,0.2578125,0.12520644037889672,64,1712915071303
1061,-3.251953125,1.34375,-0.705078125,0.12520644037889672,23,1712915071303
1061,-3.287109375,1.3828125,-0.66015625,0.12520644037889672,39,1712915071303
1061,-3.322265625,1.4140625,-0.6328125,0.12520644037889672,37,1712915071303
1061,-3.470703125,1.083984375,-0.6953125,0.12520644037889672,18,1712915071303
1061,0.0,1.98046875,0.12890625,0.25041288075779344,37,1712915071303
1061,0.0,2.017578125,0.15234375,0.25041288075779344,63,1712915071303
1061,0.0,2.05078125,0.205078125,0.25041288075779344,51,1712915071303
1061,-3.365234375,1.166015625,-0.44921875,0.25041288075779344,24,1712915071303
1061,-3.400390625,1.1640625,-0.48828125,0.25041288075779344,40,1712915071303
1061,-3.435546875,1.18359375,-0.474609375,0.25041288075779344,35,1712915071303
1061,0.0,2.111328125,-0.787109375,0.37561932113669017,24,1712915071303
1061,-0.142578125,2.166015625,-0.728515625,0.37561932113669017,27,1712915071303
1061,-3.7421875,0.0,0.263671875,0.37561932113669017,22,1712915071303
1061,0.0,2.09375,-0.720703125,0.5008257615155869,19,1712915071303
1061,-0.0703125,2.150390625,-0.6640625,0.5008257615155869,44,1712915071303
1061,-0.072265625,2.1953125,-0.6484375,0.5008257615155869,50,1712915071303
1061,-0.072265625,2.228515625,-0.669921875,0.5008257615155869,31,1712915071303
1061,-0.29296875,0.658203125,-1.7265625,0.6260322018944836,23,1712915071303
1061,0.0,2.169921875,-0.6015625,0.6260322018944836,20,1712915071303
1061,0.0,2.228515625,-0.525390625,0.6260322018944836,25,1712915071303
1061,0.0,2.26171875,-0.5546875,0.6260322018944836,20,1712915071303
1061,-0.34375,0.7265625,-1.646484375,0.7512386422733803,41,1712915071303
1061,-0.3515625,0.712890625,-1.693359375,0.7512386422733803,86,1712915071303
1061,-0.357421875,0.642578125,-1.76171875,0.7512386422733803,85,1712915071303
1061,-0.365234375,0.447265625,-1.859375,0.7512386422733803,39,1712915071303
1061,-0.21484375,0.658203125,-1.572265625,0.876445082652277,15,1712915071303
1061,-0.21875,0.693359375,-1.59765625,0.876445082652277,35,1712915071303
1061,-0.224609375,0.32421875,-1.75,0.876445082652277,34,1712915071303
1061,-0.34375,0.744140625,-1.638671875,0.876445082652277,56,1712915071303
1061,-0.3515625,0.845703125,-1.630859375,0.876445082652277,164,1712915071303
1061,-0.357421875,0.84765625,-1.671875,0.876445082652277,189,1712915071303
1061,-0.365234375,0.814453125,-1.73046875,0.876445082652277,99,1712915071303
1061,0.10546875,1.673828125,0.07421875,-1.0016515230311738,22,1712915071303
1061,0.052734375,1.708984375,0.166015625,-1.0016515230311738,78,1712915071303
1061,0.0546875,1.744140625,0.193359375,-1.0016515230311738,149,1712915071303
1061,0.056640625,1.783203125,0.193359375,-1.0016515230311738,146,1712915071303
1061,0.0,1.826171875,0.146484375,-1.0016515230311738,81,1712915071303
1061,-0.1171875,1.83984375,0.318359375,-1.0016515230311738,131,1712915071303
1061,-0.119140625,1.876953125,0.326171875,-1.0016515230311738,162,1712915071303
1061,-0.12109375,1.91796875,0.310546875,-1.0016515230311738,90,1712915071303
1061,0.154296875,1.630859375,0.109375,-0.876445082652277,22,1712915071303
1061,0.2109375,1.6640625,0.076171875,-0.876445082652277,115,1712915071303
1061,0.16015625,1.70703125,0.109375,-0.876445082652277,218,1712915071303
1061,0.109375,1.7421875,0.1953125,-0.876445082652277,220,1712915071303
1061,0.0,1.763671875,0.33203125,-0.876445082652277,162,1712915071303
1061,0.0,1.80859375,0.29296875,-0.876445082652277,79,1712915071303
1061,0.205078125,1.623046875,0.142578125,-0.7512386422733803,40,1712915071303
1061,0.2109375,1.658203125,0.169921875,-0.7512386422733803,198,1712915071303
1061,0.21484375,1.6953125,0.16796875,-0.7512386422733803,360,1712915071303
1061,0.1640625,1.73828125,0.185546875,-0.7512386422733803,295,1712915071303
1062,0.0,1.3125,0.921875,0.0,14,1712915071403
1062,0.05078125,1.388671875,0.873046875,0.0,28,1712915071403
1062,0.0,1.4296875,0.880859375,0.0,26,1712915071403
1062,0.21484375,1.58984375,0.615234375,0.0,13,1712915071403
1062,-0.2734375,1.173828125,-1.27734375,0.0,15,1712915071403
1062,0.060546875,1.890625,-0.25,0.0,113,1712915071403
1062,0.060546875,1.935546875,-0.203125,0.0,215,1712915071403
1062,0.0625,1.978515625,-0.13671875,0.0,205,1712915071403
1062,0.0625,2.021484375,-0.0390625,0.0,97,1712915071403
1062,0.0,2.09375,0.15625,0.0,27,1712915071403
1062,0.0,2.138671875,0.021484375,0.0,33,1712915071403
1062,0.068359375,2.173828125,-0.09375,0.0,26,1712915071403
1062,0.060546875,1.88671875,-0.28125,0.12520644037889672,58,1712915071403
1062,0.12109375,1.927734375,-0.240234375,0.12520644037889672,97,1712915071403
1062,0.0625,1.966796875,-0.26171875,0.12520644037889672,72,1712915071403
1062,-0.064453125,2.04296875,0.263671875,0.12520644037889672,71,1712915071403
1062,-0.06640625,2.083984375,0.240234375,0.12520644037889672,61,1712915071403
1062,-3.55078125,0.0,-1.017578125,0.12520644037889672,26,1712915071403
1062,-3.470703125,0.740234375,-1.0546875,0.12520644037889672,25,1712915071403
1062,0.060546875,1.943359375,-0.087890625,0.25041288075779344,46,1712915071403
1062,-3.55078125,0.4921875,-0.763671875,0.25041288075779344,32,1712915071403
1062,-3.587890625,0.580078125,-0.712890625,0.25041288075779344,35,1712915071403
1062,-3.625,0.736328125,-0.56640625,0.25041288075779344,29,1712915071403
1062,-0.103515625,0.658203125,-1.5,0.37561932113669017,40,1712915071403
1062,-0.158203125,0.703125,-1.517578125,0.37561932113669017,43,1712915071403
1062,-0.16015625,0.69921875,-1.560546875,0.37561932113669017,20,1712915071403
1062,-0.150390625,0.66015625,-1.453125,0.5008257615155869,45,1712915071403
1062,-0.154296875,0.736328125,-1.458984375,0.5008257615155869,108,1712915071403
1062,-0.158203125,0.724609375,-1.5078125,0.5008257615155869,112,1712915071403
1062,-0.16015625,0.6953125,-1.5625,0.5008257615155869,52,1712915071403
1062,-0.150390625,0.833984375,-1.361328125,0.6260322018944836,49,1712915071403
1062,-0.154296875,0.9140625,-1.353515625,0.6260322018944836,115,1712915071403
1062,-0.158203125,0.935546875,-1.38671875,0.6260322018944836,118,1712915071403
1062,-0.16015625,0.931640625,-1.435546875,0.6260322018944836,54,1712915071403
1062,-0.21875,2.171875,-0.80859375,0.6260322018944836,23,1712915071403
1062,-0.1484375,2.21875,-0.8125,0.6260322018944836,25,1712915071403
1062,-0.154296875,1.318359375,-0.966796875,0.7512386422733803,26,1712915071403
1062,-0.21484375,2.130859375,-0.8125,0.7512386422733803,33,1712915071403
1062,-0.21875,2.1875,-0.76953125,0.7512386422733803,58,1712915071403
1062,-0.1484375,2.244140625,-0.740234375,0.7512386422733803,54,1712915071403
1062,-0.224609375,2.28515625,-0.71875,0.7512386422733803,27,1712915071403
1062,-0.099609375,0.349609375,1.5625,0.876445082652277,29,1712915071403
1062,-0.103515625,0.3671875,1.595703125,0.876445082652277,54,1712915071403
1062,-0.158203125,0.439453125,-1.61328125,0.876445082652277,55,1712915071403
1062,-0.21484375,0.6953125,-1.556640625,0.876445082652277,31,1712915071403
1062,-0.21484375,2.166015625,-0.716796875,0.876445082652277,31,1712915071403
1062,-0.21875,2.216796875,-0.6796875,0.876445082652277,52,1712915071403
1062,-0.22265625,2.271484375,-0.626953125,0.876445082652277,47,1712915071403
1062,-0.224609375,2.310546875,-0.626953125,0.876445082652277,21,1712915071403
1062,0.09765625,1.55078125,0.18359375,-1.0016515230311738,45,1712915071403
1062,0.099609375,1.591796875,0.15625,-1.0016515230311738,195,1712915071403
1062,0.103515625,1.6328125,0.12890625,-1.0016515230311738,326,1712915071403
1062,0.10546875,1.673828125,0.103515625,-1.0016515230311738,255,1712915071403
1062,0.107421875,1.712890625,0.0625,-1.0016515230311738,86,1712915071403
1062,0.09765625,1.53515625,0.294921875,-0.876445082652277,50,1712915071403
1062,0.099609375,1.578125,0.263671875,-0.876445082652277,212,1712915071403
1062,0.05078125,1.623046875,0.2421875,-0.876445082652277,353,1712915071403
1062,0.052734375,1.66796875,0.197265625,-0.876445082652277,273,1712915071403
1062,0.052734375,1.71484375,0.083984375,-0.876445082652277,92,1712915071403
1062,0.099609375,1.552734375,0.384765625,-0.7512386422733803,60,1712915071403
1062,0.05078125,1.611328125,0.310546875,-0.7512386422733803,102,1712915071403
1062,0.052734375,1.673828125,0.125,-0.7512386422733803,82,1712915071403
1062,-0.267578125,1.396484375,-0.962890625,-0.7512386422733803,36,1712915071403
1062,-0.330078125,1.025390625,-1.38671875,-0.7512386422733803,22,1712915071403
1063,-0.181640625,0.6328125,-1.29296875,0.0,21,1712915071504
1063,-0.185546875,0.779296875,-1.255859375,0.0,71,1712915071504
1063,-0.19140625,0.822265625,-1.271484375,0.0,89,1712915071504
1063,-0.1953125,0.859375,-1.29296875,0.0,52,1712915071504
1063,0.0,1.93359375,-0.2265625,0.0,101,1712915071504
1063,0.0,1.978515625,-0.15234375,0.0,122,1712915071504
1063,0.0625,2.017578125,-0.134765625,0.0,64,1712915071504
1063,-0.13671875,0.6796875,-1.2734375,0.12520644037889672,41,1712915071504
1063,-0.138671875,0.7421875,-1.283203125,0.12520644037889672,100,1712915071504
1063,-0.142578125,0.751953125,-1.3203125,0.12520644037889672,107,1712915071504
1063,-0.146484375,0.8046875,-1.333984375,0.12520644037889672,57,1712915071504
1063,-0.12890625,2.01171875,0.43359375,0.12520644037889672,71,1712915071504
1063,-0.13671875,0.796875,-1.205078125,0.25041288075779344,30,1712915071504
1063,-0.138671875,0.873046875,-1.197265625,0.25041288075779344,64,1712915071504
1063,-0.19140625,0.90625,-1.21484375,0.25041288075779344,66,1712915071504
1063,-0.1953125,0.91015625,-1.259765625,0.25041288075779344,34,1712915071504
1063,0.185546875,1.951171875,-0.314453125,0.25041288075779344,69,1712915071504
1063,-0.142578125,0.537109375,-1.421875,0.37561932113669017,23,1712915071504
1063,-0.146484375,0.662109375,-1.41015625,0.37561932113669017,22,1712915071504
1063,-0.236328125,1.498046875,-2.01171875,0.37561932113669017,23,1712915071504
1063,-0.16015625,1.619140625,-1.974609375,0.37561932113669017,26,1712915071504
1063,3.625,0.88671875,-0.2734375,0.37561932113669017,20,1712915071504
1063,-0.138671875,0.673828125,-1.3203125,0.5008257615155869,21,1712915071504
1063,-0.142578125,0.71875,-1.33984375,0.5008257615155869,29,1712915071504
1063,-0.146484375,0.744140625,-1.369140625,0.5008257615155869,18,1712915071504
1063,-0.138671875,0.841796875,-1.21875,0.6260322018944836,20,1712915071504
1063,-0.19140625,0.7421875,-1.3203125,0.6260322018944836,30,1712915071504
1063,-0.146484375,0.638671875,-1.421875,0.6260322018944836,25,1712915071504
1063,-0.19140625,0.84765625,-1.255859375,0.7512386422733803,19,1712915071504
1063,-0.1953125,0.833984375,-1.310546875,0.7512386422733803,19,1712915071504
1063,-0.310546875,1.935546875,-1.5234375,0.7512386422733803,24,1712915071504
1063,-0.138671875,0.669921875,-1.322265625,-0.6260322018944836,21,1712915071504
1063,-0.13671875,0.830078125,-1.181640625,-0.5008257615155869,22,1712915071504
1063,-0.185546875,0.845703125,-1.2109375,-0.5008257615155869,47,1712915071504
1063,-0.142578125,0.7265625,-1.3359375,-0.5008257615155869,44,1712915071504
1063,-4.083984375,0.0,-0.4765625,-0.5008257615155869,29,1712915071504
1063,-3.994140625,0.87109375,-0.537109375,-0.5008257615155869,32,1712915071504
1063,-4.03125,0.826171875,-0.619140625,-0.5008257615155869,22,1712915071504
1063,-0.1328125,0.765625,-1.1796875,-0.37561932113669017,18,1712915071504
1063,-0.181640625,0.873046875,-1.14453125,-0.37561932113669017,28,1712915071504
1063,-0.138671875,0.873046875,-1.19921875,-0.37561932113669017,47,1712915071504
1063,-0.142578125,0.85546875,-1.2578125,-0.37561932113669017,55,1712915071504
1063,-0.1953125,0.771484375,-1.34765625,-0.37561932113669017,33,1712915071504
1063,0.251953125,4.037109375,-0.111328125,-0.37561932113669017,23,1712915071504
1063,-4.083984375,0.0,0.1796875,-0.37561932113669017,46,1712915071504
1063,-3.994140625,1.021484375,-0.03125,-0.37561932113669017,56,1712915071504
1063,-4.03125,0.998046875,-0.263671875,-0.37561932113669017,42,1712915071504
1063,-0.13671875,0.689453125,-1.26953125,-0.25041288075779344,27,1712915071504
1063,-0.185546875,0.666015625,-1.318359375,-0.25041288075779344,58,1712915071504
1063,-0.142578125,0.69140625,-1.353515625,-0.25041288075779344,77,1712915071504
1063,-0.1953125,0.744140625,-1.36328125,-0.25041288075779344,49,1712915071504
1063,0.0,1.88671875,-0.2890625,-0.25041288075779344,32,1712915071504
1063,0.060546875,1.921875,-0.310546875,-0.25041288075779344,89,1712915071504
1063,0.0,1.95703125,-0.328125,-0.25041288075779344,124,1712915071504
1063,0.0,1.99609375,-0.326171875,-0.25041288075779344,89,1712915071504
1063,0.0,2.037109375,-0.322265625,-0.25041288075779344,35,1712915071504
1063,0.0,2.658203125,-1.06640625,-0.25041288075779344,21,1712915071504
1063,0.126953125,4.08203125,-0.109375,-0.25041288075779344,20,1712915071504
1063,-3.994140625,0.875,0.529296875,-0.25041288075779344,28,1712915071504
1063,-0.181640625,0.76953125,-1.216796875,-0.12520644037889672,21,1712915071504
1063,-0.185546875,0.814453125,-1.232421875,-0.12520644037889672,77,1712915071504
1063,-0.142578125,0.833984375,-1.271484375,-0.12520644037889672,103,1712915071504
1063,-0.1953125,0.888671875,-1.2734375,-0.12520644037889672,62,1712915071504
1063,-0.25,1.021484375,-1.2109375,-0.12520644037889672,14,1712915071504
1064,0.0390625,1.25390625,-0.11328125,0.0,28,1712915071605
1064,0.041015625,1.28515625,-0.18359375,0.0,46,1712915071605
1064,0.041015625,1.3125,-0.2421875,0.0,35,1712915071605
1064,0.04296875,1.333984375,-0.326171875,0.0,13,1712915071605
1064,0.060546875,1.861328125,-0.416015625,0.0,35,1712915071605
1064,0.060546875,1.916015625,-0.345703125,0.0,72,1712915071605
1064,0.0,1.970703125,-0.236328125,0.0,76,1712915071605
1064,-0.126953125,2.015625,0.1171875,0.0,58,1712915071605
1064,-0.193359375,2.037109375,0.2578125,0.0,78,1712915071605
1064,-0.197265625,2.083984375,0.173828125,0.0,85,1712915071605
1064,-0.1328125,2.1328125,0.080078125,0.0,50,1712915071605
1064,0.0390625,1.251953125,-0.130859375,0.12520644037889672,34,1712915071605
1064,0.041015625,1.2890625,-0.14453125,0.12520644037889672,58,1712915071605
1064,0.041015625,1.326171875,-0.15234375,0.12520644037889672,49,1712915071605
1064,0.04296875,1.365234375,-0.15234375,0.12520644037889672,23,1712915071605
1064,-0.060546875,1.87109375,-0.375,0.12520644037889672,101,1712915071605
1064,0.0,1.916015625,-0.34375,0.12520644037889672,172,1712915071605
1064,0.0,1.962890625,-0.298828125,0.12520644037889672,149,1712915071605
1064,0.0,2.01171875,-0.216796875,0.12520644037889672,73,1712915071605
1064,0.0,2.03125,-0.349609375,0.12520644037889672,50,1712915071605
1064,-0.130859375,2.09375,-0.0859375,0.12520644037889672,44,1712915071605
1064,0.0,2.134765625,0.11328125,0.12520644037889672,34,1712915071605
1064,0.0390625,1.2578125,-0.0703125,0.25041288075779344,24,1712915071605
1064,0.041015625,1.296875,-0.056640625,0.25041288075779344,41,1712915071605
1064,0.041015625,1.333984375,-0.060546875,0.25041288075779344,33,1712915071605
1064,0.04296875,1.373046875,-0.0546875,0.25041288075779344,16,1712915071605
1064,0.0,1.875,-0.353515625,0.25041288075779344,57,1712915071605
1064,0.0,1.91796875,-0.3359375,0.25041288075779344,95,1712915071605
1064,0.0,1.95703125,-0.328125,0.25041288075779344,77,1712915071605
1064,0.0625,1.96484375,-0.478515625,0.25041288075779344,42,1712915071605
1064,0.064453125,1.9921875,-0.5234375,0.25041288075779344,40,1712915071605
1064,0.0,2.08984375,-0.20703125,0.25041288075779344,35,1712915071605
1064,-0.06640625,2.1328125,0.125,0.25041288075779344,30,1712915071605
1064,0.041015625,1.296875,-0.037109375,0.37561932113669017,13,1712915071605
1064,3.615234375,1.26953125,0.431640625,0.37561932113669017,33,1712915071605
1064,-0.06640625,2.091796875,0.16015625,0.5008257615155869,25,1712915071605
1064,3.615234375,1.0546875,0.828125,0.5008257615155869,23,1712915071605
1064,-0.46484375,2.302734375,-0.796875,0.6260322018944836,19,1712915071605
1064,0.0,1.375,0.001953125,-0.6260322018944836,20,1712915071605
1064,0.0,1.375,0.0234375,-0.5008257615155869,20,1712915071605
1064,0.0,1.93359375,-0.234375,-0.5008257615155869,21,1712915071605
1064,-3.970703125,0.0,-0.8125,-0.5008257615155869,18,1712915071605
1064,3.8828125,0.498046875,-0.861328125,-0.5008257615155869,45,1712915071605
1064,3.919921875,0.498046875,-0.87109375,-0.5008257615155869,57,1712915071605
1064,3.95703125,0.138671875,-1.00390625,-0.5008257615155869,37,1712915071605
1064,0.0,1.259765625,-0.041015625,-0.37561932113669017,25,1712915071605
1064,0.0,1.296875,-0.0703125,-0.37561932113669017,22,1712915071605
1064,0.0,1.873046875,-0.3671875,-0.37561932113669017,32,1712915071605
1064,0.0,1.91796875,-0.33984375,-0.37561932113669017,64,1712915071605
1064,0.0,1.9609375,-0.306640625,-0.37561932113669017,62,1712915071605
1064,0.0,2.005859375,-0.259765625,-0.37561932113669017,33,1712915071605
1064,-3.970703125,0.0,-0.58203125,-0.37561932113669017,25,1712915071605
1064,3.8828125,0.810546875,-0.576171875,-0.37561932113669017,62,1712915071605
1064,3.919921875,0.76953125,-0.64453125,-0.37561932113669017,79,1712915071605
1064,3.95703125,0.650390625,-0.77734375,-0.37561932113669017,52,1712915071605
1064,3.994140625,0.720703125,-0.7265625,-0.37561932113669017,19,1712915071605
1064,0.0,1.2578125,-0.056640625,-0.25041288075779344,33,1712915071605
1064,0.0,1.294921875,-0.083984375,-0.25041288075779344,35,1712915071605
1064,0.041015625,1.330078125,-0.11328125,-0.25041288075779344,19,1712915071605
1064,0.12109375,1.93359375,-0.18359375,-0.25041288075779344,44,1712915071605
1064,0.0625,1.98046875,-0.1328125,-0.25041288075779344,53,1712915071605
1064,-0.0625,2.017578125,-0.12890625,-0.25041288075779344,59,1712915071605
1064,-0.193359375,2.048828125,-0.12890625,-0.25041288075779344,76,1712915071605
1064,-0.130859375,2.091796875,-0.125,-0.25041288075779344,68,1712915071605
1065,-0.1796875,1.8828125,-0.2578125,0.0,53,1712915071704
1065,-0.181640625,1.9375,-0.017578125,0.0,83,1712915071704
1065,-0.248046875,1.94921875,0.275390625,0.0,117,1712915071704
1065,-0.251953125,1.9609375,0.43359375,0.0,126,1712915071704
1065,-0.2578125,1.947265625,0.623046875,0.0,65,1712915071704
1065,-0.130859375,2.091796875,-0.115234375,0.0,44,1712915071704
1065,-0.201171875,2.12890625,0.0234375,0.0,35,1712915071704
1065,-0.119140625,1.83984375,-0.49609375,0.12520644037889672,56,1712915071704
1065,-0.12109375,1.896484375,-0.42578125,0.12520644037889672,84,1712915071704
1065,-0.125,1.978515625,-0.115234375,0.12520644037889672,59,1712915071704
1065,-0.119140625,1.806640625,-0.6015625,0.25041288075779344,75,1712915071704
1065,-0.060546875,1.861328125,-0.568359375,0.25041288075779344,137,1712915071704
1065,-0.0625,1.916015625,-0.513671875,0.25041288075779344,111,1712915071704
1065,0.0,2.01171875,-0.21875,0.25041288075779344,32,1712915071704
1065,-0.060546875,1.794921875,-0.6484375,0.37561932113669017,76,1712915071704
1065,-0.060546875,1.853515625,-0.59375,0.37561932113669017,136,1712915071704
1065,-0.0625,1.904296875,-0.556640625,0.37561932113669017,126,1712915071704
1065,0.0,1.95703125,-0.51171875,0.37561932113669017,54,1712915071704
1065,0.0,1.791015625,-0.658203125,0.5008257615155869,40,1712915071704
1065,-0.060546875,1.8515625,-0.6015625,0.5008257615155869,77,1712915071704
1065,-0.0625,1.90625,-0.55078125,0.5008257615155869,82,1712915071704
1065,0.0,1.955078125,-0.51953125,0.5008257615155869,50,1712915071704
1065,3.54296875,0.8046875,-1.041015625,0.5008257615155869,28,1712915071704
1065,3.578125,0.865234375,-1.0078125,0.5008257615155869,25,1712915071704
1065,0.0,1.845703125,-0.62109375,0.6260322018944836,30,1712915071704
1065,0.0,1.91015625,-0.541015625,0.6260322018944836,39,1712915071704
1065,0.0,1.96875,-0.462890625,0.6260322018944836,27,1712915071704
1065,3.6328125,1.66015625,-0.341796875,-0.6260322018944836,22,1712915071704
1065,3.79296875,1.318359375,-0.49609375,-0.6260322018944836,17,1712915071704
1065,3.72265625,1.380859375,0.01171875,-0.5008257615155869,39,1712915071704
1065,3.7578125,1.39453125,-0.05859375,-0.5008257615155869,51,1712915071704
1065,3.79296875,1.40625,-0.076171875,-0.5008257615155869,40,1712915071704
1065,-0.248046875,1.966796875,0.107421875,-0.37561932113669017,24,1712915071704
1065,-0.251953125,2.0078125,0.0,-0.37561932113669017,46,1712915071704
1065,-0.2578125,2.044921875,-0.01953125,-0.37561932113669017,43,1712915071704
1065,-0.26171875,2.083984375,0.013671875,-0.37561932113669017,18,1712915071704
1065,3.59765625,1.671875,0.138671875,-0.37561932113669017,23,1712915071704
1065,-2.755859375,0.0,3.85546875,-0.37561932113669017,32,1712915071704
1065,3.66796875,1.681640625,0.314453125,-0.37561932113669017,25,1712915071704
1065,-0.119140625,1.865234375,-0.38671875,-0.25041288075779344,29,1712915071704
1065,-0.181640625,1.93359375,-0.142578125,-0.25041288075779344,63,1712915071704
1065,-0.185546875,1.9765625,0.05078125,-0.25041288075779344,146,1712915071704
1065,-0.251953125,2.00390625,0.11328125,-0.25041288075779344,204,1712915071704
1065,-0.322265625,2.02734375,0.18359375,-0.25041288075779344,129,1712915071704
1065,0.06640625,1.560546875,-1.404296875,-0.25041288075779344,23,1712915071704
1065,-0.1328125,2.1171875,-0.271484375,-0.25041288075779344,31,1712915071704
1065,-0.119140625,1.888671875,-0.24609375,-0.12520644037889672,61,1712915071704
1065,-0.181640625,1.935546875,-0.099609375,-0.12520644037889672,116,1712915071704
1065,-0.185546875,1.97265625,0.125,-0.12520644037889672,214,1712915071704
1065,-0.251953125,1.9921875,0.24609375,-0.12520644037889672,266,1712915071704
1065,-0.322265625,1.99609375,0.400390625,-0.12520644037889672,136,1712915071704
1065,-0.130859375,2.0625,-0.37109375,-0.12520644037889672,77,1712915071704
1065,-0.1328125,2.1328125,-0.080078125,-0.12520644037889672,70,1712915071704
1065,-0.822265625,0.0,-2.01953125,0.25041288075779344,19,1712915071704
1065,-2.755859375,0.0,3.630859375,-0.6260322018944836,19,1712915071704
1065,-2.78125,0.0,3.65625,-0.6260322018944836,14,1712915071704
1065,-2.73046875,0.0,3.806640625,-0.5008257615155869,34,1712915071704
1065,-2.755859375,0.0,3.880859375,-0.5008257615155869,47,1712915071704
1065,-2.78125,0.0,3.904296875,-0.5008257615155869,35,1712915071704
1065,-2.853515625,0.0,3.685546875,-0.37561932113669017,22,1712915071704
1065,3.6328125,1.689453125,0.123046875,-0.37561932113669017,31,1712915071704
1065,-2.908203125,0.0,3.955078125,-0.37561932113669017,25,1712915071704
1065,-0.58984375,1.8671875,0.755859375,-0.25041288075779344,22,1712915071704
1066,-0.115234375,1.7890625,-0.37890625,0.0,37,1712915071805
1066,-0.1171875,1.8203125,-0.41015625,0.0,76,1712915071805
1066,0.0,1.880859375,-0.3203125,0.0,28,1712915071805
1066,-0.244140625,1.87109375,-0.478515625,0.0,116,1712915071805
1066,-0.185546875,1.9140625,-0.4921875,0.0,129,1712915071805
1066,-0.126953125,2.0078125,-0.216796875,0.0,54,1712915071805
1066,-0.2578125,2.029296875,0.25390625,0.0,47,1712915071805
1066,-0.328125,2.0625,0.216796875,0.0,45,1712915071805
1066,-0.333984375,2.076171875,0.3828125,0.0,16,1712915071805
1066,3.564453125,1.625,0.3515625,0.0,10,1712915071805
1066,3.474609375,1.85546875,0.501953125,0.0,11,1712915071805
1066,-0.171875,1.80859375,-0.236328125,0.12520644037889672,64,1712915071805
1066,-0.17578125,1.849609375,-0.216796875,0.12520644037889672,131,1712915071805
1066,0.0,1.90625,-0.0859375,0.12520644037889672,57,1712915071805
1066,-0.244140625,1.90234375,-0.3359375,0.12520644037889672,225,1712915071805
1066,-0.185546875,1.9609375,-0.2421875,0.12520644037889672,246,1712915071805
1066,-0.31640625,1.953125,-0.419921875,0.12520644037889672,96,1712915071805
1066,-0.38671875,1.953125,-0.533203125,0.12520644037889672,77,1712915071805
1066,-0.328125,2.009765625,-0.513671875,0.12520644037889672,50,1712915071805
1066,3.40625,1.8671875,0.26171875,0.12520644037889672,20,1712915071805
1066,-0.171875,1.814453125,-0.181640625,0.25041288075779344,64,1712915071805
1066,-0.1171875,1.857421875,-0.181640625,0.25041288075779344,134,1712915071805
1066,-0.119140625,1.89453125,-0.197265625,0.25041288075779344,113,1712915071805
1066,-0.244140625,1.9140625,-0.267578125,0.25041288075779344,192,1712915071805
1066,-0.248046875,1.9609375,-0.193359375,0.25041288075779344,202,1712915071805
1066,-0.31640625,1.98046875,-0.265625,0.25041288075779344,90,1712915071805
1066,-0.38671875,1.966796875,-0.48046875,0.25041288075779344,49,1712915071805
1066,-0.328125,2.02734375,-0.439453125,0.25041288075779344,31,1712915071805
1066,-0.171875,1.822265625,-0.1015625,0.37561932113669017,39,1712915071805
1066,-0.17578125,1.857421875,-0.130859375,0.37561932113669017,89,1712915071805
1066,-0.119140625,1.900390625,-0.1328125,0.37561932113669017,89,1712915071805
1066,-0.244140625,1.91796875,-0.232421875,0.37561932113669017,63,1712915071805
1066,-0.310546875,1.951171875,-0.185546875,0.37561932113669017,61,1712915071805
1066,-0.31640625,1.990234375,-0.17578125,0.37561932113669017,29,1712915071805
1066,-0.234375,1.85546875,-0.048828125,0.5008257615155869,20,1712915071805
1066,-0.23828125,1.892578125,-0.0703125,0.5008257615155869,19,1712915071805
1066,3.458984375,0.869140625,-1.359375,0.5008257615155869,21,1712915071805
1066,3.373046875,1.40234375,-1.232421875,0.5008257615155869,27,1712915071805
1066,3.40625,1.416015625,-1.244140625,0.5008257615155869,19,1712915071805
1066,0.16796875,1.29296875,1.234375,0.6260322018944836,20,1712915071805
1066,3.25390625,1.82421875,-0.9765625,0.6260322018944836,23,1712915071805
1066,0.1640625,1.158203125,1.310546875,0.7512386422733803,24,1712915071805
1066,0.111328125,1.267578125,1.263671875,0.7512386422733803,32,1712915071805
1066,0.056640625,1.40625,1.173828125,0.7512386422733803,23,1712915071805
1066,0.109375,1.02734375,1.419921875,0.876445082652277,17,1712915071805
1066,0.111328125,1.23828125,1.29296875,0.876445082652277,23,1712915071805
1066,3.685546875,1.029296875,-0.90234375,-0.5008257615155869,38,1712915071805
1066,3.72265625,1.14453125,-0.775390625,-0.5008257615155869,46,1712915071805
1066,3.6328125,1.51953125,-0.751953125,-0.5008257615155869,28,1712915071805
1066,-0.3046875,1.923828125,0.0234375,-0.37561932113669017,25,1712915071805
1066,-0.248046875,1.96875,0.001953125,-0.37561932113669017,57,1712915071805
1066,-0.31640625,1.998046875,-0.056640625,-0.37561932113669017,61,1712915071805
1066,-0.2578125,2.04296875,-0.10546875,-0.37561932113669017,34,1712915071805
1066,-2.798828125,0.0,3.05078125,-0.37561932113669017,28,1712915071805
1066,-2.826171875,0.0,3.123046875,-0.37561932113669017,60,1712915071805
1066,-2.853515625,0.0,3.23046875,-0.37561932113669017,65,1712915071805
1066,-3.005859375,0.0,3.177734375,-0.37561932113669017,38,1712915071805
1066,-0.3046875,1.908203125,0.2421875,-0.25041288075779344,63,1712915071805
1066,-0.310546875,1.955078125,0.146484375,-0.25041288075779344,156,1712915071805
1066,-0.37890625,1.98046875,0.154296875,-0.25041288075779344,126,1712915071805
1066,-0.328125,2.064453125,-0.193359375,-0.25041288075779344,41,1712915071805
1066,-0.400390625,2.099609375,-0.04296875,-0.25041288075779344,28,1712915071805
1066,-2.94921875,0.0,3.2109375,-0.25041288075779344,36,1712915071805
1066,-2.978515625,0.0,3.212890625,-0.25041288075779344,43,1712915071805
1067,-0.171875,1.796875,-0.310546875,0.0,24,1712915071905
1067,-0.234375,1.81640625,-0.380859375,0.0,89,1712915071905
1067,-0.23828125,1.833984375,-0.474609375,0.0,169,1712915071905
1067,-0.181640625,1.85546875,-0.5625,0.0,200,1712915071905
1067,-0.185546875,1.859375,-0.671875,0.0,147,1712915071905
1067,-0.126953125,1.875,-0.748046875,0.0,63,1712915071905
1067,-0.451171875,2.00390625,0.171875,0.0,30,1712915071905
1067,3.529296875,1.611328125,0.337890625,0.0,13,1712915071905
1067,3.44140625,1.869140625,0.361328125,0.0,17,1712915071905
1067,-0.228515625,1.810546875,-0.162109375,0.12520644037889672,56,1712915071905
1067,-0.234375,1.84765625,-0.185546875,0.12520644037889672,201,1712915071905
1067,-0.23828125,1.8828125,-0.212890625,0.12520644037889672,354,1712915071905
1067,-0.3046875,1.91015625,-0.228515625,0.12520644037889672,410,1712915071905
1067,-0.310546875,1.955078125,-0.15625,0.12520644037889672,354,1712915071905
1067,-0.251953125,2.0078125,-0.013671875,0.12520644037889672,213,1712915071905
1067,-0.322265625,1.994140625,0.416015625,0.12520644037889672,92,1712915071905
1067,-0.228515625,1.81640625,-0.0546875,0.25041288075779344,45,1712915071905
1067,-0.234375,1.8515625,-0.119140625,0.25041288075779344,191,1712915071905
1067,-0.23828125,1.884765625,-0.18359375,0.25041288075779344,385,1712915071905
1067,-0.244140625,1.919921875,-0.208984375,0.25041288075779344,430,1712915071905
1067,-0.248046875,1.962890625,-0.171875,0.25041288075779344,290,1712915071905
1067,-0.31640625,1.990234375,-0.181640625,0.25041288075779344,147,1712915071905
1067,-0.322265625,1.98046875,-0.474609375,0.25041288075779344,66,1712915071905
1067,3.318359375,2.08984375,0.2890625,0.25041288075779344,25,1712915071905
1067,3.349609375,2.12109375,0.197265625,0.25041288075779344,22,1712915071905
1067,-0.228515625,1.806640625,-0.19921875,0.37561932113669017,25,1712915071905
1067,-0.17578125,1.84375,-0.2578125,0.37561932113669017,173,1712915071905
1067,-0.23828125,1.873046875,-0.275390625,0.37561932113669017,409,1712915071905
1067,-0.181640625,1.91796875,-0.275390625,0.37561932113669017,455,1712915071905
1067,-0.185546875,1.958984375,-0.26953125,0.37561932113669017,237,1712915071905
1067,-0.251953125,1.98828125,-0.271484375,0.37561932113669017,61,1712915071905
1067,-0.29296875,1.845703125,-0.09765625,0.5008257615155869,81,1712915071905
1067,-0.298828125,1.880859375,-0.125,0.5008257615155869,185,1712915071905
1067,-0.244140625,1.92578125,-0.154296875,0.5008257615155869,201,1712915071905
1067,-0.248046875,1.9609375,-0.18359375,0.5008257615155869,101,1712915071905
1067,-0.189453125,2.0,-0.244140625,0.5008257615155869,20,1712915071905
1067,3.42578125,1.431640625,-0.708984375,0.5008257615155869,25,1712915071905
1067,3.458984375,1.373046875,-0.849609375,0.5008257615155869,19,1712915071905
1067,-0.1171875,1.8359375,-0.33984375,0.6260322018944836,23,1712915071905
1067,-0.1796875,1.869140625,-0.34375,0.6260322018944836,74,1712915071905
1067,-0.181640625,1.9140625,-0.30859375,0.6260322018944836,102,1712915071905
1067,-0.185546875,1.95703125,-0.28125,0.6260322018944836,72,1712915071905
1067,-0.189453125,1.9921875,-0.298828125,0.6260322018944836,23,1712915071905
1067,3.42578125,1.482421875,-0.595703125,0.6260322018944836,22,1712915071905
1067,-0.1171875,1.7265625,-0.712890625,0.7512386422733803,22,1712915071905
1067,-0.119140625,1.77734375,-0.685546875,0.7512386422733803,46,1712915071905
1067,-0.181640625,1.84765625,-0.583984375,0.7512386422733803,49,1712915071905
1067,-0.185546875,1.90625,-0.521484375,0.7512386422733803,29,1712915071905
1067,-0.17578125,1.791015625,-0.51171875,0.876445082652277,21,1712915071905
1067,-0.119140625,1.857421875,-0.419921875,0.876445082652277,46,1712915071905
1067,-0.181640625,1.90625,-0.3515625,0.876445082652277,50,1712915071905
1067,-0.248046875,1.951171875,-0.2734375,0.876445082652277,25,1712915071905
1067,0.0,1.26953125,-2.220703125,-0.6260322018944836,19,1712915071905
1067,0.0,1.330078125,-2.228515625,-0.6260322018944836,18,1712915071905
1067,0.0,0.900390625,-2.353515625,-0.5008257615155869,19,1712915071905
1067,0.0,1.37109375,-2.158203125,-0.5008257615155869,28,1712915071905
1067,0.0,1.85546875,-1.81640625,-0.5008257615155869,21,1712915071905
1067,-0.853515625,2.263671875,-0.556640625,-0.37561932113669017,26,1712915071905
1067,-0.865234375,2.306640625,-0.53125,-0.37561932113669017,29,1712915071905
1067,-0.42578125,1.900390625,0.03515625,-0.25041288075779344,27,1712915071905
1067,-0.373046875,1.947265625,0.1171875,-0.25041288075779344,59,1712915071905
1067,-0.443359375,1.9609375,0.23828125,-0.25041288075779344,52,1712915071905
1067,-0.451171875,2.005859375,0.138671875,-0.25041288075779344,31,1712915071905
1067,-0.853515625,2.287109375,-0.451171875,-0.25041288075779344,28,1712915071905
1068,-0.29296875,1.8203125,-0.3125,0.0,23,1712915072005
1068,-0.23828125,1.875,-0.26171875,0.0,49,1712915072005
1068,-0.365234375,1.890625,-0.291015625,0.0,111,1712915072005
1068,-0.373046875,1.923828125,-0.318359375,0.0,204,1712915072005
1068,-0.37890625,1.986328125,0.060546875,0.0,181,1712915072005
1068,-0.451171875,1.98828125,0.310546875,0.0,89,1712915072005
1068,-0.39453125,2.0625,0.03125,0.0,27,1712915072005
1068,-3.1328125,0.0,-3.765625,0.0,18,1712915072005
1068,-3.1640625,0.0,-3.689453125,0.0,25,1712915072005
1068,-3.1953125,0.0,-3.6015625,0.0,18,1712915072005
1068,-0.29296875,1.841796875,-0.158203125,0.12520644037889672,56,1712915072005
1068,-0.298828125,1.873046875,-0.21484375,0.12520644037889672,167,1712915072005
1068,-0.3046875,1.890625,-0.353515625,0.12520644037889672,280,1712915072005
1068,-0.373046875,1.89453125,-0.4609375,0.12520644037889672,352,1712915072005
1068,-0.37890625,1.9609375,0.318359375,0.12520644037889672,335,1712915072005
1068,-0.38671875,2.0078125,0.267578125,0.12520644037889672,240,1712915072005
1068,-0.328125,2.07421875,0.009765625,0.12520644037889672,113,1712915072005
1068,-0.572265625,2.216796875,-0.029296875,0.12520644037889672,59,1712915072005
1068,-0.34375,1.80078125,0.0078125,0.25041288075779344,21,1712915072005
1068,-0.29296875,1.84765625,-0.041015625,0.25041288075779344,182,1712915072005
1068,-0.298828125,1.884765625,-0.07421875,0.25041288075779344,490,1712915072005
1068,-0.3046875,1.91796875,-0.12890625,0.25041288075779344,607,1712915072005
1068,-0.310546875,1.931640625,-0.341796875,0.25041288075779344,342,1712915072005
1068,-0.505859375,1.744140625,0.892578125,0.25041288075779344,174,1712915072005
1068,-0.451171875,1.986328125,0.314453125,0.25041288075779344,219,1712915072005
1068,-0.39453125,2.05859375,0.134765625,0.25041288075779344,151,1712915072005
1068,-0.333984375,2.111328125,0.03515625,0.25041288075779344,62,1712915072005
1068,3.306640625,1.701171875,-0.67578125,0.25041288075779344,31,1712915072005
1068,3.33984375,1.712890625,-0.693359375,0.25041288075779344,43,1712915072005
1068,3.373046875,1.720703125,-0.72265625,0.25041288075779344,30,1712915072005
1068,-0.29296875,1.845703125,0.078125,0.37561932113669017,139,1712915072005
1068,-0.298828125,1.884765625,0.0546875,0.37561932113669017,361,1712915072005
1068,-0.3046875,1.923828125,0.02734375,0.37561932113669017,427,1712915072005
1068,-0.310546875,1.9609375,-0.037109375,0.37561932113669017,234,1712915072005
1068,-0.251953125,1.984375,-0.296875,0.37561932113669017,25,1712915072005
1068,-0.38671875,2.013671875,0.216796875,0.37561932113669017,84,1712915072005
1068,-0.39453125,2.0546875,0.181640625,0.37561932113669017,78,1712915072005
1068,-0.400390625,2.09375,0.15234375,0.37561932113669017,45,1712915072005
1068,3.306640625,1.78515625,-0.40625,0.37561932113669017,29,1712915072005
1068,3.33984375,1.802734375,-0.41015625,0.37561932113669017,41,1712915072005
1068,3.373046875,1.818359375,-0.419921875,0.37561932113669017,29,1712915072005
1068,-0.3515625,1.822265625,0.234375,0.5008257615155869,21,1712915072005
1068,-0.357421875,1.865234375,0.18359375,0.5008257615155869,52,1712915072005
1068,-0.365234375,1.904296875,0.177734375,0.5008257615155869,60,1712915072005
1068,-0.373046875,1.935546875,0.228515625,0.5008257615155869,33,1712915072005
1068,-1.1015625,2.19140625,-0.578125,-0.6260322018944836,17,1712915072005
1068,-1.1640625,2.15625,-0.392578125,-0.5008257615155869,24,1712915072005
1068,-1.1015625,2.228515625,-0.40625,-0.5008257615155869,48,1712915072005
1068,-1.119140625,2.2578125,-0.439453125,-0.5008257615155869,45,1712915072005
1068,-1.134765625,2.28515625,-0.48046875,-0.5008257615155869,21,1712915072005
1068,-1.0859375,2.19140625,-0.42578125,-0.37561932113669017,37,1712915072005
1068,-1.1015625,2.23828125,-0.35546875,-0.37561932113669017,53,1712915072005
1068,-1.119140625,2.275390625,-0.33984375,-0.37561932113669017,48,1712915072005
1068,-1.134765625,2.3046875,-0.376953125,-0.37561932113669017,23,1712915072005
1068,-0.916015625,2.2265625,-0.4140625,-0.25041288075779344,35,1712915072005
1068,-0.9296875,2.26953125,-0.376953125,-0.25041288075779344,51,1712915072005
1068,-0.9453125,2.3125,-0.328125,-0.25041288075779344,43,1712915072005
1068,-1.119140625,2.287109375,-0.25,-0.25041288075779344,23,1712915072005
1068,-3.01171875,0.0,3.509765625,-0.25041288075779344,30,1712915072005
1068,-3.04296875,0.0,3.53515625,-0.25041288075779344,44,1712915072005
1068,-3.072265625,0.0,3.701171875,-0.25041288075779344,32,1712915072005
1068,-0.373046875,1.6875,-0.9765625,-0.12520644037889672,20,1712915072005
1068,-0.251953125,1.76171875,-0.962890625,-0.12520644037889672,20,1712915072005
1068,-0.38671875,1.86328125,-0.791015625,-0.12520644037889672,21,1712915072005
1069,-0.357421875,1.84765625,-0.318359375,0.0,42,1712915072105
1069,-0.365234375,1.88671875,-0.3125,0.0,125,1712915072105
1069,-0.373046875,1.923828125,-0.322265625,0.0,196,1712915072105
1069,-0.443359375,1.955078125,-0.27734375,0.0,159,1712915072105
1069,-0.515625,1.994140625,-0.08203125,0.0,63,1712915072105
1069,-0.916015625,2.244140625,-0.30859375,0.0,83,1712915072105
1069,-1.0078125,2.251953125,-0.267578125,0.0,83,1712915072105
1069,-1.0234375,2.29296875,-0.208984375,0.0,40,1712915072105
1069,-0.3515625,1.818359375,-0.265625,0.12520644037889672,26,1712915072105
1069,-0.298828125,1.873046875,-0.216796875,0.12520644037889672,139,1712915072105
1069,-0.365234375,1.900390625,-0.208984375,0.12520644037889672,314,1712915072105
1069,-0.373046875,1.939453125,-0.208984375,0.12520644037889672,402,1712915072105
1069,-0.443359375,1.96875,-0.142578125,0.12520644037889672,264,1712915072105
1069,-0.515625,1.966796875,0.34375,0.12520644037889672,59,1712915072105
1069,-0.328125,1.814453125,-1.00390625,0.12520644037889672,45,1712915072105
1069,-0.29296875,1.845703125,-0.080078125,0.25041288075779344,39,1712915072105
1069,-0.357421875,1.873046875,-0.0859375,0.25041288075779344,214,1712915072105
1069,-0.3046875,1.919921875,-0.111328125,0.25041288075779344,450,1712915072105
1069,-0.373046875,1.947265625,-0.111328125,0.25041288075779344,487,1712915072105
1069,-0.443359375,1.97265625,-0.09375,0.25041288075779344,266,1712915072105
1069,0.580078125,0.693359375,1.853515625,0.25041288075779344,28,1712915072105
1069,3.220703125,1.94140625,-0.65625,0.25041288075779344,21,1712915072105
1069,3.25390625,2.0,-0.53515625,0.25041288075779344,27,1712915072105
1069,-0.29296875,1.84765625,-0.044921875,0.37561932113669017,23,1712915072105
1069,-0.357421875,1.875,0.02734375,0.37561932113669017,135,1712915072105
1069,-0.365234375,1.912109375,0.0234375,0.37561932113669017,293,1712915072105
1069,-0.373046875,1.94921875,0.01953125,0.37561932113669017,322,1712915072105
1069,-0.443359375,1.974609375,0.021484375,0.37561932113669017,204,1712915072105
1069,-0.515625,1.9921875,-0.115234375,0.37561932113669017,60,1712915072105
1069,-0.39453125,1.986328125,0.5546875,0.37561932113669017,60,1712915072105
1069,-0.400390625,2.00390625,0.626953125,0.37561932113669017,65,1712915072105
1069,-0.4765625,2.0390625,0.591796875,0.37561932113669017,28,1712915072105
1069,3.220703125,2.0078125,-0.40625,0.37561932113669017,25,1712915072105
1069,3.373046875,1.83203125,-0.35546875,0.37561932113669017,31,1712915072105
1069,3.28515625,2.080078125,-0.1953125,0.37561932113669017,23,1712915072105
1069,-0.357421875,1.873046875,0.076171875,0.5008257615155869,21,1712915072105
1069,-0.365234375,1.90625,0.142578125,0.5008257615155869,51,1712915072105
1069,-0.43359375,1.9296875,0.158203125,0.5008257615155869,66,1712915072105
1069,-0.443359375,1.96484375,0.189453125,0.5008257615155869,52,1712915072105
1069,-0.515625,1.994140625,0.08203125,0.5008257615155869,22,1712915072105
1069,-0.400390625,1.703125,1.228515625,0.5008257615155869,20,1712915072105
1069,-0.357421875,1.6953125,-0.80078125,-0.6260322018944836,24,1712915072105
1069,-0.365234375,1.75,-0.771484375,-0.6260322018944836,30,1712915072105
1069,-0.310546875,1.802734375,-0.76953125,-0.6260322018944836,20,1712915072105
1069,-0.3515625,1.6953125,-0.708984375,-0.5008257615155869,20,1712915072105
1069,-0.298828125,1.759765625,-0.677734375,-0.5008257615155869,63,1712915072105
1069,-0.365234375,1.802734375,-0.638671875,-0.5008257615155869,89,1712915072105
1069,-0.373046875,1.849609375,-0.6171875,-0.5008257615155869,66,1712915072105
1069,-0.37890625,1.90234375,-0.57421875,-0.5008257615155869,25,1712915072105
1069,-1.240234375,2.130859375,-0.2734375,-0.5008257615155869,29,1712915072105
1069,-1.259765625,2.1640625,-0.28515625,-0.5008257615155869,20,1712915072105
1069,-0.234375,1.728515625,-0.67578125,-0.37561932113669017,31,1712915072105
1069,-0.298828125,1.791015625,-0.58984375,-0.37561932113669017,107,1712915072105
1069,-0.365234375,1.826171875,-0.56640625,-0.37561932113669017,156,1712915072105
1069,-0.310546875,1.875,-0.57421875,-0.37561932113669017,118,1712915072105
1069,-0.31640625,1.916015625,-0.56640625,-0.37561932113669017,40,1712915072105
1069,-1.240234375,2.11328125,-0.39453125,-0.37561932113669017,27,1712915072105
1069,-1.259765625,2.16796875,-0.251953125,-0.37561932113669017,21,1712915072105
1069,-0.234375,1.76953125,-0.556640625,-0.25041288075779344,32,1712915072105
1069,-0.298828125,1.818359375,-0.501953125,-0.25041288075779344,110,1712915072105
1069,-0.3046875,1.857421875,-0.498046875,-0.25041288075779344,168,1712915072105
1069,-0.310546875,1.89453125,-0.505859375,-0.25041288075779344,132,1712915072105
1069,-0.31640625,1.92578125,-0.53515625,-0.25041288075779344,54,1712915072105
1069,-0.9765625,2.11328125,-0.603515625,-0.25041288075779344,22,1712915072105
1070,-0.365234375,1.869140625,-0.408203125,0.0,36,1712915072205
1070,-0.43359375,1.875,-0.484375,0.0,73,1712915072205
1070,-0.37890625,1.93359375,-0.462890625,0.0,98,1712915072205
1070,-0.451171875,1.94921875,-0.494140625,0.0,83,1712915072205
1070,-0.458984375,1.970703125,-0.5625,0.0,39,1712915072205
1070,-0.466796875,2.04296875,-0.419921875,0.0,22,1712915072205
1070,-0.9921875,2.1796875,-0.482421875,0.0,45,1712915072205
1070,-1.0078125,2.2265625,-0.427734375,0.0,54,1712915072205
1070,-0.9453125,2.283203125,-0.490234375,0.0,28,1712915072205
1070,-3.220703125,0.0,3.560546875,0.0,23,1712915072205
1070,-3.25390625,0.0,3.7109375,0.0,46,1712915072205
1070,-3.1640625,0.0,3.78125,0.0,49,1712915072205
1070,-3.072265625,0.0,-3.85546875,0.0,34,1712915072205
1070,-2.978515625,0.0,-3.482421875,0.0,16,1712915072205
1070,-0.42578125,1.865234375,-0.35546875,0.12520644037889672,91,1712915072205
1070,-0.43359375,1.900390625,-0.37109375,0.12520644037889672,261,1712915072205
1070,-0.443359375,1.94140625,-0.357421875,0.12520644037889672,396,1712915072205
1070,-0.515625,1.97265625,-0.298828125,0.12520644037889672,347,1712915072205
1070,-0.458984375,2.041015625,-0.177734375,0.12520644037889672,200,1712915072205
1070,-0.53515625,2.0703125,-0.0234375,0.12520644037889672,85,1712915072205
1070,-0.9921875,2.21484375,-0.279296875,0.12520644037889672,101,1712915072205
1070,-1.0078125,2.251953125,-0.259765625,0.12520644037889672,114,1712915072205
1070,-1.0234375,2.27734375,-0.3359375,0.12520644037889672,59,1712915072205
1070,-0.486328125,1.8671875,-0.265625,0.25041288075779344,90,1712915072205
1070,-0.43359375,1.919921875,-0.255859375,0.25041288075779344,302,1712915072205
1070,-0.443359375,1.9609375,-0.2265625,0.25041288075779344,527,1712915072205
1070,-0.451171875,2.005859375,-0.150390625,0.25041288075779344,525,1712915072205
1070,-0.525390625,2.033203125,-0.0078125,0.25041288075779344,368,1712915072205
1070,-0.53515625,2.068359375,0.091796875,0.25041288075779344,204,1712915072205
1070,-0.544921875,2.107421875,0.041015625,0.25041288075779344,75,1712915072205
1070,-0.9921875,2.2265625,-0.162109375,0.25041288075779344,72,1712915072205
1070,-1.0078125,2.263671875,-0.138671875,0.25041288075779344,80,1712915072205
1070,-0.55859375,1.90234375,-0.103515625,0.37561932113669017,97,1712915072205
1070,-0.505859375,1.958984375,-0.046875,0.37561932113669017,246,1712915072205
1070,-0.515625,1.99609375,0.001953125,0.37561932113669017,279,1712915072205
1070,-0.525390625,2.029296875,0.123046875,0.37561932113669017,214,1712915072205
1070,-0.53515625,2.05859375,0.212890625,0.37561932113669017,130,1712915072205
1070,-0.611328125,2.076171875,0.224609375,0.37561932113669017,42,1712915072205
1070,-0.43359375,1.931640625,0.1328125,0.5008257615155869,38,1712915072205
1070,-0.505859375,1.951171875,0.185546875,0.5008257615155869,58,1712915072205
1070,-0.515625,1.98828125,0.181640625,0.5008257615155869,53,1712915072205
1070,-0.58984375,1.998046875,0.2578125,0.5008257615155869,25,1712915072205
1070,-1.27734375,2.03515625,0.09765625,-0.5008257615155869,34,1712915072205
1070,-1.220703125,2.11328125,0.087890625,-0.5008257615155869,43,1712915072205
1070,-1.318359375,2.1015625,0.048828125,-0.5008257615155869,25,1712915072205
1070,-1.109375,2.08984375,-0.0625,-0.37561932113669017,41,1712915072205
1070,-1.203125,2.08203125,0.076171875,-0.37561932113669017,57,1712915072205
1070,-1.220703125,2.109375,0.17578125,-0.37561932113669017,63,1712915072205
1070,-1.318359375,2.099609375,0.123046875,-0.37561932113669017,48,1712915072205
1070,-1.18359375,2.044921875,0.146484375,-0.25041288075779344,71,1712915072205
1070,-1.203125,2.078125,0.14453125,-0.25041288075779344,81,1712915072205
1070,-1.220703125,2.09765625,0.271484375,-0.25041288075779344,40,1712915072205
1070,-1.318359375,2.0703125,0.36328125,-0.25041288075779344,30,1712915072205
1070,-3.1015625,0.0,3.017578125,-0.25041288075779344,29,1712915072205
1070,-3.1328125,0.0,3.158203125,-0.25041288075779344,59,1712915072205
1070,-3.04296875,0.0,3.283203125,-0.25041288075779344,70,1712915072205
1070,-2.94921875,0.0,3.42578125,-0.25041288075779344,55,1712915072205
1070,-2.978515625,0.0,3.41796875,-0.25041288075779344,30,1712915072205
1070,-0.373046875,1.875,-0.537109375,-0.12520644037889672,17,1712915072205
1070,-0.505859375,1.875,-0.5703125,-0.12520644037889672,21,1712915072205
1070,-0.38671875,1.919921875,-0.642578125,-0.12520644037889672,23,1712915072205
1070,-0.525390625,1.97265625,-0.48828125,-0.12520644037889672,17,1712915072205
1070,-1.2578125,1.970703125,0.373046875,-0.12520644037889672,32,1712915072205
1070,-1.27734375,2.017578125,0.28125,-0.12520644037889672,36,1712915072205
1071,-0.55859375,1.865234375,-0.3828125,0.0,15,1712915072306
1071,-0.568359375,1.904296875,-0.376953125,0.0,27,1712915072306
1071,-0.466796875,2.0390625,-0.4375,0.0,25,1712915072306
1071,-0.544921875,2.068359375,-0.396484375,0.0,30,1712915072306
1071,-1.109375,2.08984375,-0.0390625,0.0,26,1712915072306
1071,-1.203125,2.08203125,0.021484375,0.0,35,1712915072306
1071,-1.220703125,2.115234375,0.0390625,0.0,29,1712915072306
1071,-3.373046875,0.0,-3.763671875,0.0,11,1712915072306
1071,-0.49609375,1.85546875,-0.5,0.12520644037889672,42,1712915072306
1071,-0.505859375,1.90234375,-0.466796875,0.12520644037889672,89,1712915072306
1071,-0.515625,1.94140625,-0.4609375,0.12520644037889672,96,1712915072306
1071,-0.525390625,1.958984375,-0.541015625,0.12520644037889672,59,1712915072306
1071,-0.53515625,2.029296875,-0.40625,0.12520644037889672,26,1712915072306
1071,-1.27734375,2.02734375,0.2109375,0.12520644037889672,64,1712915072306
1071,-1.298828125,2.0625,0.17578125,0.12520644037889672,43,1712915072306
1071,-1.0859375,2.203125,-0.359375,0.12520644037889672,49,1712915072306
1071,-1.1015625,2.23828125,-0.35546875,0.12520644037889672,44,1712915072306
1071,-0.486328125,1.859375,-0.30859375,0.25041288075779344,31,1712915072306
1071,-0.55859375,1.88671875,-0.267578125,0.25041288075779344,146,1712915072306
1071,-0.568359375,1.923828125,-0.267578125,0.25041288075779344,255,1712915072306
1071,-0.580078125,1.951171875,-0.328125,0.25041288075779344,200,1712915072306
1071,-0.458984375,1.951171875,-0.625,0.25041288075779344,108,1712915072306
1071,-0.6015625,2.048828125,-0.09375,0.25041288075779344,150,1712915072306
1071,-0.611328125,2.087890625,0.01953125,0.25041288075779344,174,1712915072306
1071,-0.623046875,2.123046875,0.103515625,0.25041288075779344,82,1712915072306
1071,-0.9921875,2.197265625,-0.396484375,0.25041288075779344,56,1712915072306
1071,-1.0859375,2.2265625,-0.154296875,0.25041288075779344,118,1712915072306
1071,-1.1015625,2.259765625,-0.16015625,0.25041288075779344,102,1712915072306
1071,-0.42578125,1.8984375,-0.0859375,0.37561932113669017,34,1712915072306
1071,-0.55859375,1.90234375,-0.109375,0.37561932113669017,135,1712915072306
1071,-0.568359375,1.94140625,-0.0546875,0.37561932113669017,195,1712915072306
1071,-0.708984375,1.916015625,0.28125,0.37561932113669017,92,1712915072306
1071,-0.39453125,2.03515625,-0.337890625,0.37561932113669017,103,1712915072306
1071,-0.6015625,2.05078125,0.052734375,0.37561932113669017,186,1712915072306
1071,-0.611328125,2.08203125,0.150390625,0.37561932113669017,198,1712915072306
1071,-0.623046875,2.11328125,0.220703125,0.37561932113669017,100,1712915072306
1071,-1.068359375,2.197265625,-0.04296875,0.37561932113669017,41,1712915072306
1071,-1.0859375,2.23046875,0.03515625,0.37561932113669017,78,1712915072306
1071,-1.1015625,2.265625,0.01953125,0.37561932113669017,64,1712915072306
1071,-0.55859375,1.904296875,0.0546875,0.5008257615155869,35,1712915072306
1071,-0.6328125,1.90234375,0.267578125,0.5008257615155869,34,1712915072306
1071,-0.451171875,2.0078125,-0.109375,0.5008257615155869,42,1712915072306
1071,-0.458984375,2.048828125,-0.03125,0.5008257615155869,66,1712915072306
1071,-0.6015625,2.04296875,0.185546875,0.5008257615155869,71,1712915072306
1071,-0.611328125,2.064453125,0.318359375,0.5008257615155869,65,1712915072306
1071,-0.552734375,2.11328125,0.357421875,0.5008257615155869,39,1712915072306
1071,3.162109375,2.5078125,-0.3046875,0.5008257615155869,14,1712915072306
1071,-0.515625,1.990234375,0.15234375,0.6260322018944836,18,1712915072306
1071,-0.50390625,1.517578125,-0.8125,-0.37561932113669017,16,1712915072306
1071,-0.50390625,1.603515625,-0.625,-0.25041288075779344,17,1712915072306
1071,-3.373046875,0.0,3.00390625,-0.25041288075779344,19,1712915072306
1071,-3.28515625,0.0,2.9453125,-0.25041288075779344,19,1712915072306
1071,-3.373046875,0.0,3.623046875,-0.12520644037889672,22,1712915072306
1071,-3.1640625,0.0,3.5078125,-0.12520644037889672,17,1712915072306
1071,-3.4140625,0.0,3.708984375,0.5008257615155869,14,1712915072306
1071,3.04296875,2.353515625,-0.609375,-0.25041288075779344,10,1712915072306
1071,3.1640625,2.2109375,-0.515625,-0.12520644037889672,12,1712915072306
1072,-0.568359375,1.814453125,-0.69140625,0.0,31,1712915072406
1072,-0.580078125,1.86328125,-0.6640625,0.0,77,1712915072406
1072,-0.58984375,1.923828125,-0.6015625,0.0,88,1712915072406
1072,-0.6015625,1.994140625,-0.482421875,0.0,58,1712915072406
1072,-0.6796875,2.04296875,-0.3125,0.0,24,1712915072406
1072,-1.1015625,2.26171875,-0.14453125,0.0,24,1712915072406
1072,-3.42578125,0.0,3.443359375,0.0,18,1712915072406
1072,-3.33984375,0.0,3.54296875,0.0,40,1712915072406
1072,-3.494140625,0.0,3.828125,0.0,40,1712915072406
1072,-3.529296875,0.0,-3.662109375,0.0,21,1712915072406
1072,-0.80078125,1.90625,-0.54296875,0.12520644037889672,17,1712915072406
1072,-0.81640625,1.951171875,-0.509765625,0.12520644037889672,33,1712915072406
1072,-0.76171875,2.0078125,-0.5390625,0.12520644037889672,24,1712915072406
1072,-1.1640625,2.19140625,0.037109375,0.12520644037889672,109,1712915072406
1072,-1.181640625,2.2265625,0.0,0.12520644037889672,139,1712915072406
1072,-1.19921875,2.2578125,-0.052734375,0.12520644037889672,81,1712915072406
1072,-0.50390625,1.51953125,-0.80859375,0.25041288075779344,27,1712915072406
1072,-0.568359375,1.884765625,-0.470703125,0.25041288075779344,56,1712915072406
1072,-0.64453125,1.91796875,-0.396484375,0.25041288075779344,153,1712915072406
1072,-0.58984375,1.998046875,-0.251953125,0.25041288075779344,196,1712915072406
1072,-0.6015625,2.046875,0.130859375,0.25041288075779344,107,1712915072406
1072,-0.69140625,2.103515625,-0.056640625,0.25041288075779344,100,1712915072406
1072,-1.14453125,2.150390625,0.17578125,0.25041288075779344,107,1712915072406
1072,-1.1640625,2.1875,0.13671875,0.25041288075779344,266,1712915072406
1072,-1.181640625,2.22265625,0.107421875,0.25041288075779344,305,1712915072406
1072,-1.279296875,2.21484375,0.06640625,0.25041288075779344,163,1712915072406
1072,-0.439453125,1.5390625,-0.724609375,0.37561932113669017,37,1712915072406
1072,-0.50390625,1.572265625,-0.701171875,0.37561932113669017,51,1712915072406
1072,-0.572265625,1.591796875,-0.705078125,0.37561932113669017,34,1712915072406
1072,-0.6328125,1.888671875,-0.353515625,0.37561932113669017,257,1712915072406
1072,-0.580078125,1.951171875,-0.330078125,0.37561932113669017,662,1712915072406
1072,-0.58984375,1.990234375,-0.3203125,0.37561932113669017,816,1712915072406
1072,-0.66796875,2.009765625,-0.294921875,0.37561932113669017,523,1712915072406
1072,-0.611328125,2.083984375,-0.130859375,0.37561932113669017,245,1712915072406
1072,-0.69140625,2.1015625,0.087890625,0.37561932113669017,187,1712915072406
1072,-1.14453125,2.138671875,0.294921875,0.37561932113669017,118,1712915072406
1072,-1.240234375,2.1328125,0.26953125,0.37561932113669017,272,1712915072406
1072,-1.259765625,2.16796875,0.2421875,0.37561932113669017,293,1712915072406
1072,-1.279296875,2.205078125,0.216796875,0.37561932113669017,151,1712915072406
1072,-0.494140625,1.576171875,-0.59765625,0.5008257615155869,22,1712915072406
1072,-0.560546875,1.599609375,-0.587890625,0.5008257615155869,29,1712915072406
1072,-0.55859375,1.88671875,-0.2578125,0.5008257615155869,40,1712915072406
1072,-0.6328125,1.908203125,-0.23046875,0.5008257615155869,296,1712915072406
1072,-0.64453125,1.9453125,-0.21875,0.5008257615155869,772,1712915072406
1072,-0.65625,1.982421875,-0.2109375,0.5008257615155869,975,1712915072406
1072,-0.66796875,2.021484375,-0.1875,0.5008257615155869,663,1712915072406
1072,-0.611328125,2.0859375,-0.087890625,0.5008257615155869,283,1712915072406
1072,-0.69140625,2.099609375,0.126953125,0.5008257615155869,126,1712915072406
1072,-1.14453125,2.111328125,0.44921875,0.5008257615155869,43,1712915072406
1072,-1.240234375,2.107421875,0.419921875,0.5008257615155869,96,1712915072406
1072,-1.259765625,2.150390625,0.369140625,0.5008257615155869,101,1712915072406
1072,-1.279296875,2.1953125,0.294921875,0.5008257615155869,50,1712915072406
1072,-0.6328125,1.919921875,-0.10546875,0.6260322018944836,93,1712915072406
1072,-0.64453125,1.955078125,-0.115234375,0.6260322018944836,248,1712915072406
1072,-0.65625,1.990234375,-0.130859375,0.6260322018944836,358,1712915072406
1072,-0.6015625,2.046875,-0.15234375,0.6260322018944836,304,1712915072406
1072,-0.611328125,2.083984375,-0.12109375,0.6260322018944836,154,1712915072406
1072,-0.552734375,2.142578125,-0.078125,0.6260322018944836,56,1712915072406
1072,-1.298828125,2.068359375,-0.0625,0.6260322018944836,41,1712915072406
1072,-1.240234375,2.1484375,-0.001953125,0.6260322018944836,36,1712915072406
1072,-0.580078125,1.97265625,-0.140625,0.7512386422733803,40,1712915072406
1072,-0.525390625,2.029296875,-0.115234375,0.7512386422733803,85,1712915072406
1072,-0.6015625,2.048828125,-0.095703125,0.7512386422733803,94,1712915072406
1072,-0.611328125,2.087890625,-0.052734375,0.7512386422733803,52,1712915072406
1073,-0.58984375,1.712890625,-1.0625,0.0,13,1712915072507
1073,-0.66796875,1.732421875,-1.05859375,0.0,20,1712915072507
1073,-0.748046875,1.69140625,-1.146484375,0.0,14,1712915072507
1073,-3.458984375,0.0,-3.47265625,0.0,20,1712915072507
1073,-0.72265625,1.970703125,-0.03125,0.25041288075779344,45,1712915072507
1073,-0.734375,2.0078125,-0.029296875,0.25041288075779344,69,1712915072507
1073,-0.748046875,2.04296875,-0.005859375,0.25041288075779344,56,1712915072507
1073,-0.69140625,2.103515625,-0.00390625,0.25041288075779344,49,1712915072507
1073,-0.7734375,2.109375,-0.16015625,0.25041288075779344,51,1712915072507
1073,-0.859375,2.107421875,-0.267578125,0.25041288075779344,45,1712915072507
1073,-0.787109375,1.869140625,0.546875,0.37561932113669017,45,1712915072507
1073,-0.80078125,1.8984375,0.56640625,0.37561932113669017,61,1712915072507
1073,-0.6796875,1.892578125,0.830078125,0.37561932113669017,62,1712915072507
1073,-0.69140625,2.091796875,0.216796875,0.37561932113669017,102,1712915072507
1073,-0.703125,2.138671875,0.044921875,0.37561932113669017,100,1712915072507
1073,-0.787109375,2.1484375,-0.107421875,0.37561932113669017,72,1712915072507
1073,-0.9453125,2.0859375,-0.421875,0.37561932113669017,39,1712915072507
1073,-0.64453125,1.873046875,-0.57421875,0.5008257615155869,44,1712915072507
1073,-0.65625,1.90625,-0.5859375,0.5008257615155869,137,1712915072507
1073,-0.66796875,1.955078125,-0.55078125,0.5008257615155869,220,1712915072507
1073,-0.748046875,1.998046875,-0.431640625,0.5008257615155869,213,1712915072507
1073,-0.76171875,2.072265625,-0.16015625,0.5008257615155869,153,1712915072507
1073,-0.703125,2.138671875,0.048828125,0.5008257615155869,97,1712915072507
1073,-0.787109375,2.150390625,-0.017578125,0.5008257615155869,54,1712915072507
1073,-0.64453125,1.9375,-0.27734375,0.6260322018944836,65,1712915072507
1073,-0.65625,1.98046875,-0.236328125,0.6260322018944836,214,1712915072507
1073,-0.66796875,2.017578125,-0.22265625,0.6260322018944836,329,1712915072507
1073,-0.748046875,2.033203125,-0.212890625,0.6260322018944836,274,1712915072507
1073,-0.76171875,2.064453125,-0.244140625,0.6260322018944836,148,1712915072507
1073,-0.703125,2.125,-0.244140625,0.6260322018944836,67,1712915072507
1073,-0.654296875,2.18359375,-0.474609375,0.6260322018944836,60,1712915072507
1073,-0.666015625,2.20703125,-0.537109375,0.6260322018944836,65,1712915072507
1073,-0.67578125,2.240234375,-0.556640625,0.6260322018944836,33,1712915072507
1073,-1.337890625,2.12109375,0.2421875,0.6260322018944836,38,1712915072507
1073,-1.439453125,2.091796875,0.30859375,0.6260322018944836,45,1712915072507
1073,-0.64453125,1.955078125,-0.10546875,0.7512386422733803,27,1712915072507
1073,-0.65625,1.994140625,-0.068359375,0.7512386422733803,87,1712915072507
1073,-0.66796875,2.025390625,-0.140625,0.7512386422733803,148,1712915072507
1073,-0.6796875,2.05078125,-0.259765625,0.7512386422733803,158,1712915072507
1073,-0.69140625,2.072265625,-0.359375,0.7512386422733803,117,1712915072507
1073,-0.703125,2.107421875,-0.369140625,0.7512386422733803,59,1712915072507
1073,-0.64453125,2.166015625,-0.376953125,0.7512386422733803,60,1712915072507
1073,-0.654296875,2.197265625,-0.412109375,0.7512386422733803,134,1712915072507
1073,-0.666015625,2.236328125,-0.400390625,0.7512386422733803,142,1712915072507
1073,-0.751953125,2.248046875,-0.412109375,0.7512386422733803,72,1712915072507
1073,-0.734375,1.958984375,-0.44140625,0.876445082652277,56,1712915072507
1073,-0.6796875,2.033203125,-0.373046875,0.876445082652277,103,1712915072507
1073,-0.69140625,2.072265625,-0.36328125,0.876445082652277,97,1712915072507
1073,-0.703125,2.115234375,-0.322265625,0.876445082652277,49,1712915072507
1073,-0.654296875,2.212890625,-0.306640625,0.876445082652277,98,1712915072507
1073,-0.666015625,2.25390625,-0.283203125,0.876445082652277,102,1712915072507
1073,-0.751953125,2.26953125,-0.265625,0.876445082652277,52,1712915072507
1073,-1.1015625,0.0,-2.375,-1.0016515230311738,35,1712915072507
1073,-1.119140625,0.0,-2.37890625,-1.0016515230311738,35,1712915072507
1073,-1.1640625,0.0,-2.2890625,-0.876445082652277,20,1712915072507
1073,-1.1015625,0.0,-2.296875,-0.876445082652277,44,1712915072507
1073,-1.119140625,0.0,-2.3046875,-0.876445082652277,44,1712915072507
1073,-1.216796875,0.0,-2.37109375,-0.876445082652277,20,1712915072507
1073,-1.181640625,0.25,-2.2109375,-0.7512386422733803,32,1712915072507
1073,-1.119140625,0.34375,-2.2734375,-0.7512386422733803,34,1712915072507
1073,-1.134765625,0.494140625,-2.28125,-0.7512386422733803,16,1712915072507
1073,-1.181640625,0.318359375,-2.203125,-0.6260322018944836,14,1712915072507
1073,-1.119140625,0.482421875,-2.248046875,-0.6260322018944836,16,1712915072507
1073,-1.234375,0.7578125,-2.19921875,-0.5008257615155869,17,1712915072507
1074,-0.734375,1.822265625,-0.84375,0.0,16,1712915072607
1074,-0.748046875,1.890625,-0.775390625,0.0,34,1712915072607
1074,-0.76171875,1.947265625,-0.732421875,0.0,36,1712915072607
1074,-0.84375,1.97265625,-0.685546875,0.0,21,1712915072607
1074,-0.80078125,1.9375,-0.419921875,0.25041288075779344,27,1712915072607
1074,-0.81640625,1.984375,-0.3671875,0.25041288075779344,66,1712915072607
1074,-0.830078125,2.015625,-0.388671875,0.25041288075779344,86,1712915072607
1074,-0.84375,2.041015625,-0.443359375,0.25041288075779344,73,1712915072607
1074,-0.859375,2.0390625,-0.59375,0.25041288075779344,46,1712915072607
1074,-0.72265625,1.87890625,-0.599609375,0.37561932113669017,28,1712915072607
1074,-0.734375,1.9609375,-0.4296875,0.37561932113669017,156,1712915072607
1074,-0.81640625,1.978515625,-0.396484375,0.37561932113669017,339,1712915072607
1074,-0.830078125,2.015625,-0.3828125,0.37561932113669017,401,1712915072607
1074,-0.84375,2.0546875,-0.369140625,0.37561932113669017,303,1712915072607
1074,-0.859375,2.068359375,-0.482421875,0.37561932113669017,155,1712915072607
1074,-0.9453125,2.0390625,-0.611328125,0.37561932113669017,91,1712915072607
1074,-0.9609375,2.095703125,-0.5390625,0.37561932113669017,52,1712915072607
1074,-0.787109375,1.88671875,-0.48046875,0.5008257615155869,35,1712915072607
1074,-0.80078125,1.94921875,-0.353515625,0.5008257615155869,194,1712915072607
1074,-0.81640625,1.990234375,-0.328125,0.5008257615155869,427,1712915072607
1074,-0.830078125,2.02734375,-0.3203125,0.5008257615155869,505,1712915072607
1074,-0.84375,2.0625,-0.330078125,0.5008257615155869,385,1712915072607
1074,-0.859375,2.0625,-0.505859375,0.5008257615155869,211,1712915072607
1074,-0.9453125,2.0546875,-0.552734375,0.5008257615155869,131,1712915072607
1074,-0.9609375,2.119140625,-0.431640625,0.5008257615155869,69,1712915072607
1074,-0.935546875,1.86328125,-0.47265625,0.6260322018944836,61,1712915072607
1074,-0.951171875,1.919921875,-0.37890625,0.6260322018944836,146,1712915072607
1074,-0.900390625,1.986328125,-0.384765625,0.6260322018944836,200,1712915072607
1074,-0.84375,2.02734375,-0.498046875,0.6260322018944836,186,1712915072607
1074,-0.859375,2.05859375,-0.51953125,0.6260322018944836,157,1712915072607
1074,-0.873046875,2.119140625,-0.41015625,0.6260322018944836,103,1712915072607
1074,-0.9609375,2.142578125,-0.296875,0.6260322018944836,37,1712915072607
1074,-0.66796875,2.021484375,-0.18359375,0.7512386422733803,30,1712915072607
1074,-0.611328125,2.080078125,-0.18359375,0.7512386422733803,45,1712915072607
1074,-0.69140625,2.0859375,-0.27734375,0.7512386422733803,62,1712915072607
1074,-0.703125,2.12109375,-0.28515625,0.7512386422733803,96,1712915072607
1074,-0.787109375,2.126953125,-0.314453125,0.7512386422733803,93,1712915072607
1074,-0.80078125,2.166015625,-0.294921875,0.7512386422733803,45,1712915072607
1074,-0.7734375,2.087890625,-0.33984375,0.876445082652277,24,1712915072607
1074,-0.787109375,2.11328125,-0.396484375,0.876445082652277,22,1712915072607
1074,-1.396484375,2.044921875,0.169921875,-0.37561932113669017,22,1712915072607
1074,-1.41796875,2.08203125,0.068359375,-0.37561932113669017,17,1712915072607
1074,-1.203125,2.08203125,0.083984375,-0.25041288075779344,31,1712915072607
1074,-1.14453125,2.15625,-0.083984375,-0.25041288075779344,27,1712915072607
1074,-0.76171875,1.91015625,-0.822265625,-0.12520644037889672,17,1712915072607
1074,-1.203125,2.0703125,0.220703125,-0.12520644037889672,40,1712915072607
1074,-1.220703125,2.111328125,0.142578125,-0.12520644037889672,41,1712915072607
1075,-0.76171875,1.892578125,-0.861328125,0.0,23,1712915072707
1075,-0.7734375,1.95703125,-0.802734375,0.0,33,1712915072707
1075,-0.787109375,2.0078125,-0.7734375,0.0,37,1712915072707
1075,-0.873046875,2.05859375,-0.65234375,0.0,35,1712915072707
1075,-0.9609375,2.07421875,-0.615234375,0.0,29,1712915072707
1075,-1.578125,1.685546875,0.673828125,0.0,21,1712915072707
1075,-1.451171875,1.89453125,0.5234375,0.0,55,1712915072707
1075,-1.396484375,2.0,0.4609375,0.0,59,1712915072707
1075,-1.41796875,2.05859375,0.318359375,0.0,29,1712915072707
1075,-1.091796875,2.005859375,-0.458984375,0.12520644037889672,25,1712915072707
1075,-1.109375,2.083984375,-0.162109375,0.12520644037889672,49,1712915072707
1075,-1.126953125,2.12109375,-0.125,0.12520644037889672,61,1712915072707
1075,-1.068359375,2.1796875,-0.275390625,0.12520644037889672,38,1712915072707
1075,-0.81640625,1.8828125,-0.7265625,0.25041288075779344,40,1712915072707
1075,-0.76171875,1.9765625,-0.64453125,0.25041288075779344,79,1712915072707
1075,-0.703125,2.09375,-0.4375,0.25041288075779344,70,1712915072707
1075,-0.71484375,2.134765625,-0.423828125,0.25041288075779344,131,1712915072707
1075,-0.80078125,2.130859375,-0.4921875,0.25041288075779344,159,1712915072707
1075,-0.740234375,2.169921875,-0.591796875,0.25041288075779344,88,1712915072707
1075,-0.748046875,1.96875,-0.55078125,0.37561932113669017,109,1712915072707
1075,-0.76171875,2.015625,-0.513671875,0.37561932113669017,216,1712915072707
1075,-0.7734375,2.078125,-0.39453125,0.37561932113669017,184,1712915072707
1075,-0.71484375,2.154296875,-0.3046875,0.37561932113669017,221,1712915072707
1075,-0.80078125,2.15234375,-0.390625,0.37561932113669017,307,1712915072707
1075,-0.814453125,2.18359375,-0.416015625,0.37561932113669017,222,1712915072707
1075,-0.90234375,2.1953125,-0.39453125,0.37561932113669017,122,1712915072707
1075,-1.068359375,2.18359375,-0.2421875,0.37561932113669017,77,1712915072707
1075,-0.748046875,1.99609375,-0.439453125,0.5008257615155869,81,1712915072707
1075,-0.76171875,2.048828125,-0.357421875,0.5008257615155869,163,1712915072707
1075,-0.7734375,2.10546875,-0.2109375,0.5008257615155869,167,1712915072707
1075,-0.787109375,2.146484375,-0.1328125,0.5008257615155869,158,1712915072707
1075,-0.80078125,2.169921875,-0.279296875,0.5008257615155869,216,1712915072707
1075,-0.88671875,2.17578125,-0.28515625,0.5008257615155869,182,1712915072707
1075,-1.052734375,2.150390625,-0.236328125,0.5008257615155869,113,1712915072707
1075,-1.14453125,2.154296875,-0.123046875,0.5008257615155869,61,1712915072707
1075,-0.76171875,2.080078125,-0.01953125,0.6260322018944836,39,1712915072707
1075,-0.7734375,2.11328125,0.09375,0.6260322018944836,54,1712915072707
1075,-0.859375,2.11328125,0.2109375,0.6260322018944836,41,1712915072707
1075,-0.873046875,2.150390625,-0.181640625,0.6260322018944836,42,1712915072707
1075,-0.88671875,2.189453125,-0.13671875,0.6260322018944836,44,1712915072707
1075,-1.27734375,2.037109375,0.009765625,-0.37561932113669017,20,1712915072707
1075,-1.298828125,2.068359375,-0.07421875,-0.37561932113669017,38,1712915072707
1075,-1.318359375,2.1015625,-0.0546875,-0.37561932113669017,34,1712915072707
1075,-1.27734375,2.03515625,0.103515625,-0.25041288075779344,72,1712915072707
1075,-1.298828125,2.068359375,0.091796875,-0.25041288075779344,143,1712915072707
1075,-1.318359375,2.1015625,0.08203125,-0.25041288075779344,130,1712915072707
1075,-1.337890625,2.134765625,0.048828125,-0.25041288075779344,55,1712915072707
1075,-0.84375,1.775390625,-1.099609375,-0.12520644037889672,14,1712915072707
1075,-1.353515625,1.97265625,0.255859375,-0.12520644037889672,75,1712915072707
1075,-1.375,2.00390625,0.25,-0.12520644037889672,154,1712915072707
1075,-1.318359375,2.08984375,0.228515625,-0.12520644037889672,143,1712915072707
1075,-1.337890625,2.126953125,0.1796875,-0.12520644037889672,62,1712915072707
1075,-0.826171875,2.02734375,-0.994140625,0.0,20,1712915072707
1076,-0.69140625,1.98046875,-0.70703125,0.0,24,1712915072809
1076,-0.703125,2.017578125,-0.712890625,0.0,61,1712915072809
1076,-0.71484375,2.056640625,-0.7109375,0.0,85,1712915072809
1076,-0.728515625,2.123046875,-0.62109375,0.0,75,1712915072809
1076,-0.814453125,2.169921875,-0.48046875,0.0,55,1712915072809
1076,-1.052734375,2.162109375,-0.03125,0.0,58,1712915072809
1076,-1.14453125,2.158203125,0.03515625,0.0,77,1712915072809
1076,-1.1640625,2.19140625,-0.03125,0.0,59,1712915072809
1076,-1.181640625,2.224609375,-0.04296875,0.0,23,1712915072809
1076,-0.830078125,1.97265625,-0.56640625,0.12520644037889672,39,1712915072809
1076,-0.9140625,2.0,-0.48828125,0.12520644037889672,91,1712915072809
1076,-0.859375,2.080078125,-0.42578125,0.12520644037889672,112,1712915072809
1076,-0.9453125,2.11328125,-0.25390625,0.12520644037889672,75,1712915072809
1076,-0.9609375,2.162109375,0.0625,0.12520644037889672,55,1712915072809
1076,-1.052734375,2.162109375,0.056640625,0.12520644037889672,105,1712915072809
1076,-1.14453125,2.158203125,0.005859375,0.12520644037889672,159,1712915072809
1076,-1.1640625,2.19140625,-0.01953125,0.12520644037889672,122,1712915072809
1076,-1.181640625,2.2265625,-0.01171875,0.12520644037889672,49,1712915072809
1076,-0.884765625,1.923828125,-0.501953125,0.25041288075779344,22,1712915072809
1076,-0.830078125,2.01953125,-0.365234375,0.25041288075779344,128,1712915072809
1076,-0.84375,2.0625,-0.3203125,0.25041288075779344,278,1712915072809
1076,-0.859375,2.111328125,-0.23046875,0.25041288075779344,272,1712915072809
1076,-0.80078125,2.185546875,0.068359375,0.25041288075779344,132,1712915072809
1076,-0.740234375,1.75390625,-1.40625,0.25041288075779344,71,1712915072809
1076,-1.203125,2.046875,0.388671875,0.25041288075779344,44,1712915072809
1076,-1.14453125,2.15625,0.078125,0.25041288075779344,121,1712915072809
1076,-1.1640625,2.19140625,0.029296875,0.25041288075779344,104,1712915072809
1076,-1.181640625,2.2265625,0.0,0.25041288075779344,47,1712915072809
1076,-0.884765625,1.978515625,-0.203125,0.37561932113669017,18,1712915072809
1076,-0.900390625,2.013671875,-0.203125,0.37561932113669017,114,1712915072809
1076,-0.84375,2.080078125,-0.171875,0.37561932113669017,234,1712915072809
1076,-0.787109375,2.150390625,-0.021484375,0.37561932113669017,179,1712915072809
1076,-0.9453125,1.732421875,-1.234375,0.37561932113669017,56,1712915072809
1076,-0.88671875,2.080078125,-0.69921875,0.37561932113669017,142,1712915072809
1076,-0.826171875,2.115234375,-0.791015625,0.37561932113669017,69,1712915072809
1076,-1.14453125,2.154296875,0.130859375,0.37561932113669017,35,1712915072809
1076,-1.0859375,2.23046875,0.037109375,0.37561932113669017,38,1712915072809
1076,-0.552734375,2.06640625,-0.5703125,0.5008257615155869,18,1712915072809
1076,-0.9140625,2.052734375,0.15625,0.5008257615155869,72,1712915072809
1076,-0.859375,2.123046875,0.037109375,0.5008257615155869,113,1712915072809
1076,-0.9453125,2.125,-0.125,0.5008257615155869,103,1712915072809
1076,-0.9609375,2.142578125,-0.29296875,0.5008257615155869,79,1712915072809
1076,-0.90234375,2.138671875,-0.630859375,0.5008257615155869,31,1712915072809
1076,3.044921875,2.9453125,0.046875,0.5008257615155869,16,1712915072809
1076,3.33984375,2.66796875,0.09765625,0.5008257615155869,15,1712915072809
1076,-0.69140625,2.072265625,-0.359375,0.6260322018944836,75,1712915072809
1076,-0.703125,2.1171875,-0.3046875,0.6260322018944836,150,1712915072809
1076,-0.71484375,2.162109375,-0.251953125,0.6260322018944836,148,1712915072809
1076,-0.80078125,2.18359375,-0.12109375,0.6260322018944836,73,1712915072809
1076,-0.931640625,1.919921875,-1.669921875,0.6260322018944836,17,1712915072809
1076,-0.9453125,1.6953125,-1.947265625,0.6260322018944836,15,1712915072809
1076,-0.76171875,2.056640625,-0.3125,0.7512386422733803,33,1712915072809
1076,-0.703125,2.126953125,-0.224609375,0.7512386422733803,66,1712915072809
1076,-0.787109375,2.146484375,-0.15234375,0.7512386422733803,64,1712915072809
1076,-0.80078125,2.1875,0.013671875,0.7512386422733803,31,1712915072809
1076,-1.427734375,1.8359375,-0.609375,-0.37561932113669017,31,1712915072809
1076,-1.298828125,2.0546875,-0.25390625,-0.37561932113669017,37,1712915072809
1076,-1.318359375,2.1015625,-0.068359375,-0.37561932113669017,24,1712915072809
1076,-1.203125,2.060546875,0.302734375,-0.25041288075779344,41,1712915072809
1076,-1.220703125,2.1015625,0.23828125,-0.25041288075779344,62,1712915072809
1076,-1.240234375,2.134765625,0.24609375,-0.25041288075779344,45,1712915072809
1076,-0.703125,1.955078125,-0.87109375,-0.12520644037889672,28,1712915072809
1076,-0.71484375,2.068359375,-0.677734375,-0.12520644037889672,40,1712915072809
1076,-0.728515625,2.189453125,-0.314453125,-0.12520644037889672,43,1712915072809
1077,-0.84375,2.0078125,-0.5703125,0.0,17,1712915072909
1077,-0.787109375,2.0,-0.7890625,0.0,11,1712915072909
1077,-0.873046875,1.9453125,-0.935546875,0.0,31,1712915072909
1077,-0.9609375,2.05859375,-0.6640625,0.0,58,1712915072909
1077,-1.052734375,2.1015625,-0.509765625,0.0,70,1712915072909
1077,-1.068359375,2.140625,-0.4921875,0.0,46,1712915072909
1077,-1.47265625,1.986328125,0.20703125,0.0,11,1712915072909
1077,-0.900390625,1.978515625,-0.421875,0.12520644037889672,19,1712915072909
1077,-0.84375,2.064453125,-0.314453125,0.12520644037889672,48,1712915072909
1077,-0.859375,2.111328125,-0.234375,0.12520644037889672,56,1712915072909
1077,-0.728515625,2.20703125,0.142578125,0.12520644037889672,39,1712915072909
1077,-0.591796875,2.111328125,-0.890625,0.12520644037889672,52,1712915072909
1077,-1.27734375,2.037109375,-0.068359375,0.12520644037889672,78,1712915072909
1077,-1.220703125,2.08984375,-0.328125,0.12520644037889672,88,1712915072909
1077,-1.1640625,2.134765625,-0.5,0.12520644037889672,67,1712915072909
1077,-1.181640625,2.16796875,-0.5078125,0.12520644037889672,37,1712915072909
1077,-1.056640625,1.984375,0.138671875,0.25041288075779344,27,1712915072909
1077,-1.001953125,2.05859375,0.0625,0.25041288075779344,33,1712915072909
1077,-0.728515625,1.521484375,-1.607421875,0.25041288075779344,29,1712915072909
1077,-0.814453125,2.185546875,-0.400390625,0.25041288075779344,177,1712915072909
1077,-0.826171875,2.23046875,-0.359375,0.25041288075779344,222,1712915072909
1077,-0.763671875,2.263671875,-0.515625,0.25041288075779344,109,1712915072909
1077,-1.240234375,2.13671875,-0.220703125,0.25041288075779344,51,1712915072909
1077,-0.7734375,2.03125,-0.58984375,0.37561932113669017,76,1712915072909
1077,-0.71484375,2.13671875,-0.40625,0.37561932113669017,223,1712915072909
1077,-0.80078125,2.158203125,-0.34765625,0.37561932113669017,259,1712915072909
1077,-0.814453125,2.20703125,-0.26171875,0.37561932113669017,137,1712915072909
1077,-0.826171875,2.251953125,-0.18359375,0.37561932113669017,166,1712915072909
1077,-0.83984375,2.287109375,-0.173828125,0.37561932113669017,101,1712915072909
1077,-3.875,0.0,3.357421875,0.37561932113669017,20,1712915072909
1077,3.1015625,2.9453125,-0.5703125,0.37561932113669017,16,1712915072909
1077,-0.7734375,2.0859375,-0.345703125,0.5008257615155869,99,1712915072909
1077,-0.787109375,2.134765625,-0.26953125,0.5008257615155869,290,1712915072909
1077,-0.80078125,2.17578125,-0.2265625,0.5008257615155869,383,1712915072909
1077,-0.740234375,2.244140625,-0.140625,0.5008257615155869,228,1712915072909
1077,-0.826171875,2.2578125,0.015625,0.5008257615155869,45,1712915072909
1077,-3.875,0.0,3.75,0.5008257615155869,27,1712915072909
1077,-3.91015625,0.0,3.830078125,0.5008257615155869,26,1712915072909
1077,-0.7734375,2.08984375,-0.330078125,0.6260322018944836,38,1712915072909
1077,-0.787109375,2.146484375,-0.150390625,0.6260322018944836,120,1712915072909
1077,-0.728515625,2.2109375,-0.091796875,0.6260322018944836,162,1712915072909
1077,-0.814453125,2.22265625,-0.048828125,0.6260322018944836,114,1712915072909
1077,-0.826171875,2.2578125,0.078125,0.6260322018944836,38,1712915072909
1077,-1.408203125,0.0,-1.787109375,0.876445082652277,19,1712915072909
1077,-1.17578125,1.80078125,0.5234375,-1.0016515230311738,17,1712915072909
1077,-1.126953125,1.888671875,0.490234375,-1.0016515230311738,19,1712915072909
1077,-1.359375,2.138671875,-0.353515625,-0.6260322018944836,22,1712915072909
1077,-1.353515625,1.986328125,0.09765625,-0.5008257615155869,25,1712915072909
1077,-1.298828125,2.064453125,0.142578125,-0.5008257615155869,21,1712915072909
1077,-1.359375,2.16015625,-0.169921875,-0.5008257615155869,30,1712915072909
1077,-1.298828125,2.244140625,-0.125,-0.5008257615155869,26,1712915072909
1077,-1.33203125,1.939453125,0.2578125,-0.37561932113669017,19,1712915072909
1077,-1.353515625,1.97265625,0.24609375,-0.37561932113669017,36,1712915072909
1077,-1.298828125,2.046875,0.310546875,-0.37561932113669017,32,1712915072909
1077,-1.359375,2.166015625,-0.08984375,-0.37561932113669017,23,1712915072909
1077,-1.203125,2.080078125,-0.1015625,-0.25041288075779344,17,1712915072909
1077,-1.14453125,2.158203125,0.048828125,-0.25041288075779344,31,1712915072909
1077,-1.1640625,2.181640625,0.203125,-0.25041288075779344,28,1712915072909
1077,-1.259765625,2.181640625,0.0546875,-0.25041288075779344,22,1712915072909
1077,-1.279296875,2.21484375,-0.009765625,-0.25041288075779344,33,1712915072909
1077,-1.298828125,2.248046875,-0.0703125,-0.25041288075779344,22,1712915072909
1077,-0.9609375,2.146484375,-0.2578125,-0.12520644037889672,20,1712915072909
1077,-1.126953125,2.125,0.009765625,-0.12520644037889672,53,1712915072909
1077,-1.14453125,2.15625,0.109375,-0.12520644037889672,69,1712915072909
1078,-0.96875,1.95703125,0.365234375,0.0,19,1712915073009
1078,-0.986328125,2.00390625,-0.291015625,0.0,28,1712915073009
1078,-1.001953125,2.015625,-0.423828125,0.0,24,1712915073009
1078,-1.236328125,1.939453125,0.359375,0.0,25,1712915073009
1078,-0.666015625,1.90234375,-1.240234375,0.0,37,1712915073009
1078,-0.826171875,2.19140625,-0.546875,0.0,66,1712915073009
1078,-0.916015625,2.259765625,-0.16015625,0.0,69,1712915073009
1078,-1.0859375,2.23046875,-0.041015625,0.0,33,1712915073009
1078,-0.986328125,1.986328125,-0.392578125,0.12520644037889672,33,1712915073009
1078,-0.9296875,2.0859375,-0.162109375,0.12520644037889672,68,1712915073009
1078,-0.9453125,2.126953125,-0.021484375,0.12520644037889672,119,1712915073009
1078,-0.9609375,2.16015625,-0.1015625,0.12520644037889672,124,1712915073009
1078,-0.90234375,2.205078125,-0.32421875,0.12520644037889672,111,1712915073009
1078,-0.916015625,2.251953125,-0.24609375,0.12520644037889672,100,1712915073009
1078,-0.9296875,2.298828125,-0.08984375,0.12520644037889672,48,1712915073009
1078,-0.986328125,2.00390625,-0.30078125,0.25041288075779344,18,1712915073009
1078,-0.859375,2.123046875,-0.056640625,0.25041288075779344,69,1712915073009
1078,-0.80078125,2.185546875,-0.072265625,0.25041288075779344,171,1712915073009
1078,-0.88671875,2.19140625,-0.099609375,0.25041288075779344,206,1712915073009
1078,-0.90234375,2.228515625,-0.048828125,0.25041288075779344,119,1712915073009
1078,-0.916015625,2.263671875,-0.046875,0.25041288075779344,53,1712915073009
1078,-0.9296875,2.30078125,0.0,0.25041288075779344,26,1712915073009
1078,3.1015625,2.95703125,-0.501953125,0.25041288075779344,36,1712915073009
1078,-3.943359375,0.0,3.740234375,0.25041288075779344,42,1712915073009
1078,-0.787109375,2.146484375,-0.140625,0.37561932113669017,38,1712915073009
1078,-0.80078125,2.18359375,-0.12890625,0.37561932113669017,115,1712915073009
1078,-0.814453125,2.21875,-0.119140625,0.37561932113669017,157,1712915073009
1078,-0.826171875,2.255859375,-0.099609375,0.37561932113669017,100,1712915073009
1078,-0.83984375,2.294921875,-0.033203125,0.37561932113669017,24,1712915073009
1078,2.96484375,3.09765625,-0.47265625,0.37561932113669017,29,1712915073009
1078,-3.943359375,0.0,3.9375,0.37561932113669017,32,1712915073009
1078,-0.80078125,2.1875,-0.033203125,0.5008257615155869,25,1712915073009
1078,-0.814453125,2.22265625,0.013671875,0.5008257615155869,36,1712915073009
1078,-0.90234375,2.23046875,0.017578125,0.5008257615155869,27,1712915073009
1078,-0.951171875,1.955078125,0.08203125,-0.37561932113669017,28,1712915073009
1078,-1.037109375,1.953125,0.1171875,-0.37561932113669017,41,1712915073009
1078,-0.986328125,2.013671875,0.216796875,-0.37561932113669017,28,1712915073009
1078,-1.01953125,1.90234375,0.271484375,-0.25041288075779344,49,1712915073009
1078,-0.96875,1.966796875,0.3125,-0.25041288075779344,78,1712915073009
1078,-0.986328125,2.00390625,0.298828125,-0.25041288075779344,57,1712915073009
1078,-1.126953125,2.10546875,-0.283203125,-0.25041288075779344,39,1712915073009
1078,-1.220703125,2.11328125,-0.115234375,-0.25041288075779344,52,1712915073009
1078,-1.240234375,2.13671875,-0.228515625,-0.25041288075779344,46,1712915073009
1078,-1.259765625,2.146484375,-0.39453125,-0.25041288075779344,35,1712915073009
1078,-1.01953125,1.8671875,0.45703125,-0.12520644037889672,24,1712915073009
1078,-0.96875,1.943359375,0.43359375,-0.12520644037889672,49,1712915073009
1078,-0.986328125,1.990234375,0.375,-0.12520644037889672,42,1712915073009
1078,-0.9296875,2.091796875,0.06640625,-0.12520644037889672,21,1712915073009
1078,-1.01953125,2.05078125,-0.421875,-0.12520644037889672,33,1712915073009
1078,-1.03515625,2.087890625,-0.416015625,-0.12520644037889672,59,1712915073009
1078,-1.126953125,2.11328125,-0.21484375,-0.12520644037889672,76,1712915073009
1078,-1.220703125,2.115234375,0.005859375,-0.12520644037889672,87,1712915073009
1078,-1.318359375,2.1015625,-0.02734375,-0.12520644037889672,55,1712915073009
1078,-2.00390625,0.0,2.056640625,0.0,13,1712915073009
1078,-2.037109375,0.0,2.15234375,0.0,22,1712915073009
1078,-1.40625,1.697265625,0.86328125,0.0,27,1712915073009
1078,-3.91015625,0.0,3.6015625,0.25041288075779344,36,1712915073009
1078,3.12890625,2.984375,-0.49609375,0.25041288075779344,39,1712915073009
1078,-3.775390625,0.0,4.03515625,0.37561932113669017,29,1712915073009
1078,3.12890625,3.013671875,-0.265625,0.37561932113669017,31,1712915073009
1078,-0.873046875,2.126953125,-0.3671875,-0.12520644037889672,33,1712915073009
1079,-1.091796875,1.904296875,0.77734375,0.0,14,1712915073109
1079,-0.67578125,2.048828125,-1.0625,0.0,17,1712915073109
1079,-1.068359375,2.189453125,0.19140625,0.0,28,1712915073109
1079,-1.0859375,2.208984375,-0.30859375,0.0,51,1712915073109
1079,-1.1015625,2.248046875,-0.275390625,0.0,44,1712915073109
1079,-1.19921875,2.25,-0.21484375,0.0,25,1712915073109
1079,-0.935546875,1.91796875,0.134765625,0.12520644037889672,18,1712915073109
1079,-0.814453125,2.197265625,-0.33203125,0.12520644037889672,58,1712915073109
1079,-0.751953125,2.212890625,-0.564453125,0.12520644037889672,48,1712915073109
1079,-1.068359375,2.19140625,-0.16015625,0.12520644037889672,80,1712915073109
1079,-1.0859375,2.228515625,-0.1171875,0.12520644037889672,122,1712915073109
1079,-1.181640625,2.22265625,-0.119140625,0.12520644037889672,99,1712915073109
1079,-1.19921875,2.255859375,-0.13671875,0.12520644037889672,52,1712915073109
1079,-4.080078125,0.0,4.12890625,0.12520644037889672,18,1712915073109
1079,-0.91796875,1.873046875,0.236328125,0.25041288075779344,31,1712915073109
1079,-0.935546875,1.904296875,0.263671875,0.25041288075779344,60,1712915073109
1079,-1.01953125,1.8984375,0.298828125,0.25041288075779344,41,1712915073109
1079,-0.96875,1.982421875,0.18359375,0.25041288075779344,26,1712915073109
1079,-0.986328125,2.021484375,0.111328125,0.25041288075779344,27,1712915073109
1079,-0.751953125,2.26171875,-0.3203125,0.25041288075779344,39,1712915073109
1079,-1.068359375,2.197265625,-0.029296875,0.25041288075779344,69,1712915073109
1079,-1.0859375,2.23046875,0.04296875,0.25041288075779344,88,1712915073109
1079,-1.181640625,2.224609375,0.048828125,0.25041288075779344,66,1712915073109
1079,-1.19921875,2.259765625,0.03515625,0.25041288075779344,36,1712915073109
1079,-0.984375,1.82421875,0.3359375,0.37561932113669017,26,1712915073109
1079,-0.935546875,1.87109375,0.44140625,0.37561932113669017,53,1712915073109
1079,-0.951171875,1.8984375,0.470703125,0.37561932113669017,49,1712915073109
1079,-1.037109375,1.931640625,0.3125,0.37561932113669017,66,1712915073109
1079,-1.056640625,1.9609375,0.33203125,0.37561932113669017,54,1712915073109
1079,-1.01953125,1.87109375,0.4375,0.5008257615155869,30,1712915073109
1079,-1.037109375,1.90625,0.4375,0.5008257615155869,50,1712915073109
1079,-1.056640625,1.931640625,0.4765625,0.5008257615155869,38,1712915073109
1079,-0.9453125,2.119140625,0.197265625,-0.25041288075779344,31,1712915073109
1079,-0.9609375,2.15234375,0.212890625,-0.25041288075779344,30,1712915073109
1079,-0.9765625,2.197265625,0.037109375,-0.25041288075779344,16,1712915073109
1079,-1.068359375,2.19140625,-0.1640625,-0.25041288075779344,19,1712915073109
1079,-0.9296875,1.982421875,0.66796875,-0.12520644037889672,13,1712915073109
1079,-0.9453125,2.095703125,0.373046875,-0.12520644037889672,37,1712915073109
1079,-0.9609375,2.125,0.3984375,-0.12520644037889672,39,1712915073109
1079,-0.9765625,2.189453125,0.197265625,-0.12520644037889672,19,1712915073109
1079,-1.068359375,2.197265625,-0.00390625,-0.12520644037889672,37,1712915073109
1079,-1.0859375,2.23046875,-0.064453125,-0.12520644037889672,31,1712915073109
1079,-2.037109375,0.0,-2.328125,0.0,9,1712915073109
1079,-1.427734375,1.875,0.48046875,0.0,10,1712915073109
1079,2.9921875,3.16015625,0.076171875,0.12520644037889672,14,1712915073109
1079,-1.71875,0.0,-1.6796875,-0.12520644037889672,9,1712915073109
1080,-1.07421875,2.00390625,0.28125,0.0,13,1712915073209
1080,-1.091796875,2.05078125,0.1640625,0.0,23,1712915073209
1080,-1.18359375,0.0,2.236328125,0.0,30,1712915073209
1080,-1.27734375,0.0,2.384765625,0.0,23,1712915073209
1080,-0.6875,2.23046875,-0.720703125,0.0,26,1712915073209
1080,-1.0234375,2.224609375,-0.591796875,0.0,26,1712915073209
1080,-1.0390625,2.275390625,-0.53125,0.0,35,1712915073209
1080,-1.236328125,1.97265625,-0.064453125,0.12520644037889672,42,1712915073209
1080,-1.2578125,2.0,-0.142578125,0.12520644037889672,134,1712915073209
1080,-1.203125,2.072265625,-0.208984375,0.12520644037889672,204,1712915073209
1080,-1.14453125,2.142578125,-0.251953125,0.12520644037889672,171,1712915073209
1080,-1.1640625,2.181640625,-0.205078125,0.12520644037889672,69,1712915073209
1080,-0.9453125,2.302734375,-0.396484375,0.12520644037889672,39,1712915073209
1080,-0.958984375,2.345703125,-0.34765625,0.12520644037889672,52,1712915073209
1080,-1.0546875,2.349609375,-0.33203125,0.12520644037889672,28,1712915073209
1080,-0.859375,1.970703125,-0.7890625,0.25041288075779344,17,1712915073209
1080,-1.310546875,1.923828125,0.095703125,0.25041288075779344,46,1712915073209
1080,-1.33203125,1.955078125,0.095703125,0.25041288075779344,147,1712915073209
1080,-1.27734375,2.037109375,0.076171875,0.25041288075779344,206,1712915073209
1080,-1.298828125,2.068359375,0.0546875,0.25041288075779344,149,1712915073209
1080,-1.240234375,2.14453125,0.150390625,0.25041288075779344,58,1712915073209
1080,-0.787109375,2.357421875,-0.41015625,0.25041288075779344,34,1712915073209
1080,-0.87890625,2.388671875,-0.251953125,0.25041288075779344,28,1712915073209
1080,-1.3828125,1.857421875,0.24609375,0.37561932113669017,18,1712915073209
1080,-1.40625,1.884765625,0.279296875,0.37561932113669017,53,1712915073209
1080,-1.353515625,1.9609375,0.333984375,0.37561932113669017,72,1712915073209
1080,-1.451171875,1.921875,0.4140625,0.37561932113669017,45,1712915073209
1080,-1.15625,1.826171875,0.255859375,0.876445082652277,41,1712915073209
1080,-1.107421875,1.8984375,0.26953125,0.876445082652277,62,1712915073209
1080,-1.126953125,1.92578125,0.3046875,0.876445082652277,46,1712915073209
1080,-0.884765625,0.880859375,-1.783203125,-1.0016515230311738,35,1712915073209
1080,-0.900390625,0.84765625,-1.837890625,-1.0016515230311738,55,1712915073209
1080,-0.84375,0.916015625,-1.876953125,-1.0016515230311738,48,1712915073209
1080,-0.859375,0.66796875,-2.015625,-1.0016515230311738,23,1712915073209
1080,-0.96875,1.01953125,-1.7109375,-0.876445082652277,17,1712915073209
1080,-0.9140625,0.9765625,-1.810546875,-0.876445082652277,24,1712915073209
1080,-1.001953125,0.71484375,-1.931640625,-0.876445082652277,20,1712915073209
1080,-0.84375,1.298828125,-1.634765625,-0.7512386422733803,18,1712915073209
1080,-1.001953125,2.056640625,0.095703125,-0.5008257615155869,19,1712915073209
1080,-1.01953125,2.083984375,0.2109375,-0.5008257615155869,25,1712915073209
1080,-1.03515625,2.115234375,0.23046875,-0.5008257615155869,24,1712915073209
1080,-0.9140625,2.052734375,0.150390625,-0.37561932113669017,45,1712915073209
1080,-0.9296875,2.087890625,0.158203125,-0.37561932113669017,85,1712915073209
1080,-0.9453125,2.12109375,0.16015625,-0.37561932113669017,73,1712915073209
1080,-0.9609375,2.150390625,0.2265625,-0.37561932113669017,35,1712915073209
1080,-0.9140625,2.041015625,0.26953125,-0.25041288075779344,75,1712915073209
1080,-0.9296875,2.076171875,0.271484375,-0.25041288075779344,153,1712915073209
1080,-0.9453125,2.11328125,0.24609375,-0.25041288075779344,158,1712915073209
1080,-0.9609375,2.16015625,0.1171875,-0.25041288075779344,123,1712915073209
1080,-1.052734375,2.162109375,0.01171875,-0.25041288075779344,116,1712915073209
1080,-1.068359375,2.197265625,0.015625,-0.25041288075779344,96,1712915073209
1080,-1.0078125,2.265625,0.078125,-0.25041288075779344,40,1712915073209
1080,-0.986328125,2.00390625,0.30078125,-0.12520644037889672,40,1712915073209
1080,-1.001953125,2.029296875,0.3515625,-0.12520644037889672,86,1712915073209
1080,-1.01953125,2.072265625,0.298828125,-0.12520644037889672,115,1712915073209
1080,-1.03515625,2.123046875,0.1484375,-0.12520644037889672,144,1712915073209
1080,-1.052734375,2.162109375,0.080078125,-0.12520644037889672,172,1712915073209
1080,-1.068359375,2.1953125,0.087890625,-0.12520644037889672,137,1712915073209
1080,-1.0859375,2.2265625,0.13671875,-0.12520644037889672,57,1712915073209
1080,-0.451171875,2.296875,-0.556640625,0.0,17,1712915073209
1080,-0.728515625,2.017578125,-0.90625,0.37561932113669017,14,1712915073209
1080,-1.767578125,1.177734375,0.470703125,-1.0016515230311738,21,1712915073209
1080,-1.73046875,1.3359375,0.357421875,-1.0016515230311738,33,1712915073209
1080,-1.759765625,1.365234375,0.33984375,-1.0016515230311738,26,1712915073209
1081,-1.037109375,1.91796875,-0.380859375,0.0,22,1712915073310
1081,-0.9140625,2.044921875,-0.234375,0.0,111,1712915073310
1081,-0.9296875,2.08203125,-0.205078125,0.0,205,1712915073310
1081,-1.01953125,2.083984375,-0.201171875,0.0,165,1712915073310
1081,-0.9609375,2.16015625,-0.099609375,0.0,56,1712915073310
1081,-0.826171875,1.857421875,1.287109375,0.0,33,1712915073310
1081,-0.763671875,2.20703125,-0.716796875,0.0,59,1712915073310
1081,-0.9296875,2.228515625,-0.572265625,0.0,45,1712915073310
1081,-1.181640625,2.224609375,-0.083984375,0.0,22,1712915073310
1081,-1.2734375,3.134765625,-0.306640625,0.0,23,1712915073310
1081,-1.181640625,3.013671875,-1.150390625,0.0,22,1712915073310
1081,-0.9296875,2.083984375,-0.203125,0.12520644037889672,17,1712915073310
1081,-1.40625,1.896484375,0.171875,0.12520644037889672,44,1712915073310
1081,-1.427734375,1.853515625,0.556640625,0.12520644037889672,79,1712915073310
1081,-0.763671875,2.177734375,-0.80078125,0.12520644037889672,78,1712915073310
1081,-0.853515625,2.212890625,-0.73046875,0.12520644037889672,56,1712915073310
1081,-0.80078125,2.0078125,-0.865234375,0.25041288075779344,24,1712915073310
1081,-0.9609375,2.099609375,-0.51953125,0.25041288075779344,25,1712915073310
1081,-0.751953125,2.17578125,-0.697265625,0.25041288075779344,33,1712915073310
1081,-0.83984375,2.232421875,-0.529296875,0.25041288075779344,53,1712915073310
1081,-0.853515625,2.283203125,-0.46484375,0.25041288075779344,39,1712915073310
1081,-0.80078125,2.12109375,-0.533203125,0.37561932113669017,26,1712915073310
1081,-0.814453125,2.154296875,-0.546875,0.37561932113669017,30,1712915073310
1081,-1.07421875,0.12109375,-2.01953125,-0.7512386422733803,23,1712915073310
1081,-1.091796875,0.1875,-2.048828125,-0.7512386422733803,36,1712915073310
1081,-1.109375,0.482421875,-2.03515625,-0.7512386422733803,27,1712915073310
1081,-1.07421875,0.96875,-1.77734375,-0.6260322018944836,41,1712915073310
1081,-1.091796875,0.875,-1.861328125,-0.6260322018944836,66,1712915073310
1081,-1.109375,0.87890625,-1.896484375,-0.6260322018944836,51,1712915073310
1081,-0.9296875,1.345703125,1.603515625,-0.5008257615155869,23,1712915073310
1081,-1.091796875,0.08203125,-2.0546875,-0.5008257615155869,34,1712915073310
1081,-1.18359375,0.75,-1.908203125,-0.5008257615155869,30,1712915073310
1081,-0.900390625,2.013671875,0.19921875,-0.37561932113669017,35,1712915073310
1081,-0.9140625,2.048828125,0.19140625,-0.37561932113669017,83,1712915073310
1081,-0.859375,2.119140625,0.14453125,-0.37561932113669017,100,1712915073310
1081,-0.9453125,2.126953125,0.01953125,-0.37561932113669017,82,1712915073310
1081,-0.9609375,2.16015625,-0.09765625,-0.37561932113669017,74,1712915073310
1081,-1.052734375,2.16015625,-0.095703125,-0.37561932113669017,70,1712915073310
1081,-1.068359375,2.1953125,-0.103515625,-0.37561932113669017,43,1712915073310
1081,-0.96875,1.888671875,0.630859375,-0.25041288075779344,49,1712915073310
1081,-0.986328125,1.630859375,1.203125,-0.25041288075779344,121,1712915073310
1081,-0.9296875,1.416015625,-1.541015625,-0.25041288075779344,149,1712915073310
1081,-0.9453125,0.681640625,-2.015625,-0.25041288075779344,63,1712915073310
1081,-1.109375,2.07421875,0.26171875,-0.25041288075779344,108,1712915073310
1081,-1.052734375,2.162109375,0.06640625,-0.25041288075779344,146,1712915073310
1081,-0.9921875,2.23046875,0.095703125,-0.25041288075779344,74,1712915073310
1081,-1.2734375,3.150390625,-0.025390625,-0.25041288075779344,27,1712915073310
1081,-0.96875,1.841796875,-0.7578125,-0.12520644037889672,49,1712915073310
1081,-0.986328125,1.935546875,-0.599609375,-0.12520644037889672,198,1712915073310
1081,-0.9296875,2.033203125,-0.498046875,-0.12520644037889672,349,1712915073310
1081,-0.9453125,2.068359375,-0.49609375,-0.12520644037889672,252,1712915073310
1081,-1.2578125,1.94140625,0.501953125,-0.12520644037889672,61,1712915073310
1081,-1.126953125,2.109375,0.244140625,-0.12520644037889672,131,1712915073310
1081,-0.9921875,2.19921875,0.37890625,-0.12520644037889672,73,1712915073310
1081,-1.0859375,2.23046875,-0.041015625,-0.12520644037889672,44,1712915073310
1081,-1.181640625,2.2265625,0.015625,-0.12520644037889672,38,1712915073310
1081,-1.16796875,3.18359375,-0.22265625,-0.12520644037889672,45,1712915073310
1081,-1.181640625,2.908203125,-1.3984375,-0.12520644037889672,40,1712915073310
1081,-0.873046875,2.15234375,-0.17578125,0.0,164,1712915073310
1081,-1.50390625,1.875,0.095703125,0.0,31,1712915073310
1081,-1.6796875,1.521484375,0.912109375,0.0,32,1712915073310
1081,0.0,1.2734375,-3.150390625,0.0,19,1712915073310
1081,0.0,0.78515625,-3.345703125,0.0,16,1712915073310
1081,-0.67578125,2.021484375,-1.11328125,0.12520644037889672,49,1712915073310
1082,-0.951171875,1.9375,0.271484375,0.0,15,1712915073410
1082,-0.96875,1.986328125,0.125,0.0,75,1712915073410
1082,-0.9140625,2.056640625,-0.099609375,0.0,179,1712915073410
1082,-0.9296875,2.08984375,-0.130859375,0.0,243,1712915073410
1082,-0.9453125,2.125,-0.095703125,0.0,202,1712915073410
1082,-0.88671875,2.185546875,-0.1953125,0.0,87,1712915073410
1082,-1.427734375,1.693359375,0.9375,0.0,30,1712915073410
1082,-1.451171875,1.857421875,0.64453125,0.0,21,1712915073410
1082,-0.986328125,2.0234375,0.103515625,0.12520644037889672,28,1712915073410
1082,-1.001953125,2.060546875,-0.005859375,0.12520644037889672,35,1712915073410
1082,-0.873046875,2.158203125,0.005859375,0.12520644037889672,30,1712915073410
1082,-0.88671875,2.177734375,-0.265625,0.12520644037889672,28,1712915073410
1082,-0.751953125,2.224609375,-0.521484375,0.12520644037889672,36,1712915073410
1082,-0.83984375,2.234375,-0.525390625,0.12520644037889672,35,1712915073410
1082,-0.826171875,2.203125,-0.5,0.25041288075779344,21,1712915073410
1082,-1.837890625,1.76953125,0.1796875,0.876445082652277,15,1712915073410
1082,-1.375,0.0,-2.15625,-1.0016515230311738,15,1712915073410
1082,-0.81640625,2.015625,0.099609375,-0.37561932113669017,16,1712915073410
1082,-0.830078125,2.05078125,0.091796875,-0.37561932113669017,58,1712915073410
1082,-0.84375,2.083984375,0.12109375,-0.37561932113669017,82,1712915073410
1082,-0.859375,2.111328125,-0.224609375,-0.37561932113669017,68,1712915073410
1082,-1.01953125,2.068359375,-0.33203125,-0.37561932113669017,52,1712915073410
1082,-1.18359375,2.044921875,0.1328125,-0.37561932113669017,84,1712915073410
1082,-1.126953125,2.125,0.017578125,-0.37561932113669017,123,1712915073410
1082,-1.14453125,2.158203125,-0.01953125,-0.37561932113669017,81,1712915073410
1082,-0.884765625,1.98046875,0.166015625,-0.25041288075779344,47,1712915073410
1082,-0.830078125,2.048828125,0.134765625,-0.25041288075779344,183,1712915073410
1082,-0.9140625,2.056640625,-0.056640625,-0.25041288075779344,328,1712915073410
1082,-0.9296875,2.05859375,-0.375,-0.25041288075779344,366,1712915073410
1082,-0.9453125,2.08984375,-0.396484375,-0.25041288075779344,278,1712915073410
1082,-1.109375,2.087890625,0.11328125,-0.25041288075779344,132,1712915073410
1082,-1.203125,2.076171875,0.16796875,-0.25041288075779344,205,1712915073410
1082,-1.14453125,2.15625,0.111328125,-0.25041288075779344,141,1712915073410
1082,-1.1640625,2.19140625,0.0703125,-0.25041288075779344,39,1712915073410
1082,-0.884765625,1.974609375,0.234375,-0.12520644037889672,43,1712915073410
1082,-0.900390625,2.017578125,0.154296875,-0.12520644037889672,190,1712915073410
1082,-0.9140625,2.0546875,-0.123046875,-0.12520644037889672,392,1712915073410
1082,-0.9296875,2.076171875,-0.265625,-0.12520644037889672,492,1712915073410
1082,-0.9453125,2.11328125,-0.2421875,-0.12520644037889672,395,1712915073410
1082,-0.88671875,2.169921875,-0.330078125,-0.12520644037889672,141,1712915073410
1082,-1.203125,2.0546875,0.345703125,-0.12520644037889672,129,1712915073410
1082,-1.14453125,2.14453125,0.24609375,-0.12520644037889672,98,1712915073410
1082,-1.240234375,2.142578125,0.154296875,-0.12520644037889672,28,1712915073410
1082,-0.67578125,2.001953125,-1.1484375,0.0,26,1712915073410
1082,-0.611328125,1.640625,-1.703125,0.0,12,1712915073410
1082,-2.21484375,1.01171875,0.20703125,-1.0016515230311738,11,1712915073410
1083,-0.611328125,2.0546875,0.373046875,0.0,15,1712915073510
1083,-0.900390625,2.015625,-0.1796875,0.0,124,1712915073510
1083,-0.9140625,2.056640625,-0.087890625,0.0,379,1712915073510
1083,-0.9296875,2.091796875,-0.041015625,0.0,466,1712915073510
1083,-0.9453125,2.126953125,0.0078125,0.0,290,1712915073510
1083,-1.109375,2.072265625,0.27734375,0.0,202,1712915073510
1083,-1.126953125,2.115234375,0.19921875,0.0,181,1712915073510
1083,-0.83984375,2.29296875,-0.09765625,0.0,158,1712915073510
1083,-0.853515625,2.31640625,-0.25,0.0,127,1712915073510
1083,-0.865234375,2.34765625,-0.2890625,0.0,51,1712915073510
1083,-0.96875,1.990234375,0.015625,0.12520644037889672,35,1712915073510
1083,-0.9140625,2.056640625,0.060546875,0.12520644037889672,81,1712915073510
1083,-0.9296875,2.08984375,0.103515625,0.12520644037889672,91,1712915073510
1083,-0.9453125,2.119140625,0.185546875,0.12520644037889672,50,1712915073510
1083,-0.814453125,2.095703125,0.740234375,0.12520644037889672,24,1712915073510
1083,-0.751953125,2.234375,-0.48046875,0.12520644037889672,41,1712915073510
1083,-0.83984375,2.23046875,-0.53515625,0.12520644037889672,40,1712915073510
1083,-0.84375,1.978515625,-0.666015625,-0.5008257615155869,20,1712915073510
1083,-0.9296875,1.982421875,-0.669921875,-0.5008257615155869,23,1712915073510
1083,-0.900390625,1.9453125,-0.55859375,-0.37561932113669017,67,1712915073510
1083,-0.84375,2.029296875,-0.4921875,-0.37561932113669017,165,1712915073510
1083,-0.9296875,2.037109375,-0.478515625,-0.37561932113669017,196,1712915073510
1083,-0.9453125,2.083984375,-0.4296875,-0.37561932113669017,121,1712915073510
1083,-1.109375,2.072265625,-0.271484375,-0.37561932113669017,54,1712915073510
1083,-1.27734375,2.025390625,-0.23046875,-0.37561932113669017,39,1712915073510
1083,-1.15625,1.068359375,-1.501953125,-0.25041288075779344,19,1712915073510
1083,-0.900390625,1.96484375,-0.486328125,-0.25041288075779344,244,1712915073510
1083,-0.9140625,2.021484375,-0.3828125,-0.25041288075779344,682,1712915073510
1083,-0.9296875,2.064453125,-0.337890625,-0.25041288075779344,831,1712915073510
1083,-0.873046875,2.138671875,-0.2890625,-0.25041288075779344,500,1712915073510
1083,-1.03515625,2.126953125,-0.04296875,-0.25041288075779344,247,1712915073510
1083,-1.126953125,2.125,0.005859375,-0.25041288075779344,173,1712915073510
1083,-0.763671875,2.30078125,-0.3046875,-0.25041288075779344,130,1712915073510
1083,-0.853515625,2.26171875,-0.560546875,-0.25041288075779344,120,1712915073510
1083,-0.865234375,2.2734375,-0.65234375,-0.25041288075779344,52,1712915073510
1083,3.1015625,2.99609375,-0.1484375,-0.25041288075779344,24,1712915073510
1083,-3.80859375,0.0,3.931640625,-0.25041288075779344,21,1712915073510
1083,-0.544921875,2.09765625,0.19921875,-0.12520644037889672,26,1712915073510
1083,-0.900390625,1.994140625,-0.33984375,-0.12520644037889672,271,1712915073510
1083,-0.9140625,2.044921875,-0.23828125,-0.12520644037889672,812,1712915073510
1083,-0.9296875,2.083984375,-0.1875,-0.12520644037889672,992,1712915073510
1083,-0.9453125,2.123046875,-0.138671875,-0.12520644037889672,618,1712915073510
1083,-1.109375,2.0859375,0.138671875,-0.12520644037889672,388,1712915073510
1083,-1.126953125,2.123046875,0.08984375,-0.12520644037889672,319,1712915073510
1083,-0.83984375,2.287109375,-0.19140625,-0.12520644037889672,252,1712915073510
1083,-0.853515625,2.298828125,-0.384765625,-0.12520644037889672,218,1712915073510
1083,-0.865234375,2.322265625,-0.451171875,-0.12520644037889672,93,1712915073510
1083,-0.955078125,0.0,3.333984375,-0.12520644037889672,30,1712915073510
1083,-1.49609375,0.0,-1.95703125,0.0,10,1712915073510
1083,-0.4765625,2.12109375,0.095703125,-0.25041288075779344,11,1712915073510
1083,-1.603515625,1.802734375,0.388671875,-0.25041288075779344,82,1712915073510
1083,-3.775390625,0.0,4.09375,-0.25041288075779344,24,1712915073510
1083,3.263671875,2.8515625,-0.396484375,-0.25041288075779344,20,1712915073510
1083,-1.359375,0.0,-1.95703125,-0.12520644037889672,21,1712915073510
1083,0.10546875,1.5,3.046875,-0.12520644037889672,21,1712915073510
1084,-0.884765625,1.966796875,-0.287109375,0.0,35,1712915073611
1084,-0.830078125,2.048828125,-0.123046875,0.0,146,1712915073611
1084,-0.84375,2.087890625,-0.06640625,0.0,234,1712915073611
1084,-0.859375,2.123046875,-0.052734375,0.0,135,1712915073611
1084,-1.236328125,1.9296875,0.41015625,0.0,152,1712915073611
1084,-1.18359375,2.0234375,0.32421875,0.0,239,1712915073611
1084,-1.203125,2.056640625,0.326171875,0.0,152,1712915073611
1084,-1.298828125,2.044921875,0.3203125,0.0,40,1712915073611
1084,-0.900390625,2.0234375,0.021484375,0.12520644037889672,34,1712915073611
1084,-0.986328125,2.025390625,0.009765625,0.12520644037889672,43,1712915073611
1084,-0.859375,2.119140625,-0.12890625,0.12520644037889672,25,1712915073611
1084,-1.310546875,1.8046875,0.671875,0.12520644037889672,41,1712915073611
1084,-1.2578125,1.916015625,0.591796875,0.12520644037889672,57,1712915073611
1084,-1.353515625,1.90625,0.568359375,0.12520644037889672,35,1712915073611
1084,-1.837890625,1.775390625,0.103515625,-1.0016515230311738,20,1712915073611
1084,-1.578125,1.79296875,0.28515625,-0.876445082652277,27,1712915073611
1084,-1.603515625,1.8203125,0.296875,-0.876445082652277,32,1712915073611
1084,-1.7578125,1.83984375,0.25390625,-0.876445082652277,26,1712915073611
1084,-1.2890625,1.89453125,0.0234375,-0.5008257615155869,39,1712915073611
1084,-1.236328125,1.97265625,-0.02734375,-0.5008257615155869,137,1712915073611
1084,-1.2578125,2.00390625,-0.041015625,-0.5008257615155869,188,1712915073611
1084,-1.27734375,2.037109375,-0.044921875,-0.5008257615155869,124,1712915073611
1084,-1.220703125,2.11328125,-0.12109375,-0.5008257615155869,36,1712915073611
1084,-0.884765625,1.884765625,-0.634765625,-0.37561932113669017,23,1712915073611
1084,-0.900390625,1.943359375,-0.560546875,-0.37561932113669017,96,1712915073611
1084,-0.9140625,1.986328125,-0.54296875,-0.37561932113669017,172,1712915073611
1084,-0.859375,2.052734375,-0.544921875,-0.37561932113669017,160,1712915073611
1084,-1.310546875,1.916015625,0.18359375,-0.37561932113669017,231,1712915073611
1084,-1.33203125,1.943359375,0.228515625,-0.37561932113669017,322,1712915073611
1084,-1.353515625,1.96875,0.279296875,-0.37561932113669017,206,1712915073611
1084,-0.763671875,2.22265625,-0.66796875,-0.37561932113669017,81,1712915073611
1084,-0.81640625,1.955078125,-0.5,-0.25041288075779344,78,1712915073611
1084,-0.830078125,2.01171875,-0.40625,-0.25041288075779344,326,1712915073611
1084,-0.84375,2.056640625,-0.365234375,-0.25041288075779344,553,1712915073611
1084,-0.859375,2.095703125,-0.34375,-0.25041288075779344,446,1712915073611
1084,-0.9453125,2.103515625,-0.3203125,-0.25041288075779344,191,1712915073611
1084,-0.9609375,2.13671875,-0.337890625,-0.25041288075779344,172,1712915073611
1084,-0.6015625,2.328125,-0.015625,-0.25041288075779344,125,1712915073611
1084,-0.6875,2.322265625,-0.318359375,-0.25041288075779344,96,1712915073611
1084,-0.884765625,1.94140625,-0.431640625,-0.12520644037889672,81,1712915073611
1084,-0.900390625,2.001953125,-0.298828125,-0.12520644037889672,346,1712915073611
1084,-0.9140625,2.04296875,-0.2421875,-0.12520644037889672,569,1712915073611
1084,-0.9296875,2.08203125,-0.2109375,-0.12520644037889672,396,1712915073611
1084,-1.1640625,2.001953125,0.244140625,-0.12520644037889672,277,1712915073611
1084,-1.18359375,2.044921875,0.154296875,-0.12520644037889672,433,1712915073611
1084,-1.203125,2.078125,0.130859375,-0.12520644037889672,280,1712915073611
1084,-1.298828125,2.0703125,0.046875,-0.12520644037889672,75,1712915073611
1084,-0.751953125,2.150390625,-0.7734375,-0.37561932113669017,120,1712915073611
1084,-0.458984375,1.591796875,1.796875,-0.12520644037889672,41,1712915073611
1085,-0.80078125,1.970703125,-0.201171875,0.0,17,1712915073711
1085,-0.81640625,2.01171875,-0.154296875,0.0,109,1712915073711
1085,-0.830078125,2.048828125,-0.130859375,0.0,255,1712915073711
1085,-0.9140625,2.0546875,-0.103515625,0.0,284,1712915073711
1085,-0.9296875,2.09375,0.01953125,0.0,177,1712915073711
1085,-1.091796875,2.017578125,0.40234375,0.0,77,1712915073711
1085,-1.109375,1.99609375,0.619140625,0.0,37,1712915073711
1085,-1.203125,2.056640625,0.333984375,0.0,19,1712915073711
1085,-1.068359375,2.197265625,-0.02734375,0.0,31,1712915073711
1085,-1.0859375,2.23046875,-0.0703125,0.0,30,1712915073711
1085,3.20703125,2.82421875,0.1328125,0.0,15,1712915073711
1085,-0.884765625,1.978515625,-0.1953125,0.12520644037889672,19,1712915073711
1085,-0.830078125,2.052734375,-0.046875,0.12520644037889672,47,1712915073711
1085,-0.9140625,2.056640625,0.078125,0.12520644037889672,56,1712915073711
1085,-1.07421875,1.970703125,0.4609375,0.12520644037889672,37,1712915073711
1085,-1.310546875,1.650390625,0.990234375,0.12520644037889672,25,1712915073711
1085,-1.8046875,0.0,-2.16796875,0.6260322018944836,17,1712915073711
1085,-1.83203125,0.0,-2.19140625,0.6260322018944836,22,1712915073711
1085,-1.71875,0.0,-2.2578125,0.7512386422733803,22,1712915073711
1085,-1.74609375,0.0,-2.19140625,0.7512386422733803,39,1712915073711
1085,-1.775390625,0.0,-2.1484375,0.7512386422733803,41,1712915073711
1085,-1.87890625,0.0,-2.08203125,0.7512386422733803,43,1712915073711
1085,-1.908203125,0.0,-2.0703125,0.7512386422733803,45,1712915073711
1085,-1.939453125,0.0,-2.0859375,0.7512386422733803,28,1712915073711
1085,-1.71875,0.0,-2.1015625,0.876445082652277,61,1712915073711
1085,-1.74609375,0.0,-2.10546875,0.876445082652277,105,1712915073711
1085,-1.775390625,0.0,-2.11328125,0.876445082652277,90,1712915073711
1085,-1.87890625,0.0,-2.056640625,0.876445082652277,50,1712915073711
1085,-1.984375,0.0,-1.943359375,0.876445082652277,34,1712915073711
1085,-1.939453125,0.0,-2.0234375,0.876445082652277,21,1712915073711
1085,-1.478515625,1.6875,0.208984375,-1.0016515230311738,17,1712915073711
1085,-1.431640625,1.771484375,0.248046875,-1.0016515230311738,75,1712915073711
1085,-1.455078125,1.796875,0.27734375,-1.0016515230311738,125,1712915073711
1085,-1.478515625,1.8203125,0.314453125,-1.0016515230311738,100,1712915073711
1085,-1.50390625,1.853515625,0.30078125,-1.0016515230311738,39,1712915073711
1085,-1.216796875,1.939453125,0.060546875,-0.876445082652277,22,1712915073711
1085,-1.310546875,1.904296875,0.2890625,-0.876445082652277,26,1712915073711
1085,-1.478515625,1.73046875,0.646484375,-0.876445082652277,20,1712915073711
1085,-1.197265625,1.908203125,0.03515625,-0.7512386422733803,48,1712915073711
1085,-1.2890625,1.892578125,0.05859375,-0.7512386422733803,131,1712915073711
1085,-1.236328125,1.97265625,0.025390625,-0.7512386422733803,159,1712915073711
1085,-1.18359375,2.048828125,-0.05078125,-0.7512386422733803,92,1712915073711
1085,-0.90234375,2.197265625,-0.375,-0.7512386422733803,37,1712915073711
1085,-1.267578125,1.857421875,0.142578125,-0.6260322018944836,56,1712915073711
1085,-1.2890625,1.884765625,0.1875,-0.6260322018944836,157,1712915073711
1085,-1.236328125,1.966796875,0.166015625,-0.6260322018944836,194,1712915073711
1085,-1.18359375,2.048828125,0.044921875,-0.6260322018944836,115,1712915073711
1085,-0.90234375,2.205078125,-0.333984375,-0.6260322018944836,48,1712915073711
1085,-0.83984375,2.205078125,-0.634765625,-0.6260322018944836,19,1712915073711
1085,-0.900390625,1.990234375,-0.36328125,-0.5008257615155869,15,1712915073711
1085,-1.126953125,1.9375,0.23046875,-0.5008257615155869,41,1712915073711
1085,-1.2890625,1.84765625,0.412109375,-0.5008257615155869,88,1712915073711
1085,-1.310546875,1.8828125,0.40234375,-0.5008257615155869,91,1712915073711
1085,-0.666015625,2.203125,-0.5546875,-0.5008257615155869,111,1712915073711
1085,-0.67578125,2.232421875,-0.587890625,-0.5008257615155869,77,1712915073711
1085,-0.763671875,2.234375,-0.626953125,-0.5008257615155869,31,1712915073711
1085,-0.748046875,1.96875,-0.546875,-0.37561932113669017,33,1712915073711
1085,-0.76171875,2.0234375,-0.478515625,-0.37561932113669017,60,1712915073711
1085,-0.7734375,2.0625,-0.470703125,-0.37561932113669017,55,1712915073711
1085,-0.501953125,2.232421875,-0.1171875,-0.37561932113669017,54,1712915073711
1085,-0.58203125,2.224609375,-0.3671875,-0.37561932113669017,136,1712915073711
1085,-0.666015625,2.224609375,-0.45703125,-0.37561932113669017,206,1712915073711
1085,-0.751953125,2.2265625,-0.513671875,-0.37561932113669017,177,1712915073711
1085,-0.763671875,2.26171875,-0.521484375,-0.37561932113669017,88,1712915073711
1086,-0.734375,2.005859375,-0.0625,0.0,19,1712915073812
1086,-0.748046875,2.04296875,0.009765625,0.0,79,1712915073812
1086,-0.76171875,2.080078125,0.025390625,0.0,143,1712915073812
1086,-0.84375,2.087890625,0.037109375,0.0,129,1712915073812
1086,-0.9296875,2.080078125,0.232421875,0.0,79,1712915073812
1086,-1.01953125,2.080078125,0.244140625,0.0,73,1712915073812
1086,-0.88671875,2.169921875,0.3203125,0.0,50,1712915073812
1086,-0.826171875,2.2265625,0.376953125,0.0,23,1712915073812
1086,-0.81640625,2.015625,-0.091796875,0.12520644037889672,21,1712915073812
1086,-0.830078125,2.05078125,-0.06640625,0.12520644037889672,52,1712915073812
1086,-0.84375,2.087890625,-0.01953125,0.12520644037889672,61,1712915073812
1086,-0.859375,2.1171875,0.154296875,0.12520644037889672,39,1712915073812
1086,-1.01953125,1.982421875,0.67578125,0.12520644037889672,18,1712915073812
1086,-3.33984375,0.0,3.61328125,0.12520644037889672,27,1712915073812
1086,-3.373046875,0.0,3.703125,0.12520644037889672,20,1712915073812
1086,-0.900390625,2.021484375,0.07421875,0.25041288075779344,18,1712915073812
1086,-0.84375,2.08203125,0.166015625,0.25041288075779344,21,1712915073812
1086,-2.607421875,2.484375,0.427734375,0.37561932113669017,12,1712915073812
1086,-1.5859375,1.7890625,2.7265625,0.5008257615155869,14,1712915073812
1086,-1.548828125,0.0,-1.6640625,0.6260322018944836,24,1712915073812
1086,-1.50390625,0.0,-1.783203125,0.6260322018944836,49,1712915073812
1086,-1.52734375,0.0,-1.86328125,0.6260322018944836,49,1712915073812
1086,-1.626953125,0.0,-1.873046875,0.6260322018944836,22,1712915073812
1086,-1.564453125,0.0,2.052734375,0.7512386422733803,17,1712915073812
1086,-1.521484375,0.0,-2.138671875,0.7512386422733803,45,1712915073812
1086,-1.478515625,0.0,-1.9453125,0.7512386422733803,60,1712915073812
1086,-1.50390625,0.0,-1.78125,0.7512386422733803,70,1712915073812
1086,-1.52734375,0.0,-1.8046875,0.7512386422733803,63,1712915073812
1086,-1.626953125,0.0,-1.880859375,0.7512386422733803,29,1712915073812
1086,-1.49609375,0.0,-2.060546875,0.876445082652277,58,1712915073812
1086,-1.521484375,0.0,-1.978515625,0.876445082652277,118,1712915073812
1086,-1.548828125,0.0,-1.919921875,0.876445082652277,110,1712915073812
1086,-1.50390625,0.0,-1.802734375,0.876445082652277,60,1712915073812
1086,-1.6015625,0.24609375,-1.673828125,0.876445082652277,32,1712915073812
1086,-1.15625,1.81640625,0.310546875,-1.0016515230311738,48,1712915073812
1086,-1.24609375,1.7890625,0.390625,-1.0016515230311738,89,1712915073812
1086,-1.197265625,1.853515625,0.45703125,-1.0016515230311738,79,1712915073812
1086,-1.216796875,1.861328125,0.552734375,-1.0016515230311738,32,1712915073812
1086,-1.24609375,1.802734375,0.3203125,-0.876445082652277,22,1712915073812
1086,-1.267578125,1.833984375,0.328125,-0.876445082652277,21,1712915073812
1086,-1.908203125,0.0,-2.04296875,-0.7512386422733803,22,1712915073812
1086,-1.861328125,0.0,-2.041015625,-0.7512386422733803,21,1712915073812
1086,-1.83203125,0.0,-2.11328125,-0.6260322018944836,22,1712915073812
1086,-1.861328125,0.0,-1.998046875,-0.6260322018944836,19,1712915073812
1086,-0.71484375,2.048828125,-0.73046875,-0.5008257615155869,30,1712915073812
1086,-0.728515625,2.109375,-0.666015625,-0.5008257615155869,76,1712915073812
1086,-0.740234375,2.15234375,-0.6484375,-0.5008257615155869,110,1712915073812
1086,-0.67578125,2.2265625,-0.607421875,-0.5008257615155869,80,1712915073812
1086,-0.763671875,2.220703125,-0.673828125,-0.5008257615155869,22,1712915073812
1086,-0.96875,1.802734375,-0.84765625,-0.37561932113669017,22,1712915073812
1086,-0.9140625,1.74609375,-1.08984375,-0.37561932113669017,32,1712915073812
1086,-0.64453125,2.095703125,-0.66015625,-0.37561932113669017,51,1712915073812
1086,-0.654296875,2.162109375,-0.56640625,-0.37561932113669017,152,1712915073812
1086,-0.740234375,2.18359375,-0.533203125,-0.37561932113669017,230,1712915073812
1086,-0.67578125,2.251953125,-0.5078125,-0.37561932113669017,179,1712915073812
1086,-0.6875,2.294921875,-0.478515625,-0.37561932113669017,62,1712915073812
1086,-0.734375,1.9609375,-0.431640625,-0.25041288075779344,21,1712915073812
1086,-0.6796875,2.05859375,-0.193359375,-0.25041288075779344,78,1712915073812
1086,-0.69140625,2.1015625,-0.087890625,-0.25041288075779344,121,1712915073812
1086,-0.703125,2.134765625,0.1484375,-0.25041288075779344,77,1712915073812
1086,-1.14453125,1.4453125,1.359375,-0.25041288075779344,52,1712915073812
1086,-0.509765625,2.205078125,-0.548828125,-0.25041288075779344,89,1712915073812
1086,-0.666015625,2.220703125,-0.478515625,-0.25041288075779344,145,1712915073812
1086,-0.67578125,2.26953125,-0.423828125,-0.25041288075779344,124,1712915073812
1087,-0.81640625,1.6796875,1.115234375,0.0,18,1712915073912
1087,-0.76171875,1.990234375,0.603515625,0.0,39,1712915073912
1087,-0.84375,1.90625,0.853515625,0.0,30,1712915073912
1087,-1.14453125,0.0,2.171875,0.0,19,1712915073912
1087,-0.654296875,2.06640625,-0.849609375,0.0,34,1712915073912
1087,-0.90234375,2.224609375,0.158203125,0.0,15,1712915073912
1087,-0.83984375,2.28125,-0.240234375,0.0,19,1712915073912
1087,-0.748046875,2.04296875,-0.048828125,0.12520644037889672,19,1712915073912
1087,-0.76171875,2.078125,0.076171875,0.12520644037889672,38,1712915073912
1087,-0.7734375,2.111328125,0.12890625,0.12520644037889672,39,1712915073912
1087,-0.64453125,2.1953125,0.111328125,0.12520644037889672,34,1712915073912
1087,-0.654296875,2.2265625,0.193359375,0.12520644037889672,44,1712915073912
1087,-0.666015625,2.248046875,0.330078125,0.12520644037889672,35,1712915073912
1087,-1.224609375,0.0,-1.734375,0.876445082652277,20,1712915073912
1087,-1.181640625,0.0,-1.7578125,0.876445082652277,39,1712915073912
1087,-1.203125,0.265625,-1.748046875,0.876445082652277,56,1712915073912
1087,-1.224609375,0.404296875,-1.75390625,0.876445082652277,71,1712915073912
1087,-1.17578125,0.638671875,-1.763671875,0.876445082652277,59,1712915073912
1087,-1.197265625,0.474609375,-1.84765625,0.876445082652277,24,1712915073912
1087,-0.966796875,1.78515625,0.357421875,-1.0016515230311738,48,1712915073912
1087,-0.91796875,1.84765625,0.392578125,-1.0016515230311738,91,1712915073912
1087,-1.001953125,1.833984375,0.44921875,-1.0016515230311738,110,1712915073912
1087,-0.951171875,1.880859375,0.541015625,-1.0016515230311738,114,1712915073912
1087,-0.96875,1.90625,0.578125,-1.0016515230311738,88,1712915073912
1087,-0.9140625,1.98828125,0.53515625,-1.0016515230311738,36,1712915073912
1087,-0.966796875,1.76171875,0.4609375,-0.876445082652277,34,1712915073912
1087,-0.984375,1.7890625,0.4921875,-0.876445082652277,63,1712915073912
1087,-1.001953125,1.80859375,0.54296875,-0.876445082652277,69,1712915073912
1087,-1.01953125,1.80859375,0.650390625,-0.876445082652277,55,1712915073912
1087,-0.96875,1.85546875,0.72265625,-0.876445082652277,36,1712915073912
1087,-0.986328125,2.021484375,-0.1171875,-0.6260322018944836,28,1712915073912
1087,-0.9296875,2.076171875,-0.26171875,-0.6260322018944836,23,1712915073912
1087,-0.96875,1.984375,-0.150390625,-0.5008257615155869,44,1712915073912
1087,-0.986328125,2.009765625,-0.25,-0.5008257615155869,94,1712915073912
1087,-1.001953125,2.03125,-0.341796875,-0.5008257615155869,109,1712915073912
1087,-0.9453125,2.08984375,-0.404296875,-0.5008257615155869,78,1712915073912
1087,-0.9609375,2.12109375,-0.423828125,-0.5008257615155869,37,1712915073912
1087,-0.96875,1.958984375,-0.359375,-0.37561932113669017,72,1712915073912
1087,-0.9140625,2.025390625,-0.36328125,-0.37561932113669017,179,1712915073912
1087,-1.001953125,2.037109375,-0.3046875,-0.37561932113669017,240,1712915073912
1087,-1.01953125,2.080078125,-0.234375,-0.37561932113669017,185,1712915073912
1087,-0.9609375,2.154296875,-0.181640625,-0.37561932113669017,86,1712915073912
1087,-0.9765625,2.1953125,-0.08984375,-0.37561932113669017,28,1712915073912
1087,-1.107421875,1.677734375,-0.927734375,-0.25041288075779344,36,1712915073912
1087,-0.986328125,1.955078125,-0.52734375,-0.25041288075779344,138,1712915073912
1087,-1.001953125,2.029296875,-0.3515625,-0.25041288075779344,228,1712915073912
1087,-0.9453125,2.1171875,-0.216796875,-0.25041288075779344,192,1712915073912
1087,-0.9609375,2.162109375,-0.03125,-0.25041288075779344,85,1712915073912
1087,-0.6796875,2.04296875,0.318359375,-0.12520644037889672,43,1712915073912
1087,-0.69140625,2.083984375,0.27734375,-0.12520644037889672,89,1712915073912
1087,-0.5625,2.1484375,0.37890625,-0.12520644037889672,61,1712915073912
1087,-1.001953125,1.751953125,-1.08203125,-0.12520644037889672,77,1712915073912
1087,-0.80078125,2.095703125,-0.626953125,-0.12520644037889672,100,1712915073912
1087,-0.740234375,2.162109375,-0.61328125,-0.12520644037889672,48,1712915073912
1087,-0.67578125,2.265625,-0.44140625,-0.12520644037889672,25,1712915073912
1087,-0.6875,2.302734375,-0.4375,-0.12520644037889672,38,1712915073912
1087,-0.4296875,2.220703125,-0.36328125,0.0,17,1712915073912
1087,-0.451171875,2.0078125,0.109375,0.876445082652277,13,1712915073912
1087,-0.39453125,2.046875,0.251953125,0.876445082652277,27,1712915073912
1087,-0.400390625,2.06640625,0.37109375,0.876445082652277,41,1712915073912
1087,-0.408203125,2.095703125,0.416015625,0.876445082652277,51,1712915073912
1087,-0.345703125,2.14453125,0.42578125,0.876445082652277,43,1712915073912
1087,-0.3515625,2.1953125,0.3671875,0.876445082652277,18,1712915073912
1087,-0.416015625,2.0703125,0.669921875,-0.25041288075779344,21,1712915073912
1088,-0.734375,1.927734375,-0.55859375,0.0,34,1712915074013
1088,-0.748046875,1.970703125,-0.541015625,0.0,35,1712915074013
1088,-0.69140625,2.091796875,0.2109375,0.0,56,1712915074013
1088,-0.703125,2.1171875,0.302734375,0.0,62,1712915074013
1088,-1.07421875,1.921875,0.6328125,0.0,37,1712915074013
1088,-0.873046875,2.091796875,0.533203125,0.0,38,1712915074013
1088,-1.109375,2.060546875,0.353515625,0.0,13,1712915074013
1088,-0.67578125,2.220703125,-0.626953125,0.0,17,1712915074013
1088,-3.373046875,0.0,3.103515625,0.0,18,1712915074013
1088,-3.529296875,0.0,3.24609375,0.0,18,1712915074013
1088,-0.6796875,2.021484375,-0.4296875,0.12520644037889672,21,1712915074013
1088,-0.69140625,2.068359375,-0.380859375,0.12520644037889672,26,1712915074013
1088,-0.9140625,2.048828125,0.19140625,0.12520644037889672,26,1712915074013
1088,-0.859375,2.099609375,0.314453125,0.12520644037889672,28,1712915074013
1088,-0.654296875,2.234375,0.01171875,0.12520644037889672,37,1712915074013
1088,-0.591796875,2.291015625,-0.05859375,0.12520644037889672,38,1712915074013
1088,-0.6015625,2.32421875,-0.130859375,0.12520644037889672,21,1712915074013
1088,-3.458984375,0.0,3.21484375,0.12520644037889672,20,1712915074013
1088,-3.373046875,0.0,3.38671875,0.12520644037889672,34,1712915074013
1088,-3.40625,0.0,3.595703125,0.12520644037889672,35,1712915074013
1088,-3.564453125,0.0,3.728515625,0.12520644037889672,21,1712915074013
1088,-0.62109375,1.865234375,0.283203125,-0.6260322018944836,28,1712915074013
1088,-0.6328125,1.90625,0.2421875,-0.6260322018944836,39,1712915074013
1088,-0.64453125,1.947265625,0.201171875,-0.6260322018944836,33,1712915074013
1088,-0.65625,1.978515625,0.2578125,-0.6260322018944836,66,1712915074013
1088,-0.66796875,2.01171875,0.27734375,-0.6260322018944836,68,1712915074013
1088,-0.611328125,2.052734375,0.38671875,-0.6260322018944836,29,1712915074013
1088,-0.9140625,2.056640625,-0.060546875,-0.6260322018944836,43,1712915074013
1088,-0.681640625,1.8125,0.4375,-0.5008257615155869,29,1712915074013
1088,-0.6953125,1.86328125,0.369140625,-0.5008257615155869,46,1712915074013
1088,-0.580078125,1.953125,0.3203125,-0.5008257615155869,57,1712915074013
1088,-0.65625,1.94921875,0.427734375,-0.5008257615155869,109,1712915074013
1088,-0.66796875,1.982421875,0.439453125,-0.5008257615155869,111,1712915074013
1088,-0.544921875,2.009765625,0.630859375,-0.5008257615155869,44,1712915074013
1088,-0.96875,1.9765625,0.240234375,-0.5008257615155869,64,1712915074013
1088,-0.986328125,2.009765625,0.248046875,-0.5008257615155869,95,1712915074013
1088,-1.001953125,2.025390625,0.373046875,-0.5008257615155869,53,1712915074013
1088,-0.88671875,2.189453125,-0.154296875,-0.5008257615155869,25,1712915074013
1088,-0.6953125,1.83984375,0.474609375,-0.37561932113669017,18,1712915074013
1088,-0.64453125,1.89453125,0.4921875,-0.37561932113669017,34,1712915074013
1088,-0.65625,1.875,0.6796875,-0.37561932113669017,60,1712915074013
1088,-0.66796875,1.802734375,0.935546875,-0.37561932113669017,57,1712915074013
1088,-0.611328125,1.056640625,-1.80078125,-0.37561932113669017,33,1712915074013
1088,-0.484375,2.109375,-0.470703125,-0.37561932113669017,26,1712915074013
1088,-0.84375,1.93359375,-0.78515625,-0.37561932113669017,48,1712915074013
1088,-0.859375,2.10546875,-0.275390625,-0.37561932113669017,107,1712915074013
1088,-0.80078125,2.185546875,-0.060546875,-0.37561932113669017,109,1712915074013
1088,-0.814453125,2.22265625,0.025390625,-0.37561932113669017,57,1712915074013
1088,-0.58984375,1.701171875,-1.080078125,-0.25041288075779344,19,1712915074013
1088,-0.66796875,1.7890625,-0.958984375,-0.25041288075779344,52,1712915074013
1088,-0.6796875,1.626953125,-1.275390625,-0.25041288075779344,48,1712915074013
1088,-0.96875,1.8046875,0.841796875,-0.25041288075779344,53,1712915074013
1088,-0.84375,2.080078125,0.177734375,-0.25041288075779344,160,1712915074013
1088,-0.9296875,2.09375,0.03125,-0.25041288075779344,214,1712915074013
1088,-0.873046875,2.158203125,0.044921875,-0.25041288075779344,175,1712915074013
1088,-0.88671875,2.193359375,0.033203125,-0.25041288075779344,67,1712915074013
1088,-0.525390625,2.248046875,-0.671875,-0.25041288075779344,29,1712915074013
1088,-0.65625,1.90234375,-0.59765625,-0.12520644037889672,23,1712915074013
1088,-0.66796875,1.908203125,-0.693359375,-0.12520644037889672,76,1712915074013
1088,-0.6796875,1.9375,-0.71875,-0.12520644037889672,78,1712915074013
1088,-0.623046875,2.125,0.0390625,-0.12520644037889672,109,1712915074013
1088,-0.6328125,2.15625,0.150390625,-0.12520644037889672,129,1712915074013
1088,-0.9296875,2.083984375,0.197265625,-0.12520644037889672,73,1712915074013
1088,-1.01953125,2.08203125,0.21484375,-0.12520644037889672,76,1712915074013
1089,-0.791015625,1.626953125,0.71875,0.0,15,1712915074113
1089,-0.744140625,1.677734375,0.755859375,0.0,25,1712915074113
1089,-0.884765625,1.58984375,0.8828125,0.0,17,1712915074113
1089,-0.734375,2.0,0.17578125,0.0,62,1712915074113
1089,-0.81640625,1.98046875,0.384765625,0.0,106,1712915074113
1089,-0.900390625,1.533203125,1.3203125,0.0,73,1712915074113
1089,-0.986328125,1.255859375,-1.587890625,0.0,32,1712915074113
1089,-0.501953125,2.19140625,-0.439453125,0.0,37,1712915074113
1089,-0.509765625,2.23828125,-0.390625,0.0,74,1712915074113
1089,-0.517578125,2.287109375,-0.322265625,0.0,75,1712915074113
1089,-0.6015625,2.322265625,-0.1640625,0.0,37,1712915074113
1089,-0.80078125,1.97265625,0.1875,0.12520644037889672,19,1712915074113
1089,-0.748046875,2.041015625,0.08203125,0.12520644037889672,49,1712915074113
1089,-0.76171875,2.078125,0.087890625,0.12520644037889672,56,1712915074113
1089,-0.6328125,2.158203125,-0.1328125,0.12520644037889672,46,1712915074113
1089,-0.501953125,2.22265625,-0.23828125,0.12520644037889672,100,1712915074113
1089,-0.58203125,2.244140625,-0.2109375,0.12520644037889672,193,1712915074113
1089,-0.591796875,2.28515625,-0.1640625,0.12520644037889672,187,1712915074113
1089,-0.6015625,2.328125,-0.0703125,0.12520644037889672,86,1712915074113
1089,-0.501953125,2.23046875,-0.1484375,0.25041288075779344,53,1712915074113
1089,-0.58203125,2.25390625,-0.083984375,0.25041288075779344,97,1712915074113
1089,-0.591796875,2.291015625,-0.044921875,0.25041288075779344,91,1712915074113
1089,-0.6015625,2.328125,0.064453125,0.25041288075779344,41,1712915074113
1089,-0.595703125,1.8125,-0.013671875,-0.6260322018944836,37,1712915074113
1089,-0.669921875,1.828125,0.060546875,-0.6260322018944836,151,1712915074113
1089,-0.62109375,1.8828125,0.09375,-0.6260322018944836,240,1712915074113
1089,-0.6953125,1.896484375,0.126953125,-0.6260322018944836,177,1712915074113
1089,-0.708984375,1.927734375,0.185546875,-0.6260322018944836,52,1712915074113
1089,-0.65625,1.787109375,0.14453125,-0.5008257615155869,80,1712915074113
1089,-0.669921875,1.818359375,0.1953125,-0.5008257615155869,328,1712915074113
1089,-0.681640625,1.849609375,0.23046875,-0.5008257615155869,531,1712915074113
1089,-0.6953125,1.8828125,0.26171875,-0.5008257615155869,392,1712915074113
1089,-0.708984375,1.91015625,0.30859375,-0.5008257615155869,110,1712915074113
1089,-0.58984375,2.009765625,0.13671875,-0.5008257615155869,40,1712915074113
1089,-0.81640625,2.01171875,-0.13671875,-0.5008257615155869,74,1712915074113
1089,-0.830078125,2.046875,-0.146484375,-0.5008257615155869,114,1712915074113
1089,-0.84375,2.08203125,-0.169921875,-0.5008257615155869,94,1712915074113
1089,-0.859375,2.119140625,-0.126953125,-0.5008257615155869,45,1712915074113
1089,-0.65625,1.767578125,0.29296875,-0.37561932113669017,50,1712915074113
1089,-0.669921875,1.798828125,0.328125,-0.37561932113669017,202,1712915074113
1089,-0.681640625,1.828125,0.361328125,-0.37561932113669017,332,1712915074113
1089,-0.6953125,1.861328125,0.38671875,-0.37561932113669017,252,1712915074113
1089,-0.64453125,1.916015625,0.40625,-0.37561932113669017,94,1712915074113
1089,-0.525390625,2.009765625,0.302734375,-0.37561932113669017,83,1712915074113
1089,-0.66796875,2.015625,0.24609375,-0.37561932113669017,62,1712915074113
1089,-0.884765625,1.978515625,0.205078125,-0.37561932113669017,117,1712915074113
1089,-0.900390625,2.0234375,0.02734375,-0.37561932113669017,211,1712915074113
1089,-0.84375,2.087890625,-0.06640625,-0.37561932113669017,190,1712915074113
1089,-0.859375,2.119140625,-0.140625,-0.37561932113669017,85,1712915074113
1089,-0.873046875,2.09375,-0.525390625,-0.37561932113669017,25,1712915074113
1089,-0.806640625,1.75390625,0.46484375,-0.25041288075779344,27,1712915074113
1089,-0.6328125,1.86328125,0.47265625,-0.25041288075779344,30,1712915074113
1089,-0.580078125,1.939453125,0.390625,-0.25041288075779344,48,1712915074113
1089,-0.58984375,2.001953125,0.22265625,-0.25041288075779344,71,1712915074113
1089,-0.66796875,2.02734375,-0.12890625,-0.25041288075779344,153,1712915074113
1089,-0.748046875,2.0390625,0.130859375,-0.25041288075779344,201,1712915074113
1089,-0.69140625,1.900390625,0.900390625,-0.25041288075779344,118,1712915074113
1089,-0.9140625,2.0546875,-0.11328125,-0.25041288075779344,115,1712915074113
1089,-0.859375,2.1015625,-0.298828125,-0.25041288075779344,145,1712915074113
1089,-0.80078125,2.15625,-0.359375,-0.25041288075779344,119,1712915074113
1089,-0.814453125,2.12109375,-0.662109375,-0.25041288075779344,33,1712915074113
1089,-0.65625,1.9921875,-0.087890625,-0.12520644037889672,34,1712915074113
1089,-0.734375,2.005859375,-0.072265625,-0.12520644037889672,147,1712915074113
1089,-0.748046875,2.0390625,0.123046875,-0.12520644037889672,226,1712915074113
1090,-0.71484375,1.68359375,0.546875,0.0,28,1712915074214
1090,-0.73046875,1.69921875,0.60546875,0.0,43,1712915074214
1090,-0.744140625,1.7265625,0.63671875,0.0,32,1712915074214
1090,-0.6953125,1.810546875,0.576171875,0.0,13,1712915074214
1090,-0.58984375,2.009765625,0.142578125,0.0,20,1712915074214
1090,-0.6015625,2.01953125,0.36328125,0.0,51,1712915074214
1090,-0.6796875,2.0,0.51953125,0.0,109,1712915074214
1090,-0.76171875,2.03125,0.443359375,0.0,159,1712915074214
1090,-0.7734375,2.0859375,0.35546875,0.0,141,1712915074214
1090,-0.9296875,1.982421875,0.673828125,0.0,59,1712915074214
1090,-0.4375,2.21875,-0.552734375,0.0,138,1712915074214
1090,-0.517578125,2.26171875,-0.466796875,0.0,190,1712915074214
1090,-0.525390625,2.30859375,-0.419921875,0.0,121,1712915074214
1090,-0.53515625,2.349609375,-0.400390625,0.0,35,1712915074214
1090,-0.830078125,1.998046875,0.466796875,0.12520644037889672,38,1712915074214
1090,-0.4296875,2.2109375,-0.4140625,0.12520644037889672,106,1712915074214
1090,-0.509765625,2.24609375,-0.349609375,0.12520644037889672,319,1712915074214
1090,-0.517578125,2.28515625,-0.33984375,0.12520644037889672,417,1712915074214
1090,-0.525390625,2.32421875,-0.32421875,0.12520644037889672,270,1712915074214
1090,-0.53515625,2.36328125,-0.30859375,0.12520644037889672,80,1712915074214
1090,-0.572265625,2.201171875,-0.267578125,0.25041288075779344,80,1712915074214
1090,-0.509765625,2.2578125,-0.251953125,0.25041288075779344,250,1712915074214
1090,-0.517578125,2.294921875,-0.259765625,0.25041288075779344,352,1712915074214
1090,-0.525390625,2.33203125,-0.267578125,0.25041288075779344,249,1712915074214
1090,-0.53515625,2.369140625,-0.271484375,0.25041288075779344,82,1712915074214
1090,-0.501953125,2.19921875,-0.404296875,0.37561932113669017,22,1712915074214
1090,-0.509765625,2.25390625,-0.291015625,0.37561932113669017,75,1712915074214
1090,-0.517578125,2.294921875,-0.265625,0.37561932113669017,121,1712915074214
1090,-0.525390625,2.33203125,-0.26171875,0.37561932113669017,100,1712915074214
1090,-0.53515625,2.37109375,-0.255859375,0.37561932113669017,40,1712915074214
1090,-0.583984375,1.77734375,0.0390625,-0.5008257615155869,53,1712915074214
1090,-0.595703125,1.810546875,0.0859375,-0.5008257615155869,201,1712915074214
1090,-0.669921875,1.82421875,0.12890625,-0.5008257615155869,308,1712915074214
1090,-0.681640625,1.857421875,0.162109375,-0.5008257615155869,207,1712915074214
1090,-0.822265625,1.84375,0.13671875,-0.5008257615155869,31,1712915074214
1090,-0.515625,1.98046875,0.25390625,-0.5008257615155869,69,1712915074214
1090,-0.58984375,2.0,0.244140625,-0.5008257615155869,44,1712915074214
1090,-0.81640625,1.994140625,-0.3046875,-0.5008257615155869,65,1712915074214
1090,-0.830078125,2.02734375,-0.31640625,-0.5008257615155869,97,1712915074214
1090,-0.84375,2.068359375,-0.2890625,-0.5008257615155869,75,1712915074214
1090,-0.787109375,2.1328125,-0.28125,-0.5008257615155869,35,1712915074214
1090,-0.583984375,1.76953125,0.158203125,-0.37561932113669017,116,1712915074214
1090,-0.65625,1.779296875,0.2109375,-0.37561932113669017,439,1712915074214
1090,-0.669921875,1.810546875,0.248046875,-0.37561932113669017,667,1712915074214
1090,-0.681640625,1.841796875,0.28515625,-0.37561932113669017,453,1712915074214
1090,-0.7578125,1.845703125,0.337890625,-0.37561932113669017,89,1712915074214
1090,-0.580078125,1.943359375,0.37109375,-0.37561932113669017,93,1712915074214
1090,-0.869140625,1.939453125,-0.23046875,-0.37561932113669017,43,1712915074214
1090,-0.884765625,1.978515625,-0.197265625,-0.37561932113669017,175,1712915074214
1090,-0.830078125,2.044921875,-0.1875,-0.37561932113669017,309,1712915074214
1090,-0.84375,2.08203125,-0.162109375,-0.37561932113669017,258,1712915074214
1090,-0.859375,2.119140625,-0.138671875,-0.37561932113669017,110,1712915074214
1090,3.19140625,2.361328125,-0.9609375,-0.37561932113669017,25,1712915074214
1090,3.220703125,2.4453125,-0.802734375,-0.37561932113669017,43,1712915074214
1090,3.25,2.48828125,-0.74609375,-0.37561932113669017,41,1712915074214
1090,-0.642578125,1.734375,0.279296875,-0.25041288075779344,73,1712915074214
1090,-0.65625,1.76171875,0.333984375,-0.25041288075779344,281,1712915074214
1090,-0.669921875,1.791015625,0.369140625,-0.25041288075779344,431,1712915074214
1090,-0.681640625,1.818359375,0.412109375,-0.25041288075779344,299,1712915074214
1090,-0.7578125,1.814453125,0.4765625,-0.25041288075779344,69,1712915074214
1090,-0.64453125,1.91796875,0.392578125,-0.25041288075779344,38,1712915074214
1090,-0.6015625,1.328125,-1.564453125,-0.25041288075779344,67,1712915074214
1090,-0.951171875,1.9140625,-0.40625,-0.25041288075779344,110,1712915074214
1090,-0.96875,1.98046875,-0.197265625,-0.25041288075779344,207,1712915074214
1091,-0.8359375,1.634765625,0.5234375,0.0,14,1712915074315
1091,-0.791015625,1.623046875,0.728515625,0.0,13,1712915074315
1091,-0.64453125,1.94921875,-0.18359375,0.0,16,1712915074315
1091,-0.65625,1.990234375,-0.138671875,0.0,46,1712915074315
1091,-0.66796875,2.03125,-0.015625,0.0,74,1712915074315
1091,-0.611328125,2.08203125,0.154296875,0.0,73,1712915074315
1091,-0.69140625,2.099609375,0.11328125,0.0,30,1712915074315
1091,-3.40625,0.0,3.02734375,0.0,14,1712915074315
1091,-0.443359375,2.28515625,-0.43359375,0.12520644037889672,31,1712915074315
1091,-0.451171875,2.322265625,-0.4296875,0.12520644037889672,41,1712915074315
1091,-3.40625,0.0,3.49609375,0.12520644037889672,26,1712915074315
1091,-3.44140625,0.0,3.517578125,0.12520644037889672,22,1712915074315
1091,-0.443359375,2.294921875,-0.37109375,0.25041288075779344,23,1712915074315
1091,-0.525390625,2.326171875,-0.30859375,0.25041288075779344,31,1712915074315
1091,-0.525390625,2.2890625,-0.517578125,0.5008257615155869,18,1712915074315
1091,-0.21484375,1.8125,1.384765625,-1.0016515230311738,16,1712915074315
1091,-0.142578125,1.6640625,1.56640625,-0.876445082652277,22,1712915074315
1091,-0.73046875,1.7890625,0.240234375,-0.5008257615155869,16,1712915074315
1091,-0.62109375,1.8515625,0.361328125,-0.5008257615155869,25,1712915074315
1091,-0.6328125,1.8828125,0.38671875,-0.5008257615155869,21,1712915074315
1091,-0.81640625,1.99609375,-0.29296875,-0.5008257615155869,32,1712915074315
1091,-0.642578125,1.732421875,0.287109375,-0.37561932113669017,25,1712915074315
1091,-0.65625,1.763671875,0.31640625,-0.37561932113669017,53,1712915074315
1091,-0.669921875,1.779296875,0.419921875,-0.37561932113669017,61,1712915074315
1091,-0.681640625,1.79296875,0.51171875,-0.37561932113669017,57,1712915074315
1091,-0.6953125,1.828125,0.51953125,-0.37561932113669017,37,1712915074315
1091,-0.580078125,1.953125,-0.30859375,-0.37561932113669017,60,1712915074315
1091,-0.58984375,1.947265625,-0.517578125,-0.37561932113669017,230,1712915074315
1091,-0.6015625,1.966796875,-0.5859375,-0.37561932113669017,361,1712915074315
1091,-0.611328125,1.97265625,-0.68359375,-0.37561932113669017,238,1712915074315
1091,-0.623046875,2.08984375,-0.3828125,-0.37561932113669017,108,1712915074315
1091,-0.6328125,2.15625,-0.1484375,-0.37561932113669017,52,1712915074315
1091,-0.787109375,2.134765625,-0.263671875,-0.37561932113669017,45,1712915074315
1091,-0.80078125,2.1796875,-0.1875,-0.37561932113669017,30,1712915074315
1091,-0.701171875,1.69140625,0.384765625,-0.25041288075779344,33,1712915074315
1091,-0.71484375,1.71875,0.421875,-0.25041288075779344,69,1712915074315
1091,-0.669921875,1.7578125,0.501953125,-0.25041288075779344,69,1712915074315
1091,-0.62109375,1.779296875,0.625,-0.25041288075779344,43,1712915074315
1091,-0.6328125,1.861328125,0.474609375,-0.25041288075779344,20,1712915074315
1091,-0.64453125,1.923828125,-0.361328125,-0.25041288075779344,117,1712915074315
1091,-0.58984375,1.978515625,-0.37890625,-0.25041288075779344,486,1712915074315
1091,-0.6015625,2.005859375,-0.42578125,-0.25041288075779344,761,1712915074315
1091,-0.611328125,2.0390625,-0.453125,-0.25041288075779344,537,1712915074315
1091,-0.623046875,2.11328125,-0.23046875,-0.25041288075779344,259,1712915074315
1091,-0.6328125,2.16015625,-0.09765625,-0.25041288075779344,109,1712915074315
1091,-0.787109375,2.1484375,0.109375,-0.25041288075779344,62,1712915074315
1091,-0.71484375,1.697265625,0.498046875,-0.12520644037889672,27,1712915074315
1091,-0.73046875,1.7109375,0.576171875,-0.12520644037889672,23,1712915074315
1091,-0.64453125,1.939453125,-0.2734375,-0.12520644037889672,77,1712915074315
1091,-0.58984375,1.998046875,-0.259765625,-0.12520644037889672,306,1712915074315
1091,-0.66796875,2.005859375,-0.3203125,-0.12520644037889672,468,1712915074315
1091,-0.611328125,2.072265625,-0.251953125,-0.12520644037889672,346,1712915074315
1091,-0.623046875,2.123046875,-0.08203125,-0.12520644037889672,179,1712915074315
1091,-0.7734375,2.11328125,-0.091796875,-0.12520644037889672,51,1712915074315
1091,-1.001953125,1.7109375,-1.146484375,-1.0016515230311738,10,1712915074315
1091,-1.07421875,1.771484375,-0.978515625,-0.876445082652277,12,1712915074315
1091,1.548828125,1.634765625,0.060546875,-0.12520644037889672,32,1712915074315
1092,-0.80078125,1.55078125,0.556640625,0.0,12,1712915074416
1092,-0.818359375,1.595703125,0.529296875,0.0,36,1712915074416
1092,-0.8359375,1.634765625,0.525390625,0.0,45,1712915074416
1092,-0.8515625,1.66796875,0.529296875,0.0,21,1712915074416
1092,-0.515625,1.994140625,-0.09765625,0.0,43,1712915074416
1092,-0.58984375,2.013671875,-0.0703125,0.0,121,1712915074416
1092,-0.6015625,2.05078125,-0.03515625,0.0,163,1712915074416
1092,-0.611328125,2.087890625,-0.037109375,0.0,107,1712915074416
1092,-0.369140625,2.271484375,-0.55078125,0.0,48,1712915074416
1092,-0.375,2.2890625,-0.6328125,0.0,67,1712915074416
1092,-0.458984375,2.279296875,-0.75,0.0,47,1712915074416
1092,-0.876953125,1.583984375,0.474609375,0.12520644037889672,19,1712915074416
1092,-0.89453125,1.63671875,0.404296875,0.12520644037889672,25,1712915074416
1092,-0.443359375,2.271484375,-0.5,0.12520644037889672,64,1712915074416
1092,-0.375,2.314453125,-0.533203125,0.12520644037889672,96,1712915074416
1092,-0.458984375,2.333984375,-0.5546875,0.12520644037889672,72,1712915074416
1092,-1.408203125,0.0,2.25,0.25041288075779344,46,1712915074416
1092,-1.431640625,0.0,-2.21875,0.25041288075779344,47,1712915074416
1092,-1.52734375,0.0,-2.208984375,0.25041288075779344,24,1712915074416
1092,-0.443359375,2.2734375,-0.48828125,0.25041288075779344,56,1712915074416
1092,-0.451171875,2.298828125,-0.541015625,0.25041288075779344,81,1712915074416
1092,-0.458984375,2.33203125,-0.568359375,0.25041288075779344,56,1712915074416
1092,-1.314453125,0.0,-2.14453125,0.37561932113669017,21,1712915074416
1092,-1.408203125,0.0,-2.087890625,0.37561932113669017,50,1712915074416
1092,-1.431640625,0.0,-2.05859375,0.37561932113669017,52,1712915074416
1092,-0.369140625,2.27734375,-0.53125,0.37561932113669017,37,1712915074416
1092,-0.375,2.29296875,-0.625,0.37561932113669017,60,1712915074416
1092,-0.458984375,2.298828125,-0.6875,0.37561932113669017,50,1712915074416
1092,-1.408203125,0.0,-1.90234375,0.5008257615155869,23,1712915074416
1092,-1.431640625,0.0,-1.919921875,0.5008257615155869,23,1712915074416
1092,-0.369140625,2.166015625,-0.87890625,0.5008257615155869,33,1712915074416
1092,-0.451171875,2.21484375,-0.822265625,0.5008257615155869,54,1712915074416
1092,-0.380859375,2.291015625,-0.759765625,0.5008257615155869,46,1712915074416
1092,-0.369140625,2.19140625,-0.814453125,0.6260322018944836,51,1712915074416
1092,-0.451171875,2.24609375,-0.732421875,0.6260322018944836,73,1712915074416
1092,-0.458984375,2.296875,-0.697265625,0.6260322018944836,50,1712915074416
1092,-0.443359375,2.2734375,-0.490234375,0.7512386422733803,33,1712915074416
1092,-0.451171875,2.314453125,-0.478515625,0.7512386422733803,46,1712915074416
1092,-0.53515625,2.345703125,-0.421875,0.7512386422733803,28,1712915074416
1092,-0.443359375,2.087890625,-1.021484375,0.876445082652277,34,1712915074416
1092,-0.451171875,2.140625,-1.0,0.876445082652277,48,1712915074416
1092,-0.53515625,2.16015625,-1.0078125,0.876445082652277,36,1712915074416
1092,-0.1484375,1.80078125,1.529296875,-1.0016515230311738,28,1712915074416
1092,-0.150390625,1.7734375,1.6171875,-1.0016515230311738,40,1712915074416
1092,-0.15234375,1.705078125,1.744140625,-1.0016515230311738,31,1712915074416
1092,-0.58984375,1.96875,-0.43359375,-0.5008257615155869,22,1712915074416
1092,-0.6015625,2.01171875,-0.404296875,-0.5008257615155869,22,1712915074416
1092,-0.505859375,1.912109375,-0.4296875,-0.37561932113669017,37,1712915074416
1092,-0.515625,1.955078125,-0.400390625,-0.37561932113669017,247,1712915074416
1092,-0.525390625,1.99609375,-0.388671875,-0.37561932113669017,580,1712915074416
1092,-0.53515625,2.037109375,-0.36328125,-0.37561932113669017,635,1712915074416
1092,-0.544921875,2.083984375,-0.3046875,-0.37561932113669017,342,1712915074416
1092,-0.552734375,2.138671875,-0.162109375,-0.37561932113669017,83,1712915074416
1092,-0.703125,2.130859375,-0.197265625,-0.37561932113669017,35,1712915074416
1092,-0.818359375,1.654296875,0.30078125,-0.25041288075779344,35,1712915074416
1092,-0.8359375,1.69140625,0.29296875,-0.25041288075779344,46,1712915074416
1092,-0.8515625,1.7265625,0.287109375,-0.25041288075779344,24,1712915074416
1092,-0.505859375,1.931640625,-0.322265625,-0.25041288075779344,70,1712915074416
1092,-0.515625,1.9765625,-0.275390625,-0.25041288075779344,485,1712915074416
1092,-0.525390625,2.015625,-0.259765625,-0.25041288075779344,1156,1712915074416
1092,-0.6015625,2.03515625,-0.255859375,-0.25041288075779344,1300,1712915074416
1092,-0.544921875,2.09765625,-0.189453125,-0.25041288075779344,717,1712915074416
1092,-0.552734375,2.140625,-0.115234375,-0.25041288075779344,164,1712915074416
1092,-0.7734375,2.109375,-0.15625,-0.25041288075779344,78,1712915074416
1093,-1.1171875,1.625,0.234375,0.0,14,1712915074515
1093,-0.7734375,1.87109375,0.388671875,0.0,31,1712915074515
1093,-0.787109375,1.90234375,0.41015625,0.0,43,1712915074515
1093,-0.80078125,1.9453125,0.375,0.0,36,1712915074515
1093,-3.1640625,0.0,2.625,0.0,22,1712915074515
1093,-3.318359375,0.0,2.658203125,0.0,28,1712915074515
1093,-3.349609375,0.0,2.390625,0.0,18,1712915074515
1093,-0.876953125,1.65234375,0.025390625,0.12520644037889672,17,1712915074515
1093,-0.89453125,1.68359375,0.083984375,0.12520644037889672,41,1712915074515
1093,-0.97265625,1.67578125,0.18359375,0.12520644037889672,54,1712915074515
1093,-1.0546875,1.662109375,0.26171875,0.12520644037889672,48,1712915074515
1093,-1.138671875,1.63671875,0.34765625,0.12520644037889672,24,1712915074515
1093,-3.28515625,0.0,3.017578125,0.12520644037889672,44,1712915074515
1093,-3.318359375,0.0,2.93359375,0.12520644037889672,57,1712915074515
1093,-3.349609375,0.0,2.84765625,0.12520644037889672,35,1712915074515
1093,-0.935546875,1.615234375,0.119140625,0.25041288075779344,35,1712915074515
1093,-0.955078125,1.640625,0.1953125,0.25041288075779344,88,1712915074515
1093,-0.97265625,1.669921875,0.240234375,0.25041288075779344,111,1712915074515
1093,-0.9921875,1.6953125,0.283203125,0.25041288075779344,80,1712915074515
1093,-1.07421875,1.68359375,0.326171875,0.25041288075779344,34,1712915074515
1093,-3.28515625,0.0,3.220703125,0.25041288075779344,39,1712915074515
1093,-3.318359375,0.0,3.232421875,0.25041288075779344,47,1712915074515
1093,-3.349609375,0.0,3.1015625,0.25041288075779344,28,1712915074515
1093,-0.994140625,1.58203125,0.078125,0.37561932113669017,28,1712915074515
1093,-0.955078125,1.63671875,0.232421875,0.37561932113669017,63,1712915074515
1093,-0.97265625,1.65625,0.314453125,0.37561932113669017,80,1712915074515
1093,-1.0546875,1.63671875,0.38671875,0.37561932113669017,59,1712915074515
1093,-1.07421875,1.671875,0.37890625,0.37561932113669017,26,1712915074515
1093,-1.052734375,1.53125,0.21484375,0.5008257615155869,25,1712915074515
1093,-0.955078125,1.6328125,0.259765625,0.5008257615155869,41,1712915074515
1093,-1.03515625,1.62109375,0.3046875,0.5008257615155869,32,1712915074515
1093,-0.9921875,1.662109375,0.439453125,0.5008257615155869,18,1712915074515
1093,-0.708984375,1.927734375,-0.171875,-0.37561932113669017,37,1712915074515
1093,-0.525390625,1.9765625,-0.474609375,-0.37561932113669017,95,1712915074515
1093,-0.53515625,2.029296875,-0.408203125,-0.37561932113669017,136,1712915074515
1093,-0.544921875,2.078125,-0.345703125,-0.37561932113669017,133,1712915074515
1093,-0.552734375,2.1171875,-0.337890625,-0.37561932113669017,85,1712915074515
1093,-0.4921875,2.18359375,-0.2421875,-0.37561932113669017,26,1712915074515
1093,-0.884765625,1.818359375,0.05859375,-0.25041288075779344,24,1712915074515
1093,-0.7734375,1.908203125,0.115234375,-0.25041288075779344,91,1712915074515
1093,-0.65625,1.98828125,-0.146484375,-0.25041288075779344,191,1712915074515
1093,-0.6015625,2.037109375,-0.2421875,-0.25041288075779344,252,1712915074515
1093,-0.544921875,2.09375,-0.23828125,-0.25041288075779344,234,1712915074515
1093,-0.484375,2.154296875,-0.16796875,-0.25041288075779344,148,1712915074515
1093,-0.3515625,2.21875,0.162109375,-0.25041288075779344,43,1712915074515
1093,-0.357421875,2.244140625,-0.28125,-0.25041288075779344,40,1712915074515
1093,-0.36328125,2.291015625,-0.197265625,-0.25041288075779344,37,1712915074515
1093,-0.7578125,1.861328125,0.23828125,-0.12520644037889672,27,1712915074515
1093,-0.7734375,1.892578125,0.259765625,-0.12520644037889672,81,1712915074515
1093,-0.72265625,1.966796875,0.130859375,-0.12520644037889672,141,1712915074515
1093,-0.66796875,2.03125,-0.015625,-0.12520644037889672,155,1712915074515
1093,-0.544921875,2.1015625,-0.142578125,-0.12520644037889672,127,1712915074515
1093,-0.552734375,2.140625,-0.109375,-0.12520644037889672,70,1712915074515
1093,3.1640625,2.04296875,-0.98828125,0.0,12,1712915074515
1093,-1.10546875,3.458984375,1.5078125,0.0,15,1712915074515
1093,3.2265625,1.978515625,-1.203125,0.0,10,1712915074515
1093,-1.095703125,3.40234375,1.544921875,0.12520644037889672,25,1712915074515
1093,-1.10546875,3.484375,1.451171875,0.12520644037889672,31,1712915074515
1093,-1.1171875,3.529296875,1.4375,0.12520644037889672,19,1712915074515
1093,-1.10546875,3.306640625,1.818359375,0.25041288075779344,24,1712915074515
1093,-1.240234375,3.216796875,1.970703125,0.25041288075779344,15,1712915074515
1093,-1.482421875,0.0,1.75,-0.37561932113669017,19,1712915074515
1093,1.900390625,1.203125,-0.125,-0.37561932113669017,14,1712915074515
1093,-0.189453125,1.376953125,-1.470703125,-0.25041288075779344,16,1712915074515
1094,-0.876953125,1.62109375,0.32421875,0.0,18,1712915074615
1094,-0.955078125,1.6171875,0.341796875,0.0,46,1712915074615
1094,-0.97265625,1.6484375,0.35546875,0.0,56,1712915074615
1094,-0.9921875,1.673828125,0.39453125,0.0,37,1712915074615
1094,-0.443359375,1.97265625,-0.080078125,0.0,27,1712915074615
1094,-0.515625,1.966796875,0.341796875,0.0,64,1712915074615
1094,-0.58984375,1.978515625,0.380859375,0.0,78,1712915074615
1094,-0.6015625,2.033203125,0.2734375,0.0,50,1712915074615
1094,-0.611328125,2.080078125,-0.18359375,0.0,33,1712915074615
1094,-0.69140625,2.08203125,-0.296875,0.0,37,1712915074615
1094,-0.703125,2.13671875,-0.125,0.0,27,1712915074615
1094,-0.515625,1.98046875,0.25390625,0.12520644037889672,28,1712915074615
1094,-0.525390625,1.98828125,0.427734375,0.12520644037889672,29,1712915074615
1094,-3.1640625,0.0,2.666015625,0.12520644037889672,27,1712915074615
1094,-3.1953125,0.0,2.720703125,0.12520644037889672,38,1712915074615
1094,-3.349609375,0.0,2.654296875,0.12520644037889672,27,1712915074615
1094,-3.04296875,0.0,3.185546875,0.25041288075779344,31,1712915074615
1094,-3.1953125,0.0,3.109375,0.25041288075779344,46,1712915074615
1094,-3.2265625,0.0,2.9921875,0.25041288075779344,33,1712915074615
1094,3.474609375,1.8828125,-0.384765625,-0.6260322018944836,26,1712915074615
1094,3.3828125,2.052734375,-0.64453125,-0.6260322018944836,26,1712915074615
1094,-0.451171875,1.94921875,-0.49609375,-0.5008257615155869,34,1712915074615
1094,-0.39453125,2.005859375,-0.4765625,-0.5008257615155869,33,1712915074615
1094,-0.53515625,2.0078125,-0.501953125,-0.5008257615155869,21,1712915074615
1094,3.349609375,2.125,-0.1640625,-0.5008257615155869,36,1712915074615
1094,3.3828125,2.134765625,-0.265625,-0.5008257615155869,37,1712915074615
1094,-0.373046875,1.90625,-0.4140625,-0.37561932113669017,37,1712915074615
1094,-0.37890625,1.953125,-0.369140625,-0.37561932113669017,175,1712915074615
1094,-0.38671875,1.99609375,-0.337890625,-0.37561932113669017,334,1712915074615
1094,-0.39453125,2.037109375,-0.322265625,-0.37561932113669017,320,1712915074615
1094,-0.466796875,2.05859375,-0.337890625,-0.37561932113669017,183,1712915074615
1094,-0.4765625,2.111328125,-0.224609375,-0.37561932113669017,126,1712915074615
1094,-0.416015625,2.166015625,-0.19140625,-0.37561932113669017,82,1712915074615
1094,-0.28125,2.228515625,-0.17578125,-0.37561932113669017,48,1712915074615
1094,-0.357421875,2.240234375,-0.3203125,-0.37561932113669017,40,1712915074615
1094,-0.291015625,2.275390625,-0.404296875,-0.37561932113669017,42,1712915074615
1094,-0.22265625,2.30859375,-0.46875,-0.37561932113669017,38,1712915074615
1094,-0.89453125,1.681640625,0.11328125,-0.25041288075779344,41,1712915074615
1094,-0.8515625,1.748046875,0.103515625,-0.25041288075779344,48,1712915074615
1094,-0.49609375,1.919921875,-0.076171875,-0.25041288075779344,56,1712915074615
1094,-0.37890625,1.97265625,-0.23828125,-0.25041288075779344,263,1712915074615
1094,-0.38671875,2.01171875,-0.234375,-0.25041288075779344,497,1712915074615
1094,-0.39453125,2.05078125,-0.224609375,-0.25041288075779344,472,1712915074615
1094,-0.466796875,2.080078125,-0.146484375,-0.25041288075779344,277,1712915074615
1094,-0.4765625,2.123046875,0.017578125,-0.25041288075779344,206,1712915074615
1094,-0.416015625,2.17578125,-0.0078125,-0.25041288075779344,145,1712915074615
1094,-0.3515625,2.224609375,-0.04296875,-0.25041288075779344,84,1712915074615
1094,-0.357421875,2.25390625,-0.19921875,-0.25041288075779344,61,1712915074615
1094,-0.291015625,2.29296875,-0.28125,-0.25041288075779344,63,1712915074615
1094,-0.294921875,2.322265625,-0.35546875,-0.25041288075779344,54,1712915074615
1094,-0.876953125,1.63671875,0.22265625,-0.12520644037889672,33,1712915074615
1094,-0.89453125,1.669921875,0.23046875,-0.12520644037889672,89,1712915074615
1094,-0.97265625,1.671875,0.224609375,-0.12520644037889672,104,1712915074615
1094,-0.9296875,1.75,0.125,-0.12520644037889672,63,1712915074615
1094,-0.443359375,1.970703125,-0.1171875,-0.12520644037889672,103,1712915074615
1094,-0.38671875,2.013671875,-0.220703125,-0.12520644037889672,192,1712915074615
1094,-0.39453125,2.052734375,-0.19140625,-0.12520644037889672,181,1712915074615
1094,-0.466796875,2.037109375,0.44921875,-0.12520644037889672,124,1712915074615
1094,-0.408203125,2.119140625,0.28515625,-0.12520644037889672,101,1712915074615
1094,-0.416015625,2.171875,0.103515625,-0.12520644037889672,86,1712915074615
1094,-0.421875,2.2109375,0.0625,-0.12520644037889672,56,1712915074615
1094,-1.07421875,1.44140625,0.927734375,0.0,16,1712915074615
1094,-1.216796875,2.9296875,2.2578125,0.12520644037889672,20,1712915074615
1094,-1.10546875,3.185546875,2.0234375,0.12520644037889672,26,1712915074615
1095,-0.365234375,1.904296875,-0.17578125,0.0,26,1712915074716
1095,-0.373046875,1.943359375,-0.169921875,0.0,192,1712915074716
1095,-0.31640625,1.9921875,-0.154296875,0.0,498,1712915074716
1095,-0.38671875,2.01953125,-0.150390625,0.0,607,1712915074716
1095,-0.328125,2.06640625,-0.16796875,0.0,345,1712915074716
1095,-0.400390625,2.0859375,-0.236328125,0.0,56,1712915074716
1095,-0.4765625,2.12109375,0.1015625,0.0,81,1712915074716
1095,-0.484375,2.16015625,0.01953125,0.0,70,1712915074716
1095,-0.5625,2.1796875,-0.06640625,0.0,38,1712915074716
1095,-0.373046875,1.94921875,-0.052734375,0.12520644037889672,35,1712915074716
1095,-0.37890625,1.986328125,-0.033203125,0.12520644037889672,93,1712915074716
1095,-0.38671875,2.025390625,-0.025390625,0.12520644037889672,113,1712915074716
1095,-0.39453125,2.0625,-0.03125,0.12520644037889672,68,1712915074716
1095,-0.466796875,2.083984375,-0.11328125,0.12520644037889672,14,1712915074716
1095,-2.94921875,0.0,3.171875,0.12520644037889672,23,1712915074716
1095,-3.1015625,0.0,2.87890625,0.12520644037889672,23,1712915074716
1095,-2.919921875,0.0,3.365234375,0.25041288075779344,24,1712915074716
1095,-3.072265625,0.0,3.21875,0.25041288075779344,52,1712915074716
1095,-3.1015625,0.0,3.23828125,0.25041288075779344,58,1712915074716
1095,-3.130859375,0.0,3.091796875,0.25041288075779344,31,1712915074716
1095,-2.94921875,0.0,3.61328125,0.37561932113669017,30,1712915074716
1095,-3.1015625,0.0,3.486328125,0.37561932113669017,37,1712915074716
1095,-3.130859375,0.0,3.41796875,0.37561932113669017,22,1712915074716
1095,-0.916015625,1.5859375,0.064453125,-0.876445082652277,23,1712915074716
1095,-0.876953125,1.650390625,0.06640625,-0.876445082652277,65,1712915074716
1095,-0.89453125,1.685546875,0.056640625,-0.876445082652277,81,1712915074716
1095,-0.912109375,1.71875,0.02734375,-0.876445082652277,47,1712915074716
1095,-0.859375,1.609375,0.169921875,-0.7512386422733803,47,1712915074716
1095,-0.876953125,1.642578125,0.1796875,-0.7512386422733803,133,1712915074716
1095,-0.89453125,1.677734375,0.17578125,-0.7512386422733803,163,1712915074716
1095,-0.912109375,1.712890625,0.150390625,-0.7512386422733803,95,1712915074716
1095,-0.9921875,1.71875,0.029296875,-0.7512386422733803,28,1712915074716
1095,-0.072265625,2.142578125,-0.8046875,-0.7512386422733803,80,1712915074716
1095,-0.146484375,2.201171875,-0.74609375,-0.7512386422733803,128,1712915074716
1095,-0.1484375,2.25390625,-0.708984375,-0.7512386422733803,100,1712915074716
1095,-0.150390625,2.29296875,-0.708984375,-0.7512386422733803,38,1712915074716
1095,-0.916015625,1.55859375,0.296875,-0.6260322018944836,26,1712915074716
1095,-0.935546875,1.591796875,0.306640625,-0.6260322018944836,74,1712915074716
1095,-0.955078125,1.619140625,0.330078125,-0.6260322018944836,88,1712915074716
1095,-0.97265625,1.650390625,0.34375,-0.6260322018944836,50,1712915074716
1095,0.0,2.123046875,-0.75390625,-0.6260322018944836,33,1712915074716
1095,-0.142578125,2.189453125,-0.658203125,-0.6260322018944836,119,1712915074716
1095,-0.146484375,2.24609375,-0.595703125,-0.6260322018944836,192,1712915074716
1095,-0.1484375,2.296875,-0.556640625,-0.6260322018944836,157,1712915074716
1095,-0.224609375,2.33203125,-0.541015625,-0.6260322018944836,62,1712915074716
1095,-0.31640625,1.998046875,-0.05078125,-0.5008257615155869,39,1712915074716
1095,-0.322265625,2.03515625,-0.0859375,-0.5008257615155869,62,1712915074716
1095,-0.26171875,2.080078125,-0.10546875,-0.5008257615155869,40,1712915074716
1095,-0.142578125,2.23046875,-0.50390625,-0.5008257615155869,47,1712915074716
1095,-0.146484375,2.279296875,-0.453125,-0.5008257615155869,80,1712915074716
1095,-0.22265625,2.3203125,-0.41015625,-0.5008257615155869,67,1712915074716
1095,3.44140625,1.900390625,-0.095703125,-0.5008257615155869,37,1712915074716
1095,-0.310546875,1.943359375,-0.265625,-0.37561932113669017,139,1712915074716
1095,-0.31640625,1.984375,-0.2421875,-0.37561932113669017,413,1712915074716
1095,-0.322265625,2.021484375,-0.2421875,-0.37561932113669017,528,1712915074716
1095,-0.328125,2.05859375,-0.255859375,-0.37561932113669017,309,1712915074716
1095,-0.333984375,2.10546875,-0.16796875,-0.37561932113669017,121,1712915074716
1095,-0.408203125,2.134765625,-0.087890625,-0.37561932113669017,89,1712915074716
1095,-0.345703125,2.185546875,-0.06640625,-0.37561932113669017,26,1712915074716
1095,-0.3046875,1.890625,-0.353515625,-0.25041288075779344,47,1712915074716
1095,-0.310546875,1.9375,-0.302734375,-0.25041288075779344,421,1712915074716
1095,-0.37890625,1.96484375,-0.30078125,-0.25041288075779344,1155,1712915074716
1095,-0.322265625,2.015625,-0.287109375,-0.25041288075779344,1437,1712915074716
1095,-0.328125,2.0546875,-0.28515625,-0.25041288075779344,847,1712915074716
1096,-0.3046875,1.91015625,0.21875,0.0,21,1712915074816
1096,-0.248046875,1.958984375,0.197265625,0.0,111,1712915074816
1096,-0.251953125,1.994140625,0.234375,0.0,202,1712915074816
1096,-0.2578125,2.033203125,0.2265625,0.0,178,1712915074816
1096,-0.26171875,2.08203125,-0.056640625,0.0,81,1712915074816
1096,-0.267578125,2.1171875,-0.12890625,0.0,28,1712915074816
1096,3.44140625,1.765625,-0.708984375,0.0,12,1712915074816
1096,3.474609375,1.8984375,-0.3046875,0.0,22,1712915074816
1096,3.7578125,1.392578125,0.08984375,0.0,33,1712915074816
1096,3.79296875,1.388671875,0.23828125,0.0,29,1712915074816
1096,-0.2578125,2.001953125,0.421875,0.12520644037889672,36,1712915074816
1096,-0.26171875,2.072265625,0.21484375,0.12520644037889672,96,1712915074816
1096,-0.333984375,2.10546875,0.154296875,0.12520644037889672,118,1712915074816
1096,-0.33984375,2.146484375,0.099609375,0.12520644037889672,74,1712915074816
1096,3.44140625,1.80859375,-0.591796875,0.12520644037889672,20,1712915074816
1096,3.474609375,1.91796875,-0.134765625,0.12520644037889672,40,1712915074816
1096,3.7578125,1.361328125,0.3046875,0.12520644037889672,63,1712915074816
1096,3.66796875,1.66796875,0.376953125,0.12520644037889672,55,1712915074816
1096,3.701171875,1.666015625,0.453125,0.12520644037889672,26,1712915074816
1096,-0.328125,2.052734375,0.296875,0.25041288075779344,51,1712915074816
1096,-0.333984375,2.09375,0.28125,0.25041288075779344,63,1712915074816
1096,-0.33984375,2.1328125,0.259765625,0.25041288075779344,40,1712915074816
1096,3.474609375,1.921875,0.0,0.25041288075779344,22,1712915074816
1096,3.6328125,1.607421875,0.537109375,0.25041288075779344,30,1712915074816
1096,3.66796875,1.5703125,0.6796875,0.25041288075779344,27,1712915074816
1096,-1.009765625,0.0,-1.76171875,0.876445082652277,30,1712915074816
1096,-1.087890625,0.0,-1.748046875,0.876445082652277,64,1712915074816
1096,-1.111328125,0.0,-1.765625,0.876445082652277,83,1712915074816
1096,-1.1328125,0.0,-1.771484375,0.876445082652277,58,1712915074816
1096,-1.15625,0.0,-1.79296875,0.876445082652277,19,1712915074816
1096,-0.28125,1.578125,1.58203125,0.876445082652277,23,1712915074816
1096,-0.287109375,1.62890625,1.583984375,0.876445082652277,22,1712915074816
1096,-0.658203125,1.62109375,0.146484375,-1.0016515230311738,52,1712915074816
1096,-0.78515625,1.607421875,0.13671875,-1.0016515230311738,134,1712915074816
1096,-0.859375,1.611328125,0.158203125,-1.0016515230311738,191,1712915074816
1096,-0.818359375,1.669921875,0.208984375,-1.0016515230311738,196,1712915074816
1096,-0.89453125,1.66796875,0.248046875,-1.0016515230311738,130,1712915074816
1096,-0.912109375,1.693359375,0.298828125,-1.0016515230311738,42,1712915074816
1096,0.0,2.0703125,-0.78515625,-1.0016515230311738,26,1712915074816
1096,0.0,2.126953125,-0.7421875,-1.0016515230311738,55,1712915074816
1096,0.0,2.169921875,-0.732421875,-1.0016515230311738,57,1712915074816
1096,0.0,2.2109375,-0.734375,-1.0016515230311738,27,1712915074816
1096,-0.712890625,1.5859375,0.24609375,-0.876445082652277,62,1712915074816
1096,-0.728515625,1.619140625,0.26171875,-0.876445082652277,149,1712915074816
1096,-0.744140625,1.65234375,0.275390625,-0.876445082652277,181,1712915074816
1096,-0.818359375,1.65234375,0.3125,-0.876445082652277,145,1712915074816
1096,-0.89453125,1.642578125,0.380859375,-0.876445082652277,80,1712915074816
1096,0.0,2.197265625,-0.4921875,-0.876445082652277,35,1712915074816
1096,-0.142578125,2.22265625,-0.5390625,-0.876445082652277,38,1712915074816
1096,0.0,2.267578125,-0.529296875,-0.876445082652277,21,1712915074816
1096,-0.767578125,1.54296875,0.33984375,-0.7512386422733803,19,1712915074816
1096,-0.78515625,1.56640625,0.388671875,-0.7512386422733803,43,1712915074816
1096,-0.80078125,1.59765625,0.40625,-0.7512386422733803,45,1712915074816
1096,-0.818359375,1.61328125,0.478515625,-0.7512386422733803,23,1712915074816
1096,0.0,2.05859375,-0.81640625,-0.7512386422733803,36,1712915074816
1096,0.0,2.134765625,-0.716796875,-0.7512386422733803,73,1712915074816
1096,0.0,2.201171875,-0.63671875,-0.7512386422733803,79,1712915074816
1096,0.0,2.25,-0.6015625,-0.7512386422733803,43,1712915074816
1096,0.0,2.078125,-0.76171875,-0.6260322018944836,33,1712915074816
1096,-0.0703125,2.21484375,-0.408203125,-0.6260322018944836,46,1712915074816
1096,0.0,2.275390625,-0.255859375,-0.6260322018944836,39,1712915074816
1096,-0.310546875,1.89453125,-0.50390625,-0.5008257615155869,34,1712915074816
1096,-0.31640625,1.93359375,-0.5078125,-0.5008257615155869,56,1712915074816
1096,-0.38671875,1.94140625,-0.578125,-0.5008257615155869,43,1712915074816
1097,-0.244140625,1.908203125,-0.3046875,0.0,142,1712915074916
1097,-0.248046875,1.953125,-0.26171875,0.0,442,1712915074916
1097,-0.251953125,1.99609375,-0.216796875,0.0,620,1712915074916
1097,-0.193359375,2.048828125,-0.1328125,0.0,419,1712915074916
1097,-0.26171875,2.080078125,0.099609375,0.0,146,1712915074916
1097,-0.333984375,2.0859375,0.326171875,0.0,53,1712915074916
1097,-0.33984375,2.14453125,0.12890625,0.0,41,1712915074916
1097,0.0,2.248046875,0.140625,0.0,18,1712915074916
1097,3.72265625,0.0,-1.728515625,0.0,18,1712915074916
1097,3.6328125,0.8046875,-1.4921875,0.0,24,1712915074916
1097,3.66796875,0.91796875,-1.443359375,0.0,20,1712915074916
1097,-0.181640625,1.927734375,-0.20703125,0.12520644037889672,24,1712915074916
1097,-0.248046875,1.958984375,-0.205078125,0.12520644037889672,69,1712915074916
1097,-0.189453125,2.0078125,-0.162109375,0.12520644037889672,88,1712915074916
1097,-0.2578125,2.0390625,-0.15234375,0.12520644037889672,52,1712915074916
1097,3.59765625,0.869140625,-1.435546875,0.12520644037889672,32,1712915074916
1097,3.5078125,1.447265625,-1.291015625,0.12520644037889672,49,1712915074916
1097,3.66796875,1.12109375,-1.291015625,0.12520644037889672,41,1712915074916
1097,-2.935546875,0.0,2.8515625,0.12520644037889672,19,1712915074916
1097,3.474609375,1.537109375,-1.154296875,0.25041288075779344,26,1712915074916
1097,-2.880859375,0.0,3.15234375,0.25041288075779344,42,1712915074916
1097,-2.908203125,0.0,3.1328125,0.25041288075779344,36,1712915074916
1097,0.0,1.888671875,-1.00390625,-0.876445082652277,25,1712915074916
1097,-1.05078125,0.0,2.087890625,-0.7512386422733803,35,1712915074916
1097,-1.001953125,0.0,2.02734375,-0.7512386422733803,48,1712915074916
1097,-1.01953125,0.0,2.05859375,-0.7512386422733803,30,1712915074916
1097,-0.482421875,1.646484375,-0.06640625,-0.6260322018944836,24,1712915074916
1097,-0.728515625,1.607421875,0.326171875,-0.6260322018944836,23,1712915074916
1097,-0.6875,1.685546875,0.205078125,-0.6260322018944836,21,1712915074916
1097,-1.068359375,0.0,-2.03515625,-0.6260322018944836,30,1712915074916
1097,0.0,2.0078125,-0.83984375,-0.6260322018944836,17,1712915074916
1097,0.0,2.08984375,-0.73046875,-0.6260322018944836,23,1712915074916
1097,0.0,2.1484375,-0.6796875,-0.6260322018944836,35,1712915074916
1097,0.0,2.1875,-0.681640625,-0.6260322018944836,28,1712915074916
1097,-0.47265625,1.603515625,0.162109375,-0.5008257615155869,43,1712915074916
1097,-0.482421875,1.646484375,0.095703125,-0.5008257615155869,87,1712915074916
1097,-0.384765625,1.708984375,-0.125,-0.5008257615155869,61,1712915074916
1097,-0.78515625,1.51953125,0.541015625,-0.5008257615155869,46,1712915074916
1097,-0.6875,1.66796875,0.326171875,-0.5008257615155869,46,1712915074916
1097,0.068359375,2.208984375,-0.12890625,-0.5008257615155869,27,1712915074916
1097,0.140625,2.2265625,-0.3046875,-0.5008257615155869,41,1712915074916
1097,0.072265625,2.251953125,-0.41015625,-0.5008257615155869,30,1712915074916
1097,-0.47265625,1.58203125,0.3046875,-0.37561932113669017,40,1712915074916
1097,-0.482421875,1.625,0.28125,-0.37561932113669017,82,1712915074916
1097,-0.439453125,1.693359375,0.158203125,-0.37561932113669017,65,1712915074916
1097,-0.841796875,1.451171875,0.638671875,-0.37561932113669017,30,1712915074916
1097,-0.6875,1.646484375,0.41796875,-0.37561932113669017,32,1712915074916
1097,-0.185546875,1.87109375,-0.63671875,-0.37561932113669017,149,1712915074916
1097,-0.189453125,1.9140625,-0.626953125,-0.37561932113669017,194,1712915074916
1097,-0.2578125,1.9453125,-0.630859375,-0.37561932113669017,108,1712915074916
1097,-0.068359375,2.0859375,-0.6171875,-0.37561932113669017,81,1712915074916
1097,0.0,2.15234375,-0.521484375,-0.37561932113669017,163,1712915074916
1097,-0.0703125,2.201171875,-0.4765625,-0.37561932113669017,169,1712915074916
1097,0.0,2.2421875,-0.46484375,-0.37561932113669017,91,1712915074916
1097,-0.537109375,1.58203125,0.396484375,-0.25041288075779344,20,1712915074916
1097,-0.181640625,1.859375,-0.546875,-0.25041288075779344,236,1712915074916
1097,-0.185546875,1.90234375,-0.53515625,-0.25041288075779344,716,1712915074916
1097,-0.189453125,1.947265625,-0.51953125,-0.25041288075779344,979,1712915074916
1097,-0.193359375,1.9921875,-0.49609375,-0.25041288075779344,613,1712915074916
1097,-0.26171875,2.048828125,-0.376953125,-0.25041288075779344,159,1712915074916
1097,-0.267578125,2.10546875,-0.251953125,-0.25041288075779344,54,1712915074916
1097,-0.13671875,2.1328125,-0.40625,-0.25041288075779344,135,1712915074916
1097,-0.138671875,2.17578125,-0.390625,-0.25041288075779344,217,1712915074916
1097,-0.0703125,2.22265625,-0.361328125,-0.25041288075779344,213,1712915074916
1098,-0.314453125,1.6484375,0.064453125,0.0,44,1712915075017
1098,-0.267578125,1.693359375,0.1171875,0.0,90,1712915075017
1098,-0.2734375,1.728515625,0.150390625,0.0,83,1712915075017
1098,-0.28125,1.765625,0.15234375,0.0,36,1712915075017
1098,-0.244140625,1.9296875,-0.072265625,0.0,125,1712915075017
1098,-0.248046875,1.966796875,-0.107421875,0.0,274,1712915075017
1098,-0.251953125,2.001953125,-0.1484375,0.0,307,1712915075017
1098,-0.2578125,2.025390625,-0.28515625,0.0,180,1712915075017
1098,-0.197265625,2.060546875,0.3515625,0.0,110,1712915075017
1098,-0.201171875,2.095703125,0.373046875,0.0,95,1712915075017
1098,0.0,2.17578125,0.060546875,0.0,49,1712915075017
1098,0.0,2.21484375,-0.025390625,0.0,59,1712915075017
1098,0.0,2.251953125,0.046875,0.0,43,1712915075017
1098,-4.046875,0.0,0.12890625,0.0,20,1712915075017
1098,3.95703125,1.0078125,-0.109375,0.0,21,1712915075017
1098,-0.26171875,1.6484375,0.193359375,0.12520644037889672,95,1712915075017
1098,-0.267578125,1.6796875,0.23828125,0.12520644037889672,188,1712915075017
1098,-0.2734375,1.712890625,0.267578125,0.12520644037889672,165,1712915075017
1098,-0.3359375,1.744140625,0.24609375,0.12520644037889672,64,1712915075017
1098,-0.185546875,1.970703125,-0.138671875,0.12520644037889672,66,1712915075017
1098,-0.189453125,2.0078125,-0.154296875,0.12520644037889672,63,1712915075017
1098,-0.609375,2.052734375,1.78515625,0.12520644037889672,28,1712915075017
1098,-0.70703125,2.154296875,1.685546875,0.12520644037889672,27,1712915075017
1098,3.72265625,0.822265625,-1.109375,0.12520644037889672,30,1712915075017
1098,0.125,3.95703125,-0.625,0.12520644037889672,32,1712915075017
1098,3.919921875,0.974609375,-0.23828125,0.12520644037889672,42,1712915075017
1098,3.95703125,1.005859375,-0.115234375,0.12520644037889672,42,1712915075017
1098,-0.314453125,1.619140625,0.322265625,0.25041288075779344,77,1712915075017
1098,-0.267578125,1.654296875,0.375,0.25041288075779344,142,1712915075017
1098,-0.2734375,1.685546875,0.4140625,0.25041288075779344,131,1712915075017
1098,-0.28125,1.720703125,0.421875,0.25041288075779344,89,1712915075017
1098,-0.287109375,1.765625,0.400390625,0.25041288075779344,45,1712915075017
1098,3.72265625,1.1796875,-0.71875,0.25041288075779344,40,1712915075017
1098,3.7578125,1.087890625,-0.873046875,0.25041288075779344,47,1712915075017
1098,3.79296875,1.294921875,-0.5546875,0.25041288075779344,46,1712915075017
1098,3.830078125,1.396484375,-0.259765625,0.25041288075779344,38,1712915075017
1098,-0.314453125,1.572265625,0.498046875,0.37561932113669017,18,1712915075017
1098,-0.267578125,1.603515625,0.552734375,0.37561932113669017,51,1712915075017
1098,-0.2734375,1.65625,0.513671875,0.37561932113669017,116,1712915075017
1098,-0.28125,1.701171875,0.5,0.37561932113669017,137,1712915075017
1098,-0.287109375,1.740234375,0.494140625,0.37561932113669017,78,1712915075017
1098,-3.0390625,0.0,3.72265625,0.37561932113669017,21,1712915075017
1098,-3.0703125,0.0,3.7734375,0.37561932113669017,20,1712915075017
1098,3.7578125,1.26171875,-0.595703125,0.37561932113669017,22,1712915075017
1098,3.66796875,1.533203125,-0.7578125,0.37561932113669017,19,1712915075017
1098,-0.322265625,1.556640625,0.654296875,0.5008257615155869,30,1712915075017
1098,-0.330078125,1.61328125,0.609375,0.5008257615155869,72,1712915075017
1098,-0.3359375,1.66015625,0.591796875,0.5008257615155869,83,1712915075017
1098,-0.34375,1.70703125,0.572265625,0.5008257615155869,48,1712915075017
1098,-3.15625,0.0,-3.5078125,0.7512386422733803,19,1712915075017
1098,-3.189453125,0.0,-3.630859375,0.7512386422733803,19,1712915075017
1098,0.189453125,1.96484375,-0.44140625,-0.7512386422733803,21,1712915075017
1098,0.0,2.12109375,-0.634765625,-0.5008257615155869,43,1712915075017
1098,-0.224609375,2.388671875,-0.171875,-0.5008257615155869,23,1712915075017
1098,3.771484375,0.9375,-0.236328125,-0.5008257615155869,31,1712915075017
1098,3.80859375,0.91796875,-0.33203125,-0.5008257615155869,26,1712915075017
1098,-0.12109375,1.7734375,-0.796875,-0.37561932113669017,46,1712915075017
1098,-0.125,1.818359375,-0.78515625,-0.37561932113669017,83,1712915075017
1098,-0.126953125,1.798828125,-0.916015625,-0.37561932113669017,63,1712915075017
1098,0.0,1.685546875,1.1875,-0.37561932113669017,15,1712915075017
1098,-0.197265625,2.087890625,0.109375,-0.37561932113669017,69,1712915075017
1098,0.0,2.103515625,-0.37890625,-0.37561932113669017,93,1712915075017
1098,0.068359375,2.126953125,-0.455078125,-0.37561932113669017,240,1712915075017
1098,0.068359375,2.162109375,-0.474609375,-0.37561932113669017,323,1712915075017
1099,-0.158203125,1.671875,-0.0390625,0.0,49,1712915075117
1099,-0.16015625,1.7109375,-0.025390625,0.0,221,1712915075117
1099,-0.1640625,1.748046875,-0.03515625,0.0,362,1712915075117
1099,-0.16796875,1.78515625,-0.0703125,0.0,272,1712915075117
1099,-0.171875,1.814453125,-0.18359375,0.0,81,1712915075117
1099,-0.12109375,1.931640625,-0.20703125,0.0,162,1712915075117
1099,-0.125,1.9765625,-0.146484375,0.0,311,1712915075117
1099,-0.126953125,2.015625,-0.1328125,0.0,299,1712915075117
1099,-0.12890625,2.056640625,-0.015625,0.0,203,1712915075117
1099,-0.197265625,2.087890625,0.111328125,0.0,152,1712915075117
1099,-0.267578125,2.11328125,0.185546875,0.0,76,1712915075117
1099,0.13671875,2.169921875,-0.0703125,0.0,52,1712915075117
1099,0.068359375,2.212890625,-0.0078125,0.0,55,1712915075117
1099,-0.2109375,1.666015625,0.064453125,0.12520644037889672,110,1712915075117
1099,-0.16015625,1.70703125,0.099609375,0.12520644037889672,477,1712915075117
1099,-0.21875,1.740234375,0.09375,0.12520644037889672,774,1712915075117
1099,-0.224609375,1.779296875,0.07421875,0.12520644037889672,577,1712915075117
1099,-0.171875,1.82421875,0.029296875,0.12520644037889672,166,1712915075117
1099,-0.158203125,1.662109375,0.1875,0.25041288075779344,98,1712915075117
1099,-0.21484375,1.693359375,0.19921875,0.25041288075779344,428,1712915075117
1099,-0.21875,1.73046875,0.20703125,0.25041288075779344,708,1712915075117
1099,-0.224609375,1.76953125,0.201171875,0.25041288075779344,519,1712915075117
1099,-0.171875,1.8125,0.21484375,0.25041288075779344,161,1712915075117
1099,3.8828125,0.3828125,-0.91796875,0.25041288075779344,49,1712915075117
1099,3.79296875,0.712890625,-1.21484375,0.25041288075779344,57,1712915075117
1099,3.830078125,0.0,-1.552734375,0.25041288075779344,33,1712915075117
1099,-0.158203125,1.65234375,0.25390625,0.37561932113669017,45,1712915075117
1099,-0.107421875,1.6875,0.3046875,0.37561932113669017,218,1712915075117
1099,-0.109375,1.724609375,0.30859375,0.37561932113669017,389,1712915075117
1099,-0.16796875,1.763671875,0.283203125,0.37561932113669017,317,1712915075117
1099,-0.171875,1.8046875,0.271484375,0.37561932113669017,109,1712915075117
1099,3.7578125,1.240234375,-0.63671875,0.37561932113669017,34,1712915075117
1099,3.919921875,0.396484375,-0.921875,0.37561932113669017,40,1712915075117
1099,3.830078125,1.025390625,-0.984375,0.37561932113669017,26,1712915075117
1099,-0.107421875,1.685546875,0.318359375,0.5008257615155869,82,1712915075117
1099,-0.1640625,1.716796875,0.330078125,0.5008257615155869,152,1712915075117
1099,-0.111328125,1.767578125,0.2890625,0.5008257615155869,127,1712915075117
1099,-0.171875,1.787109375,0.369140625,0.5008257615155869,33,1712915075117
1099,0.0,1.84765625,0.287109375,0.5008257615155869,29,1712915075117
1099,0.0,1.67578125,0.376953125,0.6260322018944836,28,1712915075117
1099,-0.0546875,1.7265625,0.31640625,0.6260322018944836,71,1712915075117
1099,-0.056640625,1.775390625,0.255859375,0.6260322018944836,79,1712915075117
1099,0.0,1.830078125,0.076171875,0.6260322018944836,37,1712915075117
1099,0.0,1.724609375,0.33203125,0.7512386422733803,44,1712915075117
1099,-0.056640625,1.759765625,0.349609375,0.7512386422733803,66,1712915075117
1099,0.0,1.806640625,0.306640625,0.7512386422733803,75,1712915075117
1099,-0.05859375,1.84765625,0.283203125,0.7512386422733803,60,1712915075117
1099,0.0,1.7578125,0.35546875,0.876445082652277,26,1712915075117
1099,-0.056640625,1.791015625,0.380859375,0.876445082652277,52,1712915075117
1099,-0.05859375,1.826171875,0.40234375,0.876445082652277,46,1712915075117
1099,-0.0625,1.98046875,0.130859375,-0.5008257615155869,23,1712915075117
1099,-3.650390625,0.25390625,-1.33203125,-0.5008257615155869,28,1712915075117
1099,-0.060546875,1.900390625,0.162109375,-0.37561932113669017,20,1712915075117
1099,-0.060546875,1.94140625,0.13671875,-0.37561932113669017,66,1712915075117
1099,-0.0625,1.98046875,0.12109375,-0.37561932113669017,81,1712915075117
1099,0.0,2.021484375,-0.068359375,-0.37561932113669017,34,1712915075117
1099,-0.38671875,2.025390625,-0.015625,-0.37561932113669017,21,1712915075117
1099,-0.26171875,2.08203125,-0.0390625,-0.37561932113669017,34,1712915075117
1099,0.068359375,2.134765625,-0.4140625,-0.37561932113669017,46,1712915075117
1099,0.068359375,2.173828125,-0.41796875,-0.37561932113669017,54,1712915075117
1099,0.0703125,2.189453125,-0.525390625,-0.37561932113669017,38,1712915075117
1099,-3.779296875,0.0,-1.28515625,-0.37561932113669017,24,1712915075117
1099,-0.060546875,1.900390625,-0.1640625,-0.25041288075779344,54,1712915075117
1099,-0.060546875,1.939453125,-0.166015625,-0.25041288075779344,249,1712915075117
1100,-0.158203125,1.658203125,0.220703125,0.0,14,1712915075217
1100,-0.16015625,1.705078125,0.130859375,0.0,83,1712915075217
1100,-0.1640625,1.744140625,0.109375,0.0,168,1712915075217
1100,-0.16796875,1.783203125,0.091796875,0.0,153,1712915075217
1100,-0.171875,1.822265625,0.0703125,0.0,58,1712915075217
1100,-0.060546875,1.896484375,-0.4375,0.0,82,1712915075217
1100,0.0,1.880859375,-0.634765625,0.0,93,1712915075217
1100,-0.0625,1.978515625,-0.421875,0.0,58,1712915075217
1100,-0.064453125,2.060546875,-0.04296875,0.0,90,1712915075217
1100,0.0,2.099609375,-0.056640625,0.0,125,1712915075217
1100,0.06640625,2.134765625,-0.087890625,0.0,152,1712915075217
1100,0.13671875,2.169921875,-0.0703125,0.0,161,1712915075217
1100,0.138671875,2.208984375,-0.078125,0.0,94,1712915075217
1100,0.140625,2.248046875,-0.0546875,0.0,27,1712915075217
1100,-0.158203125,1.654296875,0.248046875,0.12520644037889672,26,1712915075217
1100,-0.16015625,1.693359375,0.240234375,0.12520644037889672,155,1712915075217
1100,-0.1640625,1.734375,0.22265625,0.12520644037889672,311,1712915075217
1100,-0.16796875,1.7734375,0.20703125,0.12520644037889672,285,1712915075217
1100,-0.171875,1.81640625,0.177734375,0.12520644037889672,109,1712915075217
1100,-0.060546875,1.935546875,-0.197265625,0.12520644037889672,72,1712915075217
1100,-0.0625,1.978515625,-0.154296875,0.12520644037889672,92,1712915075217
1100,-0.0625,2.021484375,0.033203125,0.12520644037889672,53,1712915075217
1100,0.203125,2.166015625,0.0078125,0.12520644037889672,30,1712915075217
1100,-0.16015625,1.673828125,0.3515625,0.25041288075779344,73,1712915075217
1100,-0.21875,1.712890625,0.32421875,0.25041288075779344,145,1712915075217
1100,-0.224609375,1.751953125,0.314453125,0.25041288075779344,131,1712915075217
1100,-0.171875,1.798828125,0.30078125,0.25041288075779344,50,1712915075217
1100,3.919921875,0.0,-1.05859375,0.25041288075779344,39,1712915075217
1100,3.95703125,0.0,-1.16796875,0.25041288075779344,42,1712915075217
1100,3.865234375,0.482421875,-1.3515625,0.25041288075779344,22,1712915075217
1100,3.8828125,0.728515625,-0.677734375,0.37561932113669017,36,1712915075217
1100,3.919921875,0.591796875,-0.810546875,0.37561932113669017,76,1712915075217
1100,3.95703125,0.51171875,-0.873046875,0.37561932113669017,76,1712915075217
1100,3.865234375,1.044921875,-0.984375,0.37561932113669017,39,1712915075217
1100,3.8828125,0.91015625,-0.40234375,0.5008257615155869,22,1712915075217
1100,3.919921875,0.880859375,-0.48046875,0.5008257615155869,45,1712915075217
1100,3.95703125,0.859375,-0.53515625,0.5008257615155869,43,1712915075217
1100,3.736328125,1.51953125,-0.8515625,0.5008257615155869,20,1712915075217
1100,-3.818359375,0.0,-0.556640625,-0.5008257615155869,24,1712915075217
1100,-3.85546875,0.0,-0.5859375,-0.5008257615155869,23,1712915075217
1100,0.0,1.908203125,-0.076171875,-0.37561932113669017,22,1712915075217
1100,0.0,1.9453125,-0.072265625,-0.37561932113669017,55,1712915075217
1100,0.0,1.98046875,-0.12890625,-0.37561932113669017,55,1712915075217
1100,0.1328125,2.0859375,-0.451171875,-0.37561932113669017,42,1712915075217
1100,0.203125,2.11328125,-0.47265625,-0.37561932113669017,50,1712915075217
1100,0.20703125,2.1484375,-0.49609375,-0.37561932113669017,38,1712915075217
1100,0.0,1.869140625,0.388671875,-0.25041288075779344,63,1712915075217
1100,-0.060546875,1.87890625,0.505859375,-0.25041288075779344,133,1712915075217
1100,0.0,1.80859375,0.81640625,-0.25041288075779344,124,1712915075217
1100,0.0,1.56640625,-1.279296875,-0.25041288075779344,45,1712915075217
1100,0.0,2.0546875,-0.1796875,-0.25041288075779344,93,1712915075217
1100,0.06640625,2.087890625,-0.21484375,-0.25041288075779344,150,1712915075217
1100,0.1328125,2.109375,-0.31640625,-0.25041288075779344,222,1712915075217
1100,0.203125,2.140625,-0.330078125,-0.25041288075779344,251,1712915075217
1100,0.20703125,2.177734375,-0.34375,-0.25041288075779344,165,1712915075217
1100,0.2109375,2.21875,-0.32421875,-0.25041288075779344,63,1712915075217
1100,-0.21875,1.7421875,-0.03125,-0.12520644037889672,16,1712915075217
1100,-0.16796875,1.78515625,-0.0390625,-0.12520644037889672,17,1712915075217
1100,-0.060546875,1.728515625,0.80859375,-0.12520644037889672,68,1712915075217
1100,0.0,1.572265625,-1.1484375,-0.12520644037889672,167,1712915075217
1100,0.0,1.716796875,-0.998046875,-0.12520644037889672,187,1712915075217
1100,-0.0625,1.94140625,-0.564453125,-0.12520644037889672,127,1712915075217
1100,-0.064453125,2.05859375,-0.091796875,-0.12520644037889672,179,1712915075217
1100,0.0,2.09765625,-0.103515625,-0.12520644037889672,247,1712915075217
1101,-0.052734375,1.69921875,0.248046875,0.0,42,1712915075318
1101,-0.0546875,1.7421875,0.208984375,0.0,108,1712915075318
1101,-0.111328125,1.783203125,0.154296875,0.0,121,1712915075318
1101,-0.115234375,1.826171875,0.1015625,0.0,63,1712915075318
1101,-0.12109375,1.81640625,-0.689453125,0.0,43,1712915075318
1101,-0.0625,1.912109375,-0.533203125,0.0,109,1712915075318
1101,-0.0625,1.9765625,-0.42578125,0.0,226,1712915075318
1101,-0.064453125,2.0234375,-0.39453125,0.0,256,1712915075318
1101,0.06640625,2.0703125,-0.33984375,0.0,185,1712915075318
1101,0.201171875,2.109375,-0.27734375,0.0,226,1712915075318
1101,0.271484375,2.146484375,-0.240234375,0.0,237,1712915075318
1101,0.20703125,2.19140625,-0.234375,0.0,132,1712915075318
1101,0.140625,2.234375,-0.24609375,0.0,35,1712915075318
1101,-0.052734375,1.6875,0.3203125,0.12520644037889672,135,1712915075318
1101,-0.109375,1.7265625,0.298828125,0.12520644037889672,344,1712915075318
1101,-0.111328125,1.771484375,0.267578125,0.12520644037889672,386,1712915075318
1101,-0.056640625,1.81640625,0.232421875,0.12520644037889672,199,1712915075318
1101,0.0,1.861328125,0.1953125,0.12520644037889672,35,1712915075318
1101,0.0,1.947265625,-0.0078125,0.12520644037889672,123,1712915075318
1101,0.0,1.978515625,-0.171875,0.12520644037889672,273,1712915075318
1101,0.0,2.01171875,-0.21484375,0.12520644037889672,492,1712915075318
1101,-0.064453125,2.05078125,-0.197265625,0.12520644037889672,565,1712915075318
1101,-0.06640625,2.091796875,-0.1796875,0.12520644037889672,344,1712915075318
1101,0.0,2.130859375,-0.1796875,0.12520644037889672,135,1712915075318
1101,0.13671875,2.158203125,-0.236328125,0.12520644037889672,65,1712915075318
1101,0.138671875,2.19140625,-0.2890625,0.12520644037889672,32,1712915075318
1101,-0.107421875,1.66015625,0.4296875,0.25041288075779344,56,1712915075318
1101,-0.109375,1.70703125,0.396484375,0.25041288075779344,142,1712915075318
1101,-0.111328125,1.75,0.376953125,0.25041288075779344,161,1712915075318
1101,-0.115234375,1.798828125,0.326171875,0.25041288075779344,81,1712915075318
1101,0.0,1.982421875,-0.087890625,0.25041288075779344,114,1712915075318
1101,-0.0625,2.017578125,-0.12890625,0.25041288075779344,259,1712915075318
1101,-0.064453125,2.05859375,-0.08203125,0.25041288075779344,331,1712915075318
1101,-0.06640625,2.09765625,-0.08203125,0.25041288075779344,216,1712915075318
1101,-0.06640625,2.130859375,-0.1484375,0.25041288075779344,86,1712915075318
1101,0.0,2.158203125,-0.271484375,0.25041288075779344,34,1712915075318
1101,-0.353515625,2.763671875,0.470703125,0.25041288075779344,34,1712915075318
1101,-0.447265625,2.779296875,0.52734375,0.25041288075779344,27,1712915075318
1101,-0.1640625,1.66015625,0.548828125,0.37561932113669017,19,1712915075318
1101,-0.16796875,1.70703125,0.529296875,0.37561932113669017,22,1712915075318
1101,-0.193359375,2.04296875,0.1953125,0.37561932113669017,36,1712915075318
1101,-0.130859375,2.095703125,0.0078125,0.37561932113669017,36,1712915075318
1101,-0.1328125,2.12109375,-0.2265625,0.37561932113669017,26,1712915075318
1101,3.919921875,0.0,-1.041015625,0.37561932113669017,20,1712915075318
1101,-4.083984375,0.0,-0.9609375,0.37561932113669017,31,1712915075318
1101,-4.123046875,0.0,-0.990234375,0.37561932113669017,33,1712915075318
1101,4.03125,0.462890625,-0.921875,0.37561932113669017,21,1712915075318
1101,3.919921875,0.685546875,-0.732421875,0.5008257615155869,18,1712915075318
1101,-4.083984375,0.0,-0.626953125,0.5008257615155869,34,1712915075318
1101,-4.123046875,0.0,-0.6640625,0.5008257615155869,41,1712915075318
1101,-4.162109375,0.0,-0.44140625,0.5008257615155869,28,1712915075318
1101,3.95703125,0.8671875,-0.5234375,0.6260322018944836,19,1712915075318
1101,-4.123046875,0.0,-0.375,0.6260322018944836,23,1712915075318
1101,0.115234375,1.818359375,0.1875,-0.5008257615155869,44,1712915075318
1101,0.1171875,1.86328125,0.115234375,-0.5008257615155869,55,1712915075318
1101,0.119140625,1.904296875,0.076171875,-0.5008257615155869,31,1712915075318
1101,-3.435546875,1.115234375,-0.6171875,-0.5008257615155869,33,1712915075318
1101,-3.470703125,1.14453125,-0.58984375,-0.5008257615155869,49,1712915075318
1101,-3.5078125,1.18359375,-0.54296875,-0.5008257615155869,36,1712915075318
1101,0.056640625,1.779296875,0.22265625,-0.37561932113669017,34,1712915075318
1101,0.115234375,1.810546875,0.251953125,-0.37561932113669017,82,1712915075318
1101,0.1171875,1.849609375,0.2578125,-0.37561932113669017,102,1712915075318
1101,0.119140625,1.892578125,0.2109375,-0.37561932113669017,70,1712915075318
1101,0.060546875,1.9453125,0.046875,-0.37561932113669017,30,1712915075318
1102,0.0,1.712890625,0.138671875,0.0,21,1712915075418
1102,0.0,1.755859375,0.02734375,0.0,33,1712915075418
1102,-0.28125,1.693359375,-0.521484375,0.0,8,1712915075418
1102,0.056640625,1.751953125,0.53515625,0.0,43,1712915075418
1102,0.05859375,1.8125,0.458984375,0.0,43,1712915075418
1102,0.12109375,1.8515625,-0.58984375,0.0,64,1712915075418
1102,0.125,1.92578125,-0.46484375,0.0,126,1712915075418
1102,0.126953125,1.966796875,-0.4609375,0.0,116,1712915075418
1102,0.2578125,1.99609375,-0.44921875,0.0,91,1712915075418
1102,0.39453125,2.029296875,-0.369140625,0.0,208,1712915075418
1102,0.400390625,2.07421875,-0.32421875,0.0,276,1712915075418
1102,0.33984375,2.130859375,-0.27734375,0.0,185,1712915075418
1102,0.345703125,2.177734375,-0.19921875,0.0,56,1712915075418
1102,0.0,1.689453125,0.3125,0.12520644037889672,79,1712915075418
1102,0.0,1.73046875,0.302734375,0.12520644037889672,167,1712915075418
1102,0.0,1.7734375,0.27734375,0.12520644037889672,167,1712915075418
1102,0.0,1.818359375,0.224609375,0.12520644037889672,77,1712915075418
1102,0.05859375,1.861328125,0.17578125,0.12520644037889672,19,1712915075418
1102,0.12109375,1.892578125,-0.4375,0.12520644037889672,145,1712915075418
1102,0.125,1.947265625,-0.3671875,0.12520644037889672,333,1712915075418
1102,0.0625,1.984375,-0.38671875,0.12520644037889672,356,1712915075418
1102,0.064453125,2.0,-0.4921875,0.12520644037889672,205,1712915075418
1102,0.130859375,2.029296875,-0.51953125,0.12520644037889672,105,1712915075418
1102,0.267578125,2.0625,-0.494140625,0.12520644037889672,88,1712915075418
1102,0.271484375,2.060546875,-0.642578125,0.12520644037889672,45,1712915075418
1102,0.0,1.669921875,0.400390625,0.25041288075779344,45,1712915075418
1102,0.0,1.71875,0.36328125,0.25041288075779344,102,1712915075418
1102,0.0,1.763671875,0.328125,0.25041288075779344,107,1712915075418
1102,0.0,1.8125,0.267578125,0.25041288075779344,52,1712915075418
1102,0.060546875,1.91796875,-0.330078125,0.25041288075779344,122,1712915075418
1102,0.125,1.962890625,-0.26953125,0.25041288075779344,331,1712915075418
1102,0.0625,2.0,-0.30078125,0.25041288075779344,432,1712915075418
1102,0.064453125,2.025390625,-0.375,0.25041288075779344,300,1712915075418
1102,0.06640625,2.0625,-0.388671875,0.25041288075779344,170,1712915075418
1102,0.06640625,2.095703125,-0.416015625,0.25041288075779344,133,1712915075418
1102,0.068359375,2.103515625,-0.5546875,0.25041288075779344,68,1712915075418
1102,-0.0546875,1.728515625,0.306640625,0.37561932113669017,23,1712915075418
1102,0.0,1.771484375,0.28125,0.37561932113669017,30,1712915075418
1102,0.060546875,1.9296875,-0.248046875,0.37561932113669017,41,1712915075418
1102,0.0,1.978515625,-0.1640625,0.37561932113669017,139,1712915075418
1102,0.0625,2.017578125,-0.1484375,0.37561932113669017,212,1712915075418
1102,0.064453125,2.05078125,-0.205078125,0.37561932113669017,177,1712915075418
1102,0.0,2.078125,-0.296875,0.37561932113669017,126,1712915075418
1102,0.0,2.123046875,-0.255859375,0.37561932113669017,105,1712915075418
1102,0.0,2.158203125,-0.271484375,0.37561932113669017,58,1712915075418
1102,0.0,1.990234375,0.537109375,0.5008257615155869,36,1712915075418
1102,0.0,2.095703125,-0.138671875,0.5008257615155869,48,1712915075418
1102,-0.06640625,2.125,-0.21484375,0.5008257615155869,44,1712915075418
1102,0.0,2.173828125,-0.107421875,0.5008257615155869,22,1712915075418
1102,3.771484375,0.931640625,0.255859375,0.5008257615155869,20,1712915075418
1102,3.685546875,1.33203125,0.314453125,0.5008257615155869,25,1712915075418
1102,-3.900390625,0.703125,-1.265625,0.5008257615155869,52,1712915075418
1102,-3.9375,1.021484375,-1.044921875,0.5008257615155869,47,1712915075418
1102,-3.865234375,0.646484375,-1.28125,0.6260322018944836,58,1712915075418
1102,-3.900390625,0.96484375,-1.080078125,0.6260322018944836,91,1712915075418
1102,-4.068359375,0.48046875,-0.923828125,0.6260322018944836,74,1712915075418
1102,-3.97265625,1.240234375,-0.798828125,0.6260322018944836,34,1712915075418
1102,-3.994140625,0.0,-1.05078125,0.7512386422733803,28,1712915075418
1102,-4.03125,0.615234375,-0.828125,0.7512386422733803,45,1712915075418
1102,-4.068359375,0.8046875,-0.66015625,0.7512386422733803,38,1712915075418
1102,-4.23828125,0.0,-0.50390625,0.7512386422733803,17,1712915075418
1102,2.748046875,1.134765625,2.142578125,-0.6260322018944836,14,1712915075418
1102,-3.513671875,0.8828125,-0.173828125,-0.5008257615155869,19,1712915075418
1102,-3.322265625,1.478515625,-0.4609375,-0.5008257615155869,26,1712915075418
1103,0.357421875,1.87109375,-0.12890625,0.0,67,1712915075519
1103,0.3046875,1.912109375,-0.208984375,0.0,184,1712915075519
1103,0.310546875,1.931640625,-0.337890625,0.0,258,1712915075519
1103,0.31640625,1.947265625,-0.44921875,0.0,225,1712915075519
1103,0.2578125,2.01953125,-0.322265625,0.0,160,1712915075519
1103,0.26171875,2.08203125,-0.08203125,0.0,89,1712915075519
1103,0.400390625,1.88671875,-0.921875,0.0,63,1712915075519
1103,0.4765625,1.97265625,-0.78515625,0.0,67,1712915075519
1103,0.416015625,2.0390625,-0.75390625,0.0,38,1712915075519
1103,0.29296875,1.84765625,0.015625,0.12520644037889672,15,1712915075519
1103,0.298828125,1.884765625,-0.025390625,0.12520644037889672,122,1712915075519
1103,0.3046875,1.921875,-0.087890625,0.12520644037889672,327,1712915075519
1103,0.310546875,1.94921875,-0.21484375,0.12520644037889672,445,1712915075519
1103,0.31640625,1.97265625,-0.322265625,0.12520644037889672,348,1712915075519
1103,0.322265625,2.029296875,-0.158203125,0.12520644037889672,222,1712915075519
1103,0.328125,2.07421875,0.048828125,0.12520644037889672,160,1712915075519
1103,0.333984375,2.056640625,-0.478515625,0.12520644037889672,145,1712915075519
1103,0.33984375,2.09375,-0.484375,0.12520644037889672,148,1712915075519
1103,0.345703125,2.142578125,-0.43359375,0.12520644037889672,83,1712915075519
1103,0.298828125,1.8828125,0.11328125,0.25041288075779344,62,1712915075519
1103,0.3046875,1.921875,0.0390625,0.25041288075779344,166,1712915075519
1103,0.373046875,1.94921875,-0.0234375,0.25041288075779344,188,1712915075519
1103,0.568359375,1.931640625,-0.19921875,0.25041288075779344,96,1712915075519
1103,0.064453125,2.05859375,0.078125,0.25041288075779344,174,1712915075519
1103,0.130859375,2.095703125,-0.0234375,0.25041288075779344,155,1712915075519
1103,0.267578125,2.115234375,-0.162109375,0.25041288075779344,124,1712915075519
1103,0.33984375,2.138671875,-0.21484375,0.25041288075779344,121,1712915075519
1103,0.345703125,2.16796875,-0.28515625,0.25041288075779344,70,1712915075519
1103,0.0625,1.982421875,-0.087890625,0.37561932113669017,66,1712915075519
1103,0.0625,2.021484375,-0.05859375,0.37561932113669017,194,1712915075519
1103,0.12890625,2.056640625,-0.02734375,0.37561932113669017,239,1712915075519
1103,0.130859375,2.091796875,0.126953125,0.37561932113669017,132,1712915075519
1103,1.203125,0.0,2.009765625,0.37561932113669017,24,1712915075519
1103,0.408203125,2.115234375,-0.3125,0.37561932113669017,32,1712915075519
1103,0.27734375,2.146484375,-0.47265625,0.37561932113669017,50,1712915075519
1103,0.28125,2.177734375,-0.5,0.37561932113669017,35,1712915075519
1103,0.0,1.791015625,0.11328125,0.5008257615155869,21,1712915075519
1103,0.0625,2.021484375,0.046875,0.5008257615155869,74,1712915075519
1103,0.064453125,2.05859375,0.07421875,0.5008257615155869,95,1712915075519
1103,0.1328125,2.1015625,-0.37109375,0.5008257615155869,48,1712915075519
1103,0.13671875,2.109375,-0.51953125,0.5008257615155869,98,1712915075519
1103,0.138671875,2.150390625,-0.5078125,0.5008257615155869,111,1712915075519
1103,0.140625,2.197265625,-0.470703125,0.5008257615155869,73,1712915075519
1103,0.142578125,2.25390625,-0.37890625,0.5008257615155869,23,1712915075519
1103,0.0,1.74609375,0.19140625,0.6260322018944836,47,1712915075519
1103,0.0,1.78125,0.2109375,0.6260322018944836,93,1712915075519
1103,0.0,1.826171875,0.162109375,0.6260322018944836,70,1712915075519
1103,0.0,1.8671875,0.103515625,0.6260322018944836,26,1712915075519
1103,0.0,1.89453125,0.23828125,0.6260322018944836,39,1712915075519
1103,0.201171875,2.111328125,0.263671875,0.6260322018944836,23,1712915075519
1103,0.13671875,2.13671875,-0.388671875,0.6260322018944836,70,1712915075519
1103,0.138671875,2.171875,-0.404296875,0.6260322018944836,97,1712915075519
1103,0.140625,2.220703125,-0.35546875,0.6260322018944836,69,1712915075519
1103,0.142578125,2.26953125,-0.275390625,0.6260322018944836,24,1712915075519
1103,0.0,2.53515625,1.41015625,0.6260322018944836,20,1712915075519
1103,0.0,2.51171875,1.52734375,0.6260322018944836,25,1712915075519
1103,0.0,1.728515625,0.306640625,0.7512386422733803,50,1712915075519
1103,-0.056640625,1.763671875,0.32421875,0.7512386422733803,102,1712915075519
1103,0.0,1.814453125,0.25390625,0.7512386422733803,86,1712915075519
1103,0.0,1.861328125,0.177734375,0.7512386422733803,68,1712915075519
1103,-0.060546875,1.892578125,0.23828125,0.7512386422733803,69,1712915075519
1103,0.203125,2.13671875,-0.353515625,0.7512386422733803,23,1712915075519
1103,0.20703125,2.177734375,-0.337890625,0.7512386422733803,35,1712915075519
1103,0.140625,2.232421875,-0.26171875,0.7512386422733803,28,1712915075519
1104,0.41796875,1.859375,-0.09375,0.0,20,1712915075619
1104,0.42578125,1.900390625,0.033203125,0.0,45,1712915075619
1104,0.43359375,1.935546875,0.07421875,0.0,30,1712915075619
1104,0.37890625,1.744140625,-0.953125,0.0,33,1712915075619
1104,0.38671875,1.646484375,-1.1796875,0.0,44,1712915075619
1104,0.458984375,2.044921875,0.130859375,0.0,38,1712915075619
1104,0.53515625,2.037109375,-0.37109375,0.0,48,1712915075619
1104,0.611328125,1.984375,-0.65234375,0.0,37,1712915075619
1104,0.552734375,1.955078125,-0.880859375,0.0,20,1712915075619
1104,0.3671875,2.90625,0.234375,0.0,46,1712915075619
1104,0.46484375,2.923828125,0.32421875,0.0,46,1712915075619
1104,0.41796875,1.861328125,0.046875,0.12520644037889672,45,1712915075619
1104,0.42578125,1.890625,0.1953125,0.12520644037889672,95,1712915075619
1104,-0.43359375,0.908203125,1.7109375,0.12520644037889672,32,1712915075619
1104,0.37890625,1.787109375,-0.8671875,0.12520644037889672,131,1712915075619
1104,0.38671875,1.84765625,-0.830078125,0.12520644037889672,133,1712915075619
1104,0.26171875,1.619140625,-1.310546875,0.12520644037889672,40,1712915075619
1104,0.458984375,2.8671875,0.4609375,0.12520644037889672,94,1712915075619
1104,0.46484375,2.888671875,0.5546875,0.12520644037889672,93,1712915075619
1104,0.357421875,1.86328125,0.203125,0.25041288075779344,41,1712915075619
1104,0.42578125,1.861328125,0.37890625,0.25041288075779344,76,1712915075619
1104,-0.49609375,1.0,1.640625,0.25041288075779344,35,1712915075619
1104,0.37890625,1.865234375,-0.68359375,0.25041288075779344,156,1712915075619
1104,0.38671875,1.931640625,-0.609375,0.25041288075779344,126,1712915075619
1104,0.26171875,2.06640625,-0.2578125,0.25041288075779344,57,1712915075619
1104,0.333984375,2.0859375,-0.326171875,0.25041288075779344,81,1712915075619
1104,0.408203125,2.083984375,-0.4765625,0.25041288075779344,115,1712915075619
1104,0.416015625,2.107421875,-0.5390625,0.25041288075779344,88,1712915075619
1104,0.4921875,2.134765625,-0.5234375,0.25041288075779344,41,1712915075619
1104,0.275390625,2.91796875,0.23046875,0.25041288075779344,71,1712915075619
1104,0.279296875,2.90234375,-0.6015625,0.25041288075779344,84,1712915075619
1104,0.189453125,2.833984375,-1.01171875,0.25041288075779344,57,1712915075619
1104,0.365234375,1.78515625,0.685546875,0.37561932113669017,15,1712915075619
1104,0.43359375,1.759765625,-0.80859375,0.37561932113669017,18,1712915075619
1104,-0.0625,1.970703125,0.45703125,0.37561932113669017,55,1712915075619
1104,0.0,2.03125,0.34765625,0.37561932113669017,100,1712915075619
1104,0.197265625,2.080078125,0.19921875,0.37561932113669017,94,1712915075619
1104,0.333984375,2.103515625,-0.185546875,0.37561932113669017,104,1712915075619
1104,0.408203125,2.10546875,-0.37109375,0.37561932113669017,126,1712915075619
1104,0.484375,2.1171875,-0.43359375,0.37561932113669017,97,1712915075619
1104,0.421875,2.177734375,-0.392578125,0.37561932113669017,44,1712915075619
1104,0.091796875,2.45703125,-1.609375,0.37561932113669017,38,1712915075619
1104,0.09375,2.5703125,-1.5,0.37561932113669017,69,1712915075619
1104,0.09375,2.59375,-1.537109375,0.37561932113669017,63,1712915075619
1104,-3.607421875,1.96484375,-1.1875,0.37561932113669017,27,1712915075619
1104,-3.640625,2.001953125,-1.1640625,0.37561932113669017,23,1712915075619
1104,0.0,2.0234375,0.001953125,0.5008257615155869,72,1712915075619
1104,0.0,2.056640625,0.12890625,0.5008257615155869,118,1712915075619
1104,0.06640625,2.08203125,0.265625,0.5008257615155869,88,1712915075619
1104,0.267578125,2.12109375,0.0546875,0.5008257615155869,36,1712915075619
1104,0.4765625,2.1171875,-0.16015625,0.5008257615155869,30,1712915075619
1104,0.484375,2.15625,-0.130859375,0.5008257615155869,27,1712915075619
1104,0.0,2.330078125,-1.853515625,0.5008257615155869,46,1712915075619
1104,0.0,2.2734375,-1.982421875,0.5008257615155869,41,1712915075619
1104,-3.576171875,2.0078125,-1.06640625,0.5008257615155869,35,1712915075619
1104,-3.607421875,2.068359375,-0.99609375,0.5008257615155869,56,1712915075619
1104,-3.640625,2.13671875,-0.89453125,0.5008257615155869,50,1712915075619
1104,0.0,2.01953125,0.123046875,0.6260322018944836,21,1712915075619
1104,0.0,2.0546875,0.166015625,0.6260322018944836,39,1712915075619
1104,0.0,2.095703125,0.1328125,0.6260322018944836,32,1712915075619
1104,0.1328125,2.064453125,-0.537109375,0.6260322018944836,24,1712915075619
1104,0.203125,2.095703125,-0.552734375,0.6260322018944836,45,1712915075619
1104,0.138671875,2.125,-0.607421875,0.6260322018944836,48,1712915075619
1104,-0.185546875,2.892578125,-0.6796875,0.6260322018944836,50,1712915075619
1105,0.49609375,1.826171875,-0.6015625,0.0,82,1712915075719
1105,0.505859375,1.87890625,-0.552734375,0.0,214,1712915075719
1105,0.515625,1.921875,-0.541015625,0.0,252,1712915075719
1105,0.458984375,1.982421875,-0.517578125,0.0,135,1712915075719
1105,0.333984375,2.044921875,-0.52734375,0.0,33,1712915075719
1105,0.623046875,1.833984375,-1.072265625,0.0,18,1712915075719
1105,0.486328125,1.83984375,-0.40625,0.12520644037889672,37,1712915075719
1105,0.49609375,1.876953125,-0.416015625,0.12520644037889672,271,1712915075719
1105,0.505859375,1.916015625,-0.408203125,0.12520644037889672,668,1712915075719
1105,0.515625,1.955078125,-0.404296875,0.12520644037889672,757,1712915075719
1105,0.525390625,1.99609375,-0.380859375,0.12520644037889672,422,1712915075719
1105,0.53515625,2.048828125,-0.296875,0.12520644037889672,148,1712915075719
1105,0.611328125,2.0703125,-0.279296875,0.12520644037889672,53,1712915075719
1105,0.0,1.123046875,-2.509765625,0.12520644037889672,13,1712915075719
1105,0.783203125,2.673828125,-0.03515625,0.12520644037889672,14,1712915075719
1105,0.6171875,2.7109375,0.50390625,0.12520644037889672,14,1712915075719
1105,0.486328125,1.876953125,-0.169921875,0.25041288075779344,53,1712915075719
1105,0.49609375,1.90625,-0.248046875,0.25041288075779344,347,1712915075719
1105,0.505859375,1.94140625,-0.267578125,0.25041288075779344,820,1712915075719
1105,0.515625,1.978515625,-0.263671875,0.25041288075779344,917,1712915075719
1105,0.525390625,2.021484375,-0.20703125,0.25041288075779344,559,1712915075719
1105,0.53515625,2.068359375,-0.099609375,0.25041288075779344,263,1712915075719
1105,0.544921875,1.978515625,0.72265625,0.25041288075779344,76,1712915075719
1105,0.623046875,1.95703125,-0.828125,0.25041288075779344,69,1712915075719
1105,0.4921875,2.09765625,-0.65625,0.25041288075779344,84,1712915075719
1105,0.357421875,2.203125,-0.509765625,0.25041288075779344,48,1712915075719
1105,0.546875,1.865234375,0.115234375,0.37561932113669017,35,1712915075719
1105,0.49609375,1.921875,-0.05078125,0.37561932113669017,168,1712915075719
1105,0.505859375,1.955078125,-0.109375,0.37561932113669017,366,1712915075719
1105,0.451171875,2.0078125,-0.12890625,0.37561932113669017,411,1712915075719
1105,0.458984375,2.046875,-0.068359375,0.37561932113669017,298,1712915075719
1105,0.466796875,2.0859375,0.037109375,0.37561932113669017,194,1712915075719
1105,0.271484375,1.955078125,0.91796875,0.37561932113669017,55,1712915075719
1105,0.623046875,2.0234375,-0.65234375,0.37561932113669017,96,1712915075719
1105,0.4921875,2.1171875,-0.591796875,0.37561932113669017,92,1712915075719
1105,0.357421875,2.22265625,-0.423828125,0.37561932113669017,44,1712915075719
1105,0.0,1.91796875,0.3359375,0.5008257615155869,24,1712915075719
1105,0.0,1.94921875,0.37109375,0.5008257615155869,38,1712915075719
1105,-0.126953125,1.896484375,0.69140625,0.5008257615155869,25,1712915075719
1105,0.38671875,2.0078125,-0.259765625,0.5008257615155869,28,1712915075719
1105,0.328125,2.068359375,-0.15625,0.5008257615155869,52,1712915075719
1105,0.333984375,2.111328125,-0.009765625,0.5008257615155869,60,1712915075719
1105,0.623046875,2.076171875,-0.455078125,0.5008257615155869,34,1712915075719
1105,-3.505859375,2.490234375,-0.35546875,0.5008257615155869,28,1712915075719
1105,-3.671875,2.328125,-0.19921875,0.5008257615155869,32,1712915075719
1105,0.0,1.931640625,0.248046875,0.6260322018944836,67,1712915075719
1105,-0.0625,1.96875,0.240234375,0.6260322018944836,108,1712915075719
1105,-0.0625,2.013671875,0.189453125,0.6260322018944836,75,1712915075719
1105,0.0,2.05078125,0.20703125,0.6260322018944836,20,1712915075719
1105,-3.640625,2.314453125,0.0,0.6260322018944836,31,1712915075719
1105,-3.671875,2.3359375,-0.005859375,0.6260322018944836,38,1712915075719
1105,-0.060546875,1.90625,0.388671875,0.7512386422733803,61,1712915075719
1105,-0.0625,1.947265625,0.380859375,0.7512386422733803,91,1712915075719
1105,-0.126953125,1.98046875,0.39453125,0.7512386422733803,53,1712915075719
1105,0.08203125,1.626953125,-2.0703125,0.7512386422733803,22,1712915075719
1105,-0.125,1.919921875,0.486328125,0.876445082652277,23,1712915075719
1105,0.64453125,2.1015625,-0.64453125,-0.37561932113669017,26,1712915075719
1105,0.654296875,2.13671875,-0.654296875,-0.37561932113669017,21,1712915075719
1105,3.0390625,0.0,2.06640625,-0.37561932113669017,20,1712915075719
1105,3.072265625,0.0,2.154296875,-0.37561932113669017,31,1712915075719
1105,3.107421875,0.0,2.189453125,-0.37561932113669017,23,1712915075719
1105,0.5625,2.11328125,-0.537109375,-0.25041288075779344,18,1712915075719
1105,0.64453125,2.13671875,-0.513671875,-0.25041288075779344,26,1712915075719
1105,3.0390625,0.0,2.17578125,-0.25041288075779344,31,1712915075719
1106,0.62109375,1.828125,-0.458984375,0.0,17,1712915075820
1106,0.568359375,1.90234375,-0.38671875,0.0,52,1712915075820
1106,0.580078125,1.935546875,-0.412109375,0.0,73,1712915075820
1106,0.65625,1.9453125,-0.443359375,0.0,55,1712915075820
1106,-0.1328125,1.93359375,0.90234375,0.0,26,1712915075820
1106,0.6328125,1.919921875,-0.9921875,0.0,13,1712915075820
1106,3.0390625,0.0,2.474609375,0.0,22,1712915075820
1106,0.62109375,1.810546875,-0.52734375,0.12520644037889672,30,1712915075820
1106,0.505859375,1.8984375,-0.486328125,0.12520644037889672,118,1712915075820
1106,0.580078125,1.912109375,-0.505859375,0.12520644037889672,193,1712915075820
1106,0.58984375,1.966796875,-0.4375,0.12520644037889672,160,1712915075820
1106,0.734375,2.00390625,-0.109375,0.12520644037889672,87,1712915075820
1106,0.0,1.861328125,1.267578125,0.12520644037889672,25,1712915075820
1106,0.0,1.97265625,1.1640625,0.12520644037889672,29,1712915075820
1106,0.55859375,1.876953125,-0.32421875,0.25041288075779344,67,1712915075820
1106,0.568359375,1.90234375,-0.388671875,0.25041288075779344,247,1712915075820
1106,0.515625,1.955078125,-0.40625,0.25041288075779344,381,1712915075820
1106,0.525390625,1.994140625,-0.396484375,0.25041288075779344,298,1712915075820
1106,0.66796875,2.005859375,-0.322265625,0.25041288075779344,174,1712915075820
1106,0.611328125,2.078125,-0.19921875,0.25041288075779344,89,1712915075820
1106,0.76171875,1.869140625,-0.91015625,0.25041288075779344,46,1712915075820
1106,0.84375,1.982421875,-0.65625,0.25041288075779344,82,1712915075820
1106,0.859375,1.876953125,-0.994140625,0.25041288075779344,59,1712915075820
1106,-0.21875,1.66015625,1.619140625,0.25041288075779344,27,1712915075820
1106,0.65234375,2.505859375,1.470703125,0.25041288075779344,51,1712915075820
1106,0.56640625,2.017578125,2.169921875,0.25041288075779344,54,1712915075820
1106,0.55859375,1.904296875,-0.029296875,0.37561932113669017,80,1712915075820
1106,0.568359375,1.9375,-0.125,0.37561932113669017,246,1712915075820
1106,0.515625,1.986328125,-0.197265625,0.37561932113669017,339,1712915075820
1106,0.58984375,1.98046875,-0.373046875,0.37561932113669017,244,1712915075820
1106,0.6015625,2.00390625,-0.443359375,0.37561932113669017,148,1712915075820
1106,0.408203125,2.119140625,-0.283203125,0.37561932113669017,138,1712915075820
1106,0.27734375,2.076171875,-0.71875,0.37561932113669017,79,1712915075820
1106,0.84375,2.02734375,-0.49609375,0.37561932113669017,71,1712915075820
1106,0.787109375,2.037109375,-0.693359375,0.37561932113669017,48,1712915075820
1106,0.75390625,2.205078125,1.916015625,0.37561932113669017,35,1712915075820
1106,0.55859375,1.89453125,0.193359375,0.5008257615155869,43,1712915075820
1106,0.568359375,1.93359375,0.181640625,0.5008257615155869,105,1712915075820
1106,0.580078125,1.9765625,0.076171875,0.5008257615155869,119,1712915075820
1106,0.65625,1.953125,-0.408203125,0.5008257615155869,79,1712915075820
1106,0.6015625,1.9140625,-0.73828125,0.5008257615155869,42,1712915075820
1106,0.33984375,2.1328125,-0.259765625,0.5008257615155869,89,1712915075820
1106,0.27734375,2.166015625,-0.36328125,0.5008257615155869,83,1712915075820
1106,0.2109375,2.228515625,-0.24609375,0.5008257615155869,44,1712915075820
1106,0.345703125,2.16796875,-0.2890625,0.6260322018944836,25,1712915075820
1106,0.3515625,2.22265625,-0.0703125,0.6260322018944836,23,1712915075820
1106,3.11328125,0.0,2.150390625,-0.12520644037889672,20,1712915075820
1106,3.1484375,0.0,2.21875,-0.12520644037889672,36,1712915075820
1106,3.29296875,0.0,2.029296875,-0.12520644037889672,29,1712915075820
1106,-0.197265625,1.5625,1.388671875,0.0,36,1712915075820
1106,0.66796875,1.873046875,0.78515625,0.0,19,1712915075820
1106,-0.1328125,1.484375,1.53125,0.12520644037889672,46,1712915075820
1106,0.9140625,1.8203125,0.958984375,0.12520644037889672,21,1712915075820
1106,-0.142578125,1.71484375,1.51171875,0.12520644037889672,29,1712915075820
1106,0.068359375,1.435546875,1.68359375,0.25041288075779344,26,1712915075820
1106,-0.0703125,1.677734375,1.5,0.25041288075779344,55,1712915075820
1106,-0.142578125,1.650390625,1.58203125,0.25041288075779344,54,1712915075820
1106,0.728515625,2.037109375,-0.861328125,0.25041288075779344,26,1712915075820
1106,0.0,1.521484375,1.66015625,0.37561932113669017,52,1712915075820
1106,-0.072265625,1.71484375,1.517578125,0.37561932113669017,38,1712915075820
1106,1.302734375,0.0,3.392578125,-0.12520644037889672,22,1712915075820
1106,1.31640625,0.0,3.279296875,-0.12520644037889672,24,1712915075820
1107,0.64453125,1.845703125,-0.654296875,0.0,18,1712915075921
1107,0.984375,1.849609375,-0.130859375,0.0,16,1712915075921
1107,0.869140625,1.935546875,-0.267578125,0.0,64,1712915075921
1107,0.884765625,1.962890625,-0.322265625,0.0,79,1712915075921
1107,0.830078125,2.03125,-0.294921875,0.0,40,1712915075921
1107,0.6953125,1.875,-0.306640625,0.12520644037889672,44,1712915075921
1107,0.64453125,1.921875,-0.375,0.12520644037889672,134,1712915075921
1107,0.58984375,1.962890625,-0.45703125,0.12520644037889672,125,1712915075921
1107,0.935546875,1.91796875,-0.1328125,0.12520644037889672,129,1712915075921
1107,0.81640625,2.0078125,-0.205078125,0.12520644037889672,200,1712915075921
1107,0.830078125,2.04296875,-0.197265625,0.12520644037889672,101,1712915075921
1107,0.6328125,1.912109375,-0.193359375,0.25041288075779344,76,1712915075921
1107,0.64453125,1.9453125,-0.22265625,0.25041288075779344,222,1712915075921
1107,0.58984375,2.00390625,-0.201171875,0.25041288075779344,217,1712915075921
1107,0.935546875,1.921875,-0.048828125,0.25041288075779344,103,1712915075921
1107,0.81640625,2.01171875,-0.158203125,0.25041288075779344,212,1712915075921
1107,0.76171875,2.0703125,-0.1953125,0.25041288075779344,127,1712915075921
1107,0.7734375,2.076171875,-0.400390625,0.25041288075779344,59,1712915075921
1107,0.572265625,2.06640625,-0.806640625,0.25041288075779344,28,1712915075921
1107,0.6328125,1.921875,0.01171875,0.37561932113669017,37,1712915075921
1107,0.64453125,1.958984375,-0.0078125,0.37561932113669017,107,1712915075921
1107,0.58984375,2.013671875,0.0546875,0.37561932113669017,100,1712915075921
1107,0.66796875,2.00390625,-0.333984375,0.37561932113669017,81,1712915075921
1107,0.6796875,2.06640625,-0.078125,0.37561932113669017,182,1712915075921
1107,0.69140625,2.09765625,0.1484375,0.37561932113669017,148,1712915075921
1107,0.4921875,2.09765625,0.65234375,0.37561932113669017,59,1712915075921
1107,0.21484375,0.794921875,-2.13671875,0.37561932113669017,48,1712915075921
1107,0.146484375,1.646484375,-1.640625,0.37561932113669017,38,1712915075921
1107,0.6328125,1.9140625,0.177734375,0.5008257615155869,46,1712915075921
1107,0.64453125,1.94921875,0.189453125,0.5008257615155869,98,1712915075921
1107,0.65625,1.98828125,0.162109375,0.5008257615155869,105,1712915075921
1107,0.66796875,2.02734375,0.130859375,0.5008257615155869,92,1712915075921
1107,0.6796875,2.033203125,0.37109375,0.5008257615155869,93,1712915075921
1107,0.552734375,1.990234375,0.796875,0.5008257615155869,52,1712915075921
1107,0.986328125,1.787109375,-0.953125,0.5008257615155869,61,1712915075921
1107,0.9296875,2.087890625,-0.13671875,0.5008257615155869,62,1712915075921
1107,0.21875,2.294921875,-0.333984375,0.5008257615155869,37,1712915075921
1107,0.568359375,1.91796875,0.296875,0.6260322018944836,24,1712915075921
1107,0.64453125,1.9375,0.283203125,0.6260322018944836,56,1712915075921
1107,0.65625,1.974609375,0.27734375,0.6260322018944836,60,1712915075921
1107,0.6015625,2.03125,0.287109375,0.6260322018944836,33,1712915075921
1107,0.884765625,1.806640625,-0.830078125,0.7512386422733803,31,1712915075921
1107,0.900390625,1.841796875,-0.8359375,0.7512386422733803,66,1712915075921
1107,0.9140625,1.9140625,-0.75390625,0.7512386422733803,79,1712915075921
1107,0.859375,2.0,-0.7109375,0.7512386422733803,54,1712915075921
1107,0.80078125,2.126953125,-0.505859375,0.7512386422733803,20,1712915075921
1107,0.884765625,1.6796875,-1.064453125,0.876445082652277,24,1712915075921
1107,0.900390625,1.8046875,-0.9140625,0.876445082652277,50,1712915075921
1107,0.9140625,1.87109375,-0.857421875,0.876445082652277,57,1712915075921
1107,0.859375,1.978515625,-0.771484375,0.876445082652277,36,1712915075921
1107,1.17578125,1.46484375,1.171875,-1.0016515230311738,19,1712915075921
1107,1.126953125,1.494140625,1.25390625,-1.0016515230311738,18,1712915075921
1107,0.189453125,1.9609375,0.45703125,-0.6260322018944836,20,1712915075921
1107,0.193359375,2.01171875,0.40234375,-0.6260322018944836,30,1712915075921
1107,0.197265625,2.052734375,0.3984375,-0.6260322018944836,22,1712915075921
1107,0.189453125,1.970703125,0.412109375,-0.5008257615155869,43,1712915075921
1107,0.193359375,2.015625,0.388671875,-0.5008257615155869,73,1712915075921
1107,0.130859375,2.06640625,0.349609375,-0.5008257615155869,63,1712915075921
1107,0.1328125,2.123046875,0.21875,-0.5008257615155869,26,1712915075921
1107,0.125,1.94921875,0.35546875,-0.37561932113669017,22,1712915075921
1107,0.189453125,1.974609375,0.400390625,-0.37561932113669017,50,1712915075921
1107,0.12890625,2.013671875,0.42578125,-0.37561932113669017,74,1712915075921
1107,0.130859375,2.0546875,0.41015625,-0.37561932113669017,65,1712915075921
1107,0.1328125,2.10546875,0.34765625,-0.37561932113669017,32,1712915075921
1108,0.64453125,1.865234375,-0.59765625,0.0,16,1712915076021
1108,0.787109375,1.87109375,-0.5390625,0.0,59,1712915076021
1108,0.869140625,1.904296875,-0.431640625,0.0,132,1712915076021
1108,0.884765625,1.955078125,-0.36328125,0.0,164,1712915076021
1108,0.900390625,1.998046875,-0.3203125,0.0,97,1712915076021
1108,0.7734375,2.07421875,-0.416015625,0.0,19,1712915076021
1108,0.859375,1.99609375,-0.7265625,0.0,26,1712915076021
1108,0.853515625,1.900390625,-0.267578125,0.12520644037889672,90,1712915076021
1108,0.80078125,1.96875,-0.21875,0.12520644037889672,286,1712915076021
1108,0.81640625,2.0078125,-0.197265625,0.12520644037889672,405,1712915076021
1108,0.900390625,2.013671875,-0.201171875,0.12520644037889672,280,1712915076021
1108,0.9140625,2.041015625,-0.2578125,0.12520644037889672,97,1712915076021
1108,0.64453125,1.908203125,-0.443359375,0.25041288075779344,88,1712915076021
1108,0.72265625,1.888671875,-0.564453125,0.25041288075779344,181,1712915076021
1108,0.80078125,1.966796875,-0.24609375,0.25041288075779344,287,1712915076021
1108,0.81640625,2.017578125,-0.03515625,0.25041288075779344,391,1712915076021
1108,0.830078125,2.05078125,-0.083984375,0.25041288075779344,310,1712915076021
1108,0.986328125,2.0,-0.322265625,0.25041288075779344,184,1712915076021
1108,1.001953125,1.970703125,-0.599609375,0.25041288075779344,116,1712915076021
1108,1.091796875,1.845703125,-0.91015625,0.25041288075779344,43,1712915076021
1108,0.6328125,1.896484375,-0.314453125,0.37561932113669017,24,1712915076021
1108,0.64453125,1.931640625,-0.322265625,0.37561932113669017,133,1712915076021
1108,0.65625,1.958984375,-0.37890625,0.37561932113669017,278,1712915076021
1108,0.66796875,1.984375,-0.43359375,0.37561932113669017,291,1712915076021
1108,0.6796875,2.05078125,-0.251953125,0.37561932113669017,183,1712915076021
1108,0.900390625,2.021484375,-0.076171875,0.37561932113669017,110,1712915076021
1108,1.056640625,1.923828125,-0.505859375,0.37561932113669017,123,1712915076021
1108,1.14453125,1.79296875,-0.84765625,0.37561932113669017,112,1712915076021
1108,0.4375,2.271484375,0.26953125,0.37561932113669017,80,1712915076021
1108,0.517578125,2.30859375,-0.06640625,0.37561932113669017,53,1712915076021
1108,0.763671875,2.765625,-1.046875,0.37561932113669017,26,1712915076021
1108,0.64453125,1.951171875,-0.15625,0.5008257615155869,64,1712915076021
1108,0.65625,1.990234375,-0.1171875,0.5008257615155869,135,1712915076021
1108,0.66796875,2.03125,-0.033203125,0.5008257615155869,140,1712915076021
1108,0.611328125,2.080078125,0.1796875,0.5008257615155869,77,1712915076021
1108,0.484375,2.15625,0.125,0.5008257615155869,49,1712915076021
1108,0.4921875,2.189453125,0.19140625,0.5008257615155869,97,1712915076021
1108,0.501953125,2.228515625,0.1796875,0.5008257615155869,111,1712915076021
1108,0.509765625,2.271484375,0.0859375,0.5008257615155869,91,1712915076021
1108,0.517578125,2.30859375,-0.05078125,0.5008257615155869,52,1712915076021
1108,0.65625,1.984375,0.19921875,0.6260322018944836,43,1712915076021
1108,0.66796875,2.0234375,0.17578125,0.6260322018944836,65,1712915076021
1108,0.6796875,2.05859375,0.189453125,0.6260322018944836,58,1712915076021
1108,0.484375,2.12890625,0.36328125,0.6260322018944836,34,1712915076021
1108,0.5625,2.171875,0.203125,0.6260322018944836,67,1712915076021
1108,0.572265625,2.205078125,0.232421875,0.6260322018944836,75,1712915076021
1108,0.509765625,2.26171875,0.22265625,0.6260322018944836,46,1712915076021
1108,0.31640625,1.98828125,0.205078125,-0.5008257615155869,24,1712915076021
1108,0.38671875,2.017578125,0.181640625,-0.5008257615155869,25,1712915076021
1108,0.3046875,1.91015625,0.224609375,-0.37561932113669017,26,1712915076021
1108,0.310546875,1.953125,0.1796875,-0.37561932113669017,45,1712915076021
1108,0.31640625,1.986328125,0.220703125,-0.37561932113669017,70,1712915076021
1108,0.38671875,2.01171875,0.232421875,-0.37561932113669017,72,1712915076021
1108,0.328125,2.060546875,0.2265625,-0.37561932113669017,34,1712915076021
1108,0.3046875,1.8984375,0.306640625,-0.25041288075779344,46,1712915076021
1108,0.310546875,1.94140625,0.279296875,-0.25041288075779344,74,1712915076021
1108,0.31640625,1.9765625,0.30078125,-0.25041288075779344,94,1712915076021
1108,0.38671875,2.0,0.3203125,-0.25041288075779344,85,1712915076021
1108,0.39453125,2.0390625,0.306640625,-0.25041288075779344,39,1712915076021
1108,0.244140625,1.892578125,0.3828125,-0.12520644037889672,28,1712915076021
1108,0.310546875,1.91796875,0.404296875,-0.12520644037889672,48,1712915076021
1108,0.31640625,1.958984375,0.3984375,-0.12520644037889672,52,1712915076021
1108,0.322265625,1.998046875,0.392578125,-0.12520644037889672,38,1712915076021
1108,0.525390625,2.029296875,-0.115234375,-0.12520644037889672,21,1712915076021
1109,0.62109375,1.86328125,0.29296875,0.0,14,1712915076121
1109,0.6328125,1.91796875,0.119140625,0.0,33,1712915076121
1109,0.64453125,1.95703125,0.078125,0.0,38,1712915076121
1109,0.65625,1.9921875,0.09765625,0.0,21,1712915076121
1109,0.9296875,2.041015625,-0.46484375,0.0,40,1712915076121
1109,0.9453125,2.083984375,-0.43359375,0.0,47,1712915076121
1109,0.9609375,2.10546875,-0.4921875,0.0,30,1712915076121
1109,0.62109375,1.8828125,0.115234375,0.12520644037889672,33,1712915076121
1109,0.6328125,1.9140625,0.185546875,0.12520644037889672,51,1712915076121
1109,0.64453125,1.947265625,0.208984375,0.12520644037889672,50,1712915076121
1109,0.58984375,2.0,0.240234375,0.12520644037889672,29,1712915076121
1109,0.81640625,2.01171875,-0.140625,0.12520644037889672,25,1712915076121
1109,0.900390625,2.0078125,-0.25,0.12520644037889672,36,1712915076121
1109,0.986328125,2.0,-0.322265625,0.12520644037889672,52,1712915076121
1109,0.9296875,2.06640625,-0.33203125,0.12520644037889672,85,1712915076121
1109,0.9453125,2.099609375,-0.34375,0.12520644037889672,96,1712915076121
1109,0.9609375,2.123046875,-0.41796875,0.12520644037889672,61,1712915076121
1109,3.107421875,0.0,3.349609375,0.12520644037889672,26,1712915076121
1109,0.546875,1.86328125,0.130859375,0.25041288075779344,22,1712915076121
1109,0.55859375,1.900390625,0.126953125,0.25041288075779344,61,1712915076121
1109,0.568359375,1.939453125,0.08984375,0.25041288075779344,87,1712915076121
1109,0.580078125,1.978515625,0.02734375,0.25041288075779344,62,1712915076121
1109,0.869140625,1.947265625,-0.162109375,0.25041288075779344,62,1712915076121
1109,0.884765625,1.978515625,-0.203125,0.25041288075779344,169,1712915076121
1109,0.900390625,2.01171875,-0.212890625,0.25041288075779344,203,1712915076121
1109,0.9140625,2.044921875,-0.23828125,0.25041288075779344,122,1712915076121
1109,0.859375,2.10546875,-0.271484375,0.25041288075779344,64,1712915076121
1109,0.80078125,2.171875,-0.259765625,0.25041288075779344,76,1712915076121
1109,0.814453125,2.201171875,-0.306640625,0.25041288075779344,57,1712915076121
1109,0.546875,1.859375,0.17578125,0.37561932113669017,23,1712915076121
1109,0.55859375,1.89453125,0.1953125,0.37561932113669017,63,1712915076121
1109,0.568359375,1.931640625,0.1875,0.37561932113669017,92,1712915076121
1109,0.580078125,1.96875,0.19921875,0.37561932113669017,72,1712915076121
1109,0.58984375,2.00390625,0.201171875,0.37561932113669017,29,1712915076121
1109,0.935546875,1.91796875,0.123046875,0.37561932113669017,60,1712915076121
1109,0.951171875,1.95703125,0.03125,0.37561932113669017,171,1712915076121
1109,0.900390625,2.0234375,-0.033203125,0.37561932113669017,220,1712915076121
1109,0.84375,2.083984375,-0.115234375,0.37561932113669017,168,1712915076121
1109,0.64453125,2.1953125,-0.123046875,0.37561932113669017,158,1712915076121
1109,0.654296875,2.232421875,-0.099609375,0.37561932113669017,170,1712915076121
1109,0.666015625,2.271484375,-0.0625,0.37561932113669017,102,1712915076121
1109,0.67578125,2.30859375,0.00390625,0.37561932113669017,27,1712915076121
1109,0.859375,2.09765625,-2.046875,0.37561932113669017,17,1712915076121
1109,0.62109375,1.869140625,0.248046875,0.5008257615155869,32,1712915076121
1109,0.568359375,1.92578125,0.251953125,0.5008257615155869,43,1712915076121
1109,0.580078125,1.96875,0.193359375,0.5008257615155869,28,1712915076121
1109,0.66796875,1.94140625,0.59375,0.5008257615155869,74,1712915076121
1109,0.6796875,2.03515625,0.359375,0.5008257615155869,169,1712915076121
1109,0.69140625,2.076171875,0.3359375,0.5008257615155869,148,1712915076121
1109,0.703125,2.126953125,0.236328125,0.5008257615155869,115,1712915076121
1109,0.64453125,2.197265625,0.03125,0.5008257615155869,201,1712915076121
1109,0.58203125,2.25390625,0.0546875,0.5008257615155869,210,1712915076121
1109,0.591796875,2.291015625,0.046875,0.5008257615155869,108,1712915076121
1109,0.67578125,2.298828125,-0.1953125,0.5008257615155869,27,1712915076121
1109,0.65625,1.708984375,-1.02734375,0.6260322018944836,21,1712915076121
1109,0.80078125,1.677734375,1.0546875,0.6260322018944836,34,1712915076121
1109,0.748046875,1.9609375,0.572265625,0.6260322018944836,123,1712915076121
1109,0.76171875,2.0234375,0.478515625,0.6260322018944836,135,1712915076121
1109,0.7734375,2.04296875,0.548828125,0.6260322018944836,81,1712915076121
1109,0.64453125,2.193359375,0.15234375,0.6260322018944836,92,1712915076121
1109,0.58203125,2.25,0.138671875,0.6260322018944836,86,1712915076121
1109,0.591796875,2.291015625,0.064453125,0.6260322018944836,40,1712915076121
1109,0.798828125,2.419921875,-0.20703125,-0.25041288075779344,26,1712915076121
1109,0.810546875,2.447265625,-0.302734375,-0.25041288075779344,21,1712915076121
1110,0.951171875,1.896484375,-0.478515625,0.0,17,1712915076221
1110,0.96875,1.88671875,-0.63671875,0.0,42,1712915076221
1110,0.986328125,1.919921875,-0.64453125,0.0,60,1712915076221
1110,0.9296875,1.998046875,-0.62109375,0.0,47,1712915076221
1110,0.873046875,2.07421875,-0.599609375,0.0,39,1712915076221
1110,0.9609375,2.1015625,-0.513671875,0.0,47,1712915076221
1110,0.9765625,2.150390625,-0.45703125,0.0,33,1712915076221
1110,0.9921875,2.212890625,-0.29296875,0.0,14,1712915076221
1110,0.9140625,2.021484375,-0.384765625,0.12520644037889672,19,1712915076221
1110,0.9296875,2.076171875,-0.26953125,0.12520644037889672,42,1712915076221
1110,1.01953125,2.06640625,-0.33984375,0.12520644037889672,72,1712915076221
1110,1.03515625,2.0859375,-0.421875,0.12520644037889672,67,1712915076221
1110,0.90234375,2.212890625,-0.27734375,0.12520644037889672,38,1712915076221
1110,0.64453125,1.955078125,-0.09375,0.25041288075779344,27,1712915076221
1110,0.65625,1.990234375,-0.13671875,0.25041288075779344,23,1712915076221
1110,0.830078125,1.982421875,-0.529296875,0.25041288075779344,40,1712915076221
1110,0.84375,2.037109375,-0.4609375,0.25041288075779344,64,1712915076221
1110,0.859375,2.08984375,-0.375,0.25041288075779344,56,1712915076221
1110,1.01953125,2.087890625,-0.15625,0.25041288075779344,36,1712915076221
1110,1.03515625,2.125,-0.1015625,0.25041288075779344,23,1712915076221
1110,0.67578125,2.28515625,0.3203125,0.25041288075779344,30,1712915076221
1110,0.6875,2.333984375,0.22265625,0.25041288075779344,25,1712915076221
1110,0.6953125,1.8984375,0.095703125,0.37561932113669017,27,1712915076221
1110,0.64453125,1.95703125,0.06640625,0.37561932113669017,46,1712915076221
1110,0.65625,1.9921875,0.07421875,0.37561932113669017,39,1712915076221
1110,0.66796875,2.02734375,-0.126953125,0.37561932113669017,20,1712915076221
1110,0.884765625,1.98046875,-0.1875,0.37561932113669017,90,1712915076221
1110,0.900390625,2.01171875,-0.224609375,0.37561932113669017,239,1712915076221
1110,0.9140625,2.04296875,-0.25,0.37561932113669017,317,1712915076221
1110,0.859375,2.109375,-0.240234375,0.37561932113669017,228,1712915076221
1110,0.80078125,2.181640625,-0.162109375,0.37561932113669017,110,1712915076221
1110,0.740234375,2.24609375,-0.11328125,0.37561932113669017,47,1712915076221
1110,0.64453125,1.9375,0.287109375,0.5008257615155869,21,1712915076221
1110,0.65625,1.994140625,-0.041015625,0.5008257615155869,31,1712915076221
1110,0.734375,2.005859375,-0.0859375,0.5008257615155869,36,1712915076221
1110,0.81640625,2.015625,-0.072265625,0.5008257615155869,115,1712915076221
1110,0.900390625,2.021484375,-0.091796875,0.5008257615155869,292,1712915076221
1110,0.9140625,2.0546875,-0.125,0.5008257615155869,382,1712915076221
1110,0.859375,2.119140625,-0.14453125,0.5008257615155869,287,1712915076221
1110,0.80078125,2.185546875,-0.09375,0.5008257615155869,149,1712915076221
1110,0.666015625,2.259765625,-0.236328125,0.5008257615155869,94,1712915076221
1110,0.67578125,2.28515625,-0.32421875,0.5008257615155869,55,1712915076221
1110,0.6875,2.314453125,-0.375,0.5008257615155869,18,1712915076221
1110,0.65625,1.990234375,-0.12109375,0.6260322018944836,40,1712915076221
1110,0.734375,2.001953125,-0.150390625,0.6260322018944836,44,1712915076221
1110,0.748046875,2.03125,-0.220703125,0.6260322018944836,57,1712915076221
1110,0.830078125,2.048828125,-0.1328125,0.6260322018944836,101,1712915076221
1110,0.84375,2.083984375,-0.125,0.6260322018944836,137,1712915076221
1110,0.787109375,2.14453125,-0.162109375,0.6260322018944836,124,1712915076221
1110,0.654296875,2.216796875,-0.287109375,0.6260322018944836,154,1712915076221
1110,0.666015625,2.251953125,-0.296875,0.6260322018944836,177,1712915076221
1110,0.67578125,2.2890625,-0.30078125,0.6260322018944836,104,1712915076221
1110,0.6875,2.333984375,-0.22265625,0.6260322018944836,24,1712915076221
1110,0.58984375,2.001953125,-0.224609375,0.7512386422733803,20,1712915076221
1110,0.66796875,2.0234375,-0.17578125,0.7512386422733803,35,1712915076221
1110,0.6796875,2.044921875,-0.3046875,0.7512386422733803,50,1712915076221
1110,0.69140625,2.064453125,-0.40625,0.7512386422733803,58,1712915076221
1110,0.703125,2.095703125,-0.42578125,0.7512386422733803,46,1712915076221
1110,0.64453125,2.1796875,-0.283203125,0.7512386422733803,66,1712915076221
1110,0.654296875,2.22265625,-0.23828125,0.7512386422733803,138,1712915076221
1110,0.666015625,2.259765625,-0.234375,0.7512386422733803,159,1712915076221
1110,0.67578125,2.294921875,-0.244140625,0.7512386422733803,86,1712915076221
1110,0.568359375,1.94140625,-0.06640625,0.876445082652277,29,1712915076221
1110,0.64453125,1.955078125,-0.123046875,0.876445082652277,68,1712915076221
1111,0.708984375,1.908203125,-0.330078125,0.0,14,1712915076324
1111,0.65625,1.978515625,-0.259765625,0.0,14,1712915076324
1111,0.900390625,2.0078125,-0.24609375,0.0,18,1712915076324
1111,1.056640625,1.966796875,-0.296875,0.0,50,1712915076324
1111,1.07421875,2.0,-0.302734375,0.0,61,1712915076324
1111,1.091796875,2.04296875,-0.234375,0.0,21,1712915076324
1111,0.88671875,2.107421875,-0.609375,0.0,46,1712915076324
1111,0.90234375,2.15625,-0.564453125,0.0,49,1712915076324
1111,0.763671875,2.27734375,-0.44921875,0.0,21,1712915076324
1111,1.056640625,1.9765625,-0.232421875,0.12520644037889672,68,1712915076324
1111,1.07421875,2.00390625,-0.28125,0.12520644037889672,114,1712915076324
1111,1.091796875,2.029296875,-0.33203125,0.12520644037889672,85,1712915076324
1111,0.814453125,2.2109375,-0.23046875,0.12520644037889672,75,1712915076324
1111,0.826171875,2.2421875,-0.265625,0.12520644037889672,84,1712915076324
1111,0.763671875,2.302734375,-0.287109375,0.12520644037889672,50,1712915076324
1111,0.830078125,2.044921875,-0.16796875,0.25041288075779344,61,1712915076324
1111,0.703125,2.1328125,-0.177734375,0.25041288075779344,91,1712915076324
1111,1.2890625,1.84765625,-0.419921875,0.25041288075779344,50,1712915076324
1111,0.9453125,2.11328125,-0.25,0.25041288075779344,154,1712915076324
1111,0.814453125,2.212890625,-0.203125,0.25041288075779344,250,1712915076324
1111,0.826171875,2.25,-0.201171875,0.25041288075779344,248,1712915076324
1111,0.83984375,2.287109375,-0.177734375,0.25041288075779344,132,1712915076324
1111,0.853515625,2.328125,-0.091796875,0.25041288075779344,34,1712915076324
1111,0.81640625,2.013671875,-0.1328125,0.37561932113669017,29,1712915076324
1111,0.830078125,2.037109375,-0.248046875,0.37561932113669017,121,1712915076324
1111,0.84375,2.0625,-0.322265625,0.37561932113669017,227,1712915076324
1111,0.9296875,2.0625,-0.3515625,0.37561932113669017,217,1712915076324
1111,1.01953125,2.072265625,-0.296875,0.37561932113669017,212,1712915076324
1111,0.88671875,2.185546875,-0.185546875,0.37561932113669017,311,1712915076324
1111,0.826171875,2.25390625,-0.15625,0.37561932113669017,286,1712915076324
1111,0.83984375,2.2890625,-0.166015625,0.37561932113669017,144,1712915076324
1111,0.9296875,2.294921875,-0.16015625,0.37561932113669017,36,1712915076324
1111,0.748046875,2.037109375,-0.166015625,0.5008257615155869,22,1712915076324
1111,0.830078125,2.037109375,-0.25390625,0.5008257615155869,102,1712915076324
1111,0.84375,2.076171875,-0.228515625,0.5008257615155869,217,1712915076324
1111,1.001953125,2.056640625,-0.123046875,0.5008257615155869,274,1712915076324
1111,1.01953125,2.091796875,-0.08203125,0.5008257615155869,212,1712915076324
1111,0.88671875,2.193359375,-0.013671875,0.5008257615155869,137,1712915076324
1111,0.90234375,2.228515625,0.021484375,0.5008257615155869,99,1712915076324
1111,0.9921875,2.232421875,-0.029296875,0.5008257615155869,59,1712915076324
1111,1.0859375,2.2265625,-0.138671875,0.5008257615155869,27,1712915076324
1111,0.830078125,2.04296875,-0.201171875,0.6260322018944836,32,1712915076324
1111,0.9140625,2.0546875,-0.12109375,0.6260322018944836,76,1712915076324
1111,1.001953125,2.060546875,-0.017578125,0.6260322018944836,98,1712915076324
1111,0.9453125,2.126953125,0.060546875,0.6260322018944836,62,1712915076324
1111,0.740234375,2.240234375,-0.19921875,0.6260322018944836,29,1712915076324
1111,0.826171875,2.236328125,-0.318359375,0.6260322018944836,45,1712915076324
1111,0.916015625,2.205078125,-0.513671875,0.6260322018944836,28,1712915076324
1111,0.728515625,2.208984375,-0.1328125,0.7512386422733803,22,1712915076324
1111,0.740234375,2.23828125,-0.212890625,0.7512386422733803,33,1712915076324
1111,0.826171875,2.24609375,-0.23828125,0.7512386422733803,34,1712915076324
1111,0.83984375,2.2890625,-0.15234375,0.7512386422733803,21,1712915076324
1111,0.72265625,1.921875,-0.44140625,-0.12520644037889672,16,1712915076324
1111,1.07421875,1.912109375,-0.662109375,-0.12520644037889672,22,1712915076324
1111,1.01953125,1.978515625,-0.6875,-0.12520644037889672,28,1712915076324
1111,0.9609375,2.041015625,-0.71875,-0.12520644037889672,27,1712915076324
1111,-2.255859375,0.0,2.099609375,0.0,12,1712915076324
1111,0.501953125,1.4453125,1.705078125,0.25041288075779344,42,1712915076324
1111,0.986328125,2.017578125,-0.177734375,0.5008257615155869,216,1712915076324
1112,1.056640625,1.953125,-0.380859375,0.0,24,1712915076423
1112,0.9296875,2.076171875,-0.267578125,0.0,37,1712915076423
1112,0.80078125,2.185546875,-0.04296875,0.0,36,1712915076423
1112,0.9609375,2.1328125,-0.359375,0.0,26,1712915076423
1112,1.126953125,2.025390625,-0.640625,0.0,18,1712915076423
1112,0.64453125,1.865234375,-0.59375,0.12520644037889672,18,1712915076423
1112,0.9296875,2.078125,-0.24609375,0.12520644037889672,85,1712915076423
1112,0.873046875,2.1484375,-0.21484375,0.12520644037889672,118,1712915076423
1112,0.88671875,2.189453125,-0.134765625,0.12520644037889672,92,1712915076423
1112,0.90234375,2.220703125,0.203125,0.12520644037889672,37,1712915076423
1112,0.64453125,1.873046875,-0.5703125,0.25041288075779344,26,1712915076423
1112,0.65625,1.90625,-0.587890625,0.25041288075779344,19,1712915076423
1112,0.9140625,2.0,-0.48828125,0.25041288075779344,37,1712915076423
1112,0.9296875,2.029296875,-0.515625,0.25041288075779344,105,1712915076423
1112,0.873046875,2.095703125,-0.51953125,0.25041288075779344,153,1712915076423
1112,0.88671875,2.13671875,-0.5,0.25041288075779344,145,1712915076423
1112,0.826171875,2.208984375,-0.474609375,0.25041288075779344,96,1712915076423
1112,0.83984375,2.275390625,-0.2890625,0.25041288075779344,42,1712915076423
1112,0.580078125,1.876953125,-0.626953125,0.37561932113669017,15,1712915076423
1112,0.58984375,1.94140625,-0.5390625,0.37561932113669017,12,1712915076423
1112,0.9140625,2.048828125,-0.189453125,0.37561932113669017,28,1712915076423
1112,0.859375,2.08984375,-0.375,0.37561932113669017,50,1712915076423
1112,0.728515625,2.146484375,-0.53515625,0.37561932113669017,64,1712915076423
1112,0.740234375,2.20703125,-0.427734375,0.37561932113669017,77,1712915076423
1112,0.751953125,2.265625,-0.30078125,0.37561932113669017,67,1712915076423
1112,0.83984375,2.271484375,-0.328125,0.37561932113669017,30,1712915076423
1112,0.916015625,2.140625,-0.7421875,0.5008257615155869,49,1712915076423
1112,1.0078125,2.15625,-0.69921875,0.5008257615155869,65,1712915076423
1112,1.259765625,1.958984375,-0.9609375,0.5008257615155869,44,1712915076423
1112,0.64453125,1.916015625,-0.400390625,0.6260322018944836,26,1712915076423
1112,0.58984375,1.984375,-0.3515625,0.6260322018944836,19,1712915076423
1112,0.826171875,2.244140625,-0.259765625,0.6260322018944836,30,1712915076423
1112,0.9921875,2.203125,-0.3671875,0.6260322018944836,70,1712915076423
1112,1.0859375,2.185546875,-0.451171875,0.6260322018944836,94,1712915076423
1112,1.181640625,2.16015625,-0.537109375,0.6260322018944836,68,1712915076423
1112,1.19921875,2.171875,-0.62109375,0.6260322018944836,23,1712915076423
1112,0.708984375,1.931640625,-0.13671875,0.7512386422733803,24,1712915076423
1112,0.65625,1.994140625,-0.0703125,0.7512386422733803,21,1712915076423
1112,1.240234375,2.1484375,0.060546875,0.7512386422733803,35,1712915076423
1112,1.181640625,2.22265625,-0.125,0.7512386422733803,31,1712915076423
1112,0.64453125,1.9296875,-0.330078125,0.876445082652277,20,1712915076423
1112,0.65625,1.982421875,-0.224609375,0.876445082652277,21,1712915076423
1112,0.751953125,2.26171875,-0.326171875,0.876445082652277,33,1712915076423
1112,0.6875,2.322265625,-0.32421875,0.876445082652277,57,1712915076423
1112,0.697265625,2.353515625,-0.36328125,0.876445082652277,49,1712915076423
1112,0.708984375,2.388671875,-0.375,0.876445082652277,21,1712915076423
1112,0.9921875,0.0,2.3828125,-1.0016515230311738,23,1712915076423
1112,1.0078125,0.0,2.396484375,-1.0016515230311738,19,1712915076423
1112,1.056640625,1.9609375,-0.341796875,-0.25041288075779344,39,1712915076423
1112,1.14453125,1.943359375,-0.400390625,-0.25041288075779344,59,1712915076423
1112,1.091796875,2.013671875,-0.41796875,-0.25041288075779344,43,1712915076423
1112,1.126953125,1.927734375,-0.30078125,-0.12520644037889672,60,1712915076423
1112,1.14453125,1.953125,-0.34765625,-0.12520644037889672,93,1712915076423
1112,1.091796875,2.017578125,-0.396484375,-0.12520644037889672,71,1712915076423
1112,1.109375,2.0,-0.609375,-0.12520644037889672,29,1712915076423
1112,-0.0703125,0.78125,2.111328125,0.0,15,1712915076423
1112,0.0,1.091796875,2.013671875,0.0,24,1712915076423
1112,0.0,1.21484375,1.986328125,0.0,20,1712915076423
1112,0.150390625,1.453125,1.91015625,0.0,10,1712915076423
1112,0.07421875,1.337890625,1.99609375,0.12520644037889672,23,1712915076423
1112,-0.193359375,0.654296875,1.9453125,0.37561932113669017,8,1712915076423
1112,-1.3125,1.625,-0.21484375,0.37561932113669017,7,1712915076423
1112,-0.0703125,0.646484375,2.15625,0.37561932113669017,17,1712915076423
1112,-0.072265625,1.12890625,1.9921875,0.37561932113669017,33,1712915076423
1113,0.9296875,2.0390625,-0.47265625,0.0,35,1712915076523
1113,1.01953125,2.021484375,-0.548828125,0.0,59,1712915076523
1113,1.03515625,2.046875,-0.5859375,0.0,48,1712915076523
1113,0.9921875,2.224609375,-0.193359375,0.0,14,1712915076523
1113,1.1015625,2.1796875,-0.6171875,0.0,23,1712915076523
1113,0.9140625,2.046875,-0.2109375,0.12520644037889672,48,1712915076523
1113,0.9296875,2.08203125,-0.212890625,0.12520644037889672,128,1712915076523
1113,0.9453125,2.115234375,-0.224609375,0.12520644037889672,166,1712915076523
1113,1.03515625,2.115234375,-0.236328125,0.12520644037889672,107,1712915076523
1113,0.525390625,2.240234375,-0.697265625,0.12520644037889672,26,1712915076523
1113,0.83984375,2.2578125,-0.404296875,0.12520644037889672,37,1712915076523
1113,1.0859375,2.1796875,-0.474609375,0.12520644037889672,40,1712915076523
1113,1.1015625,2.22265625,-0.44140625,0.12520644037889672,43,1712915076523
1113,0.9140625,2.05859375,-0.03125,0.25041288075779344,69,1712915076523
1113,0.9296875,2.09375,-0.03125,0.25041288075779344,166,1712915076523
1113,0.9453125,2.126953125,0.029296875,0.25041288075779344,186,1712915076523
1113,0.9609375,2.146484375,0.267578125,0.25041288075779344,102,1712915076523
1113,0.67578125,2.068359375,-1.0234375,0.25041288075779344,39,1712915076523
1113,0.763671875,2.271484375,-0.47265625,0.25041288075779344,46,1712915076523
1113,0.9296875,2.271484375,-0.369140625,0.25041288075779344,49,1712915076523
1113,1.1015625,2.255859375,-0.208984375,0.25041288075779344,45,1712915076523
1113,0.84375,2.0859375,0.09375,0.37561932113669017,32,1712915076523
1113,0.859375,2.1171875,0.158203125,0.37561932113669017,74,1712915076523
1113,0.873046875,2.1328125,0.337890625,0.37561932113669017,76,1712915076523
1113,0.88671875,1.99609375,0.908203125,0.37561932113669017,42,1712915076523
1113,0.787109375,2.328125,-0.552734375,0.6260322018944836,23,1712915076523
1113,0.787109375,2.328125,-0.556640625,0.7512386422733803,28,1712915076523
1113,0.87890625,2.326171875,-0.599609375,0.7512386422733803,20,1712915076523
1113,-0.150390625,1.642578125,1.75,0.12520644037889672,22,1712915076523
1113,-0.150390625,1.451171875,1.912109375,0.25041288075779344,25,1712915076523
1114,0.986328125,2.01953125,-0.166015625,0.0,17,1712915076623
1114,1.001953125,2.037109375,-0.30078125,0.0,95,1712915076623
1114,1.01953125,2.0625,-0.357421875,0.0,196,1712915076623
1114,1.03515625,2.0859375,-0.421875,0.0,181,1712915076623
1114,1.052734375,2.0546875,-0.671875,0.0,60,1712915076623
1114,1.14453125,2.15625,0.10546875,0.0,16,1712915076623
1114,0.986328125,2.0234375,-0.064453125,0.12520644037889672,28,1712915076623
1114,1.001953125,2.0546875,-0.15234375,0.12520644037889672,168,1712915076623
1114,1.01953125,2.08203125,-0.216796875,0.12520644037889672,349,1712915076623
1114,1.03515625,2.10546875,-0.310546875,0.12520644037889672,317,1712915076623
1114,1.052734375,2.076171875,-0.609375,0.12520644037889672,110,1712915076623
1114,1.14453125,2.064453125,0.630859375,0.12520644037889672,26,1712915076623
1114,1.0859375,2.23046875,0.01953125,0.12520644037889672,37,1712915076623
1114,1.181640625,2.22265625,-0.130859375,0.12520644037889672,31,1712915076623
1114,1.001953125,2.05859375,0.0625,0.25041288075779344,89,1712915076623
1114,1.01953125,2.09375,-0.025390625,0.25041288075779344,173,1712915076623
1114,1.03515625,2.12109375,-0.17578125,0.25041288075779344,151,1712915076623
1114,1.052734375,2.06640625,-0.63671875,0.25041288075779344,57,1712915076623
1114,1.0078125,2.248046875,0.2890625,0.25041288075779344,32,1712915076623
1114,0.9453125,2.33203125,-0.123046875,0.25041288075779344,39,1712915076623
1114,0.958984375,2.353515625,-0.291015625,0.25041288075779344,32,1712915076623
1114,0.787109375,2.38671875,-0.18359375,0.37561932113669017,36,1712915076623
1114,0.798828125,2.396484375,-0.3984375,0.37561932113669017,29,1712915076623
1114,1.3125,1.630859375,-0.169921875,0.5008257615155869,28,1712915076623
1114,1.3359375,1.66015625,-0.171875,0.5008257615155869,26,1712915076623
1114,1.2890625,1.580078125,-0.3046875,0.6260322018944836,29,1712915076623
1114,1.3125,1.625,-0.216796875,0.6260322018944836,44,1712915076623
1114,1.3359375,1.654296875,-0.21875,0.6260322018944836,34,1712915076623
1114,0.892578125,2.435546875,-0.107421875,0.6260322018944836,28,1712915076623
1114,0.822265625,2.4609375,-0.455078125,0.6260322018944836,25,1712915076623
1114,1.353515625,1.5390625,-0.23046875,0.7512386422733803,32,1712915076623
1114,1.3125,1.625,-0.21875,0.7512386422733803,48,1712915076623
1114,1.40234375,1.59765625,-0.224609375,0.7512386422733803,36,1712915076623
1114,0.87890625,2.388671875,0.255859375,0.7512386422733803,41,1712915076623
1114,0.810546875,2.447265625,-0.30859375,0.7512386422733803,63,1712915076623
1114,0.822265625,2.44921875,-0.513671875,0.7512386422733803,57,1712915076623
1114,0.91796875,2.455078125,-0.517578125,0.7512386422733803,27,1712915076623
1114,1.353515625,1.541015625,-0.2109375,0.876445082652277,22,1712915076623
1114,1.376953125,1.572265625,-0.193359375,0.876445082652277,34,1712915076623
1114,1.40234375,1.603515625,-0.181640625,0.876445082652277,25,1712915076623
1114,0.73046875,2.4765625,-0.271484375,0.876445082652277,46,1712915076623
1114,0.822265625,2.484375,-0.298828125,0.876445082652277,39,1712915076623
1114,1.640625,0.0,1.9765625,-1.0016515230311738,15,1712915076623
1114,1.134765625,1.373046875,1.888671875,-1.0016515230311738,42,1712915076623
1114,1.234375,1.283203125,1.94140625,-1.0016515230311738,46,1712915076623
1114,1.251953125,1.478515625,1.83984375,-1.0016515230311738,27,1712915076623
1114,1.119140625,1.28125,1.91015625,-0.876445082652277,35,1712915076623
1114,1.134765625,1.298828125,1.939453125,-0.876445082652277,60,1712915076623
1114,1.15234375,1.287109375,1.98828125,-0.876445082652277,57,1712915076623
1114,1.251953125,1.23046875,2.013671875,-0.876445082652277,31,1712915076623
1114,1.0390625,1.400390625,1.87109375,-0.7512386422733803,63,1712915076623
1114,1.134765625,1.33984375,1.912109375,-0.7512386422733803,95,1712915076623
1114,1.15234375,1.337890625,1.953125,-0.7512386422733803,75,1712915076623
1114,0.083984375,2.572265625,-0.71875,-0.7512386422733803,32,1712915076623
1114,1.119140625,1.265625,1.921875,-0.6260322018944836,59,1712915076623
1114,1.0546875,1.35546875,1.947265625,-0.6260322018944836,91,1712915076623
1114,1.15234375,1.279296875,1.994140625,-0.6260322018944836,76,1712915076623
1114,0.16796875,2.576171875,-0.69140625,-0.6260322018944836,36,1712915076623
1114,1.0390625,1.232421875,1.986328125,-0.5008257615155869,28,1712915076623
1114,1.0546875,1.23046875,2.02734375,-0.5008257615155869,45,1712915076623
1114,1.0703125,1.232421875,2.068359375,-0.5008257615155869,39,1712915076623
1114,0.083984375,2.611328125,-0.560546875,-0.5008257615155869,19,1712915076623
1114,1.19921875,2.1953125,-0.537109375,-0.12520644037889672,20,1712915076623
1114,-2.404296875,0.0,1.79296875,0.0,35,1712915076623
1115,0.9296875,2.091796875,-0.0703125,0.0,16,1712915076724
1115,1.091796875,2.05078125,-0.158203125,0.0,72,1712915076724
1115,1.109375,2.078125,-0.2265625,0.0,125,1712915076724
1115,1.126953125,2.09765625,-0.333984375,0.0,99,1712915076724
1115,1.14453125,2.0703125,-0.609375,0.0,34,1712915076724
1115,1.001953125,2.056640625,0.12890625,0.12520644037889672,30,1712915076724
1115,1.01953125,2.09375,0.052734375,0.12520644037889672,141,1712915076724
1115,1.109375,2.08984375,-0.041015625,0.12520644037889672,252,1712915076724
1115,1.126953125,2.119140625,-0.1484375,0.12520644037889672,197,1712915076724
1115,1.068359375,2.150390625,-0.44921875,0.12520644037889672,77,1712915076724
1115,1.0859375,2.146484375,-0.611328125,0.12520644037889672,45,1712915076724
1115,0.787109375,2.392578125,-0.0234375,0.12520644037889672,33,1712915076724
1115,0.87890625,2.3984375,-0.1171875,0.12520644037889672,31,1712915076724
1115,1.470703125,1.546875,-0.123046875,0.25041288075779344,34,1712915076724
1115,1.49609375,1.568359375,-0.189453125,0.25041288075779344,37,1712915076724
1115,1.453125,1.6484375,-0.267578125,0.25041288075779344,20,1712915076724
1115,1.01953125,2.05859375,0.37890625,0.25041288075779344,59,1712915076724
1115,1.109375,2.05859375,0.369140625,0.25041288075779344,94,1712915076724
1115,1.126953125,2.107421875,0.263671875,0.25041288075779344,54,1712915076724
1115,0.9921875,2.115234375,-0.71484375,0.25041288075779344,35,1712915076724
1115,1.0859375,2.103515625,-0.744140625,0.25041288075779344,32,1712915076724
1115,0.708984375,2.408203125,0.224609375,0.25041288075779344,24,1712915076724
1115,0.798828125,2.4296875,-0.02734375,0.25041288075779344,28,1712915076724
1115,1.376953125,1.578125,0.134765625,0.37561932113669017,26,1712915076724
1115,1.470703125,1.55078125,-0.0546875,0.37561932113669017,64,1712915076724
1115,1.49609375,1.578125,-0.091796875,0.37561932113669017,80,1712915076724
1115,1.521484375,1.60546875,-0.09765625,0.37561932113669017,48,1712915076724
1115,0.8359375,2.40234375,-0.822265625,0.37561932113669017,32,1712915076724
1115,0.84765625,2.435546875,-0.833984375,0.37561932113669017,27,1712915076724
1115,1.443359375,1.5234375,0.080078125,0.5008257615155869,32,1712915076724
1115,1.40234375,1.607421875,0.138671875,0.5008257615155869,45,1712915076724
1115,1.427734375,1.640625,0.05078125,0.5008257615155869,57,1712915076724
1115,1.521484375,1.60546875,0.080078125,0.5008257615155869,38,1712915076724
1115,0.822265625,2.419921875,-0.63671875,0.5008257615155869,37,1712915076724
1115,0.91796875,2.427734375,-0.6328125,0.5008257615155869,68,1712915076724
1115,0.84765625,2.49609375,-0.634765625,0.5008257615155869,61,1712915076724
1115,0.859375,2.52734375,-0.658203125,0.5008257615155869,28,1712915076724
1115,1.443359375,1.521484375,0.08984375,0.6260322018944836,38,1712915076724
1115,1.470703125,1.548828125,0.099609375,0.6260322018944836,42,1712915076724
1115,1.49609375,1.572265625,0.162109375,0.6260322018944836,26,1712915076724
1115,0.822265625,2.466796875,-0.42578125,0.6260322018944836,23,1712915076724
1115,0.8359375,2.498046875,-0.447265625,0.6260322018944836,45,1712915076724
1115,0.84765625,2.529296875,-0.484375,0.6260322018944836,45,1712915076724
1115,0.9453125,2.51953125,-0.564453125,0.6260322018944836,24,1712915076724
1115,1.470703125,1.54296875,0.166015625,0.7512386422733803,21,1712915076724
1115,1.109375,2.01953125,-0.541015625,-0.25041288075779344,21,1712915076724
1115,1.052734375,2.0546875,-0.67578125,-0.25041288075779344,23,1712915076724
1115,1.068359375,2.07421875,-0.7265625,-0.25041288075779344,18,1712915076724
1115,1.091796875,2.029296875,-0.33203125,-0.12520644037889672,23,1712915076724
1115,1.109375,2.05078125,-0.404296875,-0.12520644037889672,49,1712915076724
1115,1.052734375,2.119140625,-0.431640625,-0.12520644037889672,50,1712915076724
1115,1.068359375,2.126953125,-0.552734375,-0.12520644037889672,36,1712915076724
1115,1.0859375,2.119140625,-0.701171875,-0.12520644037889672,30,1712915076724
1116,1.01953125,2.09375,-0.0703125,0.0,37,1712915076824
1116,1.109375,2.0859375,-0.142578125,0.0,82,1712915076824
1116,1.052734375,2.154296875,-0.1953125,0.0,66,1712915076824
1116,1.298828125,2.0625,0.177734375,0.0,15,1712915076824
1116,1.240234375,2.1484375,-0.0703125,0.0,53,1712915076824
1116,1.181640625,2.224609375,-0.052734375,0.0,40,1712915076824
1116,1.19921875,2.25,-0.21484375,0.0,16,1712915076824
1116,1.40234375,1.59375,0.244140625,0.12520644037889672,19,1712915076824
1116,1.427734375,1.607421875,0.3359375,0.12520644037889672,20,1712915076824
1116,1.091796875,2.041015625,-0.25390625,0.12520644037889672,28,1712915076824
1116,1.109375,2.068359375,-0.3046875,0.12520644037889672,49,1712915076824
1116,1.126953125,2.109375,-0.25390625,0.12520644037889672,78,1712915076824
1116,1.14453125,2.15625,-0.1015625,0.12520644037889672,103,1712915076824
1116,1.1640625,2.19140625,0.02734375,0.12520644037889672,63,1712915076824
1116,1.109375,2.0859375,-0.150390625,0.25041288075779344,31,1712915076824
1116,1.126953125,2.09765625,-0.341796875,0.25041288075779344,45,1712915076824
1116,1.14453125,2.150390625,-0.1796875,0.25041288075779344,57,1712915076824
1116,1.1640625,2.19140625,0.046875,0.25041288075779344,43,1712915076824
1116,1.1640625,2.17578125,-0.267578125,0.37561932113669017,19,1712915076824
1116,1.01953125,2.046875,-0.44140625,-0.25041288075779344,29,1712915076824
1116,1.109375,2.03515625,-0.4765625,-0.25041288075779344,67,1712915076824
1116,1.126953125,2.056640625,-0.53125,-0.25041288075779344,68,1712915076824
1116,1.220703125,2.087890625,-0.34375,-0.25041288075779344,26,1712915076824
1116,1.240234375,2.142578125,0.154296875,-0.25041288075779344,39,1712915076824
1116,1.259765625,2.181640625,0.0625,-0.25041288075779344,32,1712915076824
1116,1.470703125,1.55078125,0.080078125,-0.12520644037889672,18,1712915076824
1116,1.49609375,1.576171875,0.1015625,-0.12520644037889672,24,1712915076824
1116,1.591796875,1.529296875,0.17578125,-0.12520644037889672,18,1712915076824
1116,1.01953125,2.08203125,-0.232421875,-0.12520644037889672,65,1712915076824
1116,1.03515625,2.103515625,-0.322265625,-0.12520644037889672,148,1712915076824
1116,1.052734375,2.123046875,-0.4140625,-0.12520644037889672,159,1712915076824
1116,1.14453125,2.119140625,-0.412109375,-0.12520644037889672,76,1712915076824
1116,1.240234375,2.1484375,-0.044921875,-0.12520644037889672,84,1712915076824
1116,1.259765625,2.181640625,-0.0390625,-0.12520644037889672,68,1712915076824
1116,2.138671875,0.0,2.21875,0.0,12,1712915076824
1116,2.291015625,0.0,1.6796875,-0.25041288075779344,14,1712915076824
1116,-0.078125,1.73046875,1.830078125,-0.25041288075779344,17,1712915076824
1117,1.001953125,2.05078125,0.189453125,0.0,17,1712915076923
1117,1.091796875,2.048828125,0.18359375,0.0,24,1712915076923
1117,0.916015625,2.21484375,-0.4765625,0.0,19,1712915076923
1117,1.0078125,2.220703125,-0.455078125,0.0,19,1712915076923
1117,1.091796875,2.05078125,0.162109375,0.12520644037889672,33,1712915076923
1117,1.109375,2.08984375,0.064453125,0.12520644037889672,53,1712915076923
1117,1.126953125,2.125,0.0234375,0.12520644037889672,44,1712915076923
1117,1.14453125,2.158203125,0.033203125,0.12520644037889672,30,1712915076923
1117,1.1640625,2.189453125,-0.1015625,0.12520644037889672,32,1712915076923
1117,1.181640625,2.22265625,-0.115234375,0.12520644037889672,19,1712915076923
1117,1.109375,2.078125,0.236328125,0.25041288075779344,28,1712915076923
1117,1.126953125,2.115234375,0.205078125,0.25041288075779344,31,1712915076923
1117,1.904296875,3.912109375,-0.0859375,-0.37561932113669017,20,1712915076923
1117,1.01953125,2.087890625,-0.154296875,-0.25041288075779344,24,1712915076923
1117,1.109375,2.078125,-0.2265625,-0.25041288075779344,25,1712915076923
1117,1.126953125,2.087890625,-0.396484375,-0.25041288075779344,27,1712915076923
1117,1.14453125,2.15625,-0.078125,-0.25041288075779344,34,1712915076923
1117,1.240234375,2.1484375,0.009765625,-0.25041288075779344,30,1712915076923
1117,1.337890625,2.134765625,-0.017578125,-0.25041288075779344,20,1712915076923
1117,1.001953125,2.05859375,0.05859375,-0.12520644037889672,41,1712915076923
1117,1.091796875,2.056640625,0.03125,-0.12520644037889672,67,1712915076923
1117,1.109375,2.087890625,-0.09375,-0.12520644037889672,62,1712915076923
1117,1.052734375,2.150390625,-0.236328125,-0.12520644037889672,50,1712915076923
1117,0.9921875,2.232421875,0.001953125,-0.12520644037889672,45,1712915076923
1117,1.0859375,2.208984375,0.310546875,-0.12520644037889672,27,1712915076923
1117,1.337890625,2.1328125,0.068359375,-0.12520644037889672,18,1712915076923
1117,0.47265625,0.78515625,-2.34765625,-0.25041288075779344,12,1712915076923
1117,0.47265625,0.736328125,2.36328125,-0.12520644037889672,15,1712915076923
1118,1.134765625,1.7890625,0.27734375,0.0,38,1712915077025
1118,1.224609375,1.7734375,0.306640625,0.0,59,1712915077025
1118,1.24609375,1.798828125,0.337890625,0.0,41,1712915077025
1118,1.01953125,2.087890625,0.150390625,0.0,24,1712915077025
1118,1.14453125,1.94921875,-0.927734375,0.0,39,1712915077025
1118,1.0078125,2.201171875,-0.546875,0.0,27,1712915077025
1118,0.9453125,2.314453125,-0.30859375,0.0,16,1712915077025
1118,1.115234375,1.744140625,0.345703125,0.12520644037889672,27,1712915077025
1118,1.134765625,1.767578125,0.39453125,0.12520644037889672,81,1712915077025
1118,1.224609375,1.75,0.41796875,0.12520644037889672,126,1712915077025
1118,1.24609375,1.779296875,0.4296875,0.12520644037889672,90,1712915077025
1118,1.267578125,1.81640625,0.4140625,0.12520644037889672,22,1712915077025
1118,1.001953125,2.05859375,0.06640625,0.12520644037889672,35,1712915077025
1118,1.01953125,2.078125,0.26171875,0.12520644037889672,72,1712915077025
1118,1.109375,2.048828125,0.419921875,0.12520644037889672,69,1712915077025
1118,1.126953125,2.009765625,0.685546875,0.12520644037889672,52,1712915077025
1118,1.220703125,2.111328125,0.140625,0.12520644037889672,61,1712915077025
1118,1.240234375,2.14453125,-0.15234375,0.12520644037889672,59,1712915077025
1118,1.259765625,2.169921875,-0.234375,0.12520644037889672,30,1712915077025
1118,1.134765625,1.7421875,0.49609375,0.25041288075779344,53,1712915077025
1118,1.224609375,1.720703125,0.525390625,0.25041288075779344,93,1712915077025
1118,1.24609375,1.75,0.53515625,0.25041288075779344,70,1712915077025
1118,1.267578125,1.80859375,0.439453125,0.25041288075779344,19,1712915077025
1118,1.240234375,2.1484375,-0.0078125,0.25041288075779344,36,1712915077025
1118,1.15625,1.716796875,0.669921875,0.37561932113669017,20,1712915077025
1118,0.494140625,1.94140625,1.7109375,0.37561932113669017,21,1712915077025
1118,0.400390625,2.021484375,1.513671875,0.5008257615155869,17,1712915077025
1118,0.486328125,1.94921875,1.642578125,0.5008257615155869,32,1712915077025
1118,0.576171875,1.943359375,1.681640625,0.5008257615155869,32,1712915077025
1118,0.48046875,1.701171875,1.849609375,0.6260322018944836,47,1712915077025
1118,0.486328125,1.69140625,1.908203125,0.6260322018944836,93,1712915077025
1118,0.494140625,1.748046875,1.908203125,0.6260322018944836,97,1712915077025
1118,0.501953125,1.8203125,1.890625,0.6260322018944836,52,1712915077025
1118,0.400390625,1.615234375,1.94140625,0.7512386422733803,34,1712915077025
1118,0.40625,1.55078125,2.041015625,0.7512386422733803,66,1712915077025
1118,0.494140625,1.5546875,2.068359375,0.7512386422733803,71,1712915077025
1118,0.501953125,1.6328125,2.0546875,0.7512386422733803,43,1712915077025
1118,0.6484375,1.96875,1.564453125,0.876445082652277,19,1712915077025
1118,0.87890625,2.328125,-0.591796875,-1.0016515230311738,39,1712915077025
1118,0.810546875,2.39453125,-0.58984375,-1.0016515230311738,62,1712915077025
1118,0.90625,2.404296875,-0.58203125,-1.0016515230311738,49,1712915077025
1118,0.8359375,2.478515625,-0.552734375,-1.0016515230311738,20,1712915077025
1118,0.798828125,2.3515625,-0.609375,-0.876445082652277,32,1712915077025
1118,0.892578125,2.365234375,-0.58984375,-0.876445082652277,64,1712915077025
1118,0.98828125,2.3671875,-0.6015625,-0.876445082652277,72,1712915077025
1118,1.001953125,2.40625,-0.58984375,-0.876445082652277,44,1712915077025
1118,0.798828125,2.3203125,-0.720703125,-0.7512386422733803,21,1712915077025
1118,0.892578125,2.375,-0.552734375,-0.7512386422733803,62,1712915077025
1118,0.98828125,2.390625,-0.494140625,-0.7512386422733803,89,1712915077025
1118,1.001953125,2.42578125,-0.505859375,-0.7512386422733803,65,1712915077025
1118,0.931640625,2.484375,-0.5546875,-0.7512386422733803,21,1712915077025
1118,0.892578125,2.412109375,-0.34765625,-0.6260322018944836,33,1712915077025
1118,0.98828125,2.421875,-0.31640625,-0.6260322018944836,50,1712915077025
1118,0.91796875,2.4921875,-0.298828125,-0.6260322018944836,36,1712915077025
1118,0.865234375,2.33203125,-0.404296875,-0.5008257615155869,19,1712915077025
1118,1.068359375,2.107421875,-0.623046875,-0.25041288075779344,25,1712915077025
1118,1.0859375,2.171875,-0.51171875,-0.25041288075779344,34,1712915077025
1118,1.181640625,2.203125,-0.310546875,-0.25041288075779344,38,1712915077025
1118,1.119140625,2.2890625,-0.216796875,-0.25041288075779344,29,1712915077025
1118,1.091796875,2.044921875,-0.23046875,-0.12520644037889672,35,1712915077025
1118,1.27734375,1.79296875,-0.96875,-0.12520644037889672,26,1712915077025
1118,1.14453125,2.052734375,-0.6640625,-0.12520644037889672,55,1712915077025
1118,1.1640625,2.146484375,-0.443359375,-0.12520644037889672,63,1712915077025
1118,1.181640625,2.208984375,-0.26953125,-0.12520644037889672,54,1712915077025
1119,0.91796875,1.88671875,0.087890625,0.0,15,1712915077125
1119,1.001953125,1.888671875,-0.0078125,0.0,36,1712915077125
1119,1.01953125,1.921875,0.001953125,0.0,37,1712915077125
1119,1.001953125,2.05859375,-0.052734375,0.0,48,1712915077125
1119,1.01953125,2.09375,-0.068359375,0.0,109,1712915077125
1119,1.03515625,2.126953125,-0.08984375,0.0,102,1712915077125
1119,0.90234375,2.228515625,0.080078125,0.0,37,1712915077125
1119,1.181640625,2.22265625,-0.099609375,0.0,25,1712915077125
1119,1.119140625,2.29296875,-0.189453125,0.0,13,1712915077125
1119,0.984375,1.84765625,0.15625,0.12520644037889672,43,1712915077125
1119,0.935546875,1.912109375,0.1953125,0.12520644037889672,110,1712915077125
1119,1.01953125,1.912109375,0.201171875,0.12520644037889672,132,1712915077125
1119,1.037109375,1.94140625,0.244140625,0.12520644037889672,81,1712915077125
1119,1.056640625,1.9765625,0.228515625,0.12520644037889672,50,1712915077125
1119,1.07421875,2.021484375,0.087890625,0.12520644037889672,83,1712915077125
1119,1.01953125,2.09375,0.05859375,0.12520644037889672,132,1712915077125
1119,1.03515625,2.12890625,0.015625,0.12520644037889672,107,1712915077125
1119,0.9765625,2.1953125,-0.10546875,0.12520644037889672,27,1712915077125
1119,1.220703125,2.111328125,0.12890625,0.12520644037889672,41,1712915077125
1119,1.240234375,2.146484375,-0.083984375,0.12520644037889672,62,1712915077125
1119,1.259765625,2.17578125,-0.17578125,0.12520644037889672,44,1712915077125
1119,1.279296875,2.197265625,-0.279296875,0.12520644037889672,17,1712915077125
1119,0.91796875,1.86328125,0.30859375,0.25041288075779344,49,1712915077125
1119,0.935546875,1.892578125,0.337890625,0.25041288075779344,136,1712915077125
1119,1.01953125,1.888671875,0.359375,0.25041288075779344,184,1712915077125
1119,1.037109375,1.916015625,0.390625,0.25041288075779344,132,1712915077125
1119,1.056640625,1.9453125,0.419921875,0.25041288075779344,62,1712915077125
1119,1.001953125,2.04296875,0.259765625,0.25041288075779344,46,1712915077125
1119,1.091796875,2.044921875,0.21875,0.25041288075779344,69,1712915077125
1119,1.109375,2.08203125,0.193359375,0.25041288075779344,59,1712915077125
1119,1.052734375,2.15625,0.16796875,0.25041288075779344,20,1712915077125
1119,1.1640625,2.189453125,0.123046875,0.25041288075779344,26,1712915077125
1119,0.853515625,1.880859375,0.376953125,0.37561932113669017,20,1712915077125
1119,0.935546875,1.857421875,0.4921875,0.37561932113669017,60,1712915077125
1119,0.951171875,1.88671875,0.51953125,0.37561932113669017,87,1712915077125
1119,0.96875,1.908203125,0.56640625,0.37561932113669017,68,1712915077125
1119,1.056640625,1.890625,0.6171875,0.37561932113669017,28,1712915077125
1119,0.958984375,2.26953125,-0.689453125,-1.0016515230311738,19,1712915077125
1119,0.9296875,2.2109375,-0.63671875,-0.876445082652277,22,1712915077125
1119,0.9453125,2.25,-0.626953125,-0.876445082652277,53,1712915077125
1119,0.958984375,2.2890625,-0.6171875,-0.876445082652277,65,1712915077125
1119,0.97265625,2.333984375,-0.5859375,-0.876445082652277,42,1712915077125
1119,0.853515625,2.279296875,-0.486328125,-0.7512386422733803,44,1712915077125
1119,0.9453125,2.291015625,-0.453125,-0.7512386422733803,101,1712915077125
1119,1.0390625,2.29296875,-0.451171875,-0.7512386422733803,115,1712915077125
1119,1.0546875,2.322265625,-0.484375,-0.7512386422733803,71,1712915077125
1119,1.0703125,2.33203125,-0.59765625,-0.7512386422733803,25,1712915077125
1119,0.9296875,2.27734375,-0.3203125,-0.6260322018944836,34,1712915077125
1119,0.9453125,2.3203125,-0.265625,-0.6260322018944836,71,1712915077125
1119,0.958984375,2.359375,-0.240234375,-0.6260322018944836,76,1712915077125
1119,0.97265625,2.392578125,-0.251953125,-0.6260322018944836,44,1712915077125
1119,0.9296875,2.255859375,-0.4453125,-0.5008257615155869,30,1712915077125
1119,1.0234375,2.275390625,-0.3515625,-0.5008257615155869,43,1712915077125
1119,1.0390625,2.3203125,-0.279296875,-0.5008257615155869,31,1712915077125
1119,0.9296875,2.26953125,-0.37109375,-0.37561932113669017,58,1712915077125
1119,1.0234375,2.271484375,-0.37109375,-0.37561932113669017,73,1712915077125
1119,1.0390625,2.3046875,-0.388671875,-0.37561932113669017,47,1712915077125
1119,1.07421875,1.95703125,-0.51171875,-0.25041288075779344,44,1712915077125
1119,1.091796875,1.986328125,-0.5390625,-0.25041288075779344,95,1712915077125
1119,1.109375,2.017578125,-0.546875,-0.25041288075779344,88,1712915077125
1119,0.9765625,2.115234375,-0.595703125,-0.25041288075779344,30,1712915077125
1119,0.853515625,2.330078125,0.01171875,-0.25041288075779344,53,1712915077125
1119,0.9453125,2.33203125,-0.138671875,-0.25041288075779344,70,1712915077125
1119,0.958984375,2.361328125,-0.224609375,-0.25041288075779344,44,1712915077125
1120,0.884765625,1.986328125,0.091796875,0.0,16,1712915077225
1120,0.900390625,2.021484375,0.08203125,0.0,23,1712915077225
1120,0.9140625,2.052734375,0.1484375,0.0,28,1712915077225
1120,1.001953125,2.052734375,-0.16015625,0.0,47,1712915077225
1120,1.01953125,1.720703125,-1.193359375,0.0,60,1712915077225
1120,2.29296875,0.0,1.884765625,0.0,28,1712915077225
1120,1.126953125,2.111328125,-0.240234375,0.0,38,1712915077225
1120,1.068359375,2.1953125,-0.095703125,0.0,59,1712915077225
1120,1.0859375,2.23046875,-0.052734375,0.0,60,1712915077225
1120,1.0234375,2.30078125,-0.080078125,0.0,36,1712915077225
1120,0.935546875,1.91796875,0.115234375,0.12520644037889672,34,1712915077225
1120,0.951171875,1.947265625,0.189453125,0.12520644037889672,68,1712915077225
1120,0.96875,1.974609375,0.251953125,0.12520644037889672,80,1712915077225
1120,0.986328125,2.01171875,0.23828125,0.12520644037889672,61,1712915077225
1120,1.07421875,2.0234375,0.0546875,0.12520644037889672,89,1712915077225
1120,1.091796875,2.056640625,0.05078125,0.12520644037889672,208,1712915077225
1120,1.109375,2.087890625,0.095703125,0.12520644037889672,258,1712915077225
1120,1.126953125,2.119140625,0.1640625,0.12520644037889672,159,1712915077225
1120,1.068359375,2.1796875,0.271484375,0.12520644037889672,45,1712915077225
1120,1.0859375,2.2265625,0.13671875,0.12520644037889672,37,1712915077225
1120,1.181640625,2.224609375,0.064453125,0.12520644037889672,20,1712915077225
1120,0.869140625,1.94140625,0.220703125,0.25041288075779344,29,1712915077225
1120,0.884765625,1.96875,0.28125,0.25041288075779344,57,1712915077225
1120,0.900390625,1.998046875,0.322265625,0.25041288075779344,64,1712915077225
1120,0.986328125,1.994140625,0.359375,0.25041288075779344,46,1712915077225
1120,1.001953125,2.037109375,0.3046875,0.25041288075779344,43,1712915077225
1120,1.01953125,2.08203125,0.23046875,0.25041288075779344,99,1712915077225
1120,1.109375,2.076171875,0.244140625,0.25041288075779344,128,1712915077225
1120,1.126953125,2.10546875,0.2890625,0.25041288075779344,82,1712915077225
1120,1.068359375,2.1640625,0.384765625,0.25041288075779344,22,1712915077225
1120,0.9921875,2.126953125,-0.6796875,-0.7512386422733803,22,1712915077225
1120,0.9296875,2.154296875,-0.8046875,-0.7512386422733803,23,1712915077225
1120,0.9921875,2.1796875,-0.484375,-0.6260322018944836,41,1712915077225
1120,1.0078125,2.18359375,-0.609375,-0.6260322018944836,53,1712915077225
1120,1.0234375,2.166015625,-0.779296875,-0.6260322018944836,34,1712915077225
1120,0.9921875,2.169921875,-0.525390625,-0.5008257615155869,46,1712915077225
1120,1.0078125,2.208984375,-0.509765625,-0.5008257615155869,61,1712915077225
1120,1.0234375,2.240234375,-0.533203125,-0.5008257615155869,40,1712915077225
1120,0.9765625,2.12890625,-0.544921875,-0.37561932113669017,29,1712915077225
1120,0.916015625,2.177734375,-0.623046875,-0.37561932113669017,83,1712915077225
1120,1.0078125,2.171875,-0.6484375,-0.37561932113669017,124,1712915077225
1120,0.9453125,2.240234375,-0.658203125,-0.37561932113669017,100,1712915077225
1120,0.958984375,2.2734375,-0.671875,-0.37561932113669017,44,1712915077225
1120,1.07421875,1.94140625,-0.572265625,-0.25041288075779344,60,1712915077225
1120,1.091796875,1.9609375,-0.62109375,-0.25041288075779344,124,1712915077225
1120,1.18359375,1.93359375,-0.681640625,-0.25041288075779344,117,1712915077225
1120,1.203125,1.94921875,-0.734375,-0.25041288075779344,43,1712915077225
1120,0.916015625,2.22265625,-0.439453125,-0.25041288075779344,83,1712915077225
1120,0.9296875,2.259765625,-0.43359375,-0.25041288075779344,149,1712915077225
1120,1.0234375,2.259765625,-0.435546875,-0.25041288075779344,126,1712915077225
1120,1.0390625,2.29296875,-0.453125,-0.25041288075779344,58,1712915077225
1120,1.216796875,2.263671875,-0.365234375,-0.25041288075779344,14,1712915077225
1120,1.087890625,1.880859375,0.125,-0.12520644037889672,29,1712915077225
1120,1.107421875,1.904296875,0.220703125,-0.12520644037889672,25,1712915077225
1120,1.126953125,1.8984375,-0.4453125,-0.12520644037889672,20,1712915077225
1120,1.07421875,1.98046875,-0.416015625,-0.12520644037889672,144,1712915077225
1120,1.091796875,1.998046875,-0.486328125,-0.12520644037889672,287,1712915077225
1120,1.109375,2.0234375,-0.5234375,-0.12520644037889672,276,1712915077225
1120,1.126953125,2.0546875,-0.5390625,-0.12520644037889672,128,1712915077225
1120,1.220703125,2.009765625,-0.6640625,-0.12520644037889672,27,1712915077225
1120,0.9296875,2.294921875,-0.15625,-0.12520644037889672,26,1712915077225
1120,0.865234375,2.365234375,-0.0390625,-0.12520644037889672,28,1712915077225
1120,2.119140625,3.669921875,-0.044921875,-0.12520644037889672,19,1712915077225
1120,2.138671875,3.697265625,-0.201171875,-0.12520644037889672,21,1712915077225
1121,0.9296875,2.09375,-0.013671875,0.0,16,1712915077326
1121,0.9453125,2.126953125,0.0,0.0,18,1712915077326
1121,1.27734375,1.978515625,-0.48828125,0.0,22,1712915077326
1121,1.298828125,2.0390625,-0.353515625,0.0,38,1712915077326
1121,1.1640625,2.1875,-0.138671875,0.0,53,1712915077326
1121,1.1015625,2.263671875,-0.08203125,0.0,52,1712915077326
1121,1.0390625,2.33203125,-0.14453125,0.0,25,1712915077326
1121,1.01953125,2.06640625,0.333984375,0.12520644037889672,21,1712915077326
1121,1.18359375,2.033203125,0.255859375,0.12520644037889672,35,1712915077326
1121,1.126953125,2.11328125,0.212890625,0.12520644037889672,45,1712915077326
1121,1.220703125,2.11328125,0.0859375,0.12520644037889672,74,1712915077326
1121,1.318359375,2.1015625,0.06640625,0.12520644037889672,90,1712915077326
1121,1.259765625,2.181640625,0.052734375,0.12520644037889672,69,1712915077326
1121,1.279296875,2.21484375,0.01953125,0.12520644037889672,30,1712915077326
1121,1.203125,2.07421875,0.19921875,0.25041288075779344,24,1712915077326
1121,1.298828125,2.0625,0.16796875,0.25041288075779344,51,1712915077326
1121,1.240234375,2.142578125,0.158203125,0.25041288075779344,62,1712915077326
1121,1.259765625,2.173828125,0.18359375,0.25041288075779344,50,1712915077326
1121,1.279296875,2.212890625,0.1015625,0.25041288075779344,23,1712915077326
1121,0.984375,1.853515625,-0.033203125,-0.5008257615155869,20,1712915077326
1121,1.068359375,1.849609375,0.09375,-0.5008257615155869,43,1712915077326
1121,1.15625,1.83984375,0.10546875,-0.5008257615155869,26,1712915077326
1121,0.900390625,2.021484375,0.060546875,-0.5008257615155869,45,1712915077326
1121,0.9140625,2.0546875,0.12890625,-0.5008257615155869,59,1712915077326
1121,0.9296875,2.0859375,0.177734375,-0.5008257615155869,28,1712915077326
1121,0.984375,1.841796875,0.21875,-0.37561932113669017,29,1712915077326
1121,1.001953125,1.875,0.220703125,-0.37561932113669017,62,1712915077326
1121,1.15625,1.8203125,0.29296875,-0.37561932113669017,38,1712915077326
1121,0.830078125,2.05078125,0.068359375,-0.37561932113669017,47,1712915077326
1121,0.986328125,2.01171875,0.23046875,-0.37561932113669017,64,1712915077326
1121,1.001953125,2.033203125,0.333984375,-0.37561932113669017,30,1712915077326
1121,1.001953125,1.857421875,0.34375,-0.25041288075779344,31,1712915077326
1121,1.01953125,1.87890625,0.408203125,-0.25041288075779344,21,1712915077326
1121,1.0859375,2.203125,-0.3515625,-0.25041288075779344,30,1712915077326
1121,1.0234375,2.24609375,-0.5078125,-0.25041288075779344,29,1712915077326
1121,1.001953125,2.056640625,-0.125,-0.12520644037889672,30,1712915077326
1121,1.01953125,2.091796875,-0.1015625,-0.12520644037889672,49,1712915077326
1121,1.18359375,2.04296875,-0.162109375,-0.12520644037889672,52,1712915077326
1121,1.27734375,2.01953125,-0.267578125,-0.12520644037889672,52,1712915077326
1121,1.220703125,2.109375,-0.16796875,-0.12520644037889672,62,1712915077326
1121,1.0859375,2.220703125,-0.21484375,-0.12520644037889672,90,1712915077326
1121,1.0234375,2.275390625,-0.345703125,-0.12520644037889672,77,1712915077326
1121,1.0390625,2.29296875,-0.44921875,-0.12520644037889672,34,1712915077326
1121,0.4765625,1.287109375,1.689453125,-0.5008257615155869,15,1712915077326
1122,0.91796875,1.853515625,0.35546875,0.0,12,1712915077426
1122,1.001953125,1.849609375,0.384765625,0.0,36,1712915077426
1122,0.951171875,1.916015625,0.3984375,0.0,42,1712915077426
1122,0.96875,1.94921875,0.408203125,0.0,21,1712915077426
1122,1.14453125,1.908203125,-0.541015625,0.0,31,1712915077426
1122,0.88671875,1.994140625,0.9140625,0.0,22,1712915077426
1122,0.90234375,2.23046875,0.009765625,0.0,29,1712915077426
1122,0.916015625,2.248046875,-0.2734375,0.0,39,1712915077426
1122,1.0078125,2.26171875,-0.16015625,0.0,35,1712915077426
1122,1.07421875,2.021484375,-0.095703125,0.12520644037889672,31,1712915077426
1122,1.091796875,2.056640625,-0.00390625,0.12520644037889672,45,1712915077426
1122,1.109375,2.06640625,0.3203125,0.12520644037889672,31,1712915077426
1122,0.90234375,2.228515625,0.068359375,0.12520644037889672,34,1712915077426
1122,0.916015625,2.2578125,-0.181640625,0.12520644037889672,68,1712915077426
1122,0.9296875,2.30078125,-0.046875,0.12520644037889672,62,1712915077426
1122,1.0234375,2.279296875,0.3203125,0.12520644037889672,26,1712915077426
1122,0.916015625,2.25390625,-0.23046875,0.25041288075779344,42,1712915077426
1122,1.0078125,2.259765625,-0.17578125,0.25041288075779344,36,1712915077426
1122,1.05078125,1.814453125,0.107421875,-0.5008257615155869,28,1712915077426
1122,1.001953125,1.88671875,0.09375,-0.5008257615155869,34,1712915077426
1122,1.087890625,1.880859375,0.119140625,-0.5008257615155869,22,1712915077426
1122,0.966796875,1.81640625,0.130859375,-0.37561932113669017,29,1712915077426
1122,0.984375,1.84765625,0.15625,-0.37561932113669017,75,1712915077426
1122,1.001953125,1.87890625,0.181640625,-0.37561932113669017,88,1712915077426
1122,1.01953125,1.912109375,0.197265625,-0.37561932113669017,54,1712915077426
1122,1.037109375,1.94921875,0.15234375,-0.37561932113669017,19,1712915077426
1122,0.966796875,1.802734375,0.2578125,-0.25041288075779344,28,1712915077426
1122,0.984375,1.828125,0.310546875,-0.25041288075779344,64,1712915077426
1122,1.068359375,1.8046875,0.41015625,-0.25041288075779344,65,1712915077426
1122,1.01953125,1.900390625,0.287109375,-0.25041288075779344,49,1712915077426
1122,0.96875,1.98046875,0.20703125,-0.25041288075779344,30,1712915077426
1122,1.14453125,1.857421875,-0.693359375,-0.25041288075779344,31,1712915077426
1122,1.091796875,2.048828125,0.1796875,-0.25041288075779344,38,1712915077426
1122,1.03515625,2.08984375,0.404296875,-0.25041288075779344,31,1712915077426
1122,0.9765625,2.197265625,0.06640625,-0.25041288075779344,20,1712915077426
1122,1.001953125,1.8828125,0.15234375,-0.12520644037889672,47,1712915077426
1122,1.01953125,1.908203125,0.234375,-0.12520644037889672,67,1712915077426
1122,1.037109375,1.9375,0.26171875,-0.12520644037889672,38,1712915077426
1122,1.126953125,1.880859375,-0.517578125,-0.12520644037889672,24,1712915077426
1122,1.14453125,1.908203125,-0.544921875,-0.12520644037889672,82,1712915077426
1122,1.1640625,1.943359375,-0.537109375,-0.12520644037889672,96,1712915077426
1122,1.03515625,1.984375,0.771484375,-0.12520644037889672,58,1712915077426
1122,0.90234375,2.220703125,0.1953125,-0.12520644037889672,30,1712915077426
1122,2.29296875,0.0,2.24609375,0.0,12,1712915077426
1122,-2.29296875,0.0,2.291015625,-0.12520644037889672,31,1712915077426
1122,-2.404296875,0.0,-2.11328125,-0.12520644037889672,16,1712915077426
1123,1.056640625,1.990234375,-0.00390625,0.0,15,1712915077527
1123,1.07421875,2.01953125,0.130859375,0.0,43,1712915077527
1123,1.091796875,2.05078125,0.1640625,0.0,109,1712915077527
1123,1.109375,2.087890625,0.115234375,0.0,128,1712915077527
1123,1.126953125,2.072265625,-0.470703125,0.0,59,1712915077527
1123,1.14453125,2.138671875,-0.296875,0.0,63,1712915077527
1123,1.1640625,2.15625,-0.3984375,0.0,72,1712915077527
1123,1.1015625,2.181640625,-0.611328125,0.0,47,1712915077527
1123,1.068359375,2.181640625,-0.2578125,0.12520644037889672,107,1712915077527
1123,1.1640625,2.171875,-0.29296875,0.12520644037889672,165,1712915077527
1123,1.1015625,2.240234375,-0.3359375,0.12520644037889672,130,1712915077527
1123,1.119140625,2.26953125,-0.37890625,0.12520644037889672,52,1712915077527
1123,0.9921875,2.22265625,-0.203125,0.25041288075779344,66,1712915077527
1123,1.0078125,2.255859375,-0.220703125,0.25041288075779344,106,1712915077527
1123,1.0234375,2.2890625,-0.244140625,0.25041288075779344,90,1712915077527
1123,1.0390625,2.30859375,-0.36328125,0.25041288075779344,38,1712915077527
1123,1.115234375,1.76953125,0.1875,0.37561932113669017,20,1712915077527
1123,1.203125,1.7578125,0.18359375,0.37561932113669017,32,1712915077527
1123,1.224609375,1.79296875,0.158203125,0.37561932113669017,27,1712915077527
1123,1.16015625,1.69140625,0.2109375,0.5008257615155869,15,1712915077527
1123,1.181640625,1.7109375,0.29296875,0.5008257615155869,57,1712915077527
1123,1.134765625,1.78515625,0.310546875,0.5008257615155869,109,1712915077527
1123,1.224609375,1.763671875,0.3515625,0.5008257615155869,132,1712915077527
1123,1.24609375,1.791015625,0.375,0.5008257615155869,92,1712915077527
1123,1.267578125,1.8046875,0.458984375,0.5008257615155869,34,1712915077527
1123,1.115234375,1.73828125,0.375,0.6260322018944836,47,1712915077527
1123,1.134765625,1.755859375,0.4453125,0.6260322018944836,114,1712915077527
1123,1.224609375,1.734375,0.482421875,0.6260322018944836,167,1712915077527
1123,1.24609375,1.755859375,0.515625,0.6260322018944836,135,1712915077527
1123,1.267578125,1.77734375,0.556640625,0.6260322018944836,54,1712915077527
1123,1.134765625,1.732421875,0.52734375,0.7512386422733803,52,1712915077527
1123,1.15625,1.7421875,0.599609375,0.7512386422733803,93,1712915077527
1123,1.17578125,1.759765625,0.65234375,0.7512386422733803,82,1712915077527
1123,1.267578125,1.7109375,0.734375,0.7512386422733803,32,1712915077527
1123,1.087890625,1.625,0.955078125,0.876445082652277,25,1712915077527
1123,-2.90625,0.0,-3.0,-0.6260322018944836,25,1712915077527
1123,-2.94140625,0.0,-3.013671875,-0.6260322018944836,24,1712915077527
1123,-2.7734375,0.0,-2.81640625,-0.5008257615155869,17,1712915077527
1123,-2.90625,0.0,-2.875,-0.5008257615155869,34,1712915077527
1123,-2.94140625,0.0,-2.875,-0.5008257615155869,33,1712915077527
1123,1.220703125,2.1015625,-0.25,-0.37561932113669017,15,1712915077527
1123,1.07421875,2.01953125,-0.13671875,-0.25041288075779344,39,1712915077527
1123,1.1640625,2.009765625,-0.166015625,-0.25041288075779344,103,1712915077527
1123,1.18359375,2.041015625,-0.19921875,-0.25041288075779344,115,1712915077527
1123,1.203125,1.8515625,-0.953125,-0.25041288075779344,34,1712915077527
1123,1.220703125,2.115234375,-0.015625,-0.25041288075779344,40,1712915077527
1123,1.240234375,2.1484375,-0.060546875,-0.25041288075779344,43,1712915077527
1123,1.259765625,2.177734375,-0.15234375,-0.25041288075779344,22,1712915077527
1123,0.986328125,2.0234375,-0.080078125,-0.12520644037889672,25,1712915077527
1123,1.07421875,2.0234375,-0.009765625,-0.12520644037889672,83,1712915077527
1123,1.1640625,2.015625,-0.025390625,-0.12520644037889672,209,1712915077527
1123,1.109375,2.087890625,-0.091796875,-0.12520644037889672,240,1712915077527
1123,1.203125,1.9765625,-0.658203125,-0.12520644037889672,101,1712915077527
1123,1.220703125,2.115234375,0.078125,-0.12520644037889672,38,1712915077527
1123,1.240234375,2.142578125,0.16796875,-0.12520644037889672,47,1712915077527
1123,1.259765625,2.181640625,0.0390625,-0.12520644037889672,31,1712915077527
1123,1.26953125,1.685546875,0.34375,0.5008257615155869,109,1712915077527
1123,2.404296875,2.115234375,0.14453125,-0.6260322018944836,23,1712915077527
1123,2.43359375,2.146484375,0.033203125,-0.6260322018944836,21,1712915077527
1123,2.376953125,2.048828125,0.44140625,-0.5008257615155869,15,1712915077527
1123,2.404296875,2.09375,0.33984375,-0.5008257615155869,29,1712915077527
1123,2.43359375,2.1328125,0.23828125,-0.5008257615155869,29,1712915077527
1124,1.056640625,1.990234375,-0.00390625,0.0,51,1712915077627
1124,1.07421875,2.0234375,-0.037109375,0.0,93,1712915077627
1124,1.01953125,2.08984375,-0.125,0.0,80,1712915077627
1124,1.03515625,2.1171875,-0.22265625,0.0,48,1712915077627
1124,1.126953125,2.115234375,-0.193359375,0.0,32,1712915077627
1124,1.1640625,2.166015625,-0.3359375,0.0,32,1712915077627
1124,1.181640625,2.20703125,-0.287109375,0.0,36,1712915077627
1124,0.916015625,2.255859375,-0.212890625,0.12520644037889672,20,1712915077627
1124,1.0078125,2.236328125,-0.37890625,0.12520644037889672,58,1712915077627
1124,0.9453125,2.29296875,-0.4453125,0.12520644037889672,66,1712915077627
1124,1.0390625,2.294921875,-0.44140625,0.12520644037889672,37,1712915077627
1124,0.9296875,2.2734375,-0.349609375,0.25041288075779344,62,1712915077627
1124,0.9453125,2.3046875,-0.375,0.25041288075779344,79,1712915077627
1124,0.958984375,2.3359375,-0.40625,0.25041288075779344,51,1712915077627
1124,1.0546875,2.337890625,-0.40234375,0.25041288075779344,18,1712915077627
1124,1.384765625,1.71875,0.1796875,0.37561932113669017,20,1712915077627
1124,0.9296875,2.29296875,-0.189453125,0.37561932113669017,23,1712915077627
1124,0.9453125,2.322265625,-0.248046875,0.37561932113669017,35,1712915077627
1124,0.958984375,2.34765625,-0.33984375,0.37561932113669017,29,1712915077627
1124,0.97265625,2.384765625,-0.322265625,0.37561932113669017,16,1712915077627
1124,1.427734375,1.623046875,0.25,0.5008257615155869,20,1712915077627
1124,1.384765625,1.701171875,0.302734375,0.5008257615155869,30,1712915077627
1124,1.478515625,1.64453125,0.427734375,0.5008257615155869,27,1712915077627
1124,1.427734375,1.62109375,0.26171875,0.6260322018944836,23,1712915077627
1124,1.521484375,1.5703125,0.345703125,0.6260322018944836,39,1712915077627
1124,1.478515625,1.654296875,0.392578125,0.6260322018944836,39,1712915077627
1124,1.50390625,1.662109375,0.470703125,0.6260322018944836,24,1712915077627
1124,1.427734375,1.603515625,0.349609375,0.7512386422733803,29,1712915077627
1124,1.521484375,1.568359375,0.353515625,0.7512386422733803,43,1712915077627
1124,1.478515625,1.654296875,0.390625,0.7512386422733803,33,1712915077627
1124,1.453125,1.609375,0.447265625,0.876445082652277,20,1712915077627
1124,1.056640625,1.96875,-0.28515625,-0.25041288075779344,51,1712915077627
1124,1.07421875,2.001953125,-0.291015625,-0.25041288075779344,91,1712915077627
1124,1.091796875,2.0234375,-0.373046875,-0.25041288075779344,78,1712915077627
1124,1.03515625,2.041015625,-0.6015625,-0.25041288075779344,44,1712915077627
1124,1.126953125,2.005859375,-0.697265625,-0.25041288075779344,29,1712915077627
1124,0.96875,1.986328125,-0.14453125,-0.12520644037889672,20,1712915077627
1124,1.056640625,1.982421875,-0.1796875,-0.12520644037889672,96,1712915077627
1124,1.001953125,2.05078125,-0.19140625,-0.12520644037889672,170,1712915077627
1124,1.01953125,2.076171875,-0.271484375,-0.12520644037889672,147,1712915077627
1124,1.03515625,2.091796875,-0.388671875,-0.12520644037889672,87,1712915077627
1124,1.203125,2.05078125,-0.359375,-0.12520644037889672,60,1712915077627
1124,1.259765625,2.158203125,-0.322265625,-0.12520644037889672,44,1712915077627
1124,0.146484375,1.19140625,1.99609375,-0.25041288075779344,40,1712915077627
1124,0.22265625,1.568359375,1.759765625,-0.25041288075779344,27,1712915077627
1125,1.564453125,1.44140625,-0.45703125,0.0,9,1712915077727
1125,1.66015625,1.43359375,-0.302734375,0.0,37,1712915077727
1125,0.986328125,1.96484375,0.494140625,0.0,68,1712915077727
1125,1.001953125,2.060546875,0.001953125,0.0,115,1712915077727
1125,1.091796875,2.056640625,0.06640625,0.0,154,1712915077727
1125,1.18359375,2.046875,0.11328125,0.0,139,1712915077727
1125,1.203125,2.08203125,-0.03515625,0.0,67,1712915077727
1125,1.068359375,2.1875,-0.212890625,0.0,42,1712915077727
1125,0.9296875,2.30078125,0.029296875,0.0,19,1712915077727
1125,1.564453125,1.498046875,-0.21484375,0.12520644037889672,26,1712915077727
1125,1.591796875,1.5390625,-0.041015625,0.12520644037889672,106,1712915077727
1125,1.619140625,1.56640625,0.02734375,0.12520644037889672,176,1712915077727
1125,1.646484375,1.58984375,0.076171875,0.12520644037889672,151,1712915077727
1125,1.673828125,1.61328125,0.142578125,0.12520644037889672,68,1712915077727
1125,0.9296875,2.220703125,-0.599609375,0.12520644037889672,18,1712915077727
1125,0.9453125,2.2421875,-0.65625,0.12520644037889672,31,1712915077727
1125,1.0390625,2.23828125,-0.673828125,0.12520644037889672,28,1712915077727
1125,1.564453125,1.51171875,-0.05859375,0.25041288075779344,32,1712915077727
1125,1.591796875,1.537109375,0.08984375,0.25041288075779344,130,1712915077727
1125,1.619140625,1.556640625,0.166015625,0.25041288075779344,218,1712915077727
1125,1.646484375,1.580078125,0.205078125,0.25041288075779344,181,1712915077727
1125,1.6015625,1.671875,0.255859375,0.25041288075779344,75,1712915077727
1125,1.0078125,2.216796875,-0.47265625,0.25041288075779344,20,1712915077727
1125,1.0234375,2.248046875,-0.49609375,0.25041288075779344,47,1712915077727
1125,1.0390625,2.27734375,-0.521484375,0.25041288075779344,54,1712915077727
1125,1.0546875,2.29296875,-0.603515625,0.25041288075779344,30,1712915077727
1125,1.591796875,1.5234375,0.21875,0.37561932113669017,58,1712915077727
1125,1.548828125,1.61328125,0.26953125,0.37561932113669017,94,1712915077727
1125,1.57421875,1.62890625,0.333984375,0.37561932113669017,74,1712915077727
1125,1.6015625,1.646484375,0.38671875,0.37561932113669017,26,1712915077727
1125,1.0234375,2.27734375,-0.33203125,0.37561932113669017,37,1712915077727
1125,1.0390625,2.30078125,-0.41015625,0.37561932113669017,50,1712915077727
1125,1.0546875,2.3125,-0.53125,0.37561932113669017,32,1712915077727
1125,0.9296875,2.17578125,-0.748046875,0.5008257615155869,24,1712915077727
1125,1.0234375,2.166015625,-0.779296875,0.5008257615155869,29,1712915077727
1125,1.0390625,2.296875,-0.431640625,0.5008257615155869,30,1712915077727
1125,0.853515625,2.263671875,-0.55078125,0.6260322018944836,30,1712915077727
1125,0.865234375,2.28515625,-0.611328125,0.6260322018944836,35,1712915077727
1125,0.958984375,2.25,-0.74609375,0.6260322018944836,23,1712915077727
1125,0.9453125,2.26171875,-0.583984375,0.7512386422733803,20,1712915077727
1125,0.232421875,2.271484375,-0.97265625,-0.7512386422733803,14,1712915077727
1125,1.056640625,1.951171875,-0.39453125,-0.25041288075779344,56,1712915077727
1125,1.14453125,1.951171875,-0.357421875,-0.25041288075779344,109,1712915077727
1125,1.236328125,1.958984375,-0.23828125,-0.25041288075779344,159,1712915077727
1125,1.2578125,1.99609375,-0.18359375,-0.25041288075779344,143,1712915077727
1125,1.203125,2.0625,-0.296875,-0.25041288075779344,68,1712915077727
1125,1.068359375,2.15234375,-0.44140625,-0.25041288075779344,43,1712915077727
1125,0.9296875,2.271484375,-0.3671875,-0.25041288075779344,26,1712915077727
1125,0.96875,1.990234375,-0.05859375,-0.12520644037889672,31,1712915077727
1125,1.056640625,1.970703125,-0.26953125,-0.12520644037889672,112,1712915077727
1125,1.07421875,2.009765625,-0.236328125,-0.12520644037889672,202,1712915077727
1125,1.1640625,2.013671875,-0.103515625,-0.12520644037889672,284,1712915077727
1125,1.2578125,2.00390625,-0.048828125,-0.12520644037889672,250,1712915077727
1125,1.203125,2.076171875,-0.171875,-0.12520644037889672,114,1712915077727
1125,1.068359375,2.169921875,-0.34375,-0.12520644037889672,79,1712915077727
1125,1.0078125,2.248046875,-0.29296875,-0.12520644037889672,51,1712915077727
1125,1.181640625,2.224609375,0.021484375,-0.12520644037889672,32,1712915077727
1125,0.900390625,1.66796875,1.14453125,0.0,21,1712915077727
1125,1.689453125,1.474609375,-0.216796875,0.0,64,1712915077727
1125,1.7890625,0.9296875,1.0859375,0.0,61,1712915077727
1125,0.0,1.970703125,1.5703125,0.5008257615155869,16,1712915077727
1125,0.080078125,1.99609375,1.59765625,0.5008257615155869,16,1712915077727
1125,1.240234375,1.455078125,1.58203125,-0.7512386422733803,14,1712915077727
1126,1.427734375,1.615234375,0.2890625,0.0,17,1712915077827
1126,1.453125,1.6328125,0.353515625,0.0,81,1712915077827
1126,1.478515625,1.662109375,0.357421875,0.0,143,1712915077827
1126,1.57421875,1.6328125,0.314453125,0.0,109,1712915077827
1126,1.01953125,2.01953125,0.552734375,0.0,65,1712915077827
1126,1.18359375,2.048828125,0.05078125,0.0,92,1712915077827
1126,1.203125,2.05859375,-0.3125,0.0,60,1712915077827
1126,1.220703125,2.08984375,-0.333984375,0.0,19,1712915077827
1126,1.478515625,1.595703125,0.5859375,0.12520644037889672,28,1712915077827
1126,1.57421875,1.556640625,0.583984375,0.12520644037889672,25,1712915077827
1126,0.853515625,2.16015625,-0.87109375,0.12520644037889672,27,1712915077827
1126,0.865234375,2.228515625,-0.794921875,0.12520644037889672,52,1712915077827
1126,0.87890625,2.283203125,-0.74609375,0.12520644037889672,51,1712915077827
1126,0.892578125,2.322265625,-0.7421875,0.12520644037889672,23,1712915077827
1126,0.853515625,2.234375,-0.66015625,0.25041288075779344,46,1712915077827
1126,0.9453125,2.255859375,-0.607421875,0.25041288075779344,102,1712915077827
1126,0.958984375,2.2890625,-0.62109375,0.25041288075779344,106,1712915077827
1126,0.892578125,2.357421875,-0.623046875,0.25041288075779344,54,1712915077827
1126,0.853515625,2.28125,-0.4765625,0.37561932113669017,26,1712915077827
1126,0.9453125,2.29296875,-0.4453125,0.37561932113669017,60,1712915077827
1126,0.958984375,2.322265625,-0.478515625,0.37561932113669017,67,1712915077827
1126,0.97265625,2.3359375,-0.58203125,0.37561932113669017,36,1712915077827
1126,1.619140625,1.556640625,-0.1640625,-0.5008257615155869,18,1712915077827
1126,1.453125,1.669921875,-0.029296875,-0.37561932113669017,34,1712915077827
1126,1.548828125,1.634765625,-0.03515625,-0.37561932113669017,56,1712915077827
1126,1.57421875,1.662109375,-0.064453125,-0.37561932113669017,43,1712915077827
1126,1.673828125,1.619140625,-0.041015625,-0.37561932113669017,23,1712915077827
1126,1.49609375,1.580078125,0.0,-0.25041288075779344,36,1712915077827
1126,1.521484375,1.60546875,0.08984375,-0.25041288075779344,155,1712915077827
1126,1.478515625,1.697265625,0.091796875,-0.25041288075779344,259,1712915077827
1126,1.57421875,1.662109375,0.03515625,-0.25041288075779344,189,1712915077827
1126,0.9453125,2.029296875,0.638671875,-0.25041288075779344,77,1712915077827
1126,1.18359375,2.05078125,0.0,-0.25041288075779344,88,1712915077827
1126,1.27734375,1.962890625,-0.54296875,-0.25041288075779344,49,1712915077827
1126,1.49609375,1.57421875,0.1328125,-0.12520644037889672,41,1712915077827
1126,1.453125,1.654296875,0.2265625,-0.12520644037889672,182,1712915077827
1126,1.478515625,1.685546875,0.216796875,-0.12520644037889672,316,1712915077827
1126,1.57421875,1.654296875,0.16796875,-0.12520644037889672,231,1712915077827
1126,1.01953125,1.982421875,0.671875,-0.12520644037889672,121,1712915077827
1126,1.18359375,2.048828125,-0.021484375,-0.12520644037889672,171,1712915077827
1126,1.27734375,2.0,-0.392578125,-0.12520644037889672,117,1712915077827
1126,1.220703125,2.044921875,-0.54296875,-0.12520644037889672,40,1712915077827
1126,1.74609375,1.10546875,1.072265625,0.0,36,1712915077827
1126,0.859375,0.697265625,2.005859375,0.12520644037889672,18,1712915077827
1126,1.74609375,1.4921875,-0.380859375,-0.25041288075779344,42,1712915077827
1127,0.900390625,1.953125,-0.525390625,0.0,17,1712915077928
1127,0.986328125,2.0078125,-0.259765625,0.0,35,1712915077928
1127,1.001953125,2.05859375,0.0625,0.0,36,1712915077928
1127,1.1640625,1.994140625,0.294921875,0.0,61,1712915077928
1127,1.2578125,1.97265625,0.359375,0.0,98,1712915077928
1127,1.27734375,2.015625,0.298828125,0.0,78,1712915077928
1127,1.220703125,2.11328125,-0.091796875,0.0,35,1712915077928
1127,1.1640625,2.14453125,-0.45703125,0.0,29,1712915077928
1127,1.0234375,2.26171875,-0.431640625,0.0,21,1712915077928
1127,0.87890625,2.34765625,-0.505859375,0.0,16,1712915077928
1127,1.2578125,2.005859375,-0.01171875,0.12520644037889672,28,1712915077928
1127,1.203125,2.08203125,-0.060546875,0.12520644037889672,33,1712915077928
1127,0.87890625,2.369140625,-0.396484375,0.12520644037889672,20,1712915077928
1127,1.521484375,1.607421875,0.0234375,-0.7512386422733803,16,1712915077928
1127,1.619140625,1.56640625,-0.01171875,-0.7512386422733803,19,1712915077928
1127,1.49609375,1.580078125,0.02734375,-0.6260322018944836,50,1712915077928
1127,1.521484375,1.60546875,0.087890625,-0.6260322018944836,80,1712915077928
1127,1.619140625,1.560546875,0.126953125,-0.6260322018944836,67,1712915077928
1127,1.646484375,1.58203125,0.177734375,-0.6260322018944836,34,1712915077928
1127,1.564453125,1.498046875,0.2109375,-0.5008257615155869,42,1712915077928
1127,1.591796875,1.5,0.34765625,-0.5008257615155869,51,1712915077928
1127,1.759765625,1.265625,0.61328125,-0.5008257615155869,30,1712915077928
1127,1.224609375,1.791015625,0.162109375,-0.37561932113669017,15,1712915077928
1127,1.314453125,1.7734375,0.173828125,-0.37561932113669017,50,1712915077928
1127,1.408203125,1.751953125,0.14453125,-0.37561932113669017,68,1712915077928
1127,1.359375,1.83984375,0.115234375,-0.37561932113669017,46,1712915077928
1127,1.310546875,1.91796875,-0.169921875,-0.37561932113669017,30,1712915077928
1127,1.2578125,1.978515625,-0.330078125,-0.37561932113669017,46,1712915077928
1127,1.27734375,1.994140625,-0.4140625,-0.37561932113669017,42,1712915077928
1127,1.521484375,1.5390625,0.46484375,-0.25041288075779344,29,1712915077928
1127,1.548828125,1.546875,0.53125,-0.25041288075779344,30,1712915077928
1127,1.07421875,1.998046875,-0.31640625,-0.25041288075779344,29,1712915077928
1127,1.236328125,1.970703125,-0.111328125,-0.25041288075779344,108,1712915077928
1127,1.2578125,2.00390625,-0.07421875,-0.25041288075779344,187,1712915077928
1127,1.27734375,2.033203125,-0.134765625,-0.25041288075779344,156,1712915077928
1127,1.375,1.982421875,-0.392578125,-0.25041288075779344,65,1712915077928
1127,1.240234375,2.02734375,-0.71484375,-0.25041288075779344,38,1712915077928
1127,1.181640625,2.12109375,-0.673828125,-0.25041288075779344,25,1712915077928
1127,0.96875,1.958984375,-0.353515625,-0.12520644037889672,32,1712915077928
1127,1.056640625,1.97265625,-0.26171875,-0.12520644037889672,65,1712915077928
1127,1.001953125,2.05859375,-0.087890625,-0.12520644037889672,69,1712915077928
1127,1.1640625,2.015625,0.048828125,-0.12520644037889672,139,1712915077928
1127,1.2578125,1.994140625,0.203125,-0.12520644037889672,213,1712915077928
1127,1.27734375,2.03125,0.166015625,-0.12520644037889672,163,1712915077928
1127,1.298828125,2.0546875,-0.244140625,-0.12520644037889672,73,1712915077928
1127,1.1640625,2.109375,-0.595703125,-0.12520644037889672,60,1712915077928
1127,1.0234375,2.21875,-0.61328125,-0.12520644037889672,48,1712915077928
1127,0.958984375,2.271484375,-0.6796875,-0.12520644037889672,45,1712915077928
1127,0.97265625,2.29296875,-0.73046875,-0.12520644037889672,28,1712915077928
1127,1.521484375,1.232421875,1.033203125,0.0,11,1712915077928
1127,0.986328125,1.671875,-1.14453125,-0.5008257615155869,18,1712915077928
1127,0.69140625,1.57421875,-1.39453125,-0.25041288075779344,15,1712915077928
1127,0.7734375,1.814453125,-1.0859375,-0.25041288075779344,21,1712915077928
1127,0.072265625,0.958984375,-2.078125,-0.25041288075779344,15,1712915077928
1127,0.142578125,0.40234375,-2.25,-0.12520644037889672,36,1712915077928
1128,1.037109375,1.900390625,-0.46484375,0.0,30,1712915078028
1128,1.056640625,1.2421875,-1.5546875,0.0,40,1712915078028
1128,1.14453125,0.478515625,-1.92578125,0.0,40,1712915078028
1128,1.091796875,1.72265625,-1.123046875,0.0,43,1712915078028
1128,1.109375,2.03125,-0.494140625,0.0,64,1712915078028
1128,1.052734375,2.154296875,-0.1796875,0.0,48,1712915078028
1128,0.9921875,2.23046875,0.087890625,0.0,20,1712915078028
1128,1.443359375,1.50390625,0.25390625,-0.876445082652277,25,1712915078028
1128,1.537109375,1.46875,0.23046875,-0.876445082652277,32,1712915078028
1128,1.126953125,1.951171875,-0.029296875,-0.37561932113669017,38,1712915078028
1128,1.14453125,1.982421875,-0.078125,-0.37561932113669017,74,1712915078028
1128,1.236328125,1.966796875,-0.154296875,-0.37561932113669017,143,1712915078028
1128,1.18359375,2.033203125,-0.259765625,-0.37561932113669017,156,1712915078028
1128,1.27734375,1.96875,-0.525390625,-0.37561932113669017,72,1712915078028
1128,0.787109375,2.3359375,-0.5234375,-0.37561932113669017,33,1712915078028
1128,1.037109375,1.623046875,1.08984375,-0.25041288075779344,24,1712915078028
1128,1.056640625,1.892578125,0.611328125,-0.25041288075779344,68,1712915078028
1128,1.14453125,1.943359375,0.39453125,-0.25041288075779344,154,1712915078028
1128,1.236328125,1.962890625,0.1953125,-0.25041288075779344,264,1712915078028
1128,1.2578125,2.005859375,0.0390625,-0.25041288075779344,272,1712915078028
1128,1.27734375,2.033203125,-0.146484375,-0.25041288075779344,117,1712915078028
1128,1.0859375,2.228515625,0.12890625,-0.25041288075779344,27,1712915078028
1128,1.037109375,1.779296875,-0.8125,-0.12520644037889672,45,1712915078028
1128,1.056640625,0.96484375,1.740234375,-0.12520644037889672,67,1712915078028
1128,1.07421875,1.5859375,1.255859375,-0.12520644037889672,107,1712915078028
1128,1.236328125,1.6953125,1.009765625,-0.12520644037889672,124,1712915078028
1128,1.33203125,1.783203125,0.8046875,-0.12520644037889672,87,1712915078028
1128,1.33203125,1.93359375,-0.30078125,-0.37561932113669017,156,1712915078028
1129,0.951171875,1.955078125,-0.07421875,0.0,28,1712915078129
1129,1.037109375,1.955078125,-0.072265625,0.0,87,1712915078129
1129,0.986328125,2.0234375,-0.09375,0.0,119,1712915078129
1129,1.07421875,2.0234375,-0.046875,0.0,77,1712915078129
1129,1.1640625,2.017578125,0.0,0.0,69,1712915078129
1129,1.109375,2.08984375,-0.087890625,0.0,73,1712915078129
1129,0.90234375,2.228515625,0.078125,0.0,49,1712915078129
1129,0.83984375,2.294921875,-0.021484375,0.0,44,1712915078129
1129,0.853515625,2.328125,-0.103515625,0.0,36,1712915078129
1129,0.865234375,2.36328125,-0.119140625,0.0,25,1712915078129
1129,0.986328125,2.021484375,0.12109375,0.12520644037889672,17,1712915078129
1129,1.001953125,2.0390625,0.287109375,0.12520644037889672,21,1712915078129
1129,1.091796875,2.04296875,0.244140625,0.12520644037889672,31,1712915078129
1129,1.03515625,2.125,0.109375,0.12520644037889672,28,1712915078129
1129,1.201171875,1.6015625,0.2890625,-0.876445082652277,21,1712915078129
1129,1.224609375,1.62890625,0.314453125,-0.876445082652277,32,1712915078129
1129,1.3125,1.609375,0.310546875,-0.876445082652277,29,1712915078129
1129,1.40234375,1.58203125,0.310546875,-0.876445082652277,20,1712915078129
1129,0.775390625,2.220703125,-0.791015625,-0.876445082652277,27,1712915078129
1129,1.201171875,1.587890625,0.36328125,-0.7512386422733803,27,1712915078129
1129,1.224609375,1.625,0.33203125,-0.7512386422733803,43,1712915078129
1129,1.3125,1.591796875,0.392578125,-0.7512386422733803,49,1712915078129
1129,1.26953125,1.66015625,0.453125,-0.7512386422733803,35,1712915078129
1129,1.224609375,1.619140625,0.359375,-0.6260322018944836,26,1712915078129
1129,1.3125,1.5546875,0.517578125,-0.6260322018944836,30,1712915078129
1129,0.763671875,2.208984375,-0.712890625,-0.6260322018944836,55,1712915078129
1129,0.853515625,2.2109375,-0.736328125,-0.6260322018944836,108,1712915078129
1129,0.865234375,2.24609375,-0.74609375,-0.6260322018944836,105,1712915078129
1129,0.798828125,2.31640625,-0.734375,-0.6260322018944836,49,1712915078129
1129,1.1640625,1.9921875,-0.31640625,-0.5008257615155869,50,1712915078129
1129,1.18359375,2.0234375,-0.33203125,-0.5008257615155869,52,1712915078129
1129,1.203125,2.029296875,-0.466796875,-0.5008257615155869,35,1712915078129
1129,0.763671875,2.26953125,-0.48828125,-0.5008257615155869,93,1712915078129
1129,0.775390625,2.2890625,-0.56640625,-0.5008257615155869,178,1712915078129
1129,0.865234375,2.2890625,-0.59765625,-0.5008257615155869,181,1712915078129
1129,0.798828125,2.349609375,-0.6171875,-0.5008257615155869,89,1712915078129
1129,0.96875,1.947265625,-0.4140625,-0.37561932113669017,30,1712915078129
1129,0.986328125,2.017578125,-0.18359375,-0.37561932113669017,43,1712915078129
1129,1.216796875,1.9375,-0.091796875,-0.37561932113669017,120,1712915078129
1129,1.236328125,1.96484375,-0.171875,-0.37561932113669017,193,1712915078129
1129,1.18359375,2.033203125,-0.265625,-0.37561932113669017,157,1712915078129
1129,1.203125,2.03515625,-0.44140625,-0.37561932113669017,75,1712915078129
1129,0.697265625,2.365234375,-0.271484375,-0.37561932113669017,67,1712915078129
1129,0.787109375,2.353515625,-0.431640625,-0.37561932113669017,70,1712915078129
1129,0.87890625,2.345703125,-0.51953125,-0.37561932113669017,42,1712915078129
1129,1.01953125,1.904296875,-0.2578125,-0.25041288075779344,52,1712915078129
1129,1.037109375,1.94140625,-0.236328125,-0.25041288075779344,158,1712915078129
1129,1.056640625,1.98046875,-0.19140625,-0.25041288075779344,215,1712915078129
1129,1.14453125,1.978515625,0.14453125,-0.25041288075779344,171,1712915078129
1129,1.1640625,2.015625,0.046875,-0.25041288075779344,179,1712915078129
1129,1.18359375,2.044921875,-0.15234375,-0.25041288075779344,178,1712915078129
1129,1.052734375,2.14453125,-0.279296875,-0.25041288075779344,119,1712915078129
1129,0.9921875,2.203125,-0.357421875,-0.25041288075779344,75,1712915078129
1129,0.9296875,2.2578125,-0.443359375,-0.25041288075779344,52,1712915078129
1129,0.865234375,2.32421875,-0.447265625,-0.25041288075779344,48,1712915078129
1129,0.951171875,1.951171875,-0.142578125,-0.12520644037889672,61,1712915078129
1129,1.037109375,1.94921875,-0.150390625,-0.12520644037889672,193,1712915078129
1129,1.056640625,1.982421875,-0.171875,-0.12520644037889672,262,1712915078129
1129,1.001953125,2.0546875,-0.154296875,-0.12520644037889672,145,1712915078129
1129,1.091796875,2.046875,-0.197265625,-0.12520644037889672,38,1712915078129
1129,1.03515625,2.12109375,-0.16796875,-0.12520644037889672,115,1712915078129
1129,0.9765625,2.1953125,-0.10546875,-0.12520644037889672,109,1712915078129
1129,0.916015625,2.259765625,-0.154296875,-0.12520644037889672,90,1712915078129
1129,0.9296875,2.283203125,-0.275390625,-0.12520644037889672,61,1712915078129
1130,0.884765625,1.986328125,-0.07421875,0.0,16,1712915078229
1130,0.900390625,2.0234375,-0.0390625,0.0,48,1712915078229
1130,0.9140625,2.056640625,-0.05078125,0.0,72,1712915078229
1130,0.9296875,2.0859375,-0.162109375,0.0,58,1712915078229
1130,0.9453125,2.068359375,-0.5,0.0,27,1712915078229
1130,-3.14453125,0.0,-3.103515625,0.12520644037889672,16,1712915078229
1130,-3.107421875,0.0,-2.580078125,0.5008257615155869,17,1712915078229
1130,0.6015625,2.138671875,-0.919921875,-0.876445082652277,16,1712915078229
1130,1.14453125,1.982421875,-0.08203125,-0.7512386422733803,25,1712915078229
1130,1.1640625,2.017578125,0.0,-0.7512386422733803,26,1712915078229
1130,1.03515625,1.634765625,0.21484375,-0.5008257615155869,25,1712915078229
1130,1.0546875,1.65625,0.2890625,-0.5008257615155869,62,1712915078229
1130,1.01171875,1.72265625,0.322265625,-0.5008257615155869,73,1712915078229
1130,1.03125,1.748046875,0.365234375,-0.5008257615155869,46,1712915078229
1130,0.83984375,2.203125,-0.642578125,-0.5008257615155869,31,1712915078229
1130,0.9296875,2.22265625,-0.58984375,-0.5008257615155869,63,1712915078229
1130,0.9453125,2.25,-0.625,-0.5008257615155869,63,1712915078229
1130,0.87890625,2.330078125,-0.580078125,-0.5008257615155869,33,1712915078229
1130,0.97265625,1.640625,0.390625,-0.37561932113669017,37,1712915078229
1130,0.9921875,1.66015625,0.4453125,-0.37561932113669017,94,1712915078229
1130,1.07421875,1.646484375,0.474609375,-0.37561932113669017,126,1712915078229
1130,1.095703125,1.673828125,0.5,-0.37561932113669017,97,1712915078229
1130,1.05078125,1.751953125,0.486328125,-0.37561932113669017,39,1712915078229
1130,1.087890625,1.8828125,-0.0625,-0.37561932113669017,57,1712915078229
1130,1.107421875,1.9140625,-0.130859375,-0.37561932113669017,164,1712915078229
1130,1.126953125,1.939453125,-0.212890625,-0.37561932113669017,260,1712915078229
1130,1.14453125,1.9609375,-0.29296875,-0.37561932113669017,266,1712915078229
1130,1.091796875,2.02734375,-0.34765625,-0.37561932113669017,183,1712915078229
1130,1.109375,2.0546875,-0.3828125,-0.37561932113669017,83,1712915078229
1130,1.052734375,2.158203125,-0.138671875,-0.37561932113669017,22,1712915078229
1130,0.83984375,2.240234375,-0.4921875,-0.37561932113669017,27,1712915078229
1130,0.9296875,2.265625,-0.396484375,-0.37561932113669017,66,1712915078229
1130,0.9453125,2.291015625,-0.458984375,-0.37561932113669017,70,1712915078229
1130,0.958984375,2.33203125,-0.431640625,-0.37561932113669017,36,1712915078229
1130,0.9921875,1.595703125,0.638671875,-0.25041288075779344,55,1712915078229
1130,1.01171875,1.62109375,0.666015625,-0.25041288075779344,89,1712915078229
1130,1.03125,1.65625,0.66796875,-0.25041288075779344,82,1712915078229
1130,1.05078125,1.701171875,0.640625,-0.25041288075779344,39,1712915078229
1130,1.01953125,1.919921875,-0.091796875,-0.25041288075779344,69,1712915078229
1130,1.107421875,1.9140625,-0.10546875,-0.25041288075779344,216,1712915078229
1130,1.056640625,1.984375,-0.150390625,-0.25041288075779344,364,1712915078229
1130,1.07421875,2.013671875,-0.203125,-0.25041288075779344,393,1712915078229
1130,1.091796875,2.044921875,-0.228515625,-0.25041288075779344,306,1712915078229
1130,1.109375,2.078125,-0.220703125,-0.25041288075779344,157,1712915078229
1130,1.203125,2.064453125,-0.28125,-0.25041288075779344,30,1712915078229
1130,0.9921875,1.505859375,0.830078125,-0.12520644037889672,16,1712915078229
1130,1.01171875,1.53515625,0.84375,-0.12520644037889672,26,1712915078229
1130,1.03125,1.59375,0.8046875,-0.12520644037889672,25,1712915078229
1130,0.951171875,1.953125,-0.111328125,-0.12520644037889672,45,1712915078229
1130,1.037109375,1.953125,-0.1171875,-0.12520644037889672,138,1712915078229
1130,0.986328125,2.021484375,-0.12109375,-0.12520644037889672,221,1712915078229
1130,1.07421875,2.017578125,-0.1640625,-0.12520644037889672,227,1712915078229
1130,1.091796875,2.048828125,-0.177734375,-0.12520644037889672,167,1712915078229
1130,1.18359375,2.0390625,-0.21484375,-0.12520644037889672,71,1712915078229
1130,2.12890625,2.220703125,-1.03125,0.12520644037889672,9,1712915078229
1130,2.00390625,2.177734375,-1.232421875,0.5008257615155869,9,1712915078229
1130,2.330078125,0.0,2.06640625,-0.37561932113669017,15,1712915078229
1130,-2.330078125,0.0,2.107421875,-0.25041288075779344,23,1712915078229
1131,0.8515625,1.716796875,0.345703125,0.0,32,1712915078329
1131,0.869140625,1.740234375,0.400390625,0.0,48,1712915078329
1131,0.822265625,1.79296875,0.44921875,0.0,36,1712915078329
1131,0.837890625,1.830078125,0.443359375,0.0,15,1712915078329
1131,0.884765625,1.982421875,0.1484375,0.0,64,1712915078329
1131,0.900390625,2.015625,0.1796875,0.0,106,1712915078329
1131,0.9140625,2.046875,0.21875,0.0,92,1712915078329
1131,0.9296875,2.08984375,0.12109375,0.0,42,1712915078329
1131,0.9453125,2.119140625,-0.1875,0.0,23,1712915078329
1131,0.9609375,2.162109375,-0.029296875,0.0,23,1712915078329
1131,0.744140625,1.783203125,0.45703125,0.12520644037889672,18,1712915078329
1131,0.900390625,2.0078125,0.25,0.12520644037889672,34,1712915078329
1131,3.044921875,0.0,3.310546875,0.12520644037889672,16,1712915078329
1131,3.185546875,0.0,-3.345703125,0.12520644037889672,30,1712915078329
1131,3.220703125,0.0,-3.31640625,0.12520644037889672,32,1712915078329
1131,3.1484375,0.0,-3.330078125,0.12520644037889672,21,1712915078329
1131,3.080078125,0.0,-3.095703125,0.25041288075779344,17,1712915078329
1131,3.220703125,0.0,-2.951171875,0.25041288075779344,23,1712915078329
1131,0.96875,1.98828125,-0.1171875,-0.7512386422733803,19,1712915078329
1131,1.056640625,1.98828125,-0.068359375,-0.7512386422733803,20,1712915078329
1131,1.037109375,1.94140625,0.240234375,-0.6260322018944836,28,1712915078329
1131,0.986328125,2.0234375,0.1015625,-0.6260322018944836,44,1712915078329
1131,1.001953125,2.060546875,0.0078125,-0.6260322018944836,32,1712915078329
1131,0.9921875,2.1875,-0.451171875,-0.6260322018944836,21,1712915078329
1131,1.001953125,1.8671875,-0.287109375,-0.5008257615155869,19,1712915078329
1131,0.951171875,1.927734375,-0.337890625,-0.5008257615155869,59,1712915078329
1131,1.037109375,1.9453125,-0.19921875,-0.5008257615155869,112,1712915078329
1131,1.056640625,1.98828125,-0.09375,-0.5008257615155869,126,1712915078329
1131,1.07421875,2.01953125,-0.126953125,-0.5008257615155869,78,1712915078329
1131,0.826171875,2.169921875,-0.626953125,-0.5008257615155869,80,1712915078329
1131,0.916015625,2.173828125,-0.63671875,-0.5008257615155869,134,1712915078329
1131,0.853515625,2.228515625,-0.6796875,-0.5008257615155869,108,1712915078329
1131,0.865234375,2.234375,-0.775390625,-0.5008257615155869,34,1712915078329
1131,0.935546875,1.904296875,-0.265625,-0.37561932113669017,74,1712915078329
1131,0.951171875,1.9375,-0.27734375,-0.37561932113669017,210,1712915078329
1131,0.96875,1.978515625,-0.23046875,-0.37561932113669017,317,1712915078329
1131,0.986328125,2.01953125,-0.1484375,-0.37561932113669017,276,1712915078329
1131,1.07421875,2.017578125,-0.14453125,-0.37561932113669017,127,1712915078329
1131,0.751953125,2.20703125,-0.58984375,-0.37561932113669017,127,1712915078329
1131,0.83984375,2.224609375,-0.560546875,-0.37561932113669017,228,1712915078329
1131,0.853515625,2.2578125,-0.578125,-0.37561932113669017,197,1712915078329
1131,0.787109375,2.3046875,-0.64453125,-0.37561932113669017,75,1712915078329
1131,0.8515625,1.74609375,0.1328125,-0.25041288075779344,39,1712915078329
1131,0.806640625,1.8046875,0.17578125,-0.25041288075779344,53,1712915078329
1131,0.822265625,1.841796875,0.154296875,-0.25041288075779344,33,1712915078329
1131,0.935546875,1.916015625,-0.162109375,-0.25041288075779344,78,1712915078329
1131,0.884765625,1.982421875,-0.146484375,-0.25041288075779344,204,1712915078329
1131,0.96875,1.98828125,-0.10546875,-0.25041288075779344,278,1712915078329
1131,0.986328125,2.0234375,-0.076171875,-0.25041288075779344,226,1712915078329
1131,1.001953125,2.048828125,-0.208984375,-0.25041288075779344,113,1712915078329
1131,0.751953125,2.21875,-0.54296875,-0.25041288075779344,82,1712915078329
1131,0.83984375,2.248046875,-0.455078125,-0.25041288075779344,150,1712915078329
1131,0.853515625,2.283203125,-0.46484375,-0.25041288075779344,140,1712915078329
1131,0.865234375,2.306640625,-0.529296875,-0.25041288075779344,69,1712915078329
1131,0.775390625,1.736328125,0.166015625,-0.12520644037889672,16,1712915078329
1131,0.8515625,1.732421875,0.24609375,-0.12520644037889672,62,1712915078329
1131,0.869140625,1.763671875,0.28125,-0.12520644037889672,92,1712915078329
1131,0.884765625,1.794921875,0.294921875,-0.12520644037889672,64,1712915078329
1131,0.7734375,1.888671875,0.294921875,-0.12520644037889672,17,1712915078329
1131,0.884765625,1.98046875,0.171875,-0.12520644037889672,76,1712915078329
1131,0.900390625,2.0078125,0.251953125,-0.12520644037889672,119,1712915078329
1131,0.986328125,2.009765625,0.255859375,-0.12520644037889672,108,1712915078329
1131,0.9296875,2.09375,0.015625,-0.12520644037889672,70,1712915078329
1131,0.90234375,2.173828125,-0.494140625,-0.12520644037889672,35,1712915078329
1132,0.71484375,1.71875,0.421875,0.0,54,1712915078429
1132,0.669921875,1.775390625,0.435546875,0.0,142,1712915078429
1132,0.681640625,1.8125,0.43359375,0.0,170,1712915078429
1132,0.7578125,1.830078125,0.4140625,0.0,98,1712915078429
1132,0.708984375,1.91796875,0.2578125,0.0,28,1712915078429
1132,0.67578125,2.2734375,-0.400390625,0.0,30,1712915078429
1132,0.6875,2.287109375,-0.513671875,0.0,27,1712915078429
1132,0.73046875,1.728515625,0.521484375,0.12520644037889672,27,1712915078429
1132,0.62109375,1.845703125,0.388671875,0.12520644037889672,44,1712915078429
1132,0.6328125,1.89453125,0.326171875,0.12520644037889672,51,1712915078429
1132,0.64453125,1.935546875,0.302734375,0.12520644037889672,31,1712915078429
1132,3.185546875,0.0,2.984375,0.12520644037889672,38,1712915078429
1132,3.220703125,0.0,2.908203125,0.12520644037889672,41,1712915078429
1132,3.2578125,0.0,2.81640625,0.12520644037889672,27,1712915078429
1132,0.62109375,1.845703125,0.38671875,0.25041288075779344,24,1712915078429
1132,0.6328125,1.873046875,0.4296875,0.25041288075779344,29,1712915078429
1132,3.185546875,0.0,3.212890625,0.25041288075779344,46,1712915078429
1132,3.220703125,0.0,3.205078125,0.25041288075779344,60,1712915078429
1132,3.2578125,0.0,3.283203125,0.25041288075779344,51,1712915078429
1132,3.29296875,0.0,3.359375,0.25041288075779344,26,1712915078429
1132,3.080078125,0.0,-3.15625,0.37561932113669017,20,1712915078429
1132,3.11328125,0.0,-3.279296875,0.37561932113669017,34,1712915078429
1132,3.1484375,0.0,-3.26953125,0.37561932113669017,37,1712915078429
1132,3.29296875,0.0,-3.388671875,0.37561932113669017,23,1712915078429
1132,0.8515625,1.75,0.01953125,-0.5008257615155869,35,1712915078429
1132,0.869140625,1.783203125,0.064453125,-0.5008257615155869,47,1712915078429
1132,0.884765625,1.818359375,0.07421875,-0.5008257615155869,33,1712915078429
1132,0.91796875,1.857421875,-0.341796875,-0.5008257615155869,27,1712915078429
1132,0.935546875,1.8984375,-0.296875,-0.5008257615155869,102,1712915078429
1132,1.01953125,1.904296875,-0.263671875,-0.5008257615155869,202,1712915078429
1132,0.96875,1.974609375,-0.248046875,-0.5008257615155869,204,1712915078429
1132,0.986328125,2.0,-0.31640625,-0.5008257615155869,116,1712915078429
1132,1.001953125,2.01953125,-0.40234375,-0.5008257615155869,45,1712915078429
1132,0.65625,1.7890625,0.111328125,-0.37561932113669017,23,1712915078429
1132,0.73046875,1.798828125,0.1484375,-0.37561932113669017,68,1712915078429
1132,0.806640625,1.8125,0.087890625,-0.37561932113669017,85,1712915078429
1132,0.822265625,1.845703125,0.091796875,-0.37561932113669017,50,1712915078429
1132,0.91796875,1.861328125,-0.318359375,-0.37561932113669017,65,1712915078429
1132,0.935546875,1.908203125,-0.23828125,-0.37561932113669017,259,1712915078429
1132,0.951171875,1.947265625,-0.197265625,-0.37561932113669017,504,1712915078429
1132,0.96875,1.98046875,-0.201171875,-0.37561932113669017,539,1712915078429
1132,0.986328125,2.0078125,-0.26953125,-0.37561932113669017,360,1712915078429
1132,1.001953125,2.03125,-0.345703125,-0.37561932113669017,181,1712915078429
1132,0.9453125,2.09765625,-0.353515625,-0.37561932113669017,70,1712915078429
1132,0.71484375,1.759765625,0.18359375,-0.25041288075779344,111,1712915078429
1132,0.73046875,1.794921875,0.185546875,-0.25041288075779344,298,1712915078429
1132,0.681640625,1.8515625,0.208984375,-0.25041288075779344,350,1712915078429
1132,0.7578125,1.8671875,0.17578125,-0.25041288075779344,195,1712915078429
1132,0.708984375,1.92578125,0.193359375,-0.25041288075779344,34,1712915078429
1132,0.853515625,1.90625,-0.21484375,-0.25041288075779344,64,1712915078429
1132,0.869140625,1.94921875,-0.115234375,-0.25041288075779344,246,1712915078429
1132,0.951171875,1.955078125,-0.08984375,-0.25041288075779344,453,1712915078429
1132,0.900390625,2.01953125,-0.107421875,-0.25041288075779344,472,1712915078429
1132,0.9140625,2.046875,-0.21484375,-0.25041288075779344,342,1712915078429
1132,0.9296875,2.072265625,-0.294921875,-0.25041288075779344,206,1712915078429
1132,0.873046875,2.130859375,-0.349609375,-0.25041288075779344,94,1712915078429
1132,0.814453125,2.140625,-0.595703125,-0.25041288075779344,60,1712915078429
1132,0.751953125,2.162109375,-0.736328125,-0.25041288075779344,54,1712915078429
1132,0.763671875,2.171875,-0.81640625,-0.25041288075779344,37,1712915078429
1132,0.71484375,1.744140625,0.294921875,-0.12520644037889672,127,1712915078429
1132,0.73046875,1.779296875,0.3046875,-0.12520644037889672,343,1712915078429
1132,0.744140625,1.814453125,0.306640625,-0.12520644037889672,414,1712915078429
1132,0.7578125,1.849609375,0.30859375,-0.12520644037889672,231,1712915078429
1132,0.708984375,1.912109375,0.296875,-0.12520644037889672,47,1712915078429
1133,0.595703125,1.69921875,0.6328125,0.0,23,1712915078530
1133,0.609375,1.740234375,0.62890625,0.0,30,1712915078530
1133,0.55859375,1.830078125,0.529296875,0.0,21,1712915078530
1133,0.505859375,1.904296875,0.45703125,0.0,13,1712915078530
1133,0.65625,1.984375,0.19140625,0.0,27,1712915078530
1133,0.734375,1.994140625,0.236328125,0.0,70,1712915078530
1133,0.748046875,2.01953125,0.30859375,0.0,99,1712915078530
1133,0.76171875,2.0546875,0.31640625,0.0,72,1712915078530
1133,0.7734375,2.111328125,0.12109375,0.0,39,1712915078530
1133,0.787109375,2.1484375,0.10546875,0.0,31,1712915078530
1133,0.67578125,2.19140625,-0.7265625,0.0,20,1712915078530
1133,0.6875,2.25390625,-0.642578125,0.0,16,1712915078530
1133,3.080078125,0.0,2.56640625,0.0,16,1712915078530
1133,3.11328125,0.0,2.48046875,0.0,16,1712915078530
1133,0.666015625,2.208984375,-0.53125,0.12520644037889672,24,1712915078530
1133,0.67578125,2.24609375,-0.529296875,0.12520644037889672,37,1712915078530
1133,0.611328125,2.318359375,-0.46875,0.12520644037889672,30,1712915078530
1133,3.150390625,0.0,2.748046875,0.12520644037889672,23,1712915078530
1133,3.185546875,0.0,2.796875,0.12520644037889672,45,1712915078530
1133,3.220703125,0.0,2.8203125,0.12520644037889672,48,1712915078530
1133,3.2578125,0.0,2.828125,0.12520644037889672,26,1712915078530
1133,3.044921875,0.0,2.939453125,0.25041288075779344,24,1712915078530
1133,3.080078125,0.0,3.041015625,0.25041288075779344,50,1712915078530
1133,3.220703125,0.0,3.05078125,0.25041288075779344,58,1712915078530
1133,3.2578125,0.0,3.240234375,0.25041288075779344,53,1712915078530
1133,3.18359375,0.0,3.416015625,0.25041288075779344,48,1712915078530
1133,2.97265625,0.0,3.333984375,0.37561932113669017,17,1712915078530
1133,3.11328125,0.0,3.3828125,0.37561932113669017,28,1712915078530
1133,3.1484375,0.0,-3.400390625,0.37561932113669017,48,1712915078530
1133,3.18359375,0.0,-3.4765625,0.37561932113669017,55,1712915078530
1133,3.107421875,0.0,-3.53125,0.37561932113669017,32,1712915078530
1133,0.58203125,1.955078125,-1.123046875,0.5008257615155869,20,1712915078530
1133,3.072265625,0.0,-3.1640625,0.5008257615155869,18,1712915078530
1133,0.701171875,1.734375,0.021484375,-0.6260322018944836,70,1712915078530
1133,0.71484375,1.76953125,0.03125,-0.6260322018944836,188,1712915078530
1133,0.73046875,1.8046875,0.03515625,-0.6260322018944836,228,1712915078530
1133,0.806640625,1.814453125,0.03125,-0.6260322018944836,130,1712915078530
1133,0.884765625,1.8203125,0.001953125,-0.6260322018944836,27,1712915078530
1133,0.701171875,1.728515625,0.138671875,-0.5008257615155869,160,1712915078530
1133,0.71484375,1.763671875,0.150390625,-0.5008257615155869,430,1712915078530
1133,0.73046875,1.798828125,0.15625,-0.5008257615155869,515,1712915078530
1133,0.744140625,1.83203125,0.166015625,-0.5008257615155869,272,1712915078530
1133,0.251953125,1.92578125,0.564453125,-0.5008257615155869,43,1712915078530
1133,0.515625,1.99609375,-0.0078125,-0.5008257615155869,50,1712915078530
1133,0.869140625,1.92578125,-0.33203125,-0.5008257615155869,25,1712915078530
1133,0.81640625,1.990234375,-0.330078125,-0.5008257615155869,19,1712915078530
1133,0.701171875,1.71484375,0.255859375,-0.37561932113669017,109,1712915078530
1133,0.71484375,1.748046875,0.271484375,-0.37561932113669017,290,1712915078530
1133,0.669921875,1.806640625,0.28515625,-0.37561932113669017,338,1712915078530
1133,0.806640625,1.787109375,0.31640625,-0.37561932113669017,155,1712915078530
1133,0.443359375,1.970703125,0.1328125,-0.37561932113669017,106,1712915078530
1133,0.515625,1.9921875,0.1171875,-0.37561932113669017,98,1712915078530
1133,0.853515625,1.9140625,-0.1171875,-0.37561932113669017,67,1712915078530
1133,0.869140625,1.9453125,-0.173828125,-0.37561932113669017,176,1712915078530
1133,0.81640625,2.013671875,-0.1328125,-0.37561932113669017,179,1712915078530
1133,0.830078125,2.046875,-0.166015625,-0.37561932113669017,62,1712915078530
1133,0.9140625,1.638671875,-1.24609375,-0.37561932113669017,41,1712915078530
1133,0.65625,1.748046875,0.392578125,-0.25041288075779344,36,1712915078530
1133,0.669921875,1.771484375,0.45703125,-0.25041288075779344,36,1712915078530
1133,0.43359375,1.919921875,0.255859375,-0.25041288075779344,32,1712915078530
1133,0.505859375,1.943359375,0.248046875,-0.25041288075779344,77,1712915078530
1133,0.451171875,1.984375,0.326171875,-0.25041288075779344,56,1712915078530
1133,0.853515625,1.916015625,-0.115234375,-0.25041288075779344,128,1712915078530
1133,0.80078125,1.98046875,-0.076171875,-0.25041288075779344,337,1712915078530
1134,0.583984375,1.611328125,0.751953125,0.0,15,1712915078630
1134,0.708984375,1.92578125,-0.189453125,0.0,20,1712915078630
1134,0.787109375,1.943359375,-0.095703125,0.0,69,1712915078630
1134,0.734375,2.005859375,0.05859375,0.0,97,1712915078630
1134,0.6796875,2.017578125,0.453125,0.0,92,1712915078630
1134,0.69140625,2.0703125,0.37109375,0.0,122,1712915078630
1134,0.703125,2.119140625,0.298828125,0.0,132,1712915078630
1134,0.71484375,2.15625,0.298828125,0.0,79,1712915078630
1134,0.654296875,2.23046875,0.123046875,0.0,34,1712915078630
1134,0.6015625,2.033203125,-1.134765625,0.0,25,1712915078630
1134,0.6875,2.142578125,-0.953125,0.0,32,1712915078630
1134,0.62109375,2.216796875,-0.9296875,0.0,18,1712915078630
1134,3.080078125,0.0,2.380859375,0.0,14,1712915078630
1134,3.11328125,0.0,2.357421875,0.0,29,1712915078630
1134,3.1484375,0.0,2.32421875,0.0,31,1712915078630
1134,3.29296875,0.0,2.095703125,0.0,18,1712915078630
1134,0.69140625,2.05859375,0.427734375,0.12520644037889672,27,1712915078630
1134,0.703125,2.09765625,0.419921875,0.12520644037889672,26,1712915078630
1134,0.591796875,2.19921875,-0.642578125,0.12520644037889672,14,1712915078630
1134,0.6015625,2.19921875,-0.767578125,0.12520644037889672,27,1712915078630
1134,0.611328125,2.2421875,-0.75390625,0.12520644037889672,32,1712915078630
1134,0.62109375,2.283203125,-0.748046875,0.12520644037889672,21,1712915078630
1134,3.080078125,0.0,2.537109375,0.12520644037889672,32,1712915078630
1134,3.220703125,0.0,2.46484375,0.12520644037889672,68,1712915078630
1134,3.1484375,0.0,2.466796875,0.12520644037889672,69,1712915078630
1134,3.29296875,0.0,2.197265625,0.12520644037889672,34,1712915078630
1134,0.591796875,2.1796875,-0.70703125,0.25041288075779344,66,1712915078630
1134,0.6015625,2.220703125,-0.703125,0.25041288075779344,142,1712915078630
1134,0.611328125,2.2578125,-0.703125,0.25041288075779344,146,1712915078630
1134,0.62109375,2.298828125,-0.697265625,0.25041288075779344,79,1712915078630
1134,0.55078125,2.37109375,-0.6484375,0.25041288075779344,20,1712915078630
1134,2.97265625,0.0,2.76171875,0.25041288075779344,27,1712915078630
1134,3.11328125,0.0,2.7109375,0.25041288075779344,59,1712915078630
1134,3.1484375,0.0,2.576171875,0.25041288075779344,59,1712915078630
1134,3.40234375,0.0,1.888671875,0.25041288075779344,24,1712915078630
1134,0.517578125,2.23828125,-0.56640625,0.37561932113669017,68,1712915078630
1134,0.6015625,2.25390625,-0.58984375,0.37561932113669017,145,1712915078630
1134,0.611328125,2.294921875,-0.576171875,0.37561932113669017,149,1712915078630
1134,0.62109375,2.333984375,-0.56640625,0.37561932113669017,81,1712915078630
1134,0.55078125,2.3984375,-0.54296875,0.37561932113669017,20,1712915078630
1134,0.443359375,2.25,-0.5859375,0.5008257615155869,19,1712915078630
1134,0.525390625,2.271484375,-0.58984375,0.5008257615155869,37,1712915078630
1134,0.53515625,2.328125,-0.517578125,0.5008257615155869,38,1712915078630
1134,0.54296875,2.380859375,-0.4453125,0.5008257615155869,20,1712915078630
1134,0.4765625,1.837890625,0.201171875,-1.0016515230311738,24,1712915078630
1134,0.486328125,1.873046875,0.21875,-1.0016515230311738,37,1712915078630
1134,0.49609375,1.908203125,0.23828125,-1.0016515230311738,30,1712915078630
1134,0.41015625,1.798828125,0.3046875,-0.876445082652277,18,1712915078630
1134,0.4765625,1.82421875,0.294921875,-0.876445082652277,59,1712915078630
1134,0.546875,1.845703125,0.29296875,-0.876445082652277,98,1712915078630
1134,0.49609375,1.896484375,0.314453125,-0.876445082652277,87,1712915078630
1134,0.505859375,1.935546875,0.302734375,-0.876445082652277,36,1712915078630
1134,0.572265625,1.732421875,0.162109375,-0.7512386422733803,27,1712915078630
1134,0.642578125,1.75390625,0.09375,-0.7512386422733803,53,1712915078630
1134,0.71484375,1.76953125,-0.041015625,-0.7512386422733803,36,1712915078630
1134,0.42578125,1.849609375,0.435546875,-0.7512386422733803,62,1712915078630
1134,0.49609375,1.87109375,0.4375,-0.7512386422733803,72,1712915078630
1134,0.443359375,1.923828125,0.443359375,-0.7512386422733803,33,1712915078630
1134,0.6171875,1.67578125,0.18359375,-0.6260322018944836,22,1712915078630
1134,0.630859375,1.7109375,0.1875,-0.6260322018944836,123,1712915078630
1134,0.642578125,1.74609375,0.197265625,-0.6260322018944836,237,1712915078630
1134,0.65625,1.783203125,0.1875,-0.6260322018944836,211,1712915078630
1134,0.669921875,1.822265625,0.150390625,-0.6260322018944836,80,1712915078630
1134,0.560546875,1.6875,0.234375,-0.5008257615155869,30,1712915078630
1135,0.515625,1.486328125,0.939453125,0.0,14,1712915078731
1135,0.466796875,1.529296875,0.970703125,0.0,14,1712915078731
1135,0.7734375,1.91015625,-0.0078125,0.0,37,1712915078731
1135,0.66796875,2.0234375,0.1796875,0.0,73,1712915078731
1135,0.748046875,2.04296875,0.07421875,0.0,123,1712915078731
1135,0.76171875,2.068359375,0.2109375,0.0,126,1712915078731
1135,0.6328125,2.1328125,0.34765625,0.0,81,1712915078731
1135,0.71484375,2.162109375,0.25,0.0,34,1712915078731
1135,0.6015625,2.12890625,-0.943359375,0.0,26,1712915078731
1135,0.611328125,2.205078125,-0.857421875,0.0,44,1712915078731
1135,0.54296875,2.271484375,-0.837890625,0.0,37,1712915078731
1135,3.11328125,0.0,2.322265625,0.0,24,1712915078731
1135,3.1484375,0.0,2.310546875,0.0,32,1712915078731
1135,3.18359375,0.0,2.22265625,0.0,22,1712915078731
1135,0.6015625,2.236328125,-0.650390625,0.12520644037889672,74,1712915078731
1135,0.611328125,2.265625,-0.681640625,0.12520644037889672,120,1712915078731
1135,0.62109375,2.298828125,-0.701171875,0.12520644037889672,99,1712915078731
1135,0.55078125,2.361328125,-0.68359375,0.12520644037889672,39,1712915078731
1135,3.11328125,0.0,2.54296875,0.12520644037889672,48,1712915078731
1135,3.1484375,0.0,2.53125,0.12520644037889672,66,1712915078731
1135,3.29296875,0.0,2.400390625,0.12520644037889672,45,1712915078731
1135,0.6015625,2.271484375,-0.509765625,0.25041288075779344,77,1712915078731
1135,0.611328125,2.3046875,-0.533203125,0.25041288075779344,128,1712915078731
1135,0.54296875,2.3671875,-0.51171875,0.25041288075779344,106,1712915078731
1135,0.47265625,2.42578125,-0.486328125,0.25041288075779344,43,1712915078731
1135,3.005859375,0.0,2.880859375,0.25041288075779344,37,1712915078731
1135,3.1484375,0.0,2.734375,0.25041288075779344,50,1712915078731
1135,3.18359375,0.0,2.75,0.25041288075779344,36,1712915078731
1135,2.99609375,0.0,3.279296875,0.25041288075779344,24,1712915078731
1135,0.525390625,2.314453125,-0.384765625,0.37561932113669017,22,1712915078731
1135,0.53515625,2.32421875,-0.53515625,0.37561932113669017,43,1712915078731
1135,0.54296875,2.353515625,-0.5703125,0.37561932113669017,43,1712915078731
1135,0.55078125,2.37890625,-0.62109375,0.37561932113669017,23,1712915078731
1135,0.451171875,2.27734375,-0.630859375,0.5008257615155869,28,1712915078731
1135,0.458984375,2.267578125,-0.7890625,0.5008257615155869,54,1712915078731
1135,0.46484375,2.287109375,-0.841796875,0.5008257615155869,54,1712915078731
1135,0.47265625,2.353515625,-0.763671875,0.5008257615155869,30,1712915078731
1135,0.458984375,2.291015625,-0.712890625,0.6260322018944836,40,1712915078731
1135,0.46484375,2.32421875,-0.734375,0.6260322018944836,42,1712915078731
1135,0.47265625,2.390625,-0.642578125,0.6260322018944836,23,1712915078731
1135,0.560546875,1.67578125,0.314453125,-0.7512386422733803,26,1712915078731
1135,0.572265625,1.720703125,0.26171875,-0.7512386422733803,53,1712915078731
1135,0.583984375,1.755859375,0.267578125,-0.7512386422733803,46,1712915078731
1135,0.603515625,1.591796875,0.431640625,-0.6260322018944836,20,1712915078731
1135,0.560546875,1.6640625,0.37109375,-0.6260322018944836,90,1712915078731
1135,0.572265625,1.701171875,0.369140625,-0.6260322018944836,165,1712915078731
1135,0.642578125,1.71484375,0.384765625,-0.6260322018944836,151,1712915078731
1135,0.595703125,1.771484375,0.3828125,-0.6260322018944836,64,1712915078731
1135,0.548828125,1.568359375,0.56640625,-0.5008257615155869,19,1712915078731
1135,0.560546875,1.609375,0.55859375,-0.5008257615155869,73,1712915078731
1135,0.515625,1.673828125,0.541015625,-0.5008257615155869,122,1712915078731
1135,0.525390625,1.70703125,0.556640625,-0.5008257615155869,109,1712915078731
1135,0.595703125,1.7109375,0.59765625,-0.5008257615155869,55,1712915078731
1135,0.728515625,1.634765625,0.130859375,-0.37561932113669017,30,1712915078731
1135,0.744140625,1.654296875,0.259765625,-0.37561932113669017,69,1712915078731
1135,0.701171875,1.708984375,0.294921875,-0.37561932113669017,65,1712915078731
1135,0.71484375,1.759765625,0.18359375,-0.37561932113669017,25,1712915078731
1135,0.708984375,1.880859375,-0.45703125,-0.37561932113669017,83,1712915078731
1135,0.72265625,1.865234375,-0.63671875,-0.37561932113669017,92,1712915078731
1135,1.134765625,1.73046875,-0.537109375,-0.37561932113669017,22,1712915078731
1135,0.81640625,2.009765625,-0.162109375,-0.37561932113669017,70,1712915078731
1135,0.76171875,2.0703125,-0.18359375,-0.37561932113669017,65,1712915078731
1135,0.7734375,2.111328125,-0.11328125,-0.37561932113669017,33,1712915078731
1135,0.560546875,1.626953125,0.5078125,-0.25041288075779344,28,1712915078731
1136,0.658203125,1.52734375,0.564453125,0.0,21,1712915078832
1136,0.673828125,1.580078125,0.51953125,0.0,34,1712915078832
1136,0.630859375,1.619140625,0.583984375,0.0,26,1712915078832
1136,0.701171875,1.57421875,0.7265625,0.0,14,1712915078832
1136,0.6328125,1.921875,-0.009765625,0.0,50,1712915078832
1136,0.64453125,1.958984375,-0.03125,0.0,131,1712915078832
1136,0.58984375,2.015625,0.005859375,0.0,207,1712915078832
1136,0.6015625,2.048828125,0.109375,0.0,252,1712915078832
1136,0.611328125,2.076171875,0.216796875,0.0,245,1712915078832
1136,0.623046875,2.107421875,0.275390625,0.0,160,1712915078832
1136,0.6328125,2.1328125,0.34765625,0.0,58,1712915078832
1136,0.71484375,2.169921875,0.16796875,0.0,25,1712915078832
1136,3.0390625,0.0,2.56640625,0.0,35,1712915078832
1136,3.072265625,0.0,2.55078125,0.0,33,1712915078832
1136,0.58984375,2.009765625,0.15625,0.12520644037889672,41,1712915078832
1136,0.6015625,2.029296875,0.302734375,0.12520644037889672,43,1712915078832
1136,0.544921875,2.06640625,0.4140625,0.12520644037889672,38,1712915078832
1136,0.552734375,2.111328125,0.375,0.12520644037889672,24,1712915078832
1136,3.005859375,0.0,2.7578125,0.12520644037889672,37,1712915078832
1136,3.0390625,0.0,2.72265625,0.12520644037889672,66,1712915078832
1136,3.072265625,0.0,2.72265625,0.12520644037889672,64,1712915078832
1136,3.107421875,0.0,2.49609375,0.12520644037889672,30,1712915078832
1136,1.30078125,3.759765625,1.22265625,0.12520644037889672,33,1712915078832
1136,3.005859375,0.0,2.833984375,0.25041288075779344,26,1712915078832
1136,3.1484375,0.0,2.8828125,0.25041288075779344,47,1712915078832
1136,3.072265625,0.0,2.89453125,0.25041288075779344,47,1712915078832
1136,3.107421875,0.0,2.58984375,0.25041288075779344,23,1712915078832
1136,0.673828125,1.63671875,0.291015625,-0.5008257615155869,21,1712915078832
1136,0.744140625,1.640625,0.337890625,-0.5008257615155869,41,1712915078832
1136,0.759765625,1.673828125,0.345703125,-0.5008257615155869,37,1712915078832
1136,0.734375,1.986328125,-0.291015625,-0.5008257615155869,21,1712915078832
1136,0.6796875,1.994140625,-0.544921875,-0.5008257615155869,27,1712915078832
1136,0.69140625,1.994140625,-0.66796875,-0.5008257615155869,20,1712915078832
1136,0.712890625,1.5703125,0.33203125,-0.37561932113669017,54,1712915078832
1136,0.728515625,1.6015625,0.353515625,-0.37561932113669017,98,1712915078832
1136,0.6875,1.646484375,0.421875,-0.37561932113669017,144,1712915078832
1136,0.759765625,1.65234375,0.44140625,-0.37561932113669017,128,1712915078832
1136,0.71484375,1.705078125,0.474609375,-0.37561932113669017,49,1712915078832
1136,0.580078125,1.92578125,-0.451171875,-0.37561932113669017,31,1712915078832
1136,0.58984375,1.95703125,-0.482421875,-0.37561932113669017,60,1712915078832
1136,0.66796875,1.98046875,-0.4453125,-0.37561932113669017,80,1712915078832
1136,0.6796875,2.03125,-0.384765625,-0.37561932113669017,57,1712915078832
1136,0.697265625,1.484375,0.51171875,-0.25041288075779344,23,1712915078832
1136,0.712890625,1.521484375,0.51171875,-0.25041288075779344,72,1712915078832
1136,0.728515625,1.564453125,0.490234375,-0.25041288075779344,122,1712915078832
1136,0.744140625,1.59765625,0.501953125,-0.25041288075779344,160,1712915078832
1136,0.759765625,1.62109375,0.541015625,-0.25041288075779344,127,1712915078832
1136,0.71484375,1.66015625,0.611328125,-0.25041288075779344,44,1712915078832
1136,0.708984375,1.908203125,-0.322265625,-0.25041288075779344,165,1712915078832
1136,0.65625,1.97265625,-0.291015625,-0.25041288075779344,302,1712915078832
1136,0.66796875,2.01953125,-0.205078125,-0.25041288075779344,383,1712915078832
1136,0.6796875,2.064453125,-0.087890625,-0.25041288075779344,349,1712915078832
1136,0.623046875,2.125,0.015625,-0.25041288075779344,209,1712915078832
1136,0.703125,2.134765625,0.14453125,-0.25041288075779344,65,1712915078832
1136,0.71484375,2.173828125,0.099609375,-0.25041288075779344,25,1712915078832
1136,0.712890625,1.4140625,0.7578125,-0.12520644037889672,19,1712915078832
1136,0.728515625,1.5703125,0.474609375,-0.12520644037889672,46,1712915078832
1136,0.744140625,1.60546875,0.4765625,-0.12520644037889672,59,1712915078832
1136,0.701171875,1.640625,0.564453125,-0.12520644037889672,34,1712915078832
1136,0.6328125,1.916015625,-0.16015625,-0.12520644037889672,91,1712915078832
1136,0.64453125,1.951171875,-0.169921875,-0.12520644037889672,243,1712915078832
1136,0.58984375,2.009765625,-0.140625,-0.12520644037889672,403,1712915078832
1136,0.6015625,2.05078125,-0.0390625,-0.12520644037889672,508,1712915078832
1136,0.611328125,2.087890625,0.064453125,-0.12520644037889672,489,1712915078832
1137,0.697265625,1.509765625,0.4296875,0.0,13,1712915078932
1137,0.767578125,1.513671875,0.44921875,0.0,30,1712915078932
1137,0.78515625,1.525390625,0.5234375,0.0,34,1712915078932
1137,0.80078125,1.55078125,0.55859375,0.0,19,1712915078932
1137,0.55859375,1.896484375,-0.18359375,0.0,27,1712915078932
1137,0.568359375,1.931640625,-0.201171875,0.0,127,1712915078932
1137,0.580078125,1.970703125,-0.17578125,0.0,233,1712915078932
1137,0.58984375,2.013671875,-0.0625,0.0,232,1712915078932
1137,0.53515625,2.06640625,0.119140625,0.0,214,1712915078932
1137,0.544921875,2.103515625,0.12890625,0.0,183,1712915078932
1137,0.552734375,2.140625,0.111328125,0.0,108,1712915078932
1137,0.4921875,2.197265625,-0.017578125,0.0,38,1712915078932
1137,3.072265625,0.0,2.103515625,0.0,30,1712915078932
1137,2.802734375,0.0,-3.095703125,0.0,18,1712915078932
1137,2.833984375,0.0,-3.556640625,0.0,21,1712915078932
1137,0.580078125,1.978515625,-0.046875,0.12520644037889672,41,1712915078932
1137,0.58984375,2.013671875,0.0859375,0.12520644037889672,43,1712915078932
1137,0.53515625,2.052734375,0.259765625,0.12520644037889672,43,1712915078932
1137,0.544921875,2.087890625,0.28515625,0.12520644037889672,37,1712915078932
1137,3.1484375,0.0,2.62890625,0.12520644037889672,44,1712915078932
1137,3.072265625,0.0,2.34375,0.12520644037889672,54,1712915078932
1137,3.107421875,1.697265625,0.26953125,0.12520644037889672,28,1712915078932
1137,2.802734375,0.0,-2.91015625,0.12520644037889672,34,1712915078932
1137,2.947265625,0.0,-3.2265625,0.12520644037889672,39,1712915078932
1137,3.072265625,0.0,2.45703125,0.25041288075779344,31,1712915078932
1137,2.802734375,0.0,-2.75,0.25041288075779344,22,1712915078932
1137,2.833984375,0.0,-3.013671875,0.25041288075779344,25,1712915078932
1137,0.87890625,1.45703125,0.439453125,-0.6260322018944836,27,1712915078932
1137,0.896484375,1.494140625,0.423828125,-0.6260322018944836,26,1712915078932
1137,0.859375,1.427734375,0.421875,-0.5008257615155869,28,1712915078932
1137,0.87890625,1.45703125,0.43359375,-0.5008257615155869,60,1712915078932
1137,0.896484375,1.490234375,0.44140625,-0.5008257615155869,66,1712915078932
1137,0.859375,1.556640625,0.443359375,-0.5008257615155869,36,1712915078932
1137,0.708984375,2.005859375,-1.349609375,-0.5008257615155869,25,1712915078932
1137,0.638671875,1.9453125,-1.533203125,-0.5008257615155869,22,1712915078932
1137,0.8046875,1.482421875,0.328125,-0.37561932113669017,32,1712915078932
1137,0.822265625,1.49609375,0.41015625,-0.37561932113669017,79,1712915078932
1137,0.841796875,1.525390625,0.427734375,-0.37561932113669017,88,1712915078932
1137,0.80078125,1.58203125,0.462890625,-0.37561932113669017,44,1712915078932
1137,0.6328125,1.853515625,-0.509765625,-0.37561932113669017,53,1712915078932
1137,0.708984375,1.849609375,-0.57421875,-0.37561932113669017,103,1712915078932
1137,0.72265625,1.90234375,-0.51953125,-0.37561932113669017,128,1712915078932
1137,0.66796875,1.9921875,-0.39453125,-0.37561932113669017,110,1712915078932
1137,0.611328125,2.0625,-0.32421875,-0.37561932113669017,66,1712915078932
1137,0.751953125,1.505859375,0.34375,-0.25041288075779344,29,1712915078932
1137,0.822265625,1.5,0.3984375,-0.25041288075779344,70,1712915078932
1137,0.841796875,1.517578125,0.45703125,-0.25041288075779344,70,1712915078932
1137,0.859375,1.5546875,0.451171875,-0.25041288075779344,25,1712915078932
1137,0.6328125,1.875,-0.419921875,-0.25041288075779344,214,1712915078932
1137,0.64453125,1.908203125,-0.439453125,-0.25041288075779344,404,1712915078932
1137,0.65625,1.962890625,-0.349609375,-0.25041288075779344,461,1712915078932
1137,0.6015625,2.04296875,-0.189453125,-0.25041288075779344,429,1712915078932
1137,0.611328125,2.08203125,-0.16796875,-0.25041288075779344,311,1712915078932
1137,0.552734375,2.138671875,-0.140625,-0.25041288075779344,169,1712915078932
1137,0.4921875,2.189453125,-0.1875,-0.25041288075779344,55,1712915078932
1137,0.751953125,1.49609375,0.38671875,-0.12520644037889672,29,1712915078932
1137,0.822265625,1.494140625,0.416015625,-0.12520644037889672,70,1712915078932
1137,0.841796875,1.51953125,0.451171875,-0.12520644037889672,77,1712915078932
1137,0.859375,1.5390625,0.498046875,-0.12520644037889672,41,1712915078932
1137,0.62109375,1.86328125,-0.294921875,-0.12520644037889672,58,1712915078932
1137,0.568359375,1.91796875,-0.30859375,-0.12520644037889672,266,1712915078932
1137,0.64453125,1.93359375,-0.310546875,-0.12520644037889672,491,1712915078932
1137,0.58984375,2.00390625,-0.20703125,-0.12520644037889672,516,1712915078932
1137,0.6015625,2.05078125,-0.03125,-0.12520644037889672,483,1712915078932
1138,0.49609375,1.91015625,-0.2109375,0.0,65,1712915079032
1138,0.505859375,1.951171875,-0.1796875,0.0,176,1712915079032
1138,0.515625,1.98828125,-0.1796875,0.0,231,1712915079032
1138,0.58984375,1.990234375,-0.318359375,0.0,123,1712915079032
1138,0.400390625,2.046875,0.470703125,0.0,85,1712915079032
1138,0.4765625,2.11328125,0.205078125,0.0,145,1712915079032
1138,0.484375,2.15625,0.142578125,0.0,80,1712915079032
1138,2.962890625,0.0,2.51953125,0.0,30,1712915079032
1138,2.99609375,0.0,2.419921875,0.0,26,1712915079032
1138,0.505859375,1.958984375,-0.052734375,0.12520644037889672,37,1712915079032
1138,0.515625,1.99609375,0.005859375,0.12520644037889672,48,1712915079032
1138,0.525390625,2.029296875,-0.1328125,0.12520644037889672,26,1712915079032
1138,0.408203125,2.1015625,0.390625,0.12520644037889672,30,1712915079032
1138,2.931640625,0.0,2.572265625,0.12520644037889672,32,1712915079032
1138,2.853515625,0.0,2.67578125,0.12520644037889672,52,1712915079032
1138,2.99609375,0.0,2.62890625,0.12520644037889672,45,1712915079032
1138,2.916015625,0.0,3.05078125,0.12520644037889672,25,1712915079032
1138,2.720703125,0.0,-3.513671875,0.12520644037889672,24,1712915079032
1138,2.822265625,0.0,2.634765625,0.25041288075779344,19,1712915079032
1138,2.853515625,0.0,2.828125,0.25041288075779344,30,1712915079032
1138,2.99609375,0.0,2.83203125,0.25041288075779344,26,1712915079032
1138,0.859375,1.416015625,0.453125,-0.6260322018944836,29,1712915079032
1138,0.87890625,1.435546875,0.5,-0.6260322018944836,26,1712915079032
1138,0.896484375,1.494140625,0.4296875,-0.6260322018944836,15,1712915079032
1138,0.787109375,1.453125,0.30078125,-0.5008257615155869,35,1712915079032
1138,0.8046875,1.458984375,0.4140625,-0.5008257615155869,64,1712915079032
1138,0.767578125,1.28515625,0.91796875,-0.5008257615155869,47,1712915079032
1138,0.6171875,1.15625,1.2265625,-0.5008257615155869,14,1712915079032
1138,0.787109375,1.466796875,0.220703125,-0.37561932113669017,37,1712915079032
1138,0.751953125,1.52734375,0.236328125,-0.37561932113669017,82,1712915079032
1138,0.767578125,1.560546875,0.24609375,-0.37561932113669017,78,1712915079032
1138,0.728515625,1.609375,0.30859375,-0.37561932113669017,32,1712915079032
1138,0.568359375,1.83984375,-0.623046875,-0.37561932113669017,94,1712915079032
1138,0.64453125,1.8671875,-0.58984375,-0.37561932113669017,143,1712915079032
1138,0.72265625,1.86328125,-0.64453125,-0.37561932113669017,117,1712915079032
1138,0.734375,1.830078125,-0.826171875,-0.37561932113669017,48,1712915079032
1138,0.751953125,1.50390625,0.3515625,-0.25041288075779344,39,1712915079032
1138,0.767578125,1.53125,0.388671875,-0.25041288075779344,47,1712915079032
1138,0.728515625,1.580078125,0.439453125,-0.25041288075779344,29,1712915079032
1138,0.55859375,1.83984375,-0.494140625,-0.25041288075779344,130,1712915079032
1138,0.568359375,1.88671875,-0.4609375,-0.25041288075779344,361,1712915079032
1138,0.580078125,1.92578125,-0.453125,-0.25041288075779344,505,1712915079032
1138,0.72265625,1.900390625,-0.5234375,-0.25041288075779344,339,1712915079032
1138,0.267578125,2.06640625,0.482421875,-0.25041288075779344,121,1712915079032
1138,0.4765625,2.12109375,-0.099609375,-0.25041288075779344,194,1712915079032
1138,0.484375,2.14453125,-0.267578125,-0.25041288075779344,75,1712915079032
1138,0.609375,1.810546875,-0.375,-0.12520644037889672,21,1712915079032
1138,0.49609375,1.890625,-0.34375,-0.12520644037889672,145,1712915079032
1138,0.505859375,1.931640625,-0.326171875,-0.12520644037889672,399,1712915079032
1138,0.515625,1.970703125,-0.322265625,-0.12520644037889672,537,1712915079032
1138,0.58984375,1.966796875,-0.439453125,-0.12520644037889672,319,1712915079032
1138,0.333984375,2.05859375,0.47265625,-0.12520644037889672,158,1712915079032
1138,0.4765625,2.123046875,0.056640625,-0.12520644037889672,280,1712915079032
1138,0.484375,2.16015625,-0.06640625,-0.12520644037889672,136,1712915079032
1138,-2.822265625,1.7265625,-1.060546875,0.12520644037889672,17,1712915079032
1138,-3.02734375,1.923828125,0.103515625,0.12520644037889672,17,1712915079032
1138,-3.060546875,1.93359375,0.216796875,0.12520644037889672,21,1712915079032
1138,-2.822265625,1.791015625,-0.947265625,0.25041288075779344,11,1712915079032
1138,-2.962890625,1.720703125,-0.76953125,0.25041288075779344,16,1712915079032
1138,1.12109375,1.400390625,-0.05859375,-0.5008257615155869,9,1712915079032
1138,0.06640625,1.98828125,0.783203125,-0.37561932113669017,32,1712915079032
1138,0.869140625,1.712890625,-0.9375,-0.25041288075779344,91,1712915079032
1139,0.697265625,1.44140625,0.62109375,0.0,19,1712915079132
1139,0.712890625,1.443359375,0.701171875,0.0,18,1712915079132
1139,0.43359375,1.830078125,-0.63671875,0.0,41,1712915079132
1139,0.443359375,1.8046875,-0.80078125,0.0,63,1712915079132
1139,0.451171875,1.87109375,-0.736328125,0.0,62,1712915079132
1139,0.458984375,1.953125,-0.62109375,0.0,40,1712915079132
1139,2.931640625,0.0,2.208984375,0.0,22,1712915079132
1139,2.962890625,0.0,2.1953125,0.0,35,1712915079132
1139,2.99609375,0.0,2.01953125,0.0,28,1712915079132
1139,2.822265625,0.0,2.509765625,0.12520644037889672,45,1712915079132
1139,2.853515625,0.0,2.4375,0.12520644037889672,75,1712915079132
1139,2.99609375,0.0,2.328125,0.12520644037889672,68,1712915079132
1139,2.916015625,0.0,2.5234375,0.12520644037889672,37,1712915079132
1139,2.822265625,0.0,2.6796875,0.25041288075779344,37,1712915079132
1139,2.853515625,0.0,2.6875,0.25041288075779344,66,1712915079132
1139,2.884765625,0.0,2.646484375,0.25041288075779344,68,1712915079132
1139,2.916015625,0.0,2.67578125,0.25041288075779344,40,1712915079132
1139,2.744140625,0.0,2.943359375,0.37561932113669017,17,1712915079132
1139,2.7734375,0.0,3.001953125,0.37561932113669017,20,1712915079132
1139,0.150390625,2.34765625,-0.501953125,-0.7512386422733803,18,1712915079132
1139,0.15234375,2.326171875,-0.734375,-0.7512386422733803,32,1712915079132
1139,0.154296875,2.349609375,-0.78125,-0.7512386422733803,31,1712915079132
1139,0.078125,2.392578125,-0.78515625,-0.7512386422733803,19,1712915079132
1139,0.15234375,2.39453125,-0.466796875,-0.6260322018944836,28,1712915079132
1139,0.078125,2.4296875,-0.498046875,-0.6260322018944836,29,1712915079132
1139,0.76953125,1.439453125,0.17578125,-0.5008257615155869,40,1712915079132
1139,0.787109375,1.47265625,0.1875,-0.5008257615155869,114,1712915079132
1139,0.8046875,1.505859375,0.19140625,-0.5008257615155869,154,1712915079132
1139,0.822265625,1.5390625,0.1953125,-0.5008257615155869,104,1712915079132
1139,0.78515625,1.609375,0.123046875,-0.5008257615155869,35,1712915079132
1139,0.58984375,2.01171875,-0.109375,-0.5008257615155869,36,1712915079132
1139,0.53515625,2.064453125,-0.142578125,-0.5008257615155869,36,1712915079132
1139,-3.671875,2.109375,-1.00390625,-0.5008257615155869,20,1712915079132
1139,0.71875,1.44921875,0.275390625,-0.37561932113669017,76,1712915079132
1139,0.787109375,1.455078125,0.28515625,-0.37561932113669017,220,1712915079132
1139,0.751953125,1.51171875,0.31640625,-0.37561932113669017,316,1712915079132
1139,0.767578125,1.546875,0.322265625,-0.37561932113669017,229,1712915079132
1139,0.78515625,1.583984375,0.306640625,-0.37561932113669017,80,1712915079132
1139,0.505859375,1.955078125,-0.119140625,-0.37561932113669017,133,1712915079132
1139,0.515625,1.98828125,-0.166015625,-0.37561932113669017,138,1712915079132
1139,0.525390625,2.0,-0.361328125,-0.37561932113669017,78,1712915079132
1139,0.466796875,2.076171875,-0.208984375,-0.37561932113669017,81,1712915079132
1139,0.408203125,2.123046875,-0.24609375,-0.37561932113669017,38,1712915079132
1139,0.71875,1.427734375,0.373046875,-0.25041288075779344,44,1712915079132
1139,0.734375,1.453125,0.408203125,-0.25041288075779344,136,1712915079132
1139,0.751953125,1.486328125,0.423828125,-0.25041288075779344,203,1712915079132
1139,0.767578125,1.515625,0.4453125,-0.25041288075779344,157,1712915079132
1139,0.78515625,1.552734375,0.439453125,-0.25041288075779344,58,1712915079132
1139,0.49609375,1.8515625,-0.515625,-0.25041288075779344,125,1712915079132
1139,0.505859375,1.94921875,-0.19921875,-0.25041288075779344,267,1712915079132
1139,0.451171875,2.00390625,-0.1640625,-0.25041288075779344,284,1712915079132
1139,0.458984375,2.015625,-0.373046875,-0.25041288075779344,186,1712915079132
1139,0.466796875,2.0703125,-0.25390625,-0.25041288075779344,113,1712915079132
1139,0.43359375,1.80859375,-0.693359375,-0.12520644037889672,112,1712915079132
1139,0.443359375,1.8046875,-0.80078125,-0.12520644037889672,199,1712915079132
1139,0.451171875,1.810546875,-0.875,-0.12520644037889672,208,1712915079132
1139,0.458984375,1.927734375,-0.6953125,-0.12520644037889672,140,1712915079132
1139,-0.373046875,1.283203125,1.46875,0.0,21,1712915079132
1139,-0.31640625,1.5234375,1.29296875,0.0,36,1712915079132
1139,-0.322265625,1.61328125,1.2421875,0.0,37,1712915079132
1139,-0.39453125,1.630859375,1.26171875,0.0,23,1712915079132
1139,-2.853515625,1.73828125,-1.083984375,0.12520644037889672,39,1712915079132
1139,-2.916015625,1.9296875,-0.80859375,0.12520644037889672,21,1712915079132
1139,-2.931640625,1.70703125,-0.751953125,0.25041288075779344,19,1712915079132
1140,0.525390625,1.583984375,0.193359375,0.0,22,1712915079233
1140,0.58984375,1.60546875,0.162109375,0.0,25,1712915079233
1140,0.658203125,1.61328125,0.21875,0.0,16,1712915079233
1140,0.38671875,2.01171875,-0.2265625,0.0,37,1712915079233
1140,2.744140625,0.0,2.8671875,0.0,25,1712915079233
1140,2.884765625,0.0,2.904296875,0.0,25,1712915079233
1140,0.666015625,1.4296875,0.453125,0.12520644037889672,21,1712915079233
1140,0.681640625,1.462890625,0.462890625,0.12520644037889672,52,1712915079233
1140,0.697265625,1.505859375,0.4453125,0.12520644037889672,73,1712915079233
1140,0.712890625,1.53515625,0.46875,0.12520644037889672,57,1712915079233
1140,0.673828125,1.58984375,0.490234375,0.12520644037889672,21,1712915079233
1140,2.822265625,0.0,3.236328125,0.12520644037889672,25,1712915079233
1140,2.853515625,0.0,3.11328125,0.12520644037889672,49,1712915079233
1140,2.884765625,0.0,3.056640625,0.12520644037889672,53,1712915079233
1140,2.802734375,0.0,2.87890625,0.12520644037889672,33,1712915079233
1140,0.681640625,1.42578125,0.5703125,0.25041288075779344,35,1712915079233
1140,0.697265625,1.46484375,0.5625,0.25041288075779344,51,1712915079233
1140,0.658203125,1.501953125,0.626953125,0.25041288075779344,38,1712915079233
1140,2.71484375,0.0,3.453125,0.25041288075779344,15,1712915079233
1140,2.853515625,0.0,3.296875,0.25041288075779344,36,1712915079233
1140,2.7734375,0.0,3.060546875,0.25041288075779344,47,1712915079233
1140,2.802734375,0.0,2.916015625,0.25041288075779344,40,1712915079233
1140,2.833984375,0.0,2.685546875,0.25041288075779344,20,1712915079233
1140,2.662109375,0.0,3.130859375,0.37561932113669017,19,1712915079233
1140,2.69140625,0.0,3.05078125,0.37561932113669017,19,1712915079233
1140,0.0,2.236328125,-0.7734375,-0.876445082652277,35,1712915079233
1140,0.0,2.271484375,-0.79296875,-0.876445082652277,37,1712915079233
1140,0.0,2.314453125,-0.783203125,-0.876445082652277,19,1712915079233
1140,0.0,2.28515625,-0.619140625,-0.7512386422733803,39,1712915079233
1140,0.0,2.326171875,-0.611328125,-0.7512386422733803,46,1712915079233
1140,0.0,2.361328125,-0.630859375,-0.7512386422733803,27,1712915079233
1140,0.21875,2.197265625,-0.73828125,-0.6260322018944836,62,1712915079233
1140,0.22265625,2.25,-0.697265625,-0.6260322018944836,97,1712915079233
1140,0.224609375,2.291015625,-0.697265625,-0.6260322018944836,73,1712915079233
1140,0.228515625,2.34375,-0.654296875,-0.6260322018944836,26,1712915079233
1140,0.658203125,1.626953125,-0.033203125,-0.5008257615155869,21,1712915079233
1140,0.6171875,1.685546875,-0.021484375,-0.5008257615155869,19,1712915079233
1140,0.64453125,1.892578125,-0.50390625,-0.5008257615155869,61,1712915079233
1140,0.58984375,1.978515625,-0.376953125,-0.5008257615155869,75,1712915079233
1140,0.21484375,2.181640625,-0.6640625,-0.5008257615155869,30,1712915079233
1140,0.21875,2.244140625,-0.580078125,-0.5008257615155869,114,1712915079233
1140,0.22265625,2.2890625,-0.556640625,-0.5008257615155869,177,1712915079233
1140,0.150390625,2.337890625,-0.544921875,-0.5008257615155869,132,1712915079233
1140,0.076171875,2.373046875,-0.57421875,-0.5008257615155869,43,1712915079233
1140,-3.607421875,2.16015625,-0.7734375,-0.5008257615155869,33,1712915079233
1140,-3.775390625,1.931640625,-0.79296875,-0.5008257615155869,29,1712915079233
1140,0.41796875,1.83984375,-0.28515625,-0.37561932113669017,33,1712915079233
1140,0.42578125,1.84375,-0.455078125,-0.37561932113669017,156,1712915079233
1140,0.43359375,1.88671875,-0.435546875,-0.37561932113669017,351,1712915079233
1140,0.37890625,1.9375,-0.439453125,-0.37561932113669017,345,1712915079233
1140,0.708984375,1.9296875,-0.166015625,-0.37561932113669017,89,1712915079233
1140,0.458984375,2.04296875,-0.1484375,-0.37561932113669017,267,1712915079233
1140,0.466796875,2.08203125,-0.119140625,-0.37561932113669017,239,1712915079233
1140,0.4765625,2.123046875,-0.0234375,-0.37561932113669017,88,1712915079233
1140,0.142578125,2.224609375,-0.529296875,-0.37561932113669017,22,1712915079233
1140,0.21875,2.275390625,-0.44140625,-0.37561932113669017,61,1712915079233
1140,0.1484375,2.330078125,-0.392578125,-0.37561932113669017,87,1712915079233
1140,0.150390625,2.3671875,-0.400390625,-0.37561932113669017,63,1712915079233
1140,0.578125,1.55078125,0.28515625,-0.25041288075779344,61,1712915079233
1140,0.64453125,1.568359375,0.271484375,-0.25041288075779344,72,1712915079233
1140,0.658203125,1.607421875,0.26171875,-0.25041288075779344,41,1712915079233
1140,0.42578125,1.86328125,-0.3671875,-0.25041288075779344,268,1712915079233
1140,0.373046875,1.921875,-0.33203125,-0.25041288075779344,619,1712915079233
1140,0.37890625,1.9609375,-0.32421875,-0.25041288075779344,632,1712915079233
1141,0.41015625,1.564453125,0.283203125,0.0,52,1712915079333
1141,0.3671875,1.6171875,0.263671875,0.0,136,1712915079333
1141,0.4296875,1.642578125,0.26171875,0.0,158,1712915079333
1141,0.439453125,1.6796875,0.26171875,0.0,79,1712915079333
1141,0.44921875,1.69921875,0.359375,0.0,14,1712915079333
1141,0.41015625,1.55078125,0.3515625,0.12520644037889672,82,1712915079333
1141,0.3671875,1.603515625,0.34375,0.12520644037889672,225,1712915079333
1141,0.375,1.640625,0.34375,0.12520644037889672,265,1712915079333
1141,0.439453125,1.6640625,0.345703125,0.12520644037889672,141,1712915079333
1141,0.392578125,1.716796875,0.341796875,0.12520644037889672,26,1712915079333
1141,0.359375,1.541015625,0.439453125,0.25041288075779344,45,1712915079333
1141,0.3671875,1.5703125,0.46875,0.25041288075779344,119,1712915079333
1141,0.4296875,1.58984375,0.486328125,0.25041288075779344,136,1712915079333
1141,0.439453125,1.6171875,0.525390625,0.25041288075779344,70,1712915079333
1141,2.76953125,0.0,-2.9609375,0.25041288075779344,30,1712915079333
1141,2.802734375,0.0,-3.044921875,0.25041288075779344,36,1712915079333
1141,2.833984375,0.0,-3.080078125,0.25041288075779344,24,1712915079333
1141,2.580078125,0.0,2.94140625,0.25041288075779344,24,1712915079333
1141,0.314453125,1.611328125,0.35546875,0.37561932113669017,26,1712915079333
1141,0.322265625,1.646484375,0.373046875,0.37561932113669017,57,1712915079333
1141,0.384765625,1.677734375,0.34375,0.37561932113669017,71,1712915079333
1141,0.392578125,1.71875,0.33203125,0.37561932113669017,55,1712915079333
1141,0.34375,1.767578125,0.341796875,0.37561932113669017,22,1712915079333
1141,2.76953125,0.0,-2.82421875,0.37561932113669017,20,1712915079333
1141,2.802734375,0.0,-2.919921875,0.37561932113669017,24,1712915079333
1141,0.314453125,1.591796875,0.43359375,0.5008257615155869,42,1712915079333
1141,0.322265625,1.630859375,0.4375,0.5008257615155869,60,1712915079333
1141,0.330078125,1.671875,0.427734375,0.5008257615155869,70,1712915079333
1141,0.3359375,1.705078125,0.443359375,0.5008257615155869,63,1712915079333
1141,0.400390625,1.73828125,0.41796875,0.5008257615155869,28,1712915079333
1141,0.3671875,1.57421875,0.455078125,0.6260322018944836,24,1712915079333
1141,0.322265625,1.611328125,0.5,0.6260322018944836,25,1712915079333
1141,0.330078125,1.642578125,0.529296875,0.6260322018944836,24,1712915079333
1141,0.3359375,1.6640625,0.580078125,0.6260322018944836,24,1712915079333
1141,0.0,2.107421875,-0.89453125,-0.7512386422733803,38,1712915079333
1141,0.0,2.173828125,-0.833984375,-0.7512386422733803,49,1712915079333
1141,0.0,2.212890625,-0.837890625,-0.7512386422733803,33,1712915079333
1141,0.505859375,1.92578125,-0.361328125,-0.6260322018944836,49,1712915079333
1141,0.451171875,1.9921875,-0.28125,-0.6260322018944836,49,1712915079333
1141,0.0703125,2.078125,-0.86328125,-0.6260322018944836,46,1712915079333
1141,0.072265625,2.166015625,-0.744140625,-0.6260322018944836,117,1712915079333
1141,0.0,2.220703125,-0.69921875,-0.6260322018944836,147,1712915079333
1141,0.0,2.259765625,-0.703125,-0.6260322018944836,94,1712915079333
1141,0.0,2.296875,-0.71484375,-0.6260322018944836,30,1712915079333
1141,0.537109375,1.630859375,0.013671875,-0.5008257615155869,30,1712915079333
1141,0.494140625,1.685546875,-0.021484375,-0.5008257615155869,27,1712915079333
1141,0.42578125,1.83984375,-0.474609375,-0.5008257615155869,61,1712915079333
1141,0.43359375,1.8984375,-0.384765625,-0.5008257615155869,160,1712915079333
1141,0.443359375,1.94921875,-0.31640625,-0.5008257615155869,231,1712915079333
1141,0.451171875,1.99609375,-0.24609375,-0.5008257615155869,196,1712915079333
1141,0.39453125,2.05859375,-0.140625,-0.5008257615155869,118,1712915079333
1141,0.0703125,2.1171875,-0.767578125,-0.5008257615155869,56,1712915079333
1141,0.072265625,2.1953125,-0.6484375,-0.5008257615155869,137,1712915079333
1141,0.072265625,2.251953125,-0.5859375,-0.5008257615155869,167,1712915079333
1141,0.07421875,2.29296875,-0.583984375,-0.5008257615155869,104,1712915079333
1141,0.0,2.328125,-0.603515625,-0.5008257615155869,31,1712915079333
1141,0.3515625,1.8359375,-0.087890625,-0.37561932113669017,19,1712915079333
1141,0.41796875,1.79296875,-0.5078125,-0.37561932113669017,81,1712915079333
1141,0.365234375,1.85546875,-0.4609375,-0.37561932113669017,257,1712915079333
1141,0.373046875,1.91796875,-0.35546875,-0.37561932113669017,445,1712915079333
1141,0.37890625,1.97265625,-0.236328125,-0.37561932113669017,484,1712915079333
1141,0.38671875,2.021484375,-0.107421875,-0.37561932113669017,350,1712915079333
1141,0.328125,2.07421875,0.017578125,-0.37561932113669017,210,1712915079333
1141,0.333984375,2.109375,0.0859375,-0.37561932113669017,112,1712915079333
1142,0.3515625,1.54296875,0.25390625,0.0,23,1712915079433
1142,0.30859375,1.59375,0.248046875,0.0,116,1712915079433
1142,0.314453125,1.62890625,0.265625,0.0,214,1712915079433
1142,0.322265625,1.662109375,0.287109375,0.0,181,1712915079433
1142,0.2734375,1.708984375,0.30078125,0.0,66,1712915079433
1142,0.12109375,1.9140625,-0.333984375,0.0,68,1712915079433
1142,0.125,1.978515625,-0.083984375,0.0,94,1712915079433
1142,0.126953125,2.015625,0.111328125,0.0,94,1712915079433
1142,0.193359375,2.048828125,0.134765625,0.0,76,1712915079433
1142,0.197265625,2.083984375,0.16015625,0.0,57,1712915079433
1142,0.1328125,2.123046875,0.2109375,0.0,24,1712915079433
1142,0.26171875,1.634765625,0.28515625,0.12520644037889672,42,1712915079433
1142,0.21484375,1.689453125,0.228515625,0.12520644037889672,67,1712915079433
1142,0.21875,1.732421875,0.193359375,0.12520644037889672,59,1712915079433
1142,0.224609375,1.77734375,0.08984375,0.12520644037889672,25,1712915079433
1142,0.052734375,1.62890625,0.404296875,0.25041288075779344,25,1712915079433
1142,0.16015625,1.685546875,0.28515625,0.25041288075779344,64,1712915079433
1142,0.1640625,1.720703125,0.3125,0.25041288075779344,70,1712915079433
1142,0.16796875,1.765625,0.27734375,0.25041288075779344,37,1712915079433
1142,0.2109375,1.64453125,0.267578125,0.37561932113669017,50,1712915079433
1142,0.21484375,1.68359375,0.265625,0.37561932113669017,86,1712915079433
1142,0.21875,1.720703125,0.2734375,0.37561932113669017,62,1712915079433
1142,0.16796875,1.73828125,0.4140625,0.37561932113669017,20,1712915079433
1142,0.158203125,1.626953125,0.38671875,0.5008257615155869,30,1712915079433
1142,0.16015625,1.6640625,0.396484375,0.5008257615155869,58,1712915079433
1142,0.21875,1.69921875,0.3828125,0.5008257615155869,59,1712915079433
1142,0.16796875,1.767578125,0.263671875,0.5008257615155869,56,1712915079433
1142,0.171875,1.810546875,0.228515625,0.5008257615155869,53,1712915079433
1142,0.1171875,1.84765625,0.26953125,0.5008257615155869,27,1712915079433
1142,0.1640625,1.708984375,0.37109375,0.6260322018944836,46,1712915079433
1142,0.16796875,1.75,0.359375,0.6260322018944836,101,1712915079433
1142,0.115234375,1.7890625,0.380859375,0.6260322018944836,111,1712915079433
1142,0.1171875,1.830078125,0.3671875,0.6260322018944836,60,1712915079433
1142,0.109375,1.69921875,0.42578125,0.7512386422733803,29,1712915079433
1142,0.111328125,1.72265625,0.48828125,0.7512386422733803,61,1712915079433
1142,0.115234375,1.759765625,0.5,0.7512386422733803,66,1712915079433
1142,0.1171875,1.80859375,0.4609375,0.7512386422733803,36,1712915079433
1142,-3.806640625,1.751953125,-0.287109375,-0.6260322018944836,29,1712915079433
1142,0.41015625,1.58984375,-0.029296875,-0.5008257615155869,29,1712915079433
1142,0.419921875,1.626953125,-0.03515625,-0.5008257615155869,58,1712915079433
1142,0.4296875,1.662109375,-0.0390625,-0.5008257615155869,54,1712915079433
1142,0.384765625,1.712890625,-0.021484375,-0.5008257615155869,21,1712915079433
1142,-3.806640625,1.775390625,-0.046875,-0.5008257615155869,32,1712915079433
1142,0.451171875,1.5390625,0.0390625,-0.37561932113669017,26,1712915079433
1142,0.41015625,1.58984375,0.0390625,-0.37561932113669017,149,1712915079433
1142,0.419921875,1.625,0.044921875,-0.37561932113669017,307,1712915079433
1142,0.4296875,1.662109375,0.044921875,-0.37561932113669017,293,1712915079433
1142,0.439453125,1.69921875,0.041015625,-0.37561932113669017,123,1712915079433
1142,0.3046875,1.8515625,-0.51953125,-0.37561932113669017,163,1712915079433
1142,0.310546875,1.900390625,-0.482421875,-0.37561932113669017,125,1712915079433
1142,-0.140625,2.099609375,-0.802734375,-0.37561932113669017,45,1712915079433
1142,-0.142578125,2.125,-0.841796875,-0.37561932113669017,43,1712915079433
1142,0.400390625,1.55078125,0.076171875,-0.25041288075779344,47,1712915079433
1142,0.41015625,1.5859375,0.111328125,-0.25041288075779344,266,1712915079433
1142,0.419921875,1.62109375,0.123046875,-0.25041288075779344,536,1712915079433
1142,0.4296875,1.658203125,0.130859375,-0.25041288075779344,494,1712915079433
1142,0.439453125,1.6953125,0.13671875,-0.25041288075779344,197,1712915079433
1142,-0.392578125,0.25390625,-1.732421875,-0.25041288075779344,19,1712915079433
1142,0.298828125,1.8203125,-0.48828125,-0.25041288075779344,159,1712915079433
1142,0.244140625,1.8515625,-0.546875,-0.25041288075779344,259,1712915079433
1142,0.248046875,1.908203125,-0.4921875,-0.25041288075779344,237,1712915079433
1142,0.126953125,2.01953125,-0.056640625,-0.25041288075779344,184,1712915079433
1142,0.12890625,2.056640625,0.0625,-0.25041288075779344,142,1712915079433
1142,0.130859375,2.095703125,-0.017578125,-0.25041288075779344,83,1712915079433
1143,0.10546875,1.654296875,0.27734375,0.0,22,1712915079534
1143,0.052734375,1.70703125,0.185546875,0.0,32,1712915079534
1143,0.0546875,1.751953125,0.11328125,0.0,27,1712915079534
1143,0.115234375,1.8125,-0.240234375,0.0,19,1712915079534
1143,0.17578125,1.818359375,-0.40625,0.0,89,1712915079534
1143,0.1796875,1.865234375,-0.3671875,0.0,228,1712915079534
1143,0.181640625,1.912109375,-0.318359375,0.0,274,1712915079534
1143,0.125,1.9765625,0.123046875,0.0,174,1712915079534
1143,0.0625,2.005859375,0.263671875,0.0,106,1712915079534
1143,0.193359375,2.04296875,0.19140625,0.0,49,1712915079534
1143,0.052734375,1.646484375,0.32421875,0.12520644037889672,25,1712915079534
1143,0.052734375,1.6953125,0.26953125,0.12520644037889672,56,1712915079534
1143,0.0546875,1.740234375,0.236328125,0.12520644037889672,56,1712915079534
1143,0.0,1.78515625,0.181640625,0.12520644037889672,30,1712915079534
1143,0.0,1.828125,0.126953125,0.12520644037889672,18,1712915079534
1143,0.0,1.87109375,-0.001953125,0.12520644037889672,29,1712915079534
1143,0.119140625,1.896484375,-0.19140625,0.12520644037889672,54,1712915079534
1143,0.12109375,1.93359375,-0.19921875,0.12520644037889672,62,1712915079534
1143,0.185546875,1.962890625,-0.234375,0.12520644037889672,35,1712915079534
1143,0.0,1.681640625,0.35546875,0.25041288075779344,33,1712915079534
1143,0.0546875,1.728515625,0.306640625,0.25041288075779344,40,1712915079534
1143,0.0,1.78125,0.212890625,0.25041288075779344,45,1712915079534
1143,0.0,1.82421875,0.177734375,0.25041288075779344,89,1712915079534
1143,-0.05859375,1.861328125,0.17578125,0.25041288075779344,127,1712915079534
1143,0.0,1.904296875,0.126953125,0.25041288075779344,94,1712915079534
1143,0.0,1.9453125,0.068359375,0.25041288075779344,36,1712915079534
1143,-3.435546875,1.275390625,0.00390625,0.25041288075779344,20,1712915079534
1143,0.0,1.73828125,0.24609375,0.37561932113669017,18,1712915079534
1143,0.0,1.779296875,0.2265625,0.37561932113669017,66,1712915079534
1143,-0.056640625,1.81640625,0.240234375,0.37561932113669017,150,1712915079534
1143,-0.05859375,1.853515625,0.244140625,0.37561932113669017,182,1712915079534
1143,-0.060546875,1.89453125,0.2265625,0.37561932113669017,110,1712915079534
1143,0.0,1.939453125,0.17578125,0.37561932113669017,27,1712915079534
1143,0.0,1.7734375,0.2734375,0.5008257615155869,78,1712915079534
1143,0.0,1.80859375,0.296875,0.5008257615155869,155,1712915079534
1143,-0.05859375,1.845703125,0.30078125,0.5008257615155869,154,1712915079534
1143,0.0,1.88671875,0.287109375,0.5008257615155869,73,1712915079534
1143,0.0,1.755859375,0.3671875,0.6260322018944836,40,1712915079534
1143,-0.056640625,1.7890625,0.388671875,0.6260322018944836,72,1712915079534
1143,-0.05859375,1.830078125,0.3828125,0.6260322018944836,62,1712915079534
1143,-0.060546875,1.861328125,0.416015625,0.6260322018944836,25,1712915079534
1143,0.30078125,1.57421875,0.05078125,-0.37561932113669017,21,1712915079534
1143,0.30859375,1.611328125,0.0546875,-0.37561932113669017,49,1712915079534
1143,0.314453125,1.650390625,0.0390625,-0.37561932113669017,52,1712915079534
1143,0.267578125,1.697265625,0.03515625,-0.37561932113669017,25,1712915079534
1143,0.29296875,1.72265625,-0.666015625,-0.37561932113669017,61,1712915079534
1143,0.23828125,1.78515625,-0.630859375,-0.37561932113669017,117,1712915079534
1143,0.244140625,1.8359375,-0.599609375,-0.37561932113669017,102,1712915079534
1143,0.248046875,1.939453125,-0.34765625,-0.37561932113669017,72,1712915079534
1143,0.251953125,1.958984375,-0.435546875,-0.37561932113669017,103,1712915079534
1143,0.2578125,2.0234375,-0.296875,-0.37561932113669017,65,1712915079534
1143,0.25,1.578125,0.140625,-0.25041288075779344,26,1712915079534
1143,0.255859375,1.61328125,0.154296875,-0.25041288075779344,66,1712915079534
1143,0.26171875,1.65234375,0.14453125,-0.25041288075779344,75,1712915079534
1143,0.267578125,1.693359375,0.115234375,-0.25041288075779344,39,1712915079534
1143,0.28125,1.771484375,0.048828125,-0.25041288075779344,24,1712915079534
1143,0.228515625,1.80078125,-0.255859375,-0.25041288075779344,51,1712915079534
1143,0.17578125,1.76171875,-0.603515625,-0.25041288075779344,177,1712915079534
1143,0.23828125,1.802734375,-0.580078125,-0.25041288075779344,412,1712915079534
1143,0.244140625,1.853515625,-0.546875,-0.25041288075779344,443,1712915079534
1143,0.248046875,1.96484375,-0.142578125,-0.25041288075779344,274,1712915079534
1143,0.189453125,2.005859375,-0.189453125,-0.25041288075779344,266,1712915079534
1143,0.193359375,2.046875,-0.154296875,-0.25041288075779344,157,1712915079534
1143,0.255859375,1.603515625,0.23828125,-0.12520644037889672,36,1712915079534
1144,0.154296875,1.611328125,0.267578125,0.0,19,1712915079634
1144,0.052734375,1.642578125,0.345703125,0.0,24,1712915079634
1144,0.0,1.671875,0.392578125,0.0,43,1712915079634
1144,0.0,1.71875,0.357421875,0.0,49,1712915079634
1144,0.0,1.767578125,0.302734375,0.0,28,1712915079634
1144,0.056640625,1.8203125,-0.20703125,0.0,42,1712915079634
1144,0.05859375,1.84765625,-0.283203125,0.0,157,1712915079634
1144,0.060546875,1.892578125,-0.23828125,0.0,290,1712915079634
1144,0.060546875,1.935546875,-0.193359375,0.0,283,1712915079634
1144,0.125,1.97265625,-0.1796875,0.0,138,1712915079634
1144,0.0625,2.0078125,-0.23828125,0.0,30,1712915079634
1144,0.0,1.912109375,0.37109375,0.12520644037889672,31,1712915079634
1144,0.0,1.97265625,0.228515625,0.12520644037889672,35,1712915079634
1144,-0.068359375,2.0703125,-0.78125,0.12520644037889672,48,1712915079634
1144,-0.140625,2.12109375,-0.7421875,0.12520644037889672,109,1712915079634
1144,-0.142578125,2.171875,-0.712890625,0.12520644037889672,117,1712915079634
1144,-0.146484375,2.224609375,-0.673828125,0.12520644037889672,59,1712915079634
1144,-0.138671875,2.10546875,-0.671875,0.25041288075779344,94,1712915079634
1144,-0.140625,2.154296875,-0.640625,0.25041288075779344,210,1712915079634
1144,-0.142578125,2.203125,-0.609375,0.25041288075779344,224,1712915079634
1144,-0.146484375,2.251953125,-0.572265625,0.25041288075779344,120,1712915079634
1144,-0.1484375,2.322265625,-0.4296875,0.25041288075779344,28,1712915079634
1144,-0.138671875,2.14453125,-0.53515625,0.37561932113669017,55,1712915079634
1144,-0.140625,2.189453125,-0.51171875,0.37561932113669017,122,1712915079634
1144,-0.142578125,2.234375,-0.482421875,0.37561932113669017,133,1712915079634
1144,-0.146484375,2.279296875,-0.451171875,0.37561932113669017,73,1712915079634
1144,-0.416015625,1.982421875,-0.896484375,0.6260322018944836,21,1712915079634
1144,-0.416015625,2.041015625,-0.75,0.7512386422733803,23,1712915079634
1144,-0.4921875,2.08203125,-0.703125,0.7512386422733803,21,1712915079634
1144,-3.994140625,0.875,-0.529296875,-0.6260322018944836,23,1712915079634
1144,-3.95703125,0.90234375,-0.458984375,-0.5008257615155869,48,1712915079634
1144,-3.994140625,0.908203125,-0.46875,-0.5008257615155869,64,1712915079634
1144,-4.03125,0.935546875,-0.4375,-0.5008257615155869,48,1712915079634
1144,-4.068359375,1.015625,-0.23046875,-0.5008257615155869,23,1712915079634
1144,0.150390625,1.595703125,0.0078125,-0.37561932113669017,26,1712915079634
1144,0.205078125,1.62890625,0.0234375,-0.37561932113669017,37,1712915079634
1144,0.2109375,1.666015625,0.025390625,-0.37561932113669017,25,1712915079634
1144,0.119140625,1.87109375,-0.359375,-0.37561932113669017,33,1712915079634
1144,0.181640625,1.9140625,-0.3125,-0.37561932113669017,39,1712915079634
1144,0.185546875,1.955078125,-0.2890625,-0.37561932113669017,31,1712915079634
1144,-3.95703125,0.916015625,-0.43359375,-0.37561932113669017,44,1712915079634
1144,-3.994140625,0.9375,-0.41015625,-0.37561932113669017,58,1712915079634
1144,-4.03125,0.958984375,-0.380859375,-0.37561932113669017,45,1712915079634
1144,0.1953125,1.544921875,0.15625,-0.25041288075779344,19,1712915079634
1144,0.201171875,1.5859375,0.111328125,-0.25041288075779344,62,1712915079634
1144,0.205078125,1.625,0.099609375,-0.25041288075779344,91,1712915079634
1144,0.158203125,1.669921875,0.09765625,-0.25041288075779344,71,1712915079634
1144,0.0,1.70703125,0.197265625,-0.25041288075779344,64,1712915079634
1144,0.0,1.75,0.14453125,-0.25041288075779344,68,1712915079634
1144,0.0,1.79296875,0.076171875,-0.25041288075779344,36,1712915079634
1144,0.1171875,1.798828125,-0.5,-0.25041288075779344,176,1712915079634
1144,0.119140625,1.849609375,-0.45703125,-0.25041288075779344,329,1712915079634
1144,0.12109375,1.900390625,-0.404296875,-0.25041288075779344,325,1712915079634
1144,0.125,1.947265625,-0.361328125,-0.25041288075779344,178,1712915079634
1144,0.126953125,1.984375,-0.37890625,-0.25041288075779344,50,1712915079634
1144,0.150390625,1.58203125,0.21875,-0.12520644037889672,46,1712915079634
1144,0.154296875,1.62109375,0.212890625,-0.12520644037889672,69,1712915079634
1144,0.10546875,1.66015625,0.228515625,-0.12520644037889672,65,1712915079634
1144,0.0,1.693359375,0.29296875,-0.12520644037889672,87,1712915079634
1144,0.0,1.73828125,0.25,-0.12520644037889672,98,1712915079634
1144,0.0,1.78125,0.2109375,-0.12520644037889672,53,1712915079634
1144,0.115234375,1.80078125,-0.31640625,-0.12520644037889672,80,1712915079634
1144,0.05859375,1.822265625,-0.421875,-0.12520644037889672,293,1712915079634
1144,0.119140625,1.87109375,-0.361328125,-0.12520644037889672,553,1712915079634
1145,0.048828125,1.556640625,0.1640625,0.0,13,1712915079735
1145,0.150390625,1.580078125,0.228515625,0.0,25,1712915079735
1145,0.103515625,1.623046875,0.216796875,0.0,21,1712915079735
1145,-0.060546875,1.888671875,-0.263671875,0.0,49,1712915079735
1145,-0.060546875,1.9453125,-0.05078125,0.0,71,1712915079735
1145,0.0,1.984375,0.076171875,0.0,67,1712915079735
1145,0.0,2.021484375,0.083984375,0.0,37,1712915079735
1145,-0.060546875,1.88671875,0.2890625,0.12520644037889672,76,1712915079735
1145,-0.060546875,1.93359375,0.21484375,0.12520644037889672,161,1712915079735
1145,-0.0625,1.970703125,0.22265625,0.12520644037889672,146,1712915079735
1145,-0.126953125,2.0078125,0.220703125,0.12520644037889672,67,1712915079735
1145,-0.060546875,1.861328125,0.421875,0.25041288075779344,30,1712915079735
1145,-0.060546875,1.912109375,0.357421875,0.25041288075779344,65,1712915079735
1145,-0.125,1.9453125,0.373046875,0.25041288075779344,61,1712915079735
1145,-0.126953125,1.986328125,0.365234375,0.25041288075779344,29,1712915079735
1145,-0.291015625,2.162109375,-0.81640625,0.5008257615155869,24,1712915079735
1145,-0.294921875,2.21875,-0.771484375,0.5008257615155869,23,1712915079735
1145,-0.287109375,2.09375,-0.884765625,0.6260322018944836,41,1712915079735
1145,-0.291015625,2.15625,-0.828125,0.6260322018944836,56,1712915079735
1145,-0.294921875,2.220703125,-0.765625,0.6260322018944836,39,1712915079735
1145,-0.28125,2.0703125,-0.83984375,0.7512386422733803,20,1712915079735
1145,-0.287109375,2.1484375,-0.740234375,0.7512386422733803,60,1712915079735
1145,-0.291015625,2.19921875,-0.705078125,0.7512386422733803,78,1712915079735
1145,-0.294921875,2.259765625,-0.642578125,0.7512386422733803,51,1712915079735
1145,-0.357421875,2.19921875,-0.53515625,0.876445082652277,25,1712915079735
1145,-0.291015625,2.25390625,-0.5078125,0.876445082652277,36,1712915079735
1145,-0.369140625,2.28125,-0.509765625,0.876445082652277,24,1712915079735
1145,0.0,1.77734375,1.4453125,-1.0016515230311738,17,1712915079735
1145,0.0,1.658203125,1.634765625,-1.0016515230311738,14,1712915079735
1145,0.0,1.7421875,1.48828125,-0.876445082652277,17,1712915079735
1145,0.0,1.673828125,0.130859375,-0.6260322018944836,28,1712915079735
1145,0.0,1.7109375,0.162109375,-0.6260322018944836,34,1712915079735
1145,-0.109375,1.740234375,0.203125,-0.6260322018944836,22,1712915079735
1145,-0.224609375,1.771484375,0.173828125,-0.6260322018944836,20,1712915079735
1145,-0.228515625,1.80859375,0.181640625,-0.6260322018944836,34,1712915079735
1145,-0.17578125,1.84765625,0.236328125,-0.6260322018944836,36,1712915079735
1145,0.0,1.658203125,0.271484375,-0.5008257615155869,35,1712915079735
1145,-0.052734375,1.697265625,0.26171875,-0.5008257615155869,43,1712915079735
1145,-0.109375,1.740234375,0.205078125,-0.5008257615155869,24,1712915079735
1145,-0.228515625,1.7890625,0.3203125,-0.5008257615155869,26,1712915079735
1145,-0.234375,1.822265625,0.353515625,-0.5008257615155869,28,1712915079735
1145,3.615234375,1.185546875,0.630859375,-0.5008257615155869,18,1712915079735
1145,3.771484375,0.8125,0.5234375,-0.5008257615155869,22,1712915079735
1145,0.05078125,1.6015625,0.0703125,-0.37561932113669017,35,1712915079735
1145,0.103515625,1.638671875,0.025390625,-0.37561932113669017,37,1712915079735
1145,0.09765625,1.55859375,0.111328125,-0.25041288075779344,30,1712915079735
1145,0.099609375,1.595703125,0.119140625,-0.25041288075779344,69,1712915079735
1145,0.103515625,1.6328125,0.125,-0.25041288075779344,75,1712915079735
1145,0.052734375,1.673828125,0.12890625,-0.25041288075779344,38,1712915079735
1145,0.05859375,1.615234375,-0.943359375,-0.25041288075779344,23,1712915079735
1145,0.09765625,1.556640625,0.126953125,-0.12520644037889672,29,1712915079735
1145,0.099609375,1.58984375,0.17578125,-0.12520644037889672,59,1712915079735
1145,0.103515625,1.62890625,0.169921875,-0.12520644037889672,54,1712915079735
1145,0.052734375,1.673828125,0.1328125,-0.12520644037889672,20,1712915079735
1145,0.05859375,1.65234375,-0.873046875,-0.12520644037889672,54,1712915079735
1145,0.0,1.20703125,-1.478515625,-0.12520644037889672,47,1712915079735
1145,0.0,1.9296875,0.263671875,-0.12520644037889672,55,1712915079735
1145,0.0,1.982421875,-0.115234375,-0.12520644037889672,47,1712915079735
1145,-1.001953125,1.896484375,-0.802734375,-1.0016515230311738,9,1712915079735
1145,-1.091796875,1.923828125,-0.728515625,-1.0016515230311738,8,1712915079735
1145,-0.12109375,3.853515625,0.033203125,-0.5008257615155869,11,1712915079735
1145,-0.244140625,3.8828125,0.15625,-0.5008257615155869,12,1712915079735
1146,0.0,1.482421875,0.369140625,0.0,27,1712915079836
1146,0.0,1.52734375,0.34375,0.0,101,1712915079836
1146,0.0,1.56640625,0.337890625,0.0,157,1712915079836
1146,0.0,1.611328125,0.318359375,0.0,114,1712915079836
1146,0.0,1.65625,0.27734375,0.0,34,1712915079836
1146,-0.060546875,1.890625,-0.26171875,0.0,83,1712915079836
1146,-0.060546875,1.9453125,-0.029296875,0.0,224,1712915079836
1146,-0.0625,1.984375,-0.01171875,0.0,349,1712915079836
1146,-0.0625,2.021484375,0.01171875,0.0,284,1712915079836
1146,-0.064453125,2.05859375,0.07421875,0.0,131,1712915079836
1146,0.0,2.095703125,0.142578125,0.0,44,1712915079836
1146,0.0,1.482421875,0.50390625,0.12520644037889672,17,1712915079836
1146,0.0,1.541015625,0.439453125,0.12520644037889672,27,1712915079836
1146,0.0,1.580078125,0.4453125,0.12520644037889672,21,1712915079836
1146,-0.1171875,1.8359375,-0.34375,0.12520644037889672,118,1712915079836
1146,-0.060546875,1.8984375,-0.197265625,0.12520644037889672,206,1712915079836
1146,-0.12109375,1.94140625,0.07421875,0.12520644037889672,449,1712915079836
1146,-0.0625,1.98046875,0.107421875,0.12520644037889672,687,1712915079836
1146,-0.0625,2.017578125,0.140625,0.12520644037889672,552,1712915079836
1146,-0.064453125,2.048828125,0.2109375,0.12520644037889672,247,1712915079836
1146,-0.06640625,2.078125,0.296875,0.12520644037889672,84,1712915079836
1146,-0.05859375,1.853515625,-0.2421875,0.25041288075779344,43,1712915079836
1146,-0.119140625,1.904296875,0.078125,0.25041288075779344,88,1712915079836
1146,-0.12109375,1.927734375,0.240234375,0.25041288075779344,291,1712915079836
1146,-0.125,1.966796875,0.244140625,0.25041288075779344,436,1712915079836
1146,-0.126953125,2.001953125,0.271484375,0.25041288075779344,337,1712915079836
1146,-0.12890625,2.03125,0.330078125,0.25041288075779344,140,1712915079836
1146,-0.130859375,2.06640625,0.349609375,0.25041288075779344,50,1712915079836
1146,-0.119140625,1.89453125,0.1953125,0.37561932113669017,21,1712915079836
1146,-0.181640625,1.89453125,0.412109375,0.37561932113669017,43,1712915079836
1146,-0.185546875,1.9375,0.39453125,0.37561932113669017,57,1712915079836
1146,-0.189453125,1.984375,0.34765625,0.37561932113669017,41,1712915079836
1146,3.587890625,0.564453125,-0.724609375,0.37561932113669017,20,1712915079836
1146,3.625,0.693359375,-0.6171875,0.37561932113669017,36,1712915079836
1146,3.662109375,0.837890625,-0.421875,0.37561932113669017,39,1712915079836
1146,3.69921875,0.939453125,-0.12109375,0.37561932113669017,28,1712915079836
1146,3.625,0.92578125,0.06640625,0.5008257615155869,43,1712915079836
1146,3.54296875,1.3046875,0.158203125,0.5008257615155869,57,1712915079836
1146,3.69921875,0.919921875,0.220703125,0.5008257615155869,48,1712915079836
1146,-0.419921875,0.962890625,-1.310546875,0.6260322018944836,20,1712915079836
1146,-0.375,1.064453125,-1.294921875,0.6260322018944836,37,1712915079836
1146,-0.384765625,1.1015625,-1.3125,0.6260322018944836,31,1712915079836
1146,3.54296875,1.240234375,0.4375,0.6260322018944836,32,1712915079836
1146,3.69921875,0.814453125,0.482421875,0.6260322018944836,28,1712915079836
1146,-0.419921875,1.095703125,-1.203125,0.7512386422733803,25,1712915079836
1146,-0.375,1.1328125,-1.236328125,0.7512386422733803,46,1712915079836
1146,-0.439453125,1.166015625,-1.236328125,0.7512386422733803,42,1712915079836
1146,-0.44921875,1.18359375,-1.271484375,0.7512386422733803,23,1712915079836
1146,-0.4296875,1.208984375,-1.142578125,0.876445082652277,17,1712915079836
1146,-0.439453125,1.263671875,-1.13671875,0.876445082652277,23,1712915079836
1146,-0.44921875,1.2109375,-1.24609375,0.876445082652277,25,1712915079836
1146,-0.369140625,2.21484375,-0.748046875,0.876445082652277,17,1712915079836
1146,-0.375,2.255859375,-0.744140625,0.876445082652277,24,1712915079836
1146,-0.380859375,2.30078125,-0.73046875,0.876445082652277,19,1712915079836
1146,-0.154296875,1.599609375,0.330078125,-1.0016515230311738,23,1712915079836
1146,-0.10546875,1.63671875,0.36328125,-1.0016515230311738,18,1712915079836
1146,-0.099609375,1.568359375,0.314453125,-0.876445082652277,28,1712915079836
1146,-0.103515625,1.599609375,0.353515625,-0.876445082652277,46,1712915079836
1146,-0.10546875,1.634765625,0.369140625,-0.876445082652277,35,1712915079836
1146,-0.099609375,1.548828125,0.404296875,-0.7512386422733803,19,1712915079836
1146,-0.103515625,1.572265625,0.4609375,-0.7512386422733803,30,1712915079836
1146,-0.10546875,1.60546875,0.484375,-0.7512386422733803,20,1712915079836
1146,0.0,1.517578125,0.173828125,-0.5008257615155869,54,1712915079836
1146,0.0,1.55859375,0.1328125,-0.5008257615155869,204,1712915079836
1147,0.0,1.595703125,-0.154296875,0.0,10,1712915079936
1147,-0.056640625,1.783203125,-0.41796875,0.0,81,1712915079936
1147,-0.05859375,1.8125,-0.45703125,0.0,256,1712915079936
1147,-0.060546875,1.8515625,-0.458984375,0.0,421,1712915079936
1147,-0.060546875,1.896484375,-0.435546875,0.0,365,1712915079936
1147,-0.125,1.953125,-0.33203125,0.0,192,1712915079936
1147,-0.126953125,2.00390625,-0.244140625,0.0,122,1712915079936
1147,-0.12890625,2.037109375,-0.294921875,0.0,97,1712915079936
1147,-0.197265625,2.0546875,-0.380859375,0.0,46,1712915079936
1147,3.59765625,1.603515625,0.498046875,0.0,11,1712915079936
1147,-2.755859375,0.0,-3.595703125,0.0,12,1712915079936
1147,-0.05078125,1.6015625,-0.041015625,0.12520644037889672,27,1712915079936
1147,0.0,1.640625,-0.01953125,0.12520644037889672,22,1712915079936
1147,-0.115234375,1.80078125,-0.318359375,0.12520644037889672,159,1712915079936
1147,-0.1171875,1.833984375,-0.34765625,0.12520644037889672,544,1712915079936
1147,-0.119140625,1.873046875,-0.3515625,0.12520644037889672,919,1712915079936
1147,-0.12109375,1.91796875,-0.3125,0.12520644037889672,800,1712915079936
1147,-0.125,1.97265625,-0.181640625,0.12520644037889672,470,1712915079936
1147,-0.189453125,2.013671875,-0.0703125,0.12520644037889672,332,1712915079936
1147,-0.12890625,2.0546875,-0.11328125,0.12520644037889672,262,1712915079936
1147,-0.197265625,2.080078125,-0.212890625,0.12520644037889672,114,1712915079936
1147,-0.201171875,2.099609375,-0.353515625,0.12520644037889672,36,1712915079936
1147,-0.115234375,1.81640625,-0.21875,0.25041288075779344,113,1712915079936
1147,-0.05859375,1.85546875,-0.234375,0.25041288075779344,440,1712915079936
1147,-0.119140625,1.890625,-0.23828125,0.25041288075779344,773,1712915079936
1147,-0.12109375,1.93359375,-0.19140625,0.25041288075779344,685,1712915079936
1147,-0.125,1.98046875,-0.048828125,0.25041288075779344,462,1712915079936
1147,-0.126953125,2.017578125,0.0703125,0.25041288075779344,355,1712915079936
1147,-0.193359375,2.05078125,0.056640625,0.25041288075779344,272,1712915079936
1147,-0.197265625,2.08984375,-0.017578125,0.25041288075779344,109,1712915079936
1147,-0.201171875,2.126953125,-0.099609375,0.25041288075779344,35,1712915079936
1147,-0.287109375,0.974609375,-1.140625,0.37561932113669017,23,1712915079936
1147,-0.29296875,0.96875,-1.193359375,0.37561932113669017,42,1712915079936
1147,-0.30078125,0.97265625,-1.23828125,0.37561932113669017,37,1712915079936
1147,-0.30859375,0.943359375,-1.30859375,0.37561932113669017,17,1712915079936
1147,-0.1171875,1.86328125,-0.126953125,0.37561932113669017,102,1712915079936
1147,-0.119140625,1.900390625,-0.1328125,0.37561932113669017,177,1712915079936
1147,-0.12109375,1.94140625,-0.078125,0.37561932113669017,163,1712915079936
1147,-0.125,1.98046875,0.064453125,0.37561932113669017,129,1712915079936
1147,-0.189453125,2.00390625,0.21484375,0.37561932113669017,107,1712915079936
1147,-0.193359375,2.037109375,0.25,0.37561932113669017,81,1712915079936
1147,-0.197265625,2.08203125,0.1953125,0.37561932113669017,32,1712915079936
1147,-0.333984375,1.0625,-1.044921875,0.5008257615155869,30,1712915079936
1147,-0.341796875,1.083984375,-1.076171875,0.5008257615155869,60,1712915079936
1147,-0.3515625,1.07421875,-1.13671875,0.5008257615155869,67,1712915079936
1147,-0.359375,1.095703125,-1.16796875,0.5008257615155869,44,1712915079936
1147,-0.119140625,1.904296875,0.021484375,0.5008257615155869,24,1712915079936
1147,-0.181640625,1.93359375,0.13671875,0.5008257615155869,26,1712915079936
1147,-0.248046875,1.951171875,0.26953125,0.5008257615155869,22,1712915079936
1147,3.5078125,1.15234375,-0.60546875,0.5008257615155869,29,1712915079936
1147,3.54296875,1.236328125,-0.44921875,0.5008257615155869,49,1712915079936
1147,3.458984375,1.580078125,-0.330078125,0.5008257615155869,46,1712915079936
1147,3.494140625,1.62890625,-0.080078125,0.5008257615155869,29,1712915079936
1147,-0.390625,1.140625,-0.998046875,0.6260322018944836,33,1712915079936
1147,-0.3515625,1.1484375,-1.0625,0.6260322018944836,57,1712915079936
1147,-0.359375,1.19140625,-1.0703125,0.6260322018944836,51,1712915079936
1147,-0.419921875,1.169921875,-1.130859375,0.6260322018944836,23,1712915079936
1147,3.5078125,1.30078125,0.021484375,0.6260322018944836,26,1712915079936
1147,3.42578125,1.595703125,0.078125,0.6260322018944836,46,1712915079936
1147,3.458984375,1.599609375,0.21484375,0.6260322018944836,50,1712915079936
1147,3.494140625,1.58203125,0.388671875,0.6260322018944836,40,1712915079936
1147,3.650390625,1.251953125,0.51953125,0.6260322018944836,22,1712915079936
1147,-0.451171875,1.173828125,-0.99609375,0.7512386422733803,27,1712915079936
1147,-0.41015625,1.2265625,-1.009765625,0.7512386422733803,24,1712915079936
1148,-0.185546875,1.396484375,0.482421875,0.0,18,1712915080036
1148,-0.19140625,1.443359375,0.458984375,0.0,23,1712915080036
1148,-0.1953125,1.509765625,0.3671875,0.0,18,1712915080036
1148,-0.17578125,1.783203125,-0.537109375,0.0,47,1712915080036
1148,-0.1796875,1.8203125,-0.548828125,0.0,103,1712915080036
1148,-0.181640625,1.859375,-0.546875,0.0,135,1712915080036
1148,-0.185546875,1.908203125,-0.51171875,0.0,109,1712915080036
1148,-0.251953125,1.974609375,-0.365234375,0.0,73,1712915080036
1148,-0.2578125,2.033203125,-0.216796875,0.0,56,1712915080036
1148,-0.197265625,2.080078125,-0.216796875,0.0,31,1712915080036
1148,-2.853515625,0.0,-3.833984375,0.0,15,1712915080036
1148,-0.17578125,1.810546875,-0.435546875,0.12520644037889672,42,1712915080036
1148,-0.1796875,1.8515625,-0.427734375,0.12520644037889672,80,1712915080036
1148,-0.181640625,1.89453125,-0.412109375,0.12520644037889672,105,1712915080036
1148,-0.185546875,1.94140625,-0.369140625,0.12520644037889672,91,1712915080036
1148,-0.251953125,1.99609375,-0.2109375,0.12520644037889672,69,1712915080036
1148,-0.2578125,2.04296875,-0.115234375,0.12520644037889672,54,1712915080036
1148,-0.16796875,1.787109375,0.0234375,0.25041288075779344,23,1712915080036
1148,-0.171875,1.802734375,-0.279296875,0.25041288075779344,70,1712915080036
1148,-0.17578125,1.837890625,-0.30078125,0.25041288075779344,255,1712915080036
1148,-0.1796875,1.876953125,-0.29296875,0.25041288075779344,557,1712915080036
1148,-0.181640625,1.91796875,-0.275390625,0.25041288075779344,736,1712915080036
1148,-0.248046875,1.955078125,-0.240234375,0.25041288075779344,610,1712915080036
1148,-0.251953125,2.005859375,-0.056640625,0.25041288075779344,442,1712915080036
1148,-0.2578125,2.044921875,0.052734375,0.25041288075779344,331,1712915080036
1148,-0.197265625,2.087890625,0.1015625,0.25041288075779344,163,1712915080036
1148,-0.201171875,2.1171875,0.22265625,0.25041288075779344,38,1712915080036
1148,-0.171875,1.8125,-0.20703125,0.37561932113669017,69,1712915080036
1148,-0.17578125,1.853515625,-0.1875,0.37561932113669017,263,1712915080036
1148,-0.23828125,1.884765625,-0.181640625,0.37561932113669017,590,1712915080036
1148,-0.244140625,1.92578125,-0.158203125,0.37561932113669017,797,1712915080036
1148,-0.248046875,1.966796875,-0.091796875,0.37561932113669017,677,1712915080036
1148,-0.31640625,1.998046875,0.068359375,0.37561932113669017,491,1712915080036
1148,-0.2578125,2.037109375,0.19140625,0.37561932113669017,357,1712915080036
1148,-0.26171875,2.072265625,0.21484375,0.37561932113669017,173,1712915080036
1148,-0.201171875,2.10546875,0.314453125,0.37561932113669017,49,1712915080036
1148,-0.33984375,2.146484375,0.123046875,0.37561932113669017,18,1712915080036
1148,-0.17578125,1.859375,-0.087890625,0.5008257615155869,71,1712915080036
1148,-0.23828125,1.892578125,-0.0546875,0.5008257615155869,168,1712915080036
1148,-0.244140625,1.931640625,-0.015625,0.5008257615155869,231,1712915080036
1148,-0.248046875,1.96875,0.072265625,0.5008257615155869,205,1712915080036
1148,-0.31640625,1.986328125,0.21875,0.5008257615155869,161,1712915080036
1148,-0.322265625,2.013671875,0.298828125,0.5008257615155869,113,1712915080036
1148,-0.328125,2.048828125,0.326171875,0.5008257615155869,52,1712915080036
1148,3.458984375,1.068359375,-1.208984375,0.5008257615155869,34,1712915080036
1148,3.373046875,1.62890625,-0.912109375,0.5008257615155869,41,1712915080036
1148,3.529296875,1.580078125,-0.458984375,0.5008257615155869,38,1712915080036
1148,-0.30859375,0.90234375,-1.041015625,0.6260322018944836,17,1712915080036
1148,-0.244140625,1.927734375,0.12890625,0.6260322018944836,22,1712915080036
1148,-0.310546875,1.955078125,0.142578125,0.6260322018944836,18,1712915080036
1148,3.42578125,1.19140625,-1.064453125,0.6260322018944836,48,1712915080036
1148,3.458984375,1.2421875,-1.03125,0.6260322018944836,80,1712915080036
1148,3.494140625,1.484375,-0.673828125,0.6260322018944836,96,1712915080036
1148,3.40625,1.8671875,-0.25390625,0.6260322018944836,84,1712915080036
1148,3.44140625,1.90234375,0.044921875,0.6260322018944836,55,1712915080036
1148,3.306640625,1.6796875,-0.724609375,0.7512386422733803,35,1712915080036
1148,3.458984375,1.44140625,-0.7265625,0.7512386422733803,59,1712915080036
1148,3.373046875,1.8125,-0.447265625,0.7512386422733803,68,1712915080036
1148,3.40625,1.884765625,-0.03515625,0.7512386422733803,59,1712915080036
1148,3.44140625,1.890625,0.2265625,0.7512386422733803,37,1712915080036
1148,-0.185546875,1.4296875,0.373046875,-1.0016515230311738,17,1712915080036
1148,-0.181640625,1.38671875,0.384765625,-0.876445082652277,32,1712915080036
1148,-0.185546875,1.41015625,0.44140625,-0.876445082652277,41,1712915080036
1148,-0.19140625,1.4453125,0.453125,-0.876445082652277,27,1712915080036
1149,-0.185546875,1.47265625,-0.115234375,0.0,10,1712915080136
1149,-0.287109375,1.49609375,-0.107421875,0.0,10,1712915080136
1149,-0.244140625,1.853515625,-0.544921875,0.0,61,1712915080136
1149,-0.248046875,1.888671875,-0.55859375,0.0,73,1712915080136
1149,-0.251953125,1.91015625,-0.615234375,0.0,38,1712915080136
1149,-0.38671875,2.013671875,-0.20703125,0.0,45,1712915080136
1149,-0.39453125,2.05078125,-0.21484375,0.0,51,1712915080136
1149,-0.255859375,1.62109375,-0.0625,0.12520644037889672,15,1712915080136
1149,-0.3046875,1.8828125,-0.390625,0.12520644037889672,57,1712915080136
1149,-0.310546875,1.919921875,-0.400390625,0.12520644037889672,75,1712915080136
1149,-0.31640625,1.9453125,-0.455078125,0.12520644037889672,45,1712915080136
1149,-0.298828125,1.875,-0.205078125,0.25041288075779344,96,1712915080136
1149,-0.3046875,1.904296875,-0.265625,0.25041288075779344,290,1712915080136
1149,-0.310546875,1.935546875,-0.318359375,0.25041288075779344,383,1712915080136
1149,-0.251953125,1.96484375,-0.408203125,0.25041288075779344,209,1712915080136
1149,-0.322265625,2.033203125,0.11328125,0.25041288075779344,110,1712915080136
1149,-0.328125,2.072265625,0.0703125,0.25041288075779344,194,1712915080136
1149,-0.333984375,2.111328125,0.021484375,0.25041288075779344,129,1712915080136
1149,-0.33984375,2.146484375,-0.099609375,0.25041288075779344,40,1712915080136
1149,-0.41796875,1.859375,0.119140625,0.37561932113669017,59,1712915080136
1149,-0.3046875,1.919921875,-0.109375,0.37561932113669017,243,1712915080136
1149,-0.310546875,1.94921875,-0.20703125,0.37561932113669017,363,1712915080136
1149,-0.31640625,1.96484375,-0.361328125,0.37561932113669017,219,1712915080136
1149,-0.2578125,2.025390625,0.283203125,0.37561932113669017,71,1712915080136
1149,-0.328125,2.06640625,0.177734375,0.37561932113669017,181,1712915080136
1149,-0.333984375,2.111328125,0.06640625,0.37561932113669017,145,1712915080136
1149,-0.408203125,2.12890625,-0.1953125,0.37561932113669017,68,1712915080136
1149,-0.232421875,1.46875,0.080078125,0.5008257615155869,29,1712915080136
1149,-0.19140625,1.505859375,0.169921875,0.5008257615155869,63,1712915080136
1149,-0.1953125,1.541015625,0.1875,0.5008257615155869,67,1712915080136
1149,-0.201171875,1.580078125,0.1796875,0.5008257615155869,34,1712915080136
1149,-0.373046875,1.9453125,-0.126953125,0.5008257615155869,101,1712915080136
1149,-0.37890625,1.974609375,-0.2265625,0.5008257615155869,102,1712915080136
1149,-0.580078125,1.974609375,-0.126953125,0.5008257615155869,59,1712915080136
1149,-0.130859375,2.044921875,0.45703125,0.5008257615155869,32,1712915080136
1149,-0.333984375,2.076171875,-0.38671875,0.5008257615155869,49,1712915080136
1149,-0.4765625,2.0859375,-0.39453125,0.5008257615155869,46,1712915080136
1149,-0.220703125,1.3671875,0.283203125,0.6260322018944836,22,1712915080136
1149,-0.279296875,1.423828125,0.330078125,0.6260322018944836,62,1712915080136
1149,-0.23828125,1.462890625,0.369140625,0.6260322018944836,88,1712915080136
1149,-0.244140625,1.501953125,0.36328125,0.6260322018944836,61,1712915080136
1149,-0.25,1.55078125,0.3203125,0.6260322018944836,35,1712915080136
1149,-0.451171875,1.97265625,0.396484375,0.6260322018944836,24,1712915080136
1149,-0.458984375,1.951171875,0.623046875,0.6260322018944836,18,1712915080136
1149,3.28515625,1.7890625,-1.080078125,0.6260322018944836,20,1712915080136
1149,3.318359375,2.080078125,-0.353515625,0.6260322018944836,29,1712915080136
1149,3.474609375,1.921875,0.052734375,0.6260322018944836,37,1712915080136
1149,3.5078125,1.9296875,0.201171875,0.6260322018944836,30,1712915080136
1149,-0.220703125,1.328125,0.42578125,0.7512386422733803,29,1712915080136
1149,-0.271484375,1.353515625,0.447265625,0.7512386422733803,26,1712915080136
1149,-0.279296875,1.408203125,0.396484375,0.7512386422733803,174,1712915080136
1149,-0.23828125,1.451171875,0.412109375,0.7512386422733803,253,1712915080136
1149,-0.244140625,1.490234375,0.408203125,0.7512386422733803,148,1712915080136
1149,3.349609375,2.1015625,0.35546875,0.7512386422733803,20,1712915080136
1149,-0.271484375,1.3515625,0.453125,0.876445082652277,30,1712915080136
1149,-0.279296875,1.384765625,0.47265625,0.876445082652277,139,1712915080136
1149,-0.287109375,1.419921875,0.482421875,0.876445082652277,205,1712915080136
1149,-0.29296875,1.4609375,0.478515625,0.876445082652277,130,1712915080136
1149,-0.25,1.533203125,0.39453125,0.876445082652277,30,1712915080136
1149,-0.09375,1.13671875,-0.95703125,-1.0016515230311738,27,1712915080136
1149,-0.095703125,1.16796875,-0.978515625,-1.0016515230311738,37,1712915080136
1149,-0.09765625,1.177734375,-1.025390625,-1.0016515230311738,25,1712915080136
1149,-2.94921875,0.0,3.611328125,-0.37561932113669017,20,1712915080136
1149,3.72265625,1.255859375,0.576171875,-0.37561932113669017,16,1712915080136
1150,-0.146484375,1.03125,-1.16796875,0.0,17,1712915080238
1150,-0.201171875,1.05859375,-1.1875,0.0,26,1712915080238
1150,-0.255859375,1.09375,-1.197265625,0.0,29,1712915080238
1150,-0.2109375,1.15625,-1.19921875,0.0,23,1712915080238
1150,-0.373046875,1.91796875,-0.34765625,0.0,80,1712915080238
1150,-0.37890625,1.94921875,-0.384765625,0.0,84,1712915080238
1150,-0.38671875,2.01953125,-0.150390625,0.0,41,1712915080238
1150,-0.458984375,2.044921875,0.13671875,0.0,64,1712915080238
1150,-0.466796875,2.0859375,0.037109375,0.0,42,1712915080238
1150,-0.4765625,2.123046875,-0.037109375,0.0,55,1712915080238
1150,-0.484375,2.16015625,0.009765625,0.0,50,1712915080238
1150,-0.1953125,1.140625,-1.0546875,0.12520644037889672,26,1712915080238
1150,-0.201171875,1.1953125,-1.05078125,0.12520644037889672,46,1712915080238
1150,-0.205078125,1.224609375,-1.07421875,0.12520644037889672,52,1712915080238
1150,-0.2109375,1.201171875,-1.15625,0.12520644037889672,33,1712915080238
1150,-0.373046875,1.931640625,-0.265625,0.12520644037889672,282,1712915080238
1150,-0.37890625,1.96484375,-0.294921875,0.12520644037889672,327,1712915080238
1150,-0.38671875,2.0078125,-0.26953125,0.12520644037889672,170,1712915080238
1150,-0.458984375,2.044921875,0.119140625,0.12520644037889672,121,1712915080238
1150,-0.466796875,2.0859375,-0.001953125,0.12520644037889672,96,1712915080238
1150,-0.4765625,2.123046875,-0.01953125,0.12520644037889672,133,1712915080238
1150,-0.484375,2.16015625,0.060546875,0.12520644037889672,113,1712915080238
1150,-0.1953125,1.19140625,-0.99609375,0.25041288075779344,19,1712915080238
1150,-0.201171875,1.271484375,-0.95703125,0.25041288075779344,28,1712915080238
1150,-0.205078125,1.34765625,-0.9140625,0.25041288075779344,28,1712915080238
1150,-0.158203125,1.384765625,-0.9375,0.25041288075779344,17,1712915080238
1150,-0.42578125,1.89453125,-0.140625,0.25041288075779344,136,1712915080238
1150,-0.373046875,1.94140625,-0.17578125,0.25041288075779344,380,1712915080238
1150,-0.443359375,1.9609375,-0.22265625,0.25041288075779344,461,1712915080238
1150,-0.38671875,2.009765625,-0.25,0.25041288075779344,275,1712915080238
1150,-0.458984375,2.046875,-0.0859375,0.25041288075779344,129,1712915080238
1150,-0.53515625,2.068359375,-0.078125,0.25041288075779344,107,1712915080238
1150,-0.544921875,2.107421875,-0.04296875,0.25041288075779344,125,1712915080238
1150,-0.552734375,2.14453125,0.03515625,0.25041288075779344,96,1712915080238
1150,-0.365234375,1.904296875,-0.166015625,0.37561932113669017,87,1712915080238
1150,-0.373046875,1.9453125,-0.125,0.37561932113669017,195,1712915080238
1150,-0.443359375,1.966796875,-0.177734375,0.37561932113669017,244,1712915080238
1150,-0.451171875,1.994140625,-0.271484375,0.37561932113669017,168,1712915080238
1150,-0.458984375,2.0234375,-0.32421875,0.37561932113669017,83,1712915080238
1150,-0.53515625,2.056640625,-0.232421875,0.37561932113669017,50,1712915080238
1150,-0.611328125,2.076171875,-0.21484375,0.37561932113669017,41,1712915080238
1150,-0.623046875,2.111328125,-0.240234375,0.37561932113669017,28,1712915080238
1150,-0.365234375,1.896484375,-0.251953125,0.5008257615155869,56,1712915080238
1150,-0.373046875,1.93359375,-0.25,0.5008257615155869,65,1712915080238
1150,-0.37890625,1.9609375,-0.3203125,0.5008257615155869,49,1712915080238
1150,-0.451171875,1.94921875,-0.494140625,0.5008257615155869,36,1712915080238
1150,-0.3515625,1.5625,0.091796875,0.876445082652277,21,1712915080238
1150,-0.359375,1.59765625,0.107421875,0.876445082652277,24,1712915080238
1150,-0.146484375,0.568359375,-1.451171875,-1.0016515230311738,36,1712915080238
1150,-0.150390625,0.7109375,-1.4296875,-1.0016515230311738,81,1712915080238
1150,-0.103515625,0.78515625,-1.4375,-1.0016515230311738,83,1712915080238
1150,-0.158203125,0.798828125,-1.46875,-1.0016515230311738,39,1712915080238
1150,-0.146484375,0.818359375,-1.326171875,-0.876445082652277,59,1712915080238
1150,-0.150390625,0.90234375,-1.31640625,-0.876445082652277,127,1712915080238
1150,-0.154296875,0.970703125,-1.314453125,-0.876445082652277,122,1712915080238
1150,-0.158203125,1.02734375,-1.318359375,-0.876445082652277,50,1712915080238
1150,-0.1953125,0.9296875,-1.244140625,-0.7512386422733803,34,1712915080238
1150,-0.201171875,1.0234375,-1.21875,-0.7512386422733803,65,1712915080238
1150,-0.154296875,1.15234375,-1.16015625,-0.7512386422733803,51,1712915080238
1150,-0.150390625,1.1328125,-1.125,-0.37561932113669017,18,1712915080238
1150,-0.205078125,1.12109375,-1.181640625,-0.37561932113669017,26,1712915080238
1150,-0.2109375,1.126953125,-1.228515625,-0.37561932113669017,17,1712915080238
1150,-3.1640625,0.0,2.8515625,-0.37561932113669017,21,1712915080238
1150,-0.150390625,1.173828125,-1.08203125,-0.25041288075779344,25,1712915080238
1151,-0.3671875,1.62109375,-0.2421875,0.0,16,1712915080338
1151,-0.4296875,1.626953125,-0.349609375,0.0,17,1712915080338
1151,-0.384765625,1.5546875,-0.71875,0.0,14,1712915080338
1151,-0.392578125,1.27734375,-1.197265625,0.0,14,1712915080338
1151,-0.34375,1.052734375,-1.4609375,0.0,16,1712915080338
1151,-0.43359375,1.904296875,-0.353515625,0.0,63,1712915080338
1151,-0.443359375,1.947265625,-0.326171875,0.0,116,1712915080338
1151,-0.451171875,1.990234375,-0.29296875,0.0,100,1712915080338
1151,-0.39453125,2.0546875,-0.185546875,0.0,41,1712915080338
1151,-3.373046875,0.0,3.646484375,0.0,23,1712915080338
1151,-3.28515625,0.0,3.6796875,0.0,30,1712915080338
1151,-3.318359375,0.0,3.775390625,0.0,21,1712915080338
1151,-0.3671875,1.638671875,0.015625,0.12520644037889672,22,1712915080338
1151,-0.375,1.67578125,0.009765625,0.12520644037889672,24,1712915080338
1151,-0.3359375,1.21875,-1.2734375,0.12520644037889672,16,1712915080338
1151,-0.400390625,1.181640625,-1.341796875,0.12520644037889672,23,1712915080338
1151,-0.43359375,1.923828125,-0.21875,0.12520644037889672,156,1712915080338
1151,-0.443359375,1.962890625,-0.208984375,0.12520644037889672,305,1712915080338
1151,-0.451171875,2.001953125,-0.1953125,0.12520644037889672,278,1712915080338
1151,-0.39453125,2.0546875,-0.181640625,0.12520644037889672,112,1712915080338
1151,-0.41015625,1.5859375,0.09765625,0.25041288075779344,34,1712915080338
1151,-0.3671875,1.634765625,0.107421875,0.25041288075779344,73,1712915080338
1151,-0.4296875,1.66015625,0.091796875,0.25041288075779344,70,1712915080338
1151,-0.384765625,1.712890625,-0.048828125,0.25041288075779344,35,1712915080338
1151,-0.49609375,1.919921875,-0.103515625,0.25041288075779344,157,1712915080338
1151,-0.505859375,1.95703125,-0.1015625,0.25041288075779344,318,1712915080338
1151,-0.515625,1.994140625,-0.08984375,0.25041288075779344,311,1712915080338
1151,-0.525390625,2.033203125,-0.05078125,0.25041288075779344,140,1712915080338
1151,-0.41015625,1.572265625,0.23828125,0.37561932113669017,22,1712915080338
1151,-0.419921875,1.609375,0.23828125,0.37561932113669017,46,1712915080338
1151,-0.4296875,1.66015625,0.111328125,0.37561932113669017,46,1712915080338
1151,-0.330078125,1.591796875,-0.6640625,0.37561932113669017,39,1712915080338
1151,-0.3359375,1.29296875,-1.197265625,0.37561932113669017,45,1712915080338
1151,-0.34375,1.359375,-1.1796875,0.37561932113669017,33,1712915080338
1151,-0.49609375,1.921875,0.005859375,0.37561932113669017,48,1712915080338
1151,-0.505859375,1.958984375,0.001953125,0.37561932113669017,106,1712915080338
1151,-0.515625,1.99609375,0.01171875,0.37561932113669017,111,1712915080338
1151,-0.525390625,2.03125,0.078125,0.37561932113669017,55,1712915080338
1151,-0.384765625,1.046875,-1.35546875,0.5008257615155869,34,1712915080338
1151,-0.3359375,1.291015625,-1.201171875,0.5008257615155869,43,1712915080338
1151,-0.34375,1.423828125,-1.099609375,0.5008257615155869,21,1712915080338
1151,-0.47265625,1.6015625,0.1875,0.6260322018944836,24,1712915080338
1151,-0.4296875,1.638671875,0.2890625,0.6260322018944836,29,1712915080338
1151,-0.3359375,1.015625,-1.44140625,0.6260322018944836,30,1712915080338
1151,-0.34375,1.1875,-1.353515625,0.6260322018944836,60,1712915080338
1151,-0.3515625,1.26171875,-1.3359375,0.6260322018944836,52,1712915080338
1151,-0.47265625,1.6015625,0.1875,0.7512386422733803,24,1712915080338
1151,-0.4296875,1.65234375,0.18359375,0.7512386422733803,30,1712915080338
1151,-0.392578125,1.259765625,-1.21484375,0.7512386422733803,34,1712915080338
1151,-0.34375,1.32421875,-1.21875,0.7512386422733803,64,1712915080338
1151,-0.3515625,1.375,-1.21875,0.7512386422733803,52,1712915080338
1151,-0.458984375,1.353515625,-1.146484375,0.876445082652277,19,1712915080338
1151,-0.330078125,0.966796875,-1.4296875,-0.5008257615155869,22,1712915080338
1151,-0.28125,1.044921875,-1.431640625,-0.5008257615155869,26,1712915080338
1151,-0.322265625,1.02734375,-1.33984375,-0.37561932113669017,18,1712915080338
1151,-0.2734375,1.107421875,-1.3359375,-0.37561932113669017,39,1712915080338
1151,-0.28125,1.11328125,-1.37890625,-0.37561932113669017,37,1712915080338
1151,-3.1328125,0.0,3.490234375,-0.37561932113669017,24,1712915080338
1151,-3.1640625,0.0,3.732421875,-0.37561932113669017,25,1712915080338
1151,-0.2734375,1.0625,-1.37109375,-0.25041288075779344,26,1712915080338
1151,-0.3359375,0.9921875,-1.45703125,-0.25041288075779344,23,1712915080338
1151,-3.1015625,0.0,3.18359375,-0.25041288075779344,27,1712915080338
1151,-3.25390625,0.0,3.353515625,-0.25041288075779344,65,1712915080338
1151,-3.1640625,0.0,3.49609375,-0.25041288075779344,75,1712915080338
1152,-0.49609375,1.890625,-0.349609375,0.0,39,1712915080438
1152,-0.505859375,1.923828125,-0.369140625,0.0,74,1712915080438
1152,-0.515625,1.953125,-0.4140625,0.0,98,1712915080438
1152,-0.525390625,1.953125,-0.5625,0.0,70,1712915080438
1152,-0.53515625,1.62109375,-1.287109375,0.0,21,1712915080438
1152,-0.552734375,2.12890625,0.24609375,0.0,19,1712915080438
1152,-3.20703125,0.0,-2.7578125,0.0,17,1712915080438
1152,-3.35546875,0.0,-2.837890625,0.0,21,1712915080438
1152,-3.390625,0.0,-2.87109375,0.0,14,1712915080438
1152,-0.47265625,1.611328125,0.06640625,0.12520644037889672,21,1712915080438
1152,-0.482421875,1.6484375,0.04296875,0.12520644037889672,35,1712915080438
1152,-0.494140625,1.685546875,0.0234375,0.12520644037889672,27,1712915080438
1152,-0.49609375,1.912109375,-0.19921875,0.12520644037889672,83,1712915080438
1152,-0.505859375,1.9453125,-0.2265625,0.12520644037889672,182,1712915080438
1152,-0.580078125,1.9609375,-0.267578125,0.12520644037889672,264,1712915080438
1152,-0.58984375,1.984375,-0.349609375,0.12520644037889672,201,1712915080438
1152,-0.53515625,1.9375,-0.728515625,0.12520644037889672,60,1712915080438
1152,-0.552734375,2.091796875,0.46875,0.12520644037889672,35,1712915080438
1152,-0.525390625,1.5859375,0.171875,0.25041288075779344,29,1712915080438
1152,-0.482421875,1.640625,0.16796875,0.25041288075779344,50,1712915080438
1152,-0.494140625,1.67578125,0.17578125,0.25041288075779344,38,1712915080438
1152,-0.49609375,1.919921875,-0.068359375,0.25041288075779344,74,1712915080438
1152,-0.568359375,1.939453125,-0.09765625,0.25041288075779344,183,1712915080438
1152,-0.580078125,1.974609375,-0.11328125,0.25041288075779344,287,1712915080438
1152,-0.58984375,2.009765625,-0.142578125,0.25041288075779344,235,1712915080438
1152,-0.53515625,2.052734375,-0.271484375,0.25041288075779344,80,1712915080438
1152,-0.482421875,1.62109375,0.302734375,0.37561932113669017,22,1712915080438
1152,-0.568359375,1.94140625,0.01953125,0.37561932113669017,60,1712915080438
1152,-0.580078125,1.978515625,0.025390625,0.37561932113669017,101,1712915080438
1152,-0.65625,1.994140625,0.052734375,0.37561932113669017,87,1712915080438
1152,-0.6015625,2.048828125,0.103515625,0.37561932113669017,34,1712915080438
1152,-0.701171875,1.7265625,0.154296875,0.7512386422733803,22,1712915080438
1152,-0.6875,1.673828125,0.287109375,0.876445082652277,24,1712915080438
1152,-0.642578125,1.732421875,0.287109375,0.876445082652277,44,1712915080438
1152,-0.65625,1.76953125,0.28125,0.876445082652277,40,1712915080438
1152,-0.466796875,1.0546875,-1.47265625,-1.0016515230311738,24,1712915080438
1152,-0.4765625,1.1484375,-1.447265625,-1.0016515230311738,21,1712915080438
1152,-1.0546875,2.294921875,-0.599609375,-0.5008257615155869,23,1712915080438
1152,-1.0703125,2.296875,-0.71875,-0.5008257615155869,22,1712915080438
1152,-3.25390625,0.0,3.150390625,-0.37561932113669017,30,1712915080438
1152,-3.28515625,0.0,3.10546875,-0.37561932113669017,33,1712915080438
1152,-3.20703125,0.0,-3.37890625,-0.25041288075779344,24,1712915080438
1152,-3.240234375,0.0,-3.380859375,-0.25041288075779344,31,1712915080438
1152,-3.2734375,0.0,-3.458984375,-0.25041288075779344,21,1712915080438
1152,-3.220703125,0.0,3.326171875,-0.25041288075779344,33,1712915080438
1152,-3.25390625,0.0,3.4296875,-0.25041288075779344,67,1712915080438
1152,-3.1640625,0.0,3.4375,-0.25041288075779344,70,1712915080438
1152,-0.505859375,1.8984375,-0.482421875,-0.12520644037889672,17,1712915080438
1152,-0.580078125,1.9140625,-0.49609375,-0.12520644037889672,22,1712915080438
1152,-0.58984375,1.939453125,-0.544921875,-0.12520644037889672,18,1712915080438
1152,-3.20703125,0.0,-3.150390625,-0.12520644037889672,33,1712915080438
1152,-3.240234375,0.0,-3.125,-0.12520644037889672,41,1712915080438
1152,-3.2734375,0.0,-3.146484375,-0.12520644037889672,28,1712915080438
1152,-3.33984375,0.0,3.7734375,-0.12520644037889672,24,1712915080438
1152,-3.373046875,0.0,3.701171875,-0.12520644037889672,48,1712915080438
1152,-3.28515625,0.0,3.703125,-0.12520644037889672,50,1712915080438
1152,-1.228515625,1.34765625,0.421875,-1.0016515230311738,16,1712915080438
1152,-1.193359375,1.408203125,0.48828125,-1.0016515230311738,14,1712915080438
1152,-1.083984375,3.30078125,1.671875,-0.37561932113669017,16,1712915080438
1152,-1.07421875,3.056640625,2.021484375,-0.25041288075779344,21,1712915080438
1152,-1.083984375,3.26953125,1.732421875,-0.25041288075779344,34,1712915080438
1152,-1.3125,2.564453125,2.50390625,-0.12520644037889672,15,1712915080438
1153,-0.58984375,1.61328125,0.013671875,0.0,15,1712915080538
1153,-0.603515625,1.6484375,0.052734375,0.0,14,1712915080538
1153,-0.775390625,1.744140625,0.04296875,0.0,30,1712915080538
1153,-0.791015625,1.77734375,0.06640625,0.0,33,1712915080538
1153,-0.64453125,1.900390625,-0.46875,0.0,41,1712915080538
1153,-0.65625,1.87109375,-0.693359375,0.0,76,1712915080538
1153,-0.66796875,1.91015625,-0.69140625,0.0,86,1712915080538
1153,-0.611328125,1.982421875,-0.654296875,0.0,48,1712915080538
1153,-0.58984375,1.607421875,0.126953125,0.12520644037889672,31,1712915080538
1153,-0.603515625,1.642578125,0.15234375,0.12520644037889672,30,1712915080538
1153,-0.759765625,1.703125,0.150390625,0.12520644037889672,27,1712915080538
1153,-0.775390625,1.736328125,0.158203125,0.12520644037889672,67,1712915080538
1153,-0.791015625,1.767578125,0.1953125,0.12520644037889672,70,1712915080538
1153,-0.49609375,1.892578125,-0.333984375,0.12520644037889672,52,1712915080538
1153,-0.568359375,1.9296875,-0.21875,0.12520644037889672,109,1712915080538
1153,-0.64453125,1.953125,-0.150390625,0.12520644037889672,139,1712915080538
1153,-0.65625,1.927734375,-0.51171875,0.12520644037889672,162,1712915080538
1153,-0.66796875,1.9296875,-0.630859375,0.12520644037889672,168,1712915080538
1153,-0.6796875,1.970703125,-0.625,0.12520644037889672,91,1712915080538
1153,-0.818359375,1.662109375,0.25390625,0.25041288075779344,24,1712915080538
1153,-0.775390625,1.7265625,0.251953125,0.25041288075779344,59,1712915080538
1153,-0.8515625,1.712890625,0.365234375,0.25041288075779344,59,1712915080538
1153,-0.55859375,1.900390625,-0.14453125,0.25041288075779344,113,1712915080538
1153,-0.568359375,1.939453125,-0.078125,0.25041288075779344,191,1712915080538
1153,-0.64453125,1.958984375,0.015625,0.25041288075779344,202,1712915080538
1153,-0.65625,1.9921875,0.1015625,0.25041288075779344,201,1712915080538
1153,-0.66796875,2.025390625,0.134765625,0.25041288075779344,178,1712915080538
1153,-0.6796875,2.017578125,0.453125,0.25041288075779344,94,1712915080538
1153,-0.486328125,1.875,-0.197265625,0.37561932113669017,24,1712915080538
1153,-0.55859375,1.904296875,-0.00390625,0.37561932113669017,75,1712915080538
1153,-0.568359375,1.94140625,0.037109375,0.37561932113669017,118,1712915080538
1153,-0.64453125,1.955078125,0.123046875,0.37561932113669017,144,1712915080538
1153,-0.65625,1.984375,0.203125,0.37561932113669017,217,1712915080538
1153,-0.66796875,2.015625,0.2421875,0.37561932113669017,269,1712915080538
1153,-0.6796875,2.05078125,0.26171875,0.37561932113669017,198,1712915080538
1153,-0.69140625,2.0859375,0.26953125,0.37561932113669017,67,1712915080538
1153,-0.64453125,1.94921875,0.1875,0.5008257615155869,42,1712915080538
1153,-0.65625,1.978515625,0.259765625,0.5008257615155869,111,1712915080538
1153,-0.734375,1.986328125,0.291015625,0.5008257615155869,165,1712915080538
1153,-0.6796875,2.041015625,0.33203125,0.5008257615155869,130,1712915080538
1153,-0.76171875,2.046875,0.369140625,0.5008257615155869,45,1712915080538
1153,-1.181640625,2.146484375,-0.5859375,-0.876445082652277,18,1712915080538
1153,-1.19921875,2.17578125,-0.611328125,-0.876445082652277,20,1712915080538
1153,-1.181640625,2.173828125,-0.478515625,-0.7512386422733803,27,1712915080538
1153,-1.19921875,2.212890625,-0.458984375,-0.7512386422733803,31,1712915080538
1153,-3.287109375,0.0,-3.1171875,-0.37561932113669017,21,1712915080538
1153,-3.20703125,0.0,-3.251953125,-0.37561932113669017,32,1712915080538
1153,-3.35546875,0.0,-3.2109375,-0.37561932113669017,24,1712915080538
1153,-3.220703125,0.0,3.19140625,-0.37561932113669017,44,1712915080538
1153,-3.25390625,0.0,3.271484375,-0.37561932113669017,60,1712915080538
1153,-3.28515625,0.0,3.326171875,-0.37561932113669017,42,1712915080538
1153,-3.20703125,0.0,-3.02734375,-0.25041288075779344,24,1712915080538
1153,-3.35546875,0.0,-3.0390625,-0.25041288075779344,21,1712915080538
1153,-3.189453125,0.0,3.25390625,-0.25041288075779344,29,1712915080538
1153,-3.220703125,0.0,3.412109375,-0.25041288075779344,85,1712915080538
1153,-3.25390625,0.0,3.525390625,-0.25041288075779344,115,1712915080538
1153,-3.28515625,0.0,3.66015625,-0.25041288075779344,82,1712915080538
1153,-3.220703125,0.0,3.634765625,-0.12520644037889672,54,1712915080538
1153,-3.373046875,0.0,3.76953125,-0.12520644037889672,71,1712915080538
1153,-3.28515625,0.0,3.888671875,-0.12520644037889672,51,1712915080538
1153,-1.298828125,1.2421875,3.32421875,-0.25041288075779344,18,1712915080538
1154,-0.580078125,1.935546875,-0.41015625,0.0,18,1712915080638
1154,-0.72265625,1.861328125,-0.65234375,0.0,26,1712915080638
1154,-0.734375,1.865234375,-0.7421875,0.0,41,1712915080638
1154,-0.748046875,1.935546875,-0.65625,0.0,37,1712915080638
1154,-0.76171875,2.03125,-0.44140625,0.0,29,1712915080638
1154,-0.7734375,1.900390625,-0.197265625,0.12520644037889672,18,1712915080638
1154,-0.72265625,1.900390625,-0.529296875,0.12520644037889672,46,1712915080638
1154,-0.734375,1.919921875,-0.587890625,0.12520644037889672,99,1712915080638
1154,-0.748046875,1.955078125,-0.595703125,0.12520644037889672,94,1712915080638
1154,-0.76171875,1.99609375,-0.58203125,0.12520644037889672,43,1712915080638
1154,-0.7734375,1.89453125,-0.24609375,0.25041288075779344,17,1712915080638
1154,-0.65625,1.96484375,-0.34765625,0.25041288075779344,45,1712915080638
1154,-0.734375,1.95703125,-0.4453125,0.25041288075779344,62,1712915080638
1154,-0.748046875,1.931640625,-0.669921875,0.25041288075779344,26,1712915080638
1154,-0.69140625,2.078125,0.3203125,0.25041288075779344,45,1712915080638
1154,-0.703125,2.138671875,0.037109375,0.25041288075779344,81,1712915080638
1154,-0.71484375,2.173828125,-0.068359375,0.25041288075779344,64,1712915080638
1154,-0.80078125,2.171875,-0.25,0.25041288075779344,29,1712915080638
1154,-0.55859375,1.857421875,-0.419921875,0.37561932113669017,29,1712915080638
1154,-0.568359375,1.8828125,-0.47265625,0.37561932113669017,61,1712915080638
1154,-0.580078125,1.927734375,-0.439453125,0.37561932113669017,68,1712915080638
1154,-0.72265625,1.96484375,-0.158203125,0.37561932113669017,66,1712915080638
1154,-0.734375,2.0078125,0.03125,0.37561932113669017,163,1712915080638
1154,-0.748046875,2.041015625,0.0859375,0.37561932113669017,234,1712915080638
1154,-0.76171875,2.07421875,0.154296875,0.37561932113669017,174,1712915080638
1154,-0.6328125,2.146484375,0.25390625,0.37561932113669017,106,1712915080638
1154,-0.71484375,2.16796875,0.18359375,0.37561932113669017,76,1712915080638
1154,-0.80078125,2.177734375,0.19140625,0.37561932113669017,31,1712915080638
1154,-0.55859375,1.892578125,-0.216796875,0.5008257615155869,38,1712915080638
1154,-0.568359375,1.923828125,-0.267578125,0.5008257615155869,84,1712915080638
1154,-0.580078125,1.958984375,-0.271484375,0.5008257615155869,91,1712915080638
1154,-0.65625,1.9921875,-0.091796875,0.5008257615155869,65,1712915080638
1154,-0.734375,2.0,0.177734375,0.5008257615155869,182,1712915080638
1154,-0.748046875,2.03125,0.220703125,0.5008257615155869,271,1712915080638
1154,-0.76171875,2.064453125,0.244140625,0.5008257615155869,203,1712915080638
1154,-0.7734375,2.09765625,0.279296875,0.5008257615155869,76,1712915080638
1154,-0.787109375,2.12890625,0.30859375,0.5008257615155869,32,1712915080638
1154,-0.658203125,1.603515625,-0.28125,0.6260322018944836,21,1712915080638
1154,-0.6171875,1.6640625,-0.267578125,0.6260322018944836,23,1712915080638
1154,-0.80078125,1.96484375,0.251953125,0.6260322018944836,81,1712915080638
1154,-0.81640625,1.998046875,0.28125,0.6260322018944836,125,1712915080638
1154,-0.830078125,2.03125,0.30078125,0.6260322018944836,97,1712915080638
1154,-0.7734375,2.09765625,0.267578125,0.6260322018944836,41,1712915080638
1154,-0.58984375,1.59765625,-0.224609375,0.7512386422733803,28,1712915080638
1154,-0.603515625,1.640625,-0.169921875,0.7512386422733803,60,1712915080638
1154,-0.673828125,1.654296875,-0.16796875,0.7512386422733803,60,1712915080638
1154,-0.6875,1.693359375,-0.126953125,0.7512386422733803,28,1712915080638
1154,-0.697265625,1.5625,-0.1484375,0.876445082652277,23,1712915080638
1154,-0.658203125,1.626953125,-0.080078125,0.876445082652277,50,1712915080638
1154,-0.673828125,1.662109375,-0.06640625,0.876445082652277,50,1712915080638
1154,-0.6875,1.69921875,-0.025390625,0.876445082652277,23,1712915080638
1154,-1.240234375,2.033203125,-0.6953125,-0.876445082652277,24,1712915080638
1154,-1.220703125,2.037109375,-0.57421875,-0.7512386422733803,21,1712915080638
1154,-1.318359375,2.052734375,-0.45703125,-0.7512386422733803,24,1712915080638
1154,-1.0859375,2.146484375,-0.607421875,-0.6260322018944836,42,1712915080638
1154,-1.1015625,2.181640625,-0.61328125,-0.6260322018944836,42,1712915080638
1154,-1.14453125,2.125,-0.375,-0.5008257615155869,40,1712915080638
1154,-1.1640625,2.15625,-0.390625,-0.5008257615155869,76,1712915080638
1154,-1.181640625,2.193359375,-0.3828125,-0.5008257615155869,72,1712915080638
1154,-1.19921875,2.22265625,-0.400390625,-0.5008257615155869,36,1712915080638
1154,-1.337890625,2.134765625,0.037109375,-0.37561932113669017,22,1712915080638
1154,-3.306640625,0.0,3.423828125,-0.37561932113669017,28,1712915080638
1154,-3.33984375,0.0,3.458984375,-0.37561932113669017,42,1712915080638
1154,-3.373046875,0.0,3.61328125,-0.37561932113669017,33,1712915080638
1155,-0.525390625,0.6171875,-1.685546875,0.0,13,1712915080738
1155,-1.1328125,1.53515625,0.0625,0.0,13,1712915080738
1155,-1.03515625,1.634765625,-0.216796875,0.0,19,1712915080738
1155,-0.9921875,1.685546875,-0.33984375,0.0,17,1712915080738
1155,-0.6953125,1.8984375,-0.08203125,0.0,23,1712915080738
1155,-0.708984375,1.9140625,-0.28515625,0.0,68,1712915080738
1155,-0.65625,1.970703125,-0.302734375,0.0,102,1712915080738
1155,-0.66796875,2.001953125,-0.345703125,0.0,83,1712915080738
1155,-0.748046875,2.03125,-0.220703125,0.0,68,1712915080738
1155,-0.76171875,2.078125,-0.06640625,0.0,75,1712915080738
1155,-0.7734375,2.115234375,-0.005859375,0.0,63,1712915080738
1155,-0.787109375,2.150390625,0.0625,0.0,44,1712915080738
1155,-1.013671875,1.599609375,-0.23828125,0.12520644037889672,19,1712915080738
1155,-0.97265625,1.65625,-0.31640625,0.12520644037889672,30,1712915080738
1155,-0.869140625,1.767578125,-0.251953125,0.12520644037889672,31,1712915080738
1155,-0.7578125,1.873046875,-0.111328125,0.12520644037889672,54,1712915080738
1155,-0.708984375,1.9296875,-0.150390625,0.12520644037889672,123,1712915080738
1155,-0.72265625,1.96484375,-0.16796875,0.12520644037889672,168,1712915080738
1155,-0.734375,2.00390625,-0.12109375,0.12520644037889672,165,1712915080738
1155,-0.748046875,2.04296875,0.01953125,0.12520644037889672,214,1712915080738
1155,-0.76171875,2.078125,0.09375,0.12520644037889672,233,1712915080738
1155,-0.7734375,2.109375,0.154296875,0.12520644037889672,156,1712915080738
1155,-0.787109375,2.13671875,0.240234375,0.12520644037889672,82,1712915080738
1155,-0.80078125,2.16796875,0.28515625,0.12520644037889672,36,1712915080738
1155,-0.89453125,1.64453125,-0.373046875,0.25041288075779344,24,1712915080738
1155,-0.912109375,1.681640625,-0.361328125,0.25041288075779344,34,1712915080738
1155,-0.806640625,1.810546875,-0.119140625,0.25041288075779344,31,1712915080738
1155,-0.7578125,1.873046875,0.087890625,0.25041288075779344,49,1712915080738
1155,-0.708984375,1.93359375,0.07421875,0.25041288075779344,86,1712915080738
1155,-0.72265625,1.96875,0.08984375,0.25041288075779344,97,1712915080738
1155,-0.734375,2.0,0.166015625,0.25041288075779344,132,1712915080738
1155,-0.81640625,2.00390625,0.23046875,0.25041288075779344,261,1712915080738
1155,-0.830078125,2.037109375,0.255859375,0.25041288075779344,318,1712915080738
1155,-0.84375,2.068359375,0.2890625,0.25041288075779344,205,1712915080738
1155,-0.859375,2.091796875,0.359375,0.25041288075779344,67,1712915080738
1155,-0.89453125,1.646484375,-0.36328125,0.37561932113669017,20,1712915080738
1155,-0.912109375,1.6953125,-0.291015625,0.37561932113669017,27,1712915080738
1155,-1.0546875,1.65234375,-0.310546875,0.37561932113669017,15,1712915080738
1155,-0.7734375,1.90625,-0.12890625,0.37561932113669017,26,1712915080738
1155,-0.80078125,1.931640625,0.439453125,0.37561932113669017,40,1712915080738
1155,-0.81640625,1.97265625,0.41796875,0.37561932113669017,121,1712915080738
1155,-0.830078125,2.009765625,0.41796875,0.37561932113669017,168,1712915080738
1155,-0.9140625,2.01171875,0.4375,0.37561932113669017,110,1712915080738
1155,-0.859375,2.087890625,0.384765625,0.37561932113669017,36,1712915080738
1155,-0.708984375,1.92578125,-0.205078125,0.5008257615155869,32,1712915080738
1155,-0.72265625,1.955078125,-0.25390625,0.5008257615155869,31,1712915080738
1155,-0.72265625,1.9453125,-0.3203125,0.6260322018944836,32,1712915080738
1155,-0.708984375,1.92578125,-0.20703125,0.7512386422733803,21,1712915080738
1155,-0.72265625,1.9453125,-0.322265625,0.7512386422733803,28,1712915080738
1155,-0.66796875,1.998046875,-0.365234375,0.7512386422733803,23,1712915080738
1155,-0.458984375,1.087890625,1.400390625,-0.876445082652277,20,1712915080738
1155,-0.41015625,1.119140625,1.44140625,-0.876445082652277,52,1712915080738
1155,-0.4765625,1.099609375,1.484375,-0.876445082652277,64,1712915080738
1155,-0.42578125,1.14453125,1.517578125,-0.876445082652277,40,1712915080738
1155,-0.458984375,0.962890625,1.490234375,-0.7512386422733803,52,1712915080738
1155,-0.466796875,0.9296875,1.5546875,-0.7512386422733803,140,1712915080738
1155,-0.4765625,0.93359375,1.595703125,-0.7512386422733803,173,1712915080738
1155,-0.486328125,0.927734375,1.640625,-0.7512386422733803,106,1712915080738
1155,-0.49609375,0.98828125,1.6484375,-0.7512386422733803,30,1712915080738
1155,-0.453125,1.6015625,2.376953125,-0.7512386422733803,27,1712915080738
1155,-0.458984375,1.583984375,2.43359375,-0.7512386422733803,22,1712915080738
1155,-0.458984375,0.5859375,1.673828125,-0.6260322018944836,40,1712915080738
1155,-0.466796875,0.67578125,1.6796875,-0.6260322018944836,108,1712915080738
1155,-0.4765625,0.65234375,1.728515625,-0.6260322018944836,132,1712915080738
1156,-0.806640625,1.78125,-0.33984375,0.0,40,1712915080838
1156,-0.7578125,1.845703125,-0.333984375,0.0,81,1712915080838
1156,-0.7734375,1.87109375,-0.388671875,0.0,68,1712915080838
1156,-0.65625,1.916015625,-0.5546875,0.0,18,1712915080838
1156,-0.935546875,1.908203125,-0.234375,0.0,22,1712915080838
1156,-0.884765625,1.9765625,-0.208984375,0.0,43,1712915080838
1156,-0.900390625,2.0234375,0.04296875,0.0,57,1712915080838
1156,-0.9140625,2.05078125,0.177734375,0.0,43,1712915080838
1156,-3.240234375,0.0,-3.498046875,0.0,19,1712915080838
1156,-3.390625,0.0,-3.451171875,0.0,25,1712915080838
1156,-3.42578125,0.0,-3.53515625,0.0,17,1712915080838
1156,-0.806640625,1.794921875,-0.265625,0.12520644037889672,112,1712915080838
1156,-0.7578125,1.859375,-0.251953125,0.12520644037889672,226,1712915080838
1156,-0.7734375,1.890625,-0.28125,0.12520644037889672,198,1712915080838
1156,-0.72265625,1.931640625,-0.3984375,0.12520644037889672,63,1712915080838
1156,-1.001953125,1.87109375,0.248046875,0.12520644037889672,32,1712915080838
1156,-0.884765625,1.986328125,0.095703125,0.12520644037889672,87,1712915080838
1156,-0.900390625,2.0078125,0.25,0.12520644037889672,131,1712915080838
1156,-0.9140625,2.029296875,0.341796875,0.12520644037889672,105,1712915080838
1156,-0.9296875,2.0703125,0.306640625,0.12520644037889672,39,1712915080838
1156,-0.806640625,1.80859375,-0.134765625,0.25041288075779344,114,1712915080838
1156,-0.822265625,1.84375,-0.12890625,0.25041288075779344,243,1712915080838
1156,-0.837890625,1.87890625,-0.146484375,0.25041288075779344,237,1712915080838
1156,-0.787109375,1.935546875,-0.208984375,0.25041288075779344,109,1712915080838
1156,-0.80078125,1.962890625,-0.26953125,0.25041288075779344,23,1712915080838
1156,-0.96875,1.931640625,0.48046875,0.25041288075779344,47,1712915080838
1156,-0.9140625,1.978515625,0.5703125,0.25041288075779344,38,1712915080838
1156,-0.806640625,1.80078125,-0.220703125,0.37561932113669017,59,1712915080838
1156,-0.822265625,1.845703125,-0.119140625,0.37561932113669017,109,1712915080838
1156,-0.90234375,1.8515625,-0.07421875,0.37561932113669017,100,1712915080838
1156,-0.853515625,1.91796875,-0.07421875,0.37561932113669017,54,1712915080838
1156,-0.869140625,1.939453125,-0.232421875,0.37561932113669017,27,1712915080838
1156,-0.73046875,1.75390625,-0.423828125,0.5008257615155869,60,1712915080838
1156,-0.744140625,1.787109375,-0.4375,0.5008257615155869,118,1712915080838
1156,-0.822265625,1.796875,-0.435546875,0.5008257615155869,107,1712915080838
1156,-0.837890625,1.83984375,-0.400390625,0.5008257615155869,43,1712915080838
1156,-1.14453125,2.095703125,-0.515625,0.5008257615155869,43,1712915080838
1156,-1.1640625,2.12890625,-0.5234375,0.5008257615155869,62,1712915080838
1156,-1.181640625,2.15625,-0.552734375,0.5008257615155869,49,1712915080838
1156,-1.279296875,2.150390625,-0.53125,0.5008257615155869,19,1712915080838
1156,-0.71484375,1.73046875,-0.375,0.6260322018944836,18,1712915080838
1156,-0.73046875,1.779296875,-0.306640625,0.6260322018944836,92,1712915080838
1156,-0.744140625,1.810546875,-0.330078125,0.6260322018944836,182,1712915080838
1156,-0.822265625,1.8203125,-0.318359375,0.6260322018944836,169,1712915080838
1156,-0.837890625,1.85546875,-0.322265625,0.6260322018944836,72,1712915080838
1156,-1.220703125,2.07421875,-0.416015625,0.6260322018944836,38,1712915080838
1156,-1.1640625,2.15625,-0.392578125,0.6260322018944836,50,1712915080838
1156,-1.259765625,2.158203125,-0.3203125,0.6260322018944836,35,1712915080838
1156,-0.791015625,1.76171875,-0.251953125,0.7512386422733803,50,1712915080838
1156,-0.806640625,1.796875,-0.25390625,0.7512386422733803,97,1712915080838
1156,-0.822265625,1.83203125,-0.251953125,0.7512386422733803,90,1712915080838
1156,-0.837890625,1.869140625,-0.232421875,0.7512386422733803,39,1712915080838
1156,-0.869140625,1.712890625,-0.50390625,0.876445082652277,33,1712915080838
1156,-0.884765625,1.75,-0.5,0.876445082652277,36,1712915080838
1156,-0.90234375,1.796875,-0.453125,0.876445082652277,23,1712915080838
1156,-3.35546875,0.0,3.68359375,-0.37561932113669017,50,1712915080838
1156,-3.390625,0.0,-3.716796875,-0.37561932113669017,65,1712915080838
1156,-3.42578125,0.0,3.744140625,-0.37561932113669017,40,1712915080838
1156,-3.35546875,0.0,-3.34375,-0.25041288075779344,39,1712915080838
1156,-3.390625,0.0,-3.513671875,-0.25041288075779344,51,1712915080838
1156,-3.54296875,0.0,-3.556640625,-0.25041288075779344,33,1712915080838
1156,-0.822265625,1.794921875,-0.443359375,-0.12520644037889672,20,1712915080838
1156,-0.837890625,1.833984375,-0.43359375,-0.12520644037889672,25,1712915080838
1156,-0.787109375,1.8984375,-0.431640625,-0.12520644037889672,19,1712915080838
1157,-0.9296875,1.736328125,-0.248046875,0.0,27,1712915080939
1157,-0.822265625,1.81640625,-0.34375,0.0,76,1712915080939
1157,-0.90234375,1.8203125,-0.353515625,0.0,94,1712915080939
1157,-0.853515625,1.880859375,-0.376953125,0.0,48,1712915080939
1157,-0.935546875,1.875,-0.419921875,0.0,33,1712915080939
1157,-0.951171875,1.90234375,-0.458984375,0.0,96,1712915080939
1157,-0.96875,1.951171875,-0.39453125,0.0,113,1712915080939
1157,-0.9140625,2.0390625,-0.2734375,0.0,89,1712915080939
1157,-0.9296875,2.083984375,-0.189453125,0.0,32,1712915080939
1157,-0.869140625,1.78515625,-0.0546875,0.12520644037889672,59,1712915080939
1157,-0.884765625,1.814453125,-0.12890625,0.12520644037889672,148,1712915080939
1157,-0.90234375,1.84375,-0.1875,0.12520644037889672,177,1712915080939
1157,-0.91796875,1.87109375,-0.2578125,0.12520644037889672,103,1712915080939
1157,-1.001953125,1.875,-0.228515625,0.12520644037889672,68,1712915080939
1157,-0.951171875,1.947265625,-0.18359375,0.12520644037889672,160,1712915080939
1157,-0.900390625,2.0234375,-0.021484375,0.12520644037889672,260,1712915080939
1157,-0.986328125,2.0234375,0.083984375,0.12520644037889672,243,1712915080939
1157,-1.001953125,2.0546875,0.138671875,0.12520644037889672,91,1712915080939
1157,-0.806640625,1.80859375,-0.130859375,0.25041288075779344,76,1712915080939
1157,-0.884765625,1.81640625,-0.08984375,0.25041288075779344,170,1712915080939
1157,-0.90234375,1.849609375,-0.115234375,0.25041288075779344,203,1712915080939
1157,-0.91796875,1.87890625,-0.1875,0.25041288075779344,150,1712915080939
1157,-0.869140625,1.93359375,-0.2734375,0.25041288075779344,118,1712915080939
1157,-0.951171875,1.951171875,-0.15625,0.25041288075779344,168,1712915080939
1157,-0.900390625,2.0234375,-0.029296875,0.25041288075779344,205,1712915080939
1157,-0.986328125,2.0234375,0.076171875,0.25041288075779344,150,1712915080939
1157,-1.001953125,2.05859375,0.072265625,0.25041288075779344,41,1712915080939
1157,-0.869140625,1.78125,-0.12109375,0.37561932113669017,39,1712915080939
1157,-0.822265625,1.845703125,-0.107421875,0.37561932113669017,89,1712915080939
1157,-0.837890625,1.880859375,-0.115234375,0.37561932113669017,108,1712915080939
1157,-0.853515625,1.9140625,-0.134765625,0.37561932113669017,91,1712915080939
1157,-0.935546875,1.908203125,-0.236328125,0.37561932113669017,84,1712915080939
1157,-0.951171875,1.931640625,-0.30859375,0.37561932113669017,90,1712915080939
1157,-0.900390625,1.998046875,-0.3125,0.37561932113669017,73,1712915080939
1157,-0.9140625,2.029296875,-0.341796875,0.37561932113669017,41,1712915080939
1157,-1.01953125,1.916015625,-0.142578125,0.5008257615155869,19,1712915080939
1157,-0.986328125,2.025390625,-0.03515625,0.5008257615155869,20,1712915080939
1157,-1.279296875,2.09765625,-0.7109375,0.6260322018944836,30,1712915080939
1157,-1.298828125,2.1328125,-0.712890625,0.6260322018944836,22,1712915080939
1157,-1.259765625,2.111328125,-0.548828125,0.7512386422733803,38,1712915080939
1157,-1.279296875,2.140625,-0.568359375,0.7512386422733803,56,1712915080939
1157,-1.298828125,2.158203125,-0.6328125,0.7512386422733803,40,1712915080939
1157,-1.279296875,2.162109375,-0.484375,0.876445082652277,30,1712915080939
1157,-1.298828125,2.18359375,-0.53125,0.876445082652277,26,1712915080939
1157,-0.951171875,1.955078125,0.076171875,-0.25041288075779344,52,1712915080939
1157,-0.96875,1.98828125,0.1015625,-0.25041288075779344,103,1712915080939
1157,-1.056640625,1.986328125,0.10546875,-0.25041288075779344,103,1712915080939
1157,-1.001953125,2.052734375,0.16015625,-0.25041288075779344,58,1712915080939
1157,-3.587890625,0.0,2.900390625,-0.25041288075779344,28,1712915080939
1157,-3.625,0.0,2.978515625,-0.25041288075779344,25,1712915080939
1157,-0.90234375,1.80859375,-0.40625,-0.12520644037889672,25,1712915080939
1157,-0.935546875,1.921875,-0.017578125,-0.12520644037889672,32,1712915080939
1157,-0.951171875,1.953125,0.12890625,-0.12520644037889672,121,1712915080939
1157,-0.96875,1.982421875,0.17578125,-0.12520644037889672,204,1712915080939
1157,-0.986328125,2.015625,0.1953125,-0.12520644037889672,188,1712915080939
1157,-1.001953125,2.046875,0.220703125,-0.12520644037889672,94,1712915080939
1157,-3.587890625,0.0,3.234375,-0.12520644037889672,27,1712915080939
1157,-3.625,0.0,3.275390625,-0.12520644037889672,23,1712915080939
1157,-1.8046875,0.0,1.591796875,0.0,17,1712915080939
1157,-1.8515625,1.458984375,2.85546875,-0.25041288075779344,21,1712915080939
1157,-1.75390625,0.716796875,3.2265625,-0.25041288075779344,19,1712915080939
1157,-1.736328125,0.0,3.5,-0.12520644037889672,21,1712915080939
1157,-1.87109375,1.619140625,2.806640625,-0.12520644037889672,16,1712915080939
1158,-0.822265625,1.71875,-0.68359375,0.0,28,1712915081040
1158,-0.837890625,1.76953125,-0.646484375,0.0,49,1712915081040
1158,-1.24609375,1.666015625,-0.283203125,0.0,19,1712915081040
1158,-1.001953125,1.84375,-0.41015625,0.0,106,1712915081040
1158,-0.884765625,1.951171875,-0.384765625,0.0,171,1712915081040
1158,-0.96875,1.978515625,-0.232421875,0.0,168,1712915081040
1158,-0.986328125,2.0234375,-0.0859375,0.0,126,1712915081040
1158,-1.001953125,2.060546875,-0.001953125,0.0,66,1712915081040
1158,-3.703125,0.0,3.388671875,0.0,11,1712915081040
1158,-0.822265625,1.794921875,-0.447265625,0.12520644037889672,53,1712915081040
1158,-0.837890625,1.830078125,-0.447265625,0.12520644037889672,112,1712915081040
1158,-0.91796875,1.837890625,-0.431640625,0.12520644037889672,221,1712915081040
1158,-0.935546875,1.890625,-0.345703125,0.12520644037889672,397,1712915081040
1158,-0.951171875,1.947265625,-0.193359375,0.12520644037889672,502,1712915081040
1158,-0.96875,1.990234375,0.0078125,0.12520644037889672,494,1712915081040
1158,-0.986328125,2.021484375,0.125,0.12520644037889672,404,1712915081040
1158,-1.001953125,2.0546875,0.130859375,0.12520644037889672,220,1712915081040
1158,-1.01953125,2.09375,0.03515625,0.12520644037889672,56,1712915081040
1158,-0.806640625,1.7734375,-0.380859375,0.25041288075779344,47,1712915081040
1158,-0.822265625,1.818359375,-0.337890625,0.25041288075779344,227,1712915081040
1158,-0.837890625,1.85546875,-0.328125,0.25041288075779344,454,1712915081040
1158,-0.91796875,1.859375,-0.326171875,0.25041288075779344,566,1712915081040
1158,-0.935546875,1.90234375,-0.27734375,0.25041288075779344,588,1712915081040
1158,-0.951171875,1.953125,-0.1328125,0.25041288075779344,540,1712915081040
1158,-0.96875,1.98828125,0.12109375,0.25041288075779344,475,1712915081040
1158,-0.986328125,2.0078125,0.263671875,0.25041288075779344,436,1712915081040
1158,-1.001953125,2.04296875,0.265625,0.25041288075779344,265,1712915081040
1158,-1.01953125,2.08984375,0.1328125,0.25041288075779344,85,1712915081040
1158,-0.9609375,2.162109375,-0.060546875,0.25041288075779344,29,1712915081040
1158,-0.869140625,1.759765625,-0.294921875,0.37561932113669017,44,1712915081040
1158,-0.884765625,1.806640625,-0.22265625,0.37561932113669017,228,1712915081040
1158,-0.837890625,1.873046875,-0.19921875,0.37561932113669017,460,1712915081040
1158,-0.91796875,1.876953125,-0.197265625,0.37561932113669017,480,1712915081040
1158,-0.935546875,1.9140625,-0.17578125,0.37561932113669017,317,1712915081040
1158,-1.01953125,1.921875,-0.064453125,0.37561932113669017,196,1712915081040
1158,-0.96875,1.974609375,0.2578125,0.37561932113669017,140,1712915081040
1158,-0.986328125,1.98046875,0.421875,0.37561932113669017,157,1712915081040
1158,-1.001953125,2.01953125,0.400390625,0.37561932113669017,113,1712915081040
1158,-1.01953125,2.083984375,0.208984375,0.37561932113669017,53,1712915081040
1158,-1.03515625,2.123046875,0.158203125,0.37561932113669017,39,1712915081040
1158,-0.884765625,1.814453125,-0.123046875,0.5008257615155869,62,1712915081040
1158,-0.90234375,1.8515625,-0.072265625,0.5008257615155869,131,1712915081040
1158,-0.91796875,1.88671875,-0.0625,0.5008257615155869,116,1712915081040
1158,-0.80078125,1.978515625,0.130859375,0.5008257615155869,32,1712915081040
1158,-0.951171875,1.955078125,-0.060546875,0.5008257615155869,32,1712915081040
1158,-1.107421875,1.91796875,0.017578125,-0.25041288075779344,22,1712915081040
1158,-0.837890625,1.703125,-0.806640625,-0.12520644037889672,22,1712915081040
1158,-1.15625,1.806640625,0.369140625,-0.12520644037889672,15,1712915081040
1158,-1.107421875,1.90234375,0.24609375,-0.12520644037889672,34,1712915081040
1158,-1.197265625,1.892578125,0.240234375,-0.12520644037889672,22,1712915081040
1158,3.587890625,0.0,3.06640625,-0.12520644037889672,18,1712915081040
1158,3.625,0.0,3.041015625,-0.12520644037889672,15,1712915081040
1158,-0.58984375,1.984375,-0.353515625,0.0,17,1712915081040
1158,-1.966796875,2.119140625,2.3125,0.0,9,1712915081040
1158,-2.0390625,0.0,2.068359375,-0.12520644037889672,8,1712915081040
1158,-1.736328125,1.697265625,2.796875,-0.12520644037889672,15,1712915081040
1158,-1.63671875,1.392578125,3.0625,-0.12520644037889672,13,1712915081040
1159,-0.94921875,1.693359375,-0.57421875,0.0,17,1712915081140
1159,-0.90234375,1.736328125,-0.6484375,0.0,57,1712915081140
1159,-0.91796875,1.76171875,-0.677734375,0.0,99,1712915081140
1159,-0.935546875,1.8125,-0.640625,0.0,101,1712915081140
1159,-0.951171875,1.9296875,-0.322265625,0.0,79,1712915081140
1159,-1.037109375,1.919921875,-0.373046875,0.0,74,1712915081140
1159,-1.056640625,1.873046875,-0.671875,0.0,33,1712915081140
1159,-0.884765625,1.765625,-0.44140625,0.12520644037889672,35,1712915081140
1159,-0.90234375,1.7890625,-0.48828125,0.12520644037889672,107,1712915081140
1159,-0.91796875,1.822265625,-0.4921875,0.12520644037889672,151,1712915081140
1159,-1.001953125,1.830078125,-0.46484375,0.12520644037889672,185,1712915081140
1159,-0.951171875,1.896484375,-0.478515625,0.12520644037889672,279,1712915081140
1159,-1.037109375,1.912109375,-0.408203125,0.12520644037889672,268,1712915081140
1159,-1.056640625,1.94921875,-0.39453125,0.12520644037889672,141,1712915081140
1159,-1.07421875,2.0234375,-0.037109375,0.12520644037889672,67,1712915081140
1159,-1.1640625,1.962890625,-0.458984375,0.12520644037889672,31,1712915081140
1159,-3.625,0.0,3.251953125,0.12520644037889672,18,1712915081140
1159,-0.94921875,1.751953125,-0.35546875,0.25041288075779344,22,1712915081140
1159,-0.966796875,1.7734375,-0.412109375,0.25041288075779344,53,1712915081140
1159,-1.05078125,1.818359375,-0.056640625,0.25041288075779344,78,1712915081140
1159,-1.001953125,1.869140625,-0.267578125,0.25041288075779344,439,1712915081140
1159,-1.01953125,1.90234375,-0.26953125,0.25041288075779344,762,1712915081140
1159,-1.037109375,1.939453125,-0.25,0.25041288075779344,645,1712915081140
1159,-1.056640625,1.97265625,-0.26171875,0.25041288075779344,286,1712915081140
1159,-1.07421875,2.021484375,0.099609375,0.25041288075779344,86,1712915081140
1159,-0.966796875,1.8203125,0.064453125,0.37561932113669017,57,1712915081140
1159,-0.91796875,1.876953125,-0.19921875,0.37561932113669017,93,1712915081140
1159,-1.068359375,1.8515625,-0.041015625,0.37561932113669017,221,1712915081140
1159,-1.087890625,1.8828125,-0.05859375,0.37561932113669017,453,1712915081140
1159,-1.037109375,1.953125,-0.08984375,0.37561932113669017,411,1712915081140
1159,-1.056640625,1.984375,-0.146484375,0.37561932113669017,173,1712915081140
1159,-1.419921875,2.150390625,-0.70703125,0.37561932113669017,32,1712915081140
1159,-1.525390625,2.115234375,-0.740234375,0.37561932113669017,30,1712915081140
1159,-0.966796875,1.8203125,0.0078125,0.5008257615155869,92,1712915081140
1159,-0.91796875,1.8828125,-0.134765625,0.5008257615155869,250,1712915081140
1159,-0.935546875,1.912109375,-0.19921875,0.5008257615155869,270,1712915081140
1159,-0.884765625,1.970703125,-0.2578125,0.5008257615155869,104,1712915081140
1159,-1.17578125,1.794921875,0.546875,0.5008257615155869,30,1712915081140
1159,-1.50390625,2.125,-0.607421875,0.5008257615155869,25,1712915081140
1159,-1.525390625,2.158203125,-0.6015625,0.5008257615155869,26,1712915081140
1159,-1.4609375,2.224609375,-0.685546875,0.5008257615155869,17,1712915081140
1159,-0.966796875,1.8203125,0.05078125,0.6260322018944836,58,1712915081140
1159,-0.91796875,1.888671875,-0.029296875,0.6260322018944836,154,1712915081140
1159,-0.935546875,1.921875,-0.029296875,0.6260322018944836,177,1712915081140
1159,-1.01953125,1.921875,-0.015625,0.6260322018944836,87,1712915081140
1159,-0.96875,1.986328125,0.130859375,0.7512386422733803,20,1712915081140
1159,-0.984375,1.744140625,-0.6328125,-0.12520644037889672,26,1712915081140
1159,-1.001953125,1.77734375,-0.63671875,-0.12520644037889672,38,1712915081140
1159,-0.951171875,1.875,-0.5625,-0.12520644037889672,42,1712915081140
1159,-0.96875,1.927734375,-0.5,-0.12520644037889672,34,1712915081140
1159,-2.005859375,0.0,2.12109375,0.5008257615155869,18,1712915081140
1160,-0.935546875,1.736328125,-0.82421875,0.0,27,1712915081240
1160,-0.951171875,1.759765625,-0.85546875,0.0,51,1712915081240
1160,-1.037109375,1.810546875,-0.7421875,0.0,54,1712915081240
1160,-1.056640625,1.94140625,-0.4375,0.0,52,1712915081240
1160,-1.07421875,2.013671875,-0.19921875,0.0,39,1712915081240
1160,-1.091796875,2.056640625,-0.00390625,0.0,23,1712915081240
1160,-1.087890625,1.859375,0.30078125,0.12520644037889672,26,1712915081240
1160,-1.107421875,1.908203125,0.19921875,0.12520644037889672,74,1712915081240
1160,-1.126953125,1.947265625,0.10546875,0.12520644037889672,96,1712915081240
1160,-1.14453125,1.982421875,0.0390625,0.12520644037889672,68,1712915081240
1160,-1.236328125,1.970703125,0.109375,0.12520644037889672,26,1712915081240
1160,-1.001953125,1.77734375,-0.63671875,0.25041288075779344,94,1712915081240
1160,-1.01953125,1.8359375,-0.56640625,0.25041288075779344,299,1712915081240
1160,-1.037109375,1.859375,-0.60546875,0.25041288075779344,394,1712915081240
1160,-1.056640625,1.7890625,-0.869140625,0.25041288075779344,222,1712915081240
1160,-0.9296875,1.671875,-1.259765625,0.25041288075779344,52,1712915081240
1160,-1.01953125,2.09375,-0.0390625,0.25041288075779344,42,1712915081240
1160,-1.109375,2.08984375,-0.001953125,0.25041288075779344,43,1712915081240
1160,-0.984375,1.841796875,-0.212890625,0.37561932113669017,27,1712915081240
1160,-1.001953125,1.8515625,-0.3671875,0.37561932113669017,196,1712915081240
1160,-1.01953125,1.890625,-0.349609375,0.37561932113669017,545,1712915081240
1160,-1.037109375,1.92578125,-0.34375,0.37561932113669017,700,1712915081240
1160,-1.056640625,1.958984375,-0.349609375,0.37561932113669017,430,1712915081240
1160,-1.07421875,2.009765625,-0.2265625,0.37561932113669017,144,1712915081240
1160,-1.091796875,2.0390625,0.267578125,0.37561932113669017,80,1712915081240
1160,-1.109375,2.064453125,0.328125,0.37561932113669017,61,1712915081240
1160,-0.91796875,1.88671875,-0.080078125,0.5008257615155869,63,1712915081240
1160,-0.935546875,1.916015625,-0.154296875,0.5008257615155869,236,1712915081240
1160,-1.01953125,1.916015625,-0.150390625,0.5008257615155869,428,1712915081240
1160,-1.037109375,1.951171875,-0.146484375,0.5008257615155869,439,1712915081240
1160,-1.126953125,1.947265625,-0.109375,0.5008257615155869,240,1712915081240
1160,-1.07421875,2.0234375,-0.00390625,0.5008257615155869,75,1712915081240
1160,-1.01953125,2.03125,0.5078125,0.5008257615155869,32,1712915081240
1160,-0.984375,1.853515625,0.052734375,0.6260322018944836,55,1712915081240
1160,-1.001953125,1.888671875,0.033203125,0.6260322018944836,178,1712915081240
1160,-0.951171875,1.95703125,0.001953125,0.6260322018944836,258,1712915081240
1160,-0.96875,1.990234375,-0.001953125,0.6260322018944836,176,1712915081240
1160,-0.986328125,2.025390625,-0.001953125,0.6260322018944836,60,1712915081240
1160,-0.935546875,1.91796875,0.1328125,0.7512386422733803,42,1712915081240
1160,-0.951171875,1.953125,0.1328125,0.7512386422733803,57,1712915081240
1160,-1.037109375,1.953125,0.1015625,0.7512386422733803,41,1712915081240
1160,-0.986328125,2.025390625,-0.041015625,0.7512386422733803,21,1712915081240
1160,-0.884765625,1.763671875,-0.91796875,-0.12520644037889672,21,1712915081240
1160,-0.96875,1.755859375,-0.9375,-0.12520644037889672,20,1712915081240
1160,-2.291015625,0.0,1.75390625,0.25041288075779344,33,1712915081240
1161,-1.037109375,1.818359375,-0.72265625,0.0,25,1712915081340
1161,-1.056640625,1.791015625,-0.8671875,0.0,36,1712915081340
1161,-1.001953125,1.771484375,-1.048828125,0.0,24,1712915081340
1161,-0.984375,1.69921875,-0.74609375,0.12520644037889672,22,1712915081340
1161,-1.001953125,1.763671875,-0.673828125,0.12520644037889672,28,1712915081340
1161,-1.087890625,1.76953125,-0.6484375,0.12520644037889672,17,1712915081340
1161,-1.310546875,1.830078125,-0.6015625,0.12520644037889672,29,1712915081340
1161,-1.2578125,1.9140625,-0.6015625,0.12520644037889672,33,1712915081340
1161,3.587890625,0.0,2.794921875,0.12520644037889672,23,1712915081340
1161,-1.05078125,1.751953125,-0.486328125,0.25041288075779344,28,1712915081340
1161,-1.001953125,1.814453125,-0.5234375,0.25041288075779344,30,1712915081340
1161,-1.15625,1.779296875,-0.48046875,0.25041288075779344,28,1712915081340
1161,-1.037109375,1.904296875,-0.44921875,0.25041288075779344,81,1712915081340
1161,-1.056640625,1.958984375,-0.353515625,0.25041288075779344,133,1712915081340
1161,-1.07421875,2.017578125,-0.15234375,0.25041288075779344,125,1712915081340
1161,-1.091796875,2.037109375,0.279296875,0.25041288075779344,73,1712915081340
1161,-1.109375,2.072265625,0.283203125,0.25041288075779344,33,1712915081340
1161,-0.951171875,1.943359375,-0.22265625,0.37561932113669017,46,1712915081340
1161,-1.037109375,1.931640625,-0.3046875,0.37561932113669017,152,1712915081340
1161,-1.056640625,1.95703125,-0.361328125,0.37561932113669017,253,1712915081340
1161,-1.07421875,2.005859375,-0.26171875,0.37561932113669017,263,1712915081340
1161,-1.091796875,2.048828125,0.17578125,0.37561932113669017,212,1712915081340
1161,-1.109375,2.08203125,0.189453125,0.37561932113669017,173,1712915081340
1161,-1.203125,2.078125,0.14453125,0.37561932113669017,97,1712915081340
1161,-0.935546875,1.921875,0.04296875,0.5008257615155869,31,1712915081340
1161,-0.951171875,1.953125,-0.126953125,0.5008257615155869,156,1712915081340
1161,-0.96875,1.984375,-0.15234375,0.5008257615155869,305,1712915081340
1161,-0.986328125,2.017578125,-0.1796875,0.5008257615155869,260,1712915081340
1161,-1.2890625,1.478515625,-1.18359375,0.5008257615155869,65,1712915081340
1161,-1.091796875,2.033203125,0.3125,0.5008257615155869,166,1712915081340
1161,-1.109375,2.07421875,0.2578125,0.5008257615155869,191,1712915081340
1161,-1.126953125,2.109375,0.259765625,0.5008257615155869,110,1712915081340
1161,-1.220703125,2.095703125,0.29296875,0.5008257615155869,29,1712915081340
1161,-0.935546875,1.921875,0.060546875,0.6260322018944836,47,1712915081340
1161,-1.01953125,1.921875,-0.05078125,0.6260322018944836,272,1712915081340
1161,-0.96875,1.98828125,-0.1015625,0.6260322018944836,574,1712915081340
1161,-1.056640625,1.986328125,-0.126953125,0.6260322018944836,563,1712915081340
1161,-1.001953125,2.052734375,-0.1640625,0.6260322018944836,259,1712915081340
1161,-1.01953125,2.09375,0.0234375,0.6260322018944836,82,1712915081340
1161,-1.109375,2.076171875,0.25390625,0.6260322018944836,73,1712915081340
1161,-1.203125,2.052734375,0.35546875,0.6260322018944836,38,1712915081340
1161,-1.001953125,1.873046875,0.232421875,0.7512386422733803,25,1712915081340
1161,-1.01953125,1.921875,0.0703125,0.7512386422733803,147,1712915081340
1161,-0.96875,1.990234375,0.01171875,0.7512386422733803,307,1712915081340
1161,-0.986328125,2.025390625,-0.0078125,0.7512386422733803,308,1712915081340
1161,-1.001953125,2.05859375,-0.029296875,0.7512386422733803,153,1712915081340
1161,-1.01953125,2.09375,0.0,0.7512386422733803,44,1712915081340
1161,-0.96875,1.986328125,0.1328125,0.876445082652277,21,1712915081340
1161,-1.056640625,1.982421875,0.177734375,0.876445082652277,20,1712915081340
1161,-1.056640625,1.703125,-1.029296875,-0.12520644037889672,16,1712915081340
1161,-1.669921875,1.9921875,-0.615234375,-0.12520644037889672,28,1712915081340
1161,-1.779296875,1.96875,-0.556640625,-0.12520644037889672,35,1712915081340
1161,-1.8046875,2.0078125,-0.51953125,-0.12520644037889672,23,1712915081340
1161,-1.50390625,1.833984375,2.84375,0.12520644037889672,14,1712915081340
1162,-1.056640625,1.9375,-0.453125,0.0,21,1712915081441
1162,-1.001953125,1.984375,-0.5546875,0.0,39,1712915081441
1162,-1.01953125,2.025390625,-0.53515625,0.0,36,1712915081441
1162,-1.109375,2.017578125,-0.544921875,0.0,18,1712915081441
1162,-1.837890625,1.94140625,-0.013671875,0.0,19,1712915081441
1162,-1.86328125,1.966796875,-0.095703125,0.0,22,1712915081441
1162,-1.2578125,1.96875,-0.376953125,0.12520644037889672,26,1712915081441
1162,-1.439453125,2.11328125,0.048828125,0.12520644037889672,40,1712915081441
1162,-1.4609375,2.146484375,0.025390625,0.12520644037889672,32,1712915081441
1162,-0.984375,1.80078125,-0.443359375,0.25041288075779344,20,1712915081441
1162,-1.068359375,1.796875,-0.447265625,0.25041288075779344,23,1712915081441
1162,-1.126953125,1.939453125,-0.205078125,0.25041288075779344,30,1712915081441
1162,-1.14453125,1.984375,0.013671875,0.25041288075779344,79,1712915081441
1162,-1.1640625,2.015625,0.052734375,0.25041288075779344,104,1712915081441
1162,-1.2578125,2.005859375,0.01953125,0.25041288075779344,70,1712915081441
1162,-1.115234375,1.744140625,-0.345703125,0.37561932113669017,19,1712915081441
1162,-1.068359375,1.8125,-0.380859375,0.37561932113669017,23,1712915081441
1162,-1.17578125,1.845703125,-0.333984375,0.37561932113669017,20,1712915081441
1162,-1.126953125,1.931640625,-0.27734375,0.37561932113669017,81,1712915081441
1162,-1.07421875,2.021484375,-0.1015625,0.37561932113669017,138,1712915081441
1162,-1.1640625,2.015625,0.029296875,0.37561932113669017,142,1712915081441
1162,-1.18359375,2.048828125,0.056640625,0.37561932113669017,74,1712915081441
1162,-1.126953125,2.125,-0.02734375,0.37561932113669017,33,1712915081441
1162,-1.14453125,2.15625,-0.08203125,0.37561932113669017,27,1712915081441
1162,-1.107421875,1.91796875,-0.02734375,0.5008257615155869,27,1712915081441
1162,-1.056640625,1.98828125,-0.044921875,0.5008257615155869,116,1712915081441
1162,-1.07421875,2.0234375,-0.037109375,0.5008257615155869,191,1712915081441
1162,-1.091796875,2.056640625,-0.056640625,0.5008257615155869,180,1712915081441
1162,-1.109375,2.08984375,-0.0546875,0.5008257615155869,93,1712915081441
1162,-1.203125,2.080078125,0.091796875,0.5008257615155869,65,1712915081441
1162,-1.220703125,2.115234375,0.02734375,0.5008257615155869,56,1712915081441
1162,-1.318359375,2.095703125,-0.173828125,0.5008257615155869,24,1712915081441
1162,-1.037109375,1.9296875,0.322265625,0.6260322018944836,22,1712915081441
1162,-1.056640625,1.990234375,0.029296875,0.6260322018944836,96,1712915081441
1162,-1.07421875,2.021484375,-0.0625,0.6260322018944836,161,1712915081441
1162,-1.091796875,2.05078125,-0.15234375,0.6260322018944836,153,1712915081441
1162,-1.109375,2.080078125,-0.2109375,0.6260322018944836,85,1712915081441
1162,-1.203125,2.080078125,0.091796875,0.6260322018944836,35,1712915081441
1162,-1.298828125,2.06640625,0.107421875,0.6260322018944836,32,1712915081441
1162,-1.056640625,1.98828125,0.06640625,0.7512386422733803,36,1712915081441
1162,-1.07421875,2.0234375,0.013671875,0.7512386422733803,58,1712915081441
1162,-1.091796875,2.056640625,-0.044921875,0.7512386422733803,47,1712915081441
1162,-1.109375,2.08984375,0.013671875,0.7512386422733803,23,1712915081441
1162,-1.779296875,2.01171875,-0.365234375,-0.25041288075779344,20,1712915081441
1162,-1.001953125,1.923828125,-0.736328125,-0.12520644037889672,18,1712915081441
1162,-1.01953125,1.9765625,-0.693359375,-0.12520644037889672,17,1712915081441
1162,-1.728515625,1.9765625,-0.19921875,-0.12520644037889672,19,1712915081441
1162,-1.837890625,1.923828125,-0.255859375,-0.12520644037889672,43,1712915081441
1162,-1.86328125,1.9453125,-0.302734375,-0.12520644037889672,49,1712915081441
1162,-1.890625,1.96484375,-0.34765625,-0.12520644037889672,29,1712915081441
1163,-1.14453125,1.9609375,-0.30078125,0.0,20,1712915081541
1163,-1.1640625,2.017578125,-0.005859375,0.0,26,1712915081541
1163,-1.109375,2.0859375,-0.146484375,0.0,12,1712915081541
1163,-1.126953125,1.916015625,-0.91796875,0.0,17,1712915081541
1163,-1.298828125,1.755859375,-1.095703125,0.0,11,1712915081541
1163,-1.728515625,1.9765625,0.201171875,0.0,26,1712915081541
1163,-1.837890625,1.9375,0.1171875,0.0,40,1712915081541
1163,-1.86328125,1.966796875,0.05078125,0.0,34,1712915081541
1163,-1.216796875,1.861328125,-0.546875,0.12520644037889672,40,1712915081541
1163,-1.1640625,1.923828125,-0.607421875,0.12520644037889672,56,1712915081541
1163,-1.2578125,1.80078125,-0.880859375,0.12520644037889672,46,1712915081541
1163,-1.203125,1.771484375,-1.09375,0.12520644037889672,47,1712915081541
1163,-1.220703125,1.9140625,-0.90234375,0.12520644037889672,37,1712915081541
1163,-1.197265625,1.771484375,-0.70703125,0.25041288075779344,42,1712915081541
1163,-1.216796875,1.84765625,-0.59375,0.25041288075779344,128,1712915081541
1163,-1.1640625,1.9140625,-0.634765625,0.25041288075779344,177,1712915081541
1163,-1.18359375,1.88671875,-0.798828125,0.25041288075779344,122,1712915081541
1163,-1.203125,1.890625,-0.875,0.25041288075779344,76,1712915081541
1163,-1.14453125,2.111328125,-0.443359375,0.25041288075779344,70,1712915081541
1163,-1.1640625,2.17578125,-0.265625,0.25041288075779344,46,1712915081541
1163,-1.197265625,1.818359375,-0.578125,0.37561932113669017,39,1712915081541
1163,-1.14453125,1.92578125,-0.478515625,0.37561932113669017,123,1712915081541
1163,-1.1640625,1.978515625,-0.390625,0.37561932113669017,162,1712915081541
1163,-1.109375,2.07421875,-0.255859375,0.37561932113669017,108,1712915081541
1163,-1.126953125,2.123046875,-0.0859375,0.37561932113669017,47,1712915081541
1163,-1.220703125,2.111328125,0.140625,0.37561932113669017,42,1712915081541
1163,-1.240234375,2.1484375,-0.01171875,0.37561932113669017,52,1712915081541
1163,-1.259765625,2.1796875,-0.091796875,0.37561932113669017,21,1712915081541
1163,-1.07421875,2.00390625,-0.2734375,0.5008257615155869,100,1712915081541
1163,-1.01953125,2.083984375,-0.2109375,0.5008257615155869,214,1712915081541
1163,-1.03515625,2.119140625,-0.189453125,0.5008257615155869,220,1712915081541
1163,-1.052734375,2.142578125,-0.298828125,0.5008257615155869,112,1712915081541
1163,-1.220703125,1.828125,-1.064453125,0.5008257615155869,20,1712915081541
1163,-1.001953125,2.02734375,-0.365234375,0.6260322018944836,102,1712915081541
1163,-1.01953125,2.078125,-0.259765625,0.6260322018944836,247,1712915081541
1163,-1.03515625,2.12109375,-0.181640625,0.6260322018944836,260,1712915081541
1163,-1.052734375,2.158203125,-0.134765625,0.6260322018944836,126,1712915081541
1163,-1.298828125,1.966796875,-0.64453125,0.6260322018944836,30,1712915081541
1163,-1.001953125,2.041015625,-0.279296875,0.7512386422733803,63,1712915081541
1163,-1.01953125,2.083984375,-0.208984375,0.7512386422733803,152,1712915081541
1163,-1.03515625,2.125,-0.11328125,0.7512386422733803,162,1712915081541
1163,-0.9765625,2.197265625,0.0078125,0.7512386422733803,79,1712915081541
1163,-1.01953125,2.09375,-0.052734375,0.876445082652277,25,1712915081541
1163,-1.03515625,2.12890625,0.029296875,0.876445082652277,30,1712915081541
1163,-1.646484375,2.025390625,-0.357421875,-0.37561932113669017,41,1712915081541
1163,-1.75390625,1.978515625,-0.38671875,-0.37561932113669017,55,1712915081541
1163,-1.693359375,2.0546875,-0.501953125,-0.37561932113669017,38,1712915081541
1163,-1.623046875,2.021484375,-0.1484375,-0.25041288075779344,34,1712915081541
1163,-1.646484375,2.046875,-0.205078125,-0.25041288075779344,105,1712915081541
1163,-1.75390625,2.0078125,-0.189453125,-0.25041288075779344,143,1712915081541
1163,-1.779296875,2.033203125,-0.224609375,-0.25041288075779344,96,1712915081541
1163,-1.890625,1.99609375,-0.017578125,-0.25041288075779344,31,1712915081541
1163,-1.623046875,2.025390625,-0.0390625,-0.12520644037889672,29,1712915081541
1163,-1.728515625,1.98828125,-0.009765625,-0.12520644037889672,86,1712915081541
1163,-1.75390625,2.015625,-0.037109375,-0.12520644037889672,119,1712915081541
1163,-1.86328125,1.96875,0.01171875,-0.12520644037889672,81,1712915081541
1163,-1.9765625,1.888671875,0.287109375,-0.12520644037889672,29,1712915081541
1164,-1.14453125,1.9140625,-0.51953125,0.0,34,1712915081642
1164,-1.1640625,1.951171875,-0.509765625,0.0,92,1712915081642
1164,-1.18359375,1.990234375,-0.4921875,0.0,111,1712915081642
1164,-1.126953125,2.123046875,-0.05078125,0.0,62,1712915081642
1164,-2.3671875,0.0,1.53125,0.0,13,1712915081642
1164,-1.396484375,2.041015625,-0.212890625,0.0,24,1712915081642
1164,-2.05859375,1.630859375,0.20703125,0.0,23,1712915081642
1164,-2.087890625,1.638671875,0.314453125,0.0,26,1712915081642
1164,-1.14453125,1.9296875,-0.462890625,0.12520644037889672,75,1712915081642
1164,-1.1640625,1.97265625,-0.416015625,0.12520644037889672,205,1712915081642
1164,-1.18359375,2.015625,-0.373046875,0.12520644037889672,239,1712915081642
1164,-1.126953125,0.720703125,1.998046875,0.12520644037889672,119,1712915081642
1164,-2.3671875,0.0,1.697265625,0.12520644037889672,36,1712915081642
1164,-1.318359375,2.080078125,-0.3046875,0.12520644037889672,57,1712915081642
1164,-1.259765625,2.177734375,-0.123046875,0.12520644037889672,33,1712915081642
1164,-1.216796875,1.904296875,-0.373046875,0.25041288075779344,65,1712915081642
1164,-1.236328125,1.9453125,-0.326171875,0.25041288075779344,177,1712915081642
1164,-1.18359375,2.00390625,-0.43359375,0.25041288075779344,208,1712915081642
1164,-1.126953125,1.740234375,-1.21875,0.25041288075779344,138,1712915081642
1164,-1.14453125,1.921875,-0.982421875,0.25041288075779344,98,1712915081642
1164,-1.240234375,2.095703125,-0.4765625,0.25041288075779344,55,1712915081642
1164,-1.337890625,2.134765625,0.041015625,0.25041288075779344,24,1712915081642
1164,-1.1640625,1.9453125,-0.53125,0.37561932113669017,48,1712915081642
1164,-1.109375,1.9609375,-0.724609375,0.37561932113669017,99,1712915081642
1164,-1.052734375,2.099609375,-0.517578125,0.37561932113669017,149,1712915081642
1164,-1.068359375,2.1328125,-0.52734375,0.37561932113669017,101,1712915081642
1164,-1.240234375,1.955078125,-0.892578125,0.37561932113669017,26,1712915081642
1164,-1.119140625,2.267578125,-0.3828125,0.37561932113669017,21,1712915081642
1164,-1.091796875,1.984375,-0.54296875,0.5008257615155869,23,1712915081642
1164,-1.03515625,2.083984375,-0.431640625,0.5008257615155869,70,1712915081642
1164,-1.052734375,2.1015625,-0.505859375,0.5008257615155869,100,1712915081642
1164,-1.14453125,2.021484375,-0.75390625,0.5008257615155869,95,1712915081642
1164,-1.240234375,2.005859375,-0.76953125,0.5008257615155869,53,1712915081642
1164,-1.19921875,2.240234375,-0.291015625,0.5008257615155869,24,1712915081642
1164,-1.216796875,2.244140625,-0.47265625,0.5008257615155869,21,1712915081642
1164,-1.109375,2.03125,-0.494140625,0.6260322018944836,19,1712915081642
1164,-1.052734375,2.11328125,-0.458984375,0.6260322018944836,63,1712915081642
1164,-1.14453125,2.11328125,-0.439453125,0.6260322018944836,92,1712915081642
1164,-1.0859375,2.177734375,-0.482421875,0.6260322018944836,63,1712915081642
1164,-1.126953125,2.0859375,-0.400390625,0.7512386422733803,20,1712915081642
1164,-1.14453125,2.12109375,-0.396484375,0.7512386422733803,32,1712915081642
1164,-1.1640625,2.142578125,-0.4609375,0.7512386422733803,26,1712915081642
1164,-0.703125,1.51953125,1.505859375,-0.6260322018944836,24,1712915081642
1164,-0.787109375,1.513671875,1.52734375,-0.6260322018944836,22,1712915081642
1164,-0.703125,1.494140625,1.53125,-0.5008257615155869,19,1712915081642
1164,-0.859375,1.21484375,1.740234375,-0.5008257615155869,17,1712915081642
1164,-1.728515625,1.978515625,-0.18359375,-0.5008257615155869,25,1712915081642
1164,-1.703125,1.953125,-0.15234375,-0.37561932113669017,31,1712915081642
1164,-1.728515625,1.982421875,-0.146484375,-0.37561932113669017,47,1712915081642
1164,-1.837890625,1.9375,-0.125,-0.37561932113669017,39,1712915081642
1164,-1.51953125,2.052734375,-0.138671875,-0.25041288075779344,24,1712915081642
1164,-1.703125,1.955078125,-0.12890625,-0.25041288075779344,41,1712915081642
1164,-1.810546875,1.91015625,-0.1015625,-0.25041288075779344,61,1712915081642
1164,-1.837890625,1.939453125,-0.08984375,-0.25041288075779344,60,1712915081642
1164,-1.947265625,1.8828125,-0.0546875,-0.25041288075779344,35,1712915081642
1164,-1.1640625,1.892578125,-0.69921875,-0.12520644037889672,20,1712915081642
1164,-1.109375,1.8828125,-0.91015625,-0.12520644037889672,25,1712915081642
1164,-1.78515625,1.8828125,-0.076171875,-0.12520644037889672,31,1712915081642
1164,-1.892578125,1.83203125,0.01171875,-0.12520644037889672,55,1712915081642
1164,-1.919921875,1.857421875,0.072265625,-0.12520644037889672,61,1712915081642
1164,-2.033203125,1.79296875,0.05078125,-0.12520644037889672,37,1712915081642
1164,-1.52734375,1.904296875,0.1171875,0.0,12,1712915081642
1164,-1.220703125,1.8203125,-1.080078125,0.12520644037889672,27,1712915081642
1164,-2.248046875,0.0,1.9296875,0.12520644037889672,29,1712915081642
1165,-1.216796875,1.865234375,-0.537109375,0.0,21,1712915081742
1165,-1.1640625,1.95703125,-0.490234375,0.0,76,1712915081742
1165,-1.18359375,1.998046875,-0.45703125,0.0,128,1712915081742
1165,-1.203125,2.041015625,-0.416015625,0.0,111,1712915081742
1165,-1.220703125,2.068359375,-0.443359375,0.0,60,1712915081742
1165,-1.1640625,1.998046875,-0.8984375,0.0,59,1712915081742
1165,-1.0234375,2.099609375,-0.9453125,0.0,40,1712915081742
1165,-1.564453125,2.1015625,0.27734375,0.0,21,1712915081742
1165,-1.669921875,2.05859375,0.333984375,0.0,19,1712915081742
1165,-1.216796875,1.88671875,-0.453125,0.12520644037889672,39,1712915081742
1165,-1.236328125,1.943359375,-0.337890625,0.12520644037889672,141,1712915081742
1165,-1.18359375,2.02734375,-0.302734375,0.12520644037889672,244,1712915081742
1165,-1.203125,2.0625,-0.291015625,0.12520644037889672,246,1712915081742
1165,-1.14453125,2.125,-0.373046875,0.12520644037889672,187,1712915081742
1165,-1.0859375,2.171875,-0.51171875,0.12520644037889672,135,1712915081742
1165,-1.181640625,2.150390625,-0.57421875,0.12520644037889672,62,1712915081742
1165,-1.216796875,1.927734375,-0.228515625,0.25041288075779344,20,1712915081742
1165,-1.236328125,1.966796875,-0.1484375,0.25041288075779344,74,1712915081742
1165,-1.18359375,2.044921875,-0.130859375,0.25041288075779344,145,1712915081742
1165,-1.126953125,2.1171875,-0.171875,0.25041288075779344,193,1712915081742
1165,-1.14453125,2.142578125,-0.259765625,0.25041288075779344,187,1712915081742
1165,-1.1640625,2.107421875,-0.603515625,0.25041288075779344,131,1712915081742
1165,-1.1015625,2.171875,-0.646484375,0.25041288075779344,111,1712915081742
1165,-1.119140625,2.2109375,-0.63671875,0.25041288075779344,51,1712915081742
1165,-1.109375,2.0703125,-0.294921875,0.37561932113669017,32,1712915081742
1165,-1.126953125,2.080078125,-0.435546875,0.37561932113669017,84,1712915081742
1165,-1.068359375,2.08984375,-0.677734375,0.37561932113669017,157,1712915081742
1165,-1.1640625,2.125,-0.537109375,0.37561932113669017,307,1712915081742
1165,-1.1015625,2.21875,-0.45703125,0.37561932113669017,305,1712915081742
1165,-1.119140625,2.26171875,-0.419921875,0.37561932113669017,130,1712915081742
1165,-1.126953125,2.03125,-0.625,0.5008257615155869,33,1712915081742
1165,-1.068359375,2.162109375,-0.388671875,0.5008257615155869,147,1712915081742
1165,-1.0859375,2.208984375,-0.310546875,0.5008257615155869,279,1712915081742
1165,-1.1015625,2.25,-0.263671875,0.5008257615155869,247,1712915081742
1165,-1.19921875,2.248046875,-0.23046875,0.5008257615155869,99,1712915081742
1165,-1.052734375,2.10546875,-0.494140625,0.6260322018944836,16,1712915081742
1165,-1.14453125,2.154296875,-0.119140625,0.6260322018944836,31,1712915081742
1165,-1.1640625,2.19140625,-0.048828125,0.6260322018944836,55,1712915081742
1165,-1.181640625,2.224609375,0.083984375,0.6260322018944836,42,1712915081742
1165,-0.740234375,1.408203125,1.751953125,-1.0016515230311738,19,1712915081742
1165,-0.751953125,1.5234375,1.703125,-1.0016515230311738,27,1712915081742
1165,-0.763671875,1.53125,1.744140625,-1.0016515230311738,22,1712915081742
1165,-0.751953125,1.498046875,1.724609375,-0.876445082652277,25,1712915081742
1165,-0.763671875,1.42578125,1.830078125,-0.876445082652277,18,1712915081742
1165,-1.865234375,1.802734375,0.083984375,-0.7512386422733803,29,1712915081742
1165,-1.892578125,1.830078125,0.05078125,-0.7512386422733803,33,1712915081742
1165,-1.654296875,1.890625,-0.19140625,-0.6260322018944836,35,1712915081742
1165,-1.677734375,1.9296875,0.0,-0.6260322018944836,71,1712915081742
1165,-1.78515625,1.880859375,0.126953125,-0.6260322018944836,84,1712915081742
1165,-1.892578125,1.822265625,0.1875,-0.6260322018944836,67,1712915081742
1165,-1.919921875,1.849609375,0.1796875,-0.6260322018944836,33,1712915081742
1165,-1.654296875,1.900390625,-0.0234375,-0.5008257615155869,35,1712915081742
1165,-1.677734375,1.92578125,0.115234375,-0.5008257615155869,71,1712915081742
1165,-1.703125,1.951171875,0.1796875,-0.5008257615155869,78,1712915081742
1165,-1.810546875,1.8984375,0.232421875,-0.5008257615155869,53,1712915081742
1165,-1.837890625,1.92578125,0.240234375,-0.5008257615155869,24,1712915081742
1165,-1.57421875,1.966796875,-0.0625,-0.37561932113669017,29,1712915081742
1165,-1.59765625,1.99609375,0.03125,-0.37561932113669017,44,1712915081742
1165,-1.623046875,2.025390625,0.064453125,-0.37561932113669017,39,1712915081742
1165,-1.646484375,2.0546875,0.064453125,-0.37561932113669017,27,1712915081742
1165,-1.47265625,1.9921875,0.119140625,-0.25041288075779344,22,1712915081742
1165,-1.49609375,2.0234375,0.1171875,-0.25041288075779344,59,1712915081742
1165,-1.51953125,2.0546875,0.134765625,-0.25041288075779344,69,1712915081742
1165,-1.541015625,2.083984375,0.1328125,-0.25041288075779344,34,1712915081742
1166,-1.14453125,2.146484375,-0.232421875,0.0,19,1712915081843
1166,-1.318359375,2.099609375,0.099609375,0.0,21,1712915081843
1166,-1.41796875,2.068359375,0.251953125,0.0,25,1712915081843
1166,-1.677734375,1.9296875,-0.013671875,0.0,19,1712915081843
1166,-1.052734375,2.12109375,-0.421875,0.12520644037889672,42,1712915081843
1166,-1.068359375,2.171875,-0.32421875,0.12520644037889672,72,1712915081843
1166,-1.0859375,2.220703125,-0.216796875,0.12520644037889672,61,1712915081843
1166,-1.181640625,2.22265625,-0.09765625,0.12520644037889672,34,1712915081843
1166,-1.052734375,2.126953125,-0.390625,0.25041288075779344,44,1712915081843
1166,-1.068359375,2.169921875,-0.34375,0.25041288075779344,91,1712915081843
1166,-1.0859375,2.205078125,-0.341796875,0.25041288075779344,105,1712915081843
1166,-1.1015625,2.232421875,-0.3828125,0.25041288075779344,85,1712915081843
1166,-1.119140625,2.259765625,-0.43359375,0.25041288075779344,51,1712915081843
1166,-0.9765625,2.134765625,-0.525390625,0.37561932113669017,49,1712915081843
1166,-0.9921875,2.18359375,-0.466796875,0.37561932113669017,133,1712915081843
1166,-1.0078125,2.224609375,-0.435546875,0.37561932113669017,198,1712915081843
1166,-1.0234375,2.263671875,-0.423828125,0.37561932113669017,182,1712915081843
1166,-1.119140625,2.26171875,-0.416015625,0.37561932113669017,104,1712915081843
1166,-1.134765625,2.275390625,-0.517578125,0.37561932113669017,32,1712915081843
1166,-0.9765625,2.15234375,-0.4453125,0.5008257615155869,61,1712915081843
1166,-0.9921875,2.19140625,-0.421875,0.5008257615155869,174,1712915081843
1166,-1.0078125,2.232421875,-0.39453125,0.5008257615155869,253,1712915081843
1166,-1.1015625,2.2421875,-0.326171875,0.5008257615155869,206,1712915081843
1166,-1.119140625,2.28515625,-0.263671875,0.5008257615155869,97,1712915081843
1166,-1.0546875,2.357421875,-0.25390625,0.5008257615155869,22,1712915081843
1166,-0.9765625,2.173828125,-0.318359375,0.6260322018944836,34,1712915081843
1166,-0.9921875,2.212890625,-0.298828125,0.6260322018944836,100,1712915081843
1166,-1.0859375,2.220703125,-0.21484375,0.6260322018944836,149,1712915081843
1166,-1.1015625,2.263671875,-0.11328125,0.6260322018944836,126,1712915081843
1166,-1.119140625,2.298828125,0.087890625,0.6260322018944836,63,1712915081843
1166,-2.189453125,0.0,-2.40234375,0.6260322018944836,21,1712915081843
1166,-2.060546875,0.0,-2.333984375,0.7512386422733803,17,1712915081843
1166,-2.09375,0.0,-2.234375,0.7512386422733803,69,1712915081843
1166,-2.125,0.0,-2.24609375,0.7512386422733803,123,1712915081843
1166,-2.158203125,0.0,-2.27734375,0.7512386422733803,107,1712915081843
1166,-2.109375,0.0,-2.291015625,0.7512386422733803,43,1712915081843
1166,-2.09375,0.0,-2.14453125,0.876445082652277,56,1712915081843
1166,-2.125,0.0,-2.1796875,0.876445082652277,103,1712915081843
1166,-2.158203125,0.0,-2.193359375,0.876445082652277,91,1712915081843
1166,-2.189453125,0.0,-2.166015625,0.876445082652277,39,1712915081843
1166,-1.783203125,1.65625,0.482421875,-1.0016515230311738,19,1712915081843
1166,-1.810546875,1.662109375,0.552734375,-1.0016515230311738,34,1712915081843
1166,-1.837890625,1.689453125,0.55859375,-1.0016515230311738,31,1712915081843
1166,-1.705078125,1.80078125,0.0390625,-0.876445082652277,55,1712915081843
1166,-1.654296875,1.900390625,0.05078125,-0.876445082652277,84,1712915081843
1166,-1.677734375,1.927734375,0.0859375,-0.876445082652277,63,1712915081843
1166,-1.703125,1.95703125,0.08984375,-0.876445082652277,23,1712915081843
1166,-1.6796875,1.767578125,0.1640625,-0.7512386422733803,28,1712915081843
1166,-1.705078125,1.791015625,0.201171875,-0.7512386422733803,102,1712915081843
1166,-1.732421875,1.81640625,0.2265625,-0.7512386422733803,151,1712915081843
1166,-1.677734375,1.916015625,0.236328125,-0.7512386422733803,112,1712915081843
1166,-1.78515625,1.861328125,0.302734375,-0.7512386422733803,39,1712915081843
1166,-1.705078125,1.767578125,0.3515625,-0.6260322018944836,54,1712915081843
1166,-1.732421875,1.791015625,0.37890625,-0.6260322018944836,81,1712915081843
1166,-1.7578125,1.80859375,0.42578125,-0.6260322018944836,57,1712915081843
1166,-1.55078125,1.931640625,-0.15625,-0.5008257615155869,57,1712915081843
1166,-1.57421875,1.962890625,-0.130859375,-0.5008257615155869,94,1712915081843
1166,-1.59765625,1.9921875,-0.138671875,-0.5008257615155869,77,1712915081843
1166,-1.623046875,2.01171875,-0.25,-0.5008257615155869,33,1712915081843
1166,-1.603515625,1.84375,-0.01171875,-0.37561932113669017,35,1712915081843
1166,-1.55078125,1.9375,0.037109375,-0.37561932113669017,140,1712915081843
1166,-1.57421875,1.966796875,0.064453125,-0.37561932113669017,226,1712915081843
1166,-1.59765625,1.99609375,0.078125,-0.37561932113669017,177,1712915081843
1166,-1.623046875,2.025390625,0.025390625,-0.37561932113669017,72,1712915081843
1167,-1.216796875,1.8828125,-0.47265625,0.0,43,1712915081943
1167,-1.1640625,1.990234375,-0.326171875,0.0,162,1712915081943
1167,-1.18359375,2.033203125,-0.2578125,0.0,274,1712915081943
1167,-1.203125,2.072265625,-0.2109375,0.0,247,1712915081943
1167,-1.220703125,2.109375,-0.154296875,0.0,151,1712915081943
1167,-1.1640625,2.189453125,-0.103515625,0.0,102,1712915081943
1167,-1.1015625,2.265625,0.013671875,0.0,55,1712915081943
1167,-1.677734375,1.880859375,0.43359375,0.0,15,1712915081943
1167,-1.216796875,2.26171875,-0.3828125,0.0,37,1712915081943
1167,-1.31640625,2.216796875,-0.5390625,0.0,20,1712915081943
1167,-1.236328125,1.953125,-0.28125,0.12520644037889672,39,1712915081943
1167,-1.18359375,2.04296875,-0.162109375,0.12520644037889672,64,1712915081943
1167,-1.126953125,2.123046875,-0.078125,0.12520644037889672,48,1712915081943
1167,-0.83984375,2.072265625,-0.984375,0.12520644037889672,26,1712915081943
1167,-0.9296875,2.220703125,-0.59765625,0.12520644037889672,73,1712915081943
1167,-0.9453125,2.068359375,-1.083984375,0.12520644037889672,54,1712915081943
1167,-1.279296875,2.162109375,-0.478515625,0.12520644037889672,46,1712915081943
1167,-1.216796875,2.25390625,-0.41796875,0.12520644037889672,57,1712915081943
1167,-1.234375,2.263671875,-0.537109375,0.12520644037889672,27,1712915081943
1167,-1.236328125,1.96484375,-0.169921875,0.25041288075779344,16,1712915081943
1167,-1.18359375,2.05078125,0.005859375,0.25041288075779344,27,1712915081943
1167,-1.126953125,2.119140625,0.1484375,0.25041288075779344,22,1712915081943
1167,-0.9296875,2.26953125,-0.375,0.25041288075779344,49,1712915081943
1167,-0.9453125,2.232421875,-0.6875,0.25041288075779344,41,1712915081943
1167,-1.216796875,2.26953125,-0.32421875,0.25041288075779344,25,1712915081943
1167,-1.62890625,1.87109375,0.068359375,-0.6260322018944836,20,1712915081943
1167,-1.57421875,1.966796875,-0.00390625,-0.6260322018944836,16,1712915081943
1167,-1.603515625,1.841796875,0.08984375,-0.5008257615155869,61,1712915081943
1167,-1.62890625,1.8671875,0.130859375,-0.5008257615155869,100,1712915081943
1167,-1.57421875,1.9609375,0.150390625,-0.5008257615155869,82,1712915081943
1167,-1.59765625,1.984375,0.22265625,-0.5008257615155869,31,1712915081943
1167,-1.52734375,1.8984375,0.18359375,-0.37561932113669017,74,1712915081943
1167,-1.62890625,1.849609375,0.28515625,-0.37561932113669017,117,1712915081943
1167,-1.654296875,1.869140625,0.34765625,-0.37561932113669017,88,1712915081943
1167,-1.677734375,1.892578125,0.375,-0.37561932113669017,31,1712915081943
1167,-1.14453125,1.833984375,-0.755859375,-0.25041288075779344,37,1712915081943
1167,-1.1640625,1.919921875,-0.615234375,-0.25041288075779344,139,1712915081943
1167,-1.109375,2.01171875,-0.5703125,-0.25041288075779344,235,1712915081943
1167,-1.126953125,2.052734375,-0.544921875,-0.25041288075779344,210,1712915081943
1167,-1.220703125,2.05859375,-0.486328125,-0.25041288075779344,116,1712915081943
1167,-1.1640625,2.138671875,-0.482421875,-0.25041288075779344,56,1712915081943
1167,-1.259765625,2.103515625,-0.580078125,-0.25041288075779344,37,1712915081943
1167,-1.14453125,1.8828125,-0.625,-0.12520644037889672,86,1712915081943
1167,-1.091796875,1.998046875,-0.486328125,-0.12520644037889672,317,1712915081943
1167,-1.18359375,2.0078125,-0.408203125,-0.12520644037889672,540,1712915081943
1167,-1.203125,2.05078125,-0.36328125,-0.12520644037889672,475,1712915081943
1167,-1.220703125,2.095703125,-0.2890625,-0.12520644037889672,261,1712915081943
1167,-1.240234375,2.146484375,-0.12109375,-0.12520644037889672,132,1712915081943
1167,-1.337890625,2.130859375,-0.12890625,-0.12520644037889672,81,1712915081943
1167,-1.51953125,2.056640625,-0.087890625,-0.12520644037889672,48,1712915081943
1167,-0.958984375,2.02734375,-1.23046875,0.0,15,1712915081943
1167,-1.6796875,1.748046875,-0.3046875,0.12520644037889672,15,1712915081943
1167,-1.818359375,0.0,-1.638671875,0.25041288075779344,13,1712915081943
1167,-1.923828125,0.0,-1.828125,0.25041288075779344,18,1712915081943
1167,-1.955078125,0.0,-1.857421875,0.25041288075779344,16,1712915081943
1168,-1.197265625,1.853515625,-0.45703125,0.0,14,1712915082043
1168,-1.14453125,1.978515625,-0.1484375,0.0,126,1712915082043
1168,-1.1640625,2.015625,-0.041015625,0.0,351,1712915082043
1168,-1.18359375,2.048828125,0.013671875,0.0,454,1712915082043
1168,-1.203125,2.08203125,0.0625,0.0,316,1712915082043
1168,-1.14453125,2.15625,0.078125,0.0,153,1712915082043
1168,-1.1640625,2.19140625,0.02734375,0.0,83,1712915082043
1168,-1.1015625,2.265625,-0.044921875,0.0,45,1712915082043
1168,-1.216796875,1.939453125,-0.044921875,0.12520644037889672,22,1712915082043
1168,-1.1640625,2.017578125,0.009765625,0.12520644037889672,60,1712915082043
1168,-1.18359375,2.048828125,0.08984375,0.12520644037889672,77,1712915082043
1168,-1.203125,2.076171875,0.16015625,0.12520644037889672,53,1712915082043
1168,-1.14453125,2.13671875,0.3046875,0.12520644037889672,24,1712915082043
1168,-1.408203125,0.0,-1.791015625,0.5008257615155869,16,1712915082043
1168,-1.50390625,0.0,-1.759765625,0.6260322018944836,20,1712915082043
1168,-1.52734375,0.0,-1.88671875,0.6260322018944836,19,1712915082043
1168,-1.453125,0.0,-1.76171875,0.7512386422733803,25,1712915082043
1168,-1.478515625,0.0,-1.833984375,0.7512386422733803,37,1712915082043
1168,-1.50390625,0.0,-1.81640625,0.7512386422733803,37,1712915082043
1168,-1.6015625,0.0,-1.7578125,0.7512386422733803,24,1712915082043
1168,-1.521484375,0.0,-1.7578125,0.876445082652277,33,1712915082043
1168,-1.548828125,0.0,-1.775390625,0.876445082652277,50,1712915082043
1168,-1.50390625,0.0,-1.84375,0.876445082652277,40,1712915082043
1168,-1.52734375,0.0,-1.859375,0.876445082652277,16,1712915082043
1168,-1.24609375,1.708984375,0.658203125,-1.0016515230311738,19,1712915082043
1168,-1.267578125,1.775390625,0.5625,-1.0016515230311738,31,1712915082043
1168,-1.2890625,1.8203125,0.525390625,-1.0016515230311738,24,1712915082043
1168,-1.109375,1.94140625,-0.77734375,-0.5008257615155869,19,1712915082043
1168,-1.52734375,1.90625,0.0859375,-0.5008257615155869,16,1712915082043
1168,-1.396484375,2.046875,0.125,-0.5008257615155869,27,1712915082043
1168,-1.14453125,1.87109375,-0.658203125,-0.37561932113669017,35,1712915082043
1168,-1.091796875,1.96484375,-0.607421875,-0.37561932113669017,96,1712915082043
1168,-1.109375,2.025390625,-0.51953125,-0.37561932113669017,122,1712915082043
1168,-1.126953125,2.095703125,-0.3515625,-0.37561932113669017,106,1712915082043
1168,-1.14453125,2.15625,-0.111328125,-0.37561932113669017,116,1712915082043
1168,-1.240234375,2.1484375,0.02734375,-0.37561932113669017,122,1712915082043
1168,-0.9453125,2.037109375,-1.142578125,-0.37561932113669017,58,1712915082043
1168,-1.19921875,2.173828125,-0.6171875,-0.37561932113669017,97,1712915082043
1168,-1.298828125,2.2109375,-0.412109375,-0.37561932113669017,95,1712915082043
1168,-1.3984375,2.208984375,-0.3203125,-0.37561932113669017,39,1712915082043
1168,-1.14453125,1.9296875,-0.455078125,-0.25041288075779344,189,1712915082043
1168,-1.091796875,2.021484375,-0.384765625,-0.25041288075779344,525,1712915082043
1168,-1.109375,2.064453125,-0.33203125,-0.25041288075779344,676,1712915082043
1168,-1.126953125,2.109375,-0.255859375,-0.25041288075779344,500,1712915082043
1168,-1.14453125,2.15234375,-0.1484375,-0.25041288075779344,332,1712915082043
1168,-1.0859375,2.228515625,-0.103515625,-0.25041288075779344,259,1712915082043
1168,-0.9453125,2.26953125,-0.5546875,-0.25041288075779344,147,1712915082043
1168,-1.0390625,2.28515625,-0.4921875,-0.25041288075779344,154,1712915082043
1168,-1.216796875,2.2734375,-0.302734375,-0.25041288075779344,130,1712915082043
1168,-1.126953125,1.880859375,-0.515625,-0.12520644037889672,29,1712915082043
1168,-1.14453125,1.962890625,-0.28125,-0.12520644037889672,251,1712915082043
1168,-1.091796875,2.046875,-0.208984375,-0.12520644037889672,698,1712915082043
1168,-1.109375,2.0859375,-0.154296875,-0.12520644037889672,908,1712915082043
1168,-1.126953125,2.12109375,-0.103515625,-0.12520644037889672,648,1712915082043
1168,-1.14453125,2.158203125,-0.056640625,-0.12520644037889672,356,1712915082043
1168,-1.1640625,2.189453125,-0.087890625,-0.12520644037889672,232,1712915082043
1168,-1.0234375,2.279296875,-0.326171875,-0.12520644037889672,129,1712915082043
1168,-1.119140625,2.275390625,-0.3359375,-0.12520644037889672,87,1712915082043
1168,-1.134765625,2.33203125,-0.12109375,-0.12520644037889672,54,1712915082043
1168,-0.703125,2.05078125,0.609375,0.5008257615155869,10,1712915082043
1168,-0.654296875,2.20703125,0.35546875,0.6260322018944836,10,1712915082043
1168,-0.623046875,2.076171875,0.45703125,0.7512386422733803,15,1712915082043
1168,-0.6328125,2.123046875,0.404296875,0.7512386422733803,21,1712915082043
1168,-0.71484375,2.130859375,0.439453125,0.7512386422733803,21,1712915082043
1169,-1.216796875,1.939453125,-0.052734375,0.0,25,1712915082144
1169,-1.1640625,2.015625,0.0546875,0.0,44,1712915082144
1169,-1.33203125,1.951171875,0.154296875,0.0,27,1712915082144
1169,-0.9765625,2.197265625,-0.05859375,0.0,30,1712915082144
1169,-1.068359375,2.197265625,0.029296875,0.0,49,1712915082144
1169,-1.0859375,2.23046875,-0.0234375,0.0,25,1712915082144
1169,-1.279296875,2.212890625,0.115234375,0.0,15,1712915082144
1169,-1.236328125,1.970703125,0.09765625,0.12520644037889672,20,1712915082144
1169,-1.2578125,1.998046875,0.181640625,0.12520644037889672,17,1712915082144
1169,-0.916015625,2.138671875,-0.748046875,-0.7512386422733803,37,1712915082144
1169,-0.9296875,2.17578125,-0.75,-0.7512386422733803,43,1712915082144
1169,-1.0234375,2.181640625,-0.73828125,-0.7512386422733803,31,1712915082144
1169,-1.0390625,2.28125,-0.5078125,-0.7512386422733803,21,1712915082144
1169,-1.52734375,1.84375,0.486328125,-0.6260322018944836,35,1712915082144
1169,-0.697265625,2.1328125,-1.060546875,-0.6260322018944836,45,1712915082144
1169,-0.9453125,2.189453125,-0.81640625,-0.6260322018944836,34,1712915082144
1169,-1.01953125,1.91796875,0.138671875,-0.5008257615155869,27,1712915082144
1169,-1.107421875,1.90625,0.208984375,-0.5008257615155869,29,1712915082144
1169,-1.07421875,1.849609375,-0.818359375,-0.5008257615155869,25,1712915082144
1169,-1.091796875,1.970703125,-0.58984375,-0.5008257615155869,48,1712915082144
1169,-1.109375,2.048828125,-0.41796875,-0.5008257615155869,57,1712915082144
1169,-1.203125,2.080078125,-0.109375,-0.5008257615155869,85,1712915082144
1169,-1.298828125,2.005859375,0.51171875,-0.5008257615155869,98,1712915082144
1169,-0.853515625,2.189453125,-0.796875,-0.5008257615155869,163,1712915082144
1169,-0.9453125,2.25,-0.62890625,-0.5008257615155869,201,1712915082144
1169,-1.0390625,2.2734375,-0.544921875,-0.5008257615155869,121,1712915082144
1169,-0.97265625,2.3203125,-0.638671875,-0.5008257615155869,26,1712915082144
1169,-1.001953125,1.88671875,0.08984375,-0.37561932113669017,49,1712915082144
1169,-1.01953125,1.912109375,0.1875,-0.37561932113669017,74,1712915082144
1169,-1.037109375,1.9375,0.271484375,-0.37561932113669017,74,1712915082144
1169,-1.056640625,1.986328125,-0.115234375,-0.37561932113669017,83,1712915082144
1169,-1.07421875,1.943359375,-0.560546875,-0.37561932113669017,205,1712915082144
1169,-1.091796875,1.990234375,-0.51953125,-0.37561932113669017,346,1712915082144
1169,-1.109375,2.04296875,-0.447265625,-0.37561932113669017,326,1712915082144
1169,-1.126953125,2.107421875,-0.263671875,-0.37561932113669017,231,1712915082144
1169,-1.220703125,2.109375,-0.158203125,-0.37561932113669017,131,1712915082144
1169,-0.853515625,2.259765625,-0.572265625,-0.37561932113669017,214,1712915082144
1169,-1.0234375,2.265625,-0.412109375,-0.37561932113669017,297,1712915082144
1169,-1.0390625,2.310546875,-0.357421875,-0.37561932113669017,192,1712915082144
1169,-1.0546875,2.333984375,-0.42578125,-0.37561932113669017,49,1712915082144
1169,-1.05078125,1.814453125,0.12890625,-0.25041288075779344,27,1712915082144
1169,-1.068359375,1.837890625,0.23046875,-0.25041288075779344,67,1712915082144
1169,-1.087890625,1.859375,0.3046875,-0.25041288075779344,85,1712915082144
1169,-1.107421875,1.876953125,0.39453125,-0.25041288075779344,70,1712915082144
1169,-1.056640625,1.9765625,-0.23046875,-0.25041288075779344,109,1712915082144
1169,-1.07421875,1.982421875,-0.400390625,-0.25041288075779344,315,1712915082144
1169,-1.091796875,2.0234375,-0.37109375,-0.25041288075779344,526,1712915082144
1169,-1.109375,2.06640625,-0.3203125,-0.25041288075779344,493,1712915082144
1169,-1.126953125,2.111328125,-0.232421875,-0.25041288075779344,337,1712915082144
1169,-1.14453125,2.15234375,-0.166015625,-0.25041288075779344,202,1712915082144
1169,-0.775390625,2.259765625,-0.673828125,-0.25041288075779344,54,1712915082144
1169,-1.0234375,2.2890625,-0.25,-0.25041288075779344,103,1712915082144
1169,-1.0390625,2.326171875,-0.21875,-0.25041288075779344,83,1712915082144
1169,-1.068359375,1.810546875,0.388671875,-0.12520644037889672,34,1712915082144
1169,-1.087890625,1.830078125,0.447265625,-0.12520644037889672,36,1712915082144
1169,-1.037109375,1.888671875,0.5078125,-0.12520644037889672,22,1712915082144
1169,-1.126953125,1.9453125,-0.154296875,-0.12520644037889672,42,1712915082144
1169,-1.07421875,2.01171875,-0.224609375,-0.12520644037889672,145,1712915082144
1169,-1.091796875,2.046875,-0.1953125,-0.12520644037889672,241,1712915082144
1169,-1.109375,2.083984375,-0.171875,-0.12520644037889672,235,1712915082144
1169,-1.052734375,2.158203125,-0.142578125,-0.12520644037889672,197,1712915082144
1169,-1.068359375,2.193359375,-0.140625,-0.12520644037889672,169,1712915082144
1169,-1.1640625,2.181640625,-0.203125,-0.12520644037889672,94,1712915082144
1169,-0.6875,2.029296875,-1.17578125,-0.6260322018944836,35,1712915082144
1170,-1.126953125,1.951171875,0.029296875,0.0,19,1712915082244
1170,-1.07421875,2.017578125,0.16015625,0.0,41,1712915082244
1170,-1.1640625,2.00390625,0.22265625,0.0,44,1712915082244
1170,-1.03515625,2.123046875,0.142578125,0.0,40,1712915082244
1170,-0.90234375,2.23046875,0.0078125,0.0,56,1712915082244
1170,-0.916015625,2.265625,0.013671875,0.0,46,1712915082244
1170,-1.14453125,1.9609375,0.298828125,0.12520644037889672,16,1712915082244
1170,-1.236328125,1.927734375,0.421875,0.12520644037889672,17,1712915082244
1170,-1.271484375,2.38671875,-0.201171875,0.12520644037889672,28,1712915082244
1170,-1.2890625,2.421875,-0.177734375,0.12520644037889672,21,1712915082244
1170,-1.271484375,2.392578125,0.0859375,0.25041288075779344,25,1712915082244
1170,-1.2890625,2.427734375,-0.02734375,0.25041288075779344,19,1712915082244
1170,-0.88671875,2.060546875,-0.755859375,-0.876445082652277,19,1712915082244
1170,-0.90234375,2.07421875,-0.8203125,-0.876445082652277,24,1712915082244
1170,-0.90234375,2.146484375,-0.6015625,-0.7512386422733803,20,1712915082244
1170,-1.2578125,2.00390625,-0.060546875,-0.6260322018944836,25,1712915082244
1170,-1.27734375,2.037109375,0.017578125,-0.6260322018944836,33,1712915082244
1170,-1.220703125,2.115234375,0.0,-0.6260322018944836,26,1712915082244
1170,-1.0859375,2.185546875,-0.4453125,-0.6260322018944836,21,1712915082244
1170,-1.056640625,1.916015625,-0.537109375,-0.5008257615155869,89,1712915082244
1170,-1.001953125,2.017578125,-0.416015625,-0.5008257615155869,211,1712915082244
1170,-1.01953125,2.056640625,-0.3984375,-0.5008257615155869,209,1712915082244
1170,-0.88671875,2.04296875,-0.798828125,-0.5008257615155869,44,1712915082244
1170,-1.203125,2.076171875,0.158203125,-0.5008257615155869,142,1712915082244
1170,-1.14453125,2.158203125,-0.01171875,-0.5008257615155869,151,1712915082244
1170,-1.0859375,2.22265625,-0.197265625,-0.5008257615155869,108,1712915082244
1170,-1.1015625,2.25390625,-0.224609375,-0.5008257615155869,53,1712915082244
1170,-0.91796875,1.873046875,0.2421875,-0.37561932113669017,36,1712915082244
1170,-0.935546875,1.90234375,0.271484375,-0.37561932113669017,29,1712915082244
1170,-0.884765625,1.970703125,0.265625,-0.37561932113669017,22,1712915082244
1170,-1.17578125,1.376953125,-1.2734375,-0.37561932113669017,19,1712915082244
1170,-1.056640625,1.94921875,-0.40234375,-0.37561932113669017,203,1712915082244
1170,-1.07421875,2.005859375,-0.26953125,-0.37561932113669017,471,1712915082244
1170,-1.091796875,2.046875,-0.203125,-0.37561932113669017,483,1712915082244
1170,-1.03515625,2.115234375,-0.234375,-0.37561932113669017,157,1712915082244
1170,-1.126953125,2.078125,0.44140625,-0.37561932113669017,148,1712915082244
1170,-1.14453125,2.150390625,0.1796875,-0.37561932113669017,191,1712915082244
1170,-1.0859375,2.228515625,-0.091796875,-0.37561932113669017,136,1712915082244
1170,-1.0234375,2.30078125,-0.056640625,-0.37561932113669017,61,1712915082244
1170,-1.05078125,1.76953125,0.421875,-0.25041288075779344,24,1712915082244
1170,-0.884765625,1.947265625,0.40234375,-0.25041288075779344,22,1712915082244
1170,-1.056640625,1.97265625,-0.255859375,-0.25041288075779344,146,1712915082244
1170,-1.07421875,2.01953125,-0.109375,-0.25041288075779344,329,1712915082244
1170,-1.091796875,2.056640625,-0.017578125,-0.25041288075779344,338,1712915082244
1170,-1.03515625,2.126953125,0.09765625,-0.25041288075779344,145,1712915082244
1170,-0.90234375,2.212890625,0.267578125,-0.25041288075779344,126,1712915082244
1170,-0.9921875,2.212890625,0.298828125,-0.25041288075779344,98,1712915082244
1170,-1.0078125,2.224609375,-0.439453125,-0.25041288075779344,59,1712915082244
1170,-1.056640625,1.984375,-0.146484375,-0.12520644037889672,23,1712915082244
1170,-1.001953125,2.05859375,-0.03515625,-0.12520644037889672,47,1712915082244
1170,-1.01953125,2.09375,0.056640625,-0.12520644037889672,54,1712915082244
1170,-0.9609375,2.162109375,0.01953125,-0.12520644037889672,81,1712915082244
1170,-0.90234375,2.23046875,0.017578125,-0.12520644037889672,116,1712915082244
1170,-0.83984375,2.294921875,0.029296875,-0.12520644037889672,75,1712915082244
1170,-1.552734375,0.0,1.869140625,-0.5008257615155869,29,1712915082244
1171,-0.984375,1.84765625,0.150390625,0.0,14,1712915082294
1171,-1.001953125,1.8828125,0.150390625,0.0,25,1712915082294
1171,-1.01953125,1.91796875,0.140625,0.0,25,1712915082294
1171,-1.037109375,1.939453125,0.25390625,0.0,13,1712915082294
1171,-0.986328125,2.0234375,0.083984375,0.0,35,1712915082294
1171,-1.001953125,2.056640625,0.1171875,0.0,51,1712915082294
1171,-1.01953125,2.087890625,0.1484375,0.0,42,1712915082294
1171,-0.9609375,2.162109375,0.06640625,0.0,26,1712915082294
1171,-0.90234375,2.212890625,-0.26953125,0.0,19,1712915082294
1171,-0.763671875,2.271484375,-0.474609375,0.0,16,1712915082294
1171,-0.984375,1.830078125,0.3046875,0.12520644037889672,31,1712915082294
1171,-1.001953125,1.865234375,0.298828125,0.12520644037889672,53,1712915082294
1171,-1.01953125,1.90234375,0.26953125,0.12520644037889672,55,1712915082294
1171,-1.107421875,1.90625,0.201171875,0.12520644037889672,27,1712915082294
1171,-0.984375,1.8046875,0.42578125,0.25041288075779344,22,1712915082294
1171,-1.001953125,1.841796875,0.41796875,0.25041288075779344,40,1712915082294
1171,-1.01953125,1.87109375,0.443359375,0.25041288075779344,46,1712915082294
1171,-1.107421875,1.875,0.40234375,0.25041288075779344,28,1712915082294
1171,-0.728515625,2.044921875,-0.845703125,-0.6260322018944836,22,1712915082294
1171,-0.9609375,2.05078125,-0.685546875,-0.6260322018944836,25,1712915082294
1171,-1.052734375,2.0546875,-0.671875,-0.6260322018944836,36,1712915082294
1171,-1.14453125,2.0546875,-0.658203125,-0.6260322018944836,40,1712915082294
1171,-1.1640625,2.0859375,-0.673828125,-0.6260322018944836,31,1712915082294
1171,-0.900390625,1.99609375,0.333984375,-0.5008257615155869,27,1712915082294
1171,-0.9140625,2.056640625,0.072265625,-0.5008257615155869,97,1712915082294
1171,-0.9296875,2.091796875,-0.04296875,-0.5008257615155869,136,1712915082294
1171,-0.873046875,2.150390625,-0.1796875,-0.5008257615155869,81,1712915082294
1171,-0.740234375,2.134765625,-0.703125,-0.5008257615155869,28,1712915082294
1171,-1.052734375,2.0703125,-0.625,-0.5008257615155869,46,1712915082294
1171,-1.298828125,2.0,-0.537109375,-0.5008257615155869,67,1712915082294
1171,-1.240234375,2.119140625,-0.3515625,-0.5008257615155869,57,1712915082294
1171,-1.259765625,2.138671875,-0.4375,-0.5008257615155869,30,1712915082294
1171,-0.900390625,2.01953125,0.11328125,-0.37561932113669017,90,1712915082294
1171,-0.9140625,2.05859375,-0.021484375,-0.37561932113669017,285,1712915082294
1171,-0.9296875,2.08984375,-0.099609375,-0.37561932113669017,374,1712915082294
1171,-0.9453125,2.115234375,-0.224609375,-0.37561932113669017,215,1712915082294
1171,-1.478515625,0.994140625,1.556640625,-0.37561932113669017,45,1712915082294
1171,-0.826171875,2.251953125,-0.166015625,-0.37561932113669017,58,1712915082294
1171,-0.6875,2.341796875,-0.12890625,-0.37561932113669017,58,1712915082294
1171,-0.62109375,2.396484375,-0.18359375,-0.37561932113669017,41,1712915082294
1171,-0.96875,1.990234375,-0.0078125,-0.25041288075779344,93,1712915082294
1171,-0.9140625,2.056640625,-0.06640625,-0.25041288075779344,272,1712915082294
1171,-0.9296875,2.08984375,-0.099609375,-0.25041288075779344,351,1712915082294
1171,-0.9453125,2.123046875,-0.140625,-0.25041288075779344,195,1712915082294
1171,-0.740234375,2.244140625,-0.12890625,-0.25041288075779344,31,1712915082294
1171,-0.826171875,2.234375,-0.333984375,-0.25041288075779344,88,1712915082294
1171,-0.83984375,2.265625,-0.36328125,-0.25041288075779344,104,1712915082294
1171,-0.9296875,2.271484375,-0.365234375,-0.25041288075779344,76,1712915082294
1171,-0.96875,1.990234375,-0.078125,-0.12520644037889672,23,1712915082294
1171,-0.9140625,2.056640625,-0.0546875,-0.12520644037889672,60,1712915082294
1171,-1.001953125,2.05859375,-0.0859375,-0.12520644037889672,69,1712915082294
1171,-1.01953125,2.09375,-0.021484375,-0.12520644037889672,27,1712915082294
1171,-0.88671875,2.140625,-0.484375,-0.12520644037889672,27,1712915082294
1171,-0.90234375,2.171875,-0.505859375,-0.12520644037889672,60,1712915082294
1171,-0.916015625,2.220703125,-0.447265625,-0.12520644037889672,72,1712915082294
1171,-0.9296875,2.283203125,-0.28515625,-0.12520644037889672,50,1712915082294
1171,-1.6796875,0.771484375,1.59765625,0.0,9,1712915082294
1171,-1.552734375,0.92578125,1.52734375,-0.5008257615155869,19,1712915082294
1171,-0.666015625,2.248046875,-0.326171875,-0.37561932113669017,41,1712915082294
1171,-1.451171875,0.740234375,-1.8203125,-0.37561932113669017,42,1712915082294
1171,-1.47265625,1.9921875,-0.12109375,-0.37561932113669017,38,1712915082294
1171,-1.552734375,1.044921875,1.44921875,-0.25041288075779344,28,1712915082294
1172,-0.81640625,2.015625,-0.0859375,0.0,51,1712915082445
1172,-0.830078125,2.052734375,-0.029296875,0.0,172,1712915082445
1172,-0.84375,2.087890625,-0.005859375,0.0,259,1712915082445
1172,-0.859375,2.123046875,0.005859375,0.0,184,1712915082445
1172,-0.873046875,2.158203125,-0.03515625,0.0,43,1712915082445
1172,-0.88671875,2.189453125,0.158203125,0.0,20,1712915082445
1172,-0.826171875,2.24609375,-0.24609375,0.0,16,1712915082445
1172,-0.763671875,2.29296875,-0.365234375,0.0,26,1712915082445
1172,-0.900390625,2.021484375,0.05859375,0.12520644037889672,35,1712915082445
1172,-0.9140625,2.0546875,0.109375,0.12520644037889672,51,1712915082445
1172,-0.9296875,2.08984375,0.115234375,0.12520644037889672,35,1712915082445
1172,-3.458984375,0.0,3.349609375,0.12520644037889672,22,1712915082445
1172,-1.755859375,0.0,-1.8203125,0.5008257615155869,26,1712915082445
1172,-1.115234375,1.728515625,0.421875,0.6260322018944836,22,1712915082445
1172,-1.203125,1.720703125,0.408203125,0.6260322018944836,43,1712915082445
1172,-1.224609375,1.75,0.419921875,0.6260322018944836,40,1712915082445
1172,-1.654296875,0.0,-1.779296875,0.6260322018944836,23,1712915082445
1172,-1.755859375,0.0,-1.837890625,0.6260322018944836,32,1712915082445
1172,-1.861328125,0.0,-1.953125,0.6260322018944836,22,1712915082445
1172,-1.181640625,1.662109375,0.50390625,0.7512386422733803,21,1712915082445
1172,-1.203125,1.689453125,0.521484375,0.7512386422733803,43,1712915082445
1172,-1.224609375,1.732421875,0.484375,0.7512386422733803,37,1712915082445
1172,-1.17578125,1.830078125,0.416015625,0.7512386422733803,22,1712915082445
1172,-1.197265625,1.8828125,0.310546875,0.7512386422733803,31,1712915082445
1172,-1.755859375,0.0,-1.8984375,0.7512386422733803,28,1712915082445
1172,-1.861328125,0.0,-1.9921875,0.7512386422733803,19,1712915082445
1172,-1.134765625,1.732421875,0.53125,0.876445082652277,20,1712915082445
1172,-1.087890625,1.814453125,0.51171875,0.876445082652277,26,1712915082445
1172,-1.17578125,1.798828125,0.53125,0.876445082652277,48,1712915082445
1172,-1.197265625,1.841796875,0.498046875,0.876445082652277,60,1712915082445
1172,-1.2890625,1.84375,0.435546875,0.876445082652277,36,1712915082445
1172,-0.900390625,1.236328125,-1.6015625,-1.0016515230311738,29,1712915082445
1172,-0.9140625,1.302734375,-1.59375,-1.0016515230311738,35,1712915082445
1172,-0.9296875,1.28515625,-1.65234375,-1.0016515230311738,24,1712915082445
1172,-1.01953125,1.947265625,-0.771484375,-0.7512386422733803,24,1712915082445
1172,-1.091796875,1.97265625,-0.58203125,-0.6260322018944836,37,1712915082445
1172,-1.109375,2.01953125,-0.54296875,-0.6260322018944836,40,1712915082445
1172,-1.07421875,2.0234375,0.037109375,-0.5008257615155869,28,1712915082445
1172,-1.01953125,2.07421875,-0.29296875,-0.5008257615155869,49,1712915082445
1172,-1.03515625,2.078125,-0.46484375,-0.5008257615155869,58,1712915082445
1172,-1.126953125,2.080078125,-0.43359375,-0.5008257615155869,38,1712915082445
1172,-0.81640625,1.98828125,-0.341796875,-0.37561932113669017,76,1712915082445
1172,-0.830078125,2.021484375,-0.361328125,-0.37561932113669017,219,1712915082445
1172,-0.7734375,2.072265625,-0.423828125,-0.37561932113669017,279,1712915082445
1172,-0.787109375,2.06640625,-0.599609375,-0.37561932113669017,172,1712915082445
1172,-0.80078125,0.0,2.26171875,-0.37561932113669017,50,1712915082445
1172,-1.33203125,1.947265625,-0.201171875,-0.37561932113669017,29,1712915082445
1172,-0.6015625,1.427734375,-1.83984375,-0.37561932113669017,18,1712915082445
1172,-0.916015625,2.181640625,-0.611328125,-0.37561932113669017,23,1712915082445
1172,3.365234375,0.0,-3.419921875,-0.37561932113669017,23,1712915082445
1172,-0.81640625,2.00390625,-0.228515625,-0.25041288075779344,149,1712915082445
1172,-0.830078125,2.041015625,-0.21875,-0.25041288075779344,511,1712915082445
1172,-0.84375,2.076171875,-0.22265625,-0.25041288075779344,733,1712915082445
1172,-0.859375,2.111328125,-0.23046875,-0.25041288075779344,537,1712915082445
1172,-0.873046875,2.142578125,-0.263671875,-0.25041288075779344,196,1712915082445
1172,-0.88671875,2.16796875,-0.337890625,-0.25041288075779344,65,1712915082445
1172,-0.826171875,2.166015625,-0.638671875,-0.25041288075779344,66,1712915082445
1172,-0.916015625,2.22265625,-0.435546875,-0.25041288075779344,75,1712915082445
1172,-0.853515625,2.294921875,-0.40625,-0.25041288075779344,43,1712915082445
1172,-0.81640625,2.01171875,-0.138671875,-0.12520644037889672,124,1712915082445
1172,-0.830078125,2.048828125,-0.11328125,-0.12520644037889672,447,1712915082445
1172,-0.84375,2.0859375,-0.099609375,-0.12520644037889672,681,1712915082445
1172,-0.859375,2.12109375,-0.091796875,-0.12520644037889672,502,1712915082445
1172,-0.9453125,2.123046875,-0.130859375,-0.12520644037889672,167,1712915082445
1173,-1.203125,1.759765625,0.166015625,0.0,14,1712915082545
1173,-1.224609375,1.79296875,0.154296875,0.0,56,1712915082545
1173,-1.24609375,1.826171875,0.13671875,0.0,93,1712915082545
1173,-1.197265625,1.900390625,0.169921875,0.0,88,1712915082545
1173,-1.07421875,2.005859375,0.26953125,0.0,71,1712915082545
1173,-0.9453125,2.111328125,0.26171875,0.0,74,1712915082545
1173,-0.88671875,2.17578125,0.27734375,0.0,53,1712915082545
1173,-0.67578125,2.22265625,-0.625,0.0,31,1712915082545
1173,-0.611328125,2.29296875,-0.583984375,0.0,23,1712915082545
1173,-1.29296875,1.697265625,0.4296875,0.12520644037889672,40,1712915082545
1173,-1.314453125,1.724609375,0.443359375,0.12520644037889672,60,1712915082545
1173,-1.337890625,1.748046875,0.482421875,0.12520644037889672,47,1712915082545
1173,-1.216796875,1.884765625,0.46484375,0.12520644037889672,29,1712915082545
1173,-1.1640625,1.984375,0.36328125,0.12520644037889672,24,1712915082545
1173,-1.03515625,2.123046875,0.16015625,0.12520644037889672,16,1712915082545
1173,-3.458984375,0.0,3.576171875,0.12520644037889672,30,1712915082545
1173,-3.494140625,0.0,3.669921875,0.12520644037889672,27,1712915082545
1173,-1.359375,1.677734375,0.267578125,0.25041288075779344,31,1712915082545
1173,-1.314453125,1.76171875,0.263671875,0.25041288075779344,43,1712915082545
1173,-1.408203125,1.744140625,0.2265625,0.25041288075779344,22,1712915082545
1173,-1.359375,1.677734375,0.265625,0.37561932113669017,23,1712915082545
1173,-1.314453125,1.7734375,0.177734375,0.37561932113669017,28,1712915082545
1173,-1.359375,1.638671875,0.4453125,0.5008257615155869,20,1712915082545
1173,-1.384765625,1.66796875,0.455078125,0.5008257615155869,27,1712915082545
1173,-1.408203125,1.6953125,0.466796875,0.5008257615155869,20,1712915082545
1173,-0.96875,1.869140625,-0.68359375,-0.6260322018944836,15,1712915082545
1173,-0.9140625,1.943359375,-0.67578125,-0.6260322018944836,39,1712915082545
1173,-1.001953125,1.966796875,-0.611328125,-0.6260322018944836,57,1712915082545
1173,-1.01953125,2.021484375,-0.544921875,-0.6260322018944836,54,1712915082545
1173,-1.03515625,2.07421875,-0.4765625,-0.6260322018944836,33,1712915082545
1173,-1.15625,1.83984375,0.1015625,-0.5008257615155869,21,1712915082545
1173,-1.17578125,1.861328125,0.236328125,-0.5008257615155869,43,1712915082545
1173,-1.267578125,1.814453125,0.419921875,-0.5008257615155869,38,1712915082545
1173,-0.9296875,2.037109375,-0.48046875,-0.5008257615155869,57,1712915082545
1173,-0.9453125,2.091796875,-0.388671875,-0.5008257615155869,87,1712915082545
1173,-1.03515625,2.07421875,-0.478515625,-0.5008257615155869,62,1712915082545
1173,-1.052734375,2.09765625,-0.5234375,-0.5008257615155869,32,1712915082545
1173,-1.001953125,1.884765625,-0.12109375,-0.37561932113669017,20,1712915082545
1173,-1.01953125,1.919921875,-0.109375,-0.37561932113669017,88,1712915082545
1173,-1.037109375,1.955078125,-0.083984375,-0.37561932113669017,159,1712915082545
1173,-0.986328125,2.0234375,-0.09375,-0.37561932113669017,184,1712915082545
1173,-1.001953125,2.044921875,-0.240234375,-0.37561932113669017,327,1712915082545
1173,-1.01953125,2.08203125,-0.228515625,-0.37561932113669017,362,1712915082545
1173,-1.03515625,2.115234375,-0.23828125,-0.37561932113669017,205,1712915082545
1173,-0.9765625,2.173828125,-0.326171875,-0.37561932113669017,69,1712915082545
1173,-2.15234375,2.212890625,0.51953125,-0.37561932113669017,19,1712915082545
1173,3.310546875,2.630859375,-0.2734375,-0.37561932113669017,24,1712915082545
1173,-1.068359375,1.8515625,0.046875,-0.25041288075779344,30,1712915082545
1173,-1.01953125,1.921875,-0.001953125,-0.25041288075779344,142,1712915082545
1173,-0.96875,1.990234375,-0.01171875,-0.25041288075779344,258,1712915082545
1173,-0.9140625,2.05859375,0.033203125,-0.25041288075779344,256,1712915082545
1173,-1.001953125,2.060546875,-0.01953125,-0.25041288075779344,303,1712915082545
1173,-1.01953125,2.09375,-0.0546875,-0.25041288075779344,305,1712915082545
1173,-1.109375,2.08984375,-0.052734375,-0.25041288075779344,163,1712915082545
1173,-1.052734375,2.142578125,-0.29296875,-0.25041288075779344,58,1712915082545
1173,-1.134765625,1.810546875,0.0390625,-0.12520644037889672,18,1712915082545
1173,-0.884765625,1.9765625,0.224609375,-0.12520644037889672,93,1712915082545
1173,-0.900390625,2.017578125,0.158203125,-0.12520644037889672,176,1712915082545
1173,-0.84375,2.083984375,0.12109375,-0.12520644037889672,151,1712915082545
1173,-0.71484375,2.158203125,-0.27734375,-0.12520644037889672,52,1712915082545
1173,-0.509765625,2.140625,-0.759765625,-0.12520644037889672,58,1712915082545
1173,-0.591796875,2.1953125,-0.65625,-0.12520644037889672,74,1712915082545
1173,-0.67578125,2.142578125,-0.85546875,-0.12520644037889672,66,1712915082545
1173,-0.6875,2.212890625,-0.77734375,-0.12520644037889672,43,1712915082545
1174,-0.66796875,2.009765625,0.28515625,0.0,41,1712915082645
1174,-0.748046875,2.017578125,0.322265625,0.0,115,1712915082645
1174,-0.76171875,2.048828125,0.349609375,0.0,154,1712915082645
1174,-0.7734375,2.087890625,0.341796875,0.0,120,1712915082645
1174,-0.787109375,2.12890625,0.3125,0.0,66,1712915082645
1174,-0.728515625,2.2109375,0.0703125,0.0,43,1712915082645
1174,-0.666015625,2.265625,-0.166015625,0.0,54,1712915082645
1174,-0.6015625,2.3203125,-0.1875,0.0,52,1712915082645
1174,-0.6875,2.330078125,-0.2578125,0.0,24,1712915082645
1174,-0.81640625,1.943359375,0.541015625,0.12520644037889672,23,1712915082645
1174,-0.830078125,1.986328125,0.515625,0.12520644037889672,34,1712915082645
1174,-0.9140625,1.98046875,0.55859375,0.12520644037889672,31,1712915082645
1174,-1.001953125,1.97265625,0.58984375,0.12520644037889672,21,1712915082645
1174,-3.306640625,0.0,3.3359375,0.12520644037889672,21,1712915082645
1174,-3.458984375,0.0,3.373046875,0.12520644037889672,39,1712915082645
1174,-3.494140625,0.0,3.375,0.12520644037889672,38,1712915082645
1174,-1.26953125,1.716796875,0.099609375,-0.7512386422733803,20,1712915082645
1174,-1.29296875,1.74609375,0.138671875,-0.7512386422733803,42,1712915082645
1174,-1.24609375,1.830078125,0.076171875,-0.7512386422733803,41,1712915082645
1174,-1.50390625,1.693359375,0.34765625,-0.7512386422733803,25,1712915082645
1174,-1.6015625,1.65234375,0.357421875,-0.7512386422733803,20,1712915082645
1174,-1.26953125,1.708984375,0.201171875,-0.6260322018944836,44,1712915082645
1174,-1.29296875,1.728515625,0.28515625,-0.6260322018944836,98,1712915082645
1174,-1.314453125,1.740234375,0.37890625,-0.6260322018944836,98,1712915082645
1174,-1.408203125,1.634765625,0.646484375,-0.6260322018944836,35,1712915082645
1174,-1.57421875,1.6171875,0.390625,-0.6260322018944836,18,1712915082645
1174,-0.9609375,2.1171875,-0.443359375,-0.6260322018944836,29,1712915082645
1174,-0.9765625,2.177734375,-0.30078125,-0.6260322018944836,21,1712915082645
1174,-1.3359375,1.64453125,0.2890625,-0.5008257615155869,32,1712915082645
1174,-1.359375,1.6015625,0.56640625,-0.5008257615155869,73,1712915082645
1174,-0.830078125,2.029296875,-0.314453125,-0.5008257615155869,124,1712915082645
1174,-0.9140625,2.05859375,-0.01171875,-0.5008257615155869,88,1712915082645
1174,-0.9296875,2.0703125,-0.3125,-0.5008257615155869,73,1712915082645
1174,-0.873046875,2.1171875,-0.41796875,-0.5008257615155869,65,1712915082645
1174,-0.9609375,2.154296875,-0.181640625,-0.5008257615155869,28,1712915082645
1174,3.12109375,2.640625,-0.779296875,-0.5008257615155869,26,1712915082645
1174,3.150390625,2.6953125,-0.669921875,-0.5008257615155869,29,1712915082645
1174,-0.66796875,1.99609375,-0.373046875,-0.37561932113669017,47,1712915082645
1174,-0.81640625,2.01171875,-0.142578125,-0.37561932113669017,119,1712915082645
1174,-0.830078125,2.052734375,0.01171875,-0.37561932113669017,182,1712915082645
1174,-0.9140625,2.05859375,-0.03515625,-0.37561932113669017,182,1712915082645
1174,-0.9296875,2.0859375,-0.177734375,-0.37561932113669017,254,1712915082645
1174,-0.9453125,2.119140625,-0.201171875,-0.37561932113669017,169,1712915082645
1174,-0.9609375,2.14453125,-0.279296875,-0.37561932113669017,52,1712915082645
1174,3.12109375,2.681640625,-0.619140625,-0.37561932113669017,49,1712915082645
1174,3.150390625,2.7265625,-0.53515625,-0.37561932113669017,53,1712915082645
1174,3.177734375,2.7734375,-0.40625,-0.37561932113669017,30,1712915082645
1174,-0.66796875,2.02734375,-0.12890625,-0.25041288075779344,112,1712915082645
1174,-0.6796875,2.06640625,-0.078125,-0.25041288075779344,263,1712915082645
1174,-0.69140625,2.103515625,0.0,-0.25041288075779344,322,1712915082645
1174,-0.7734375,2.115234375,0.0546875,-0.25041288075779344,265,1712915082645
1174,-0.9296875,2.091796875,-0.056640625,-0.25041288075779344,232,1712915082645
1174,-0.873046875,2.158203125,-0.0625,-0.25041288075779344,133,1712915082645
1174,-0.740234375,2.244140625,-0.126953125,-0.25041288075779344,74,1712915082645
1174,-0.6015625,2.296875,-0.384765625,-0.25041288075779344,57,1712915082645
1174,3.12109375,2.724609375,-0.388671875,-0.25041288075779344,30,1712915082645
1174,3.150390625,2.767578125,-0.24609375,-0.25041288075779344,32,1712915082645
1174,-0.734375,2.0078125,0.0546875,-0.12520644037889672,106,1712915082645
1174,-0.6796875,2.064453125,0.115234375,-0.12520644037889672,270,1712915082645
1174,-0.69140625,2.095703125,0.171875,-0.12520644037889672,331,1712915082645
1174,-0.7734375,2.10546875,0.2109375,-0.12520644037889672,228,1712915082645
1174,-0.71484375,2.162109375,0.244140625,-0.12520644037889672,110,1712915082645
1174,-0.728515625,2.2109375,0.0859375,-0.12520644037889672,83,1712915082645
1174,-0.591796875,2.28515625,-0.16796875,-0.12520644037889672,99,1712915082645
1175,-1.353515625,1.033203125,1.162109375,0.0,11,1712915082746
1175,-0.65625,1.98046875,-0.228515625,0.0,27,1712915082746
1175,-0.734375,2.0078125,0.046875,0.0,80,1712915082746
1175,-0.748046875,2.033203125,0.208984375,0.0,126,1712915082746
1175,-0.830078125,2.021484375,0.353515625,0.0,112,1712915082746
1175,-0.84375,2.05078125,0.390625,0.0,77,1712915082746
1175,-0.787109375,2.138671875,0.23046875,0.0,58,1712915082746
1175,-0.58203125,2.25390625,0.087890625,0.0,73,1712915082746
1175,-0.517578125,2.30859375,0.03515625,0.0,73,1712915082746
1175,-0.6015625,2.328125,-0.072265625,0.0,44,1712915082746
1175,-0.611328125,2.357421875,-0.197265625,0.0,20,1712915082746
1175,-3.373046875,0.0,3.17578125,0.0,23,1712915082746
1175,-0.734375,2.0078125,0.0390625,0.12520644037889672,20,1712915082746
1175,-0.748046875,2.015625,0.341796875,0.12520644037889672,33,1712915082746
1175,-0.830078125,2.001953125,0.453125,0.12520644037889672,34,1712915082746
1175,-0.9140625,1.998046875,0.4921875,0.12520644037889672,27,1712915082746
1175,-0.9296875,2.0546875,0.40234375,0.12520644037889672,17,1712915082746
1175,-3.220703125,0.0,3.201171875,0.12520644037889672,30,1712915082746
1175,-3.373046875,0.0,3.36328125,0.12520644037889672,40,1712915082746
1175,-3.529296875,0.0,3.33984375,0.12520644037889672,30,1712915082746
1175,-1.564453125,0.0,-2.10546875,0.6260322018944836,19,1712915082746
1175,-1.57421875,0.0,-1.80078125,0.7512386422733803,20,1712915082746
1175,-1.603515625,0.0,-1.833984375,0.7512386422733803,32,1712915082746
1175,-1.6328125,0.0,-1.841796875,0.7512386422733803,38,1712915082746
1175,-1.66015625,0.0,-1.8984375,0.7512386422733803,27,1712915082746
1175,-1.390625,0.0,1.98828125,0.876445082652277,23,1712915082746
1175,-1.41796875,0.0,-2.02734375,0.876445082652277,86,1712915082746
1175,-1.443359375,0.0,-2.037109375,0.876445082652277,140,1712915082746
1175,-1.470703125,0.0,-2.05078125,0.876445082652277,116,1712915082746
1175,-1.564453125,0.0,-1.966796875,0.876445082652277,49,1712915082746
1175,-1.138671875,1.671875,-0.01953125,-1.0016515230311738,49,1712915082746
1175,-1.16015625,1.703125,0.087890625,-1.0016515230311738,204,1712915082746
1175,-1.181640625,1.732421875,0.119140625,-1.0016515230311738,339,1712915082746
1175,-1.203125,1.763671875,0.126953125,-1.0016515230311738,265,1712915082746
1175,-1.15625,1.841796875,0.091796875,-1.0016515230311738,88,1712915082746
1175,-1.138671875,1.6640625,0.166015625,-0.876445082652277,38,1712915082746
1175,-1.095703125,1.736328125,0.185546875,-0.876445082652277,160,1712915082746
1175,-1.115234375,1.767578125,0.205078125,-0.876445082652277,272,1712915082746
1175,-1.203125,1.75390625,0.224609375,-0.876445082652277,215,1712915082746
1175,-1.224609375,1.791015625,0.169921875,-0.876445082652277,74,1712915082746
1175,-1.03125,1.7734375,0.205078125,-0.7512386422733803,88,1712915082746
1175,-1.05078125,1.8046875,0.21484375,-0.7512386422733803,176,1712915082746
1175,-1.068359375,1.837890625,0.21875,-0.7512386422733803,165,1712915082746
1175,-1.087890625,1.87109375,0.2265625,-0.7512386422733803,70,1712915082746
1175,-1.03125,1.748046875,0.359375,-0.6260322018944836,42,1712915082746
1175,-1.05078125,1.78515625,0.345703125,-0.6260322018944836,90,1712915082746
1175,-1.068359375,1.8203125,0.34375,-0.6260322018944836,94,1712915082746
1175,-1.01953125,1.904296875,0.263671875,-0.6260322018944836,52,1712915082746
1175,-0.96875,1.990234375,-0.017578125,-0.6260322018944836,25,1712915082746
1175,-0.9140625,2.03125,-0.333984375,-0.6260322018944836,22,1712915082746
1175,-0.9296875,2.052734375,-0.412109375,-0.6260322018944836,27,1712915082746
1175,-0.9453125,2.09375,-0.3828125,-0.6260322018944836,27,1712915082746
1175,-0.884765625,1.9765625,-0.208984375,-0.5008257615155869,21,1712915082746
1175,-0.830078125,2.044921875,-0.185546875,-0.5008257615155869,82,1712915082746
1175,-0.84375,2.083984375,-0.126953125,-0.5008257615155869,90,1712915082746
1175,-0.9296875,2.0546875,-0.3984375,-0.5008257615155869,37,1712915082746
1175,-0.9453125,2.103515625,-0.31640625,-0.5008257615155869,60,1712915082746
1175,-0.9609375,2.150390625,-0.23828125,-0.5008257615155869,40,1712915082746
1175,3.12109375,2.6171875,-0.8515625,-0.5008257615155869,21,1712915082746
1175,3.150390625,2.626953125,-0.900390625,-0.5008257615155869,21,1712915082746
1175,-0.65625,1.96875,-0.3203125,-0.37561932113669017,39,1712915082746
1175,-0.6015625,2.029296875,-0.296875,-0.37561932113669017,94,1712915082746
1175,-0.4765625,2.078125,-0.4375,-0.37561932113669017,67,1712915082746
1175,-0.900390625,2.021484375,0.07421875,-0.37561932113669017,235,1712915082746
1176,-0.72265625,1.88671875,0.5703125,0.0,17,1712915082846
1176,-0.734375,1.93359375,0.541015625,0.0,52,1712915082846
1176,-0.81640625,1.958984375,0.484375,0.0,77,1712915082846
1176,-0.900390625,1.984375,0.396484375,0.0,69,1712915082846
1176,-0.84375,2.068359375,0.28515625,0.0,42,1712915082846
1176,-0.501953125,2.234375,-0.0234375,0.0,26,1712915082846
1176,-0.4375,2.287109375,0.076171875,0.0,34,1712915082846
1176,-0.591796875,2.291015625,-0.0859375,0.0,24,1712915082846
1176,-3.220703125,0.0,3.033203125,0.0,25,1712915082846
1176,-3.373046875,0.0,3.119140625,0.0,37,1712915082846
1176,-3.28515625,0.0,3.08203125,0.0,30,1712915082846
1176,-0.80078125,1.83984375,0.73828125,0.12520644037889672,18,1712915082846
1176,-0.81640625,1.896484375,0.6875,0.12520644037889672,32,1712915082846
1176,-0.900390625,1.939453125,0.57421875,0.12520644037889672,31,1712915082846
1176,-0.986328125,1.9765625,0.443359375,0.12520644037889672,17,1712915082846
1176,-3.220703125,0.0,3.203125,0.12520644037889672,48,1712915082846
1176,-3.373046875,0.0,3.36328125,0.12520644037889672,71,1712915082846
1176,-3.40625,0.0,3.396484375,0.12520644037889672,56,1712915082846
1176,-3.44140625,0.0,3.37890625,0.12520644037889672,24,1712915082846
1176,-3.33984375,0.0,3.587890625,0.25041288075779344,29,1712915082846
1176,-3.373046875,0.0,3.515625,0.25041288075779344,43,1712915082846
1176,-3.529296875,0.0,3.578125,0.25041288075779344,33,1712915082846
1176,-1.263671875,0.0,-1.783203125,0.876445082652277,32,1712915082846
1176,-1.2890625,0.28515625,-1.583984375,0.876445082652277,40,1712915082846
1176,-1.376953125,0.275390625,-1.560546875,0.876445082652277,27,1712915082846
1176,-0.97265625,1.677734375,0.169921875,-1.0016515230311738,26,1712915082846
1176,-0.9921875,1.693359375,0.298828125,-1.0016515230311738,68,1712915082846
1176,-1.01171875,1.705078125,0.400390625,-1.0016515230311738,75,1712915082846
1176,-1.095703125,1.646484375,0.58203125,-1.0016515230311738,57,1712915082846
1176,-1.115234375,1.673828125,0.60546875,-1.0016515230311738,41,1712915082846
1176,-1.03515625,1.56640625,0.515625,-0.876445082652277,23,1712915082846
1176,-1.0546875,1.595703125,0.529296875,-0.876445082652277,46,1712915082846
1176,-1.01171875,1.666015625,0.54296875,-0.876445082652277,43,1712915082846
1176,-1.095703125,1.595703125,0.7109375,-0.876445082652277,27,1712915082846
1176,-0.869140625,1.951171875,-0.1015625,-0.6260322018944836,32,1712915082846
1176,-0.884765625,1.98828125,-0.056640625,-0.6260322018944836,41,1712915082846
1176,-0.830078125,2.048828125,-0.1171875,-0.6260322018944836,48,1712915082846
1176,-0.84375,2.076171875,-0.23046875,-0.6260322018944836,31,1712915082846
1176,-0.72265625,1.96875,0.115234375,-0.5008257615155869,32,1712915082846
1176,-0.6015625,2.05078125,0.00390625,-0.5008257615155869,64,1712915082846
1176,-0.81640625,1.962890625,-0.46484375,-0.5008257615155869,110,1712915082846
1176,-0.830078125,2.0390625,-0.23046875,-0.5008257615155869,224,1712915082846
1176,-0.7734375,2.1015625,-0.236328125,-0.5008257615155869,148,1712915082846
1176,-0.4296875,2.185546875,-0.53125,-0.5008257615155869,84,1712915082846
1176,-0.36328125,2.21484375,-0.6171875,-0.5008257615155869,84,1712915082846
1176,-0.443359375,2.283203125,-0.43359375,-0.5008257615155869,44,1712915082846
1176,-0.65625,1.9375,0.470703125,-0.37561932113669017,72,1712915082846
1176,-0.66796875,2.01953125,0.220703125,-0.37561932113669017,238,1712915082846
1176,-0.748046875,2.04296875,-0.052734375,-0.37561932113669017,317,1712915082846
1176,-0.830078125,2.041015625,-0.21875,-0.37561932113669017,342,1712915082846
1176,-0.703125,2.1328125,-0.162109375,-0.37561932113669017,246,1712915082846
1176,-0.501953125,2.20703125,-0.357421875,-0.37561932113669017,216,1712915082846
1176,-0.4375,2.244140625,-0.443359375,-0.37561932113669017,212,1712915082846
1176,-0.443359375,2.29296875,-0.3828125,-0.37561932113669017,108,1712915082846
1176,3.19140625,2.49609375,-0.51953125,-0.37561932113669017,28,1712915082846
1176,3.220703125,2.5234375,-0.501953125,-0.37561932113669017,32,1712915082846
1176,-0.64453125,1.845703125,-0.654296875,-0.25041288075779344,16,1712915082846
1176,-0.65625,1.833984375,0.783203125,-0.25041288075779344,30,1712915082846
1176,-0.734375,1.95703125,0.447265625,-0.25041288075779344,181,1712915082846
1176,-0.748046875,2.029296875,0.23828125,-0.25041288075779344,267,1712915082846
1176,-0.830078125,2.052734375,-0.025390625,-0.25041288075779344,190,1712915082846
1176,-0.703125,2.134765625,-0.1328125,-0.25041288075779344,132,1712915082846
1176,-0.501953125,2.224609375,-0.224609375,-0.25041288075779344,208,1712915082846
1176,-0.509765625,2.26171875,-0.21875,-0.25041288075779344,233,1712915082846
1177,-0.775390625,1.51171875,0.869140625,0.0,11,1712915082947
1177,-0.58984375,1.986328125,-0.341796875,0.0,18,1712915082947
1177,-0.69140625,2.1015625,0.0703125,0.0,20,1712915082947
1177,-0.6328125,2.150390625,0.220703125,0.0,33,1712915082947
1177,-0.501953125,2.220703125,0.259765625,0.0,31,1712915082947
1177,-0.748046875,2.04296875,0.025390625,-0.7512386422733803,32,1712915082947
1177,-0.76171875,2.080078125,0.0078125,-0.7512386422733803,35,1712915082947
1177,-0.421875,2.212890625,0.021484375,-0.7512386422733803,29,1712915082947
1177,-0.287109375,2.18359375,-0.62890625,-0.7512386422733803,26,1712915082947
1177,-0.701171875,1.701171875,0.33203125,-0.6260322018944836,23,1712915082947
1177,-0.65625,1.75,0.390625,-0.6260322018944836,54,1712915082947
1177,-0.669921875,1.78515625,0.390625,-0.6260322018944836,56,1712915082947
1177,-0.744140625,1.798828125,0.38671875,-0.6260322018944836,31,1712915082947
1177,-0.80078125,1.970703125,-0.201171875,-0.6260322018944836,118,1712915082947
1177,-0.748046875,2.0390625,-0.125,-0.6260322018944836,179,1712915082947
1177,-0.76171875,2.07421875,-0.13671875,-0.6260322018944836,133,1712915082947
1177,-0.28125,2.185546875,-0.466796875,-0.6260322018944836,114,1712915082947
1177,-0.287109375,2.203125,-0.5546875,-0.6260322018944836,105,1712915082947
1177,-0.21875,2.25390625,-0.541015625,-0.6260322018944836,41,1712915082947
1177,-0.642578125,1.69140625,0.4765625,-0.5008257615155869,69,1712915082947
1177,-0.65625,1.72265625,0.49609375,-0.5008257615155869,134,1712915082947
1177,-0.669921875,1.763671875,0.482421875,-0.5008257615155869,123,1712915082947
1177,-0.681640625,1.8125,0.43359375,-0.5008257615155869,99,1712915082947
1177,-0.6953125,1.86328125,0.3671875,-0.5008257615155869,97,1712915082947
1177,-0.64453125,1.95703125,-0.0546875,-0.5008257615155869,153,1712915082947
1177,-0.58984375,2.0078125,-0.166015625,-0.5008257615155869,281,1712915082947
1177,-0.6015625,2.046875,-0.140625,-0.5008257615155869,255,1712915082947
1177,-0.748046875,2.0390625,-0.12109375,-0.5008257615155869,199,1712915082947
1177,-0.76171875,2.07421875,-0.150390625,-0.5008257615155869,206,1712915082947
1177,-0.28125,2.216796875,-0.2890625,-0.5008257615155869,176,1712915082947
1177,-0.357421875,2.2265625,-0.404296875,-0.5008257615155869,154,1712915082947
1177,-0.291015625,2.28515625,-0.3359375,-0.5008257615155869,52,1712915082947
1177,3.287109375,2.3515625,-0.17578125,-0.5008257615155869,28,1712915082947
1177,3.318359375,2.380859375,-0.080078125,-0.5008257615155869,36,1712915082947
1177,3.220703125,2.572265625,-0.087890625,-0.5008257615155869,30,1712915082947
1177,-0.642578125,1.654296875,0.587890625,-0.37561932113669017,68,1712915082947
1177,-0.65625,1.6875,0.603515625,-0.37561932113669017,120,1712915082947
1177,-0.669921875,1.740234375,0.55859375,-0.37561932113669017,128,1712915082947
1177,-0.744140625,1.751953125,0.56640625,-0.37561932113669017,173,1712915082947
1177,-0.6953125,1.84375,0.45703125,-0.37561932113669017,173,1712915082947
1177,-0.64453125,1.958984375,0.0078125,-0.37561932113669017,288,1712915082947
1177,-0.58984375,2.013671875,-0.08984375,-0.37561932113669017,565,1712915082947
1177,-0.6015625,2.05078125,-0.0234375,-0.37561932113669017,597,1712915082947
1177,-0.544921875,2.1015625,0.142578125,-0.37561932113669017,272,1712915082947
1177,-0.76171875,2.07421875,-0.14453125,-0.37561932113669017,132,1712915082947
1177,-0.4921875,2.197265625,0.0,-0.37561932113669017,147,1712915082947
1177,-0.4296875,2.24609375,-0.138671875,-0.37561932113669017,123,1712915082947
1177,3.162109375,2.525390625,-0.03515625,-0.37561932113669017,23,1712915082947
1177,3.318359375,2.3671875,0.25390625,-0.37561932113669017,28,1712915082947
1177,-0.701171875,1.603515625,0.66015625,-0.25041288075779344,21,1712915082947
1177,-0.595703125,1.6796875,0.685546875,-0.25041288075779344,34,1712915082947
1177,-0.73046875,1.669921875,0.68359375,-0.25041288075779344,56,1712915082947
1177,-0.681640625,1.734375,0.68359375,-0.25041288075779344,97,1712915082947
1177,-0.6953125,1.822265625,0.537109375,-0.25041288075779344,99,1712915082947
1177,-0.580078125,1.9765625,0.06640625,-0.25041288075779344,193,1712915082947
1177,-0.65625,1.994140625,-0.01171875,-0.25041288075779344,382,1712915082947
1177,-0.6015625,2.05078125,0.06640625,-0.25041288075779344,442,1712915082947
1177,-0.544921875,2.099609375,0.171875,-0.25041288075779344,266,1712915082947
1177,-0.580078125,1.96484375,-0.23828125,-0.12520644037889672,32,1712915082947
1177,-0.58984375,2.001953125,-0.220703125,-0.12520644037889672,75,1712915082947
1177,-0.6015625,2.04296875,-0.185546875,-0.12520644037889672,105,1712915082947
1177,-0.611328125,2.078125,-0.19921875,-0.12520644037889672,97,1712915082947
1177,-0.623046875,2.107421875,-0.263671875,-0.12520644037889672,57,1712915082947
1177,-0.66796875,2.025390625,-0.158203125,-0.6260322018944836,117,1712915082947
1178,-0.515625,1.697265625,0.4609375,0.0,30,1712915083047
1178,-0.525390625,1.71484375,0.53125,0.0,77,1712915083047
1178,-0.537109375,1.74609375,0.5546875,0.0,93,1712915083047
1178,-0.486328125,1.810546875,0.5234375,0.0,66,1712915083047
1178,-0.373046875,1.912109375,0.384765625,0.0,46,1712915083047
1178,-0.443359375,1.951171875,0.3046875,0.0,34,1712915083047
1178,-0.580078125,1.955078125,0.294921875,0.0,46,1712915083047
1178,-0.58984375,1.986328125,0.337890625,0.0,55,1712915083047
1178,-0.66796875,1.9921875,0.3984375,0.0,38,1712915083047
1178,-3.373046875,0.0,3.134765625,0.0,22,1712915083047
1178,-3.28515625,0.0,3.03515625,0.0,29,1712915083047
1178,-3.318359375,0.0,2.853515625,0.0,19,1712915083047
1178,-0.3515625,1.822265625,0.228515625,0.12520644037889672,29,1712915083047
1178,-0.42578125,1.818359375,0.546875,0.12520644037889672,41,1712915083047
1178,-0.43359375,1.880859375,0.466796875,0.12520644037889672,61,1712915083047
1178,-0.443359375,1.927734375,0.42578125,0.12520644037889672,36,1712915083047
1178,-0.64453125,1.912109375,0.419921875,0.12520644037889672,26,1712915083047
1178,-3.25390625,0.0,3.259765625,0.12520644037889672,44,1712915083047
1178,-3.28515625,0.0,3.263671875,0.12520644037889672,57,1712915083047
1178,-3.44140625,0.0,3.29296875,0.12520644037889672,38,1712915083047
1178,-0.365234375,1.783203125,0.69140625,0.25041288075779344,29,1712915083047
1178,-0.43359375,1.84375,0.595703125,0.25041288075779344,46,1712915083047
1178,-0.37890625,1.87890625,0.646484375,0.25041288075779344,25,1712915083047
1178,-3.373046875,0.0,3.513671875,0.25041288075779344,29,1712915083047
1178,-3.40625,0.0,3.4609375,0.25041288075779344,40,1712915083047
1178,-3.318359375,0.0,3.353515625,0.25041288075779344,28,1712915083047
1178,-0.126953125,1.841796875,-0.826171875,-1.0016515230311738,19,1712915083047
1178,-0.189453125,1.900390625,-0.669921875,-0.876445082652277,24,1712915083047
1178,-0.2578125,1.955078125,-0.6015625,-0.876445082652277,23,1712915083047
1178,-0.6796875,2.06640625,-0.03125,-0.876445082652277,28,1712915083047
1178,-0.58984375,2.005859375,-0.1953125,-0.7512386422733803,35,1712915083047
1178,-0.53515625,2.06640625,-0.1171875,-0.7512386422733803,82,1712915083047
1178,-0.4765625,2.111328125,-0.220703125,-0.7512386422733803,125,1712915083047
1178,-0.345703125,2.158203125,-0.353515625,-0.7512386422733803,116,1712915083047
1178,-0.3515625,2.189453125,-0.39453125,-0.7512386422733803,46,1712915083047
1178,-0.568359375,1.896484375,-0.41796875,-0.6260322018944836,59,1712915083047
1178,-0.580078125,1.951171875,-0.32421875,-0.6260322018944836,166,1712915083047
1178,-0.58984375,1.986328125,-0.341796875,-0.6260322018944836,186,1712915083047
1178,-0.6015625,2.04296875,-0.1953125,-0.6260322018944836,91,1712915083047
1178,-0.408203125,2.13671875,-0.080078125,-0.6260322018944836,167,1712915083047
1178,-0.345703125,2.17578125,-0.224609375,-0.6260322018944836,169,1712915083047
1178,-0.2109375,2.2421875,-0.015625,-0.6260322018944836,36,1712915083047
1178,-0.357421875,2.208984375,-0.48828125,-0.6260322018944836,61,1712915083047
1178,-0.36328125,2.259765625,-0.43359375,-0.6260322018944836,41,1712915083047
1178,3.1015625,2.4140625,-0.55859375,-0.6260322018944836,28,1712915083047
1178,3.2578125,2.25390625,-0.6171875,-0.6260322018944836,54,1712915083047
1178,3.287109375,2.248046875,-0.712890625,-0.6260322018944836,52,1712915083047
1178,3.318359375,2.15234375,-1.017578125,-0.6260322018944836,26,1712915083047
1178,-0.515625,1.75390625,0.12890625,-0.5008257615155869,135,1712915083047
1178,-0.525390625,1.787109375,0.1640625,-0.5008257615155869,326,1712915083047
1178,-0.537109375,1.822265625,0.19140625,-0.5008257615155869,348,1712915083047
1178,-0.546875,1.857421875,0.203125,-0.5008257615155869,166,1712915083047
1178,-0.43359375,1.927734375,-0.19921875,-0.5008257615155869,30,1712915083047
1178,-0.505859375,1.943359375,-0.24609375,-0.5008257615155869,241,1712915083047
1178,-0.580078125,1.966796875,-0.205078125,-0.5008257615155869,615,1712915083047
1178,-0.58984375,2.005859375,-0.189453125,-0.5008257615155869,716,1712915083047
1178,-0.6015625,2.044921875,-0.169921875,-0.5008257615155869,390,1712915083047
1178,-0.748046875,2.029296875,-0.2421875,-0.5008257615155869,72,1712915083047
1178,-0.27734375,2.197265625,0.017578125,-0.5008257615155869,71,1712915083047
1178,-0.2109375,2.2109375,-0.375,-0.5008257615155869,20,1712915083047
1178,-0.357421875,2.224609375,-0.41015625,-0.5008257615155869,58,1712915083047
1178,-0.36328125,2.27734375,-0.318359375,-0.5008257615155869,33,1712915083047
1178,3.2265625,2.287109375,-0.35546875,-0.5008257615155869,26,1712915083047
1178,3.2578125,2.298828125,-0.4140625,-0.5008257615155869,49,1712915083047
1179,-0.673828125,1.419921875,0.8671875,0.0,11,1712915083148
1179,-0.6875,1.5703125,0.646484375,0.0,23,1712915083148
1179,-0.3515625,1.787109375,0.427734375,0.0,51,1712915083148
1179,-0.357421875,1.8359375,0.3828125,0.0,56,1712915083148
1179,-0.3046875,1.876953125,0.419921875,0.0,24,1712915083148
1179,-0.49609375,1.9140625,0.166015625,0.0,28,1712915083148
1179,-0.505859375,1.947265625,0.22265625,0.0,63,1712915083148
1179,-0.580078125,1.9609375,0.267578125,0.0,64,1712915083148
1179,-0.65625,1.970703125,0.310546875,0.0,32,1712915083148
1179,-0.505859375,1.939453125,0.2734375,0.12520644037889672,29,1712915083148
1179,-0.580078125,1.947265625,0.345703125,0.12520644037889672,31,1712915083148
1179,-3.25390625,0.0,3.212890625,0.12520644037889672,19,1712915083148
1179,-3.28515625,0.0,3.345703125,0.12520644037889672,20,1712915083148
1179,-3.25390625,0.0,3.40625,0.25041288075779344,23,1712915083148
1179,-3.40625,0.0,3.537109375,0.25041288075779344,21,1712915083148
1179,-0.630859375,1.720703125,-0.04296875,-1.0016515230311738,21,1712915083148
1179,-0.642578125,1.755859375,0.0234375,-1.0016515230311738,22,1712915083148
1179,-0.548828125,1.66796875,-0.025390625,-0.876445082652277,21,1712915083148
1179,-0.560546875,1.703125,0.033203125,-0.876445082652277,122,1712915083148
1179,-0.572265625,1.740234375,0.068359375,-0.876445082652277,242,1712915083148
1179,-0.583984375,1.7734375,0.095703125,-0.876445082652277,221,1712915083148
1179,-0.595703125,1.810546875,0.111328125,-0.876445082652277,91,1712915083148
1179,-0.36328125,2.201171875,-0.66796875,-0.876445082652277,12,1712915083148
1179,-0.548828125,1.666015625,0.09375,-0.7512386422733803,29,1712915083148
1179,-0.6171875,1.669921875,0.2265625,-0.7512386422733803,153,1712915083148
1179,-0.630859375,1.701171875,0.26171875,-0.7512386422733803,304,1712915083148
1179,-0.701171875,1.705078125,0.314453125,-0.7512386422733803,278,1712915083148
1179,-0.71484375,1.7421875,0.3046875,-0.7512386422733803,123,1712915083148
1179,-0.203125,2.07421875,-0.62890625,-0.7512386422733803,93,1712915083148
1179,-0.27734375,2.1171875,-0.5859375,-0.7512386422733803,101,1712915083148
1179,-0.28125,2.17578125,-0.505859375,-0.7512386422733803,58,1712915083148
1179,-0.4296875,2.21484375,-0.396484375,-0.7512386422733803,21,1712915083148
1179,-0.291015625,2.197265625,-0.716796875,-0.7512386422733803,16,1712915083148
1179,3.349609375,1.966796875,-0.822265625,-0.7512386422733803,25,1712915083148
1179,-0.439453125,1.701171875,0.01171875,-0.6260322018944836,48,1712915083148
1179,-0.44921875,1.736328125,0.078125,-0.6260322018944836,220,1712915083148
1179,-0.458984375,1.771484375,0.1015625,-0.6260322018944836,382,1712915083148
1179,-0.466796875,1.80859375,0.103515625,-0.6260322018944836,303,1712915083148
1179,-0.41796875,1.86328125,0.02734375,-0.6260322018944836,97,1712915083148
1179,-0.201171875,2.048828125,-0.57421875,-0.6260322018944836,80,1712915083148
1179,-0.203125,2.107421875,-0.498046875,-0.6260322018944836,173,1712915083148
1179,-0.27734375,2.146484375,-0.46484375,-0.6260322018944836,183,1712915083148
1179,-0.28125,2.197265625,-0.404296875,-0.6260322018944836,96,1712915083148
1179,-0.357421875,2.24609375,-0.271484375,-0.6260322018944836,24,1712915083148
1179,-0.548828125,1.658203125,0.1796875,-0.5008257615155869,37,1712915083148
1179,-0.50390625,1.705078125,0.244140625,-0.5008257615155869,178,1712915083148
1179,-0.572265625,1.716796875,0.291015625,-0.5008257615155869,318,1712915083148
1179,-0.525390625,1.767578125,0.318359375,-0.5008257615155869,274,1712915083148
1179,-0.4765625,1.814453125,0.349609375,-0.5008257615155869,99,1712915083148
1179,-0.42578125,1.857421875,-0.40234375,-0.5008257615155869,61,1712915083148
1179,-0.43359375,1.875,-0.48828125,-0.5008257615155869,263,1712915083148
1179,-0.37890625,1.923828125,-0.498046875,-0.5008257615155869,521,1712915083148
1179,-0.451171875,1.94140625,-0.525390625,-0.5008257615155869,486,1712915083148
1179,-0.39453125,1.892578125,-0.8203125,-0.5008257615155869,139,1712915083148
1179,-0.466796875,2.083984375,0.068359375,-0.5008257615155869,132,1712915083148
1179,-0.33984375,2.134765625,-0.244140625,-0.5008257615155869,185,1712915083148
1179,-0.27734375,2.18359375,-0.24609375,-0.5008257615155869,148,1712915083148
1179,-0.28125,2.2265625,-0.185546875,-0.5008257615155869,70,1712915083148
1179,-0.458984375,1.748046875,0.30859375,-0.37561932113669017,30,1712915083148
1179,-0.466796875,1.7890625,0.27734375,-0.37561932113669017,35,1712915083148
1179,-0.357421875,1.8671875,0.16796875,-0.37561932113669017,27,1712915083148
1179,-0.42578125,1.875,-0.306640625,-0.37561932113669017,91,1712915083148
1179,-0.43359375,1.90234375,-0.3671875,-0.37561932113669017,450,1712915083148
1179,-0.443359375,1.939453125,-0.373046875,-0.37561932113669017,898,1712915083148
1180,-0.482421875,1.572265625,0.498046875,0.0,14,1712915083248
1180,-0.494140625,1.60546875,0.513671875,0.0,43,1712915083248
1180,-0.50390625,1.63671875,0.53515625,0.0,60,1712915083248
1180,-0.515625,1.666015625,0.560546875,0.0,40,1712915083248
1180,-0.42578125,1.8984375,-0.056640625,0.0,33,1712915083248
1180,-0.43359375,1.93359375,0.10546875,0.0,86,1712915083248
1180,-0.443359375,1.962890625,0.216796875,0.0,112,1712915083248
1180,-0.451171875,1.974609375,0.380859375,0.0,76,1712915083248
1180,-0.58984375,1.94921875,0.513671875,0.0,27,1712915083248
1180,-0.267578125,2.0859375,-0.380859375,0.0,27,1712915083248
1180,-0.548828125,1.548828125,0.62109375,0.12520644037889672,21,1712915083248
1180,-0.50390625,1.58984375,0.6640625,0.12520644037889672,29,1712915083248
1180,-0.572265625,1.6171875,0.642578125,0.12520644037889672,19,1712915083248
1180,-0.373046875,1.939453125,0.205078125,0.12520644037889672,39,1712915083248
1180,-0.443359375,1.95703125,0.26171875,0.12520644037889672,51,1712915083248
1180,-0.451171875,1.96875,0.412109375,0.12520644037889672,36,1712915083248
1180,-3.1640625,0.0,2.787109375,0.12520644037889672,22,1712915083248
1180,-3.1953125,0.0,2.859375,0.12520644037889672,25,1712915083248
1180,-3.1015625,0.0,3.13671875,0.12520644037889672,18,1712915083248
1180,-3.1640625,0.0,3.083984375,0.25041288075779344,27,1712915083248
1180,-3.1953125,0.0,3.177734375,0.25041288075779344,28,1712915083248
1180,0.0,1.9453125,0.0859375,-1.0016515230311738,16,1712915083248
1180,-0.228515625,1.81640625,-0.072265625,-0.876445082652277,18,1712915083248
1180,-0.1171875,1.861328125,0.13671875,-0.876445082652277,26,1712915083248
1180,-0.119140625,1.89453125,0.197265625,-0.876445082652277,52,1712915083248
1180,-0.12109375,1.9375,0.15625,-0.876445082652277,79,1712915083248
1180,-0.125,1.978515625,0.087890625,-0.876445082652277,66,1712915083248
1180,-0.189453125,2.013671875,-0.080078125,-0.876445082652277,27,1712915083248
1180,-0.28125,1.767578125,0.123046875,-0.7512386422733803,45,1712915083248
1180,-0.228515625,1.814453125,0.109375,-0.7512386422733803,80,1712915083248
1180,-0.234375,1.849609375,0.1484375,-0.7512386422733803,74,1712915083248
1180,-0.119140625,1.88671875,0.26171875,-0.7512386422733803,74,1712915083248
1180,-0.181640625,1.91796875,0.275390625,-0.7512386422733803,102,1712915083248
1180,-0.185546875,1.953125,0.296875,-0.7512386422733803,84,1712915083248
1180,-0.126953125,1.990234375,0.345703125,-0.7512386422733803,31,1712915083248
1180,-0.4296875,1.662109375,-0.06640625,-0.6260322018944836,42,1712915083248
1180,-0.384765625,1.712890625,-0.037109375,-0.6260322018944836,137,1712915083248
1180,-0.44921875,1.736328125,-0.0625,-0.6260322018944836,179,1712915083248
1180,-0.458984375,1.767578125,-0.1484375,-0.6260322018944836,102,1712915083248
1180,-0.234375,1.830078125,0.3046875,-0.6260322018944836,63,1712915083248
1180,-0.1796875,1.884765625,0.244140625,-0.6260322018944836,39,1712915083248
1180,-0.244140625,1.9296875,-0.078125,-0.6260322018944836,72,1712915083248
1180,-0.310546875,1.9375,-0.30078125,-0.6260322018944836,119,1712915083248
1180,-0.37890625,1.9375,-0.44140625,-0.6260322018944836,114,1712915083248
1180,-0.38671875,1.970703125,-0.46875,-0.6260322018944836,61,1712915083248
1180,-0.4296875,1.662109375,0.04296875,-0.5008257615155869,139,1712915083248
1180,-0.439453125,1.697265625,0.087890625,-0.5008257615155869,462,1712915083248
1180,-0.44921875,1.734375,0.10546875,-0.5008257615155869,639,1712915083248
1180,-0.458984375,1.76953125,0.1171875,-0.5008257615155869,409,1712915083248
1180,-0.466796875,1.80859375,0.109375,-0.5008257615155869,100,1712915083248
1180,-0.357421875,1.818359375,-0.455078125,-0.5008257615155869,40,1712915083248
1180,-0.3046875,1.861328125,-0.486328125,-0.5008257615155869,232,1712915083248
1180,-0.373046875,1.884765625,-0.498046875,-0.5008257615155869,506,1712915083248
1180,-0.37890625,1.916015625,-0.52734375,-0.5008257615155869,522,1712915083248
1180,-0.38671875,1.935546875,-0.595703125,-0.5008257615155869,247,1712915083248
1180,-0.458984375,1.916015625,-0.7265625,-0.5008257615155869,45,1712915083248
1180,-0.4296875,1.658203125,0.138671875,-0.37561932113669017,128,1712915083248
1180,-0.439453125,1.689453125,0.189453125,-0.37561932113669017,422,1712915083248
1180,-0.44921875,1.724609375,0.216796875,-0.37561932113669017,595,1712915083248
1180,-0.458984375,1.7578125,0.240234375,-0.37561932113669017,383,1712915083248
1180,-0.466796875,1.7890625,0.279296875,-0.37561932113669017,98,1712915083248
1180,-0.357421875,1.8515625,-0.298828125,-0.37561932113669017,64,1712915083248
1180,-0.365234375,1.873046875,-0.390625,-0.37561932113669017,345,1712915083248
1180,-0.373046875,1.90625,-0.4140625,-0.37561932113669017,756,1712915083248
1181,-0.419921875,1.587890625,0.353515625,0.0,16,1712915083348
1181,-0.4296875,1.6171875,0.390625,0.0,53,1712915083348
1181,-0.439453125,1.650390625,0.408203125,0.0,75,1712915083348
1181,-0.44921875,1.6796875,0.4453125,0.0,50,1712915083348
1181,-0.515625,1.693359375,0.470703125,0.0,14,1712915083348
1181,-0.357421875,1.814453125,0.474609375,0.0,31,1712915083348
1181,-0.365234375,1.8984375,0.236328125,0.0,71,1712915083348
1181,-0.49609375,1.611328125,-1.048828125,0.0,58,1712915083348
1181,-0.126953125,1.744140625,1.015625,0.0,42,1712915083348
1181,-0.2578125,1.869140625,0.830078125,0.0,51,1712915083348
1181,-0.328125,2.005859375,0.5234375,0.0,48,1712915083348
1181,-0.06640625,2.126953125,-0.203125,0.0,32,1712915083348
1181,-0.13671875,2.1328125,-0.408203125,0.0,36,1712915083348
1181,0.0,2.17578125,-0.412109375,0.0,23,1712915083348
1181,-0.4296875,1.576171875,0.53125,0.12520644037889672,18,1712915083348
1181,-0.439453125,1.583984375,0.619140625,0.12520644037889672,23,1712915083348
1181,-0.38671875,2.0234375,0.064453125,0.12520644037889672,27,1712915083348
1181,-0.26171875,2.08203125,-0.078125,0.12520644037889672,39,1712915083348
1181,-0.1328125,2.125,-0.201171875,0.12520644037889672,75,1712915083348
1181,-0.13671875,2.15625,-0.255859375,0.12520644037889672,79,1712915083348
1181,-0.138671875,2.19140625,-0.279296875,0.12520644037889672,42,1712915083348
1181,-2.94921875,1.009765625,2.396484375,0.12520644037889672,20,1712915083348
1181,-2.853515625,0.0,2.78515625,0.12520644037889672,24,1712915083348
1181,-0.580078125,1.955078125,0.296875,0.25041288075779344,17,1712915083348
1181,0.06640625,1.91015625,-0.8671875,0.25041288075779344,34,1712915083348
1181,0.0,1.998046875,-0.7578125,0.25041288075779344,57,1712915083348
1181,0.068359375,2.068359375,-0.67578125,0.25041288075779344,44,1712915083348
1181,0.0,2.1640625,-0.46484375,0.25041288075779344,20,1712915083348
1181,-2.94921875,0.0,2.91796875,0.25041288075779344,32,1712915083348
1181,-2.978515625,0.0,3.111328125,0.25041288075779344,30,1712915083348
1181,0.0,1.9453125,-0.68359375,0.37561932113669017,21,1712915083348
1181,0.0,2.013671875,-0.59765625,0.37561932113669017,99,1712915083348
1181,-0.06640625,2.068359375,-0.53515625,0.37561932113669017,177,1712915083348
1181,-0.068359375,2.125,-0.4609375,0.37561932113669017,145,1712915083348
1181,-0.068359375,2.185546875,-0.345703125,0.37561932113669017,54,1712915083348
1181,-3.1640625,0.0,3.3125,0.37561932113669017,18,1712915083348
1181,-3.1953125,0.0,3.41796875,0.37561932113669017,17,1712915083348
1181,-0.130859375,2.029296875,-0.51953125,0.5008257615155869,65,1712915083348
1181,-0.06640625,2.087890625,-0.451171875,0.5008257615155869,116,1712915083348
1181,-0.068359375,2.140625,-0.388671875,0.5008257615155869,96,1712915083348
1181,-0.138671875,2.1875,-0.318359375,0.5008257615155869,33,1712915083348
1181,0.0,1.82421875,0.166015625,-1.0016515230311738,20,1712915083348
1181,0.0,1.869140625,0.0703125,-1.0016515230311738,34,1712915083348
1181,-0.119140625,1.90234375,0.08203125,-1.0016515230311738,40,1712915083348
1181,-0.12109375,1.943359375,0.025390625,-1.0016515230311738,22,1712915083348
1181,-0.1640625,1.74609375,0.076171875,-0.876445082652277,22,1712915083348
1181,-0.115234375,1.810546875,0.263671875,-0.876445082652277,45,1712915083348
1181,-0.1171875,1.8515625,0.240234375,-0.876445082652277,88,1712915083348
1181,-0.119140625,1.892578125,0.22265625,-0.876445082652277,94,1712915083348
1181,-0.181640625,1.931640625,0.15625,-0.876445082652277,44,1712915083348
1181,-0.115234375,1.779296875,0.421875,-0.7512386422733803,27,1712915083348
1181,-0.1171875,1.83984375,0.322265625,-0.7512386422733803,57,1712915083348
1181,-0.119140625,1.884765625,0.2734375,-0.7512386422733803,63,1712915083348
1181,-0.244140625,1.931640625,0.05859375,-0.7512386422733803,38,1712915083348
1181,-0.322265625,1.685546875,0.072265625,-0.6260322018944836,24,1712915083348
1181,-0.2734375,1.732421875,0.08984375,-0.6260322018944836,48,1712915083348
1181,-0.28125,1.767578125,0.12109375,-0.6260322018944836,43,1712915083348
1181,-0.3046875,1.861328125,-0.484375,-0.6260322018944836,38,1712915083348
1181,-0.310546875,1.8984375,-0.48828125,-0.6260322018944836,37,1712915083348
1181,-0.37890625,1.921875,-0.50390625,-0.6260322018944836,21,1712915083348
1181,3.458984375,1.58984375,-0.275390625,-0.6260322018944836,37,1712915083348
1181,3.494140625,1.607421875,-0.265625,-0.6260322018944836,39,1712915083348
1181,-0.375,1.67578125,-0.015625,-0.5008257615155869,51,1712915083348
1181,-0.330078125,1.724609375,0.025390625,-0.5008257615155869,74,1712915083348
1182,-0.419921875,1.548828125,0.498046875,0.0,16,1712915083448
1182,-0.375,1.61328125,0.453125,0.0,27,1712915083448
1182,-0.384765625,1.654296875,0.443359375,0.0,22,1712915083448
1182,-0.234375,1.853515625,-0.099609375,0.0,82,1712915083448
1182,-0.23828125,1.890625,-0.099609375,0.0,260,1712915083448
1182,-0.3046875,1.919921875,-0.10546875,0.0,352,1712915083448
1182,-0.373046875,1.939453125,-0.1953125,0.0,227,1712915083448
1182,-0.443359375,1.939453125,-0.37109375,0.0,80,1712915083448
1182,-0.515625,1.986328125,-0.19921875,0.0,27,1712915083448
1182,3.734375,0.607421875,-0.73828125,0.0,15,1712915083448
1182,3.650390625,0.98046875,-0.93359375,0.0,19,1712915083448
1182,3.564453125,1.263671875,-1.078125,0.0,19,1712915083448
1182,3.59765625,1.23828125,-1.1328125,0.0,15,1712915083448
1182,-0.29296875,1.845703125,0.076171875,0.12520644037889672,23,1712915083448
1182,-0.298828125,1.884765625,0.0625,0.12520644037889672,53,1712915083448
1182,-0.3046875,1.921875,0.0625,0.12520644037889672,75,1712915083448
1182,-0.373046875,1.94921875,0.0546875,0.12520644037889672,53,1712915083448
1182,-0.26171875,2.08203125,0.072265625,0.12520644037889672,27,1712915083448
1182,-0.201171875,2.125,-0.115234375,0.12520644037889672,34,1712915083448
1182,-0.13671875,2.16015625,-0.224609375,0.12520644037889672,35,1712915083448
1182,0.0,2.201171875,-0.2421875,0.12520644037889672,24,1712915083448
1182,3.685546875,0.9765625,-0.958984375,0.12520644037889672,37,1712915083448
1182,3.59765625,1.333984375,-1.01953125,0.12520644037889672,52,1712915083448
1182,3.6328125,1.33984375,-1.037109375,0.12520644037889672,39,1712915083448
1182,-0.26171875,2.08203125,0.087890625,0.25041288075779344,36,1712915083448
1182,-0.201171875,2.126953125,-0.0625,0.25041288075779344,46,1712915083448
1182,-0.13671875,2.158203125,-0.248046875,0.25041288075779344,46,1712915083448
1182,0.0,2.1875,-0.34375,0.25041288075779344,35,1712915083448
1182,0.0,2.19921875,-0.490234375,0.25041288075779344,18,1712915083448
1182,-2.798828125,0.0,3.2109375,0.25041288075779344,57,1712915083448
1182,3.564453125,1.498046875,-0.71875,0.25041288075779344,118,1712915083448
1182,3.59765625,1.517578125,-0.71484375,0.25041288075779344,145,1712915083448
1182,3.7578125,1.20703125,-0.701171875,0.25041288075779344,100,1712915083448
1182,3.66796875,1.560546875,-0.703125,0.25041288075779344,40,1712915083448
1182,-0.328125,2.064453125,0.19140625,0.37561932113669017,26,1712915083448
1182,-0.267578125,2.115234375,0.1640625,0.37561932113669017,28,1712915083448
1182,-2.798828125,0.0,3.43359375,0.37561932113669017,52,1712915083448
1182,-2.826171875,0.0,3.4609375,0.37561932113669017,100,1712915083448
1182,3.59765625,1.62890625,-0.40234375,0.37561932113669017,109,1712915083448
1182,3.6328125,1.65625,-0.35546875,0.37561932113669017,76,1712915083448
1182,3.66796875,1.697265625,-0.21875,0.37561932113669017,32,1712915083448
1182,0.06640625,1.921875,-0.935546875,0.5008257615155869,35,1712915083448
1182,0.068359375,2.03125,-0.779296875,0.5008257615155869,80,1712915083448
1182,0.0,2.11328125,-0.662109375,0.5008257615155869,96,1712915083448
1182,0.0,2.171875,-0.599609375,0.5008257615155869,57,1712915083448
1182,-2.94921875,0.0,3.876953125,0.5008257615155869,21,1712915083448
1182,-2.853515625,0.0,3.8828125,0.5008257615155869,22,1712915083448
1182,0.0,2.0078125,-0.734375,0.6260322018944836,37,1712915083448
1182,0.0,2.0859375,-0.623046875,0.6260322018944836,92,1712915083448
1182,0.0,2.14453125,-0.55078125,0.6260322018944836,111,1712915083448
1182,0.0,2.1953125,-0.50390625,0.6260322018944836,68,1712915083448
1182,0.0,2.01953125,-0.703125,0.7512386422733803,26,1712915083448
1182,0.0,2.078125,-0.646484375,0.7512386422733803,57,1712915083448
1182,0.0,2.126953125,-0.61328125,0.7512386422733803,62,1712915083448
1182,0.0,2.177734375,-0.578125,0.7512386422733803,33,1712915083448
1182,0.06640625,2.05078125,-0.59765625,0.876445082652277,36,1712915083448
1182,0.068359375,2.0859375,-0.615234375,0.876445082652277,73,1712915083448
1182,0.068359375,2.1171875,-0.642578125,0.876445082652277,70,1712915083448
1182,0.0,2.146484375,-0.681640625,0.876445082652277,32,1712915083448
1182,0.333984375,1.296875,1.666015625,-1.0016515230311738,21,1712915083448
1182,0.271484375,1.283203125,1.736328125,-1.0016515230311738,44,1712915083448
1182,0.27734375,1.34765625,1.734375,-1.0016515230311738,43,1712915083448
1182,-0.6328125,2.083984375,-0.572265625,-1.0016515230311738,21,1712915083448
1182,-0.21484375,1.693359375,0.193359375,-0.7512386422733803,21,1712915083448
1183,-0.359375,1.564453125,0.34765625,0.0,50,1712915083549
1183,-0.3671875,1.599609375,0.353515625,0.0,102,1712915083549
1183,-0.375,1.640625,0.341796875,0.0,90,1712915083549
1183,-0.384765625,1.68359375,0.3203125,0.0,30,1712915083549
1183,-0.17578125,1.853515625,-0.173828125,0.0,98,1712915083549
1183,-0.1796875,1.900390625,-0.029296875,0.0,259,1712915083549
1183,-0.181640625,1.9375,0.04296875,0.0,320,1712915083549
1183,-0.185546875,1.97265625,0.111328125,0.0,207,1712915083549
1183,-0.189453125,2.001953125,0.23046875,0.0,74,1712915083549
1183,0.0,1.919921875,0.748046875,0.0,27,1712915083549
1183,-0.359375,1.529296875,0.4765625,0.12520644037889672,100,1712915083549
1183,-0.3671875,1.5703125,0.47265625,0.12520644037889672,203,1712915083549
1183,-0.375,1.607421875,0.478515625,0.12520644037889672,181,1712915083549
1183,-0.384765625,1.642578125,0.484375,0.12520644037889672,58,1712915083549
1183,-0.3046875,1.9140625,0.1875,0.12520644037889672,60,1712915083549
1183,-0.248046875,1.96484375,0.14453125,0.12520644037889672,69,1712915083549
1183,-0.189453125,2.0078125,0.171875,0.12520644037889672,40,1712915083549
1183,-0.41015625,1.484375,0.568359375,0.25041288075779344,48,1712915083549
1183,-0.3671875,1.529296875,0.587890625,0.25041288075779344,97,1712915083549
1183,-0.375,1.5625,0.60546875,0.25041288075779344,88,1712915083549
1183,-0.384765625,1.55078125,0.728515625,0.25041288075779344,27,1712915083549
1183,3.564453125,1.490234375,-0.736328125,0.25041288075779344,17,1712915083549
1183,3.72265625,0.998046875,-0.955078125,0.25041288075779344,29,1712915083549
1183,3.7578125,0.98046875,-0.9921875,0.25041288075779344,29,1712915083549
1183,3.685546875,1.240234375,-0.580078125,0.37561932113669017,18,1712915083549
1183,3.72265625,1.109375,-0.82421875,0.37561932113669017,31,1712915083549
1183,3.7578125,1.16015625,-0.775390625,0.37561932113669017,32,1712915083549
1183,3.66796875,1.603515625,-0.595703125,0.37561932113669017,22,1712915083549
1183,-0.90234375,0.0,2.00390625,0.5008257615155869,28,1712915083549
1183,-0.91796875,0.0,2.083984375,0.5008257615155869,28,1712915083549
1183,-0.90234375,0.0,-2.00390625,0.6260322018944836,27,1712915083549
1183,-0.91796875,0.0,-2.072265625,0.6260322018944836,26,1712915083549
1183,-0.90234375,0.0,-2.037109375,0.7512386422733803,16,1712915083549
1183,-0.984375,0.0,-2.0078125,0.7512386422733803,15,1712915083549
1183,-0.197265625,2.0859375,0.142578125,0.876445082652277,17,1712915083549
1183,0.501953125,1.712890625,1.4375,-0.7512386422733803,16,1712915083549
1183,0.36328125,1.515625,1.73046875,-0.7512386422733803,13,1712915083549
1183,3.625,0.74609375,-0.552734375,-0.6260322018944836,24,1712915083549
1183,-0.125,1.9765625,0.12890625,-0.5008257615155869,41,1712915083549
1183,-0.126953125,2.017578125,0.099609375,-0.5008257615155869,72,1712915083549
1183,-0.12890625,2.0546875,0.109375,-0.5008257615155869,52,1712915083549
1183,-3.587890625,0.51171875,-0.76171875,-0.5008257615155869,24,1712915083549
1183,-3.7421875,0.0,-0.599609375,-0.5008257615155869,35,1712915083549
1183,3.662109375,0.763671875,-0.544921875,-0.5008257615155869,28,1712915083549
1183,4.080078125,1.28125,-0.806640625,-0.5008257615155869,33,1712915083549
1183,-0.1171875,1.75,-0.650390625,-0.37561932113669017,20,1712915083549
1183,-0.1796875,1.828125,-0.51953125,-0.37561932113669017,38,1712915083549
1183,-0.12109375,1.919921875,-0.298828125,-0.37561932113669017,49,1712915083549
1183,-0.0625,1.982421875,0.056640625,-0.37561932113669017,95,1712915083549
1183,-0.126953125,2.013671875,0.150390625,-0.37561932113669017,148,1712915083549
1183,-0.12890625,2.05078125,0.154296875,-0.37561932113669017,107,1712915083549
1183,-0.1171875,1.5859375,-0.984375,-0.25041288075779344,69,1712915083549
1183,-0.1796875,1.896484375,-0.1171875,-0.25041288075779344,178,1712915083549
1183,-0.181640625,1.9375,-0.029296875,-0.25041288075779344,243,1712915083549
1183,-0.185546875,1.9765625,0.02734375,-0.25041288075779344,225,1712915083549
1183,-0.126953125,2.017578125,0.08984375,-0.25041288075779344,165,1712915083549
1183,-0.12890625,2.0390625,0.271484375,-0.25041288075779344,75,1712915083549
1183,0.0,1.8828125,0.927734375,-0.25041288075779344,30,1712915083549
1183,-0.314453125,1.623046875,0.29296875,-0.12520644037889672,23,1712915083549
1183,-0.322265625,1.66015625,0.306640625,-0.12520644037889672,20,1712915083549
1183,-0.115234375,1.564453125,-0.947265625,-0.12520644037889672,23,1712915083549
1183,-0.17578125,1.833984375,-0.3203125,-0.12520644037889672,170,1712915083549
1183,-0.1796875,1.896484375,-0.125,-0.12520644037889672,460,1712915083549
1183,-0.181640625,1.9375,-0.052734375,-0.12520644037889672,594,1712915083549
1184,0.12109375,1.94140625,-0.0859375,0.0,20,1712915083599
1184,0.0,1.984375,0.033203125,0.0,56,1712915083599
1184,-0.126953125,2.01171875,-0.17578125,0.0,78,1712915083599
1184,-0.12890625,2.041015625,-0.26171875,0.0,65,1712915083599
1184,-0.130859375,2.076171875,-0.28125,0.0,32,1712915083599
1184,0.0,1.70703125,-0.763671875,0.12520644037889672,22,1712915083599
1184,-0.060546875,1.880859375,-0.314453125,0.12520644037889672,39,1712915083599
1184,-0.12109375,1.9375,-0.142578125,0.12520644037889672,49,1712915083599
1184,-0.185546875,1.849609375,-0.6953125,0.12520644037889672,51,1712915083599
1184,-0.189453125,1.95703125,-0.478515625,0.12520644037889672,106,1712915083599
1184,-0.193359375,2.009765625,-0.412109375,0.12520644037889672,101,1712915083599
1184,-0.130859375,2.0703125,-0.322265625,0.12520644037889672,49,1712915083599
1184,-0.189453125,1.9765625,-0.392578125,0.25041288075779344,60,1712915083599
1184,-0.193359375,2.029296875,-0.3125,0.25041288075779344,58,1712915083599
1184,-0.197265625,2.078125,-0.23046875,0.25041288075779344,33,1712915083599
1184,-0.525390625,1.59375,0.09375,0.37561932113669017,18,1712915083599
1184,-0.482421875,1.640625,0.16796875,0.37561932113669017,40,1712915083599
1184,-0.548828125,1.65625,0.205078125,0.37561932113669017,44,1712915083599
1184,-0.560546875,1.671875,0.330078125,0.37561932113669017,35,1712915083599
1184,-0.630859375,1.69140625,0.3125,0.37561932113669017,23,1712915083599
1184,-3.919921875,0.775390625,-0.63671875,0.37561932113669017,29,1712915083599
1184,-0.525390625,1.587890625,0.15625,0.5008257615155869,24,1712915083599
1184,-0.482421875,1.626953125,0.267578125,0.5008257615155869,68,1712915083599
1184,-0.548828125,1.634765625,0.328125,0.5008257615155869,102,1712915083599
1184,-0.560546875,1.6640625,0.37109375,0.5008257615155869,97,1712915083599
1184,-0.572265625,1.6953125,0.39453125,0.5008257615155869,60,1712915083599
1184,-0.583984375,1.724609375,0.4296875,0.5008257615155869,22,1712915083599
1184,-4.083984375,0.0,-0.1640625,0.5008257615155869,28,1712915083599
1184,-0.47265625,1.59375,0.234375,0.6260322018944836,21,1712915083599
1184,-0.4296875,1.66015625,0.115234375,0.6260322018944836,29,1712915083599
1184,-0.603515625,1.5546875,0.548828125,0.6260322018944836,38,1712915083599
1184,-0.560546875,1.626953125,0.5078125,0.6260322018944836,83,1712915083599
1184,-0.572265625,1.677734375,0.466796875,0.6260322018944836,64,1712915083599
1184,-0.47265625,1.5546875,0.423828125,0.7512386422733803,56,1712915083599
1184,-0.482421875,1.599609375,0.40234375,0.7512386422733803,112,1712915083599
1184,-0.494140625,1.642578125,0.380859375,0.7512386422733803,94,1712915083599
1184,-0.560546875,1.66796875,0.3515625,0.7512386422733803,32,1712915083599
1184,-0.630859375,1.630859375,0.548828125,0.7512386422733803,26,1712915083599
1184,-0.525390625,1.49609375,0.552734375,0.876445082652277,38,1712915083599
1184,-0.537109375,1.546875,0.517578125,0.876445082652277,88,1712915083599
1184,-0.548828125,1.587890625,0.51171875,0.876445082652277,96,1712915083599
1184,-0.560546875,1.623046875,0.517578125,0.876445082652277,52,1712915083599
1184,-0.267578125,1.267578125,-1.126953125,-1.0016515230311738,18,1712915083599
1184,-0.330078125,1.228515625,-1.2109375,-1.0016515230311738,21,1712915083599
1184,-3.55078125,0.87109375,-0.2578125,-0.6260322018944836,17,1712915083599
1184,-3.587890625,0.87890625,-0.26953125,-0.6260322018944836,19,1712915083599
1184,-3.55078125,0.87109375,-0.2578125,-0.5008257615155869,22,1712915083599
1184,-3.703125,0.0,-0.134765625,-0.5008257615155869,25,1712915083599
1184,-3.7421875,0.0,-0.072265625,-0.5008257615155869,20,1712915083599
1184,-4.314453125,0.0,-0.5,-0.5008257615155869,20,1712915083599
1184,0.0,1.984375,0.05859375,-0.37561932113669017,19,1712915083599
1184,0.0,2.0234375,0.0546875,-0.37561932113669017,25,1712915083599
1184,0.0,2.060546875,0.0625,-0.37561932113669017,27,1712915083599
1184,0.0,1.9453125,-0.06640625,-0.25041288075779344,56,1712915083599
1184,0.0,1.984375,0.0390625,-0.25041288075779344,100,1712915083599
1184,0.0,2.01953125,0.11328125,-0.25041288075779344,103,1712915083599
1184,0.0,2.052734375,0.1796875,-0.25041288075779344,79,1712915083599
1184,0.0,2.08984375,0.205078125,-0.25041288075779344,41,1712915083599
1184,0.1171875,0.56640625,-1.779296875,-0.12520644037889672,17,1712915083599
1184,0.060546875,1.578125,-1.072265625,-0.12520644037889672,39,1712915083599
1184,0.0,1.943359375,-0.123046875,-0.12520644037889672,85,1712915083599
1184,0.0,1.984375,0.07421875,-0.12520644037889672,142,1712915083599
1184,0.0,2.017578125,0.16015625,-0.12520644037889672,133,1712915083599
1184,0.0,2.044921875,0.263671875,-0.12520644037889672,78,1712915083599
1185,0.115234375,1.736328125,-0.572265625,0.0,14,1712915083699
1185,0.17578125,1.767578125,-0.583984375,0.0,67,1712915083699
1185,0.1796875,1.826171875,-0.5234375,0.0,135,1712915083699
1185,0.181640625,1.87890625,-0.474609375,0.0,130,1712915083699
1185,0.185546875,1.921875,-0.462890625,0.0,39,1712915083699
1185,0.0625,2.017578125,0.130859375,0.0,47,1712915083699
1185,0.12890625,2.0546875,-0.10546875,0.0,46,1712915083699
1185,0.056640625,1.79296875,-0.376953125,0.12520644037889672,33,1712915083699
1185,0.17578125,1.806640625,-0.451171875,0.12520644037889672,130,1712915083699
1185,0.1796875,1.861328125,-0.388671875,0.12520644037889672,257,1712915083699
1185,0.181640625,1.908203125,-0.341796875,0.12520644037889672,240,1712915083699
1185,-0.373046875,1.525390625,1.21484375,0.12520644037889672,55,1712915083699
1185,0.0625,2.021484375,0.01171875,0.12520644037889672,146,1712915083699
1185,0.064453125,2.0546875,-0.1484375,0.12520644037889672,124,1712915083699
1185,0.06640625,2.091796875,-0.1640625,0.12520644037889672,52,1712915083699
1185,-0.482421875,1.6484375,-0.048828125,0.25041288075779344,25,1712915083699
1185,-0.494140625,1.68359375,0.05859375,0.25041288075779344,91,1712915083699
1185,-0.560546875,1.701171875,0.1015625,0.25041288075779344,136,1712915083699
1185,-0.572265625,1.72265625,0.24609375,0.25041288075779344,99,1712915083699
1185,0.17578125,1.814453125,-0.423828125,0.25041288075779344,85,1712915083699
1185,0.1796875,1.8671875,-0.35546875,0.25041288075779344,147,1712915083699
1185,0.244140625,1.90625,-0.31640625,0.25041288075779344,130,1712915083699
1185,-0.310546875,0.380859375,-1.923828125,0.25041288075779344,51,1712915083699
1185,-0.0625,1.96484375,-0.4765625,0.25041288075779344,128,1712915083699
1185,0.0,2.01171875,-0.451171875,0.25041288075779344,110,1712915083699
1185,0.0,2.033203125,-0.525390625,0.25041288075779344,43,1712915083699
1185,-0.482421875,1.64453125,0.1015625,0.37561932113669017,50,1712915083699
1185,-0.494140625,1.67578125,0.169921875,0.37561932113669017,183,1712915083699
1185,-0.560546875,1.69140625,0.21484375,0.37561932113669017,277,1712915083699
1185,-0.572265625,1.71875,0.2734375,0.37561932113669017,194,1712915083699
1185,-0.642578125,1.703125,0.43359375,0.37561932113669017,57,1712915083699
1185,-0.125,1.884765625,-0.611328125,0.37561932113669017,38,1712915083699
1185,-0.126953125,1.955078125,-0.5078125,0.37561932113669017,64,1712915083699
1185,-0.12890625,2.001953125,-0.47265625,0.37561932113669017,57,1712915083699
1185,-0.130859375,2.052734375,-0.419921875,0.37561932113669017,26,1712915083699
1185,-0.537109375,1.62109375,0.1875,0.5008257615155869,32,1712915083699
1185,-0.494140625,1.6640625,0.263671875,0.5008257615155869,116,1712915083699
1185,-0.560546875,1.67578125,0.3125,0.5008257615155869,182,1712915083699
1185,-0.572265625,1.705078125,0.349609375,0.5008257615155869,136,1712915083699
1185,-0.642578125,1.705078125,0.42578125,0.5008257615155869,37,1712915083699
1185,3.919921875,0.0,-1.16015625,0.5008257615155869,33,1712915083699
1185,-4.083984375,0.0,-1.146484375,0.5008257615155869,58,1712915083699
1185,-4.123046875,0.0,-1.134765625,0.5008257615155869,54,1712915083699
1185,-4.03125,0.0,-1.14453125,0.5008257615155869,29,1712915083699
1185,-0.673828125,1.634765625,0.302734375,0.6260322018944836,38,1712915083699
1185,-0.6875,1.671875,0.3046875,0.6260322018944836,49,1712915083699
1185,-0.701171875,1.705078125,0.318359375,0.6260322018944836,32,1712915083699
1185,3.8828125,0.0,-1.10546875,0.6260322018944836,19,1712915083699
1185,-4.046875,0.0,-0.87890625,0.6260322018944836,50,1712915083699
1185,-4.083984375,0.0,-0.826171875,0.6260322018944836,75,1712915083699
1185,-4.123046875,0.0,-0.802734375,0.6260322018944836,65,1712915083699
1185,-4.162109375,0.0,-0.775390625,0.6260322018944836,32,1712915083699
1185,3.919921875,0.7265625,-0.693359375,0.7512386422733803,27,1712915083699
1185,3.95703125,0.787109375,-0.63671875,0.7512386422733803,33,1712915083699
1185,-4.123046875,0.0,-0.55859375,0.7512386422733803,25,1712915083699
1185,-3.435546875,1.19921875,-0.43359375,-0.6260322018944836,22,1712915083699
1185,-3.470703125,1.24609375,-0.326171875,-0.6260322018944836,26,1712915083699
1185,-3.5078125,1.25390625,-0.349609375,-0.6260322018944836,17,1712915083699
1185,-3.400390625,1.033203125,-0.724609375,-0.5008257615155869,33,1712915083699
1185,-3.435546875,1.13671875,-0.576171875,-0.5008257615155869,47,1712915083699
1185,-3.35546875,1.537109375,-0.294921875,-0.5008257615155869,34,1712915083699
1185,-3.400390625,1.142578125,-0.533203125,-0.37561932113669017,39,1712915083699
1185,-3.435546875,1.177734375,-0.490234375,-0.37561932113669017,42,1712915083699
1185,3.2734375,1.796875,0.234375,-0.37561932113669017,37,1712915083699
1186,-0.494140625,1.68359375,0.068359375,0.0,34,1712915083800
1186,-0.44921875,1.734375,0.103515625,0.0,85,1712915083800
1186,-0.458984375,1.76953125,0.125,0.0,92,1712915083800
1186,-0.41015625,1.802734375,0.291015625,0.0,42,1712915083800
1186,0.1796875,1.859375,-0.396484375,0.0,68,1712915083800
1186,0.181640625,1.9140625,-0.3125,0.0,121,1712915083800
1186,0.185546875,1.951171875,-0.3125,0.0,116,1712915083800
1186,0.189453125,1.97265625,-0.404296875,0.0,53,1712915083800
1186,-0.494140625,1.681640625,0.10546875,0.12520644037889672,51,1712915083800
1186,-0.44921875,1.73046875,0.158203125,0.12520644037889672,123,1712915083800
1186,-0.458984375,1.763671875,0.185546875,0.12520644037889672,125,1712915083800
1186,0.234375,1.841796875,-0.224609375,0.12520644037889672,41,1712915083800
1186,0.298828125,1.83203125,-0.443359375,0.12520644037889672,175,1712915083800
1186,0.3046875,1.873046875,-0.435546875,0.12520644037889672,250,1712915083800
1186,0.310546875,1.88671875,-0.53125,0.12520644037889672,130,1712915083800
1186,0.0625,2.001953125,-0.287109375,0.12520644037889672,64,1712915083800
1186,0.193359375,2.046875,-0.150390625,0.12520644037889672,98,1712915083800
1186,0.197265625,2.083984375,-0.162109375,0.12520644037889672,50,1712915083800
1186,-0.548828125,1.65625,0.1953125,0.25041288075779344,22,1712915083800
1186,-0.50390625,1.703125,0.2578125,0.25041288075779344,53,1712915083800
1186,-0.572265625,1.724609375,0.2421875,0.25041288075779344,46,1712915083800
1186,0.234375,1.796875,-0.46484375,0.25041288075779344,122,1712915083800
1186,0.23828125,1.828125,-0.494140625,0.25041288075779344,356,1712915083800
1186,0.244140625,1.869140625,-0.490234375,0.25041288075779344,441,1712915083800
1186,0.0625,1.98046875,-0.134765625,0.25041288075779344,341,1712915083800
1186,0.0625,2.017578125,-0.146484375,0.25041288075779344,258,1712915083800
1186,0.12890625,2.05078125,-0.17578125,0.25041288075779344,144,1712915083800
1186,0.130859375,2.087890625,-0.171875,0.25041288075779344,59,1712915083800
1186,0.1328125,2.130859375,-0.091796875,0.25041288075779344,26,1712915083800
1186,0.234375,1.8125,-0.396484375,0.37561932113669017,86,1712915083800
1186,0.23828125,1.8515625,-0.39453125,0.37561932113669017,219,1712915083800
1186,0.181640625,1.921875,-0.24609375,0.37561932113669017,249,1712915083800
1186,0.0,1.978515625,0.158203125,0.37561932113669017,292,1712915083800
1186,0.0,2.0234375,-0.041015625,0.37561932113669017,194,1712915083800
1186,-0.064453125,1.990234375,-0.533203125,0.37561932113669017,57,1712915083800
1186,0.0,2.0859375,-0.2421875,0.37561932113669017,39,1712915083800
1186,0.0,2.134765625,-0.1015625,0.37561932113669017,17,1712915083800
1186,0.1171875,1.79296875,-0.517578125,0.5008257615155869,29,1712915083800
1186,0.119140625,1.822265625,-0.55859375,0.5008257615155869,66,1712915083800
1186,0.244140625,1.79296875,-0.716796875,0.5008257615155869,57,1712915083800
1186,-0.248046875,1.23046875,1.5390625,0.5008257615155869,39,1712915083800
1186,0.31640625,1.953125,0.423828125,0.5008257615155869,48,1712915083800
1186,0.193359375,2.00390625,0.4453125,0.5008257615155869,67,1712915083800
1186,0.130859375,2.07421875,0.298828125,0.5008257615155869,43,1712915083800
1186,0.119140625,1.884765625,-0.279296875,0.6260322018944836,30,1712915083800
1186,0.060546875,1.94140625,-0.123046875,0.6260322018944836,43,1712915083800
1186,0.0625,1.984375,-0.01953125,0.6260322018944836,32,1712915083800
1186,-3.865234375,0.552734375,-1.32421875,0.6260322018944836,24,1712915083800
1186,-3.900390625,0.70703125,-1.263671875,0.6260322018944836,34,1712915083800
1186,-4.068359375,0.0,-1.40625,0.6260322018944836,26,1712915083800
1186,-3.95703125,0.0,-1.146484375,0.7512386422733803,26,1712915083800
1186,-3.865234375,0.99609375,-1.03125,0.7512386422733803,67,1712915083800
1186,-3.900390625,1.0859375,-0.95703125,0.7512386422733803,90,1712915083800
1186,-3.9375,1.099609375,-0.962890625,0.7512386422733803,66,1712915083800
1186,-4.10546875,0.0,-1.060546875,0.7512386422733803,26,1712915083800
1186,-3.95703125,0.287109375,-0.970703125,0.876445082652277,24,1712915083800
1186,-3.994140625,0.673828125,-0.76953125,0.876445082652277,58,1712915083800
1186,-4.03125,0.73046875,-0.73046875,0.876445082652277,75,1712915083800
1186,-4.068359375,0.755859375,-0.716796875,0.876445082652277,53,1712915083800
1186,-3.97265625,1.2421875,-0.796875,0.876445082652277,21,1712915083800
1186,2.833984375,0.0,3.341796875,-0.7512386422733803,21,1712915083800
1186,2.86328125,0.0,3.408203125,-0.7512386422733803,22,1712915083800
1186,2.720703125,0.0,-3.583984375,-0.6260322018944836,27,1712915083800
1186,2.748046875,0.0,3.537109375,-0.6260322018944836,31,1712915083800
1187,-0.330078125,1.708984375,0.23828125,0.0,49,1712915083900
1187,-0.3359375,1.73828125,0.291015625,0.0,93,1712915083900
1187,-0.400390625,1.755859375,0.33984375,0.0,77,1712915083900
1187,-0.466796875,1.7734375,0.37109375,0.0,44,1712915083900
1187,-0.4765625,1.818359375,0.33203125,0.0,32,1712915083900
1187,0.611328125,2.056640625,-0.359375,0.0,35,1712915083900
1187,0.623046875,2.08203125,-0.427734375,0.0,55,1712915083900
1187,0.5625,2.14453125,-0.400390625,0.0,48,1712915083900
1187,-0.392578125,1.72265625,0.3125,0.12520644037889672,29,1712915083900
1187,-0.34375,1.77734375,0.287109375,0.12520644037889672,30,1712915083900
1187,0.41796875,1.859375,-0.11328125,0.12520644037889672,32,1712915083900
1187,0.365234375,1.90625,-0.146484375,0.12520644037889672,79,1712915083900
1187,0.373046875,1.9453125,-0.142578125,0.12520644037889672,126,1712915083900
1187,0.37890625,1.984375,-0.09765625,0.12520644037889672,164,1712915083900
1187,0.38671875,2.0234375,-0.07421875,0.12520644037889672,182,1712915083900
1187,0.39453125,2.060546875,-0.0625,0.12520644037889672,134,1712915083900
1187,0.466796875,2.0859375,0.0,0.12520644037889672,54,1712915083900
1187,0.357421875,1.828125,-0.41796875,0.25041288075779344,65,1712915083900
1187,0.365234375,1.8984375,-0.228515625,0.25041288075779344,187,1712915083900
1187,0.310546875,1.955078125,-0.16015625,0.25041288075779344,313,1712915083900
1187,0.31640625,1.994140625,-0.134765625,0.25041288075779344,335,1712915083900
1187,0.322265625,2.037109375,-0.01171875,0.25041288075779344,264,1712915083900
1187,0.328125,2.06640625,0.166015625,0.25041288075779344,168,1712915083900
1187,0.201171875,2.125,0.126953125,0.25041288075779344,92,1712915083900
1187,0.203125,2.154296875,-0.2265625,0.25041288075779344,56,1712915083900
1187,0.298828125,1.82421875,0.4765625,0.37561932113669017,46,1712915083900
1187,0.3046875,1.916015625,0.15625,0.37561932113669017,142,1712915083900
1187,0.248046875,1.96875,-0.03125,0.37561932113669017,256,1712915083900
1187,0.189453125,2.005859375,-0.17578125,0.37561932113669017,250,1712915083900
1187,0.12890625,2.005859375,-0.458984375,0.37561932113669017,89,1712915083900
1187,0.06640625,0.74609375,-1.9609375,0.37561932113669017,98,1712915083900
1187,0.1328125,2.11328125,-0.30078125,0.37561932113669017,149,1712915083900
1187,0.203125,2.146484375,-0.2890625,0.37561932113669017,83,1712915083900
1187,0.119140625,1.89453125,-0.193359375,0.5008257615155869,19,1712915083900
1187,0.12109375,1.921875,-0.28515625,0.5008257615155869,83,1712915083900
1187,0.125,1.953125,-0.337890625,0.5008257615155869,161,1712915083900
1187,0.126953125,1.978515625,-0.40234375,0.5008257615155869,177,1712915083900
1187,0.193359375,1.986328125,-0.515625,0.5008257615155869,141,1712915083900
1187,0.130859375,2.07421875,-0.298828125,0.5008257615155869,122,1712915083900
1187,0.1328125,2.123046875,-0.208984375,0.5008257615155869,97,1712915083900
1187,0.13671875,2.16015625,-0.220703125,0.5008257615155869,47,1712915083900
1187,0.1796875,1.86328125,-0.37890625,0.6260322018944836,17,1712915083900
1187,0.181640625,1.900390625,-0.384765625,0.6260322018944836,59,1712915083900
1187,0.125,1.94140625,-0.392578125,0.6260322018944836,93,1712915083900
1187,0.126953125,1.98046875,-0.392578125,0.6260322018944836,83,1712915083900
1187,0.12890625,2.0,-0.486328125,0.6260322018944836,50,1712915083900
1187,0.06640625,1.95703125,-0.755859375,0.6260322018944836,31,1712915083900
1187,0.416015625,1.74609375,1.298828125,0.876445082652277,22,1712915083900
1187,0.421875,1.732421875,1.375,0.876445082652277,22,1712915083900
1187,0.69140625,1.94921875,-0.791015625,-1.0016515230311738,26,1712915083900
1187,0.6328125,1.984375,-0.857421875,-1.0016515230311738,24,1712915083900
1187,0.69140625,2.0078125,-0.62890625,-0.876445082652277,20,1712915083900
1187,0.6328125,2.060546875,-0.65234375,-0.876445082652277,18,1712915083900
1187,0.544921875,1.9921875,-0.685546875,-0.5008257615155869,32,1712915083900
1187,0.623046875,2.013671875,-0.6796875,-0.5008257615155869,54,1712915083900
1187,0.6328125,2.052734375,-0.67578125,-0.5008257615155869,43,1712915083900
1187,0.572265625,2.10546875,-0.69921875,-0.5008257615155869,19,1712915083900
1187,2.7734375,0.0,3.544921875,-0.5008257615155869,21,1712915083900
1187,2.802734375,0.0,3.5234375,-0.5008257615155869,28,1712915083900
1187,0.552734375,2.005859375,-0.759765625,-0.37561932113669017,28,1712915083900
1187,0.6328125,2.048828125,-0.685546875,-0.37561932113669017,31,1712915083900
1187,2.7734375,0.0,3.095703125,-0.37561932113669017,31,1712915083900
1187,2.802734375,0.0,3.322265625,-0.37561932113669017,33,1712915083900
1187,-0.330078125,1.724609375,0.05859375,-0.25041288075779344,45,1712915083900
1188,-0.21875,1.66796875,0.50390625,0.0,18,1712915084001
1188,-0.224609375,1.703125,0.517578125,0.0,29,1712915084001
1188,-0.287109375,1.69140625,0.642578125,0.0,26,1712915084001
1188,-0.3515625,1.720703125,0.646484375,0.0,17,1712915084001
1188,0.31640625,1.962890625,-0.376953125,0.0,44,1712915084001
1188,0.38671875,1.96875,-0.4765625,0.0,51,1712915084001
1188,0.39453125,2.021484375,-0.41015625,0.0,32,1712915084001
1188,0.466796875,2.08203125,-0.126953125,0.0,20,1712915084001
1188,0.6796875,2.06640625,-0.02734375,0.0,19,1712915084001
1188,0.486328125,1.818359375,-0.49609375,0.12520644037889672,54,1712915084001
1188,0.43359375,1.876953125,-0.4765625,0.12520644037889672,111,1712915084001
1188,0.37890625,1.93359375,-0.462890625,0.12520644037889672,110,1712915084001
1188,0.38671875,1.998046875,-0.33203125,0.12520644037889672,63,1712915084001
1188,0.525390625,2.033203125,0.029296875,0.12520644037889672,57,1712915084001
1188,0.53515625,2.06640625,0.13671875,0.12520644037889672,52,1712915084001
1188,0.6796875,2.064453125,0.10546875,0.12520644037889672,54,1712915084001
1188,0.69140625,2.09765625,-0.16015625,0.12520644037889672,45,1712915084001
1188,0.5234375,2.337890625,1.423828125,0.12520644037889672,30,1712915084001
1188,0.4765625,1.81640625,-0.341796875,0.25041288075779344,41,1712915084001
1188,0.42578125,1.869140625,-0.341796875,0.25041288075779344,184,1712915084001
1188,0.43359375,1.90625,-0.337890625,0.25041288075779344,360,1712915084001
1188,0.37890625,1.966796875,-0.283203125,0.25041288075779344,369,1712915084001
1188,0.38671875,2.017578125,-0.1796875,0.25041288075779344,228,1712915084001
1188,0.458984375,2.048828125,0.044921875,0.25041288075779344,124,1712915084001
1188,0.6015625,2.025390625,0.33203125,0.25041288075779344,58,1712915084001
1188,0.748046875,1.99609375,0.43359375,0.25041288075779344,37,1712915084001
1188,0.623046875,2.125,0.044921875,0.25041288075779344,31,1712915084001
1188,0.435546875,1.94921875,1.9453125,0.25041288075779344,23,1712915084001
1188,0.41796875,1.849609375,-0.21484375,0.37561932113669017,39,1712915084001
1188,0.365234375,1.90234375,-0.193359375,0.37561932113669017,201,1712915084001
1188,0.373046875,1.943359375,-0.150390625,0.37561932113669017,495,1712915084001
1188,0.37890625,1.984375,-0.11328125,0.37561932113669017,648,1712915084001
1188,0.322265625,2.03515625,-0.05859375,0.37561932113669017,449,1712915084001
1188,0.39453125,2.060546875,0.0859375,0.37561932113669017,163,1712915084001
1188,0.6015625,1.814453125,0.958984375,0.37561932113669017,35,1712915084001
1188,0.3046875,1.923828125,-0.0078125,0.5008257615155869,88,1712915084001
1188,0.310546875,1.9609375,0.03125,0.5008257615155869,299,1712915084001
1188,0.31640625,1.998046875,0.060546875,0.5008257615155869,466,1712915084001
1188,0.322265625,2.033203125,0.123046875,0.5008257615155869,352,1712915084001
1188,0.328125,2.041015625,0.369140625,0.5008257615155869,123,1712915084001
1188,0.267578125,1.70703125,-1.259765625,0.5008257615155869,35,1712915084001
1188,-3.7421875,1.99609375,-0.546875,0.5008257615155869,20,1712915084001
1188,-3.640625,2.28515625,-0.376953125,0.5008257615155869,20,1712915084001
1188,0.310546875,1.947265625,0.23828125,0.6260322018944836,51,1712915084001
1188,0.251953125,1.986328125,0.28515625,0.6260322018944836,92,1712915084001
1188,0.322265625,1.966796875,0.525390625,0.6260322018944836,70,1712915084001
1188,0.26171875,1.6015625,-1.33203125,0.6260322018944836,35,1712915084001
1188,0.201171875,1.9921875,-0.75,0.6260322018944836,26,1712915084001
1188,-3.607421875,2.267578125,-0.34765625,0.6260322018944836,22,1712915084001
1188,-3.640625,2.26171875,-0.4921875,0.6260322018944836,25,1712915084001
1188,-0.224609375,1.771484375,0.16796875,-0.5008257615155869,21,1712915084001
1188,-0.228515625,1.80078125,0.244140625,-0.5008257615155869,31,1712915084001
1188,-0.29296875,1.833984375,0.22265625,-0.5008257615155869,23,1712915084001
1188,3.072265625,0.0,2.36328125,-0.5008257615155869,28,1712915084001
1188,3.107421875,0.0,2.439453125,-0.5008257615155869,37,1712915084001
1188,3.140625,0.0,2.24609375,-0.5008257615155869,27,1712915084001
1188,-0.21875,1.73046875,0.1953125,-0.37561932113669017,49,1712915084001
1188,-0.224609375,1.76171875,0.25390625,-0.37561932113669017,124,1712915084001
1188,-0.228515625,1.796875,0.279296875,-0.37561932113669017,168,1712915084001
1188,-0.234375,1.830078125,0.3046875,-0.37561932113669017,120,1712915084001
1188,-0.23828125,1.875,0.265625,-0.37561932113669017,38,1712915084001
1188,2.962890625,0.0,2.728515625,-0.37561932113669017,46,1712915084001
1188,2.99609375,0.0,2.7578125,-0.37561932113669017,52,1712915084001
1188,3.02734375,0.0,2.6796875,-0.37561932113669017,29,1712915084001
1189,0.1640625,1.705078125,0.3828125,0.0,26,1712915084101
1189,0.111328125,1.751953125,0.373046875,0.0,29,1712915084101
1189,0.115234375,1.798828125,0.330078125,0.0,29,1712915084101
1189,0.05859375,1.833984375,0.36328125,0.0,20,1712915084101
1189,0.49609375,1.880859375,-0.39453125,0.0,30,1712915084101
1189,0.568359375,1.91015625,-0.34375,0.0,43,1712915084101
1189,0.64453125,1.93359375,-0.3125,0.0,36,1712915084101
1189,0.107421875,1.67578125,0.359375,0.12520644037889672,21,1712915084101
1189,0.1640625,1.68359375,0.47265625,0.12520644037889672,52,1712915084101
1189,0.16796875,1.7109375,0.51171875,0.12520644037889672,62,1712915084101
1189,0.056640625,1.765625,0.486328125,0.12520644037889672,61,1712915084101
1189,0.05859375,1.794921875,0.525390625,0.12520644037889672,41,1712915084101
1189,0.6328125,1.921875,-0.041015625,0.12520644037889672,94,1712915084101
1189,0.580078125,1.970703125,-0.171875,0.12520644037889672,125,1712915084101
1189,0.58984375,2.00390625,-0.216796875,0.12520644037889672,97,1712915084101
1189,0.53515625,2.060546875,-0.189453125,0.12520644037889672,56,1712915084101
1189,0.484375,2.080078125,-0.58203125,0.12520644037889672,34,1712915084101
1189,0.109375,1.658203125,0.568359375,0.25041288075779344,24,1712915084101
1189,0.111328125,1.69140625,0.58984375,0.25041288075779344,31,1712915084101
1189,0.056640625,1.734375,0.591796875,0.25041288075779344,29,1712915084101
1189,0.609375,1.841796875,0.173828125,0.25041288075779344,23,1712915084101
1189,0.62109375,1.87890625,0.169921875,0.25041288075779344,134,1712915084101
1189,0.6328125,1.91796875,0.111328125,0.25041288075779344,277,1712915084101
1189,0.580078125,1.9765625,0.060546875,0.25041288075779344,288,1712915084101
1189,0.525390625,2.033203125,0.044921875,0.25041288075779344,176,1712915084101
1189,0.53515625,2.064453125,0.140625,0.25041288075779344,85,1712915084101
1189,0.408203125,2.109375,0.341796875,0.25041288075779344,42,1712915084101
1189,0.486328125,1.873046875,0.220703125,0.37561932113669017,29,1712915084101
1189,0.55859375,1.880859375,0.3046875,0.37561932113669017,129,1712915084101
1189,0.568359375,1.916015625,0.3125,0.37561932113669017,228,1712915084101
1189,0.580078125,1.951171875,0.33203125,0.37561932113669017,193,1712915084101
1189,0.58984375,1.93359375,0.568359375,0.37561932113669017,74,1712915084101
1189,0.53515625,2.041015625,0.34765625,0.37561932113669017,30,1712915084101
1189,0.4765625,2.1171875,0.169921875,0.37561932113669017,45,1712915084101
1189,0.416015625,2.171875,0.10546875,0.37561932113669017,47,1712915084101
1189,0.3515625,2.224609375,0.05859375,0.37561932113669017,25,1712915084101
1189,-3.505859375,2.392578125,-0.775390625,0.37561932113669017,26,1712915084101
1189,-3.53515625,2.435546875,-0.7109375,0.37561932113669017,34,1712915084101
1189,0.43359375,1.921875,0.24609375,0.5008257615155869,52,1712915084101
1189,0.443359375,1.97265625,0.0859375,0.5008257615155869,89,1712915084101
1189,0.38671875,2.013671875,-0.2109375,0.5008257615155869,84,1712915084101
1189,0.328125,2.072265625,-0.0625,0.5008257615155869,62,1712915084101
1189,0.333984375,2.109375,-0.10546875,0.5008257615155869,48,1712915084101
1189,0.33984375,2.14453125,-0.15234375,0.5008257615155869,31,1712915084101
1189,0.416015625,2.169921875,0.1328125,0.5008257615155869,30,1712915084101
1189,-3.505859375,2.474609375,-0.4453125,0.5008257615155869,39,1712915084101
1189,-3.53515625,2.498046875,-0.447265625,0.5008257615155869,52,1712915084101
1189,0.31640625,1.99609375,-0.111328125,0.6260322018944836,24,1712915084101
1189,0.322265625,2.03515625,0.052734375,0.6260322018944836,30,1712915084101
1189,0.328125,2.0546875,0.275390625,0.6260322018944836,31,1712915084101
1189,0.267578125,2.10546875,0.25,0.6260322018944836,31,1712915084101
1189,-3.53515625,2.509765625,-0.375,0.6260322018944836,26,1712915084101
1189,0.59375,2.619140625,0.365234375,-0.876445082652277,20,1712915084101
1189,0.6015625,2.6171875,0.587890625,-0.876445082652277,18,1712915084101
1189,0.59375,2.599609375,0.484375,-0.7512386422733803,17,1712915084101
1189,0.6875,2.568359375,0.697265625,-0.7512386422733803,17,1712915084101
1189,3.1484375,0.0,2.599609375,-0.5008257615155869,26,1712915084101
1189,3.18359375,0.0,2.5859375,-0.5008257615155869,30,1712915084101
1189,3.005859375,0.0,2.853515625,-0.37561932113669017,24,1712915084101
1189,3.0390625,0.0,2.861328125,-0.37561932113669017,56,1712915084101
1189,3.072265625,0.0,2.8203125,-0.37561932113669017,67,1712915084101
1189,3.107421875,0.0,2.84765625,-0.37561932113669017,42,1712915084101
1189,2.931640625,0.0,2.826171875,-0.25041288075779344,55,1712915084101
1189,3.072265625,0.0,2.8671875,-0.25041288075779344,70,1712915084101
1190,0.55859375,1.828125,-0.53515625,0.0,27,1712915084201
1190,0.568359375,1.873046875,-0.5078125,0.0,92,1712915084201
1190,0.64453125,1.89453125,-0.494140625,0.0,138,1712915084201
1190,0.65625,1.953125,-0.40234375,0.0,97,1712915084201
1190,0.80078125,1.169921875,-1.599609375,0.0,39,1712915084201
1190,0.6796875,1.73828125,-1.1171875,0.0,38,1712915084201
1190,0.552734375,1.951171875,-0.888671875,0.0,31,1712915084201
1190,3.1484375,0.0,2.60546875,0.0,25,1712915084201
1190,3.072265625,0.0,2.572265625,0.0,25,1712915084201
1190,0.62109375,1.833984375,-0.435546875,0.12520644037889672,68,1712915084201
1190,0.6328125,1.873046875,-0.43359375,0.12520644037889672,240,1712915084201
1190,0.64453125,1.908203125,-0.439453125,0.12520644037889672,362,1712915084201
1190,0.65625,1.9296875,-0.501953125,0.12520644037889672,260,1712915084201
1190,0.734375,1.75,-0.984375,0.12520644037889672,83,1712915084201
1190,0.884765625,0.0,-2.068359375,0.12520644037889672,39,1712915084201
1190,0.068359375,2.107421875,-0.673828125,0.12520644037889672,23,1712915084201
1190,0.84375,2.02734375,-0.498046875,0.12520644037889672,32,1712915084201
1190,0.787109375,2.044921875,-0.6640625,0.12520644037889672,36,1712915084201
1190,0.55859375,1.884765625,-0.27734375,0.25041288075779344,180,1712915084201
1190,0.6328125,1.904296875,-0.259765625,0.25041288075779344,685,1712915084201
1190,0.580078125,1.96484375,-0.234375,0.25041288075779344,1089,1712915084201
1190,0.58984375,2.0,-0.240234375,0.25041288075779344,798,1712915084201
1190,0.6015625,2.029296875,-0.306640625,0.25041288075779344,218,1712915084201
1190,0.4765625,2.123046875,-0.025390625,0.25041288075779344,100,1712915084201
1190,0.623046875,2.12109375,-0.125,0.25041288075779344,104,1712915084201
1190,0.7734375,2.095703125,-0.291015625,0.25041288075779344,103,1712915084201
1190,0.787109375,2.107421875,-0.431640625,0.25041288075779344,74,1712915084201
1190,0.55859375,1.90234375,-0.09765625,0.37561932113669017,143,1712915084201
1190,0.568359375,1.94140625,-0.06640625,0.37561932113669017,582,1712915084201
1190,0.580078125,1.9765625,-0.060546875,0.37561932113669017,950,1712915084201
1190,0.58984375,2.013671875,-0.0703125,0.37561932113669017,734,1712915084201
1190,0.53515625,2.06640625,-0.111328125,0.37561932113669017,273,1712915084201
1190,0.4765625,2.1171875,-0.150390625,0.37561932113669017,159,1712915084201
1190,0.552734375,2.134765625,-0.201171875,0.37561932113669017,112,1712915084201
1190,0.703125,2.1328125,-0.166015625,0.37561932113669017,77,1712915084201
1190,0.787109375,2.140625,-0.216796875,0.37561932113669017,42,1712915084201
1190,0.28125,1.765625,0.14453125,0.5008257615155869,39,1712915084201
1190,0.34375,1.794921875,0.1328125,0.5008257615155869,69,1712915084201
1190,0.29296875,1.845703125,0.099609375,0.5008257615155869,60,1712915084201
1190,0.357421875,1.87109375,0.119140625,0.5008257615155869,28,1712915084201
1190,0.55859375,1.904296875,0.041015625,0.5008257615155869,45,1712915084201
1190,0.568359375,1.94140625,0.0546875,0.5008257615155869,189,1712915084201
1190,0.515625,1.99609375,0.0390625,0.5008257615155869,313,1712915084201
1190,0.458984375,2.048828125,-0.04296875,0.5008257615155869,265,1712915084201
1190,0.466796875,2.08203125,-0.140625,0.5008257615155869,202,1712915084201
1190,0.4765625,2.111328125,-0.22265625,0.5008257615155869,140,1712915084201
1190,0.484375,2.134765625,-0.337890625,0.5008257615155869,79,1712915084201
1190,0.421875,2.140625,-0.556640625,0.5008257615155869,34,1712915084201
1190,0.2734375,1.72265625,0.2109375,0.6260322018944836,25,1712915084201
1190,0.28125,1.7578125,0.232421875,0.6260322018944836,110,1712915084201
1190,0.34375,1.78515625,0.2265625,0.6260322018944836,220,1712915084201
1190,0.3515625,1.822265625,0.2421875,0.6260322018944836,222,1712915084201
1190,0.357421875,1.859375,0.240234375,0.6260322018944836,112,1712915084201
1190,0.515625,1.994140625,0.10546875,0.6260322018944836,58,1712915084201
1190,0.458984375,2.046875,0.099609375,0.6260322018944836,113,1712915084201
1190,0.466796875,2.0859375,0.044921875,0.6260322018944836,128,1712915084201
1190,0.4765625,2.115234375,-0.173828125,0.6260322018944836,75,1712915084201
1190,0.416015625,2.0078125,-0.837890625,0.6260322018944836,33,1712915084201
1190,0.2734375,1.712890625,0.279296875,0.7512386422733803,23,1712915084201
1190,0.28125,1.73828125,0.34765625,0.7512386422733803,108,1712915084201
1190,0.34375,1.763671875,0.359375,0.7512386422733803,238,1712915084201
1190,0.3515625,1.798828125,0.375,0.7512386422733803,261,1712915084201
1190,0.357421875,1.837890625,0.373046875,0.7512386422733803,146,1712915084201
1190,0.365234375,1.88671875,0.318359375,0.7512386422733803,36,1712915084201
1191,0.708984375,1.833984375,-0.6171875,0.0,29,1712915084302
1191,0.72265625,1.865234375,-0.63671875,0.0,39,1712915084302
1191,0.80078125,1.935546875,-0.423828125,0.0,34,1712915084302
1191,0.884765625,1.982421875,-0.1484375,0.0,34,1712915084302
1191,0.830078125,2.05078125,-0.083984375,0.0,28,1712915084302
1191,0.7734375,2.103515625,-0.216796875,0.0,26,1712915084302
1191,0.787109375,2.115234375,-0.38671875,0.0,22,1712915084302
1191,0.873046875,2.064453125,-0.630859375,0.0,15,1712915084302
1191,0.853515625,1.861328125,-0.46875,0.12520644037889672,39,1712915084302
1191,0.869140625,1.9140625,-0.392578125,0.12520644037889672,87,1712915084302
1191,0.81640625,1.986328125,-0.353515625,0.12520644037889672,91,1712915084302
1191,0.69140625,2.103515625,-0.01953125,0.12520644037889672,27,1712915084302
1191,0.84375,2.05078125,-0.39453125,0.12520644037889672,72,1712915084302
1191,0.859375,2.056640625,-0.525390625,0.12520644037889672,78,1712915084302
1191,0.9453125,2.0,-0.724609375,0.12520644037889672,41,1712915084302
1191,0.6328125,1.8671875,-0.453125,0.25041288075779344,40,1712915084302
1191,0.708984375,1.892578125,-0.408203125,0.25041288075779344,115,1712915084302
1191,0.787109375,1.931640625,-0.240234375,0.25041288075779344,205,1712915084302
1191,0.80078125,1.9765625,-0.1484375,0.25041288075779344,320,1712915084302
1191,0.81640625,2.013671875,-0.126953125,0.25041288075779344,293,1712915084302
1191,0.484375,2.060546875,0.6484375,0.25041288075779344,76,1712915084302
1191,0.84375,2.048828125,-0.400390625,0.25041288075779344,171,1712915084302
1191,0.859375,2.0859375,-0.40234375,0.25041288075779344,179,1712915084302
1191,0.873046875,2.10546875,-0.48046875,0.25041288075779344,81,1712915084302
1191,0.6328125,1.896484375,-0.314453125,0.37561932113669017,138,1712915084302
1191,0.64453125,1.931640625,-0.328125,0.37561932113669017,382,1712915084302
1191,0.65625,1.974609375,-0.283203125,0.37561932113669017,503,1712915084302
1191,0.66796875,2.03125,-0.044921875,0.37561932113669017,405,1712915084302
1191,0.6796875,2.0625,0.130859375,0.37561932113669017,242,1712915084302
1191,0.416015625,2.0234375,-0.798828125,0.37561932113669017,117,1712915084302
1191,0.84375,2.072265625,-0.255859375,0.37561932113669017,252,1712915084302
1191,0.859375,2.107421875,-0.255859375,0.37561932113669017,209,1712915084302
1191,0.873046875,2.14453125,-0.248046875,0.37561932113669017,78,1712915084302
1191,0.912109375,2.9921875,-0.861328125,0.37561932113669017,33,1712915084302
1191,0.923828125,2.984375,-1.009765625,0.37561932113669017,30,1712915084302
1191,0.6328125,1.90625,-0.24609375,0.5008257615155869,163,1712915084302
1191,0.64453125,1.935546875,-0.30078125,0.5008257615155869,453,1712915084302
1191,0.65625,1.966796875,-0.330078125,0.5008257615155869,582,1712915084302
1191,0.66796875,2.00390625,-0.330078125,0.5008257615155869,414,1712915084302
1191,0.544921875,2.087890625,-0.2890625,0.5008257615155869,221,1712915084302
1191,0.552734375,2.130859375,-0.2421875,0.5008257615155869,172,1712915084302
1191,0.7734375,2.11328125,-0.10546875,0.5008257615155869,181,1712915084302
1191,0.859375,2.115234375,-0.193359375,0.5008257615155869,119,1712915084302
1191,0.6328125,1.90625,-0.2421875,0.6260322018944836,70,1712915084302
1191,0.64453125,1.939453125,-0.27734375,0.6260322018944836,193,1712915084302
1191,0.65625,1.97265625,-0.294921875,0.6260322018944836,253,1712915084302
1191,0.6015625,2.037109375,-0.24609375,0.6260322018944836,193,1712915084302
1191,0.544921875,2.1015625,-0.138671875,0.6260322018944836,136,1712915084302
1191,0.552734375,2.138671875,-0.13671875,0.6260322018944836,106,1712915084302
1191,0.5625,2.162109375,-0.29296875,0.6260322018944836,62,1712915084302
1191,0.515625,1.947265625,-0.435546875,0.7512386422733803,21,1712915084302
1191,0.58984375,1.947265625,-0.51953125,0.7512386422733803,26,1712915084302
1191,0.544921875,2.09375,-0.23828125,0.7512386422733803,32,1712915084302
1191,0.623046875,2.0234375,-0.646484375,0.7512386422733803,39,1712915084302
1191,0.703125,1.876953125,-1.02734375,0.7512386422733803,37,1712915084302
1191,0.583984375,1.767578125,0.19140625,0.876445082652277,43,1712915084302
1191,0.595703125,1.8046875,0.185546875,0.876445082652277,62,1712915084302
1191,0.546875,1.85546875,0.224609375,0.876445082652277,44,1712915084302
1191,0.80078125,0.46484375,-1.580078125,-1.0016515230311738,25,1712915084302
1191,0.876953125,0.376953125,-1.609375,-1.0016515230311738,80,1712915084302
1191,0.89453125,0.3515625,-1.6484375,-1.0016515230311738,112,1712915084302
1191,0.8515625,0.560546875,-1.658203125,-1.0016515230311738,81,1712915084302
1191,0.869140625,0.525390625,-1.705078125,-1.0016515230311738,36,1712915084302
1191,0.71875,2.439453125,-0.267578125,-1.0016515230311738,23,1712915084302
1192,0.80078125,1.61328125,-1.150390625,0.0,18,1712915084402
1192,0.81640625,1.7109375,-1.068359375,0.0,24,1712915084402
1192,0.76171875,1.939453125,-0.75,0.0,23,1712915084402
1192,0.5625,1.955078125,-0.96484375,0.0,22,1712915084402
1192,1.01953125,2.00390625,-0.60546875,0.0,23,1712915084402
1192,0.9609375,2.037109375,-0.724609375,0.0,27,1712915084402
1192,0.9765625,2.056640625,-0.775390625,0.0,19,1712915084402
1192,3.18359375,0.0,2.796875,0.0,20,1712915084402
1192,0.734375,1.607421875,-1.203125,0.12520644037889672,14,1712915084402
1192,0.748046875,1.69140625,-1.14453125,0.12520644037889672,21,1712915084402
1192,1.001953125,2.005859375,-0.46875,0.12520644037889672,36,1712915084402
1192,1.01953125,2.017578125,-0.560546875,0.12520644037889672,57,1712915084402
1192,0.9609375,2.091796875,-0.548828125,0.12520644037889672,60,1712915084402
1192,0.9765625,2.123046875,-0.564453125,0.12520644037889672,38,1712915084402
1192,3.0390625,0.0,2.912109375,0.12520644037889672,38,1712915084402
1192,3.072265625,0.0,2.9921875,0.12520644037889672,42,1712915084402
1192,0.6796875,1.955078125,-0.673828125,0.25041288075779344,23,1712915084402
1192,0.76171875,2.021484375,-0.486328125,0.25041288075779344,33,1712915084402
1192,0.7734375,2.048828125,-0.52734375,0.25041288075779344,29,1712915084402
1192,1.07421875,1.876953125,-0.75390625,0.25041288075779344,37,1712915084402
1192,0.9453125,2.115234375,-0.2265625,0.25041288075779344,55,1712915084402
1192,0.88671875,2.185546875,-0.197265625,0.25041288075779344,68,1712915084402
1192,0.826171875,2.24609375,-0.24609375,0.25041288075779344,52,1712915084402
1192,0.916015625,2.248046875,-0.279296875,0.25041288075779344,24,1712915084402
1192,0.72265625,1.96875,-0.107421875,0.37561932113669017,43,1712915084402
1192,0.734375,2.005859375,-0.087890625,0.37561932113669017,85,1712915084402
1192,0.951171875,1.91796875,-0.390625,0.37561932113669017,79,1712915084402
1192,0.416015625,2.134765625,-0.416015625,0.37561932113669017,83,1712915084402
1192,0.6328125,2.130859375,-0.3671875,0.37561932113669017,121,1712915084402
1192,0.64453125,2.171875,-0.33984375,0.37561932113669017,74,1712915084402
1192,0.814453125,2.216796875,-0.158203125,0.37561932113669017,74,1712915084402
1192,0.751953125,2.283203125,-0.087890625,0.37561932113669017,58,1712915084402
1192,0.669921875,1.826171875,0.095703125,0.5008257615155869,48,1712915084402
1192,0.681640625,1.86328125,0.06640625,0.5008257615155869,92,1712915084402
1192,0.6953125,1.8984375,0.064453125,0.5008257615155869,86,1712915084402
1192,0.64453125,1.958984375,0.01953125,0.5008257615155869,55,1712915084402
1192,0.65625,1.9375,0.4765625,0.5008257615155869,63,1712915084402
1192,0.734375,1.9765625,0.353515625,0.5008257615155869,86,1712915084402
1192,0.951171875,1.947265625,-0.189453125,0.5008257615155869,172,1712915084402
1192,0.900390625,2.013671875,-0.19921875,0.5008257615155869,213,1712915084402
1192,0.6328125,2.1484375,-0.23046875,0.5008257615155869,305,1712915084402
1192,0.71484375,2.173828125,-0.107421875,0.5008257615155869,224,1712915084402
1192,0.728515625,2.2109375,-0.05078125,0.5008257615155869,57,1712915084402
1192,0.669921875,1.818359375,0.1953125,0.6260322018944836,104,1712915084402
1192,0.681640625,1.853515625,0.189453125,0.6260322018944836,204,1712915084402
1192,0.6328125,1.91015625,0.208984375,0.6260322018944836,178,1712915084402
1192,0.64453125,1.935546875,0.302734375,0.6260322018944836,79,1712915084402
1192,0.58984375,1.560546875,-1.275390625,0.6260322018944836,51,1712915084402
1192,0.734375,1.8828125,-0.69921875,0.6260322018944836,122,1712915084402
1192,0.81640625,1.984375,-0.3671875,0.6260322018944836,215,1712915084402
1192,0.76171875,2.064453125,-0.240234375,0.6260322018944836,292,1712915084402
1192,0.703125,2.138671875,-0.064453125,0.6260322018944836,281,1712915084402
1192,0.64453125,2.1953125,0.115234375,0.6260322018944836,183,1712915084402
1192,0.654296875,2.232421875,0.1171875,0.6260322018944836,70,1712915084402
1192,0.666015625,2.25390625,-0.2734375,0.6260322018944836,29,1712915084402
1192,0.609375,1.81640625,0.34375,0.7512386422733803,68,1712915084402
1192,0.681640625,1.83984375,0.306640625,0.7512386422733803,137,1712915084402
1192,0.6328125,1.890625,0.341796875,0.7512386422733803,121,1712915084402
1192,0.708984375,1.849609375,0.5703125,0.7512386422733803,49,1712915084402
1192,0.65625,1.947265625,-0.4296875,0.7512386422733803,54,1712915084402
1192,0.734375,1.974609375,-0.359375,0.7512386422733803,191,1712915084402
1192,0.748046875,2.013671875,-0.34375,0.7512386422733803,228,1712915084402
1192,0.69140625,2.08203125,-0.298828125,0.7512386422733803,169,1712915084402
1192,0.6328125,2.150390625,-0.220703125,0.7512386422733803,97,1712915084402
1193,0.744140625,1.837890625,-0.103515625,0.0,14,1712915084502
1193,0.6953125,1.900390625,-0.00390625,0.0,28,1712915084502
1193,0.7734375,1.908203125,-0.08984375,0.0,26,1712915084502
1193,0.81640625,1.966796875,-0.44921875,0.0,20,1712915084502
1193,0.830078125,1.935546875,-0.68359375,0.0,33,1712915084502
1193,0.9140625,1.947265625,-0.66796875,0.0,36,1712915084502
1193,0.859375,2.025390625,-0.63671875,0.0,24,1712915084502
1193,0.681640625,1.861328125,0.087890625,0.12520644037889672,42,1712915084502
1193,0.6953125,1.8984375,0.06640625,0.12520644037889672,86,1712915084502
1193,0.708984375,1.935546875,0.05078125,0.12520644037889672,80,1712915084502
1193,0.72265625,1.970703125,-0.044921875,0.12520644037889672,29,1712915084502
1193,0.681640625,1.857421875,0.16796875,0.25041288075779344,59,1712915084502
1193,0.6953125,1.892578125,0.162109375,0.25041288075779344,125,1712915084502
1193,0.64453125,1.953125,0.15234375,0.25041288075779344,123,1712915084502
1193,0.65625,1.990234375,0.140625,0.25041288075779344,52,1712915084502
1193,0.681640625,1.845703125,0.2578125,0.37561932113669017,35,1712915084502
1193,0.6328125,1.90234375,0.26953125,0.37561932113669017,77,1712915084502
1193,0.64453125,1.939453125,0.263671875,0.37561932113669017,80,1712915084502
1193,0.65625,1.98046875,0.228515625,0.37561932113669017,34,1712915084502
1193,0.734375,1.998046875,-0.1953125,0.37561932113669017,77,1712915084502
1193,0.748046875,2.04296875,-0.064453125,0.37561932113669017,162,1712915084502
1193,0.76171875,2.076171875,0.123046875,0.37561932113669017,148,1712915084502
1193,0.703125,2.1328125,0.162109375,0.37561932113669017,72,1712915084502
1193,1.001953125,2.033203125,-0.326171875,0.37561932113669017,78,1712915084502
1193,1.01953125,2.02734375,-0.5234375,0.37561932113669017,113,1712915084502
1193,0.9609375,2.0234375,-0.765625,0.37561932113669017,75,1712915084502
1193,0.9765625,2.080078125,-0.7109375,0.37561932113669017,25,1712915084502
1193,0.65625,1.994140625,0.033203125,0.5008257615155869,17,1712915084502
1193,0.734375,2.0078125,-0.001953125,0.5008257615155869,97,1712915084502
1193,0.748046875,2.041015625,0.078125,0.5008257615155869,193,1712915084502
1193,0.69140625,1.966796875,0.744140625,0.5008257615155869,142,1712915084502
1193,1.126953125,1.927734375,-0.298828125,0.5008257615155869,59,1712915084502
1193,0.859375,2.08203125,-0.4140625,0.5008257615155869,155,1712915084502
1193,0.80078125,2.162109375,-0.33203125,0.5008257615155869,190,1712915084502
1193,0.814453125,2.189453125,-0.384765625,0.5008257615155869,133,1712915084502
1193,0.826171875,2.216796875,-0.431640625,0.5008257615155869,49,1712915084502
1193,0.66796875,2.025390625,0.14453125,0.6260322018944836,39,1712915084502
1193,0.6796875,2.0625,0.140625,0.6260322018944836,70,1712915084502
1193,1.17578125,1.875,-0.029296875,0.6260322018944836,41,1712915084502
1193,0.9140625,2.05859375,-0.005859375,0.6260322018944836,119,1712915084502
1193,0.787109375,2.150390625,-0.080078125,0.6260322018944836,195,1712915084502
1193,0.728515625,2.2109375,-0.072265625,0.6260322018944836,208,1712915084502
1193,0.740234375,2.24609375,-0.107421875,0.6260322018944836,147,1712915084502
1193,0.751953125,2.26953125,-0.25390625,0.6260322018944836,56,1712915084502
1193,0.9140625,1.841796875,0.919921875,0.7512386422733803,29,1712915084502
1193,0.859375,2.001953125,0.70703125,0.7512386422733803,31,1712915084502
1193,0.80078125,2.171875,0.248046875,0.7512386422733803,55,1712915084502
1193,0.740234375,2.248046875,-0.009765625,0.7512386422733803,60,1712915084502
1193,0.751953125,2.26953125,-0.267578125,0.7512386422733803,32,1712915084502
1193,0.703125,2.126953125,-0.2265625,0.876445082652277,32,1712915084502
1193,0.64453125,2.185546875,-0.232421875,0.876445082652277,44,1712915084502
1193,0.654296875,2.224609375,-0.220703125,0.876445082652277,31,1712915084502
1193,3.18359375,0.0,2.65625,-0.12520644037889672,20,1712915084502
1193,0.484375,0.94921875,1.94140625,0.6260322018944836,37,1712915084502
1194,0.62109375,1.830078125,0.45703125,0.0,14,1712915084603
1194,0.568359375,1.900390625,0.40234375,0.0,28,1712915084603
1194,0.64453125,1.94140625,0.255859375,0.0,36,1712915084603
1194,0.58984375,1.98828125,0.328125,0.0,29,1712915084603
1194,0.6015625,1.9921875,0.486328125,0.0,14,1712915084603
1194,0.900390625,1.818359375,-0.888671875,0.0,32,1712915084603
1194,0.9140625,1.869140625,-0.86328125,0.0,43,1712915084603
1194,0.9296875,1.83203125,-1.01171875,0.0,21,1712915084603
1194,0.80078125,2.162109375,-0.326171875,0.0,14,1712915084603
1194,0.88671875,2.123046875,-0.556640625,0.0,28,1712915084603
1194,0.90234375,2.103515625,-0.73828125,0.0,23,1712915084603
1194,1.068359375,1.91015625,-1.0859375,0.0,14,1712915084603
1194,0.62109375,1.880859375,0.125,0.12520644037889672,26,1712915084603
1194,0.6328125,1.912109375,0.19140625,0.12520644037889672,64,1712915084603
1194,0.64453125,1.947265625,0.20703125,0.12520644037889672,74,1712915084603
1194,0.58984375,1.998046875,0.267578125,0.12520644037889672,40,1712915084603
1194,0.55859375,1.89453125,0.193359375,0.25041288075779344,17,1712915084603
1194,0.568359375,1.91796875,0.306640625,0.25041288075779344,45,1712915084603
1194,0.580078125,1.955078125,0.296875,0.25041288075779344,51,1712915084603
1194,0.58984375,1.99609375,0.267578125,0.25041288075779344,27,1712915084603
1194,0.81640625,1.970703125,-0.4296875,0.25041288075779344,55,1712915084603
1194,0.830078125,2.009765625,-0.41796875,0.25041288075779344,145,1712915084603
1194,0.84375,2.05078125,-0.390625,0.25041288075779344,197,1712915084603
1194,0.9296875,2.0390625,-0.470703125,0.25041288075779344,116,1712915084603
1194,0.666015625,2.26953125,0.1015625,0.25041288075779344,98,1712915084603
1194,0.6015625,2.328125,-0.08203125,0.25041288075779344,54,1712915084603
1194,0.81640625,2.0078125,-0.19921875,0.37561932113669017,88,1712915084603
1194,0.830078125,2.041015625,-0.212890625,0.37561932113669017,198,1712915084603
1194,0.84375,2.078125,-0.203125,0.37561932113669017,266,1712915084603
1194,0.859375,2.107421875,-0.255859375,0.37561932113669017,172,1712915084603
1194,0.728515625,1.322265625,-1.7734375,0.37561932113669017,49,1712915084603
1194,0.666015625,2.22265625,0.46875,0.37561932113669017,107,1712915084603
1194,0.451171875,0.876953125,2.193359375,0.37561932113669017,59,1712915084603
1194,0.9921875,2.171875,-0.515625,0.37561932113669017,74,1712915084603
1194,0.748046875,2.04296875,0.029296875,0.5008257615155869,47,1712915084603
1194,0.830078125,2.052734375,0.0078125,0.5008257615155869,78,1712915084603
1194,0.84375,2.0859375,0.111328125,0.5008257615155869,89,1712915084603
1194,1.14453125,1.939453125,-0.4140625,0.5008257615155869,75,1712915084603
1194,1.01953125,2.083984375,-0.201171875,0.5008257615155869,94,1712915084603
1194,0.88671875,2.193359375,0.0078125,0.5008257615155869,92,1712915084603
1194,0.67578125,2.16796875,-0.791015625,0.5008257615155869,57,1712915084603
1194,0.763671875,2.275390625,-0.458984375,0.5008257615155869,75,1712915084603
1194,0.697265625,2.34375,-0.421875,0.5008257615155869,48,1712915084603
1194,0.830078125,2.05078125,-0.080078125,0.6260322018944836,34,1712915084603
1194,0.9140625,2.056640625,-0.083984375,0.6260322018944836,44,1712915084603
1194,1.07421875,2.0234375,0.00390625,0.6260322018944836,68,1712915084603
1194,0.9453125,2.126953125,-0.0390625,0.6260322018944836,91,1712915084603
1194,0.88671875,2.193359375,-0.041015625,0.6260322018944836,89,1712915084603
1194,0.826171875,2.2578125,-0.08203125,0.6260322018944836,58,1712915084603
1194,0.763671875,2.3125,-0.197265625,0.6260322018944836,40,1712915084603
1194,0.62109375,2.40234375,-0.0625,0.6260322018944836,29,1712915084603
1194,0.76171875,2.078125,0.08203125,0.7512386422733803,32,1712915084603
1194,0.7734375,2.11328125,0.099609375,0.7512386422733803,39,1712915084603
1194,0.787109375,2.150390625,0.0078125,0.7512386422733803,32,1712915084603
1194,0.873046875,2.158203125,-0.08203125,0.7512386422733803,29,1712915084603
1194,0.814453125,2.2109375,-0.21875,0.7512386422733803,28,1712915084603
1194,0.826171875,2.25,-0.1875,0.7512386422733803,32,1712915084603
1194,0.763671875,2.3125,-0.205078125,0.7512386422733803,40,1712915084603
1194,0.775390625,2.345703125,-0.224609375,0.7512386422733803,37,1712915084603
1194,0.728515625,2.205078125,-0.1796875,0.876445082652277,17,1712915084603
1194,0.6953125,1.890625,0.1953125,-0.5008257615155869,37,1712915084603
1194,0.708984375,1.923828125,0.2109375,-0.5008257615155869,46,1712915084603
1194,0.72265625,1.962890625,0.177734375,-0.5008257615155869,32,1712915084603
1194,0.744140625,1.830078125,0.1953125,-0.37561932113669017,32,1712915084603
1195,0.43359375,1.9140625,0.29296875,0.0,16,1712915084704
1195,0.443359375,1.94921875,0.31640625,0.0,41,1712915084704
1195,0.515625,1.98046875,0.248046875,0.0,59,1712915084704
1195,0.458984375,2.03515625,0.23046875,0.0,47,1712915084704
1195,0.466796875,2.078125,0.17578125,0.0,20,1712915084704
1195,0.96875,1.90234375,-0.5859375,0.0,37,1712915084704
1195,0.9140625,1.9765625,-0.576171875,0.0,89,1712915084704
1195,0.9296875,2.009765625,-0.5859375,0.0,101,1712915084704
1195,1.01953125,1.994140625,-0.63671875,0.0,53,1712915084704
1195,0.443359375,2.3203125,0.16015625,0.0,16,1712915084704
1195,0.43359375,1.908203125,0.337890625,0.12520644037889672,20,1712915084704
1195,0.443359375,1.94921875,0.30859375,0.12520644037889672,76,1712915084704
1195,0.451171875,1.990234375,0.294921875,0.12520644037889672,142,1712915084704
1195,0.458984375,2.03125,0.26953125,0.12520644037889672,137,1712915084704
1195,0.466796875,2.072265625,0.23828125,0.12520644037889672,67,1712915084704
1195,0.900390625,2.009765625,-0.236328125,0.12520644037889672,49,1712915084704
1195,0.9140625,2.04296875,-0.248046875,0.12520644037889672,107,1712915084704
1195,0.9296875,2.08203125,-0.220703125,0.12520644037889672,109,1712915084704
1195,0.873046875,2.140625,-0.279296875,0.12520644037889672,53,1712915084704
1195,0.814453125,2.103515625,-0.71875,0.12520644037889672,37,1712915084704
1195,0.751953125,2.240234375,-0.447265625,0.12520644037889672,22,1712915084704
1195,0.443359375,1.935546875,0.38671875,0.25041288075779344,70,1712915084704
1195,0.451171875,1.978515625,0.3671875,0.25041288075779344,152,1712915084704
1195,0.458984375,2.01953125,0.3515625,0.25041288075779344,162,1712915084704
1195,0.466796875,2.060546875,0.32421875,0.25041288075779344,81,1712915084704
1195,0.81640625,2.01171875,-0.154296875,0.25041288075779344,38,1712915084704
1195,0.900390625,2.017578125,-0.16015625,0.25041288075779344,216,1712915084704
1195,0.9140625,2.05078125,-0.1796875,0.25041288075779344,498,1712915084704
1195,0.9296875,2.0859375,-0.17578125,0.25041288075779344,530,1712915084704
1195,0.9453125,2.12109375,-0.1796875,0.25041288075779344,239,1712915084704
1195,0.814453125,2.16796875,-0.48828125,0.25041288075779344,144,1712915084704
1195,0.67578125,2.29296875,-0.255859375,0.25041288075779344,100,1712915084704
1195,1.298828125,2.037109375,-0.369140625,0.25041288075779344,44,1712915084704
1195,1.1640625,2.119140625,-0.5625,0.25041288075779344,38,1712915084704
1195,0.0,1.62890625,2.982421875,0.25041288075779344,27,1712915084704
1195,0.443359375,1.951171875,0.306640625,0.37561932113669017,41,1712915084704
1195,0.451171875,1.982421875,0.34375,0.37561932113669017,100,1712915084704
1195,0.458984375,2.01953125,0.34375,0.37561932113669017,109,1712915084704
1195,0.466796875,2.060546875,0.3203125,0.37561932113669017,52,1712915084704
1195,0.81640625,2.017578125,-0.01953125,0.37561932113669017,32,1712915084704
1195,0.900390625,2.0234375,0.0078125,0.37561932113669017,200,1712915084704
1195,0.9140625,2.05859375,-0.015625,0.37561932113669017,461,1712915084704
1195,0.9296875,2.09375,-0.017578125,0.37561932113669017,478,1712915084704
1195,0.9453125,2.126953125,-0.013671875,0.37561932113669017,194,1712915084704
1195,0.88671875,2.166015625,-0.3515625,0.37561932113669017,178,1712915084704
1195,0.751953125,2.27734375,-0.181640625,0.37561932113669017,145,1712915084704
1195,0.53515625,2.361328125,0.330078125,0.37561932113669017,63,1712915084704
1195,1.240234375,2.12109375,-0.345703125,0.37561932113669017,51,1712915084704
1195,0.443359375,1.953125,0.291015625,0.5008257615155869,35,1712915084704
1195,0.451171875,1.98828125,0.298828125,0.5008257615155869,78,1712915084704
1195,0.458984375,2.0234375,0.31640625,0.5008257615155869,76,1712915084704
1195,0.400390625,2.076171875,0.30859375,0.5008257615155869,32,1712915084704
1195,0.830078125,2.025390625,0.333984375,0.5008257615155869,43,1712915084704
1195,0.84375,2.068359375,0.28515625,0.5008257615155869,102,1712915084704
1195,0.859375,2.103515625,0.28515625,0.5008257615155869,97,1712915084704
1195,1.091796875,2.0234375,-0.37109375,0.5008257615155869,47,1712915084704
1195,0.88671875,2.189453125,-0.154296875,0.5008257615155869,104,1712915084704
1195,0.751953125,2.283203125,-0.05859375,0.5008257615155869,113,1712915084704
1195,0.611328125,2.36328125,-0.099609375,0.5008257615155869,75,1712915084704
1195,0.46484375,2.4140625,-0.33203125,0.5008257615155869,36,1712915084704
1195,0.37890625,1.9375,0.4453125,0.6260322018944836,19,1712915084704
1195,0.451171875,1.970703125,0.40234375,0.6260322018944836,42,1712915084704
1195,0.458984375,2.00390625,0.427734375,0.6260322018944836,39,1712915084704
1195,0.67578125,2.30078125,0.1875,0.6260322018944836,51,1712915084704
1196,0.96875,1.87890625,-0.658203125,0.0,18,1712915084805
1196,0.9140625,1.95703125,-0.634765625,0.0,82,1712915084805
1196,0.9296875,1.998046875,-0.623046875,0.0,161,1712915084805
1196,0.9453125,2.041015625,-0.599609375,0.0,152,1712915084805
1196,1.03515625,2.052734375,-0.56640625,0.0,66,1712915084805
1196,0.9765625,2.017578125,-0.87109375,0.0,21,1712915084805
1196,0.9921875,2.12109375,-0.697265625,0.0,41,1712915084805
1196,1.0859375,2.138671875,-0.638671875,0.0,37,1712915084805
1196,1.181640625,2.150390625,-0.57421875,0.0,30,1712915084805
1196,1.119140625,2.234375,-0.54296875,0.0,18,1712915084805
1196,0.0,1.564453125,3.015625,0.0,14,1712915084805
1196,0.37890625,1.982421875,0.146484375,0.12520644037889672,18,1712915084805
1196,0.322265625,2.02734375,0.18359375,0.12520644037889672,27,1712915084805
1196,0.39453125,2.048828125,0.23828125,0.12520644037889672,31,1712915084805
1196,0.333984375,2.09375,0.26953125,0.12520644037889672,23,1712915084805
1196,0.986328125,1.93359375,-0.6015625,0.12520644037889672,132,1712915084805
1196,0.9296875,1.99609375,-0.6328125,0.12520644037889672,235,1712915084805
1196,0.9453125,2.044921875,-0.587890625,0.12520644037889672,199,1712915084805
1196,1.109375,2.04296875,-0.447265625,0.12520644037889672,67,1712915084805
1196,0.751953125,2.013671875,-1.080078125,0.12520644037889672,48,1712915084805
1196,0.9921875,2.16796875,-0.53515625,0.12520644037889672,73,1712915084805
1196,1.0859375,2.193359375,-0.40625,0.12520644037889672,64,1712915084805
1196,1.181640625,2.201171875,-0.328125,0.12520644037889672,50,1712915084805
1196,1.19921875,2.240234375,-0.291015625,0.12520644037889672,32,1712915084805
1196,0.0,1.59765625,2.998046875,0.12520644037889672,26,1712915084805
1196,0.0,1.626953125,3.025390625,0.12520644037889672,24,1712915084805
1196,0.322265625,2.029296875,0.16015625,0.25041288075779344,21,1712915084805
1196,0.328125,2.05859375,0.25,0.25041288075779344,22,1712915084805
1196,0.96875,1.98046875,0.20703125,0.25041288075779344,38,1712915084805
1196,0.9140625,2.056640625,0.072265625,0.25041288075779344,123,1712915084805
1196,1.001953125,2.048828125,-0.208984375,0.25041288075779344,164,1712915084805
1196,1.01953125,1.609375,-1.33984375,0.25041288075779344,82,1712915084805
1196,0.740234375,2.2421875,0.17578125,0.25041288075779344,80,1712915084805
1196,0.751953125,2.275390625,-0.201171875,0.25041288075779344,111,1712915084805
1196,0.83984375,2.2890625,-0.15625,0.25041288075779344,67,1712915084805
1196,1.0859375,2.228515625,-0.126953125,0.25041288075779344,59,1712915084805
1196,1.181640625,2.205078125,-0.306640625,0.25041288075779344,51,1712915084805
1196,0.328125,2.072265625,0.103515625,0.37561932113669017,17,1712915084805
1196,0.333984375,2.107421875,0.119140625,0.37561932113669017,23,1712915084805
1196,0.900390625,2.005859375,0.26953125,0.37561932113669017,21,1712915084805
1196,0.9140625,2.052734375,0.140625,0.37561932113669017,78,1712915084805
1196,0.9296875,2.087890625,0.134765625,0.37561932113669017,126,1712915084805
1196,0.9453125,2.115234375,0.23828125,0.37561932113669017,109,1712915084805
1196,0.740234375,2.24609375,0.09375,0.37561932113669017,95,1712915084805
1196,0.751953125,2.28515625,0.02734375,0.37561932113669017,103,1712915084805
1196,0.6875,2.3359375,0.2109375,0.37561932113669017,64,1712915084805
1196,1.0859375,0.6015625,2.1484375,0.37561932113669017,52,1712915084805
1196,1.1015625,0.40234375,-2.23046875,0.37561932113669017,51,1712915084805
1196,1.0390625,1.259765625,-1.96875,0.37561932113669017,25,1712915084805
1196,0.333984375,2.091796875,0.287109375,0.5008257615155869,17,1712915084805
1196,0.67578125,2.302734375,0.150390625,0.5008257615155869,34,1712915084805
1196,0.458984375,2.39453125,0.154296875,0.5008257615155869,26,1712915084805
1196,1.0078125,0.892578125,2.083984375,0.5008257615155869,36,1712915084805
1196,0.9453125,2.25,-0.630859375,0.5008257615155869,40,1712915084805
1196,0.958984375,2.15625,-0.986328125,0.5008257615155869,25,1712915084805
1196,0.251953125,1.974609375,0.359375,-0.25041288075779344,18,1712915084805
1196,0.2578125,2.017578125,0.333984375,-0.12520644037889672,18,1712915084805
1196,-2.404296875,0.0,1.830078125,0.0,12,1712915084805
1196,1.380859375,2.80859375,-1.322265625,0.0,10,1712915084805
1196,-2.3671875,0.0,1.8359375,0.12520644037889672,43,1712915084805
1196,1.591796875,2.884765625,-0.828125,0.12520644037889672,19,1712915084805
1196,1.71875,2.876953125,-0.759765625,0.12520644037889672,19,1712915084805
1196,-0.36328125,1.228515625,1.943359375,0.25041288075779344,52,1712915084805
1196,0.9921875,2.232421875,-0.013671875,0.25041288075779344,67,1712915084805
1197,1.056640625,1.958984375,-0.353515625,0.0,63,1712915084904
1197,1.07421875,1.9765625,-0.43359375,0.0,200,1712915084904
1197,1.091796875,2.001953125,-0.474609375,0.0,283,1712915084904
1197,1.03515625,2.060546875,-0.533203125,0.0,210,1712915084904
1197,1.052734375,2.056640625,-0.671875,0.0,114,1712915084904
1197,1.068359375,2.087890625,-0.681640625,0.0,75,1712915084904
1197,1.0078125,2.1796875,-0.626953125,0.0,39,1712915084904
1197,0.986328125,2.013671875,-0.208984375,0.12520644037889672,136,1712915084904
1197,1.001953125,2.0390625,-0.296875,0.12520644037889672,426,1712915084904
1197,1.01953125,2.06640625,-0.333984375,0.12520644037889672,606,1712915084904
1197,1.03515625,2.09375,-0.37890625,0.12520644037889672,472,1712915084904
1197,1.052734375,2.119140625,-0.435546875,0.12520644037889672,277,1712915084904
1197,1.14453125,2.09375,-0.5234375,0.12520644037889672,162,1712915084904
1197,1.0078125,2.19140625,-0.5859375,0.12520644037889672,78,1712915084904
1197,0.458984375,2.048828125,0.0390625,0.25041288075779344,24,1712915084904
1197,0.400390625,2.099609375,0.041015625,0.25041288075779344,22,1712915084904
1197,0.9140625,2.056640625,-0.080078125,0.25041288075779344,116,1712915084904
1197,1.001953125,2.052734375,-0.1796875,0.25041288075779344,346,1712915084904
1197,1.01953125,2.08203125,-0.23046875,0.25041288075779344,482,1712915084904
1197,1.03515625,2.109375,-0.283203125,0.25041288075779344,366,1712915084904
1197,0.9765625,2.17578125,-0.306640625,0.25041288075779344,207,1712915084904
1197,0.9921875,2.208984375,-0.32421875,0.25041288075779344,134,1712915084904
1197,1.0078125,2.23046875,-0.412109375,0.25041288075779344,79,1712915084904
1197,1.1015625,2.265625,-0.048828125,0.25041288075779344,40,1712915084904
1197,1.19921875,2.25390625,0.15234375,0.25041288075779344,25,1712915084904
1197,0.9140625,2.05859375,-0.03515625,0.37561932113669017,30,1712915084904
1197,0.9296875,2.091796875,-0.068359375,0.37561932113669017,76,1712915084904
1197,1.01953125,2.083984375,-0.201171875,0.37561932113669017,98,1712915084904
1197,0.9609375,2.142578125,-0.296875,0.37561932113669017,78,1712915084904
1197,0.826171875,2.244140625,-0.259765625,0.37561932113669017,75,1712915084904
1197,0.763671875,2.318359375,-0.125,0.37561932113669017,81,1712915084904
1197,0.853515625,2.326171875,-0.134765625,0.37561932113669017,53,1712915084904
1197,0.67578125,2.30859375,-0.00390625,0.5008257615155869,50,1712915084904
1197,0.6875,2.337890625,0.173828125,0.5008257615155869,50,1712915084904
1197,0.697265625,2.373046875,0.19921875,0.5008257615155869,29,1712915084904
1197,0.517578125,2.30859375,0.0625,0.6260322018944836,21,1712915084904
1197,0.525390625,2.345703125,0.095703125,0.6260322018944836,32,1712915084904
1197,0.53515625,2.3828125,0.1015625,0.6260322018944836,24,1712915084904
1197,1.220703125,2.09765625,-0.28125,-0.25041288075779344,30,1712915084904
1197,1.001953125,1.978515625,-0.5703125,-0.12520644037889672,39,1712915084904
1197,1.01953125,1.990234375,-0.65234375,-0.12520644037889672,47,1712915084904
1197,1.052734375,2.162109375,0.03515625,-0.12520644037889672,26,1712915084904
1197,1.068359375,2.193359375,-0.134765625,-0.12520644037889672,29,1712915084904
1197,1.1640625,2.162109375,-0.361328125,-0.12520644037889672,25,1712915084904
1197,0.400390625,2.20703125,-1.228515625,0.25041288075779344,13,1712915084904
1198,0.986328125,1.994140625,-0.353515625,0.0,40,1712915085005
1198,1.001953125,2.01953125,-0.400390625,0.0,186,1712915085005
1198,1.01953125,2.048828125,-0.4296875,0.0,365,1712915085005
1198,1.109375,2.037109375,-0.47265625,0.0,393,1712915085005
1198,1.126953125,2.05859375,-0.525390625,0.0,261,1712915085005
1198,1.068359375,2.08984375,-0.67578125,0.0,134,1712915085005
1198,1.0859375,2.048828125,-0.884765625,0.0,66,1712915085005
1198,1.0234375,2.05078125,-1.046875,0.0,25,1712915085005
1198,0.986328125,2.017578125,-0.181640625,0.12520644037889672,79,1712915085005
1198,1.001953125,2.044921875,-0.240234375,0.12520644037889672,377,1712915085005
1198,1.01953125,2.07421875,-0.283203125,0.12520644037889672,740,1712915085005
1198,1.03515625,2.099609375,-0.34765625,0.12520644037889672,723,1712915085005
1198,1.052734375,2.103515625,-0.50390625,0.12520644037889672,420,1712915085005
1198,1.068359375,2.05859375,-0.76953125,0.12520644037889672,195,1712915085005
1198,1.0078125,2.076171875,-0.91015625,0.12520644037889672,97,1712915085005
1198,0.9453125,1.9921875,-1.21875,0.12520644037889672,32,1712915085005
1198,0.986328125,2.025390625,-0.03125,0.25041288075779344,59,1712915085005
1198,0.9296875,2.091796875,-0.0703125,0.25041288075779344,292,1712915085005
1198,1.01953125,2.091796875,-0.1015625,0.25041288075779344,593,1712915085005
1198,1.03515625,2.123046875,-0.154296875,0.25041288075779344,592,1712915085005
1198,0.9765625,2.185546875,-0.236328125,0.25041288075779344,348,1712915085005
1198,0.9921875,2.208984375,-0.330078125,0.25041288075779344,158,1712915085005
1198,1.0078125,2.263671875,-0.142578125,0.25041288075779344,76,1712915085005
1198,0.865234375,2.359375,0.173828125,0.25041288075779344,38,1712915085005
1198,0.9296875,2.0859375,0.177734375,0.37561932113669017,64,1712915085005
1198,0.9453125,2.125,0.119140625,0.37561932113669017,143,1712915085005
1198,1.03515625,2.126953125,0.095703125,0.37561932113669017,155,1712915085005
1198,0.9765625,2.193359375,0.12890625,0.37561932113669017,108,1712915085005
1198,0.763671875,2.318359375,-0.1015625,0.37561932113669017,97,1712915085005
1198,0.697265625,2.376953125,-0.12890625,0.37561932113669017,117,1712915085005
1198,0.787109375,2.392578125,-0.078125,0.37561932113669017,72,1712915085005
1198,0.400390625,2.0859375,-0.23828125,0.5008257615155869,21,1712915085005
1198,0.67578125,2.30859375,0.017578125,0.5008257615155869,40,1712915085005
1198,0.6875,2.34375,0.001953125,0.5008257615155869,86,1712915085005
1198,0.697265625,2.380859375,0.00390625,0.5008257615155869,87,1712915085005
1198,0.708984375,2.41796875,0.056640625,0.5008257615155869,43,1712915085005
1198,0.38671875,1.982421875,-0.416015625,0.6260322018944836,32,1712915085005
1198,0.458984375,2.025390625,-0.3125,0.6260322018944836,38,1712915085005
1198,0.333984375,2.09765625,-0.23828125,0.6260322018944836,29,1712915085005
1198,0.322265625,2.0234375,-0.220703125,0.7512386422733803,29,1712915085005
1198,0.328125,2.0625,-0.22265625,0.7512386422733803,29,1712915085005
1198,1.091796875,2.02734375,-0.345703125,-0.25041288075779344,27,1712915085005
1198,1.2578125,1.9765625,-0.341796875,-0.25041288075779344,71,1712915085005
1198,1.203125,2.056640625,-0.330078125,-0.25041288075779344,92,1712915085005
1198,1.220703125,2.08984375,-0.328125,-0.25041288075779344,62,1712915085005
1198,1.1640625,2.158203125,-0.384765625,-0.25041288075779344,22,1712915085005
1198,1.001953125,1.99609375,-0.51171875,-0.12520644037889672,33,1712915085005
1198,1.1640625,1.970703125,-0.43359375,-0.12520644037889672,88,1712915085005
1198,1.18359375,2.0234375,-0.322265625,-0.12520644037889672,158,1712915085005
1198,1.203125,2.064453125,-0.271484375,-0.12520644037889672,170,1712915085005
1198,1.220703125,2.099609375,-0.267578125,-0.12520644037889672,110,1712915085005
1198,1.240234375,2.115234375,-0.3828125,-0.12520644037889672,46,1712915085005
1198,2.361328125,0.0,1.498046875,0.12520644037889672,20,1712915085005
1199,1.07421875,1.966796875,-0.4765625,0.0,17,1712915085105
1199,1.091796875,1.984375,-0.541015625,0.0,61,1712915085105
1199,1.18359375,1.958984375,-0.60546875,0.0,112,1712915085105
1199,1.126953125,2.017578125,-0.66796875,0.0,115,1712915085105
1199,1.14453125,2.03125,-0.7265625,0.0,67,1712915085105
1199,1.0859375,2.19140625,-0.419921875,0.0,35,1712915085105
1199,1.07421875,1.994140625,-0.337890625,0.12520644037889672,30,1712915085105
1199,1.091796875,2.017578125,-0.40234375,0.12520644037889672,118,1712915085105
1199,1.109375,2.041015625,-0.455078125,0.12520644037889672,228,1712915085105
1199,1.126953125,2.05859375,-0.52734375,0.12520644037889672,238,1712915085105
1199,1.14453125,2.0703125,-0.609375,0.12520644037889672,143,1712915085105
1199,1.0859375,2.212890625,-0.2890625,0.12520644037889672,75,1712915085105
1199,1.1640625,1.94140625,-0.544921875,0.25041288075779344,41,1712915085105
1199,1.109375,2.01953125,-0.544921875,0.25041288075779344,94,1712915085105
1199,1.203125,1.978515625,-0.654296875,0.25041288075779344,114,1712915085105
1199,1.14453125,2.09765625,-0.509765625,0.25041288075779344,84,1712915085105
1199,1.240234375,2.146484375,-0.111328125,0.25041288075779344,42,1712915085105
1199,0.865234375,2.251953125,-0.7265625,0.25041288075779344,53,1712915085105
1199,0.87890625,2.330078125,-0.5859375,0.25041288075779344,52,1712915085105
1199,0.6875,2.154296875,-0.923828125,0.37561932113669017,29,1712915085105
1199,0.853515625,2.294921875,-0.408203125,0.37561932113669017,133,1712915085105
1199,0.865234375,2.33984375,-0.349609375,0.37561932113669017,193,1712915085105
1199,0.798828125,2.40625,-0.33984375,0.37561932113669017,127,1712915085105
1199,0.810546875,2.4453125,-0.314453125,0.37561932113669017,39,1712915085105
1199,0.6875,2.337890625,-0.166015625,0.5008257615155869,51,1712915085105
1199,0.775390625,2.34765625,-0.212890625,0.5008257615155869,154,1712915085105
1199,0.787109375,2.384765625,-0.212890625,0.5008257615155869,194,1712915085105
1199,0.798828125,2.421875,-0.205078125,0.5008257615155869,115,1712915085105
1199,0.810546875,2.462890625,-0.1328125,0.5008257615155869,30,1712915085105
1199,0.6875,2.341796875,-0.11328125,0.6260322018944836,19,1712915085105
1199,0.775390625,2.353515625,-0.1171875,0.6260322018944836,54,1712915085105
1199,0.787109375,2.388671875,-0.142578125,0.6260322018944836,66,1712915085105
1199,0.798828125,2.42578125,-0.126953125,0.6260322018944836,38,1712915085105
1199,1.18359375,2.037109375,-0.220703125,-0.12520644037889672,32,1712915085105
1199,1.27734375,2.013671875,-0.31640625,-0.12520644037889672,32,1712915085105
1199,1.220703125,2.095703125,-0.29296875,-0.12520644037889672,20,1712915085105
1199,0.232421875,0.830078125,-2.326171875,0.25041288075779344,28,1712915085105
1200,0.873046875,2.130859375,-0.341796875,0.0,37,1712915085206
1200,0.814453125,2.201171875,-0.30859375,0.0,65,1712915085206
1200,0.826171875,2.2578125,-0.08203125,0.0,64,1712915085206
1200,0.9921875,2.23046875,-0.1015625,0.0,65,1712915085206
1200,1.0859375,2.173828125,-0.505859375,0.0,49,1712915085206
1200,1.1015625,2.20703125,-0.509765625,0.0,28,1712915085206
1200,1.119140625,2.294921875,-0.158203125,0.0,18,1712915085206
1200,0.9453125,2.126953125,0.08203125,0.12520644037889672,103,1712915085206
1200,0.9609375,2.162109375,0.052734375,0.12520644037889672,224,1712915085206
1200,1.052734375,2.162109375,-0.05859375,0.12520644037889672,226,1712915085206
1200,1.068359375,2.177734375,-0.28515625,0.12520644037889672,140,1712915085206
1200,1.0078125,2.205078125,-0.525390625,0.12520644037889672,80,1712915085206
1200,1.0234375,2.25390625,-0.46875,0.12520644037889672,43,1712915085206
1200,0.9453125,2.1171875,0.205078125,0.25041288075779344,59,1712915085206
1200,0.9609375,2.15625,0.171875,0.25041288075779344,123,1712915085206
1200,0.9765625,2.1953125,0.09375,0.25041288075779344,119,1712915085206
1200,1.068359375,2.19140625,-0.15625,0.25041288075779344,80,1712915085206
1200,1.0078125,2.236328125,-0.376953125,0.25041288075779344,51,1712915085206
1200,0.9453125,2.3125,-0.33203125,0.25041288075779344,30,1712915085206
1200,0.798828125,2.416015625,-0.25,0.25041288075779344,18,1712915085206
1200,1.17578125,1.78125,-0.58984375,0.37561932113669017,24,1712915085206
1200,1.17578125,1.814453125,-0.478515625,0.5008257615155869,20,1712915085206
1200,0.865234375,2.279296875,-0.63671875,0.5008257615155869,21,1712915085206
1200,0.87890625,2.333984375,-0.564453125,0.5008257615155869,42,1712915085206
1200,0.892578125,2.369140625,-0.576171875,0.5008257615155869,43,1712915085206
1200,0.822265625,2.419921875,-0.6328125,0.5008257615155869,22,1712915085206
1200,0.798828125,2.412109375,-0.294921875,0.6260322018944836,25,1712915085206
1200,0.810546875,2.44140625,-0.34765625,0.6260322018944836,27,1712915085206
1200,0.90625,2.412109375,-0.544921875,-0.37561932113669017,24,1712915085206
1200,0.91796875,2.44921875,-0.54296875,-0.37561932113669017,20,1712915085206
1200,1.1640625,2.001953125,-0.236328125,-0.25041288075779344,35,1712915085206
1200,1.18359375,2.0390625,-0.216796875,-0.25041288075779344,86,1712915085206
1200,1.203125,2.064453125,-0.28125,-0.25041288075779344,97,1712915085206
1200,1.220703125,2.080078125,-0.38671875,-0.25041288075779344,46,1712915085206
1200,0.98828125,2.404296875,-0.423828125,-0.25041288075779344,32,1712915085206
1200,0.91796875,2.4609375,-0.494140625,-0.25041288075779344,32,1712915085206
1200,1.1640625,2.015625,-0.056640625,-0.12520644037889672,51,1712915085206
1200,1.18359375,2.048828125,-0.068359375,-0.12520644037889672,152,1712915085206
1200,1.203125,2.078125,-0.134765625,-0.12520644037889672,186,1712915085206
1200,1.220703125,2.107421875,-0.19921875,-0.12520644037889672,96,1712915085206
1200,1.0859375,2.224609375,0.1796875,-0.12520644037889672,19,1712915085206
1200,0.90625,2.451171875,-0.337890625,-0.12520644037889672,29,1712915085206
1200,0.91796875,2.484375,-0.35546875,-0.12520644037889672,30,1712915085206
1200,0.0,1.103515625,2.05078125,0.0,22,1712915085206
1200,0.0,0.98046875,2.154296875,0.0,40,1712915085206
1200,0.0,1.001953125,2.1875,0.0,45,1712915085206
1200,-2.404296875,0.0,2.322265625,-0.12520644037889672,12,1712915085206
1201,1.001953125,2.048828125,-0.220703125,0.0,20,1712915085307
1201,1.091796875,2.05078125,-0.162109375,0.0,93,1712915085307
1201,1.109375,2.0859375,-0.150390625,0.0,182,1712915085307
1201,1.126953125,2.1171875,-0.166015625,0.0,181,1712915085307
1201,1.14453125,2.12890625,-0.35546875,0.0,99,1712915085307
1201,1.1640625,1.98828125,-0.921875,0.0,47,1712915085307
1201,1.1015625,1.720703125,-1.474609375,0.0,25,1712915085307
1201,0.9296875,2.08203125,-0.216796875,0.12520644037889672,33,1712915085307
1201,1.01953125,2.087890625,-0.1484375,0.12520644037889672,124,1712915085307
1201,0.9609375,2.162109375,-0.0625,0.12520644037889672,209,1712915085307
1201,0.9765625,2.197265625,-0.068359375,0.12520644037889672,176,1712915085307
1201,0.9921875,2.189453125,-0.431640625,0.12520644037889672,84,1712915085307
1201,1.0859375,1.982421875,-1.025390625,0.12520644037889672,81,1712915085307
1201,1.1015625,1.875,-1.2734375,0.12520644037889672,51,1712915085307
1201,0.9453125,2.126953125,0.078125,0.25041288075779344,81,1712915085307
1201,0.9609375,2.16015625,0.109375,0.25041288075779344,160,1712915085307
1201,0.9765625,2.1953125,0.10546875,0.25041288075779344,148,1712915085307
1201,0.9921875,2.23046875,-0.099609375,0.25041288075779344,67,1712915085307
1201,1.0078125,2.10546875,-0.83984375,0.25041288075779344,48,1712915085307
1201,1.0234375,1.9453125,-1.23046875,0.25041288075779344,33,1712915085307
1201,0.97265625,2.396484375,-0.21484375,0.25041288075779344,32,1712915085307
1201,0.873046875,2.1484375,0.212890625,0.37561932113669017,29,1712915085307
1201,0.9609375,2.15625,0.1796875,0.37561932113669017,66,1712915085307
1201,0.9765625,2.1875,0.205078125,0.37561932113669017,67,1712915085307
1201,0.9921875,2.21484375,0.2734375,0.37561932113669017,33,1712915085307
1201,0.73046875,2.45703125,-0.40625,0.37561932113669017,17,1712915085307
1201,1.197265625,1.73828125,-0.787109375,0.6260322018944836,24,1712915085307
1201,1.1640625,2.19140625,-0.025390625,-0.37561932113669017,26,1712915085307
1201,1.1015625,2.26171875,0.12109375,-0.37561932113669017,23,1712915085307
1201,1.1640625,2.015625,-0.08203125,-0.25041288075779344,25,1712915085307
1201,1.2578125,1.982421875,-0.30078125,-0.25041288075779344,63,1712915085307
1201,1.27734375,1.98828125,-0.443359375,-0.25041288075779344,68,1712915085307
1201,1.220703125,2.041015625,-0.5546875,-0.25041288075779344,43,1712915085307
1201,1.1640625,2.185546875,0.166015625,-0.25041288075779344,34,1712915085307
1201,1.181640625,2.171875,0.484375,-0.25041288075779344,32,1712915085307
1201,1.119140625,2.279296875,0.3125,-0.25041288075779344,21,1712915085307
1201,1.1640625,2.015625,0.05859375,-0.12520644037889672,59,1712915085307
1201,1.2578125,2.00390625,-0.095703125,-0.12520644037889672,157,1712915085307
1201,1.27734375,2.02734375,-0.197265625,-0.12520644037889672,186,1712915085307
1201,1.220703125,2.1015625,-0.24609375,-0.12520644037889672,111,1712915085307
1201,1.240234375,2.1328125,-0.2578125,-0.12520644037889672,36,1712915085307
1201,-2.51953125,0.0,1.75,0.0,13,1712915085307
1201,-2.404296875,0.0,2.421875,-0.12520644037889672,19,1712915085307
1202,1.07421875,2.01953125,0.134765625,0.0,12,1712915085407
1202,1.091796875,2.052734375,0.125,0.0,48,1712915085407
1202,1.18359375,2.048828125,0.025390625,0.0,81,1712915085407
1202,1.203125,2.078125,-0.15234375,0.0,65,1712915085407
1202,1.14453125,2.12890625,-0.349609375,0.0,45,1712915085407
1202,1.0859375,2.23046875,0.05078125,0.0,60,1712915085407
1202,1.1015625,2.185546875,-0.59765625,0.0,63,1712915085407
1202,1.0390625,2.01953125,-1.17578125,0.0,53,1712915085407
1202,0.97265625,2.142578125,-1.095703125,0.0,30,1712915085407
1202,1.091796875,2.046875,-0.1953125,0.12520644037889672,47,1712915085407
1202,1.109375,2.083984375,-0.173828125,0.12520644037889672,83,1712915085407
1202,1.126953125,2.111328125,-0.232421875,0.12520644037889672,95,1712915085407
1202,1.14453125,2.126953125,-0.3671875,0.12520644037889672,85,1712915085407
1202,1.0859375,2.109375,-0.728515625,0.12520644037889672,77,1712915085407
1202,1.0234375,2.099609375,-0.9453125,0.12520644037889672,99,1712915085407
1202,1.0390625,2.140625,-0.9375,0.12520644037889672,102,1712915085407
1202,0.97265625,2.208984375,-0.955078125,0.12520644037889672,58,1712915085407
1202,1.109375,2.087890625,-0.08984375,0.25041288075779344,20,1712915085407
1202,1.126953125,2.119140625,-0.150390625,0.25041288075779344,31,1712915085407
1202,1.068359375,2.15234375,-0.44140625,0.25041288075779344,43,1712915085407
1202,1.0078125,2.162109375,-0.685546875,0.25041288075779344,65,1712915085407
1202,1.0234375,2.17578125,-0.751953125,0.25041288075779344,95,1712915085407
1202,0.958984375,2.263671875,-0.70703125,0.25041288075779344,92,1712915085407
1202,1.0546875,2.236328125,-0.791015625,0.25041288075779344,47,1712915085407
1202,0.9453125,2.2734375,-0.5390625,0.37561932113669017,31,1712915085407
1202,0.958984375,2.322265625,-0.474609375,0.37561932113669017,30,1712915085407
1202,0.97265625,2.27734375,-0.775390625,0.5008257615155869,21,1712915085407
1202,1.0703125,2.287109375,-0.751953125,0.5008257615155869,55,1712915085407
1202,1.001953125,2.36328125,-0.744140625,0.5008257615155869,71,1712915085407
1202,1.015625,2.408203125,-0.71875,0.5008257615155869,45,1712915085407
1202,0.97265625,2.34765625,-0.53125,0.6260322018944836,43,1712915085407
1202,0.98828125,2.384765625,-0.521484375,0.6260322018944836,112,1712915085407
1202,1.001953125,2.419921875,-0.533203125,0.6260322018944836,137,1712915085407
1202,1.015625,2.453125,-0.546875,0.6260322018944836,81,1712915085407
1202,0.9453125,2.529296875,-0.515625,0.6260322018944836,21,1712915085407
1202,0.892578125,2.41796875,-0.310546875,0.7512386422733803,23,1712915085407
1202,0.98828125,2.421875,-0.314453125,0.7512386422733803,58,1712915085407
1202,1.001953125,2.453125,-0.349609375,0.7512386422733803,67,1712915085407
1202,0.931640625,2.529296875,-0.287109375,0.7512386422733803,37,1712915085407
1202,1.251953125,1.52734375,1.80078125,-0.876445082652277,14,1712915085407
1202,1.18359375,2.017578125,-0.36328125,-0.37561932113669017,21,1712915085407
1202,1.126953125,2.083984375,-0.412109375,-0.37561932113669017,18,1712915085407
1202,1.1640625,2.015625,0.05078125,-0.25041288075779344,47,1712915085407
1202,1.2578125,2.00390625,-0.06640625,-0.25041288075779344,79,1712915085407
1202,1.27734375,2.033203125,-0.138671875,-0.25041288075779344,51,1712915085407
1202,1.1640625,2.181640625,-0.20703125,-0.25041288075779344,38,1712915085407
1202,1.259765625,2.16796875,-0.2421875,-0.25041288075779344,27,1712915085407
1202,1.1640625,1.98828125,0.333984375,-0.12520644037889672,51,1712915085407
1202,1.2578125,1.98828125,0.25390625,-0.12520644037889672,82,1712915085407
1202,1.353515625,1.982421875,0.1640625,-0.12520644037889672,38,1712915085407
1202,1.14453125,2.150390625,-0.1875,-0.12520644037889672,58,1712915085407
1202,1.1640625,2.189453125,-0.09765625,-0.12520644037889672,90,1712915085407
1202,1.181640625,2.224609375,-0.07421875,-0.12520644037889672,63,1712915085407
1202,-0.0859375,1.837890625,2.04296875,0.6260322018944836,12,1712915085407
1202,0.25,2.54296875,-0.78515625,-0.876445082652277,13,1712915085407
1203,1.14453125,1.982421875,0.078125,0.0,12,1712915085506
1203,1.091796875,2.05078125,0.150390625,0.0,34,1712915085506
1203,1.03515625,2.126953125,0.091796875,0.0,57,1712915085506
1203,1.052734375,2.158203125,0.1484375,0.0,51,1712915085506
1203,1.068359375,2.115234375,0.595703125,0.0,18,1712915085506
1203,1.0078125,1.96484375,-1.1328125,0.0,13,1712915085506
1203,0.9453125,2.09765625,-1.02734375,0.0,26,1712915085506
1203,0.958984375,2.126953125,-1.046875,0.0,25,1712915085506
1203,0.892578125,2.28515625,-0.849609375,0.0,17,1712915085506
1203,1.01953125,2.091796875,-0.09765625,0.12520644037889672,39,1712915085506
1203,1.109375,2.08984375,-0.087890625,0.12520644037889672,63,1712915085506
1203,1.052734375,2.162109375,0.064453125,0.12520644037889672,53,1712915085506
1203,1.068359375,2.1640625,0.380859375,0.12520644037889672,20,1712915085506
1203,0.9765625,2.181640625,0.267578125,0.25041288075779344,15,1712915085506
1203,1.01953125,1.841796875,-0.99609375,0.37561932113669017,21,1712915085506
1203,1.03515625,1.98828125,-0.759765625,0.37561932113669017,21,1712915085506
1203,1.01953125,2.078125,-0.255859375,-0.25041288075779344,23,1712915085506
1203,1.03515625,2.111328125,-0.275390625,-0.25041288075779344,49,1712915085506
1203,1.126953125,2.115234375,-0.208984375,-0.25041288075779344,48,1712915085506
1203,1.220703125,2.05859375,0.48828125,-0.25041288075779344,16,1712915085506
1203,1.0078125,1.7265625,-1.470703125,-0.25041288075779344,19,1712915085506
1203,1.0234375,1.845703125,-1.376953125,-0.25041288075779344,31,1712915085506
1203,0.958984375,1.9296875,-1.376953125,-0.25041288075779344,26,1712915085506
1203,1.01953125,2.087890625,-0.16015625,-0.12520644037889672,50,1712915085506
1203,1.03515625,2.125,-0.111328125,-0.12520644037889672,117,1712915085506
1203,1.052734375,2.162109375,-0.060546875,-0.12520644037889672,117,1712915085506
1203,1.068359375,2.16015625,0.40625,-0.12520644037889672,41,1712915085506
1203,1.0078125,1.98828125,-1.091796875,-0.12520644037889672,29,1712915085506
1203,1.0234375,1.984375,-1.166015625,-0.12520644037889672,52,1712915085506
1203,0.958984375,2.005859375,-1.265625,-0.12520644037889672,40,1712915085506
1203,0.892578125,2.140625,-1.16796875,-0.12520644037889672,19,1712915085506
1203,0.078125,2.34765625,0.80078125,0.0,7,1712915085506
1203,0.078125,2.39453125,0.6484375,-0.25041288075779344,11,1712915085506
1203,0.0,2.37109375,0.732421875,-0.12520644037889672,15,1712915085506
1203,2.271484375,0.0,1.32421875,-0.12520644037889672,11,1712915085506
1204,1.001953125,2.03125,-0.34765625,0.0,12,1712915085607
1204,1.091796875,2.044921875,-0.22265625,0.0,47,1712915085607
1204,0.9609375,2.16015625,-0.087890625,0.0,81,1712915085607
1204,0.9765625,2.193359375,0.1328125,0.0,79,1712915085607
1204,0.9921875,2.1953125,0.400390625,0.0,61,1712915085607
1204,1.0078125,2.189453125,0.58984375,0.0,37,1712915085607
1204,1.1640625,2.015625,0.056640625,0.12520644037889672,49,1712915085607
1204,1.18359375,2.048828125,0.015625,0.12520644037889672,63,1712915085607
1204,1.203125,2.08203125,-0.01953125,0.12520644037889672,42,1712915085607
1204,1.068359375,2.193359375,0.123046875,0.12520644037889672,19,1712915085607
1204,1.1640625,2.013671875,0.115234375,0.25041288075779344,19,1712915085607
1204,1.109375,2.080078125,0.2109375,0.25041288075779344,24,1712915085607
1204,0.826171875,2.2578125,0.046875,-0.37561932113669017,20,1712915085607
1204,0.9453125,2.2578125,-0.599609375,-0.37561932113669017,27,1712915085607
1204,0.87890625,2.37109375,-0.38671875,-0.37561932113669017,32,1712915085607
1204,0.873046875,2.119140625,-0.408203125,-0.25041288075779344,28,1712915085607
1204,0.88671875,2.1875,-0.169921875,-0.25041288075779344,66,1712915085607
1204,0.90234375,2.23046875,0.01171875,-0.25041288075779344,63,1712915085607
1204,1.14453125,2.15625,-0.099609375,-0.25041288075779344,47,1712915085607
1204,1.0078125,2.263671875,0.12890625,-0.25041288075779344,47,1712915085607
1204,0.9453125,2.29296875,-0.4453125,-0.25041288075779344,66,1712915085607
1204,0.958984375,2.34765625,-0.328125,-0.25041288075779344,75,1712915085607
1204,0.892578125,2.4296875,-0.1953125,-0.25041288075779344,47,1712915085607
1204,0.9453125,2.083984375,-0.4296875,-0.12520644037889672,46,1712915085607
1204,0.9609375,2.154296875,-0.181640625,-0.12520644037889672,107,1712915085607
1204,0.9765625,2.1953125,0.091796875,-0.12520644037889672,124,1712915085607
1204,1.068359375,2.189453125,0.1796875,-0.12520644037889672,113,1712915085607
1204,1.0078125,2.236328125,0.369140625,-0.12520644037889672,82,1712915085607
1204,0.9453125,2.28515625,0.48046875,-0.12520644037889672,55,1712915085607
1204,0.958984375,2.359375,-0.240234375,-0.12520644037889672,60,1712915085607
1205,1.001953125,2.056640625,0.107421875,0.0,15,1712915085707
1205,1.01953125,2.09375,0.064453125,0.0,57,1712915085707
1205,0.9609375,2.162109375,0.017578125,0.0,85,1712915085707
1205,1.052734375,2.162109375,-0.041015625,0.0,60,1712915085707
1205,0.9921875,2.197265625,-0.3984375,0.0,23,1712915085707
1205,1.18359375,2.04296875,-0.177734375,0.12520644037889672,32,1712915085707
1205,1.203125,2.080078125,-0.123046875,0.12520644037889672,32,1712915085707
1205,0.91796875,2.333984375,-0.919921875,-0.7512386422733803,20,1712915085707
1205,0.90625,2.375,-0.693359375,-0.6260322018944836,67,1712915085707
1205,0.91796875,2.4140625,-0.685546875,-0.6260322018944836,89,1712915085707
1205,0.931640625,2.44921875,-0.693359375,-0.6260322018944836,55,1712915085707
1205,0.822265625,2.44140625,-0.55078125,-0.5008257615155869,75,1712915085707
1205,0.91796875,2.453125,-0.533203125,-0.5008257615155869,108,1712915085707
1205,0.931640625,2.490234375,-0.529296875,-0.5008257615155869,70,1712915085707
1205,0.9453125,2.51171875,-0.595703125,-0.5008257615155869,20,1712915085707
1205,1.001953125,1.96484375,-0.619140625,-0.37561932113669017,39,1712915085707
1205,0.9453125,2.087890625,-0.40625,-0.37561932113669017,110,1712915085707
1205,0.9609375,2.13671875,-0.33984375,-0.37561932113669017,156,1712915085707
1205,0.9765625,2.16796875,-0.353515625,-0.37561932113669017,108,1712915085707
1205,0.9921875,2.1796875,-0.48046875,-0.37561932113669017,23,1712915085707
1205,0.71875,2.3359375,0.751953125,-0.37561932113669017,32,1712915085707
1205,0.8359375,2.513671875,-0.3515625,-0.37561932113669017,36,1712915085707
1205,0.9296875,2.072265625,-0.294921875,-0.25041288075779344,80,1712915085707
1205,0.9453125,2.1171875,-0.208984375,-0.25041288075779344,258,1712915085707
1205,0.9609375,2.15625,-0.173828125,-0.25041288075779344,373,1712915085707
1205,0.9765625,2.189453125,-0.181640625,-0.25041288075779344,262,1712915085707
1205,0.9921875,2.21484375,-0.28515625,-0.25041288075779344,73,1712915085707
1205,0.9296875,2.091796875,-0.060546875,-0.12520644037889672,56,1712915085707
1205,0.9453125,2.126953125,-0.056640625,-0.12520644037889672,199,1712915085707
1205,1.03515625,2.126953125,-0.052734375,-0.12520644037889672,288,1712915085707
1205,0.9765625,2.197265625,-0.052734375,-0.12520644037889672,201,1712915085707
1205,1.068359375,2.17578125,-0.302734375,-0.12520644037889672,61,1712915085707
1205,-2.443359375,0.0,1.98828125,0.0,16,1712915085707
1205,-0.0859375,1.73046875,2.1328125,-0.5008257615155869,11,1712915085707
1205,0.076171875,2.16796875,1.125,-0.37561932113669017,12,1712915085707
1205,0.15234375,1.630859375,1.8125,-0.25041288075779344,39,1712915085707
1205,2.3671875,0.0,2.12890625,-0.12520644037889672,36,1712915085707
1206,0.9140625,2.05859375,-0.013671875,0.0,13,1712915085807
1206,1.001953125,2.05859375,0.080078125,0.0,82,1712915085807
1206,1.01953125,2.09375,0.0546875,0.0,197,1712915085807
1206,1.03515625,2.12890625,0.02734375,0.0,226,1712915085807
1206,1.126953125,2.125,-0.013671875,0.0,121,1712915085807
1206,1.068359375,2.197265625,-0.00390625,0.0,29,1712915085807
1206,1.0859375,2.2265625,-0.1328125,0.0,24,1712915085807
1206,0.3203125,1.728515625,1.857421875,0.876445082652277,20,1712915085807
1206,0.486328125,1.77734375,1.828125,0.876445082652277,41,1712915085807
1206,0.412109375,1.8671875,1.810546875,0.876445082652277,42,1712915085807
1206,0.41796875,1.990234375,1.732421875,0.876445082652277,22,1712915085807
1206,0.73046875,2.376953125,-0.748046875,-1.0016515230311738,37,1712915085807
1206,0.740234375,2.39453125,-0.806640625,-1.0016515230311738,40,1712915085807
1206,0.66796875,2.4375,-0.869140625,-1.0016515230311738,22,1712915085807
1206,0.798828125,2.296875,-0.791015625,-0.876445082652277,48,1712915085807
1206,0.73046875,2.3671875,-0.779296875,-0.876445082652277,79,1712915085807
1206,0.822265625,2.375,-0.78515625,-0.876445082652277,67,1712915085807
1206,0.8359375,2.408203125,-0.80078125,-0.876445082652277,27,1712915085807
1206,0.798828125,2.3515625,-0.609375,-0.7512386422733803,51,1712915085807
1206,0.73046875,2.4140625,-0.61328125,-0.7512386422733803,87,1712915085807
1206,0.822265625,2.42578125,-0.61328125,-0.7512386422733803,72,1712915085807
1206,0.751953125,2.48046875,-0.650390625,-0.7512386422733803,26,1712915085807
1206,0.892578125,2.345703125,-0.662109375,-0.6260322018944836,41,1712915085807
1206,0.822265625,2.423828125,-0.619140625,-0.6260322018944836,37,1712915085807
1206,0.986328125,1.607421875,-1.232421875,-0.5008257615155869,27,1712915085807
1206,1.001953125,1.630859375,-1.259765625,-0.5008257615155869,24,1712915085807
1206,0.88671875,2.044921875,-0.794921875,-0.5008257615155869,16,1712915085807
1206,0.853515625,2.310546875,-0.3046875,-0.5008257615155869,43,1712915085807
1206,0.865234375,2.345703125,-0.310546875,-0.5008257615155869,29,1712915085807
1206,0.859375,2.1171875,-0.158203125,-0.37561932113669017,69,1712915085807
1206,0.873046875,2.1484375,-0.21875,-0.37561932113669017,158,1712915085807
1206,0.88671875,2.18359375,-0.208984375,-0.37561932113669017,149,1712915085807
1206,0.9765625,2.1484375,-0.462890625,-0.37561932113669017,63,1712915085807
1206,1.068359375,1.94140625,-1.02734375,-0.37561932113669017,46,1712915085807
1206,0.853515625,2.302734375,0.353515625,-0.37561932113669017,40,1712915085807
1206,0.84375,2.087890625,-0.0625,-0.25041288075779344,35,1712915085807
1206,0.9296875,2.091796875,-0.0703125,-0.25041288075779344,187,1712915085807
1206,0.9453125,2.126953125,-0.072265625,-0.25041288075779344,379,1712915085807
1206,0.9609375,2.16015625,-0.1015625,-0.25041288075779344,369,1712915085807
1206,0.9765625,2.18359375,-0.25390625,-0.25041288075779344,186,1712915085807
1206,1.068359375,2.0078125,-0.890625,-0.25041288075779344,62,1712915085807
1206,0.853515625,0.384765625,-2.298828125,-0.25041288075779344,32,1712915085807
1206,0.9140625,2.05859375,-0.0078125,-0.12520644037889672,34,1712915085807
1206,1.001953125,2.060546875,-0.021484375,-0.12520644037889672,182,1712915085807
1206,1.01953125,2.09375,-0.048828125,-0.12520644037889672,419,1712915085807
1206,1.03515625,2.126953125,-0.08984375,-0.12520644037889672,472,1712915085807
1206,1.126953125,2.1171875,-0.169921875,-0.12520644037889672,258,1712915085807
1206,1.068359375,2.173828125,-0.314453125,-0.12520644037889672,51,1712915085807
1206,1.240234375,2.1484375,-0.00390625,-0.12520644037889672,22,1712915085807
1206,0.15234375,0.013671875,2.4375,0.0,16,1712915085807
1206,0.228515625,0.587890625,2.359375,-0.12520644037889672,28,1712915085807
1206,0.388671875,0.48828125,2.40234375,-0.12520644037889672,15,1712915085807
1207,1.01953125,2.056640625,0.396484375,0.0,15,1712915085907
1207,0.9609375,2.162109375,0.01953125,0.0,40,1712915085907
1207,1.052734375,2.162109375,-0.064453125,0.0,52,1712915085907
1207,0.9921875,2.232421875,-0.03515625,0.0,35,1712915085907
1207,0.9765625,2.197265625,0.009765625,0.12520644037889672,17,1712915085907
1207,0.9921875,2.23046875,-0.09765625,0.12520644037889672,16,1712915085907
1207,0.708984375,2.28515625,-0.7890625,-1.0016515230311738,31,1712915085907
1207,0.71875,2.322265625,-0.79296875,-1.0016515230311738,31,1712915085907
1207,0.697265625,2.294921875,-0.6328125,-0.876445082652277,41,1712915085907
1207,0.708984375,2.3359375,-0.626953125,-0.876445082652277,81,1712915085907
1207,0.638671875,2.3984375,-0.6171875,-0.876445082652277,78,1712915085907
1207,0.6484375,2.421875,-0.671875,-0.876445082652277,38,1712915085907
1207,0.697265625,2.32421875,-0.513671875,-0.7512386422733803,36,1712915085907
1207,0.708984375,2.365234375,-0.501953125,-0.7512386422733803,62,1712915085907
1207,0.71875,2.39453125,-0.541015625,-0.7512386422733803,53,1712915085907
1207,0.6484375,2.423828125,-0.6640625,-0.7512386422733803,24,1712915085907
1207,0.763671875,2.234375,-0.626953125,-0.6260322018944836,25,1712915085907
1207,0.775390625,2.294921875,-0.54296875,-0.6260322018944836,37,1712915085907
1207,0.708984375,2.34765625,-0.576171875,-0.6260322018944836,44,1712915085907
1207,0.71875,2.3828125,-0.58984375,-0.6260322018944836,45,1712915085907
1207,0.810546875,2.396484375,-0.583984375,-0.6260322018944836,31,1712915085907
1207,0.7734375,2.111328125,-0.125,-0.5008257615155869,50,1712915085907
1207,0.787109375,2.1484375,-0.10546875,-0.5008257615155869,110,1712915085907
1207,0.80078125,2.181640625,-0.13671875,-0.5008257615155869,119,1712915085907
1207,0.814453125,2.1953125,-0.34765625,-0.5008257615155869,73,1712915085907
1207,0.826171875,2.12109375,-0.775390625,-0.5008257615155869,54,1712915085907
1207,0.83984375,2.20703125,-0.62890625,-0.5008257615155869,62,1712915085907
1207,0.775390625,2.31640625,-0.439453125,-0.5008257615155869,45,1712915085907
1207,0.630859375,2.42578125,-0.26171875,-0.5008257615155869,28,1712915085907
1207,0.638671875,2.439453125,-0.431640625,-0.5008257615155869,24,1712915085907
1207,0.830078125,2.03125,-0.291015625,-0.37561932113669017,22,1712915085907
1207,0.84375,2.080078125,-0.19140625,-0.37561932113669017,116,1712915085907
1207,0.787109375,2.146484375,-0.12890625,-0.37561932113669017,234,1712915085907
1207,0.80078125,2.18359375,-0.126953125,-0.37561932113669017,237,1712915085907
1207,0.88671875,2.193359375,-0.05078125,-0.37561932113669017,114,1712915085907
1207,0.6015625,2.029296875,-1.142578125,-0.37561932113669017,39,1712915085907
1207,0.763671875,2.2109375,-0.705078125,-0.37561932113669017,82,1712915085907
1207,0.775390625,2.263671875,-0.658203125,-0.37561932113669017,54,1712915085907
1207,0.900390625,1.94140625,-0.5703125,-0.25041288075779344,30,1712915085907
1207,0.84375,2.0703125,-0.265625,-0.25041288075779344,120,1712915085907
1207,0.859375,2.115234375,-0.181640625,-0.25041288075779344,215,1712915085907
1207,0.9453125,2.123046875,-0.15625,-0.25041288075779344,238,1712915085907
1207,0.9609375,2.162109375,0.0,-0.25041288075779344,198,1712915085907
1207,1.126953125,2.107421875,0.263671875,-0.25041288075779344,90,1712915085907
1207,0.611328125,2.07421875,-1.13671875,-0.25041288075779344,43,1712915085907
1207,0.697265625,2.201171875,-0.908203125,-0.25041288075779344,42,1712915085907
1207,0.96875,1.84375,-0.751953125,-0.12520644037889672,20,1712915085907
1207,0.84375,2.046875,-0.408203125,-0.12520644037889672,52,1712915085907
1207,0.9296875,2.091796875,-0.087890625,-0.12520644037889672,80,1712915085907
1207,0.9453125,2.125,0.103515625,-0.12520644037889672,116,1712915085907
1207,0.9609375,2.162109375,-0.001953125,-0.12520644037889672,147,1712915085907
1207,1.052734375,2.162109375,-0.05078125,-0.12520644037889672,113,1712915085907
1207,1.068359375,2.197265625,0.029296875,-0.12520644037889672,46,1712915085907
1207,-0.1484375,1.224609375,2.01953125,-0.37561932113669017,68,1712915085907
1207,-0.224609375,1.966796875,1.365234375,-0.37561932113669017,32,1712915085907
1207,-0.30078125,1.53125,1.830078125,-0.25041288075779344,51,1712915085907
1207,-0.228515625,1.892578125,1.52734375,-0.25041288075779344,26,1712915085907
1208,0.9140625,2.05078125,-0.17578125,0.0,30,1712915086008
1208,0.9296875,2.09375,0.0078125,0.0,86,1712915086008
1208,0.9453125,2.126953125,0.0703125,0.0,113,1712915086008
1208,0.88671875,2.19140625,0.12109375,0.0,76,1712915086008
1208,0.90234375,2.228515625,-0.0390625,0.0,39,1712915086008
1208,0.916015625,2.25390625,-0.22265625,0.0,26,1712915086008
1208,1.0078125,2.1875,-0.59375,0.0,18,1712915086008
1208,0.859375,2.115234375,-0.193359375,0.12520644037889672,16,1712915086008
1208,0.873046875,2.158203125,0.029296875,0.12520644037889672,17,1712915086008
1208,0.986328125,1.578125,-1.26953125,0.37561932113669017,24,1712915086008
1208,1.001953125,1.708984375,-1.1484375,0.37561932113669017,26,1712915086008
1208,0.6015625,2.15234375,-0.890625,-0.876445082652277,18,1712915086008
1208,0.53515625,2.248046875,-0.79296875,-0.876445082652277,39,1712915086008
1208,0.62109375,2.27734375,-0.763671875,-0.876445082652277,42,1712915086008
1208,0.55078125,2.33984375,-0.75390625,-0.876445082652277,21,1712915086008
1208,0.6015625,2.251953125,-0.58984375,-0.7512386422733803,33,1712915086008
1208,0.611328125,2.29296875,-0.580078125,-0.7512386422733803,69,1712915086008
1208,0.54296875,2.34765625,-0.595703125,-0.7512386422733803,70,1712915086008
1208,0.55078125,2.37109375,-0.650390625,-0.7512386422733803,34,1712915086008
1208,0.6015625,2.275390625,-0.49609375,-0.6260322018944836,59,1712915086008
1208,0.611328125,2.291015625,-0.591796875,-0.6260322018944836,115,1712915086008
1208,0.54296875,2.31640625,-0.703125,-0.6260322018944836,118,1712915086008
1208,0.55078125,2.3203125,-0.8125,-0.6260322018944836,63,1712915086008
1208,0.69140625,2.09765625,-0.158203125,-0.5008257615155869,38,1712915086008
1208,0.7734375,2.109375,-0.146484375,-0.5008257615155869,91,1712915086008
1208,0.64453125,2.197265625,-0.0703125,-0.5008257615155869,86,1712915086008
1208,0.4375,2.279296875,0.1875,-0.5008257615155869,26,1712915086008
1208,0.814453125,2.056640625,-0.84375,-0.5008257615155869,66,1712915086008
1208,0.67578125,2.23828125,-0.56640625,-0.5008257615155869,113,1712915086008
1208,0.611328125,2.30859375,-0.517578125,-0.5008257615155869,157,1712915086008
1208,0.54296875,2.35546875,-0.5625,-0.5008257615155869,153,1712915086008
1208,0.55078125,2.390625,-0.576171875,-0.5008257615155869,81,1712915086008
1208,0.48046875,2.443359375,-0.58203125,-0.5008257615155869,15,1712915086008
1208,0.69140625,2.1015625,0.1015625,-0.37561932113669017,103,1712915086008
1208,0.703125,2.134765625,0.130859375,-0.37561932113669017,224,1712915086008
1208,0.71484375,2.162109375,0.236328125,-0.37561932113669017,204,1712915086008
1208,0.4375,2.15625,0.76171875,-0.37561932113669017,48,1712915086008
1208,0.88671875,2.0234375,-0.849609375,-0.37561932113669017,140,1712915086008
1208,0.751953125,2.173828125,-0.703125,-0.37561932113669017,150,1712915086008
1208,0.6875,2.255859375,-0.642578125,-0.37561932113669017,120,1712915086008
1208,0.62109375,2.349609375,-0.501953125,-0.37561932113669017,87,1712915086008
1208,0.55078125,2.43359375,-0.34765625,-0.37561932113669017,40,1712915086008
1208,0.76171875,2.0546875,0.314453125,-0.25041288075779344,94,1712915086008
1208,0.703125,2.1015625,0.40625,-0.25041288075779344,191,1712915086008
1208,0.787109375,2.09765625,0.47265625,-0.25041288075779344,172,1712915086008
1208,1.01953125,2.083984375,-0.2109375,-0.25041288075779344,95,1712915086008
1208,0.88671875,2.125,-0.546875,-0.25041288075779344,144,1712915086008
1208,0.826171875,2.1171875,-0.7890625,-0.25041288075779344,131,1712915086008
1208,0.763671875,2.09375,-1.001953125,-0.25041288075779344,92,1712915086008
1208,0.697265625,2.212890625,-0.880859375,-0.25041288075779344,54,1712915086008
1208,0.69140625,2.02734375,0.5625,-0.12520644037889672,27,1712915086008
1208,0.7734375,2.0703125,0.4296875,-0.12520644037889672,68,1712915086008
1208,0.9296875,2.087890625,0.14453125,-0.12520644037889672,144,1712915086008
1208,1.01953125,2.09375,0.00390625,-0.12520644037889672,191,1712915086008
1208,0.9609375,2.16015625,-0.09375,-0.12520644037889672,151,1712915086008
1208,0.90234375,2.197265625,-0.37890625,-0.12520644037889672,92,1712915086008
1208,0.83984375,2.21875,-0.587890625,-0.12520644037889672,64,1712915086008
1208,0.775390625,2.29296875,-0.548828125,-0.12520644037889672,37,1712915086008
1208,1.1640625,0.251953125,2.0,-0.5008257615155869,15,1712915086008
1208,-1.837890625,1.658203125,-0.640625,-0.5008257615155869,14,1712915086008
1208,1.1640625,0.982421875,-1.76171875,-0.37561932113669017,36,1712915086008
1208,-0.314453125,1.4765625,2.015625,-0.37561932113669017,23,1712915086008
1208,-1.62890625,1.642578125,-0.8984375,-0.25041288075779344,28,1712915086008
1209,0.6796875,2.0625,0.146484375,0.0,15,1712915086108
1209,0.69140625,2.08984375,0.244140625,0.0,43,1712915086108
1209,0.703125,2.125,0.25,0.0,55,1712915086108
1209,0.787109375,2.150390625,0.04296875,0.0,44,1712915086108
1209,0.9453125,2.115234375,-0.240234375,0.0,46,1712915086108
1209,1.03515625,2.1015625,-0.33203125,0.0,39,1712915086108
1209,1.052734375,2.134765625,-0.345703125,0.0,28,1712915086108
1209,0.9921875,2.203125,-0.357421875,0.0,26,1712915086108
1209,0.9296875,2.275390625,-0.33984375,0.0,17,1712915086108
1209,0.6328125,2.13671875,0.328125,0.12520644037889672,22,1712915086108
1209,1.001953125,1.94921875,-0.666015625,0.12520644037889672,26,1712915086108
1209,1.091796875,1.802734375,-0.990234375,0.12520644037889672,31,1712915086108
1209,1.109375,1.73046875,-1.173828125,0.12520644037889672,20,1712915086108
1209,1.001953125,1.822265625,-0.9609375,0.25041288075779344,33,1712915086108
1209,1.01953125,1.8671875,-0.947265625,0.25041288075779344,39,1712915086108
1209,0.9609375,1.98828125,-0.849609375,0.25041288075779344,26,1712915086108
1209,1.01953125,1.8984375,-0.884765625,0.37561932113669017,28,1712915086108
1209,0.443359375,2.232421875,-0.650390625,-0.876445082652277,23,1712915086108
1209,0.375,2.30859375,-0.55859375,-0.876445082652277,20,1712915086108
1209,0.509765625,2.2109375,-0.521484375,-0.7512386422733803,60,1712915086108
1209,0.517578125,2.255859375,-0.498046875,-0.7512386422733803,105,1712915086108
1209,0.451171875,2.310546875,-0.4921875,-0.7512386422733803,87,1712915086108
1209,0.458984375,2.353515625,-0.47265625,-0.7512386422733803,35,1712915086108
1209,0.64453125,2.037109375,-0.82421875,-0.6260322018944836,37,1712915086108
1209,0.58203125,2.19921875,-0.494140625,-0.6260322018944836,136,1712915086108
1209,0.591796875,2.255859375,-0.404296875,-0.6260322018944836,239,1712915086108
1209,0.525390625,2.318359375,-0.359375,-0.6260322018944836,209,1712915086108
1209,0.53515625,2.365234375,-0.29296875,-0.6260322018944836,84,1712915086108
1209,0.388671875,2.443359375,-0.203125,-0.6260322018944836,14,1712915086108
1209,0.47265625,2.392578125,-0.63671875,-0.6260322018944836,16,1712915086108
1209,0.76171875,2.056640625,-0.310546875,-0.5008257615155869,49,1712915086108
1209,0.7734375,2.072265625,-0.423828125,-0.5008257615155869,75,1712915086108
1209,0.787109375,1.8125,-1.158203125,-0.5008257615155869,68,1712915086108
1209,0.58203125,2.1875,-0.544921875,-0.5008257615155869,140,1712915086108
1209,0.517578125,2.279296875,-0.375,-0.5008257615155869,263,1712915086108
1209,0.525390625,2.326171875,-0.31640625,-0.5008257615155869,237,1712915086108
1209,0.458984375,2.390625,-0.212890625,-0.5008257615155869,94,1712915086108
1209,0.388671875,2.451171875,-0.056640625,-0.5008257615155869,18,1712915086108
1209,0.55078125,2.41015625,-0.48828125,-0.5008257615155869,24,1712915086108
1209,0.6796875,2.060546875,-0.171875,-0.37561932113669017,81,1712915086108
1209,0.69140625,2.09375,-0.19921875,-0.37561932113669017,228,1712915086108
1209,0.7734375,2.099609375,-0.25,-0.37561932113669017,301,1712915086108
1209,0.787109375,2.123046875,-0.34375,-0.37561932113669017,215,1712915086108
1209,0.80078125,1.8046875,-1.236328125,-0.37561932113669017,80,1712915086108
1209,0.517578125,2.224609375,-0.619140625,-0.37561932113669017,83,1712915086108
1209,0.6015625,2.255859375,-0.578125,-0.37561932113669017,104,1712915086108
1209,0.611328125,2.255859375,-0.708984375,-0.37561932113669017,57,1712915086108
1209,0.6796875,2.06640625,-0.068359375,-0.25041288075779344,99,1712915086108
1209,0.69140625,2.1015625,-0.09765625,-0.25041288075779344,271,1712915086108
1209,0.703125,2.13671875,-0.123046875,-0.25041288075779344,356,1712915086108
1209,0.71484375,2.166015625,-0.2109375,-0.25041288075779344,237,1712915086108
1209,0.654296875,2.142578125,-0.63671875,-0.25041288075779344,90,1712915086108
1209,0.666015625,1.4921875,-1.712890625,-0.25041288075779344,35,1712915086108
1209,0.826171875,2.0234375,-1.00390625,-0.25041288075779344,42,1712915086108
1209,0.83984375,2.171875,-0.736328125,-0.25041288075779344,45,1712915086108
1209,0.9296875,2.22265625,-0.59375,-0.25041288075779344,31,1712915086108
1209,0.611328125,2.083984375,0.125,-0.12520644037889672,33,1712915086108
1209,0.69140625,2.1015625,0.05859375,-0.12520644037889672,85,1712915086108
1209,0.703125,2.138671875,-0.037109375,-0.12520644037889672,100,1712915086108
1209,0.64453125,2.17578125,-0.3125,-0.12520644037889672,61,1712915086108
1209,1.01953125,2.09375,0.01953125,-0.12520644037889672,52,1712915086108
1209,1.03515625,2.119140625,-0.203125,-0.12520644037889672,58,1712915086108
1209,1.052734375,2.103515625,-0.50390625,-0.12520644037889672,54,1712915086108
1209,0.9921875,2.166015625,-0.54296875,-0.12520644037889672,46,1712915086108
1210,0.544921875,2.0703125,0.38671875,0.0,21,1712915086208
1210,0.623046875,2.07421875,0.462890625,0.0,39,1712915086208
1210,0.703125,2.095703125,0.4296875,0.0,47,1712915086208
1210,0.859375,2.123046875,0.041015625,0.0,73,1712915086208
1210,0.873046875,2.158203125,-0.08203125,0.0,78,1712915086208
1210,0.814453125,2.21484375,-0.17578125,0.0,49,1712915086208
1210,0.90234375,2.1875,-0.431640625,0.0,20,1712915086208
1210,0.357421875,2.224609375,0.412109375,0.12520644037889672,12,1712915086208
1210,0.873046875,2.111328125,-0.447265625,0.12520644037889672,22,1712915086208
1210,0.88671875,2.15234375,-0.4296875,0.12520644037889672,28,1712915086208
1210,0.9765625,2.162109375,-0.392578125,0.12520644037889672,18,1712915086208
1210,3.072265625,0.0,2.98828125,0.12520644037889672,19,1712915086208
1210,3.107421875,0.0,3.0859375,0.12520644037889672,30,1712915086208
1210,3.140625,0.0,3.2109375,0.12520644037889672,29,1712915086208
1210,0.072265625,1.625,1.61328125,0.876445082652277,38,1712915086208
1210,0.0,1.625,1.66796875,0.876445082652277,33,1712915086208
1210,0.3515625,2.158203125,-0.537109375,-1.0016515230311738,70,1712915086208
1210,0.357421875,2.208984375,-0.48828125,-1.0016515230311738,129,1712915086208
1210,0.36328125,2.251953125,-0.470703125,-1.0016515230311738,113,1712915086208
1210,0.294921875,2.30859375,-0.435546875,-1.0016515230311738,46,1712915086208
1210,0.3515625,2.1953125,-0.365234375,-0.876445082652277,54,1712915086208
1210,0.287109375,2.25,-0.322265625,-0.876445082652277,97,1712915086208
1210,0.291015625,2.291015625,-0.29296875,-0.876445082652277,84,1712915086208
1210,0.22265625,2.333984375,-0.3203125,-0.876445082652277,34,1712915086208
1210,0.421875,2.19921875,-0.234375,-0.7512386422733803,21,1712915086208
1210,0.4296875,2.23828125,-0.234375,-0.7512386422733803,48,1712915086208
1210,0.509765625,2.255859375,-0.265625,-0.7512386422733803,51,1712915086208
1210,0.443359375,2.302734375,-0.3203125,-0.7512386422733803,29,1712915086208
1210,0.4921875,2.1875,-0.220703125,-0.6260322018944836,30,1712915086208
1210,0.501953125,2.22265625,-0.240234375,-0.6260322018944836,82,1712915086208
1210,0.4375,2.279296875,-0.1953125,-0.6260322018944836,100,1712915086208
1210,0.517578125,2.296875,-0.24609375,-0.6260322018944836,63,1712915086208
1210,0.451171875,2.341796875,-0.3125,-0.6260322018944836,23,1712915086208
1210,0.69140625,1.984375,-0.697265625,-0.5008257615155869,49,1712915086208
1210,0.703125,2.09375,-0.443359375,-0.5008257615155869,88,1712915086208
1210,0.501953125,2.234375,-0.048828125,-0.5008257615155869,176,1712915086208
1210,0.4375,2.287109375,0.0,-0.5008257615155869,210,1712915086208
1210,0.443359375,2.32421875,-0.04296875,-0.5008257615155869,128,1712915086208
1210,0.451171875,2.349609375,-0.25,-0.5008257615155869,54,1712915086208
1210,0.458984375,2.3515625,-0.4765625,-0.5008257615155869,31,1712915086208
1210,0.6015625,2.046875,0.150390625,-0.37561932113669017,30,1712915086208
1210,0.611328125,2.0625,0.326171875,-0.37561932113669017,81,1712915086208
1210,0.623046875,1.927734375,-0.892578125,-0.37561932113669017,124,1712915086208
1210,0.703125,2.07421875,-0.521484375,-0.37561932113669017,202,1712915086208
1210,0.71484375,2.158203125,-0.275390625,-0.37561932113669017,266,1712915086208
1210,0.58203125,2.25390625,-0.021484375,-0.37561932113669017,221,1712915086208
1210,0.517578125,2.306640625,0.111328125,-0.37561932113669017,112,1712915086208
1210,0.451171875,2.3515625,-0.224609375,-0.37561932113669017,53,1712915086208
1210,0.66796875,2.01953125,0.212890625,-0.25041288075779344,43,1712915086208
1210,0.611328125,2.056640625,0.361328125,-0.25041288075779344,115,1712915086208
1210,0.552734375,2.021484375,0.712890625,-0.25041288075779344,123,1712915086208
1210,0.703125,2.08984375,-0.4609375,-0.25041288075779344,170,1712915086208
1210,0.787109375,2.146484375,-0.15234375,-0.25041288075779344,272,1712915086208
1210,0.728515625,2.212890625,-0.017578125,-0.25041288075779344,192,1712915086208
1210,0.814453125,2.22265625,-0.001953125,-0.25041288075779344,63,1712915086208
1210,0.611328125,2.052734375,0.38671875,-0.12520644037889672,42,1712915086208
1210,0.484375,1.94140625,0.947265625,-0.12520644037889672,32,1712915086208
1210,0.84375,2.0859375,-0.072265625,-0.12520644037889672,98,1712915086208
1210,0.859375,2.123046875,0.013671875,-0.12520644037889672,188,1712915086208
1210,0.873046875,2.158203125,0.015625,-0.12520644037889672,152,1712915086208
1210,0.88671875,2.193359375,-0.015625,-0.12520644037889672,69,1712915086208
1210,1.14453125,1.5,-1.298828125,0.12520644037889672,7,1712915086208
1210,-0.27734375,0.849609375,-2.025390625,-0.12520644037889672,20,1712915086208
1211,-0.056640625,1.79296875,-0.0234375,0.0,10,1712915086309
1211,0.544921875,2.041015625,0.51953125,0.0,55,1712915086309
1211,0.623046875,2.109375,0.25390625,0.0,61,1712915086309
1211,0.5625,2.177734375,0.103515625,0.0,57,1712915086309
1211,0.71484375,2.169921875,-0.16796875,0.0,56,1712915086309
1211,0.873046875,2.0859375,-0.5546875,0.0,58,1712915086309
1211,1.03515625,1.92578125,-0.90625,0.0,36,1712915086309
1211,0.67578125,2.306640625,-0.09765625,0.0,21,1712915086309
1211,0.869140625,2.7265625,-1.169921875,0.0,18,1712915086309
1211,-0.21875,2.10546875,0.970703125,0.25041288075779344,16,1712915086309
1211,0.509765625,2.1796875,-0.640625,-0.6260322018944836,24,1712915086309
1211,0.443359375,2.283203125,-0.44140625,-0.6260322018944836,36,1712915086309
1211,0.451171875,2.3203125,-0.44140625,-0.6260322018944836,29,1712915086309
1211,0.6796875,1.984375,-0.576171875,-0.5008257615155869,59,1712915086309
1211,0.623046875,2.056640625,-0.533203125,-0.5008257615155869,74,1712915086309
1211,0.421875,2.201171875,-0.23046875,-0.5008257615155869,105,1712915086309
1211,0.357421875,2.26171875,0.01171875,-0.5008257615155869,104,1712915086309
1211,0.291015625,2.302734375,-0.193359375,-0.5008257615155869,70,1712915086309
1211,0.369140625,2.322265625,-0.271484375,-0.5008257615155869,58,1712915086309
1211,0.451171875,2.353515625,-0.1953125,-0.5008257615155869,39,1712915086309
1211,0.65625,1.94921875,-0.423828125,-0.37561932113669017,32,1712915086309
1211,0.66796875,1.990234375,-0.40625,-0.37561932113669017,197,1712915086309
1211,0.6796875,2.02734375,-0.404296875,-0.37561932113669017,409,1712915086309
1211,0.69140625,2.064453125,-0.404296875,-0.37561932113669017,391,1712915086309
1211,0.5625,2.13671875,-0.4375,-0.37561932113669017,170,1712915086309
1211,0.287109375,2.271484375,0.0546875,-0.37561932113669017,153,1712915086309
1211,0.36328125,2.298828125,0.052734375,-0.37561932113669017,99,1712915086309
1211,0.369140625,2.3359375,-0.07421875,-0.37561932113669017,48,1712915086309
1211,0.66796875,2.017578125,-0.23046875,-0.25041288075779344,285,1712915086309
1211,0.611328125,2.078125,-0.2109375,-0.25041288075779344,605,1712915086309
1211,0.69140625,2.08984375,-0.234375,-0.25041288075779344,573,1712915086309
1211,0.703125,2.12109375,-0.28125,-0.25041288075779344,216,1712915086309
1211,0.859375,2.0625,-0.5078125,-0.25041288075779344,90,1712915086309
1211,0.291015625,2.2578125,0.494140625,-0.25041288075779344,66,1712915086309
1211,0.369140625,2.3203125,0.27734375,-0.25041288075779344,41,1712915086309
1211,0.0,1.791015625,-0.11328125,-0.12520644037889672,21,1712915086309
1211,0.0,1.828125,-0.125,-0.12520644037889672,17,1712915086309
1211,0.66796875,2.03125,0.015625,-0.12520644037889672,141,1712915086309
1211,0.611328125,2.087890625,0.033203125,-0.12520644037889672,307,1712915086309
1211,0.623046875,2.125,0.029296875,-0.12520644037889672,293,1712915086309
1211,0.6328125,2.162109375,0.01953125,-0.12520644037889672,165,1712915086309
1211,0.64453125,2.197265625,-0.0390625,-0.12520644037889672,139,1712915086309
1211,0.9453125,2.015625,-0.68359375,-0.12520644037889672,103,1712915086309
1211,1.109375,1.822265625,-1.025390625,-0.12520644037889672,68,1712915086309
1211,0.9765625,2.08984375,-0.677734375,-0.12520644037889672,33,1712915086309
1211,0.7734375,2.5703125,-1.53515625,-0.12520644037889672,38,1712915086309
1211,0.22265625,2.228515625,0.763671875,0.0,22,1712915086309
1211,-0.482421875,1.357421875,2.736328125,0.0,12,1712915086309
1211,0.873046875,1.36328125,-1.673828125,0.25041288075779344,11,1712915086309
1211,-0.291015625,1.037109375,2.064453125,-0.6260322018944836,17,1712915086309
1211,-0.443359375,1.1015625,2.046875,-0.6260322018944836,19,1712915086309
1211,-0.525390625,1.08203125,2.08203125,-0.6260322018944836,15,1712915086309
1211,-0.443359375,0.564453125,2.255859375,-0.5008257615155869,32,1712915086309
1211,-0.451171875,0.634765625,2.275390625,-0.5008257615155869,24,1712915086309
1211,-0.517578125,0.68359375,2.205078125,-0.37561932113669017,25,1712915086309
1211,0.21484375,2.091796875,0.91015625,-0.25041288075779344,72,1712915086309
1211,1.091796875,1.630859375,-1.25390625,-0.25041288075779344,51,1712915086309
1211,1.109375,1.185546875,-1.72265625,-0.25041288075779344,33,1712915086309
1211,0.294921875,2.21484375,0.78125,-0.12520644037889672,43,1712915086309
1211,-0.375,1.173828125,2.064453125,-0.12520644037889672,20,1712915086309
1211,0.966796875,2.5390625,-1.478515625,-0.12520644037889672,38,1712915086309
1212,0.0,1.849609375,-0.275390625,0.0,12,1712915086409
1212,0.0,1.884765625,-0.298828125,0.0,16,1712915086409
1212,-0.060546875,1.927734375,-0.263671875,0.0,12,1712915086409
1212,0.58984375,2.009765625,-0.146484375,0.0,72,1712915086409
1212,0.6015625,2.046875,-0.1484375,0.0,204,1712915086409
1212,0.611328125,2.08203125,-0.1640625,0.0,265,1712915086409
1212,0.623046875,2.119140625,-0.1484375,0.0,166,1712915086409
1212,0.5625,2.1796875,0.046875,0.0,104,1712915086409
1212,0.572265625,2.216796875,0.083984375,0.0,86,1712915086409
1212,0.58203125,2.25390625,-0.005859375,0.0,46,1712915086409
1212,0.53515625,2.068359375,0.072265625,0.12520644037889672,43,1712915086409
1212,0.544921875,2.103515625,0.1328125,0.12520644037889672,66,1712915086409
1212,0.552734375,2.134765625,0.189453125,0.12520644037889672,54,1712915086409
1212,0.4921875,2.181640625,0.2734375,0.12520644037889672,28,1712915086409
1212,3.107421875,0.0,2.576171875,0.12520644037889672,29,1712915086409
1212,3.140625,0.0,2.138671875,0.12520644037889672,21,1712915086409
1212,-0.119140625,1.904296875,-0.048828125,0.37561932113669017,26,1712915086409
1212,-0.12109375,1.943359375,-0.017578125,0.37561932113669017,23,1712915086409
1212,-0.1796875,1.900390625,0.01953125,0.5008257615155869,18,1712915086409
1212,-0.181640625,1.9375,0.001953125,0.5008257615155869,19,1712915086409
1212,-0.1171875,1.865234375,0.052734375,0.6260322018944836,31,1712915086409
1212,-0.119140625,1.904296875,0.0625,0.6260322018944836,42,1712915086409
1212,-0.12109375,1.943359375,0.009765625,0.6260322018944836,33,1712915086409
1212,-0.115234375,1.828125,0.06640625,0.7512386422733803,33,1712915086409
1212,-0.1171875,1.865234375,0.095703125,0.7512386422733803,61,1712915086409
1212,-0.119140625,1.90234375,0.1015625,0.7512386422733803,63,1712915086409
1212,-0.12109375,1.94140625,0.09765625,0.7512386422733803,38,1712915086409
1212,-0.115234375,1.8203125,0.185546875,0.876445082652277,23,1712915086409
1212,-0.17578125,1.845703125,0.244140625,0.876445082652277,37,1712915086409
1212,-0.119140625,1.896484375,0.17578125,0.876445082652277,35,1712915086409
1212,-0.181640625,1.931640625,0.158203125,0.876445082652277,19,1712915086409
1212,0.1171875,0.625,-1.759765625,-1.0016515230311738,25,1712915086409
1212,0.119140625,0.74609375,-1.75390625,-1.0016515230311738,35,1712915086409
1212,0.12109375,0.724609375,-1.802734375,-1.0016515230311738,24,1712915086409
1212,0.056640625,0.88671875,-1.603515625,-0.876445082652277,13,1712915086409
1212,0.1171875,0.7578125,-1.70703125,-0.876445082652277,26,1712915086409
1212,0.119140625,0.830078125,-1.71484375,-0.876445082652277,24,1712915086409
1212,1.01953125,1.8515625,0.9765625,-0.5008257615155869,31,1712915086409
1212,0.90234375,1.98046875,-1.0234375,-0.5008257615155869,25,1712915086409
1212,0.66796875,1.87109375,-0.7890625,-0.37561932113669017,51,1712915086409
1212,0.748046875,1.765625,-1.02734375,-0.37561932113669017,49,1712915086409
1212,0.20703125,2.140625,0.529296875,-0.37561932113669017,44,1712915086409
1212,0.421875,2.2109375,0.08203125,-0.37561932113669017,64,1712915086409
1212,0.859375,2.072265625,-0.4609375,-0.37561932113669017,81,1712915086409
1212,0.9453125,2.044921875,-0.591796875,-0.37561932113669017,114,1712915086409
1212,0.9609375,2.048828125,-0.693359375,-0.37561932113669017,101,1712915086409
1212,0.826171875,2.109375,-0.80859375,-0.37561932113669017,63,1712915086409
1212,0.83984375,2.166015625,-0.755859375,-0.37561932113669017,42,1712915086409
1212,0.9296875,2.18359375,-0.724609375,-0.37561932113669017,24,1712915086409
1212,-3.625,0.625,-0.6875,-0.37561932113669017,18,1712915086409
1212,0.58984375,1.96484375,-0.44921875,-0.25041288075779344,112,1712915086409
1212,0.66796875,1.970703125,-0.486328125,-0.25041288075779344,293,1712915086409
1212,0.6796875,1.98828125,-0.5625,-0.25041288075779344,342,1712915086409
1212,0.69140625,1.958984375,-0.763671875,-0.25041288075779344,168,1712915086409
1212,0.7734375,2.017578125,-0.63671875,-0.25041288075779344,84,1712915086409
1212,0.859375,2.017578125,-0.662109375,-0.25041288075779344,116,1712915086409
1212,0.9453125,2.037109375,-0.611328125,-0.25041288075779344,140,1712915086409
1212,0.9609375,2.0859375,-0.568359375,-0.25041288075779344,120,1712915086409
1212,0.90234375,2.138671875,-0.626953125,-0.25041288075779344,64,1712915086409
1212,0.83984375,2.193359375,-0.671875,-0.25041288075779344,33,1712915086409
1212,0.4765625,2.861328125,-0.953125,-0.25041288075779344,41,1712915086409
1212,0.482421875,2.982421875,-0.658203125,-0.25041288075779344,53,1712915086409
1212,-3.587890625,0.9140625,-0.0859375,-0.25041288075779344,19,1712915086409
1212,-3.5078125,1.28515625,-0.203125,-0.25041288075779344,33,1712915086409
1213,0.0,1.8671875,0.095703125,0.0,40,1712915086510
1213,-0.060546875,1.90625,0.06640625,0.0,58,1712915086510
1213,0.0,1.943359375,-0.1015625,0.0,27,1712915086510
1213,-0.248046875,1.96484375,0.130859375,0.0,22,1712915086510
1213,-0.189453125,2.013671875,0.060546875,0.0,19,1712915086510
1213,0.6015625,2.037109375,-0.236328125,0.0,75,1712915086510
1213,0.611328125,2.068359375,-0.287109375,0.0,94,1712915086510
1213,0.552734375,2.10546875,-0.404296875,0.0,75,1712915086510
1213,0.64453125,2.193359375,-0.138671875,0.0,40,1712915086510
1213,0.654296875,2.224609375,-0.205078125,0.0,57,1712915086510
1213,0.666015625,2.25390625,-0.283203125,0.0,38,1712915086510
1213,2.99609375,0.0,2.6328125,0.0,24,1712915086510
1213,3.02734375,0.0,2.591796875,0.0,33,1712915086510
1213,-0.115234375,1.80859375,0.275390625,0.12520644037889672,21,1712915086510
1213,-0.05859375,1.857421875,0.212890625,0.12520644037889672,84,1712915086510
1213,0.0,1.90234375,0.154296875,0.12520644037889672,103,1712915086510
1213,-0.365234375,1.892578125,0.27734375,0.12520644037889672,36,1712915086510
1213,-0.185546875,1.970703125,0.14453125,0.12520644037889672,105,1712915086510
1213,-0.189453125,2.01171875,0.12109375,0.12520644037889672,70,1712915086510
1213,0.53515625,2.0703125,-0.0234375,0.12520644037889672,102,1712915086510
1213,0.4765625,2.123046875,-0.009765625,0.12520644037889672,106,1712915086510
1213,0.416015625,2.173828125,0.078125,0.12520644037889672,44,1712915086510
1213,2.99609375,0.0,2.91015625,0.12520644037889672,52,1712915086510
1213,3.02734375,0.0,2.869140625,0.12520644037889672,72,1712915086510
1213,3.060546875,0.0,2.88671875,0.12520644037889672,54,1712915086510
1213,0.0,1.775390625,0.455078125,0.25041288075779344,17,1712915086510
1213,-0.1171875,1.833984375,0.353515625,0.25041288075779344,67,1712915086510
1213,0.0,1.888671875,0.2734375,0.25041288075779344,66,1712915086510
1213,-0.3046875,1.912109375,0.212890625,0.25041288075779344,79,1712915086510
1213,-0.185546875,1.96484375,0.220703125,0.25041288075779344,151,1712915086510
1213,-0.189453125,2.005859375,0.193359375,0.25041288075779344,90,1712915086510
1213,0.466796875,2.08203125,0.1328125,0.25041288075779344,40,1712915086510
1213,0.4765625,2.119140625,0.119140625,0.25041288075779344,40,1712915086510
1213,2.99609375,0.0,3.197265625,0.25041288075779344,46,1712915086510
1213,3.02734375,0.0,3.19921875,0.25041288075779344,63,1712915086510
1213,3.060546875,0.0,3.32421875,0.25041288075779344,55,1712915086510
1213,2.978515625,0.0,-3.654296875,0.25041288075779344,41,1712915086510
1213,-0.244140625,1.908203125,0.296875,0.37561932113669017,53,1712915086510
1213,-0.185546875,1.951171875,0.30859375,0.37561932113669017,76,1712915086510
1213,-0.251953125,1.990234375,0.255859375,0.37561932113669017,41,1712915086510
1213,2.978515625,0.0,-3.35546875,0.37561932113669017,24,1712915086510
1213,0.501953125,2.09765625,-0.7734375,-0.6260322018944836,16,1712915086510
1213,0.400390625,2.046875,-0.470703125,-0.5008257615155869,19,1712915086510
1213,0.33984375,2.087890625,-0.5078125,-0.5008257615155869,24,1712915086510
1213,0.20703125,2.19921875,-0.162109375,-0.5008257615155869,18,1712915086510
1213,0.84375,1.751953125,-1.13671875,-0.5008257615155869,40,1712915086510
1213,0.71484375,1.96484375,-0.93359375,-0.5008257615155869,56,1712915086510
1213,0.728515625,2.0390625,-0.857421875,-0.5008257615155869,44,1712915086510
1213,0.740234375,2.08984375,-0.828125,-0.5008257615155869,20,1712915086510
1213,0.458984375,1.98046875,-0.52734375,-0.37561932113669017,33,1712915086510
1213,0.466796875,2.021484375,-0.513671875,-0.37561932113669017,82,1712915086510
1213,0.408203125,2.083984375,-0.4765625,-0.37561932113669017,119,1712915086510
1213,0.345703125,2.15234375,-0.392578125,-0.37561932113669017,95,1712915086510
1213,0.9140625,1.951171875,-0.654296875,-0.37561932113669017,66,1712915086510
1213,0.859375,2.021484375,-0.65234375,-0.37561932113669017,150,1712915086510
1213,0.80078125,2.078125,-0.681640625,-0.37561932113669017,167,1712915086510
1213,0.814453125,2.12109375,-0.662109375,-0.37561932113669017,100,1712915086510
1213,0.826171875,2.17578125,-0.607421875,-0.37561932113669017,41,1712915086510
1213,0.267578125,2.01953125,-0.646484375,-0.25041288075779344,65,1712915086510
1213,0.408203125,2.025390625,-0.685546875,-0.25041288075779344,147,1712915086510
1213,0.416015625,2.029296875,-0.78125,-0.25041288075779344,156,1712915086510
1213,0.2109375,1.384765625,-1.763671875,-0.25041288075779344,75,1712915086510
1213,0.787109375,2.115234375,-0.392578125,-0.25041288075779344,209,1712915086510
1213,0.80078125,2.12890625,-0.49609375,-0.25041288075779344,269,1712915086510
1214,0.0,1.908203125,0.029296875,0.0,14,1712915086610
1214,0.0,1.984375,0.052734375,0.0,11,1712915086610
1214,0.0,2.021484375,0.091796875,0.0,11,1712915086610
1214,0.39453125,2.021484375,-0.408203125,0.0,29,1712915086610
1214,0.400390625,2.07421875,-0.326171875,0.0,47,1712915086610
1214,0.4765625,2.12109375,-0.087890625,0.0,56,1712915086610
1214,0.416015625,2.171875,-0.130859375,0.0,47,1712915086610
1214,0.3515625,2.203125,-0.3125,0.0,66,1712915086610
1214,0.501953125,2.2265625,-0.205078125,0.0,92,1712915086610
1214,0.4375,2.275390625,-0.224609375,0.0,60,1712915086610
1214,0.517578125,2.3046875,-0.16015625,0.0,23,1712915086610
1214,0.0,1.90234375,0.150390625,0.12520644037889672,19,1712915086610
1214,0.466796875,2.048828125,0.392578125,0.12520644037889672,42,1712915086610
1214,0.4765625,2.1171875,0.162109375,0.12520644037889672,144,1712915086610
1214,0.484375,2.16015625,0.025390625,0.12520644037889672,151,1712915086610
1214,0.3515625,2.216796875,-0.1875,0.12520644037889672,120,1712915086610
1214,0.4296875,2.25,-0.025390625,0.12520644037889672,168,1712915086610
1214,0.36328125,2.30078125,-0.013671875,0.12520644037889672,105,1712915086610
1214,0.22265625,2.349609375,-0.173828125,0.12520644037889672,28,1712915086610
1214,0.05859375,1.853515625,0.25,0.25041288075779344,41,1712915086610
1214,0.0,1.890625,0.263671875,0.25041288075779344,72,1712915086610
1214,0.0,1.9296875,0.26171875,0.25041288075779344,53,1712915086610
1214,-0.0625,1.96484375,0.275390625,0.25041288075779344,88,1712915086610
1214,-0.0625,2.005859375,0.26171875,0.25041288075779344,74,1712915086610
1214,0.400390625,2.09375,0.158203125,0.25041288075779344,103,1712915086610
1214,0.408203125,2.130859375,0.162109375,0.25041288075779344,267,1712915086610
1214,0.416015625,2.171875,0.125,0.25041288075779344,288,1712915086610
1214,0.3515625,2.22265625,-0.078125,0.25041288075779344,126,1712915086610
1214,0.357421875,2.26171875,0.03125,0.25041288075779344,87,1712915086610
1214,0.4375,2.283203125,0.146484375,0.25041288075779344,68,1712915086610
1214,3.140625,0.0,3.3046875,0.25041288075779344,58,1712915086610
1214,3.173828125,0.0,3.1875,0.25041288075779344,73,1712915086610
1214,3.091796875,0.0,3.236328125,0.25041288075779344,49,1712915086610
1214,0.0,1.828125,0.39453125,0.37561932113669017,41,1712915086610
1214,0.060546875,1.865234375,0.40234375,0.37561932113669017,66,1712915086610
1214,0.0,1.90625,0.392578125,0.37561932113669017,53,1712915086610
1214,-0.0625,1.94140625,0.40625,0.37561932113669017,131,1712915086610
1214,-0.0625,1.982421875,0.400390625,0.37561932113669017,112,1712915086610
1214,-0.064453125,2.033203125,0.3359375,0.37561932113669017,34,1712915086610
1214,0.333984375,2.099609375,0.21875,0.37561932113669017,54,1712915086610
1214,0.33984375,2.134765625,0.25,0.37561932113669017,133,1712915086610
1214,0.345703125,2.173828125,0.236328125,0.37561932113669017,158,1712915086610
1214,0.3515625,2.216796875,0.177734375,0.37561932113669017,89,1712915086610
1214,0.36328125,2.2890625,0.21875,0.37561932113669017,24,1712915086610
1214,3.02734375,0.0,3.416015625,0.37561932113669017,53,1712915086610
1214,3.060546875,0.0,3.349609375,0.37561932113669017,67,1712915086610
1214,2.978515625,0.0,3.466796875,0.37561932113669017,55,1712915086610
1214,2.892578125,0.0,-3.681640625,0.37561932113669017,38,1712915086610
1214,0.0,1.87109375,0.541015625,0.5008257615155869,18,1712915086610
1214,-0.0625,1.904296875,0.5546875,0.5008257615155869,57,1712915086610
1214,-0.0625,1.947265625,0.544921875,0.5008257615155869,49,1712915086610
1214,0.0,2.826171875,-0.935546875,0.5008257615155869,32,1712915086610
1214,0.0,2.8515625,-0.982421875,0.5008257615155869,34,1712915086610
1214,2.833984375,0.0,3.609375,0.5008257615155869,21,1712915086610
1214,2.748046875,0.0,-3.517578125,0.5008257615155869,32,1712915086610
1214,2.892578125,0.0,-3.435546875,0.5008257615155869,33,1712915086610
1214,0.76171875,1.828125,-0.990234375,-0.5008257615155869,24,1712915086610
1214,0.703125,1.953125,-0.875,-0.5008257615155869,28,1712915086610
1214,0.64453125,2.03515625,-0.83203125,-0.5008257615155869,21,1712915086610
1214,0.484375,2.07421875,-0.607421875,-0.37561932113669017,22,1712915086610
1214,0.6328125,2.017578125,-0.77734375,-0.37561932113669017,32,1712915086610
1214,0.572265625,2.1171875,-0.662109375,-0.37561932113669017,34,1712915086610
1214,0.509765625,2.19921875,-0.5703125,-0.37561932113669017,27,1712915086610
1214,0.39453125,1.970703125,-0.609375,-0.25041288075779344,29,1712915086610
1215,0.185546875,1.939453125,-0.3828125,0.0,12,1712915086710
1215,0.451171875,1.90234375,-0.65234375,0.0,15,1712915086710
1215,0.458984375,1.94921875,-0.634765625,0.0,71,1712915086710
1215,0.466796875,1.986328125,-0.638671875,0.0,125,1712915086710
1215,0.408203125,2.048828125,-0.609375,0.0,86,1712915086710
1215,0.0,2.21484375,0.009765625,0.0,16,1712915086710
1215,0.6328125,2.158203125,0.099609375,0.0,51,1712915086710
1215,0.787109375,2.150390625,0.056640625,0.0,37,1712915086710
1215,0.072265625,2.275390625,-0.494140625,0.0,22,1712915086710
1215,0.1484375,2.337890625,-0.345703125,0.0,17,1712915086710
1215,0.66796875,2.966796875,0.283203125,0.0,29,1712915086710
1215,0.67578125,2.9140625,0.783203125,0.0,28,1712915086710
1215,0.38671875,1.966796875,-0.48046875,0.12520644037889672,32,1712915086710
1215,0.458984375,1.98828125,-0.490234375,0.12520644037889672,145,1712915086710
1215,0.466796875,2.02734375,-0.4921875,0.12520644037889672,259,1712915086710
1215,0.408203125,2.087890625,-0.4609375,0.12520644037889672,211,1712915086710
1215,0.345703125,2.150390625,-0.39453125,0.12520644037889672,112,1712915086710
1215,0.28125,2.2265625,-0.19921875,0.12520644037889672,158,1712915086710
1215,0.287109375,2.267578125,-0.140625,0.12520644037889672,189,1712915086710
1215,0.291015625,2.302734375,-0.1796875,0.12520644037889672,123,1712915086710
1215,0.294921875,2.33984375,-0.20703125,0.12520644037889672,55,1712915086710
1215,0.375,2.37109375,-0.134765625,0.12520644037889672,30,1712915086710
1215,0.66796875,2.943359375,0.46484375,0.12520644037889672,60,1712915086710
1215,0.580078125,2.86328125,1.01171875,0.12520644037889672,60,1712915086710
1215,0.38671875,2.0,-0.314453125,0.25041288075779344,24,1712915086710
1215,0.39453125,2.03515625,-0.333984375,0.25041288075779344,104,1712915086710
1215,0.400390625,2.072265625,-0.333984375,0.25041288075779344,189,1712915086710
1215,0.408203125,2.1171875,-0.296875,0.25041288075779344,182,1712915086710
1215,0.345703125,2.18359375,-0.134765625,0.25041288075779344,169,1712915086710
1215,0.3515625,2.224609375,-0.015625,0.25041288075779344,281,1712915086710
1215,0.357421875,2.26171875,-0.01953125,0.25041288075779344,311,1712915086710
1215,0.36328125,2.298828125,-0.052734375,0.25041288075779344,177,1712915086710
1215,0.369140625,2.337890625,-0.037109375,0.25041288075779344,64,1712915086710
1215,0.375,2.375,0.060546875,0.25041288075779344,27,1712915086710
1215,0.470703125,2.978515625,0.025390625,0.25041288075779344,30,1712915086710
1215,0.572265625,2.95703125,0.505859375,0.25041288075779344,56,1712915086710
1215,0.580078125,2.791015625,1.197265625,0.25041288075779344,53,1712915086710
1215,0.587890625,2.158203125,2.19140625,0.25041288075779344,23,1712915086710
1215,0.26171875,2.08203125,-0.080078125,0.37561932113669017,18,1712915086710
1215,0.400390625,2.09375,-0.16015625,0.37561932113669017,35,1712915086710
1215,0.4765625,2.123046875,-0.072265625,0.37561932113669017,51,1712915086710
1215,0.416015625,2.171875,0.126953125,0.37561932113669017,108,1712915086710
1215,0.421875,2.208984375,0.1328125,0.37561932113669017,197,1712915086710
1215,0.357421875,2.259765625,0.1171875,0.37561932113669017,192,1712915086710
1215,0.36328125,2.298828125,0.1015625,0.37561932113669017,97,1712915086710
1215,0.443359375,2.314453125,0.2109375,0.37561932113669017,34,1712915086710
1215,0.09375,2.96484375,-0.548828125,0.37561932113669017,29,1712915086710
1215,0.19140625,3.0390625,-0.2265625,0.37561932113669017,37,1712915086710
1215,2.947265625,0.0,2.802734375,0.37561932113669017,50,1712915086710
1215,2.978515625,0.0,2.900390625,0.37561932113669017,46,1712915086710
1215,0.181640625,1.935546875,0.111328125,0.5008257615155869,36,1712915086710
1215,0.185546875,1.974609375,0.09765625,0.5008257615155869,48,1712915086710
1215,0.189453125,2.009765625,0.140625,0.5008257615155869,29,1712915086710
1215,0.27734375,2.19140625,0.1484375,0.5008257615155869,29,1712915086710
1215,0.3515625,2.216796875,0.1875,0.5008257615155869,45,1712915086710
1215,0.287109375,2.265625,0.16796875,0.5008257615155869,31,1712915086710
1215,2.833984375,0.0,3.103515625,0.5008257615155869,32,1712915086710
1215,2.978515625,0.0,3.18359375,0.5008257615155869,34,1712915086710
1215,2.892578125,0.0,3.509765625,0.5008257615155869,29,1712915086710
1215,0.1796875,1.876953125,0.298828125,0.6260322018944836,30,1712915086710
1215,0.181640625,1.91796875,0.283203125,0.6260322018944836,106,1712915086710
1215,0.185546875,1.95703125,0.27734375,0.6260322018944836,154,1712915086710
1215,0.126953125,2.0,0.283203125,0.6260322018944836,110,1712915086710
1215,0.12890625,2.04296875,0.23828125,0.6260322018944836,36,1712915086710
1216,0.31640625,1.91796875,-0.5625,0.0,10,1712915086811
1216,0.2578125,1.978515625,-0.515625,0.0,16,1712915086811
1216,0.287109375,2.169921875,-0.673828125,0.0,19,1712915086811
1216,0.36328125,2.25390625,-0.455078125,0.0,25,1712915086811
1216,0.294921875,2.337890625,-0.23046875,0.0,31,1712915086811
1216,0.30078125,2.375,-0.23828125,0.0,24,1712915086811
1216,0.27734375,2.1796875,-0.26953125,0.12520644037889672,26,1712915086811
1216,0.2109375,2.234375,-0.197265625,0.12520644037889672,50,1712915086811
1216,0.21484375,2.267578125,-0.236328125,0.12520644037889672,81,1712915086811
1216,0.21875,2.306640625,-0.232421875,0.12520644037889672,111,1712915086811
1216,0.22265625,2.349609375,-0.17578125,0.12520644037889672,128,1712915086811
1216,0.224609375,2.392578125,-0.087890625,0.12520644037889672,96,1712915086811
1216,0.228515625,2.431640625,0.01171875,0.12520644037889672,40,1712915086811
1216,0.400390625,2.05859375,-0.4140625,0.25041288075779344,24,1712915086811
1216,0.408203125,2.115234375,-0.3046875,0.25041288075779344,54,1712915086811
1216,0.345703125,2.17578125,-0.216796875,0.25041288075779344,103,1712915086811
1216,0.3515625,2.220703125,-0.1328125,0.25041288075779344,216,1712915086811
1216,0.357421875,2.2578125,-0.138671875,0.25041288075779344,353,1712915086811
1216,0.36328125,2.294921875,-0.1484375,0.25041288075779344,365,1712915086811
1216,0.294921875,2.345703125,-0.125,0.25041288075779344,255,1712915086811
1216,0.224609375,2.39453125,-0.029296875,0.25041288075779344,136,1712915086811
1216,0.228515625,2.431640625,0.08984375,0.25041288075779344,50,1712915086811
1216,0.197265625,2.08203125,-0.177734375,0.37561932113669017,19,1712915086811
1216,0.333984375,2.095703125,-0.25390625,0.37561932113669017,42,1712915086811
1216,0.4765625,2.123046875,0.03515625,0.37561932113669017,57,1712915086811
1216,0.416015625,2.17578125,0.021484375,0.37561932113669017,121,1712915086811
1216,0.3515625,2.224609375,0.044921875,0.37561932113669017,274,1712915086811
1216,0.357421875,2.26171875,0.017578125,0.37561932113669017,454,1712915086811
1216,0.36328125,2.30078125,-0.029296875,0.37561932113669017,453,1712915086811
1216,0.294921875,2.34765625,-0.04296875,0.37561932113669017,259,1712915086811
1216,0.30078125,2.384765625,0.064453125,0.37561932113669017,92,1712915086811
1216,0.267578125,2.1171875,-0.12890625,0.5008257615155869,37,1712915086811
1216,0.13671875,2.162109375,-0.203125,0.5008257615155869,31,1712915086811
1216,0.552734375,2.025390625,0.703125,0.5008257615155869,32,1712915086811
1216,0.421875,2.1875,0.326171875,0.5008257615155869,99,1712915086811
1216,0.357421875,2.25390625,0.201171875,0.5008257615155869,188,1712915086811
1216,0.36328125,2.298828125,0.068359375,0.5008257615155869,206,1712915086811
1216,0.294921875,2.34765625,-0.041015625,0.5008257615155869,121,1712915086811
1216,0.30078125,2.384765625,-0.09375,0.5008257615155869,39,1712915086811
1216,2.86328125,0.0,2.904296875,0.5008257615155869,63,1712915086811
1216,2.892578125,0.0,2.982421875,0.5008257615155869,63,1712915086811
1216,0.189453125,2.0078125,0.158203125,0.6260322018944836,33,1712915086811
1216,0.2578125,2.04296875,0.091796875,0.6260322018944836,57,1712915086811
1216,0.26171875,2.083984375,0.00390625,0.6260322018944836,43,1712915086811
1216,0.267578125,2.11328125,-0.1875,0.6260322018944836,22,1712915086811
1216,0.271484375,2.158203125,-0.0546875,0.6260322018944836,25,1712915086811
1216,0.291015625,2.28515625,-0.3359375,0.6260322018944836,24,1712915086811
1216,0.22265625,2.32421875,-0.392578125,0.6260322018944836,24,1712915086811
1216,2.833984375,0.0,2.9765625,0.6260322018944836,44,1712915086811
1216,2.86328125,0.0,3.056640625,0.6260322018944836,86,1712915086811
1216,2.892578125,0.0,3.1328125,0.6260322018944836,87,1712915086811
1216,2.806640625,0.0,3.4453125,0.6260322018944836,53,1712915086811
1216,2.716796875,0.0,-3.650390625,0.6260322018944836,40,1712915086811
1216,-3.458984375,1.603515625,0.18359375,0.6260322018944836,37,1712915086811
1216,0.185546875,1.958984375,0.25390625,0.7512386422733803,26,1712915086811
1216,0.251953125,1.994140625,0.236328125,0.7512386422733803,117,1712915086811
1216,0.2578125,2.03515625,0.2109375,0.7512386422733803,194,1712915086811
1216,0.26171875,2.07421875,0.19921875,0.7512386422733803,149,1712915086811
1216,0.201171875,2.123046875,0.150390625,0.7512386422733803,48,1712915086811
1216,2.86328125,0.0,3.208984375,0.7512386422733803,34,1712915086811
1216,2.892578125,0.0,3.25,0.7512386422733803,35,1712915086811
1216,2.689453125,0.0,3.578125,0.7512386422733803,23,1712915086811
1216,2.716796875,0.0,-3.45703125,0.7512386422733803,18,1712915086811
1216,0.185546875,1.953125,0.306640625,0.876445082652277,31,1712915086811
1217,0.26171875,2.0546875,-0.337890625,0.0,28,1712915086911
1217,0.267578125,2.091796875,-0.349609375,0.0,37,1712915086911
1217,0.271484375,2.0859375,-0.552734375,0.0,25,1712915086911
1217,0.345703125,1.828125,-1.201171875,0.0,19,1712915086911
1217,0.28125,2.001953125,-0.9921875,0.0,27,1712915086911
1217,0.21484375,2.125,-0.830078125,0.0,28,1712915086911
1217,0.146484375,2.259765625,-0.541015625,0.0,21,1712915086911
1217,0.197265625,2.08984375,-0.072265625,0.25041288075779344,45,1712915086911
1217,0.201171875,2.126953125,-0.05859375,0.25041288075779344,63,1712915086911
1217,0.068359375,2.17578125,-0.015625,0.25041288075779344,39,1712915086911
1217,0.0,2.212890625,-0.072265625,0.25041288075779344,15,1712915086911
1217,0.0703125,2.23046875,-0.302734375,0.25041288075779344,35,1712915086911
1217,0.142578125,2.2734375,-0.23046875,0.25041288075779344,73,1712915086911
1217,0.146484375,2.314453125,-0.205078125,0.25041288075779344,70,1712915086911
1217,0.1484375,2.35546875,-0.1875,0.25041288075779344,43,1712915086911
1217,0.224609375,2.384765625,-0.208984375,0.25041288075779344,32,1712915086911
1217,0.193359375,2.05078125,0.0859375,0.37561932113669017,71,1712915086911
1217,0.130859375,2.09375,0.09375,0.37561932113669017,207,1712915086911
1217,0.201171875,2.126953125,0.080078125,0.37561932113669017,265,1712915086911
1217,0.13671875,2.171875,0.044921875,0.37561932113669017,166,1712915086911
1217,0.138671875,2.1953125,-0.24609375,0.37561932113669017,71,1712915086911
1217,0.2109375,2.228515625,-0.244140625,0.37561932113669017,99,1712915086911
1217,0.21484375,2.27734375,-0.13671875,0.37561932113669017,167,1712915086911
1217,0.21875,2.31640625,-0.0859375,0.37561932113669017,142,1712915086911
1217,0.294921875,2.34765625,0.009765625,0.37561932113669017,65,1712915086911
1217,0.451171875,2.359375,0.111328125,0.37561932113669017,45,1712915086911
1217,0.3046875,2.423828125,0.015625,0.37561932113669017,44,1712915086911
1217,0.12890625,2.04296875,0.25,0.5008257615155869,81,1712915086911
1217,0.130859375,2.08203125,0.240234375,0.5008257615155869,222,1712915086911
1217,0.1328125,2.125,0.197265625,0.5008257615155869,271,1712915086911
1217,0.203125,2.16015625,-0.16796875,0.5008257615155869,230,1712915086911
1217,0.345703125,2.138671875,-0.453125,0.5008257615155869,333,1712915086911
1217,0.3515625,2.1875,-0.404296875,0.5008257615155869,451,1712915086911
1217,0.287109375,2.25390625,-0.29296875,0.5008257615155869,366,1712915086911
1217,0.291015625,2.306640625,-0.119140625,0.5008257615155869,181,1712915086911
1217,0.22265625,2.35546875,0.0546875,0.5008257615155869,75,1712915086911
1217,0.375,2.369140625,-0.181640625,0.5008257615155869,60,1712915086911
1217,0.380859375,2.392578125,-0.31640625,0.5008257615155869,55,1712915086911
1217,0.0,2.03515625,0.33203125,0.6260322018944836,22,1712915086911
1217,0.0,2.06640625,0.37109375,0.6260322018944836,55,1712915086911
1217,0.0,2.13671875,0.03125,0.6260322018944836,64,1712915086911
1217,0.33984375,2.09765625,-0.47265625,0.6260322018944836,204,1712915086911
1217,0.345703125,2.146484375,-0.423828125,0.6260322018944836,614,1712915086911
1217,0.3515625,2.189453125,-0.396484375,0.6260322018944836,812,1712915086911
1217,0.287109375,2.2421875,-0.3671875,0.6260322018944836,521,1712915086911
1217,0.291015625,2.2734375,-0.412109375,0.6260322018944836,154,1712915086911
1217,0.666015625,2.115234375,-0.828125,0.6260322018944836,58,1712915086911
1217,0.458984375,2.37890625,-0.310546875,0.6260322018944836,37,1712915086911
1217,0.26171875,2.033203125,0.451171875,0.7512386422733803,22,1712915086911
1217,0.201171875,1.7265625,1.24609375,0.7512386422733803,19,1712915086911
1217,0.408203125,2.08984375,-0.447265625,0.7512386422733803,131,1712915086911
1217,0.345703125,2.16015625,-0.33984375,0.7512386422733803,427,1712915086911
1217,0.3515625,2.197265625,-0.34375,0.7512386422733803,562,1712915086911
1217,0.287109375,2.240234375,-0.3828125,0.7512386422733803,361,1712915086911
1217,0.36328125,2.228515625,-0.5703125,0.7512386422733803,107,1712915086911
1217,0.591796875,2.224609375,-0.546875,0.7512386422733803,61,1712915086911
1217,2.662109375,0.0,-3.689453125,0.7512386422733803,31,1712915086911
1217,2.689453125,0.0,3.65625,0.7512386422733803,36,1712915086911
1217,0.33984375,2.134765625,-0.2421875,0.876445082652277,27,1712915086911
1217,0.345703125,2.166015625,-0.306640625,0.876445082652277,74,1712915086911
1217,0.3515625,2.18359375,-0.421875,0.876445082652277,119,1712915086911
1217,0.357421875,2.1953125,-0.544921875,0.876445082652277,109,1712915086911
1217,0.291015625,2.205078125,-0.69140625,0.876445082652277,60,1712915086911
1217,0.443359375,2.236328125,-0.63671875,0.876445082652277,25,1712915086911
1218,0.12890625,2.044921875,0.2265625,0.0,15,1712915087012
1218,0.197265625,2.0859375,0.1328125,0.0,122,1712915087012
1218,0.201171875,2.125,0.123046875,0.0,295,1712915087012
1218,0.203125,2.1640625,0.109375,0.0,312,1712915087012
1218,0.138671875,2.208984375,0.076171875,0.0,153,1712915087012
1218,0.140625,2.2421875,-0.15625,0.0,29,1712915087012
1218,0.291015625,2.169921875,-0.794921875,0.0,21,1712915087012
1218,0.294921875,2.234375,-0.72265625,0.0,19,1712915087012
1218,0.064453125,2.044921875,0.255859375,0.12520644037889672,24,1712915087012
1218,0.130859375,2.083984375,0.21484375,0.12520644037889672,198,1712915087012
1218,0.201171875,2.119140625,0.193359375,0.12520644037889672,477,1712915087012
1218,0.13671875,2.1640625,0.1796875,0.12520644037889672,506,1712915087012
1218,0.138671875,2.205078125,0.142578125,0.12520644037889672,249,1712915087012
1218,0.140625,2.248046875,-0.03125,0.12520644037889672,43,1712915087012
1218,0.130859375,2.0703125,0.322265625,0.25041288075779344,129,1712915087012
1218,0.1328125,2.111328125,0.30859375,0.25041288075779344,309,1712915087012
1218,0.13671875,2.15234375,0.2890625,0.25041288075779344,327,1712915087012
1218,0.138671875,2.1953125,0.255859375,0.25041288075779344,162,1712915087012
1218,0.0703125,2.25,0.052734375,0.25041288075779344,25,1712915087012
1218,0.06640625,2.0546875,0.423828125,0.37561932113669017,21,1712915087012
1218,0.06640625,2.1015625,0.3828125,0.37561932113669017,50,1712915087012
1218,0.068359375,2.14453125,0.36328125,0.37561932113669017,53,1712915087012
1218,0.068359375,2.185546875,0.349609375,0.37561932113669017,26,1712915087012
1218,0.1484375,2.3515625,-0.22265625,0.37561932113669017,52,1712915087012
1218,0.07421875,2.3828125,-0.32421875,0.37561932113669017,60,1712915087012
1218,0.0,2.396484375,-0.474609375,0.37561932113669017,31,1712915087012
1218,0.3515625,2.1171875,-0.685546875,0.5008257615155869,74,1712915087012
1218,0.357421875,2.173828125,-0.625,0.5008257615155869,160,1712915087012
1218,0.36328125,2.212890625,-0.626953125,0.5008257615155869,181,1712915087012
1218,0.294921875,2.287109375,-0.529296875,0.5008257615155869,136,1712915087012
1218,0.150390625,2.3828125,-0.296875,0.5008257615155869,98,1712915087012
1218,0.0,2.43359375,-0.2109375,0.5008257615155869,50,1712915087012
1218,0.27734375,2.076171875,-0.716796875,0.6260322018944836,31,1712915087012
1218,0.3515625,2.15234375,-0.560546875,0.6260322018944836,146,1712915087012
1218,0.287109375,2.228515625,-0.443359375,0.6260322018944836,310,1712915087012
1218,0.291015625,2.275390625,-0.400390625,0.6260322018944836,358,1712915087012
1218,0.22265625,2.32421875,-0.39453125,0.6260322018944836,239,1712915087012
1218,0.224609375,2.349609375,-0.45703125,0.6260322018944836,110,1712915087012
1218,0.380859375,2.328125,-0.638671875,0.6260322018944836,57,1712915087012
1218,0.27734375,2.107421875,-0.623046875,0.7512386422733803,26,1712915087012
1218,0.3515625,2.166015625,-0.50390625,0.7512386422733803,98,1712915087012
1218,0.287109375,2.248046875,-0.33203125,0.7512386422733803,190,1712915087012
1218,0.291015625,2.296875,-0.251953125,0.7512386422733803,210,1712915087012
1218,0.294921875,2.333984375,-0.26171875,0.7512386422733803,135,1712915087012
1218,0.30078125,2.3359375,-0.482421875,0.7512386422733803,49,1712915087012
1218,0.611328125,2.296875,-0.56640625,0.7512386422733803,32,1712915087012
1218,0.62109375,2.287109375,-0.736328125,0.7512386422733803,31,1712915087012
1218,0.3515625,2.140625,-0.60546875,0.876445082652277,24,1712915087012
1218,0.4296875,2.2109375,-0.419921875,0.876445082652277,30,1712915087012
1218,0.36328125,2.28125,-0.291015625,0.876445082652277,26,1712915087012
1218,0.294921875,2.333984375,-0.251953125,0.876445082652277,26,1712915087012
1218,0.224609375,2.353515625,-0.44140625,0.876445082652277,35,1712915087012
1218,0.54296875,2.37890625,-0.455078125,0.876445082652277,27,1712915087012
1218,0.55078125,2.34375,-0.7421875,0.876445082652277,18,1712915087012
1218,2.771484375,0.0,3.337890625,0.876445082652277,20,1712915087012
1218,0.62109375,1.125,2.123046875,-1.0016515230311738,22,1712915087012
1218,0.708984375,1.494140625,1.90234375,-1.0016515230311738,17,1712915087012
1218,0.33984375,2.1484375,0.072265625,-0.5008257615155869,16,1712915087012
1218,0.345703125,2.185546875,0.0859375,-0.5008257615155869,47,1712915087012
1218,0.3515625,2.22265625,0.099609375,-0.5008257615155869,75,1712915087012
1218,0.357421875,2.259765625,0.12109375,-0.5008257615155869,60,1712915087012
1218,0.36328125,2.298828125,0.078125,-0.5008257615155869,20,1712915087012
1218,0.408203125,2.1171875,0.294921875,-0.37561932113669017,21,1712915087012
1218,0.345703125,2.171875,0.248046875,-0.37561932113669017,82,1712915087012
1219,0.068359375,2.095703125,0.58203125,0.0,12,1712915087112
1219,0.068359375,2.1875,0.333984375,0.0,20,1712915087112
1219,0.0703125,2.24609375,0.1484375,0.0,17,1712915087112
1219,0.21484375,2.212890625,-0.546875,0.0,16,1712915087112
1219,0.291015625,2.064453125,-1.037109375,0.0,35,1712915087112
1219,0.294921875,2.119140625,-1.013671875,0.0,54,1712915087112
1219,0.30078125,2.185546875,-0.95703125,0.0,44,1712915087112
1219,0.228515625,2.3046875,-0.77734375,0.0,17,1712915087112
1219,0.068359375,2.09765625,0.578125,0.12520644037889672,25,1712915087112
1219,0.068359375,2.17578125,0.40234375,0.12520644037889672,61,1712915087112
1219,0.0703125,2.228515625,0.3203125,0.12520644037889672,59,1712915087112
1219,0.142578125,2.283203125,0.12890625,0.12520644037889672,27,1712915087112
1219,0.0,2.080078125,0.28125,0.25041288075779344,22,1712915087112
1219,0.06640625,2.119140625,0.275390625,0.25041288075779344,42,1712915087112
1219,0.068359375,2.12890625,0.60546875,0.25041288075779344,24,1712915087112
1219,0.0,2.201171875,0.478515625,0.25041288075779344,32,1712915087112
1219,0.0,2.08984375,0.44921875,0.37561932113669017,32,1712915087112
1219,0.0,2.146484375,0.357421875,0.37561932113669017,29,1712915087112
1219,0.291015625,2.205078125,-0.693359375,0.37561932113669017,79,1712915087112
1219,0.294921875,2.26171875,-0.6328125,0.37561932113669017,113,1712915087112
1219,0.30078125,2.333984375,-0.498046875,0.37561932113669017,80,1712915087112
1219,0.15234375,2.412109375,-0.353515625,0.37561932113669017,33,1712915087112
1219,0.154296875,2.423828125,-0.509765625,0.37561932113669017,25,1712915087112
1219,0.158203125,2.423828125,-0.671875,0.37561932113669017,31,1712915087112
1219,0.0,2.13671875,0.408203125,0.5008257615155869,20,1712915087112
1219,0.287109375,2.1953125,-0.587890625,0.5008257615155869,106,1712915087112
1219,0.291015625,2.251953125,-0.515625,0.5008257615155869,364,1712915087112
1219,0.22265625,2.3203125,-0.4140625,0.5008257615155869,571,1712915087112
1219,0.30078125,2.361328125,-0.33984375,0.5008257615155869,442,1712915087112
1219,0.228515625,2.4296875,-0.123046875,0.5008257615155869,169,1712915087112
1219,0.154296875,2.4609375,-0.283203125,0.5008257615155869,98,1712915087112
1219,0.158203125,2.513671875,-0.08203125,0.5008257615155869,53,1712915087112
1219,0.287109375,2.236328125,-0.400390625,0.6260322018944836,120,1712915087112
1219,0.291015625,2.28515625,-0.337890625,0.6260322018944836,436,1712915087112
1219,0.22265625,2.34375,-0.24609375,0.6260322018944836,710,1712915087112
1219,0.224609375,2.390625,-0.14453125,0.6260322018944836,575,1712915087112
1219,0.228515625,2.431640625,-0.072265625,0.6260322018944836,257,1712915087112
1219,0.154296875,2.47265625,-0.13671875,0.6260322018944836,156,1712915087112
1219,0.158203125,2.505859375,0.212890625,0.6260322018944836,73,1712915087112
1219,0.287109375,2.263671875,-0.205078125,0.7512386422733803,36,1712915087112
1219,0.291015625,2.306640625,-0.140625,0.7512386422733803,137,1712915087112
1219,0.22265625,2.35546875,-0.04296875,0.7512386422733803,235,1712915087112
1219,0.224609375,2.39453125,0.037109375,0.7512386422733803,215,1712915087112
1219,0.228515625,2.431640625,-0.005859375,0.7512386422733803,138,1712915087112
1219,0.232421875,2.470703125,-0.00390625,0.7512386422733803,91,1712915087112
1219,0.314453125,2.498046875,-0.109375,0.7512386422733803,64,1712915087112
1219,0.3203125,2.537109375,0.015625,0.7512386422733803,30,1712915087112
1219,0.146484375,2.3125,-0.224609375,0.876445082652277,24,1712915087112
1219,0.22265625,2.353515625,-0.1328125,0.876445082652277,32,1712915087112
1219,0.15234375,2.431640625,-0.193359375,0.876445082652277,42,1712915087112
1219,0.232421875,2.46875,-0.078125,0.876445082652277,79,1712915087112
1219,0.236328125,2.5078125,-0.064453125,0.876445082652277,67,1712915087112
1219,0.400390625,2.51171875,-0.27734375,0.876445082652277,29,1712915087112
1219,0.3046875,0.95703125,2.2265625,-1.0016515230311738,32,1712915087112
1219,0.310546875,0.0,2.470703125,-1.0016515230311738,49,1712915087112
1219,0.39453125,0.6953125,-2.390625,-1.0016515230311738,41,1712915087112
1219,0.48046875,0.5,-2.462890625,-1.0016515230311738,23,1712915087112
1219,0.3046875,1.0859375,2.16796875,-0.876445082652277,28,1712915087112
1219,0.310546875,0.587890625,2.390625,-0.876445082652277,44,1712915087112
1219,0.314453125,0.662109375,2.41015625,-0.876445082652277,43,1712915087112
1219,0.400390625,0.38671875,2.49609375,-0.876445082652277,30,1712915087112
1219,-3.6328125,0.0,-3.908203125,-0.876445082652277,23,1712915087112
1219,-3.66796875,0.0,-3.958984375,-0.876445082652277,23,1712915087112
1219,-3.6328125,0.0,-3.7421875,-0.7512386422733803,23,1712915087112
1220,0.294921875,2.0625,-1.12109375,0.0,26,1712915087212
1220,0.30078125,2.126953125,-1.08203125,0.0,43,1712915087212
1220,0.3046875,2.15234375,-1.115234375,0.0,41,1712915087212
1220,0.232421875,2.177734375,-1.166015625,0.0,26,1712915087212
1220,0.224609375,2.19921875,-0.947265625,0.12520644037889672,21,1712915087212
1220,0.228515625,2.26953125,-0.876953125,0.12520644037889672,24,1712915087212
1220,0.224609375,2.30078125,-0.6640625,0.25041288075779344,22,1712915087212
1220,0.15234375,2.349609375,-0.654296875,0.25041288075779344,26,1712915087212
1220,0.078125,2.353515625,-0.78515625,0.25041288075779344,30,1712915087212
1220,0.0,2.349609375,-0.91015625,0.25041288075779344,27,1712915087212
1220,0.146484375,2.17578125,-0.818359375,0.37561932113669017,19,1712915087212
1220,0.22265625,2.2421875,-0.724609375,0.37561932113669017,74,1712915087212
1220,0.224609375,2.29296875,-0.689453125,0.37561932113669017,121,1712915087212
1220,0.3046875,2.349609375,-0.59375,0.37561932113669017,88,1712915087212
1220,-0.310546875,2.19140625,-1.12109375,0.37561932113669017,29,1712915087212
1220,0.078125,2.4375,-0.634765625,0.37561932113669017,75,1712915087212
1220,0.080078125,2.490234375,-0.578125,0.37561932113669017,76,1712915087212
1220,0.08203125,2.53125,-0.572265625,0.37561932113669017,35,1712915087212
1220,0.21875,2.234375,-0.623046875,0.5008257615155869,68,1712915087212
1220,0.22265625,2.291015625,-0.546875,0.5008257615155869,275,1712915087212
1220,0.30078125,2.3359375,-0.4921875,0.5008257615155869,468,1712915087212
1220,0.228515625,2.39453125,-0.423828125,0.5008257615155869,429,1712915087212
1220,0.232421875,2.44921875,-0.326171875,0.5008257615155869,187,1712915087212
1220,0.0,2.470703125,-0.498046875,0.5008257615155869,59,1712915087212
1220,7.4140625,7.390625,7.703125,0.5008257615155869,3969,1712915087212
1220,7.4609375,7.28125,6.828125,457.8799524656253,3936,1712915087212
1220,7.328125,7.375,7.2109375,502.9542710020281,3956,1712915087212
1220,7.25,7.9375,7.859375,464.8915131268435,3616,1712915087212
1220,7.2109375,7.1171875,7.09375,431.3361871052992,3700,1712915087212
1220,6.1484375,5.8671875,6.0546875,391.77095194556784,3188,1712915087212
1220,5.921875,5.9765625,6.4140625,396.27838379920814,2932,1712915087212
1220,6.0078125,5.8125,6.125,406.29489902951985,3036,1712915087212
1220,0.0,-53.181640625,0.0,0.0,24,1712915087212
1220,0.0,0.0,0.0,0.0,30709,1712915087212
1220,0.0,0.0234375,0.0,0.0,62,1712915087212
1220,-0.24609375,0.123046875,0.009765625,2596.53116057756,1200,1712915087212
1220,-0.14453125,0.125,0.009765625,14.52394708395202,1224,1712915087212
1220,-0.072265625,0.126953125,0.009765625,14.774359964709813,1245,1712915087212
1220,-0.13671875,0.12890625,0.009765625,10.016515230311738,1266,1712915087212
1220,0.212890625,0.1171875,0.01171875,10.26692811106953,1283,1712915087212
1220,-0.205078125,0.119140625,0.01171875,18.530553176076715,1159,1712915087212
1220,-0.140625,0.12109375,0.01171875,18.780966056834508,1181,1712915087212
1220,-0.04296875,0.123046875,0.01171875,14.398740643573124,1206,1712915087212
1220,0.037109375,0.125,0.01171875,14.52394708395202,1226,1712915087212
1220,-0.005859375,0.126953125,0.01171875,14.774359964709813,1245,1712915087212
1220,-0.00390625,0.12890625,0.01171875,15.024772845467606,1265,1712915087212
1220,-0.109375,0.130859375,0.01171875,20.28344334138127,1279,1712915087212
1220,0.015625,0.119140625,0.013671875,20.659062662517957,1299,1712915087212
1220,-0.224609375,0.12109375,0.013671875,9.51568946879615,1184,1712915087212
1220,-0.1328125,0.125,0.013671875,14.398740643573124,1205,1712915087212
1220,-0.193359375,0.126953125,0.013671875,9.891308789932841,1245,1712915087212
1220,-0.078125,0.12890625,0.013671875,15.024772845467606,1264,1712915087212
1220,-0.064453125,0.130859375,20.513671875,15.2751857262254,1284,1712915087212
1220,2.0,35.5,21.0,2116.2392552841125,17663,1712915087212
1220,2.5,32.0,56.0,1443.1294318071637,15871,1712915087212
1220,2.5,6.5,57.001953125,545.524460730853,16127,1712915087212
1220,2.5,-8.5,57.501953125,1795.585561473758,16383,1712915087212
1220,2.5,-15.5,58.501953125,2725.118174846687,16639,1712915087212
1220,2.5,3.0,39.501953125,3750.809334430609,16895,1712915087212
1220,2.5,14.5,-7.0,-3044.5198042532525,17151,1712915087212
1220,2.5,63.5,61.5,3846.967880641602,17152,1712915087212
1220,2.5,50.5,62.5,-3909.8215137118077,17663,1712915087212
1220,2.5,21.0,63.0,2340.6091964430952,17919,1712915087212
1220,3.0,36.5,57.0,64.8569361162685,16127,1712915087212
1221,-0.3046875,0.7109375,-2.318359375,0.0,13,1712915087313
1221,-0.310546875,1.015625,-2.2421875,0.0,21,1712915087313
1221,-0.314453125,0.94140625,-2.31640625,0.0,19,1712915087313
1221,-0.3203125,0.689453125,-2.44140625,0.0,11,1712915087313
1221,-0.150390625,0.423828125,-2.36328125,0.12520644037889672,27,1712915087313
1221,-0.15234375,0.5546875,-2.375,0.12520644037889672,45,1712915087313
1221,-0.154296875,0.298828125,-2.458984375,0.12520644037889672,32,1712915087313
1221,-0.224609375,1.087890625,-2.1328125,0.25041288075779344,22,1712915087313
1221,-0.228515625,1.296875,-2.05859375,0.25041288075779344,35,1712915087313
1221,-0.310546875,0.845703125,-2.3125,0.25041288075779344,18,1712915087313
1221,-0.236328125,1.310546875,2.138671875,0.25041288075779344,42,1712915087313
1221,-0.240234375,1.037109375,2.326171875,0.25041288075779344,55,1712915087313
1221,-0.162109375,0.619140625,2.515625,0.25041288075779344,34,1712915087313
1221,0.0,2.38671875,-0.5234375,0.37561932113669017,24,1712915087313
1221,0.154296875,2.4765625,-0.0546875,0.37561932113669017,38,1712915087313
1221,-1.259765625,2.181640625,0.06640625,0.37561932113669017,59,1712915087313
1221,-0.3203125,0.36328125,2.51171875,0.37561932113669017,83,1712915087313
1221,-0.162109375,1.744140625,-1.916015625,0.37561932113669017,61,1712915087313
1221,0.150390625,2.208984375,-0.939453125,0.5008257615155869,38,1712915087313
1221,0.15234375,2.14453125,-1.16015625,0.5008257615155869,76,1712915087313
1221,0.078125,2.30859375,0.908203125,0.5008257615155869,69,1712915087313
1221,0.236328125,2.5078125,-0.025390625,0.5008257615155869,91,1712915087313
1221,0.16015625,2.509765625,-0.466796875,0.5008257615155869,136,1712915087313
1221,0.08203125,2.509765625,-0.65625,0.5008257615155869,114,1712915087313
1221,0.08203125,2.55078125,-0.650390625,0.5008257615155869,58,1712915087313
1221,0.150390625,2.287109375,-0.73046875,0.6260322018944836,66,1712915087313
1221,0.15234375,2.255859375,-0.927734375,0.6260322018944836,121,1712915087313
1221,0.154296875,1.490234375,-1.9765625,0.6260322018944836,60,1712915087313
1221,0.236328125,2.50390625,0.13671875,0.6260322018944836,108,1712915087313
1221,0.16015625,2.55078125,-0.103515625,0.6260322018944836,210,1712915087313
1221,0.162109375,2.587890625,-0.14453125,0.6260322018944836,160,1712915087313
1221,0.0,2.634765625,0.0,0.6260322018944836,66,1712915087313
1221,0.333984375,2.626953125,-0.361328125,0.6260322018944836,40,1712915087313
1221,0.07421875,2.333984375,-0.576171875,0.7512386422733803,35,1712915087313
1221,0.076171875,2.359375,-0.630859375,0.7512386422733803,68,1712915087313
1221,0.0,2.36328125,-0.75390625,0.7512386422733803,65,1712915087313
1221,-0.236328125,2.3515625,-0.87109375,0.7512386422733803,44,1712915087313
1221,0.48046875,2.021484375,1.4921875,0.7512386422733803,45,1712915087313
1221,0.486328125,2.0390625,-1.53125,0.7512386422733803,58,1712915087313
1221,0.494140625,2.435546875,-0.873046875,0.7512386422733803,124,1712915087313
1221,0.41796875,2.546875,-0.69140625,0.7512386422733803,141,1712915087313
1221,0.337890625,2.62109375,-0.603515625,0.7512386422733803,83,1712915087313
1221,0.2578125,2.68359375,-0.533203125,0.7512386422733803,25,1712915087313
1221,0.0,2.48046875,0.03125,0.876445082652277,29,1712915087313
1221,0.0,2.51953125,-0.048828125,0.876445082652277,69,1712915087313
1221,0.0,2.5546875,-0.1171875,0.876445082652277,100,1712915087313
1221,0.244140625,2.556640625,-0.3828125,0.876445082652277,127,1712915087313
1221,0.412109375,2.54296875,-0.548828125,0.876445082652277,175,1712915087313
1221,0.41796875,2.58984375,-0.513671875,0.876445082652277,158,1712915087313
1221,0.337890625,2.65234375,-0.443359375,0.876445082652277,81,1712915087313
1221,0.171875,2.7265625,-0.296875,0.876445082652277,21,1712915087313
1221,0.078125,0.984375,-2.318359375,-1.0016515230311738,17,1712915087313
1221,0.6484375,0.58984375,2.443359375,-1.0016515230311738,25,1712915087313
1221,0.658203125,0.71875,2.447265625,-1.0016515230311738,36,1712915087313
1221,0.583984375,0.224609375,2.59765625,-1.0016515230311738,29,1712915087313
1221,0.0,0.51953125,-2.38671875,-0.876445082652277,27,1712915087313
1221,0.0,0.40625,-2.447265625,-0.876445082652277,46,1712915087313
1221,0.0,0.15625,-2.515625,-0.876445082652277,36,1712915087313
1221,0.0,0.955078125,-2.25,-0.7512386422733803,42,1712915087313
1221,0.0,0.853515625,-2.330078125,-0.7512386422733803,67,1712915087313
1221,0.0,0.837890625,-2.376953125,-0.7512386422733803,52,1712915087313
1221,0.0,1.091796875,-2.314453125,-0.7512386422733803,17,1712915087313
1221,0.0,1.1171875,-2.171875,-0.6260322018944836,31,1712915087313
1221,0.0,1.107421875,-2.220703125,-0.6260322018944836,48,1712915087313
1222,0.078125,2.517578125,-0.0390625,0.5008257615155869,73,1712915087413
1222,0.080078125,2.556640625,-0.05078125,0.5008257615155869,150,1712915087413
1222,0.08203125,2.59375,-0.01171875,0.5008257615155869,145,1712915087413
1222,0.24609375,2.62109375,-0.068359375,0.5008257615155869,92,1712915087413
1222,0.333984375,2.63671875,-0.28125,0.5008257615155869,92,1712915087413
1222,0.337890625,2.6640625,-0.373046875,0.5008257615155869,84,1712915087413
1222,0.34375,2.681640625,-0.490234375,0.5008257615155869,41,1712915087413
1222,0.232421875,2.349609375,-0.763671875,0.6260322018944836,53,1712915087413
1222,0.236328125,2.47265625,-0.421875,0.6260322018944836,82,1712915087413
1222,0.080078125,2.525390625,0.404296875,0.6260322018944836,143,1712915087413
1222,0.08203125,2.48828125,0.73828125,0.6260322018944836,164,1712915087413
1222,0.330078125,2.595703125,0.310546875,0.6260322018944836,135,1712915087413
1222,0.333984375,2.650390625,-0.09765625,0.6260322018944836,198,1712915087413
1222,0.337890625,2.67578125,-0.263671875,0.6260322018944836,208,1712915087413
1222,0.34375,2.697265625,-0.40625,0.6260322018944836,125,1712915087413
1222,0.15234375,2.3203125,-0.748046875,0.7512386422733803,25,1712915087413
1222,0.232421875,2.39453125,-0.60546875,0.7512386422733803,132,1712915087413
1222,0.236328125,2.4609375,-0.482421875,0.7512386422733803,250,1712915087413
1222,0.240234375,2.525390625,-0.326171875,0.7512386422733803,208,1712915087413
1222,0.568359375,2.525390625,0.1953125,0.7512386422733803,77,1712915087413
1222,-0.24609375,2.197265625,-1.431640625,0.7512386422733803,105,1712915087413
1222,0.501953125,2.619140625,0.171875,0.7512386422733803,139,1712915087413
1222,0.337890625,2.68359375,-0.1796875,0.7512386422733803,180,1712915087413
1222,0.34375,2.689453125,-0.453125,0.7512386422733803,142,1712915087413
1222,0.34765625,2.69921875,-0.6015625,0.7512386422733803,70,1712915087413
1222,0.154296875,2.43359375,-0.455078125,0.876445082652277,87,1712915087413
1222,0.158203125,2.494140625,-0.318359375,0.876445082652277,177,1712915087413
1222,0.16015625,2.546875,-0.166015625,0.876445082652277,174,1712915087413
1222,0.0,2.568359375,-0.3828125,0.876445082652277,121,1712915087413
1222,-0.1640625,2.58203125,-0.490234375,0.876445082652277,146,1712915087413
1222,-0.25,2.650390625,-0.2265625,0.876445082652277,100,1712915087413
1222,0.423828125,2.56640625,-0.76171875,0.876445082652277,67,1712915087413
1222,0.34375,2.669921875,-0.556640625,0.876445082652277,84,1712915087413
1222,0.26171875,2.734375,-0.46875,0.876445082652277,51,1712915087413
1222,0.1640625,0.5546875,-2.5703125,-1.0016515230311738,54,1712915087413
1222,0.16796875,0.9296875,-2.5,-1.0016515230311738,60,1712915087413
1222,0.169921875,1.28125,-2.3828125,-1.0016515230311738,23,1712915087413
1222,0.6875,1.5546875,2.16015625,-1.0016515230311738,19,1712915087413
1222,0.0,0.65625,2.47265625,-0.876445082652277,44,1712915087413
1222,0.0,0.677734375,2.505859375,-0.876445082652277,90,1712915087413
1222,0.08203125,0.712890625,2.53515625,-0.876445082652277,92,1712915087413
1222,0.16796875,0.576171875,2.603515625,-0.876445082652277,51,1712915087413
1222,0.25390625,0.669921875,-2.61328125,-0.876445082652277,18,1712915087413
1222,-0.080078125,0.642578125,-2.474609375,-0.7512386422733803,48,1712915087413
1222,0.0,0.70703125,-2.498046875,-0.7512386422733803,99,1712915087413
1222,0.0,0.63671875,-2.556640625,-0.7512386422733803,97,1712915087413
1222,0.0,0.685546875,-2.58203125,-0.7512386422733803,47,1712915087413
1222,0.0,0.646484375,-2.474609375,-0.6260322018944836,17,1712915087413
1222,0.0,1.083984375,-2.359375,-0.6260322018944836,33,1712915087413
1222,0.0,0.953125,-2.455078125,-0.6260322018944836,29,1712915087413
1222,-0.423828125,0.857421875,-2.53515625,-0.37561932113669017,20,1712915087413
1222,-0.4296875,0.8671875,-2.572265625,-0.37561932113669017,31,1712915087413
1222,-0.435546875,1.037109375,-2.548828125,-0.37561932113669017,20,1712915087413
1222,-0.423828125,1.08984375,-2.4453125,-0.25041288075779344,39,1712915087413
1222,-0.4296875,1.037109375,-2.5078125,-0.25041288075779344,63,1712915087413
1222,-0.435546875,1.1015625,-2.521484375,-0.25041288075779344,41,1712915087413
1222,-0.423828125,1.5546875,-2.1796875,-0.12520644037889672,30,1712915087413
1222,-0.4296875,1.521484375,-2.248046875,-0.12520644037889672,48,1712915087413
1222,-0.435546875,1.49609375,-2.310546875,-0.12520644037889672,33,1712915087413
1222,-0.865234375,1.1640625,2.05859375,0.6260322018944836,43,1712915087413
1222,-0.32421875,1.90234375,-1.736328125,0.7512386422733803,74,1712915087413
1222,0.658203125,2.44140625,0.73828125,0.7512386422733803,79,1712915087413
1222,-0.822265625,2.501953125,-0.0234375,-1.0016515230311738,32,1712915087413
1222,-0.8359375,2.5390625,0.001953125,-1.0016515230311738,35,1712915087413
1223,0.330078125,2.052734375,-1.6171875,0.0,13,1712915087513
1223,0.0,2.31640625,-1.40625,0.0,19,1712915087513
1223,0.0,2.291015625,-1.51953125,0.0,23,1712915087513
1223,0.515625,2.560546875,-0.857421875,0.12520644037889672,24,1712915087513
1223,0.5234375,2.55078125,-0.99609375,0.12520644037889672,21,1712915087513
1223,0.423828125,2.599609375,-0.640625,0.25041288075779344,32,1712915087513
1223,0.4296875,2.62109375,-0.705078125,0.25041288075779344,51,1712915087513
1223,0.435546875,2.66796875,-0.673828125,0.25041288075779344,42,1712915087513
1223,0.423828125,2.61328125,-0.578125,0.37561932113669017,19,1712915087513
1223,0.4296875,2.611328125,-0.744140625,0.37561932113669017,51,1712915087513
1223,0.435546875,2.640625,-0.77734375,0.37561932113669017,63,1712915087513
1223,0.44140625,2.669921875,-0.810546875,0.37561932113669017,38,1712915087513
1223,0.5078125,2.58203125,-0.6484375,0.5008257615155869,38,1712915087513
1223,0.4296875,2.650390625,-0.587890625,0.5008257615155869,95,1712915087513
1223,0.435546875,2.693359375,-0.5703125,0.5008257615155869,105,1712915087513
1223,0.353515625,2.759765625,-0.494140625,0.5008257615155869,55,1712915087513
1223,0.0,2.583984375,0.248046875,0.6260322018944836,22,1712915087513
1223,0.08203125,2.626953125,0.171875,0.6260322018944836,40,1712915087513
1223,0.0,2.671875,-0.02734375,0.6260322018944836,39,1712915087513
1223,-0.083984375,2.685546875,-0.35546875,0.6260322018944836,29,1712915087513
1223,0.26171875,2.630859375,-0.8828125,0.6260322018944836,21,1712915087513
1223,0.265625,2.685546875,-0.83203125,0.6260322018944836,21,1712915087513
1223,-0.21484375,3.068359375,-1.53125,0.6260322018944836,21,1712915087513
1223,-0.326171875,2.84765625,-1.962890625,0.6260322018944836,32,1712915087513
1223,0.08203125,2.59375,0.001953125,0.7512386422733803,40,1712915087513
1223,0.08203125,2.6328125,0.01953125,0.7512386422733803,77,1712915087513
1223,0.083984375,2.66796875,-0.107421875,0.7512386422733803,89,1712915087513
1223,0.083984375,2.6953125,-0.2734375,0.7512386422733803,112,1712915087513
1223,0.171875,2.7265625,-0.302734375,0.7512386422733803,113,1712915087513
1223,0.34765625,2.7265625,-0.458984375,0.7512386422733803,77,1712915087513
1223,0.353515625,2.763671875,-0.462890625,0.7512386422733803,44,1712915087513
1223,-0.322265625,3.279296875,-0.97265625,0.7512386422733803,48,1712915087513
1223,-0.326171875,3.31640625,-0.984375,0.7512386422733803,82,1712915087513
1223,-0.21875,3.349609375,-1.03125,0.7512386422733803,67,1712915087513
1223,0.16015625,2.53125,-0.328125,0.876445082652277,34,1712915087513
1223,0.162109375,2.564453125,-0.36328125,0.876445082652277,132,1712915087513
1223,0.1640625,2.59765625,-0.400390625,0.876445082652277,205,1712915087513
1223,0.0,2.666015625,-0.169921875,0.876445082652277,151,1712915087513
1223,-0.169921875,2.69921875,-0.16796875,0.876445082652277,357,1712915087513
1223,-0.0859375,2.740234375,-0.208984375,0.876445082652277,368,1712915087513
1223,-0.173828125,2.775390625,-0.169921875,0.876445082652277,170,1712915087513
1223,-0.43359375,3.4453125,0.07421875,0.876445082652277,65,1712915087513
1223,0.48046875,0.0,-2.5546875,-1.0016515230311738,25,1712915087513
1223,0.486328125,0.974609375,2.35546875,-1.0016515230311738,130,1712915087513
1223,0.576171875,1.0859375,2.330078125,-1.0016515230311738,212,1712915087513
1223,-0.083984375,1.955078125,-1.818359375,-1.0016515230311738,174,1712915087513
1223,0.083984375,0.583984375,2.646484375,-1.0016515230311738,389,1712915087513
1223,0.171875,0.9140625,2.5859375,-1.0016515230311738,396,1712915087513
1223,0.173828125,0.865234375,2.64453125,-1.0016515230311738,179,1712915087513
1223,0.486328125,0.5234375,2.49609375,-0.876445082652277,28,1712915087513
1223,0.494140625,0.7421875,2.478515625,-0.876445082652277,80,1712915087513
1223,-0.16796875,2.103515625,-1.640625,-0.876445082652277,103,1712915087513
1223,0.0,0.07421875,-2.708984375,-0.876445082652277,196,1712915087513
1223,0.0859375,0.623046875,2.67578125,-0.876445082652277,193,1712915087513
1223,-0.087890625,0.31640625,-2.767578125,-0.876445082652277,91,1712915087513
1223,-0.17578125,1.50390625,-2.384765625,-0.876445082652277,29,1712915087513
1223,-0.537109375,1.51953125,-2.3671875,-0.876445082652277,32,1712915087513
1223,-0.544921875,1.134765625,-2.615234375,-0.876445082652277,27,1712915087513
1223,0.40625,1.37109375,2.16796875,-0.7512386422733803,24,1712915087513
1223,0.412109375,1.1328125,2.341796875,-0.7512386422733803,21,1712915087513
1223,-0.083984375,1.3515625,-2.34765625,-0.7512386422733803,25,1712915087513
1223,0.0,1.33984375,-2.400390625,-0.7512386422733803,25,1712915087513
1223,-0.537109375,1.75390625,-2.19921875,-0.7512386422733803,24,1712915087513
1223,-0.634765625,1.44140625,-2.4375,-0.7512386422733803,18,1712915087513
