1221,-0.1796875,1.888671875,0.203125,0.0,17,1712137653101
1221,-0.181640625,1.93359375,0.146484375,0.0,36,1712137653101
1221,-0.185546875,1.974609375,0.06640625,0.0,41,1712137653101
1221,-0.251953125,2.005859375,-0.06640625,0.0,40,1712137653101
1221,-0.322265625,2.03125,-0.138671875,0.0,43,1712137653101
1221,-0.328125,2.056640625,-0.259765625,0.0,42,1712137653101
1221,-0.466796875,2.0625,-0.30859375,0.0,32,1712137653101
1221,-0.787109375,2.125,-0.330078125,0.0,17,1712137653101
1221,-0.39453125,2.048828125,-0.232421875,0.12520644037889672,27,1712137653101
1221,-0.400390625,2.08984375,-0.212890625,0.12520644037889672,22,1712137653101
1221,-0.181640625,1.931640625,-0.15234375,-0.25041288075779344,30,1712137653101
1221,-0.125,1.970703125,-0.2109375,-0.25041288075779344,35,1712137653101
1221,-0.189453125,1.9921875,-0.30078125,-0.25041288075779344,35,1712137653101
1221,-0.2578125,1.998046875,-0.439453125,-0.25041288075779344,38,1712137653101
1221,-0.39453125,1.986328125,-0.55078125,-0.25041288075779344,37,1712137653101
1221,-0.466796875,2.0,-0.58984375,-0.25041288075779344,30,1712137653101
1221,-0.1796875,1.8984375,0.095703125,-0.12520644037889672,34,1712137653101
1221,-0.181640625,1.9375,0.01953125,-0.12520644037889672,71,1712137653101
1221,-0.185546875,1.9765625,-0.05078125,-0.12520644037889672,82,1712137653101
1221,-0.189453125,2.0078125,-0.173828125,-0.12520644037889672,83,1712137653101
1221,-0.2578125,2.0234375,-0.29296875,-0.12520644037889672,92,1712137653101
1221,-0.328125,2.03515625,-0.404296875,-0.12520644037889672,95,1712137653101
1221,-0.400390625,2.056640625,-0.421875,-0.12520644037889672,76,1712137653101
1221,-0.4765625,2.087890625,-0.390625,-0.12520644037889672,34,1712137653101
1221,-0.703125,2.091796875,-0.447265625,-0.12520644037889672,26,1712137653101
1221,-0.71484375,2.123046875,-0.4765625,-0.12520644037889672,38,1712137653101
1221,-0.728515625,2.1640625,-0.458984375,-0.12520644037889672,25,1712137653101
1222,-0.23828125,1.892578125,-0.03515625,0.0,31,1712137653201
1222,-0.181640625,1.9375,-0.04296875,0.0,48,1712137653201
1222,-0.185546875,1.9765625,-0.056640625,0.0,41,1712137653201
1222,-0.251953125,2.001953125,-0.14453125,0.0,25,1712137653201
1222,-0.322265625,2.02734375,-0.197265625,0.0,22,1712137653201
1222,-0.39453125,2.052734375,-0.208984375,0.0,21,1712137653201
1222,-0.23828125,1.888671875,0.12890625,0.12520644037889672,18,1712137653201
1222,-0.244140625,1.9296875,0.09765625,0.12520644037889672,30,1712137653201
1222,-0.248046875,1.966796875,0.107421875,0.12520644037889672,25,1712137653201
1222,-0.251953125,2.0078125,0.037109375,0.12520644037889672,17,1712137653201
1222,-0.1796875,1.87890625,-0.2890625,-0.25041288075779344,27,1712137653201
1222,-0.181640625,1.919921875,-0.267578125,-0.25041288075779344,42,1712137653201
1222,-0.185546875,1.951171875,-0.318359375,-0.25041288075779344,35,1712137653201
1222,-0.251953125,1.97265625,-0.369140625,-0.25041288075779344,21,1712137653201
1222,-0.17578125,1.857421875,-0.142578125,-0.12520644037889672,19,1712137653201
1222,-0.23828125,1.88671875,-0.162109375,-0.12520644037889672,69,1712137653201
1222,-0.181640625,1.931640625,-0.15625,-0.12520644037889672,113,1712137653201
1222,-0.185546875,1.96875,-0.1796875,-0.12520644037889672,94,1712137653201
1222,-0.189453125,2.001953125,-0.220703125,-0.12520644037889672,59,1712137653201
1222,-0.322265625,2.013671875,-0.302734375,-0.12520644037889672,53,1712137653201
1222,-0.458984375,2.01953125,-0.34765625,-0.12520644037889672,54,1712137653201
1222,-0.53515625,2.05078125,-0.275390625,-0.12520644037889672,36,1712137653201
1223,-0.23828125,1.892578125,-0.033203125,0.0,11,1712137653302
1223,-0.181640625,1.9375,-0.00390625,0.0,17,1712137653302
1223,-0.248046875,1.96875,0.0,0.0,13,1712137653302
1223,-0.23828125,1.89453125,0.015625,0.12520644037889672,19,1712137653302
1223,-0.244140625,1.931640625,-0.021484375,0.12520644037889672,29,1712137653302
1223,-0.248046875,1.96875,-0.02734375,0.12520644037889672,22,1712137653302
1223,-0.1796875,1.890625,-0.1953125,-0.12520644037889672,37,1712137653302
1223,-0.181640625,1.927734375,-0.20703125,-0.12520644037889672,56,1712137653302
1223,-0.185546875,1.966796875,-0.197265625,-0.12520644037889672,46,1712137653302
1223,-0.251953125,1.990234375,-0.255859375,-0.12520644037889672,26,1712137653302
1223,-0.38671875,2.0078125,-0.259765625,-0.12520644037889672,30,1712137653302
1223,-0.458984375,2.029296875,-0.279296875,-0.12520644037889672,38,1712137653302
1223,-0.466796875,2.0546875,-0.36328125,-0.12520644037889672,27,1712137653302
1224,-0.38671875,1.958984375,-0.515625,-0.12520644037889672,17,1712137653402
1224,-0.458984375,1.9765625,-0.54296875,-0.12520644037889672,22,1712137653402
1225,-0.181640625,1.9375,0.017578125,0.12520644037889672,21,1712137653503
1225,-0.248046875,1.96875,-0.015625,0.12520644037889672,17,1712137653503
1225,-0.2578125,2.0234375,-0.3046875,0.12520644037889672,30,1712137653503
1225,-0.328125,2.052734375,-0.2890625,0.12520644037889672,41,1712137653503
1225,-0.333984375,2.0859375,-0.326171875,0.12520644037889672,29,1712137653503
1225,-0.193359375,1.9609375,-0.609375,-0.12520644037889672,22,1712137653503
1225,-0.26171875,2.005859375,-0.564453125,-0.12520644037889672,30,1712137653503
1226,-0.189453125,2.0,-0.244140625,0.0,15,1712137653604
1226,-0.193359375,2.00390625,-0.439453125,0.0,25,1712137653604
1226,-0.26171875,2.021484375,-0.501953125,0.0,30,1712137653604
1226,-0.267578125,2.072265625,-0.45703125,0.0,20,1712137653604
1226,-0.185546875,1.9765625,-0.01953125,0.12520644037889672,27,1712137653604
1226,-0.251953125,2.001953125,-0.1484375,0.12520644037889672,44,1712137653604
1226,-0.2578125,2.0234375,-0.30078125,0.12520644037889672,82,1712137653604
1226,-0.26171875,2.056640625,-0.333984375,0.12520644037889672,103,1712137653604
1226,-0.267578125,2.09375,-0.34375,0.12520644037889672,67,1712137653604
1226,-0.31640625,1.998046875,-0.029296875,0.25041288075779344,15,1712137653604
1226,-0.2578125,2.037109375,-0.173828125,0.25041288075779344,29,1712137653604
1226,-0.328125,2.0625,-0.216796875,0.25041288075779344,35,1712137653604
1226,-0.333984375,2.10546875,-0.16796875,0.25041288075779344,23,1712137653604
1226,-0.189453125,1.96484375,-0.443359375,-0.12520644037889672,20,1712137653604
1226,-0.2578125,1.9765625,-0.52734375,-0.12520644037889672,40,1712137653604
1226,-0.26171875,2.00390625,-0.56640625,-0.12520644037889672,50,1712137653604
1226,-0.267578125,2.044921875,-0.564453125,-0.12520644037889672,34,1712137653604
1227,-0.234375,1.853515625,-0.07421875,0.0,16,1712137653704
1227,-0.23828125,1.88671875,-0.169921875,0.0,46,1712137653704
1227,-0.181640625,1.9296875,-0.18359375,0.0,67,1712137653704
1227,-0.185546875,1.96484375,-0.205078125,0.0,49,1712137653704
1227,-0.251953125,1.990234375,-0.26171875,0.0,23,1712137653704
1227,-0.451171875,1.9765625,-0.375,0.0,40,1712137653704
1227,-0.39453125,2.029296875,-0.365234375,0.0,67,1712137653704
1227,-0.466796875,2.056640625,-0.34375,0.0,57,1712137653704
1227,-0.4765625,2.09765625,-0.328125,0.0,26,1712137653704
1227,-0.787109375,1.970703125,-0.86328125,0.0,12,1712137653704
1227,-0.654296875,2.021484375,-0.955078125,0.0,22,1712137653704
1227,-0.740234375,2.052734375,-0.91796875,0.0,27,1712137653704
1227,-0.234375,1.85546875,-0.029296875,0.12520644037889672,38,1712137653704
1227,-0.23828125,1.892578125,-0.05078125,0.12520644037889672,114,1712137653704
1227,-0.244140625,1.9296875,-0.06640625,0.12520644037889672,161,1712137653704
1227,-0.185546875,1.974609375,-0.076171875,0.12520644037889672,119,1712137653704
1227,-0.31640625,1.99609375,-0.099609375,0.12520644037889672,49,1712137653704
1227,-0.451171875,2.00390625,-0.17578125,0.12520644037889672,83,1712137653704
1227,-0.458984375,2.0390625,-0.19140625,0.12520644037889672,133,1712137653704
1227,-0.466796875,2.078125,-0.1796875,0.12520644037889672,111,1712137653704
1227,-0.6328125,2.087890625,-0.55859375,0.12520644037889672,33,1712137653704
1227,-0.71484375,2.06640625,-0.681640625,0.12520644037889672,29,1712137653704
1227,-0.728515625,2.05859375,-0.80859375,0.12520644037889672,37,1712137653704
1227,-0.740234375,2.103515625,-0.79296875,0.12520644037889672,52,1712137653704
1227,-0.751953125,2.119140625,-0.853515625,0.12520644037889672,39,1712137653704
1227,-0.23828125,1.89453125,0.03125,0.25041288075779344,43,1712137653704
1227,-0.244140625,1.931640625,0.029296875,0.25041288075779344,62,1712137653704
1227,-0.248046875,1.96875,0.025390625,0.25041288075779344,46,1712137653704
1227,-0.451171875,2.01171875,-0.03125,0.25041288075779344,36,1712137653704
1227,-0.458984375,2.046875,-0.078125,0.25041288075779344,58,1712137653704
1227,-0.814453125,2.12109375,-0.6640625,0.25041288075779344,27,1712137653704
1227,-0.1796875,1.873046875,-0.322265625,-0.12520644037889672,36,1712137653704
1227,-0.181640625,1.912109375,-0.314453125,-0.12520644037889672,50,1712137653704
1227,-0.185546875,1.953125,-0.298828125,-0.12520644037889672,35,1712137653704
1228,-0.29296875,1.841796875,-0.150390625,0.0,12,1712137653804
1228,-0.1796875,1.888671875,-0.212890625,0.0,51,1712137653804
1228,-0.181640625,1.927734375,-0.212890625,0.0,89,1712137653804
1228,-0.185546875,1.962890625,-0.234375,0.0,73,1712137653804
1228,-0.31640625,1.962890625,-0.373046875,0.0,25,1712137653804
1228,-0.515625,1.912109375,-0.572265625,0.0,27,1712137653804
1228,-0.458984375,2.005859375,-0.416015625,0.0,55,1712137653804
1228,-0.466796875,2.0546875,-0.36328125,0.0,54,1712137653804
1228,-0.666015625,2.1171875,-0.822265625,0.0,18,1712137653804
1228,-0.751953125,2.11328125,-0.87109375,0.0,18,1712137653804
1228,-0.234375,1.853515625,-0.1015625,0.12520644037889672,27,1712137653804
1228,-0.23828125,1.892578125,-0.080078125,0.12520644037889672,109,1712137653804
1228,-0.244140625,1.9296875,-0.0859375,0.12520644037889672,191,1712137653804
1228,-0.185546875,1.97265625,-0.107421875,0.12520644037889672,157,1712137653804
1228,-0.251953125,1.99609375,-0.208984375,0.12520644037889672,55,1712137653804
1228,-0.515625,1.92578125,-0.525390625,0.12520644037889672,50,1712137653804
1228,-0.458984375,2.025390625,-0.3125,0.12520644037889672,103,1712137653804
1228,-0.466796875,2.0703125,-0.25390625,0.12520644037889672,102,1712137653804
1228,-0.4765625,2.119140625,-0.14453125,0.12520644037889672,52,1712137653804
1228,-0.666015625,2.107421875,-0.849609375,0.12520644037889672,31,1712137653804
1228,-0.67578125,2.162109375,-0.810546875,0.12520644037889672,38,1712137653804
1228,-0.23828125,1.892578125,0.048828125,0.25041288075779344,45,1712137653804
1228,-0.244140625,1.931640625,0.041015625,0.25041288075779344,79,1712137653804
1228,-0.248046875,1.96875,0.021484375,0.25041288075779344,65,1712137653804
1228,-0.31640625,1.99609375,-0.08203125,0.25041288075779344,23,1712137653804
1228,-0.458984375,2.04296875,-0.150390625,0.25041288075779344,47,1712137653804
1228,-0.740234375,2.13671875,-0.697265625,0.25041288075779344,26,1712137653804
1228,-0.751953125,2.19140625,-0.6484375,0.25041288075779344,31,1712137653804
1228,-0.23828125,1.873046875,-0.275390625,-0.12520644037889672,21,1712137653804
1228,-0.181640625,1.916015625,-0.294921875,-0.12520644037889672,37,1712137653804
1228,-0.185546875,1.94921875,-0.330078125,-0.12520644037889672,30,1712137653804
1229,-0.654296875,2.173828125,-0.515625,0.0,13,1712137653904
1229,-0.666015625,2.19921875,-0.568359375,0.0,15,1712137653904
1229,-0.298828125,1.8828125,-0.091796875,0.12520644037889672,22,1712137653904
1229,-0.42578125,1.88671875,-0.22265625,0.12520644037889672,24,1712137653904
1229,-0.43359375,1.935546875,-0.07421875,0.12520644037889672,26,1712137653904
1229,-0.443359375,1.974609375,0.03125,0.12520644037889672,20,1712137653904
1229,-0.39453125,2.041015625,-0.294921875,0.12520644037889672,35,1712137653904
1229,-0.58203125,2.23046875,-0.330078125,0.12520644037889672,25,1712137653904
1229,-0.591796875,2.25390625,-0.4140625,0.12520644037889672,31,1712137653904
1229,-0.193359375,1.9375,-0.673828125,-0.12520644037889672,20,1712137653904
1229,-0.197265625,1.98046875,-0.671875,-0.12520644037889672,32,1712137653904
1229,-0.267578125,2.041015625,-0.580078125,-0.12520644037889672,25,1712137653904
1230,-0.458984375,2.005859375,-0.4140625,0.0,21,1712137654004
1230,-0.466796875,2.046875,-0.3984375,0.0,25,1712137654004
1230,-0.544921875,2.068359375,-0.404296875,0.0,18,1712137654004
1230,-0.248046875,1.96875,0.01953125,0.12520644037889672,24,1712137654004
1230,-0.322265625,2.005859375,-0.34765625,0.12520644037889672,35,1712137654004
1230,-0.39453125,2.041015625,-0.296875,0.12520644037889672,80,1712137654004
1230,-0.466796875,2.064453125,-0.302734375,0.12520644037889672,85,1712137654004
1230,-0.4765625,2.10546875,-0.28125,0.12520644037889672,54,1712137654004
1230,-0.39453125,2.056640625,-0.158203125,0.25041288075779344,29,1712137654004
1230,-0.466796875,2.080078125,-0.158203125,0.25041288075779344,31,1712137654004
1230,-0.2578125,1.943359375,-0.640625,-0.12520644037889672,22,1712137654004
1230,-0.328125,1.9921875,-0.57421875,-0.12520644037889672,46,1712137654004
1230,-0.333984375,2.044921875,-0.52734375,-0.12520644037889672,45,1712137654004
1231,-0.244140625,1.931640625,-0.0546875,0.0,18,1712137654105
1231,-0.248046875,1.96875,-0.076171875,0.0,18,1712137654105
1231,-0.244140625,1.927734375,0.13671875,0.12520644037889672,30,1712137654105
1231,-0.248046875,1.96484375,0.134765625,0.12520644037889672,28,1712137654105
1231,-0.26171875,2.064453125,-0.28125,0.12520644037889672,33,1712137654105
1231,-0.333984375,2.099609375,-0.232421875,0.12520644037889672,37,1712137654105
1231,-0.244140625,1.908203125,-0.30078125,-0.25041288075779344,19,1712137654105
1231,-0.248046875,1.94140625,-0.33203125,-0.25041288075779344,20,1712137654105
1231,-0.1796875,1.896484375,-0.126953125,-0.12520644037889672,29,1712137654105
1231,-0.244140625,1.927734375,-0.12890625,-0.12520644037889672,59,1712137654105
1231,-0.248046875,1.9609375,-0.1875,-0.12520644037889672,57,1712137654105
1231,-0.189453125,1.99609375,-0.27734375,-0.12520644037889672,33,1712137654105
1231,-0.193359375,1.96875,-0.580078125,-0.12520644037889672,35,1712137654105
1231,-0.197265625,1.998046875,-0.61328125,-0.12520644037889672,56,1712137654105
1231,-0.201171875,2.041015625,-0.6015625,-0.12520644037889672,52,1712137654105
1232,-0.23828125,1.890625,0.115234375,0.0,64,1712137654205
1232,-0.244140625,1.927734375,0.111328125,0.0,126,1712137654205
1232,-0.248046875,1.966796875,0.09765625,0.0,120,1712137654205
1232,-0.251953125,2.001953125,0.146484375,0.0,44,1712137654205
1232,-0.26171875,2.037109375,-0.43359375,0.0,28,1712137654205
1232,-0.572265625,1.998046875,-0.962890625,0.0,19,1712137654205
1232,-0.2578125,2.0234375,-0.30078125,0.12520644037889672,38,1712137654205
1232,-0.26171875,2.064453125,-0.275390625,0.12520644037889672,61,1712137654205
1232,-0.333984375,2.09375,-0.275390625,0.12520644037889672,51,1712137654205
1232,-0.6328125,2.029296875,-0.7421875,0.12520644037889672,24,1712137654205
1232,-0.572265625,2.044921875,-0.85546875,0.12520644037889672,35,1712137654205
1232,-0.654296875,2.126953125,-0.68359375,0.12520644037889672,33,1712137654205
1232,-0.666015625,2.19921875,-0.56640625,0.12520644037889672,33,1712137654205
1232,-0.529296875,2.453125,-1.298828125,0.12520644037889672,24,1712137654205
1232,-0.537109375,2.515625,-1.2578125,0.12520644037889672,33,1712137654205
1232,-0.544921875,2.65234375,-1.04296875,0.12520644037889672,24,1712137654205
1232,-0.328125,2.068359375,-0.150390625,0.25041288075779344,18,1712137654205
1232,-0.572265625,2.119140625,-0.65625,0.25041288075779344,22,1712137654205
1232,-0.23828125,1.890625,-0.095703125,-0.25041288075779344,68,1712137654205
1232,-0.244140625,1.927734375,-0.123046875,-0.25041288075779344,134,1712137654205
1232,-0.248046875,1.96484375,-0.146484375,-0.25041288075779344,126,1712137654205
1232,-0.251953125,2.001953125,-0.1484375,-0.25041288075779344,47,1712137654205
1232,-0.26171875,1.974609375,-0.6640625,-0.25041288075779344,33,1712137654205
1232,-0.267578125,2.01953125,-0.6484375,-0.25041288075779344,31,1712137654205
1232,-0.234375,1.85546875,0.013671875,-0.12520644037889672,22,1712137654205
1232,-0.23828125,1.89453125,0.0234375,-0.12520644037889672,116,1712137654205
1232,-0.244140625,1.931640625,-0.001953125,-0.12520644037889672,234,1712137654205
1232,-0.248046875,1.96875,-0.017578125,-0.12520644037889672,218,1712137654205
1232,-0.251953125,2.0078125,0.041015625,-0.12520644037889672,75,1712137654205
1232,-0.193359375,1.970703125,-0.576171875,-0.12520644037889672,57,1712137654205
1232,-0.26171875,2.015625,-0.529296875,-0.12520644037889672,105,1712137654205
1232,-0.267578125,2.052734375,-0.53125,-0.12520644037889672,94,1712137654205
1232,-0.33984375,2.08203125,-0.533203125,-0.12520644037889672,46,1712137654205
1233,-0.3515625,1.83203125,0.130859375,0.0,17,1712137654306
1233,-0.298828125,1.8828125,0.0859375,0.0,38,1712137654306
1233,-0.3046875,1.919921875,0.095703125,0.0,42,1712137654306
1233,-0.373046875,1.94921875,0.078125,0.0,27,1712137654306
1233,-0.443359375,1.97265625,0.0703125,0.0,20,1712137654306
1233,-0.451171875,2.009765625,-0.0703125,0.0,49,1712137654306
1233,-0.458984375,2.044921875,-0.1328125,0.0,97,1712137654306
1233,-0.466796875,2.08203125,-0.142578125,0.0,103,1712137654306
1233,-0.544921875,2.103515625,-0.109375,0.0,57,1712137654306
1233,-0.626953125,2.337890625,-1.529296875,0.0,20,1712137654306
1233,-0.634765625,2.400390625,-1.5,0.0,17,1712137654306
1233,-0.458984375,2.046875,-0.072265625,0.12520644037889672,23,1712137654306
1233,-0.466796875,2.08203125,-0.119140625,0.12520644037889672,27,1712137654306
1233,-0.740234375,1.9765625,-1.072265625,0.12520644037889672,42,1712137654306
1233,-0.751953125,2.033203125,-1.041015625,0.12520644037889672,47,1712137654306
1233,-0.626953125,2.439453125,-1.361328125,0.12520644037889672,36,1712137654306
1233,-0.634765625,2.62890625,-1.048828125,0.12520644037889672,34,1712137654306
1233,-0.740234375,2.048828125,-0.92578125,0.25041288075779344,50,1712137654306
1233,-0.751953125,2.103515625,-0.890625,0.25041288075779344,58,1712137654306
1233,-0.740234375,2.078125,-0.857421875,0.37561932113669017,20,1712137654306
1233,-0.826171875,2.123046875,-0.771484375,0.37561932113669017,23,1712137654306
1233,-0.29296875,1.83984375,-0.177734375,-0.37561932113669017,41,1712137654306
1233,-0.298828125,1.87109375,-0.2265625,-0.37561932113669017,100,1712137654306
1233,-0.244140625,1.9140625,-0.265625,-0.37561932113669017,115,1712137654306
1233,-0.248046875,1.9453125,-0.30859375,-0.37561932113669017,72,1712137654306
1233,-0.189453125,1.96875,-0.431640625,-0.37561932113669017,37,1712137654306
1233,-0.29296875,1.845703125,-0.0859375,-0.25041288075779344,87,1712137654306
1233,-0.298828125,1.8828125,-0.109375,-0.25041288075779344,218,1712137654306
1233,-0.3046875,1.91796875,-0.130859375,-0.25041288075779344,262,1712137654306
1233,-0.248046875,1.9609375,-0.173828125,-0.25041288075779344,164,1712137654306
1233,-0.251953125,1.9921875,-0.25,-0.25041288075779344,82,1712137654306
1233,-0.322265625,2.009765625,-0.328125,-0.25041288075779344,75,1712137654306
1233,-0.458984375,2.015625,-0.36328125,-0.25041288075779344,101,1712137654306
1233,-0.466796875,2.041015625,-0.435546875,-0.25041288075779344,96,1712137654306
1233,-0.544921875,2.052734375,-0.478515625,-0.25041288075779344,49,1712137654306
1233,-0.29296875,1.84765625,0.02734375,-0.12520644037889672,61,1712137654306
1233,-0.298828125,1.884765625,0.001953125,-0.12520644037889672,153,1712137654306
1233,-0.3046875,1.923828125,-0.01171875,-0.12520644037889672,187,1712137654306
1233,-0.310546875,1.9609375,-0.03125,-0.12520644037889672,119,1712137654306
1233,-0.31640625,1.99609375,-0.083984375,-0.12520644037889672,63,1712137654306
1233,-0.38671875,2.015625,-0.197265625,-0.12520644037889672,110,1712137654306
1233,-0.458984375,2.03125,-0.265625,-0.12520644037889672,202,1712137654306
1233,-0.466796875,2.064453125,-0.298828125,-0.12520644037889672,208,1712137654306
1233,-0.4765625,2.099609375,-0.3125,-0.12520644037889672,114,1712137654306
1233,-0.484375,2.138671875,-0.306640625,-0.12520644037889672,26,1712137654306
1234,-0.3515625,1.828125,0.1796875,0.0,14,1712137654406
1234,-0.298828125,1.8828125,0.099609375,0.0,18,1712137654406
1234,-0.365234375,1.912109375,-0.0546875,0.0,16,1712137654406
1234,-0.373046875,1.9453125,-0.126953125,0.0,13,1712137654406
1234,-0.37890625,1.98046875,-0.166015625,0.0,23,1712137654406
1234,-0.451171875,2.001953125,-0.197265625,0.0,72,1712137654406
1234,-0.525390625,2.0234375,-0.1875,0.0,135,1712137654406
1234,-0.53515625,2.064453125,-0.14453125,0.0,129,1712137654406
1234,-0.544921875,2.103515625,-0.12890625,0.0,58,1712137654406
1234,-0.39453125,2.052734375,-0.19140625,0.12520644037889672,28,1712137654406
1234,-0.244140625,1.931640625,-0.0390625,-0.5008257615155869,28,1712137654406
1234,-0.310546875,1.958984375,-0.0625,-0.5008257615155869,23,1712137654406
1234,-0.287109375,1.798828125,-0.197265625,-0.37561932113669017,44,1712137654406
1234,-0.29296875,1.833984375,-0.23046875,-0.37561932113669017,91,1712137654406
1234,-0.298828125,1.865234375,-0.2734375,-0.37561932113669017,81,1712137654406
1234,-0.244140625,1.9296875,-0.1015625,-0.37561932113669017,52,1712137654406
1234,-0.310546875,1.9609375,-0.01953125,-0.37561932113669017,45,1712137654406
1234,-0.38671875,2.01171875,-0.232421875,-0.37561932113669017,27,1712137654406
1234,-0.39453125,2.03125,-0.361328125,-0.37561932113669017,31,1712137654406
1234,-0.53515625,2.025390625,-0.42578125,-0.37561932113669017,22,1712137654406
1234,-0.287109375,1.80859375,-0.080078125,-0.25041288075779344,62,1712137654406
1234,-0.234375,1.853515625,-0.099609375,-0.25041288075779344,138,1712137654406
1234,-0.298828125,1.87890625,-0.1640625,-0.25041288075779344,145,1712137654406
1234,-0.244140625,1.921875,-0.197265625,-0.25041288075779344,79,1712137654406
1234,-0.310546875,1.9609375,-0.037109375,-0.25041288075779344,34,1712137654406
1234,-0.515625,1.953125,-0.41015625,-0.25041288075779344,76,1712137654406
1234,-0.525390625,1.98828125,-0.419921875,-0.25041288075779344,162,1712137654406
1234,-0.466796875,2.048828125,-0.39453125,-0.25041288075779344,158,1712137654406
1234,-0.544921875,2.07421875,-0.373046875,-0.25041288075779344,71,1712137654406
1234,-3.19140625,0.0,3.369140625,-0.25041288075779344,18,1712137654406
1234,3.607421875,1.869140625,-0.703125,-0.25041288075779344,14,1712137654406
1234,-0.34375,1.798828125,-0.029296875,-0.12520644037889672,22,1712137654406
1234,-0.29296875,1.84765625,-0.0234375,-0.12520644037889672,57,1712137654406
1234,-0.298828125,1.884765625,-0.076171875,-0.12520644037889672,74,1712137654406
1234,-0.3046875,1.916015625,-0.171875,-0.12520644037889672,54,1712137654406
1234,-0.373046875,1.931640625,-0.263671875,-0.12520644037889672,21,1712137654406
1234,-0.451171875,1.9765625,-0.37109375,-0.12520644037889672,125,1712137654406
1234,-0.458984375,2.025390625,-0.306640625,-0.12520644037889672,252,1712137654406
1234,-0.466796875,2.068359375,-0.265625,-0.12520644037889672,240,1712137654406
1234,-0.544921875,2.09375,-0.2421875,-0.12520644037889672,109,1712137654406
1234,-0.623046875,2.111328125,-0.23828125,-0.12520644037889672,15,1712137654406
1234,-3.19140625,0.0,3.654296875,-0.12520644037889672,20,1712137654406
1234,3.447265625,2.021484375,-0.849609375,-0.25041288075779344,13,1712137654406
1234,-3.091796875,0.0,3.685546875,-0.25041288075779344,14,1712137654406
1234,-1.66015625,0.0,2.095703125,-0.12520644037889672,11,1712137654406
1234,3.318359375,2.248046875,-0.78515625,-0.12520644037889672,13,1712137654406
1235,-0.34375,1.80078125,-0.001953125,0.0,13,1712137654507
1235,-0.41015625,1.822265625,-0.10546875,0.0,28,1712137654507
1235,-0.357421875,1.873046875,-0.080078125,0.0,37,1712137654507
1235,-0.42578125,1.8984375,-0.080078125,0.0,29,1712137654507
1235,-0.373046875,1.94921875,-0.044921875,0.0,17,1712137654507
1235,-0.568359375,1.919921875,-0.287109375,0.0,14,1712137654507
1235,-0.515625,1.98046875,-0.25390625,0.0,66,1712137654507
1235,-0.525390625,2.01953125,-0.240234375,0.0,97,1712137654507
1235,-0.53515625,2.056640625,-0.234375,0.0,71,1712137654507
1235,-0.544921875,2.091796875,-0.244140625,0.0,25,1712137654507
1235,-0.591796875,1.83984375,-1.3671875,0.12520644037889672,22,1712137654507
1235,-0.591796875,1.921875,-1.248046875,0.25041288075779344,34,1712137654507
1235,-0.6015625,1.873046875,-1.384765625,0.25041288075779344,19,1712137654507
1235,-0.3046875,1.919921875,-0.111328125,-0.5008257615155869,24,1712137654507
1235,-0.373046875,1.947265625,-0.087890625,-0.5008257615155869,20,1712137654507
1235,-0.34375,1.744140625,-0.447265625,-0.37561932113669017,23,1712137654507
1235,-0.3515625,1.76171875,-0.521484375,-0.37561932113669017,17,1712137654507
1235,-0.298828125,1.884765625,-0.015625,-0.37561932113669017,23,1712137654507
1235,-0.3046875,1.921875,-0.06640625,-0.37561932113669017,41,1712137654507
1235,-0.373046875,1.9453125,-0.134765625,-0.37561932113669017,32,1712137654507
1235,-0.31640625,1.96875,-0.34375,-0.37561932113669017,34,1712137654507
1235,-0.322265625,2.01171875,-0.314453125,-0.37561932113669017,26,1712137654507
1235,-0.3359375,1.75,-0.212890625,-0.25041288075779344,23,1712137654507
1235,-0.34375,1.78125,-0.259765625,-0.25041288075779344,65,1712137654507
1235,-0.29296875,1.826171875,-0.28515625,-0.25041288075779344,81,1712137654507
1235,-0.298828125,1.861328125,-0.302734375,-0.25041288075779344,56,1712137654507
1235,-0.244140625,1.912109375,-0.275390625,-0.25041288075779344,57,1712137654507
1235,-0.310546875,1.94140625,-0.271484375,-0.25041288075779344,75,1712137654507
1235,-0.31640625,1.990234375,-0.1875,-0.25041288075779344,68,1712137654507
1235,-0.515625,1.9375,-0.4765625,-0.25041288075779344,53,1712137654507
1235,-0.525390625,1.970703125,-0.498046875,-0.25041288075779344,96,1712137654507
1235,-0.466796875,2.02734375,-0.48828125,-0.25041288075779344,74,1712137654507
1235,-0.544921875,2.0390625,-0.529296875,-0.25041288075779344,26,1712137654507
1235,-0.34375,1.794921875,-0.13671875,-0.12520644037889672,52,1712137654507
1235,-0.3515625,1.828125,-0.17578125,-0.12520644037889672,80,1712137654507
1235,-0.298828125,1.875,-0.203125,-0.12520644037889672,79,1712137654507
1235,-0.3046875,1.9140625,-0.19140625,-0.12520644037889672,68,1712137654507
1235,-0.310546875,1.955078125,-0.1484375,-0.12520644037889672,65,1712137654507
1235,-0.251953125,2.0078125,0.037109375,-0.12520644037889672,33,1712137654507
1235,-0.515625,1.951171875,-0.421875,-0.12520644037889672,109,1712137654507
1235,-0.458984375,2.015625,-0.3671875,-0.12520644037889672,179,1712137654507
1235,-0.53515625,2.037109375,-0.365234375,-0.12520644037889672,130,1712137654507
1235,-0.544921875,2.072265625,-0.376953125,-0.12520644037889672,44,1712137654507
1235,0.30078125,2.076171875,1.17578125,0.25041288075779344,12,1712137654507
1236,-0.392578125,1.75,-0.0390625,0.0,45,1712137654607
1236,-0.34375,1.798828125,-0.02734375,0.0,103,1712137654607
1236,-0.41015625,1.826171875,-0.01171875,0.0,110,1712137654607
1236,-0.41796875,1.861328125,0.05859375,0.0,60,1712137654607
1236,-0.486328125,1.880859375,0.140625,0.0,32,1712137654607
1236,-0.55859375,1.904296875,0.033203125,0.0,23,1712137654607
1236,-0.322265625,2.0,-0.380859375,0.0,79,1712137654607
1236,-0.39453125,2.02734375,-0.375,0.0,91,1712137654607
1236,-0.333984375,2.078125,-0.375,0.0,52,1712137654607
1236,-0.400390625,1.78515625,0.09375,0.12520644037889672,22,1712137654607
1236,-0.41015625,1.822265625,0.1171875,0.12520644037889672,25,1712137654607
1236,-0.611328125,2.126953125,-1.03515625,0.12520644037889672,25,1712137654607
1236,-0.67578125,2.1796875,-0.759765625,0.25041288075779344,25,1712137654607
1236,-0.6875,2.171875,-0.8828125,0.25041288075779344,32,1712137654607
1236,-0.775390625,2.197265625,-0.853515625,0.25041288075779344,23,1712137654607
1236,-0.34375,1.759765625,-0.375,-0.37561932113669017,37,1712137654607
1236,-0.3515625,1.796875,-0.380859375,-0.37561932113669017,47,1712137654607
1236,-0.41796875,1.822265625,-0.380859375,-0.37561932113669017,32,1712137654607
1236,-0.365234375,1.896484375,-0.25,-0.37561932113669017,22,1712137654607
1236,-0.43359375,1.92578125,-0.2109375,-0.37561932113669017,16,1712137654607
1236,-0.3359375,1.7421875,-0.263671875,-0.25041288075779344,70,1712137654607
1236,-0.34375,1.78125,-0.255859375,-0.25041288075779344,170,1712137654607
1236,-0.3515625,1.822265625,-0.23828125,-0.25041288075779344,196,1712137654607
1236,-0.41796875,1.8515625,-0.20703125,-0.25041288075779344,126,1712137654607
1236,-0.365234375,1.90625,-0.1484375,-0.25041288075779344,78,1712137654607
1236,-0.373046875,1.94140625,-0.17578125,-0.25041288075779344,54,1712137654607
1236,-0.37890625,1.93359375,-0.45703125,-0.25041288075779344,46,1712137654607
1236,-0.322265625,1.9296875,-0.646484375,-0.25041288075779344,74,1712137654607
1236,-0.328125,1.96484375,-0.666015625,-0.25041288075779344,82,1712137654607
1236,-0.333984375,2.00390625,-0.666015625,-0.25041288075779344,45,1712137654607
1236,-0.330078125,1.720703125,-0.109375,-0.12520644037889672,15,1712137654607
1236,-0.3359375,1.755859375,-0.150390625,-0.12520644037889672,91,1712137654607
1236,-0.34375,1.794921875,-0.140625,-0.12520644037889672,212,1712137654607
1236,-0.3515625,1.833984375,-0.11328125,-0.12520644037889672,232,1712137654607
1236,-0.41796875,1.861328125,-0.0625,-0.12520644037889672,136,1712137654607
1236,-0.42578125,1.900390625,-0.001953125,-0.12520644037889672,79,1712137654607
1236,-0.43359375,1.935546875,-0.091796875,-0.12520644037889672,56,1712137654607
1236,-0.37890625,1.94140625,-0.4296875,-0.12520644037889672,75,1712137654607
1236,-0.322265625,1.970703125,-0.513671875,-0.12520644037889672,163,1712137654607
1236,-0.328125,2.0078125,-0.517578125,-0.12520644037889672,184,1712137654607
1236,-0.400390625,2.03125,-0.533203125,-0.12520644037889672,101,1712137654607
1236,-0.33984375,2.08984375,-0.5,-0.12520644037889672,22,1712137654607
1237,-0.384765625,1.70703125,-0.15234375,0.0,22,1712137654708
1237,-0.392578125,1.744140625,-0.15234375,0.0,96,1712137654708
1237,-0.400390625,1.78125,-0.166015625,0.0,174,1712137654708
1237,-0.41015625,1.81640625,-0.173828125,0.0,152,1712137654708
1237,-0.41796875,1.849609375,-0.21484375,0.0,59,1712137654708
1237,-0.2578125,1.984375,-0.49609375,0.0,68,1712137654708
1237,-0.328125,2.017578125,-0.48046875,0.0,69,1712137654708
1237,-0.384765625,1.666015625,-0.40234375,-0.25041288075779344,20,1712137654708
1237,-0.3359375,1.716796875,-0.3984375,-0.25041288075779344,85,1712137654708
1237,-0.34375,1.755859375,-0.39453125,-0.25041288075779344,155,1712137654708
1237,-0.3515625,1.791015625,-0.41015625,-0.25041288075779344,136,1712137654708
1237,-0.357421875,1.8125,-0.478515625,-0.25041288075779344,52,1712137654708
1237,-0.251953125,1.869140625,-0.734375,-0.25041288075779344,25,1712137654708
1237,-0.322265625,1.892578125,-0.75,-0.25041288075779344,59,1712137654708
1237,-0.26171875,1.93359375,-0.775390625,-0.25041288075779344,60,1712137654708
1237,-0.333984375,1.953125,-0.8046875,-0.25041288075779344,28,1712137654708
1237,-0.384765625,1.6875,-0.302734375,-0.12520644037889672,41,1712137654708
1237,-0.392578125,1.728515625,-0.283203125,-0.12520644037889672,179,1712137654708
1237,-0.400390625,1.765625,-0.28515625,-0.12520644037889672,323,1712137654708
1237,-0.41015625,1.80078125,-0.296875,-0.12520644037889672,286,1712137654708
1237,-0.41796875,1.830078125,-0.349609375,-0.12520644037889672,114,1712137654708
1237,-0.31640625,1.888671875,-0.65234375,-0.12520644037889672,57,1712137654708
1237,-0.2578125,1.943359375,-0.634765625,-0.12520644037889672,135,1712137654708
1237,-0.328125,1.974609375,-0.6328125,-0.12520644037889672,135,1712137654708
1237,-0.333984375,2.005859375,-0.658203125,-0.12520644037889672,63,1712137654708
1237,-0.5234375,2.158203125,-1.685546875,-0.12520644037889672,20,1712137654708
1237,-0.529296875,2.23828125,-1.640625,-0.12520644037889672,20,1712137654708
1238,-0.384765625,1.703125,-0.18359375,0.0,20,1712137654808
1238,-0.44921875,1.724609375,-0.205078125,0.0,68,1712137654808
1238,-0.458984375,1.76171875,-0.203125,0.0,103,1712137654808
1238,-0.41015625,1.814453125,-0.1953125,0.0,79,1712137654808
1238,-0.4765625,1.833984375,-0.232421875,0.0,33,1712137654808
1238,-0.42578125,1.884765625,-0.24609375,0.0,17,1712137654808
1238,-0.37890625,1.9453125,-0.408203125,0.0,34,1712137654808
1238,-0.38671875,1.970703125,-0.46875,0.0,49,1712137654808
1238,-0.328125,2.013671875,-0.494140625,0.0,40,1712137654808
1238,-0.44921875,1.73046875,-0.1640625,0.12520644037889672,27,1712137654808
1238,-0.458984375,1.76953125,-0.140625,0.12520644037889672,40,1712137654808
1238,-0.525390625,1.79296875,-0.08984375,0.12520644037889672,28,1712137654808
1238,-0.392578125,1.6953125,-0.4375,-0.25041288075779344,59,1712137654808
1238,-0.400390625,1.736328125,-0.427734375,-0.25041288075779344,91,1712137654808
1238,-0.41015625,1.775390625,-0.421875,-0.25041288075779344,70,1712137654808
1238,-0.41796875,1.80859375,-0.447265625,-0.25041288075779344,31,1712137654808
1238,-0.31640625,1.87890625,-0.681640625,-0.25041288075779344,28,1712137654808
1238,-0.322265625,1.8984375,-0.734375,-0.25041288075779344,37,1712137654808
1238,-0.26171875,1.9609375,-0.703125,-0.25041288075779344,30,1712137654808
1238,-0.384765625,1.6796875,-0.3359375,-0.12520644037889672,42,1712137654808
1238,-0.392578125,1.720703125,-0.32421875,-0.12520644037889672,145,1712137654808
1238,-0.400390625,1.759765625,-0.318359375,-0.12520644037889672,217,1712137654808
1238,-0.41015625,1.798828125,-0.310546875,-0.12520644037889672,164,1712137654808
1238,-0.41796875,1.8359375,-0.314453125,-0.12520644037889672,70,1712137654808
1238,-0.365234375,1.884765625,-0.322265625,-0.12520644037889672,36,1712137654808
1238,-0.373046875,1.90234375,-0.431640625,-0.12520644037889672,42,1712137654808
1238,-0.31640625,1.919921875,-0.556640625,-0.12520644037889672,64,1712137654808
1238,-0.322265625,1.947265625,-0.59765625,-0.12520644037889672,85,1712137654808
1238,-0.26171875,1.990234375,-0.61328125,-0.12520644037889672,68,1712137654808
1238,-0.529296875,2.6328125,-0.875,-0.12520644037889672,23,1712137654808
1239,-0.494140625,1.6484375,-0.345703125,0.0,14,1712137654909
1239,-0.44921875,1.71484375,-0.27734375,0.0,42,1712137654909
1239,-0.458984375,1.755859375,-0.259765625,0.0,56,1712137654909
1239,-0.466796875,1.791015625,-0.265625,0.0,37,1712137654909
1239,-0.537109375,1.810546875,-0.275390625,0.0,14,1712137654909
1239,-0.38671875,1.96484375,-0.490234375,0.0,50,1712137654909
1239,-0.439453125,1.685546875,-0.22265625,0.12520644037889672,13,1712137654909
1239,-0.50390625,1.712890625,-0.169921875,0.12520644037889672,36,1712137654909
1239,-0.458984375,1.767578125,-0.154296875,0.12520644037889672,50,1712137654909
1239,-0.525390625,1.787109375,-0.169921875,0.12520644037889672,35,1712137654909
1239,-0.572265625,1.73828125,-0.08984375,0.25041288075779344,16,1712137654909
1239,-0.392578125,1.66796875,-0.53515625,-0.25041288075779344,41,1712137654909
1239,-0.458984375,1.6953125,-0.51953125,-0.25041288075779344,54,1712137654909
1239,-0.466796875,1.736328125,-0.513671875,-0.25041288075779344,36,1712137654909
1239,-0.31640625,1.849609375,-0.755859375,-0.25041288075779344,31,1712137654909
1239,-0.322265625,1.8828125,-0.775390625,-0.25041288075779344,44,1712137654909
1239,-0.39453125,1.8984375,-0.8046875,-0.25041288075779344,31,1712137654909
1239,-0.439453125,1.64453125,-0.431640625,-0.12520644037889672,36,1712137654909
1239,-0.44921875,1.69140625,-0.400390625,-0.12520644037889672,108,1712137654909
1239,-0.458984375,1.73046875,-0.38671875,-0.12520644037889672,145,1712137654909
1239,-0.41015625,1.78515625,-0.376953125,-0.12520644037889672,97,1712137654909
1239,-0.4765625,1.802734375,-0.40625,-0.12520644037889672,38,1712137654909
1239,-0.31640625,1.89453125,-0.634765625,-0.12520644037889672,76,1712137654909
1239,-0.38671875,1.92578125,-0.626953125,-0.12520644037889672,107,1712137654909
1239,-0.39453125,1.9609375,-0.63671875,-0.12520644037889672,76,1712137654909
1240,-0.515625,1.728515625,-0.322265625,0.0,17,1712137654958
1240,-0.515625,1.748046875,-0.197265625,0.12520644037889672,20,1712137654958
1240,-0.458984375,1.697265625,-0.515625,-0.25041288075779344,18,1712137654958
1240,-0.6015625,2.611328125,-0.611328125,-0.25041288075779344,26,1712137654958
1240,-0.50390625,1.6640625,-0.439453125,-0.12520644037889672,37,1712137654958
1240,-0.515625,1.703125,-0.435546875,-0.12520644037889672,48,1712137654958
1240,-0.525390625,1.736328125,-0.455078125,-0.12520644037889672,30,1712137654958
1241,-0.451171875,1.841796875,-0.810546875,-0.12520644037889672,30,1712137655059
1242,-0.443359375,1.80078125,-0.8125,-0.12520644037889672,28,1712137655159
1242,-0.451171875,1.83984375,-0.814453125,-0.12520644037889672,27,1712137655159
1243,-0.505859375,1.759765625,-0.861328125,-0.12520644037889672,28,1712137655260
1243,-0.451171875,1.841796875,-0.80859375,-0.12520644037889672,29,1712137655260
1248,-0.583984375,1.677734375,-0.5859375,0.12520644037889672,24,1712137655761
1248,-0.71484375,1.68359375,-0.546875,0.12520644037889672,18,1712137655761
1254,-0.701171875,1.689453125,-0.38671875,0.12520644037889672,22,1712137656364
1254,-0.71484375,1.708984375,-0.45703125,0.12520644037889672,20,1712137656364
1255,-0.71484375,1.71484375,-0.4375,0.12520644037889672,22,1712137656463
1255,-0.73046875,1.744140625,-0.4609375,0.12520644037889672,22,1712137656463
1256,-0.759765625,1.587890625,-0.6328125,0.12520644037889672,19,1712137656564
1256,-0.744140625,1.791015625,-0.42578125,0.12520644037889672,21,1712137656564
1256,-0.822265625,1.77734375,-0.51171875,0.12520644037889672,17,1712137656564
1257,-0.744140625,1.55859375,-0.611328125,0.0,13,1712137656664
1257,-0.818359375,1.568359375,-0.60546875,0.0,17,1712137656664
1257,-0.80078125,1.58984375,-0.43359375,0.12520644037889672,21,1712137656664
1257,-0.818359375,1.625,-0.4375,0.12520644037889672,31,1712137656664
1257,-0.89453125,1.609375,-0.501953125,0.12520644037889672,19,1712137656664
1258,-0.759765625,1.60546875,-0.583984375,0.0,11,1712137656765
1258,-0.8359375,1.6015625,-0.6171875,0.0,9,1712137656765
1258,-0.80078125,1.580078125,-0.46875,0.12520644037889672,14,1712137656765
1258,-0.759765625,1.630859375,-0.51171875,0.12520644037889672,24,1712137656765
1258,-0.8359375,1.6484375,-0.48046875,0.12520644037889672,22,1712137656765
1259,-0.818359375,1.6328125,-0.40625,0.12520644037889672,23,1712137656865
1259,-0.89453125,1.63671875,-0.40234375,0.12520644037889672,25,1712137656865
1259,-0.912109375,1.6796875,-0.369140625,0.12520644037889672,16,1712137656865
1260,-0.8359375,1.65625,-0.447265625,0.0,12,1712137656966
1260,-0.818359375,1.650390625,-0.328125,0.12520644037889672,25,1712137656966
1260,-0.8359375,1.693359375,-0.275390625,0.12520644037889672,28,1712137656966
1261,-0.701171875,1.689453125,-0.392578125,0.0,15,1712137657066
1261,-0.775390625,1.697265625,-0.3984375,0.0,17,1712137657066
1261,-0.759765625,1.6875,-0.2734375,0.12520644037889672,23,1712137657066
1261,-0.71484375,1.74609375,-0.28125,0.12520644037889672,21,1712137657066
1261,-0.869140625,1.76953125,-0.228515625,0.12520644037889672,20,1712137657066
1261,-0.822265625,1.822265625,-0.31640625,0.12520644037889672,20,1712137657066
1261,-0.7734375,1.876953125,-0.357421875,0.12520644037889672,24,1712137657066
1261,-0.869140625,1.76953125,-0.232421875,0.25041288075779344,19,1712137657066
1262,-0.759765625,1.623046875,-0.5390625,0.0,18,1712137657166
1262,-0.775390625,1.67578125,-0.482421875,0.0,34,1712137657166
1262,-0.791015625,1.716796875,-0.462890625,0.0,36,1712137657166
1262,-0.806640625,1.755859375,-0.45703125,0.0,22,1712137657166
1262,-0.6953125,1.83984375,-0.474609375,0.0,21,1712137657166
1262,-0.708984375,1.884765625,-0.443359375,0.0,26,1712137657166
1262,-0.759765625,1.662109375,-0.396484375,0.12520644037889672,42,1712137657166
1262,-0.775390625,1.708984375,-0.34765625,0.12520644037889672,79,1712137657166
1262,-0.791015625,1.744140625,-0.345703125,0.12520644037889672,77,1712137657166
1262,-0.806640625,1.779296875,-0.353515625,0.12520644037889672,48,1712137657166
1262,-0.7578125,1.841796875,-0.3515625,0.12520644037889672,47,1712137657166
1262,-0.7734375,1.880859375,-0.333984375,0.12520644037889672,57,1712137657166
1262,-0.72265625,1.94921875,-0.302734375,0.12520644037889672,45,1712137657166
1262,-0.759765625,1.693359375,-0.240234375,0.25041288075779344,44,1712137657166
1262,-0.775390625,1.728515625,-0.228515625,0.25041288075779344,79,1712137657166
1262,-0.8515625,1.734375,-0.236328125,0.25041288075779344,70,1712137657166
1262,-0.806640625,1.79296875,-0.28125,0.25041288075779344,42,1712137657166
1262,-0.822265625,1.826171875,-0.2890625,0.25041288075779344,42,1712137657166
1262,-0.7734375,1.890625,-0.271484375,0.25041288075779344,45,1712137657166
1262,-0.787109375,1.931640625,-0.244140625,0.25041288075779344,31,1712137657166
1262,-0.759765625,1.70703125,-0.0703125,0.37561932113669017,18,1712137657166
1262,-0.775390625,1.740234375,-0.123046875,0.37561932113669017,28,1712137657166
1262,-0.912109375,1.7109375,-0.166015625,0.37561932113669017,18,1712137657166
1263,-0.55859375,1.833984375,-0.51171875,0.0,21,1712137657267
1263,-0.568359375,1.87890625,-0.48828125,0.0,48,1712137657267
1263,-0.64453125,1.89453125,-0.49609375,0.0,87,1712137657267
1263,-0.65625,1.9296875,-0.5078125,0.0,104,1712137657267
1263,-0.66796875,1.962890625,-0.517578125,0.0,67,1712137657267
1263,-0.759765625,1.64453125,-0.466796875,0.12520644037889672,16,1712137657267
1263,-0.71484375,1.716796875,-0.42578125,0.12520644037889672,46,1712137657267
1263,-0.791015625,1.728515625,-0.41796875,0.12520644037889672,58,1712137657267
1263,-0.9296875,1.751953125,-0.080078125,0.12520644037889672,27,1712137657267
1263,-0.6328125,1.884765625,-0.380859375,0.12520644037889672,103,1712137657267
1263,-0.64453125,1.921875,-0.375,0.12520644037889672,192,1712137657267
1263,-0.72265625,1.935546875,-0.37109375,0.12520644037889672,222,1712137657267
1263,-0.734375,1.97265625,-0.37109375,0.12520644037889672,141,1712137657267
1263,-3.42578125,0.0,3.30859375,0.12520644037889672,19,1712137657267
1263,-0.759765625,1.67578125,-0.337890625,0.25041288075779344,33,1712137657267
1263,-0.71484375,1.744140625,-0.298828125,0.25041288075779344,102,1712137657267
1263,-0.791015625,1.751953125,-0.306640625,0.25041288075779344,138,1712137657267
1263,-0.806640625,1.791015625,-0.283203125,0.25041288075779344,85,1712137657267
1263,-0.6953125,1.876953125,-0.294921875,0.25041288075779344,95,1712137657267
1263,-0.64453125,1.943359375,-0.248046875,0.25041288075779344,169,1712137657267
1263,-0.72265625,1.95703125,-0.23828125,0.25041288075779344,180,1712137657267
1263,-0.734375,1.994140625,-0.224609375,0.25041288075779344,108,1712137657267
1263,-0.759765625,1.697265625,-0.203125,0.37561932113669017,22,1712137657267
1263,-0.775390625,1.73046875,-0.2109375,0.37561932113669017,69,1712137657267
1263,-0.791015625,1.767578125,-0.1953125,0.37561932113669017,96,1712137657267
1263,-0.806640625,1.802734375,-0.197265625,0.37561932113669017,72,1712137657267
1263,-0.822265625,1.841796875,-0.162109375,0.37561932113669017,59,1712137657267
1263,-0.7734375,1.908203125,-0.11328125,0.37561932113669017,62,1712137657267
1263,-0.787109375,1.9453125,-0.083984375,0.37561932113669017,46,1712137657267
1263,-0.869140625,1.78515625,-0.01953125,0.5008257615155869,22,1712137657267
1263,-0.884765625,1.818359375,0.033203125,0.5008257615155869,23,1712137657267
1263,-0.837890625,1.8828125,0.044921875,0.5008257615155869,21,1712137657267
1264,-0.791015625,1.681640625,-0.578125,0.0,18,1712137657367
1264,-0.806640625,1.759765625,-0.435546875,0.0,22,1712137657367
1264,-0.568359375,1.857421875,-0.564453125,0.0,26,1712137657367
1264,-0.580078125,1.90234375,-0.54296875,0.0,34,1712137657367
1264,-0.65625,1.935546875,-0.484375,0.0,27,1712137657367
1264,-0.62109375,1.84375,-0.39453125,0.12520644037889672,47,1712137657367
1264,-0.568359375,1.904296875,-0.3828125,0.12520644037889672,100,1712137657367
1264,-0.64453125,1.91796875,-0.390625,0.12520644037889672,157,1712137657367
1264,-0.65625,1.95703125,-0.388671875,0.12520644037889672,187,1712137657367
1264,-0.734375,1.970703125,-0.3828125,0.12520644037889672,156,1712137657367
1264,-0.748046875,2.013671875,-0.3515625,0.12520644037889672,81,1712137657367
1264,-0.830078125,2.0234375,-0.341796875,0.12520644037889672,30,1712137657367
1264,-0.775390625,1.712890625,-0.328125,0.25041288075779344,36,1712137657367
1264,-0.73046875,1.779296875,-0.298828125,0.25041288075779344,102,1712137657367
1264,-0.744140625,1.81640625,-0.291015625,0.25041288075779344,152,1712137657367
1264,-0.6953125,1.87890625,-0.27734375,0.25041288075779344,171,1712137657367
1264,-0.64453125,1.94140625,-0.263671875,0.25041288075779344,222,1712137657367
1264,-0.72265625,1.953125,-0.27734375,0.25041288075779344,289,1712137657367
1264,-0.734375,1.9921875,-0.25390625,0.25041288075779344,267,1712137657367
1264,-0.748046875,2.033203125,-0.208984375,0.25041288075779344,138,1712137657367
1264,-0.830078125,2.044921875,-0.18359375,0.25041288075779344,37,1712137657367
1264,-0.775390625,1.740234375,-0.119140625,0.37561932113669017,54,1712137657367
1264,-0.791015625,1.7734375,-0.1328125,0.37561932113669017,149,1712137657367
1264,-0.744140625,1.8359375,-0.12890625,0.37561932113669017,186,1712137657367
1264,-0.7578125,1.869140625,-0.146484375,0.37561932113669017,127,1712137657367
1264,-0.708984375,1.927734375,-0.17578125,0.37561932113669017,94,1712137657367
1264,-0.72265625,1.96484375,-0.173828125,0.37561932113669017,131,1712137657367
1264,-0.734375,2.00390625,-0.12890625,0.37561932113669017,139,1712137657367
1264,-0.81640625,2.013671875,-0.10546875,0.37561932113669017,76,1712137657367
1264,-0.76171875,2.080078125,0.001953125,0.37561932113669017,19,1712137657367
1264,-0.8359375,1.716796875,0.02734375,0.5008257615155869,35,1712137657367
1264,-0.791015625,1.779296875,0.009765625,0.5008257615155869,89,1712137657367
1264,-0.806640625,1.814453125,-0.001953125,0.5008257615155869,98,1712137657367
1264,-0.884765625,1.8203125,0.001953125,0.5008257615155869,42,1712137657367
1264,-0.72265625,1.96875,0.1015625,0.5008257615155869,25,1712137657367
1264,-0.80078125,1.982421875,0.01171875,0.5008257615155869,24,1712137657367
1265,-0.806640625,1.76953125,-0.396484375,0.0,18,1712137657467
1265,-0.822265625,1.810546875,-0.373046875,0.0,24,1712137657467
1265,-0.837890625,1.845703125,-0.373046875,0.0,20,1712137657467
1265,-0.787109375,1.861328125,-0.5703125,0.0,21,1712137657467
1265,-0.734375,1.919921875,-0.5859375,0.0,34,1712137657467
1265,-0.748046875,1.98046875,-0.505859375,0.0,30,1712137657467
1265,-0.568359375,1.892578125,-0.431640625,0.12520644037889672,32,1712137657467
1265,-0.580078125,1.935546875,-0.404296875,0.12520644037889672,53,1712137657467
1265,-0.58984375,1.97265625,-0.416015625,0.12520644037889672,48,1712137657467
1265,-0.734375,1.98046875,-0.33203125,0.12520644037889672,30,1712137657467
1265,-0.900390625,1.978515625,-0.419921875,0.12520644037889672,41,1712137657467
1265,-0.9140625,2.021484375,-0.390625,0.12520644037889672,47,1712137657467
1265,-1.001953125,2.033203125,-0.326171875,0.12520644037889672,25,1712137657467
1265,-3.349609375,0.0,3.28515625,0.12520644037889672,21,1712137657467
1265,-0.791015625,1.771484375,-0.1640625,0.25041288075779344,26,1712137657467
1265,-0.806640625,1.794921875,-0.265625,0.25041288075779344,87,1712137657467
1265,-0.6953125,1.876953125,-0.291015625,0.25041288075779344,166,1712137657467
1265,-0.64453125,1.93359375,-0.3046875,0.25041288075779344,173,1712137657467
1265,-0.58984375,1.986328125,-0.341796875,0.25041288075779344,74,1712137657467
1265,-0.80078125,1.93359375,-0.435546875,0.25041288075779344,74,1712137657467
1265,-0.748046875,2.013671875,-0.349609375,0.25041288075779344,109,1712137657467
1265,-0.830078125,2.029296875,-0.314453125,0.25041288075779344,80,1712137657467
1265,-0.84375,2.078125,-0.20703125,0.25041288075779344,47,1712137657467
1265,-1.001953125,2.052734375,-0.166015625,0.25041288075779344,20,1712137657467
1265,-0.791015625,1.779296875,-0.009765625,0.37561932113669017,73,1712137657467
1265,-0.806640625,1.8125,-0.080078125,0.37561932113669017,214,1712137657467
1265,-0.7578125,1.87109375,-0.123046875,0.37561932113669017,325,1712137657467
1265,-0.7734375,1.904296875,-0.15625,0.37561932113669017,271,1712137657467
1265,-0.72265625,1.95703125,-0.234375,0.37561932113669017,133,1712137657467
1265,-0.80078125,1.974609375,-0.171875,0.37561932113669017,173,1712137657467
1265,-0.748046875,2.037109375,-0.169921875,0.37561932113669017,174,1712137657467
1265,-0.76171875,2.072265625,-0.16796875,0.37561932113669017,86,1712137657467
1265,-0.84375,2.080078125,-0.17578125,0.37561932113669017,24,1712137657467
1265,-0.8515625,1.74609375,0.12890625,0.5008257615155869,60,1712137657467
1265,-0.806640625,1.8125,0.083984375,0.5008257615155869,169,1712137657467
1265,-0.822265625,1.84765625,0.04296875,0.5008257615155869,233,1712137657467
1265,-0.7734375,1.91015625,0.015625,0.5008257615155869,179,1712137657467
1265,-0.787109375,1.947265625,-0.0234375,0.5008257615155869,107,1712137657467
1265,-0.80078125,1.982421875,0.015625,0.5008257615155869,110,1712137657467
1265,-0.748046875,2.04296875,0.0,0.5008257615155869,86,1712137657467
1265,-0.830078125,2.052734375,-0.0390625,0.5008257615155869,35,1712137657467
1265,-0.806640625,1.802734375,0.203125,0.6260322018944836,31,1712137657467
1265,-0.822265625,1.83984375,0.189453125,0.6260322018944836,40,1712137657467
1265,-0.837890625,1.875,0.171875,0.6260322018944836,30,1712137657467
1265,-0.91796875,1.88671875,0.087890625,0.6260322018944836,16,1712137657467
1265,-0.83984375,2.16796875,-0.751953125,-0.12520644037889672,26,1712137657467
1265,-0.9296875,2.177734375,-0.7421875,-0.12520644037889672,33,1712137657467
1265,-1.0234375,2.18359375,-0.732421875,-0.12520644037889672,26,1712137657467
1265,-1.365234375,2.0390625,3.12109375,0.12520644037889672,13,1712137657467
1266,-0.6953125,1.853515625,-0.419921875,0.0,15,1712137657568
1266,-0.64453125,1.900390625,-0.474609375,0.0,27,1712137657568
1266,-0.58984375,1.951171875,-0.5,0.0,30,1712137657568
1266,-0.53515625,1.990234375,-0.572265625,0.0,18,1712137657568
1266,-0.9296875,2.046875,-0.4375,0.0,21,1712137657568
1266,-0.873046875,2.095703125,-0.515625,0.0,32,1712137657568
1266,-0.88671875,2.1328125,-0.517578125,0.0,29,1712137657568
1266,-3.349609375,0.0,3.046875,0.0,11,1712137657568
1266,-0.525390625,1.962890625,-0.52734375,0.12520644037889672,30,1712137657568
1266,-0.734375,1.97265625,-0.375,0.12520644037889672,38,1712137657568
1266,-0.81640625,1.986328125,-0.3515625,0.12520644037889672,45,1712137657568
1266,-0.900390625,1.990234375,-0.369140625,0.12520644037889672,31,1712137657568
1266,-0.986328125,1.982421875,-0.4140625,0.12520644037889672,26,1712137657568
1266,-1.001953125,2.0390625,-0.2890625,0.12520644037889672,40,1712137657568
1266,-0.9453125,2.11328125,-0.248046875,0.12520644037889672,40,1712137657568
1266,-0.9609375,2.13671875,-0.333984375,0.12520644037889672,28,1712137657568
1266,-3.349609375,0.0,3.13671875,0.12520644037889672,20,1712137657568
1266,-0.806640625,1.806640625,-0.169921875,0.25041288075779344,51,1712137657568
1266,-0.7578125,1.8671875,-0.177734375,0.25041288075779344,126,1712137657568
1266,-0.837890625,1.87109375,-0.224609375,0.25041288075779344,140,1712137657568
1266,-0.525390625,2.02734375,-0.14453125,0.25041288075779344,98,1712137657568
1266,-0.6015625,2.029296875,-0.298828125,0.25041288075779344,117,1712137657568
1266,-0.81640625,2.009765625,-0.177734375,0.25041288075779344,69,1712137657568
1266,-0.96875,1.98828125,-0.109375,0.25041288075779344,39,1712137657568
1266,-0.9140625,2.046875,-0.216796875,0.25041288075779344,29,1712137657568
1266,-1.001953125,2.0546875,-0.130859375,0.25041288075779344,30,1712137657568
1266,-1.01953125,2.09375,-0.05859375,0.25041288075779344,24,1712137657568
1266,-0.744140625,1.83984375,-0.01953125,0.37561932113669017,108,1712137657568
1266,-0.822265625,1.84765625,-0.03515625,0.37561932113669017,287,1712137657568
1266,-0.837890625,1.8828125,-0.04296875,0.37561932113669017,340,1712137657568
1266,-0.853515625,1.916015625,-0.091796875,0.37561932113669017,187,1712137657568
1266,-0.734375,2.005859375,-0.087890625,0.37561932113669017,126,1712137657568
1266,-0.748046875,2.04296875,-0.072265625,0.37561932113669017,93,1712137657568
1266,-0.69140625,2.095703125,-0.1796875,0.37561932113669017,36,1712137657568
1266,-0.806640625,1.810546875,0.109375,0.5008257615155869,71,1712137657568
1266,-0.822265625,1.845703125,0.09375,0.5008257615155869,191,1712137657568
1266,-0.837890625,1.880859375,0.09375,0.5008257615155869,238,1712137657568
1266,-0.853515625,1.916015625,0.091796875,0.5008257615155869,149,1712137657568
1266,-0.734375,2.0,0.173828125,0.5008257615155869,86,1712137657568
1266,-0.748046875,2.0390625,0.125,0.5008257615155869,78,1712137657568
1266,-0.76171875,2.076171875,0.099609375,0.5008257615155869,46,1712137657568
1266,-0.7578125,1.861328125,0.23828125,0.6260322018944836,22,1712137657568
1266,-0.837890625,1.8671875,0.2421875,0.6260322018944836,27,1712137657568
1266,-0.853515625,1.904296875,0.240234375,0.6260322018944836,20,1712137657568
1266,-0.64453125,1.888671875,-1.125,-0.25041288075779344,25,1712137657568
1266,-0.728515625,1.94921875,-1.044921875,-0.25041288075779344,34,1712137657568
1266,-0.814453125,2.00390625,-0.9609375,-0.25041288075779344,47,1712137657568
1266,-0.826171875,2.08203125,-0.873046875,-0.25041288075779344,51,1712137657568
1266,-0.916015625,2.115234375,-0.80859375,-0.25041288075779344,33,1712137657568
1266,-0.64453125,2.029296875,-0.84375,-0.12520644037889672,30,1712137657568
1266,-0.654296875,2.078125,-0.82421875,-0.12520644037889672,39,1712137657568
1266,-0.814453125,2.080078125,-0.783203125,-0.12520644037889672,48,1712137657568
1266,-0.90234375,2.111328125,-0.71484375,-0.12520644037889672,50,1712137657568
1266,3.1015625,2.314453125,-0.888671875,0.0,10,1712137657568
1266,3.2265625,2.25390625,-0.5234375,0.12520644037889672,18,1712137657568
1267,-0.58984375,1.978515625,-0.384765625,0.0,23,1712137657668
1267,-0.6015625,2.00390625,-0.435546875,0.0,59,1712137657668
1267,-0.4765625,2.0625,-0.5078125,0.0,69,1712137657668
1267,-0.416015625,2.03515625,-0.767578125,0.0,49,1712137657668
1267,-1.056640625,1.98828125,-0.05859375,0.0,28,1712137657668
1267,-1.001953125,2.041015625,-0.28125,0.0,30,1712137657668
1267,-1.01953125,2.072265625,-0.306640625,0.0,23,1712137657668
1267,-0.88671875,2.1015625,-0.630859375,0.0,28,1712137657668
1267,-0.90234375,2.1171875,-0.697265625,0.0,30,1712137657668
1267,-0.9921875,2.1484375,-0.609375,0.0,21,1712137657668
1267,-0.65625,1.974609375,-0.28125,0.12520644037889672,36,1712137657668
1267,-0.6015625,2.02734375,-0.31640625,0.12520644037889672,92,1712137657668
1267,-0.4765625,2.080078125,-0.423828125,0.12520644037889672,112,1712137657668
1267,-0.345703125,2.046875,-0.771484375,0.12520644037889672,69,1712137657668
1267,-0.9140625,2.048828125,-0.197265625,0.12520644037889672,69,1712137657668
1267,-0.9296875,2.076171875,-0.259765625,0.12520644037889672,73,1712137657668
1267,-0.9453125,2.11328125,-0.2578125,0.12520644037889672,45,1712137657668
1267,-1.052734375,2.060546875,-0.658203125,0.12520644037889672,29,1712137657668
1267,-1.068359375,2.10546875,-0.630859375,0.12520644037889672,28,1712137657668
1267,-0.822265625,1.84765625,0.052734375,0.25041288075779344,22,1712137657668
1267,-0.837890625,1.880859375,0.111328125,0.25041288075779344,39,1712137657668
1267,-0.787109375,1.947265625,-0.0078125,0.25041288075779344,42,1712137657668
1267,-0.734375,2.00390625,-0.123046875,0.25041288075779344,36,1712137657668
1267,-0.611328125,2.087890625,0.017578125,0.25041288075779344,49,1712137657668
1267,-0.76171875,2.080078125,0.01953125,0.25041288075779344,62,1712137657668
1267,-0.84375,2.0859375,-0.09765625,0.25041288075779344,84,1712137657668
1267,-0.859375,2.12109375,-0.1171875,0.25041288075779344,69,1712137657668
1267,-0.873046875,2.158203125,-0.072265625,0.25041288075779344,36,1712137657668
1267,-0.822265625,1.828125,0.275390625,0.37561932113669017,24,1712137657668
1267,-0.837890625,1.869140625,0.236328125,0.37561932113669017,48,1712137657668
1267,-0.853515625,1.90234375,0.255859375,0.37561932113669017,57,1712137657668
1267,-0.80078125,1.96875,0.2265625,0.37561932113669017,53,1712137657668
1267,-0.748046875,2.033203125,0.201171875,0.37561932113669017,51,1712137657668
1267,-0.69140625,2.1015625,0.099609375,0.37561932113669017,66,1712137657668
1267,-0.703125,2.138671875,0.083984375,0.37561932113669017,56,1712137657668
1267,-0.859375,2.119140625,0.130859375,0.37561932113669017,30,1712137657668
1267,-0.853515625,1.87890625,0.384765625,0.5008257615155869,23,1712137657668
1267,-0.869140625,1.916015625,0.3828125,0.5008257615155869,21,1712137657668
1267,-0.830078125,2.01171875,0.40625,0.5008257615155869,21,1712137657668
1267,-0.572265625,2.0078125,-0.943359375,-0.12520644037889672,32,1712137657668
1267,-0.654296875,2.0703125,-0.841796875,-0.12520644037889672,41,1712137657668
1267,-0.740234375,2.126953125,-0.728515625,-0.12520644037889672,43,1712137657668
1267,-0.826171875,2.091796875,-0.849609375,-0.12520644037889672,31,1712137657668
1267,-0.3515625,1.75,-1.375,0.0,25,1712137657668
1267,-0.357421875,1.55078125,-1.6484375,0.0,17,1712137657668
1267,-1.107421875,1.890625,0.326171875,0.12520644037889672,39,1712137657668
1268,-0.451171875,1.953125,-0.48046875,0.0,18,1712137657769
1268,-0.525390625,1.998046875,-0.37890625,0.0,72,1712137657769
1268,-0.53515625,2.037109375,-0.365234375,0.0,123,1712137657769
1268,-0.611328125,2.06640625,-0.3046875,0.0,103,1712137657769
1268,-0.76171875,2.060546875,-0.27734375,0.0,60,1712137657769
1268,-0.84375,2.0546875,-0.3671875,0.0,53,1712137657769
1268,-0.859375,2.080078125,-0.4296875,0.0,46,1712137657769
1268,-1.01953125,2.041015625,-0.46875,0.0,23,1712137657769
1268,-0.515625,1.970703125,-0.322265625,0.12520644037889672,35,1712137657769
1268,-0.525390625,2.01171875,-0.298828125,0.12520644037889672,134,1712137657769
1268,-0.6015625,2.03515625,-0.2578125,0.12520644037889672,218,1712137657769
1268,-0.611328125,2.080078125,-0.173828125,0.12520644037889672,182,1712137657769
1268,-0.76171875,2.076171875,-0.103515625,0.12520644037889672,103,1712137657769
1268,-0.84375,2.078125,-0.193359375,0.12520644037889672,93,1712137657769
1268,-0.9296875,2.07421875,-0.283203125,0.12520644037889672,82,1712137657769
1268,-1.01953125,2.072265625,-0.296875,0.12520644037889672,45,1712137657769
1268,-0.837890625,1.857421875,0.31640625,0.25041288075779344,34,1712137657769
1268,-0.853515625,1.892578125,0.314453125,0.25041288075779344,89,1712137657769
1268,-0.6015625,2.046875,-0.14453125,0.25041288075779344,109,1712137657769
1268,-0.611328125,2.083984375,-0.126953125,0.25041288075779344,85,1712137657769
1268,-0.830078125,2.052734375,-0.037109375,0.25041288075779344,62,1712137657769
1268,-0.9140625,2.0546875,-0.111328125,0.25041288075779344,70,1712137657769
1268,-0.9296875,2.087890625,-0.134765625,0.25041288075779344,56,1712137657769
1268,-1.01953125,2.08984375,-0.13671875,0.25041288075779344,27,1712137657769
1268,-0.853515625,1.8984375,0.283203125,0.37561932113669017,37,1712137657769
1268,-0.869140625,1.93359375,0.27734375,0.37561932113669017,48,1712137657769
1268,-0.951171875,1.93359375,0.298828125,0.37561932113669017,23,1712137657769
1268,-0.72265625,1.931640625,-0.390625,-0.12520644037889672,23,1712137657769
1268,-0.734375,1.962890625,-0.42578125,-0.12520644037889672,29,1712137657769
1268,-0.484375,2.0390625,-0.716796875,-0.12520644037889672,23,1712137657769
1268,-0.703125,2.037109375,-0.654296875,-0.12520644037889672,26,1712137657769
1268,-1.095703125,1.513671875,0.87109375,0.0,15,1712137657769
1268,-1.03125,1.630859375,0.7265625,0.12520644037889672,33,1712137657769
1268,-1.181640625,1.314453125,1.1328125,0.12520644037889672,68,1712137657769
1269,-0.837890625,1.873046875,-0.205078125,0.0,18,1712137657869
1269,-0.853515625,1.9140625,-0.1171875,0.0,67,1712137657869
1269,-0.869140625,1.947265625,-0.1640625,0.0,123,1712137657869
1269,-0.884765625,1.96875,-0.28515625,0.0,124,1712137657869
1269,-0.830078125,2.01171875,-0.40625,0.0,109,1712137657869
1269,-0.84375,2.052734375,-0.38671875,0.0,105,1712137657869
1269,-0.9296875,2.064453125,-0.349609375,0.0,74,1712137657869
1269,-0.873046875,2.123046875,-0.390625,0.0,33,1712137657869
1269,-0.7734375,1.91015625,-0.07421875,0.12520644037889672,35,1712137657869
1269,-0.853515625,1.91796875,0.0,0.12520644037889672,127,1712137657869
1269,-0.869140625,1.953125,-0.044921875,0.12520644037889672,224,1712137657869
1269,-0.884765625,1.982421875,-0.166015625,0.12520644037889672,230,1712137657869
1269,-0.830078125,2.03515625,-0.263671875,0.12520644037889672,204,1712137657869
1269,-0.84375,2.072265625,-0.26171875,0.12520644037889672,195,1712137657869
1269,-0.9296875,2.080078125,-0.23046875,0.12520644037889672,136,1712137657869
1269,-0.9453125,2.12109375,-0.181640625,0.12520644037889672,61,1712137657869
1269,-0.91796875,1.8828125,0.138671875,0.25041288075779344,65,1712137657869
1269,-0.935546875,1.919921875,0.1015625,0.25041288075779344,117,1712137657869
1269,-0.884765625,1.98828125,-0.013671875,0.25041288075779344,120,1712137657869
1269,-0.900390625,2.01953125,-0.119140625,0.25041288075779344,104,1712137657869
1269,-0.9140625,2.0546875,-0.130859375,0.25041288075779344,102,1712137657869
1269,-0.9296875,2.08984375,-0.115234375,0.25041288075779344,75,1712137657869
1269,-1.01953125,2.09375,-0.021484375,0.25041288075779344,35,1712137657869
1269,-3.564453125,0.0,3.361328125,-0.12520644037889672,17,1712137657869
1269,-3.59765625,0.0,3.388671875,-0.12520644037889672,17,1712137657869
1269,-1.966796875,2.845703125,1.869140625,-0.12520644037889672,9,1712137657869
1270,-0.72265625,1.94140625,-0.33984375,0.0,35,1712137657969
1270,-0.734375,1.982421875,-0.318359375,0.0,73,1712137657969
1270,-0.748046875,2.0078125,-0.376953125,0.0,94,1712137657969
1270,-0.69140625,2.04296875,-0.49609375,0.0,93,1712137657969
1270,-0.703125,2.0625,-0.5703125,0.0,80,1712137657969
1270,-0.787109375,2.0625,-0.611328125,0.0,58,1712137657969
1270,-0.80078125,2.103515625,-0.599609375,0.0,35,1712137657969
1270,-0.88671875,2.1171875,-0.57421875,0.0,14,1712137657969
1270,-0.837890625,1.865234375,-0.267578125,0.12520644037889672,18,1712137657969
1270,-0.787109375,1.939453125,-0.173828125,0.12520644037889672,81,1712137657969
1270,-0.734375,2.0,-0.1796875,0.12520644037889672,169,1712137657969
1270,-0.748046875,2.03125,-0.2265625,0.12520644037889672,203,1712137657969
1270,-0.69140625,2.07421875,-0.349609375,0.12520644037889672,190,1712137657969
1270,-0.7734375,2.078125,-0.39453125,0.12520644037889672,165,1712137657969
1270,-0.787109375,2.10546875,-0.44140625,0.12520644037889672,122,1712137657969
1270,-0.80078125,2.134765625,-0.478515625,0.12520644037889672,71,1712137657969
1270,-0.814453125,2.162109375,-0.51953125,0.12520644037889672,28,1712137657969
1270,-0.853515625,1.916015625,-0.09765625,0.25041288075779344,31,1712137657969
1270,-0.734375,2.005859375,-0.072265625,0.25041288075779344,67,1712137657969
1270,-0.748046875,2.0390625,-0.13671875,0.25041288075779344,83,1712137657969
1270,-0.69140625,2.0859375,-0.26171875,0.25041288075779344,83,1712137657969
1270,-0.7734375,2.09375,-0.29296875,0.25041288075779344,73,1712137657969
1270,-0.787109375,2.12109375,-0.357421875,0.25041288075779344,54,1712137657969
1270,-0.80078125,2.15234375,-0.3828125,0.25041288075779344,30,1712137657969
1270,-0.787109375,1.912109375,-0.365234375,-0.12520644037889672,22,1712137657969
1270,-0.80078125,1.9453125,-0.375,-0.12520644037889672,43,1712137657969
1270,-0.748046875,2.001953125,-0.412109375,-0.12520644037889672,45,1712137657969
1270,-0.830078125,1.9921875,-0.49609375,-0.12520644037889672,33,1712137657969
1270,-0.7734375,2.037109375,-0.568359375,-0.12520644037889672,27,1712137657969
1270,-0.859375,2.048828125,-0.55859375,-0.12520644037889672,21,1712137657969
1271,-0.611328125,1.998046875,-0.607421875,0.0,27,1712137658070
1271,-0.552734375,2.046875,-0.640625,0.0,39,1712137658070
1271,-0.5625,2.076171875,-0.666015625,0.0,30,1712137658070
1271,-0.572265625,2.119140625,-0.65625,0.0,12,1712137658070
1271,3.162109375,2.296875,-1.052734375,0.0,15,1712137658070
1271,-0.80078125,1.97265625,-0.181640625,0.12520644037889672,24,1712137658070
1271,-0.611328125,2.052734375,-0.384765625,0.12520644037889672,56,1712137658070
1271,-0.623046875,2.080078125,-0.4375,0.12520644037889672,74,1712137658070
1271,-0.5625,2.126953125,-0.482421875,0.12520644037889672,52,1712137658070
1271,-0.501953125,2.20703125,-0.357421875,0.12520644037889672,20,1712137658070
1271,3.130859375,2.31640625,-0.947265625,0.12520644037889672,19,1712137658070
1271,3.03515625,2.544921875,-0.828125,0.12520644037889672,26,1712137658070
1271,3.064453125,2.5859375,-0.779296875,0.12520644037889672,21,1712137658070
1271,-0.6796875,2.048828125,-0.275390625,0.25041288075779344,23,1712137658070
1271,-0.623046875,2.099609375,-0.32421875,0.25041288075779344,33,1712137658070
1271,-0.6328125,2.140625,-0.296875,0.25041288075779344,24,1712137658070
1271,-3.541015625,0.0,3.166015625,0.0,11,1712137658070
1271,-1.359375,1.17578125,1.419921875,0.12520644037889672,12,1712137658070
1271,-3.3828125,0.0,3.056640625,0.12520644037889672,14,1712137658070
1271,-3.541015625,0.0,3.302734375,0.12520644037889672,20,1712137658070
1271,-3.57421875,0.0,3.2109375,0.12520644037889672,16,1712137658070
1272,-0.544921875,2.001953125,-0.654296875,0.0,24,1712137658170
1272,-0.552734375,2.04296875,-0.650390625,0.0,49,1712137658170
1272,-0.6328125,2.048828125,-0.69140625,0.0,49,1712137658170
1272,-0.64453125,2.0390625,-0.822265625,0.0,26,1712137658170
1272,-0.66796875,2.013671875,-0.267578125,0.12520644037889672,24,1712137658170
1272,-0.611328125,2.056640625,-0.361328125,0.12520644037889672,72,1712137658170
1272,-0.623046875,2.083984375,-0.416015625,0.12520644037889672,115,1712137658170
1272,-0.6328125,2.107421875,-0.478515625,0.12520644037889672,105,1712137658170
1272,-0.64453125,2.12890625,-0.548828125,0.12520644037889672,55,1712137658170
1272,-0.611328125,2.078125,-0.21484375,0.25041288075779344,30,1712137658170
1272,-0.69140625,2.0859375,-0.263671875,0.25041288075779344,49,1712137658170
1272,-0.6328125,2.1328125,-0.34765625,0.25041288075779344,48,1712137658170
1272,-0.64453125,2.16015625,-0.404296875,0.25041288075779344,27,1712137658170
1272,-0.935546875,1.81640625,-0.626953125,-0.12520644037889672,23,1712137658170
1272,-0.6796875,2.017578125,-0.44921875,-0.12520644037889672,33,1712137658170
1272,-0.69140625,2.0546875,-0.453125,-0.12520644037889672,32,1712137658170
1272,-1.056640625,1.919921875,-0.51953125,-0.12520644037889672,21,1712137658170
1272,-1.07421875,2.00390625,-0.279296875,-0.12520644037889672,18,1712137658170
1273,-1.203125,1.75390625,-0.220703125,0.0,16,1712137658271
1273,-0.6796875,2.06640625,-0.02734375,0.0,14,1712137658271
1273,-0.830078125,2.044921875,-0.17578125,0.0,15,1712137658271
1273,-0.9140625,2.046875,-0.2109375,0.0,16,1712137658271
1273,-0.6015625,2.05078125,-0.041015625,0.12520644037889672,23,1712137658271
1273,-0.748046875,2.037109375,-0.158203125,0.12520644037889672,33,1712137658271
1273,-0.900390625,2.015625,-0.181640625,0.12520644037889672,27,1712137658271
1273,-1.126953125,1.94921875,-0.07421875,0.12520644037889672,21,1712137658271
1273,-0.6796875,2.02734375,-0.40625,-0.25041288075779344,20,1712137658271
1273,-0.76171875,2.0234375,-0.482421875,-0.25041288075779344,20,1712137658271
1273,-0.9140625,2.00390625,-0.470703125,-0.25041288075779344,17,1712137658271
1273,-1.181640625,1.732421875,0.09765625,-0.12520644037889672,31,1712137658271
1273,-1.26953125,1.65625,-0.46875,-0.12520644037889672,42,1712137658271
1273,-0.6796875,2.04296875,-0.314453125,-0.12520644037889672,56,1712137658271
1273,-0.830078125,2.015625,-0.390625,-0.12520644037889672,53,1712137658271
1273,-0.986328125,1.994140625,-0.35546875,-0.12520644037889672,46,1712137658271
1273,-1.001953125,2.033203125,-0.333984375,-0.12520644037889672,30,1712137658271
1273,-0.466796875,2.037109375,0.44921875,0.0,10,1712137658271
1273,-1.29296875,1.298828125,-1.17578125,0.0,10,1712137658271
1273,-1.40234375,0.970703125,1.2890625,0.12520644037889672,16,1712137658271
1273,-0.3515625,1.0546875,-1.958984375,0.12520644037889672,12,1712137658271
1273,-1.359375,0.0,-2.134765625,-0.25041288075779344,11,1712137658271
1273,-0.53515625,2.064453125,-0.140625,-0.12520644037889672,38,1712137658271
1273,-1.359375,0.0,-2.064453125,-0.12520644037889672,29,1712137658271
1274,-0.81640625,1.990234375,-0.33203125,0.0,17,1712137658371
1274,-1.037109375,1.93359375,-0.296875,0.0,13,1712137658371
1274,-0.80078125,1.9765625,-0.1484375,0.12520644037889672,21,1712137658371
1274,-0.81640625,2.015625,-0.091796875,0.12520644037889672,23,1712137658371
1274,-0.9765625,1.927734375,-1.0546875,0.12520644037889672,24,1712137658371
1274,-1.068359375,1.96484375,-0.982421875,0.12520644037889672,26,1712137658371
1274,-1.181640625,1.716796875,-0.26171875,-0.12520644037889672,21,1712137658371
1274,-0.66796875,1.998046875,-0.36328125,-0.12520644037889672,39,1712137658371
1274,-0.81640625,1.970703125,-0.4296875,-0.12520644037889672,50,1712137658371
1274,-0.96875,1.951171875,-0.392578125,-0.12520644037889672,34,1712137658371
1274,-1.126953125,1.939453125,-0.205078125,-0.12520644037889672,29,1712137658371
1274,-1.14453125,1.96875,-0.244140625,-0.12520644037889672,21,1712137658371
1274,-0.458984375,2.04296875,-0.15625,-0.12520644037889672,15,1712137658371
1274,-1.3359375,0.0,-2.009765625,-0.12520644037889672,20,1712137658371
1275,-1.05078125,1.794921875,-0.287109375,0.0,13,1712137658471
1275,-1.134765625,1.78125,-0.328125,0.0,13,1712137658471
1275,-1.15625,1.83984375,0.107421875,0.0,14,1712137658471
1275,-1.037109375,1.947265625,-0.19140625,0.0,17,1712137658471
1275,-0.986328125,2.0078125,-0.26171875,0.0,17,1712137658471
1275,-0.81640625,1.994140625,-0.3046875,0.12520644037889672,15,1712137658471
1275,-1.115234375,1.72265625,-0.44140625,-0.12520644037889672,25,1712137658471
1275,-1.203125,1.74609375,-0.2734375,-0.12520644037889672,28,1712137658471
1275,-1.15625,1.841796875,0.083984375,-0.12520644037889672,28,1712137658471
1275,-0.96875,1.970703125,-0.287109375,-0.12520644037889672,34,1712137658471
1275,-0.986328125,1.978515625,-0.435546875,-0.12520644037889672,37,1712137658471
1275,-1.07421875,1.982421875,-0.40625,-0.12520644037889672,26,1712137658471
1275,-0.466796875,1.5546875,1.392578125,0.0,7,1712137658471
1275,-0.53515625,1.806640625,-1.01171875,-0.12520644037889672,21,1712137658471
1276,-1.05078125,1.802734375,-0.236328125,0.0,23,1712137658572
1276,-1.001953125,1.873046875,-0.244140625,0.0,23,1712137658572
1276,-1.01953125,1.91015625,-0.212890625,0.0,14,1712137658572
1276,-1.115234375,1.779296875,-0.037109375,0.12520644037889672,21,1712137658572
1276,-1.068359375,1.8515625,-0.0390625,0.12520644037889672,24,1712137658572
1276,-0.951171875,1.947265625,-0.18359375,0.12520644037889672,19,1712137658572
1276,-0.96875,1.970703125,-0.287109375,0.12520644037889672,16,1712137658572
1276,-0.984375,1.806640625,-0.416015625,-0.25041288075779344,22,1712137658572
1276,-1.068359375,1.802734375,-0.423828125,-0.25041288075779344,22,1712137658572
1276,-1.03125,1.748046875,-0.365234375,-0.12520644037889672,29,1712137658572
1276,-1.05078125,1.7890625,-0.328125,-0.12520644037889672,60,1712137658572
1276,-1.001953125,1.859375,-0.326171875,-0.12520644037889672,62,1712137658572
1276,-1.01953125,1.88671875,-0.36328125,-0.12520644037889672,40,1712137658572
1276,-0.96875,1.93359375,-0.470703125,-0.12520644037889672,29,1712137658572
1276,-1.056640625,1.900390625,-0.5859375,-0.12520644037889672,20,1712137658572
1277,-1.115234375,1.7734375,-0.140625,0.0,26,1712137658672
1277,-1.068359375,1.8359375,-0.23828125,0.0,30,1712137658672
1277,-1.087890625,1.83984375,-0.408203125,0.0,24,1712137658672
1277,-1.037109375,1.890625,-0.5,0.0,23,1712137658672
1277,-1.056640625,1.9453125,-0.4140625,0.0,24,1712137658672
1277,-1.07421875,1.998046875,-0.32421875,0.0,18,1712137658672
1277,-1.115234375,1.775390625,-0.107421875,0.12520644037889672,27,1712137658672
1277,-1.068359375,1.8515625,-0.0546875,0.12520644037889672,33,1712137658672
1277,-1.087890625,1.87890625,0.134765625,0.12520644037889672,29,1712137658672
1277,-0.69140625,2.0546875,-0.44921875,0.12520644037889672,31,1712137658672
1277,-0.7734375,2.080078125,-0.3828125,0.12520644037889672,29,1712137658672
1277,-0.984375,1.794921875,-0.466796875,-0.25041288075779344,28,1712137658672
1277,-1.001953125,1.837890625,-0.43359375,-0.25041288075779344,33,1712137658672
1277,-1.01953125,1.85546875,-0.5,-0.25041288075779344,27,1712137658672
1277,-0.96875,1.9296875,-0.486328125,-0.25041288075779344,24,1712137658672
1277,-1.03125,1.7578125,-0.310546875,-0.12520644037889672,34,1712137658672
1277,-1.05078125,1.787109375,-0.33203125,-0.12520644037889672,73,1712137658672
1277,-1.068359375,1.818359375,-0.345703125,-0.12520644037889672,85,1712137658672
1277,-1.01953125,1.890625,-0.34375,-0.12520644037889672,72,1712137658672
1277,-0.96875,1.9609375,-0.349609375,-0.12520644037889672,65,1712137658672
1277,-0.986328125,1.9921875,-0.37109375,-0.12520644037889672,61,1712137658672
1277,-1.001953125,2.015625,-0.421875,-0.12520644037889672,45,1712137658672
1277,-0.9765625,1.951171875,-1.01171875,-0.12520644037889672,25,1712137658672
1278,-1.03125,1.765625,-0.267578125,0.0,19,1712137658773
1278,-1.05078125,1.8125,-0.15625,0.0,33,1712137658773
1278,-1.001953125,1.884765625,-0.123046875,0.0,26,1712137658773
1278,-1.14453125,1.94921875,-0.373046875,0.0,21,1712137658773
1278,-1.236328125,1.9453125,-0.326171875,0.0,18,1712137658773
1278,-0.984375,1.853515625,-0.0703125,0.12520644037889672,28,1712137658773
1278,-0.869140625,1.947265625,-0.15234375,0.12520644037889672,36,1712137658773
1278,-0.748046875,2.025390625,-0.26953125,0.12520644037889672,35,1712137658773
1278,-0.623046875,2.0703125,-0.48046875,0.12520644037889672,37,1712137658773
1278,-0.6328125,2.06640625,-0.634765625,0.12520644037889672,35,1712137658773
1278,-0.787109375,2.083984375,-0.53125,0.12520644037889672,25,1712137658773
1278,-0.984375,1.80078125,-0.44140625,-0.25041288075779344,32,1712137658773
1278,-0.935546875,1.875,-0.421875,-0.25041288075779344,28,1712137658773
1278,-1.03125,1.7421875,-0.388671875,-0.12520644037889672,46,1712137658773
1278,-0.984375,1.828125,-0.314453125,-0.12520644037889672,82,1712137658773
1278,-0.935546875,1.900390625,-0.291015625,-0.12520644037889672,77,1712137658773
1278,-0.748046875,2.0,-0.416015625,-0.12520644037889672,37,1712137658773
1278,-1.107421875,1.912109375,0.150390625,-0.12520644037889672,26,1712137658773
1278,-0.986328125,1.9921875,-0.359375,-0.12520644037889672,34,1712137658773
1278,-1.07421875,1.962890625,-0.494140625,-0.12520644037889672,53,1712137658773
1278,-1.01953125,2.015625,-0.5703125,-0.12520644037889672,46,1712137658773
1278,-0.9765625,1.931640625,-1.046875,-0.12520644037889672,24,1712137658773
1278,-1.068359375,1.994140625,-0.921875,-0.12520644037889672,27,1712137658773
1278,-0.552734375,1.884765625,-1.021484375,-0.12520644037889672,23,1712137658773
1279,-1.07421875,1.701171875,-0.20703125,0.0,15,1712137658873
1279,-1.03125,1.76953125,-0.240234375,0.0,55,1712137658873
1279,-1.05078125,1.806640625,-0.212890625,0.0,91,1712137658873
1279,-1.068359375,1.83984375,-0.208984375,0.0,79,1712137658873
1279,-1.087890625,1.873046875,-0.2109375,0.0,32,1712137658873
1279,-0.830078125,2.033203125,-0.279296875,0.0,18,1712137658873
1279,-0.986328125,1.998046875,-0.33203125,0.0,35,1712137658873
1279,-0.9296875,2.05859375,-0.375,0.0,32,1712137658873
1279,-1.01953125,2.06640625,-0.33984375,0.0,15,1712137658873
1279,-1.05078125,1.81640625,-0.078125,0.12520644037889672,24,1712137658873
1279,-1.068359375,1.84765625,-0.12890625,0.12520644037889672,23,1712137658873
1279,-1.197265625,1.8984375,-0.1953125,0.12520644037889672,22,1712137658873
1279,-1.14453125,1.982421875,0.05078125,0.12520644037889672,21,1712137658873
1279,-1.03125,1.71484375,-0.49609375,-0.25041288075779344,49,1712137658873
1279,-1.05078125,1.744140625,-0.513671875,-0.25041288075779344,80,1712137658873
1279,-1.068359375,1.783203125,-0.498046875,-0.25041288075779344,67,1712137658873
1279,-1.087890625,1.814453125,-0.505859375,-0.25041288075779344,28,1712137658873
1279,-0.986328125,1.931640625,-0.609375,-0.25041288075779344,27,1712137658873
1279,-1.001953125,1.99609375,-0.5078125,-0.25041288075779344,26,1712137658873
1279,-1.01171875,1.705078125,-0.404296875,-0.12520644037889672,30,1712137658873
1279,-1.03125,1.748046875,-0.359375,-0.12520644037889672,111,1712137658873
1279,-1.05078125,1.783203125,-0.353515625,-0.12520644037889672,183,1712137658873
1279,-1.068359375,1.8203125,-0.337890625,-0.12520644037889672,156,1712137658873
1279,-1.087890625,1.849609375,-0.361328125,-0.12520644037889672,67,1712137658873
1279,-0.96875,1.90234375,-0.5859375,-0.12520644037889672,39,1712137658873
1279,-0.986328125,1.974609375,-0.453125,-0.12520644037889672,76,1712137658873
1279,-1.001953125,2.017578125,-0.41015625,-0.12520644037889672,70,1712137658873
1279,-1.01953125,2.064453125,-0.3515625,-0.12520644037889672,32,1712137658873
1279,-0.421875,2.044921875,-0.84375,0.12520644037889672,19,1712137658873
1279,-0.4296875,1.5546875,-1.625,0.12520644037889672,18,1712137658873
1280,-1.01171875,1.74609375,-0.15234375,0.0,26,1712137658974
1280,-1.03125,1.779296875,-0.150390625,0.0,62,1712137658974
1280,-1.05078125,1.810546875,-0.162109375,0.0,69,1712137658974
1280,-1.068359375,1.837890625,-0.2265625,0.0,41,1712137658974
1280,-1.01953125,1.88671875,-0.36328125,0.0,30,1712137658974
1280,-0.900390625,2.01171875,-0.220703125,0.0,29,1712137658974
1280,-0.84375,2.060546875,-0.337890625,0.0,29,1712137658974
1280,-1.001953125,2.029296875,-0.35546875,0.0,28,1712137658974
1280,-1.091796875,2.025390625,-0.361328125,0.0,18,1712137658974
1280,-1.01171875,1.71484375,-0.361328125,-0.25041288075779344,23,1712137658974
1280,-0.966796875,1.7734375,-0.41015625,-0.25041288075779344,56,1712137658974
1280,-0.984375,1.8046875,-0.4296875,-0.25041288075779344,63,1712137658974
1280,-1.001953125,1.806640625,-0.548828125,-0.25041288075779344,39,1712137658974
1280,-0.951171875,1.85546875,-0.619140625,-0.25041288075779344,29,1712137658974
1280,-0.84375,2.0,-0.6015625,-0.25041288075779344,23,1712137658974
1280,-1.001953125,1.958984375,-0.634765625,-0.25041288075779344,23,1712137658974
1280,-1.01171875,1.728515625,-0.283203125,-0.12520644037889672,49,1712137658974
1280,-1.03125,1.76171875,-0.283203125,-0.12520644037889672,118,1712137658974
1280,-1.05078125,1.794921875,-0.2890625,-0.12520644037889672,131,1712137658974
1280,-1.001953125,1.849609375,-0.37890625,-0.12520644037889672,86,1712137658974
1280,-0.951171875,1.90234375,-0.45703125,-0.12520644037889672,70,1712137658974
1280,-0.830078125,2.025390625,-0.3359375,-0.12520644037889672,63,1712137658974
1280,-0.84375,2.03515625,-0.46484375,-0.12520644037889672,64,1712137658974
1280,-0.9296875,2.033203125,-0.49609375,-0.12520644037889672,63,1712137658974
1280,-1.01953125,2.037109375,-0.484375,-0.12520644037889672,41,1712137658974
1280,-1.759765625,0.302734375,1.373046875,-0.25041288075779344,12,1712137658974
1281,-1.01171875,1.744140625,-0.171875,0.0,47,1712137659074
1281,-1.03125,1.779296875,-0.1484375,0.0,106,1712137659074
1281,-0.984375,1.849609375,-0.138671875,0.0,119,1712137659074
1281,-1.068359375,1.84765625,-0.10546875,0.0,68,1712137659074
1281,-0.900390625,2.005859375,-0.259765625,0.0,24,1712137659074
1281,-0.986328125,2.01171875,-0.2265625,0.0,41,1712137659074
1281,-1.001953125,2.04296875,-0.2578125,0.0,44,1712137659074
1281,-1.1640625,2.005859375,-0.20703125,0.0,21,1712137659074
1281,-1.03125,1.783203125,-0.068359375,0.12520644037889672,17,1712137659074
1281,-1.115234375,1.779296875,-0.013671875,0.12520644037889672,17,1712137659074
1281,-1.01953125,1.9140625,-0.185546875,0.12520644037889672,14,1712137659074
1281,-0.96875,1.990234375,-0.04296875,0.12520644037889672,19,1712137659074
1281,-0.94921875,1.728515625,-0.451171875,-0.25041288075779344,41,1712137659074
1281,-0.966796875,1.775390625,-0.40234375,-0.25041288075779344,94,1712137659074
1281,-0.984375,1.810546875,-0.40625,-0.25041288075779344,106,1712137659074
1281,-1.068359375,1.810546875,-0.384765625,-0.25041288075779344,57,1712137659074
1281,-0.900390625,1.962890625,-0.486328125,-0.25041288075779344,22,1712137659074
1281,-0.9140625,1.98046875,-0.5625,-0.25041288075779344,35,1712137659074
1281,-1.001953125,1.98046875,-0.564453125,-0.25041288075779344,36,1712137659074
1281,-1.01953125,1.994140625,-0.642578125,-0.25041288075779344,17,1712137659074
1281,-0.94921875,1.76171875,-0.30078125,-0.12520644037889672,90,1712137659074
1281,-0.966796875,1.796875,-0.291015625,-0.12520644037889672,205,1712137659074
1281,-0.984375,1.8359375,-0.267578125,-0.12520644037889672,231,1712137659074
1281,-1.001953125,1.873046875,-0.24609375,-0.12520644037889672,125,1712137659074
1281,-1.01953125,1.7109375,-0.875,-0.12520644037889672,25,1712137659074
1281,-0.900390625,1.98828125,-0.375,-0.12520644037889672,56,1712137659074
1281,-0.986328125,1.994140625,-0.349609375,-0.12520644037889672,76,1712137659074
1281,-1.001953125,2.01953125,-0.404296875,-0.12520644037889672,83,1712137659074
1281,-1.091796875,2.009765625,-0.4375,-0.12520644037889672,39,1712137659074
1282,-1.01171875,1.751953125,-0.017578125,0.0,29,1712137659174
1282,-1.03125,1.783203125,-0.08984375,0.0,60,1712137659174
1282,-1.05078125,1.814453125,-0.123046875,0.0,58,1712137659174
1282,-1.068359375,1.8515625,-0.03515625,0.0,25,1712137659174
1282,-0.951171875,1.951171875,-0.134765625,0.0,12,1712137659174
1282,-1.037109375,1.93359375,-0.29296875,0.0,36,1712137659174
1282,-1.056640625,1.97265625,-0.255859375,0.0,59,1712137659174
1282,-1.001953125,2.046875,-0.23046875,0.0,51,1712137659174
1282,-1.091796875,2.041015625,-0.25,0.0,22,1712137659174
1282,-0.552734375,2.126953125,-0.263671875,0.12520644037889672,27,1712137659174
1282,-0.6328125,2.1328125,-0.353515625,0.12520644037889672,24,1712137659174
1282,-3.625,0.0,3.740234375,0.12520644037889672,22,1712137659174
1282,-3.662109375,0.0,-3.759765625,0.12520644037889672,27,1712137659174
1282,-0.94921875,1.775390625,-0.20703125,-0.25041288075779344,25,1712137659174
1282,-0.966796875,1.796875,-0.291015625,-0.25041288075779344,52,1712137659174
1282,-0.984375,1.822265625,-0.33984375,-0.25041288075779344,51,1712137659174
1282,-1.001953125,1.845703125,-0.400390625,-0.25041288075779344,23,1712137659174
1282,-0.96875,1.92578125,-0.50390625,-0.25041288075779344,34,1712137659174
1282,-0.986328125,1.94921875,-0.552734375,-0.25041288075779344,56,1712137659174
1282,-1.07421875,1.9453125,-0.55859375,-0.25041288075779344,46,1712137659174
1282,-1.01953125,2.00390625,-0.609375,-0.25041288075779344,20,1712137659174
1282,-1.01171875,1.75,-0.083984375,-0.12520644037889672,56,1712137659174
1282,-0.966796875,1.8125,-0.177734375,-0.12520644037889672,118,1712137659174
1282,-0.984375,1.83984375,-0.228515625,-0.12520644037889672,116,1712137659174
1282,-1.068359375,1.83984375,-0.208984375,-0.12520644037889672,50,1712137659174
1282,-0.951171875,1.953125,-0.12109375,-0.12520644037889672,19,1712137659174
1282,-0.96875,1.958984375,-0.361328125,-0.12520644037889672,71,1712137659174
1282,-0.986328125,1.98828125,-0.388671875,-0.12520644037889672,112,1712137659174
1282,-1.001953125,2.021484375,-0.3984375,-0.12520644037889672,97,1712137659174
1282,-0.9453125,2.072265625,-0.486328125,-0.12520644037889672,43,1712137659174
1282,-0.9609375,2.005859375,-0.810546875,-0.12520644037889672,24,1712137659174
1282,-1.87109375,2.529296875,2.025390625,0.12520644037889672,16,1712137659174
1282,-1.890625,2.375,2.251953125,0.12520644037889672,18,1712137659174
1282,-1.767578125,0.0,1.783203125,-0.12520644037889672,10,1712137659174
1283,-0.966796875,1.814453125,-0.16015625,0.0,15,1712137659274
1283,-0.91796875,1.876953125,-0.197265625,0.0,20,1712137659274
1283,-0.734375,2.0078125,-0.00390625,0.0,14,1712137659274
1283,-1.01953125,1.84765625,-0.52734375,0.0,18,1712137659274
1283,-0.96875,1.970703125,-0.27734375,0.0,75,1712137659274
1283,-0.986328125,2.01171875,-0.2421875,0.0,108,1712137659274
1283,-1.07421875,2.013671875,-0.1953125,0.0,73,1712137659274
1283,-1.1640625,2.015625,-0.06640625,0.0,22,1712137659274
1283,-0.65625,1.97265625,-0.298828125,0.12520644037889672,25,1712137659274
1283,-0.734375,2.0,-0.16796875,0.12520644037889672,42,1712137659274
1283,-0.81640625,2.017578125,0.025390625,0.12520644037889672,28,1712137659274
1283,-0.552734375,2.09375,-0.4609375,0.12520644037889672,24,1712137659274
1283,-0.6328125,2.134765625,-0.3359375,0.12520644037889672,36,1712137659274
1283,-0.884765625,1.896484375,-0.59375,-0.25041288075779344,27,1712137659274
1283,-0.96875,1.9296875,-0.490234375,-0.25041288075779344,72,1712137659274
1283,-0.986328125,1.970703125,-0.46484375,-0.25041288075779344,102,1712137659274
1283,-1.07421875,1.9765625,-0.435546875,-0.25041288075779344,69,1712137659274
1283,-1.1640625,1.994140625,-0.294921875,-0.25041288075779344,21,1712137659274
1283,-0.966796875,1.802734375,-0.2578125,-0.12520644037889672,25,1712137659274
1283,-0.91796875,1.865234375,-0.291015625,-0.12520644037889672,28,1712137659274
1283,-0.734375,1.783203125,-0.923828125,-0.12520644037889672,20,1712137659274
1283,-0.884765625,1.931640625,-0.474609375,-0.12520644037889672,56,1712137659274
1283,-0.96875,1.95703125,-0.36328125,-0.12520644037889672,137,1712137659274
1283,-1.056640625,1.96484375,-0.318359375,-0.12520644037889672,189,1712137659274
1283,-1.07421875,2.00390625,-0.283203125,-0.12520644037889672,131,1712137659274
1283,-1.1640625,2.009765625,-0.16796875,-0.12520644037889672,41,1712137659274
1284,-0.94921875,1.787109375,-0.001953125,0.0,19,1712137659375
1284,-0.966796875,1.8203125,-0.001953125,0.0,26,1712137659375
1284,-0.984375,1.853515625,-0.041015625,0.0,17,1712137659375
1284,-0.951171875,1.93359375,-0.302734375,0.0,29,1712137659375
1284,-0.96875,1.970703125,-0.283203125,0.0,70,1712137659375
1284,-0.986328125,2.009765625,-0.255859375,0.0,78,1712137659375
1284,-1.001953125,2.044921875,-0.25,0.0,41,1712137659375
1284,-0.94921875,1.787109375,0.02734375,0.12520644037889672,20,1712137659375
1284,-0.966796875,1.8203125,0.013671875,0.12520644037889672,27,1712137659375
1284,-0.984375,1.849609375,-0.140625,0.12520644037889672,20,1712137659375
1284,-0.734375,2.00390625,-0.10546875,0.12520644037889672,21,1712137659375
1284,-0.6796875,2.046875,-0.28125,0.12520644037889672,25,1712137659375
1284,-0.552734375,2.095703125,-0.453125,0.12520644037889672,35,1712137659375
1284,-0.4921875,2.13671875,-0.515625,0.12520644037889672,42,1712137659375
1284,-0.572265625,2.154296875,-0.529296875,0.12520644037889672,26,1712137659375
1284,-0.884765625,1.791015625,-0.3203125,-0.25041288075779344,19,1712137659375
1284,-0.90234375,1.822265625,-0.341796875,-0.25041288075779344,27,1712137659375
1284,-1.01953125,1.86328125,-0.474609375,-0.25041288075779344,22,1712137659375
1284,-0.96875,1.935546875,-0.46875,-0.25041288075779344,61,1712137659375
1284,-0.986328125,1.97265625,-0.45703125,-0.25041288075779344,68,1712137659375
1284,-1.001953125,2.015625,-0.423828125,-0.25041288075779344,36,1712137659375
1284,-0.869140625,1.77734375,-0.169921875,-0.12520644037889672,17,1712137659375
1284,-0.884765625,1.810546875,-0.169921875,-0.12520644037889672,51,1712137659375
1284,-0.90234375,1.84375,-0.193359375,-0.12520644037889672,71,1712137659375
1284,-0.91796875,1.869140625,-0.271484375,-0.12520644037889672,48,1712137659375
1284,-0.66796875,2.0078125,-0.306640625,-0.12520644037889672,22,1712137659375
1284,-1.087890625,1.853515625,-0.3359375,-0.12520644037889672,43,1712137659375
1284,-0.96875,1.96484375,-0.326171875,-0.12520644037889672,125,1712137659375
1284,-0.986328125,2.00390625,-0.294921875,-0.12520644037889672,143,1712137659375
1284,-1.07421875,2.01171875,-0.22265625,-0.12520644037889672,75,1712137659375
1284,-0.80078125,2.080078125,-0.67578125,-0.12520644037889672,33,1712137659375
1284,-0.814453125,2.119140625,-0.669921875,-0.12520644037889672,31,1712137659375
1285,-0.65625,1.953125,-0.404296875,0.0,43,1712137659475
1285,-0.66796875,2.00390625,-0.330078125,0.0,89,1712137659475
1285,-0.6796875,2.046875,-0.283203125,0.0,97,1712137659475
1285,-0.830078125,2.037109375,-0.251953125,0.0,61,1712137659475
1285,-0.986328125,2.0,-0.318359375,0.0,31,1712137659475
1285,-1.14453125,1.966796875,-0.26171875,0.0,15,1712137659475
1285,-0.7734375,1.90625,-0.134765625,0.12520644037889672,31,1712137659475
1285,-0.65625,1.986328125,-0.173828125,0.12520644037889672,112,1712137659475
1285,-0.66796875,2.0234375,-0.177734375,0.12520644037889672,204,1712137659475
1285,-0.6796875,2.060546875,-0.16015625,0.12520644037889672,191,1712137659475
1285,-0.623046875,2.119140625,-0.142578125,0.12520644037889672,94,1712137659475
1285,-0.6328125,2.1484375,-0.24609375,0.12520644037889672,27,1712137659475
1285,-0.72265625,1.97265625,-0.013671875,0.25041288075779344,44,1712137659475
1285,-0.734375,2.0078125,-0.029296875,0.25041288075779344,81,1712137659475
1285,-0.6796875,2.06640625,-0.009765625,0.25041288075779344,76,1712137659475
1285,-0.69140625,2.103515625,0.03515625,0.25041288075779344,37,1712137659475
1285,-0.66796875,1.91015625,-0.69140625,-0.25041288075779344,19,1712137659475
1285,-0.884765625,1.818359375,-0.021484375,-0.12520644037889672,16,1712137659475
1285,-0.837890625,1.87890625,-0.1328125,-0.12520644037889672,33,1712137659475
1285,-0.787109375,1.91796875,-0.326171875,-0.12520644037889672,47,1712137659475
1285,-0.66796875,1.982421875,-0.443359375,-0.12520644037889672,58,1712137659475
1285,-0.611328125,2.009765625,-0.568359375,-0.12520644037889672,42,1712137659475
1285,-1.037109375,1.94140625,-0.23828125,-0.12520644037889672,55,1712137659475
1285,-1.056640625,1.958984375,-0.34765625,-0.12520644037889672,57,1712137659475
1285,-1.07421875,2.00390625,-0.28125,-0.12520644037889672,34,1712137659475
1286,-0.9296875,1.75,-0.123046875,0.0,13,1712137659576
1286,-0.822265625,1.837890625,-0.1953125,0.0,38,1712137659576
1286,-0.7734375,1.8984375,-0.216796875,0.0,58,1712137659576
1286,-0.65625,1.966796875,-0.326171875,0.0,123,1712137659576
1286,-0.6015625,2.0234375,-0.333984375,0.0,243,1712137659576
1286,-0.611328125,2.0625,-0.33203125,0.0,267,1712137659576
1286,-0.623046875,2.09765625,-0.333984375,0.0,166,1712137659576
1286,-0.6328125,2.130859375,-0.359375,0.0,70,1712137659576
1286,-0.787109375,2.07421875,-0.572265625,0.0,30,1712137659576
1286,-0.9453125,2.041015625,-0.599609375,0.0,37,1712137659576
1286,-0.9609375,2.0859375,-0.5703125,0.0,40,1712137659576
1286,-0.9765625,2.138671875,-0.5078125,0.0,27,1712137659576
1286,-0.869140625,1.783203125,-0.060546875,0.12520644037889672,33,1712137659576
1286,-0.822265625,1.84765625,-0.03515625,0.12520644037889672,91,1712137659576
1286,-0.7734375,1.91015625,-0.06640625,0.12520644037889672,135,1712137659576
1286,-0.65625,1.986328125,-0.1875,0.12520644037889672,247,1712137659576
1286,-0.66796875,2.01953125,-0.205078125,0.12520644037889672,472,1712137659576
1286,-0.6796875,2.05859375,-0.1953125,0.12520644037889672,498,1712137659576
1286,-0.69140625,2.095703125,-0.185546875,0.12520644037889672,270,1712137659576
1286,-0.5625,2.158203125,-0.31640625,0.12520644037889672,94,1712137659576
1286,-0.572265625,2.177734375,-0.416015625,0.12520644037889672,47,1712137659576
1286,-0.822265625,1.84765625,0.080078125,0.25041288075779344,36,1712137659576
1286,-0.837890625,1.8828125,0.056640625,0.25041288075779344,55,1712137659576
1286,-0.72265625,1.970703125,-0.0625,0.25041288075779344,114,1712137659576
1286,-0.66796875,2.029296875,-0.068359375,0.25041288075779344,220,1712137659576
1286,-0.6796875,2.06640625,-0.05859375,0.25041288075779344,232,1712137659576
1286,-0.69140625,2.103515625,-0.05078125,0.25041288075779344,126,1712137659576
1286,-0.5625,2.17578125,-0.138671875,0.25041288075779344,41,1712137659576
1286,-0.66796875,1.962890625,-0.517578125,-0.25041288075779344,19,1712137659576
1286,-0.9296875,1.982421875,-0.671875,-0.25041288075779344,25,1712137659576
1286,-0.728515625,1.998046875,-0.951171875,-0.25041288075779344,50,1712137659576
1286,-0.814453125,2.037109375,-0.88671875,-0.25041288075779344,49,1712137659576
1286,3.162109375,2.298828125,-1.044921875,-0.25041288075779344,18,1712137659576
1286,-0.822265625,1.833984375,-0.236328125,-0.12520644037889672,29,1712137659576
1286,-0.837890625,1.87109375,-0.220703125,-0.12520644037889672,42,1712137659576
1286,-0.787109375,1.923828125,-0.291015625,-0.12520644037889672,40,1712137659576
1286,-0.734375,1.970703125,-0.380859375,-0.12520644037889672,44,1712137659576
1286,-0.6796875,2.02734375,-0.408203125,-0.12520644037889672,49,1712137659576
1286,-0.830078125,2.00390625,-0.44921875,-0.12520644037889672,57,1712137659576
1286,-0.9140625,2.00390625,-0.46875,-0.12520644037889672,51,1712137659576
1286,-1.001953125,2.0078125,-0.4609375,-0.12520644037889672,44,1712137659576
1286,-0.80078125,2.056640625,-0.7421875,-0.12520644037889672,73,1712137659576
1286,-0.88671875,2.0703125,-0.728515625,-0.12520644037889672,78,1712137659576
1286,-0.9765625,2.099609375,-0.650390625,-0.12520644037889672,47,1712137659576
1286,-3.541015625,0.0,2.822265625,-0.25041288075779344,13,1712137659576
1287,-0.822265625,1.833984375,-0.2265625,0.0,14,1712137659675
1287,-0.90234375,1.83203125,-0.28125,0.0,24,1712137659675
1287,-0.787109375,1.92578125,-0.283203125,0.0,22,1712137659675
1287,-0.66796875,2.0234375,-0.171875,0.0,25,1712137659675
1287,-0.884765625,1.953125,-0.373046875,0.0,27,1712137659675
1287,-0.900390625,2.001953125,-0.287109375,0.0,40,1712137659675
1287,-0.84375,2.064453125,-0.3125,0.0,32,1712137659675
1287,-0.71484375,2.12109375,-0.48828125,0.0,24,1712137659675
1287,-0.822265625,1.849609375,-0.017578125,0.12520644037889672,32,1712137659675
1287,-0.837890625,1.8828125,-0.05859375,0.12520644037889672,56,1712137659675
1287,-0.853515625,1.9140625,-0.130859375,0.12520644037889672,46,1712137659675
1287,-0.869140625,1.94921875,-0.12890625,0.12520644037889672,38,1712137659675
1287,-0.81640625,2.015625,-0.0859375,0.12520644037889672,64,1712137659675
1287,-0.830078125,2.05078125,-0.08203125,0.12520644037889672,61,1712137659675
1287,-0.84375,2.0859375,-0.1015625,0.12520644037889672,32,1712137659675
1287,-0.90234375,1.853515625,-0.017578125,0.25041288075779344,23,1712137659675
1287,-0.984375,1.853515625,-0.033203125,0.25041288075779344,18,1712137659675
1287,-0.884765625,1.984375,0.115234375,0.25041288075779344,24,1712137659675
1287,-0.900390625,2.0234375,0.05078125,0.25041288075779344,23,1712137659675
1287,-0.64453125,2.05078125,-0.791015625,-0.37561932113669017,19,1712137659675
1287,-0.66796875,1.943359375,-0.591796875,-0.25041288075779344,21,1712137659675
1287,-0.884765625,1.916015625,-0.533203125,-0.25041288075779344,38,1712137659675
1287,-0.900390625,1.943359375,-0.560546875,-0.25041288075779344,42,1712137659675
1287,-0.986328125,1.89453125,-0.71484375,-0.25041288075779344,20,1712137659675
1287,-0.7734375,1.89453125,-0.25390625,-0.12520644037889672,24,1712137659675
1287,-0.72265625,1.93359375,-0.3828125,-0.12520644037889672,42,1712137659675
1287,-0.734375,1.947265625,-0.484375,-0.12520644037889672,47,1712137659675
1287,-0.81640625,1.96875,-0.44140625,-0.12520644037889672,101,1712137659675
1287,-0.900390625,1.982421875,-0.40234375,-0.12520644037889672,122,1712137659675
1287,-0.84375,2.044921875,-0.419921875,-0.12520644037889672,75,1712137659675
1287,-0.71484375,2.08203125,-0.6328125,-0.12520644037889672,43,1712137659675
1287,-0.654296875,2.05078125,-0.88671875,-0.12520644037889672,24,1712137659675
1287,0.3515625,1.498046875,1.646484375,-0.25041288075779344,14,1712137659675
1288,-0.7734375,1.91015625,-0.083984375,0.0,26,1712137659776
1288,-0.72265625,1.966796875,-0.14453125,0.0,61,1712137659776
1288,-0.80078125,1.974609375,-0.17578125,0.0,121,1712137659776
1288,-0.748046875,2.03125,-0.2265625,0.0,178,1712137659776
1288,-0.76171875,2.0625,-0.26953125,0.0,165,1712137659776
1288,-0.6328125,2.13671875,-0.322265625,0.0,109,1712137659776
1288,-0.572265625,2.181640625,-0.400390625,0.0,78,1712137659776
1288,-0.509765625,2.216796875,-0.5,0.0,40,1712137659776
1288,-0.88671875,2.19140625,-0.126953125,0.0,16,1712137659776
1288,-3.44140625,0.0,3.34765625,0.0,18,1712137659776
1288,-0.884765625,1.8203125,-0.001953125,0.12520644037889672,15,1712137659776
1288,-0.90234375,1.853515625,0.046875,0.12520644037889672,23,1712137659776
1288,-0.884765625,1.98828125,-0.048828125,0.12520644037889672,20,1712137659776
1288,-3.529296875,0.0,3.3828125,0.12520644037889672,27,1712137659776
1288,-3.44140625,0.0,3.60546875,0.12520644037889672,34,1712137659776
1288,-3.474609375,0.0,3.71875,0.12520644037889672,24,1712137659776
1288,-3.40625,0.0,3.708984375,0.25041288075779344,19,1712137659776
1288,-3.44140625,0.0,3.861328125,0.25041288075779344,23,1712137659776
1288,-0.65625,1.927734375,-0.509765625,-0.37561932113669017,37,1712137659776
1288,-0.66796875,1.9765625,-0.470703125,-0.37561932113669017,47,1712137659776
1288,-0.81640625,1.982421875,-0.369140625,-0.37561932113669017,20,1712137659776
1288,-0.623046875,2.05859375,-0.529296875,-0.37561932113669017,21,1712137659776
1288,-0.703125,2.076171875,-0.515625,-0.37561932113669017,31,1712137659776
1288,-0.64453125,1.923828125,-0.36328125,-0.25041288075779344,55,1712137659776
1288,-0.72265625,1.93359375,-0.380859375,-0.25041288075779344,133,1712137659776
1288,-0.66796875,1.98828125,-0.41796875,-0.25041288075779344,197,1712137659776
1288,-0.748046875,1.98828125,-0.474609375,-0.25041288075779344,198,1712137659776
1288,-0.76171875,2.001953125,-0.55859375,-0.25041288075779344,149,1712137659776
1288,-0.5625,2.10546875,-0.56640625,-0.25041288075779344,118,1712137659776
1288,-0.501953125,2.119140625,-0.7109375,-0.25041288075779344,97,1712137659776
1288,-0.4375,2.123046875,-0.8515625,-0.25041288075779344,50,1712137659776
1288,-0.7578125,1.865234375,-0.19140625,-0.12520644037889672,34,1712137659776
1288,-0.708984375,1.923828125,-0.208984375,-0.12520644037889672,80,1712137659776
1288,-0.72265625,1.955078125,-0.25,-0.12520644037889672,161,1712137659776
1288,-0.734375,1.984375,-0.302734375,-0.12520644037889672,259,1712137659776
1288,-0.748046875,2.01171875,-0.361328125,-0.12520644037889672,328,1712137659776
1288,-0.76171875,2.0390625,-0.41015625,-0.12520644037889672,289,1712137659776
1288,-0.5625,2.134765625,-0.447265625,-0.12520644037889672,197,1712137659776
1288,-0.501953125,2.1640625,-0.556640625,-0.12520644037889672,147,1712137659776
1288,-0.509765625,2.173828125,-0.6640625,-0.12520644037889672,75,1712137659776
1288,-0.88671875,2.189453125,-0.1328125,-0.12520644037889672,27,1712137659776
1288,-1.091796875,2.015625,0.412109375,-0.25041288075779344,26,1712137659776
1289,-0.58984375,2.015625,-0.015625,0.0,20,1712137659878
1289,-0.734375,2.005859375,0.078125,0.0,36,1712137659878
1289,-0.81640625,2.013671875,0.1171875,0.0,37,1712137659878
1289,-0.623046875,2.115234375,-0.19140625,0.0,34,1712137659878
1289,-0.5625,2.15625,-0.322265625,0.0,30,1712137659878
1289,-3.44140625,0.0,3.6484375,0.12520644037889672,21,1712137659878
1289,-3.40625,0.0,3.890625,0.25041288075779344,23,1712137659878
1289,-3.564453125,0.0,3.931640625,0.25041288075779344,25,1712137659878
1289,-0.580078125,1.9140625,-0.501953125,-0.5008257615155869,34,1712137659878
1289,-0.58984375,1.962890625,-0.455078125,-0.5008257615155869,60,1712137659878
1289,-0.53515625,2.029296875,-0.412109375,-0.5008257615155869,77,1712137659878
1289,-0.611328125,2.052734375,-0.388671875,-0.5008257615155869,57,1712137659878
1289,-0.484375,2.052734375,-0.673828125,-0.5008257615155869,33,1712137659878
1289,-0.421875,2.0703125,-0.783203125,-0.5008257615155869,41,1712137659878
1289,3.2578125,1.75390625,-1.544921875,-0.5008257615155869,25,1712137659878
1289,3.287109375,1.94921875,-1.330078125,-0.5008257615155869,21,1712137659878
1289,-0.6953125,1.861328125,-0.37890625,-0.37561932113669017,55,1712137659878
1289,-0.64453125,1.919921875,-0.384765625,-0.37561932113669017,125,1712137659878
1289,-0.58984375,1.986328125,-0.337890625,-0.37561932113669017,196,1712137659878
1289,-0.6015625,2.029296875,-0.306640625,-0.37561932113669017,238,1712137659878
1289,-0.6796875,2.05078125,-0.255859375,-0.37561932113669017,186,1712137659878
1289,-0.484375,2.080078125,-0.587890625,-0.37561932113669017,130,1712137659878
1289,-0.421875,2.1015625,-0.6953125,-0.37561932113669017,164,1712137659878
1289,-0.357421875,2.1640625,-0.66015625,-0.37561932113669017,111,1712137659878
1289,-1.091796875,1.375,-1.529296875,-0.37561932113669017,43,1712137659878
1289,3.130859375,2.25390625,-1.0859375,-0.37561932113669017,21,1712137659878
1289,-0.744140625,1.83203125,-0.171875,-0.25041288075779344,22,1712137659878
1289,-0.6953125,1.888671875,-0.20703125,-0.25041288075779344,70,1712137659878
1289,-0.64453125,1.943359375,-0.234375,-0.25041288075779344,142,1712137659878
1289,-0.65625,1.982421875,-0.21875,-0.25041288075779344,197,1712137659878
1289,-0.66796875,2.0234375,-0.1796875,-0.25041288075779344,224,1712137659878
1289,-0.6796875,2.064453125,-0.12109375,-0.25041288075779344,179,1712137659878
1289,-0.416015625,2.109375,-0.52734375,-0.25041288075779344,129,1712137659878
1289,-0.421875,2.140625,-0.560546875,-0.25041288075779344,173,1712137659878
1289,-0.4296875,2.181640625,-0.548828125,-0.25041288075779344,136,1712137659878
1289,-0.4375,2.236328125,-0.478515625,-0.25041288075779344,61,1712137659878
1289,-0.7578125,1.875,0.0078125,-0.12520644037889672,33,1712137659878
1289,-0.7734375,1.91015625,0.03125,-0.12520644037889672,59,1712137659878
1289,-0.72265625,1.97265625,-0.005859375,-0.12520644037889672,55,1712137659878
1289,-0.6015625,2.05078125,-0.0703125,-0.12520644037889672,42,1712137659878
1289,-0.611328125,2.0859375,-0.076171875,-0.12520644037889672,35,1712137659878
1289,-0.5625,2.142578125,-0.404296875,-0.12520644037889672,42,1712137659878
1289,-0.501953125,2.193359375,-0.42578125,-0.12520644037889672,50,1712137659878
1289,-3.2578125,0.0,2.916015625,-0.5008257615155869,18,1712137659878
1289,-3.4140625,0.0,3.130859375,-0.5008257615155869,14,1712137659878
1289,-1.216796875,0.0,2.078125,-0.37561932113669017,57,1712137659878
1289,-0.36328125,2.2421875,-0.51171875,-0.37561932113669017,40,1712137659878
1289,-3.3828125,0.0,3.267578125,-0.37561932113669017,14,1712137659878
1289,-1.236328125,0.408203125,-1.9296875,-0.25041288075779344,38,1712137659878
1290,-0.744140625,1.794921875,0.40625,0.0,15,1712137659977
1290,-0.6953125,1.865234375,0.3671875,0.0,21,1712137659977
1290,-0.64453125,1.943359375,0.23828125,0.0,22,1712137659977
1290,-0.58984375,2.005859375,0.19140625,0.0,16,1712137659977
1290,-3.44140625,0.0,3.484375,0.25041288075779344,36,1712137659977
1290,-3.474609375,0.0,3.62109375,0.25041288075779344,32,1712137659977
1290,3.40625,1.58984375,-1.013671875,-0.876445082652277,26,1712137659977
1290,3.318359375,1.744140625,-1.1875,-0.876445082652277,30,1712137659977
1290,3.474609375,1.53125,-1.162109375,-0.876445082652277,19,1712137659977
1290,3.25390625,1.91796875,-0.775390625,-0.7512386422733803,25,1712137659977
1290,3.28515625,1.931640625,-0.80078125,-0.7512386422733803,54,1712137659977
1290,3.318359375,1.9765625,-0.7421875,-0.7512386422733803,58,1712137659977
1290,3.349609375,2.015625,-0.693359375,-0.7512386422733803,29,1712137659977
1290,-0.62109375,1.865234375,-0.27734375,-0.6260322018944836,28,1712137659977
1290,-0.568359375,1.916015625,-0.310546875,-0.6260322018944836,38,1712137659977
1290,-0.515625,1.94921875,-0.43359375,-0.6260322018944836,35,1712137659977
1290,-0.525390625,1.98046875,-0.462890625,-0.6260322018944836,26,1712137659977
1290,3.28515625,2.076171875,-0.244140625,-0.6260322018944836,26,1712137659977
1290,-0.669921875,1.822265625,-0.1484375,-0.5008257615155869,44,1712137659977
1290,-0.62109375,1.87890625,-0.1640625,-0.5008257615155869,121,1712137659977
1290,-0.568359375,1.92578125,-0.25,-0.5008257615155869,198,1712137659977
1290,-0.515625,1.96484375,-0.353515625,-0.5008257615155869,227,1712137659977
1290,-0.525390625,1.98828125,-0.42578125,-0.5008257615155869,193,1712137659977
1290,-0.466796875,2.005859375,-0.57421875,-0.5008257615155869,123,1712137659977
1290,-0.33984375,1.912109375,-0.982421875,-0.5008257615155869,93,1712137659977
1290,-0.27734375,1.853515625,-1.1796875,-0.5008257615155869,71,1712137659977
1290,-0.140625,1.873046875,-1.2421875,-0.5008257615155869,32,1712137659977
1290,3.1953125,1.58203125,-1.658203125,-0.5008257615155869,23,1712137659977
1290,3.2265625,1.88671875,-1.341796875,-0.5008257615155869,24,1712137659977
1290,-0.609375,1.849609375,0.001953125,-0.37561932113669017,44,1712137659977
1290,-0.62109375,1.884765625,-0.048828125,-0.37561932113669017,131,1712137659977
1290,-0.568359375,1.935546875,-0.158203125,-0.37561932113669017,239,1712137659977
1290,-0.580078125,1.962890625,-0.25390625,-0.37561932113669017,302,1712137659977
1290,-0.525390625,2.005859375,-0.326171875,-0.37561932113669017,269,1712137659977
1290,-0.466796875,2.021484375,-0.513671875,-0.37561932113669017,203,1712137659977
1290,-0.33984375,1.994140625,-0.80078125,-0.37561932113669017,182,1712137659977
1290,-0.27734375,2.0078125,-0.890625,-0.37561932113669017,153,1712137659977
1290,-0.28125,2.046875,-0.896484375,-0.37561932113669017,86,1712137659977
1290,-1.07421875,1.791015625,-0.939453125,-0.37561932113669017,36,1712137659977
1290,-0.62109375,1.884765625,0.06640625,-0.25041288075779344,39,1712137659977
1290,-0.568359375,1.939453125,-0.078125,-0.25041288075779344,84,1712137659977
1290,-0.515625,1.990234375,-0.1640625,-0.25041288075779344,119,1712137659977
1290,-0.525390625,2.01953125,-0.23828125,-0.25041288075779344,115,1712137659977
1290,-0.466796875,2.03515625,-0.453125,-0.25041288075779344,104,1712137659977
1290,-0.408203125,2.04296875,-0.626953125,-0.25041288075779344,117,1712137659977
1290,-0.416015625,2.072265625,-0.662109375,-0.25041288075779344,120,1712137659977
1290,-0.3515625,2.11328125,-0.697265625,-0.25041288075779344,88,1712137659977
1290,-0.416015625,2.095703125,-0.583984375,-0.12520644037889672,31,1712137659977
1290,-0.421875,2.107421875,-0.671875,-0.12520644037889672,33,1712137659977
1290,-0.951171875,1.9453125,0.212890625,-0.5008257615155869,51,1712137659977
1290,-0.96875,1.986328125,0.1328125,-0.5008257615155869,55,1712137659977
1290,-0.986328125,1.982421875,0.4140625,-0.5008257615155869,31,1712137659977
1290,-0.369140625,3.9140625,-0.025390625,-0.5008257615155869,12,1712137659977
1290,-3.349609375,0.0,3.048828125,-0.5008257615155869,13,1712137659977
1290,-1.056640625,1.708984375,1.01953125,-0.37561932113669017,48,1712137659977
1290,-0.21484375,2.13671875,-0.796875,-0.37561932113669017,28,1712137659977
1291,-3.349609375,0.0,3.673828125,0.37561932113669017,29,1712137660077
1291,-3.3828125,0.0,3.7734375,0.37561932113669017,28,1712137660077
1291,3.25390625,1.349609375,-1.5703125,-0.7512386422733803,26,1712137660077
1291,3.1640625,1.63671875,-1.57421875,-0.7512386422733803,35,1712137660077
1291,3.1953125,1.80078125,-1.41796875,-0.7512386422733803,26,1712137660077
1291,-0.4765625,1.841796875,-0.158203125,-0.6260322018944836,25,1712137660077
1291,-0.486328125,1.880859375,-0.119140625,-0.6260322018944836,95,1712137660077
1291,-0.49609375,1.91796875,-0.13671875,-0.6260322018944836,150,1712137660077
1291,-0.505859375,1.951171875,-0.185546875,-0.6260322018944836,130,1712137660077
1291,-0.580078125,1.953125,-0.310546875,-0.6260322018944836,120,1712137660077
1291,-0.525390625,2.013671875,-0.28125,-0.6260322018944836,102,1712137660077
1291,-0.53515625,2.064453125,-0.158203125,-0.6260322018944836,41,1712137660077
1291,3.25390625,1.49609375,-1.4296875,-0.6260322018944836,23,1712137660077
1291,3.1640625,1.8671875,-1.291015625,-0.6260322018944836,28,1712137660077
1291,-0.537109375,1.830078125,-0.05859375,-0.5008257615155869,42,1712137660077
1291,-0.546875,1.869140625,-0.0234375,-0.5008257615155869,170,1712137660077
1291,-0.55859375,1.904296875,-0.0234375,-0.5008257615155869,267,1712137660077
1291,-0.568359375,1.94140625,-0.02734375,-0.5008257615155869,230,1712137660077
1291,-0.580078125,1.966796875,-0.216796875,-0.5008257615155869,217,1712137660077
1291,-0.58984375,1.998046875,-0.255859375,-0.5008257615155869,193,1712137660077
1291,-0.53515625,2.060546875,-0.203125,-0.5008257615155869,92,1712137660077
1291,-0.271484375,2.1015625,-0.4921875,-0.5008257615155869,41,1712137660077
1291,-0.345703125,2.103515625,-0.6015625,-0.5008257615155869,27,1712137660077
1291,-0.5625,2.029296875,-0.798828125,-0.5008257615155869,28,1712137660077
1291,-0.595703125,1.810546875,0.091796875,-0.37561932113669017,22,1712137660077
1291,-0.546875,1.8671875,0.08984375,-0.37561932113669017,90,1712137660077
1291,-0.55859375,1.900390625,0.13671875,-0.37561932113669017,140,1712137660077
1291,-0.6328125,1.908203125,0.236328125,-0.37561932113669017,110,1712137660077
1291,-0.64453125,1.9375,-0.279296875,-0.37561932113669017,105,1712137660077
1291,-0.65625,1.962890625,-0.349609375,-0.37561932113669017,98,1712137660077
1291,-0.267578125,2.091796875,-0.3515625,-0.37561932113669017,60,1712137660077
1291,-0.271484375,2.076171875,-0.591796875,-0.37561932113669017,68,1712137660077
1291,-0.416015625,2.07421875,-0.654296875,-0.37561932113669017,62,1712137660077
1291,-0.4921875,2.0703125,-0.73828125,-0.37561932113669017,65,1712137660077
1291,-0.572265625,2.0859375,-0.751953125,-0.37561932113669017,43,1712137660077
1291,-0.31640625,1.998046875,0.021484375,-0.25041288075779344,18,1712137660077
1291,-0.322265625,2.037109375,0.01171875,-0.25041288075779344,27,1712137660077
1291,-0.197265625,2.078125,-0.228515625,-0.25041288075779344,27,1712137660077
1291,-0.201171875,2.083984375,-0.43359375,-0.25041288075779344,44,1712137660077
1291,-0.271484375,2.107421875,-0.46875,-0.25041288075779344,45,1712137660077
1291,-0.416015625,2.09765625,-0.572265625,-0.25041288075779344,47,1712137660077
1291,-0.421875,2.109375,-0.666015625,-0.25041288075779344,55,1712137660077
1291,-1.01953125,1.58203125,-1.091796875,-0.5008257615155869,22,1712137660077
1292,-0.3046875,1.91796875,0.1328125,0.0,25,1712137660177
1292,-0.310546875,1.9609375,-0.001953125,0.0,49,1712137660177
1292,-0.31640625,1.998046875,0.01953125,0.0,58,1712137660177
1292,-0.322265625,2.03515625,0.046875,0.0,39,1712137660177
1292,-0.373046875,1.931640625,0.267578125,0.12520644037889672,22,1712137660177
1292,-0.37890625,1.9765625,0.19921875,0.12520644037889672,27,1712137660177
1292,-0.451171875,2.0078125,0.107421875,0.12520644037889672,17,1712137660177
1292,-3.349609375,0.0,3.3203125,0.25041288075779344,20,1712137660177
1292,-3.3828125,0.0,3.376953125,0.25041288075779344,21,1712137660177
1292,-3.349609375,0.0,3.638671875,0.37561932113669017,24,1712137660177
1292,-3.3828125,0.0,3.619140625,0.37561932113669017,25,1712137660177
1292,3.470703125,1.03515625,-0.765625,-0.876445082652277,28,1712137660177
1292,3.390625,1.369140625,-0.791015625,-0.876445082652277,40,1712137660177
1292,3.54296875,1.072265625,-0.759765625,-0.876445082652277,31,1712137660177
1292,-0.310546875,1.86328125,-0.609375,-0.7512386422733803,23,1712137660177
1292,-0.37890625,1.8984375,-0.58984375,-0.7512386422733803,45,1712137660177
1292,-0.38671875,1.96484375,-0.490234375,-0.7512386422733803,46,1712137660177
1292,-0.58984375,1.943359375,-0.529296875,-0.7512386422733803,31,1712137660177
1292,3.35546875,1.408203125,-0.681640625,-0.7512386422733803,21,1712137660177
1292,3.390625,1.4453125,-0.640625,-0.7512386422733803,31,1712137660177
1292,3.42578125,1.546875,-0.400390625,-0.7512386422733803,24,1712137660177
1292,-0.357421875,1.875,-0.052734375,-0.6260322018944836,40,1712137660177
1292,-0.365234375,1.908203125,0.134765625,-0.6260322018944836,44,1712137660177
1292,-0.43359375,1.84375,-0.591796875,-0.6260322018944836,92,1712137660177
1292,-0.443359375,1.921875,-0.44921875,-0.6260322018944836,250,1712137660177
1292,-0.38671875,1.986328125,-0.396484375,-0.6260322018944836,253,1712137660177
1292,-0.458984375,2.015625,-0.37109375,-0.6260322018944836,115,1712137660177
1292,-0.734375,1.97265625,-0.373046875,-0.6260322018944836,24,1712137660177
1292,-0.3515625,1.833984375,0.107421875,-0.5008257615155869,22,1712137660177
1292,-0.357421875,1.873046875,0.068359375,-0.5008257615155869,101,1712137660177
1292,-0.365234375,1.908203125,0.11328125,-0.5008257615155869,125,1712137660177
1292,-0.49609375,1.779296875,-0.7265625,-0.5008257615155869,81,1712137660177
1292,-0.37890625,1.962890625,-0.310546875,-0.5008257615155869,301,1712137660177
1292,-0.451171875,1.990234375,-0.28515625,-0.5008257615155869,318,1712137660177
1292,-0.458984375,2.03515625,-0.232421875,-0.5008257615155869,140,1712137660177
1292,0.0,1.673828125,-1.330078125,-0.5008257615155869,33,1712137660177
1292,-0.544921875,2.1015625,-0.154296875,-0.5008257615155869,23,1712137660177
1292,-0.41015625,1.802734375,0.29296875,-0.37561932113669017,19,1712137660177
1292,-0.41796875,1.8515625,0.19921875,-0.37561932113669017,67,1712137660177
1292,-0.486328125,1.86328125,0.283203125,-0.37561932113669017,69,1712137660177
1292,-0.125,1.916015625,-0.50390625,-0.37561932113669017,140,1712137660177
1292,-0.189453125,1.99609375,-0.271484375,-0.37561932113669017,216,1712137660177
1292,-0.322265625,2.0234375,-0.220703125,-0.37561932113669017,168,1712137660177
1292,-0.06640625,2.083984375,-0.255859375,-0.37561932113669017,74,1712137660177
1292,0.0,1.97265625,-0.82421875,-0.37561932113669017,70,1712137660177
1292,0.0,1.96875,-0.92578125,-0.37561932113669017,57,1712137660177
1292,-0.69140625,2.091796875,-0.224609375,-0.37561932113669017,57,1712137660177
1292,-0.703125,2.091796875,-0.447265625,-0.37561932113669017,39,1712137660177
1292,-0.181640625,1.87109375,-0.5078125,-0.25041288075779344,83,1712137660177
1292,-0.185546875,1.9375,-0.392578125,-0.25041288075779344,206,1712137660177
1292,-0.189453125,1.984375,-0.341796875,-0.25041288075779344,236,1712137660177
1292,-0.193359375,2.029296875,-0.306640625,-0.25041288075779344,133,1712137660177
1292,0.0,2.068359375,-0.3671875,-0.25041288075779344,51,1712137660177
1292,0.0,2.001953125,-0.75,-0.25041288075779344,54,1712137660177
1292,0.0,1.966796875,-0.931640625,-0.25041288075779344,53,1712137660177
1292,-0.76171875,2.072265625,-0.171875,-0.25041288075779344,56,1712137660177
1292,-0.84375,2.080078125,-0.171875,-0.25041288075779344,34,1712137660177
1292,-0.181640625,1.90625,-0.353515625,-0.12520644037889672,23,1712137660177
1292,-0.185546875,1.958984375,-0.26171875,-0.12520644037889672,60,1712137660177
1292,-0.189453125,2.0,-0.23828125,-0.12520644037889672,69,1712137660177
1292,-0.12890625,2.044921875,-0.228515625,-0.12520644037889672,39,1712137660177
1292,-0.9921875,3.794921875,0.619140625,0.25041288075779344,12,1712137660177
1292,-1.126953125,3.7109375,1.015625,0.25041288075779344,12,1712137660177
1292,0.0,1.9140625,0.951171875,-0.6260322018944836,14,1712137660177
1293,-0.234375,1.853515625,0.078125,0.0,15,1712137660278
1293,-0.1796875,1.873046875,-0.32421875,0.0,68,1712137660278
1293,-0.12109375,1.92578125,-0.25390625,0.0,223,1712137660278
1293,-0.125,1.96875,-0.22265625,0.0,332,1712137660278
1293,-0.126953125,2.009765625,-0.1875,0.0,246,1712137660278
1293,-0.2578125,2.04296875,-0.11328125,0.0,70,1712137660278
1293,0.06640625,1.9140625,-0.861328125,0.0,26,1712137660278
1293,-0.1328125,2.072265625,-0.51171875,0.0,32,1712137660278
1293,-0.203125,2.111328125,-0.482421875,0.0,22,1712137660278
1293,-0.181640625,1.931640625,-0.171875,0.12520644037889672,38,1712137660278
1293,-0.185546875,1.97265625,-0.125,0.12520644037889672,58,1712137660278
1293,-0.189453125,2.01171875,-0.099609375,0.12520644037889672,44,1712137660278
1293,-0.373046875,1.90625,-0.41015625,-0.6260322018944836,27,1712137660278
1293,-0.443359375,1.939453125,-0.365234375,-0.6260322018944836,38,1712137660278
1293,-0.515625,1.958984375,-0.38671875,-0.6260322018944836,34,1712137660278
1293,3.513671875,0.0,-0.912109375,-0.6260322018944836,37,1712137660278
1293,3.55078125,0.0,-0.95703125,-0.6260322018944836,62,1712137660278
1293,3.470703125,0.859375,-0.958984375,-0.6260322018944836,58,1712137660278
1293,3.5078125,0.95703125,-0.8828125,-0.6260322018944836,33,1712137660278
1293,-0.224609375,1.77734375,-0.08984375,-0.5008257615155869,26,1712137660278
1293,-0.228515625,1.81640625,-0.091796875,-0.5008257615155869,105,1712137660278
1293,-0.234375,1.853515625,-0.10546875,-0.5008257615155869,196,1712137660278
1293,-0.1796875,1.896484375,-0.1171875,-0.5008257615155869,209,1712137660278
1293,-0.244140625,1.921875,-0.197265625,-0.5008257615155869,157,1712137660278
1293,-0.310546875,1.916015625,-0.4140625,-0.5008257615155869,105,1712137660278
1293,-0.443359375,1.962890625,-0.220703125,-0.5008257615155869,70,1712137660278
1293,-0.580078125,1.9765625,-0.099609375,-0.5008257615155869,47,1712137660278
1293,3.513671875,0.544921875,-0.716796875,-0.5008257615155869,41,1712137660278
1293,3.435546875,1.02734375,-0.755859375,-0.5008257615155869,68,1712137660278
1293,3.587890625,0.619140625,-0.677734375,-0.5008257615155869,63,1712137660278
1293,3.625,0.65625,-0.65625,-0.5008257615155869,31,1712137660278
1293,-0.224609375,1.779296875,0.0234375,-0.37561932113669017,49,1712137660278
1293,-0.228515625,1.818359375,0.0234375,-0.37561932113669017,201,1712137660278
1293,-0.234375,1.85546875,0.0078125,-0.37561932113669017,371,1712137660278
1293,-0.1796875,1.900390625,-0.013671875,-0.37561932113669017,382,1712137660278
1293,-0.244140625,1.9296875,-0.068359375,-0.37561932113669017,264,1712137660278
1293,-0.373046875,1.94921875,-0.0703125,-0.37561932113669017,138,1712137660278
1293,-0.505859375,1.85546875,0.626953125,-0.37561932113669017,56,1712137660278
1293,-0.484375,2.03125,-0.734375,-0.37561932113669017,38,1712137660278
1293,-0.4921875,2.044921875,-0.8046875,-0.37561932113669017,30,1712137660278
1293,-0.28125,1.767578125,0.138671875,-0.25041288075779344,27,1712137660278
1293,-0.228515625,1.814453125,0.126953125,-0.25041288075779344,114,1712137660278
1293,-0.234375,1.8515625,0.123046875,-0.25041288075779344,209,1712137660278
1293,-0.23828125,1.892578125,0.05078125,-0.25041288075779344,198,1712137660278
1293,-0.060546875,1.880859375,-0.501953125,-0.25041288075779344,250,1712137660278
1293,-0.0625,1.912109375,-0.53125,-0.25041288075779344,402,1712137660278
1293,-0.0625,1.966796875,-0.47265625,-0.25041288075779344,310,1712137660278
1293,-0.064453125,2.033203125,-0.33203125,-0.25041288075779344,98,1712137660278
1293,0.0,1.923828125,-0.93359375,-0.25041288075779344,24,1712137660278
1293,0.13671875,2.046875,-0.728515625,-0.25041288075779344,23,1712137660278
1293,-0.623046875,2.025390625,-0.642578125,-0.25041288075779344,30,1712137660278
1293,-0.6328125,2.0234375,-0.76171875,-0.25041288075779344,21,1712137660278
1293,-0.119140625,1.8515625,-0.447265625,-0.12520644037889672,124,1712137660278
1293,-0.12109375,1.90234375,-0.396484375,-0.12520644037889672,428,1712137660278
1293,-0.0625,1.94921875,-0.369140625,-0.12520644037889672,632,1712137660278
1293,-0.126953125,1.990234375,-0.341796875,-0.12520644037889672,468,1712137660278
1293,-0.193359375,2.03515625,-0.26953125,-0.12520644037889672,133,1712137660278
1293,0.06640625,1.8125,-1.056640625,-0.12520644037889672,43,1712137660278
1293,-0.1328125,2.005859375,-0.728515625,-0.12520644037889672,54,1712137660278
1293,-0.068359375,2.068359375,-0.671875,-0.12520644037889672,37,1712137660278
1293,0.0,2.1328125,-0.59375,-0.12520644037889672,16,1712137660278
1293,0.126953125,1.880859375,-0.732421875,-0.37561932113669017,40,1712137660278
1293,-0.6796875,1.943359375,0.703125,-0.25041288075779344,21,1712137660278
1293,0.20703125,0.888671875,2.017578125,-0.25041288075779344,17,1712137660278
1294,-0.16796875,1.765625,0.267578125,0.0,19,1712137660378
1294,-0.115234375,1.814453125,0.22265625,0.0,42,1712137660378
1294,-0.1171875,1.8671875,-0.0234375,0.0,82,1712137660378
1294,-0.119140625,1.880859375,-0.30859375,0.0,259,1712137660378
1294,-0.12109375,1.921875,-0.28125,0.0,438,1712137660378
1294,-0.185546875,1.9609375,-0.25,0.0,349,1712137660378
1294,-0.189453125,2.005859375,-0.1875,0.0,126,1712137660378
1294,-0.12890625,1.9609375,-0.625,0.0,29,1712137660378
1294,-0.130859375,1.986328125,-0.669921875,0.0,16,1712137660378
1294,-0.466796875,2.037109375,-0.44921875,0.0,14,1712137660378
1294,-0.408203125,2.00390625,-0.7421875,0.0,17,1712137660378
1294,-0.17578125,1.830078125,0.349609375,0.12520644037889672,18,1712137660378
1294,-0.1796875,1.8984375,-0.095703125,0.12520644037889672,39,1712137660378
1294,-0.12109375,1.94140625,-0.083984375,0.12520644037889672,65,1712137660378
1294,-0.185546875,1.974609375,-0.09375,0.12520644037889672,54,1712137660378
1294,0.064453125,1.998046875,-0.501953125,0.12520644037889672,36,1712137660378
1294,0.06640625,2.03515625,-0.509765625,0.12520644037889672,36,1712137660378
1294,-0.171875,1.81640625,-0.1796875,-0.5008257615155869,22,1712137660378
1294,-0.05859375,1.857421875,-0.212890625,-0.5008257615155869,29,1712137660378
1294,-0.060546875,1.89453125,-0.2265625,-0.5008257615155869,33,1712137660378
1294,-0.12109375,1.91015625,-0.357421875,-0.5008257615155869,37,1712137660378
1294,-0.0625,1.947265625,-0.37890625,-0.5008257615155869,28,1712137660378
1294,3.435546875,1.14453125,-0.560546875,-0.5008257615155869,28,1712137660378
1294,-0.111328125,1.783203125,-0.16015625,-0.37561932113669017,41,1712137660378
1294,-0.115234375,1.826171875,-0.09375,-0.37561932113669017,88,1712137660378
1294,-0.1171875,1.8671875,-0.03125,-0.37561932113669017,115,1712137660378
1294,-0.1796875,1.890625,0.19921875,-0.37561932113669017,100,1712137660378
1294,-0.3046875,1.634765625,1.013671875,-0.37561932113669017,82,1712137660378
1294,-0.373046875,1.03515625,-1.65234375,-0.37561932113669017,58,1712137660378
1294,-0.16796875,1.775390625,-0.197265625,-0.25041288075779344,58,1712137660378
1294,-0.115234375,1.8203125,-0.171875,-0.25041288075779344,124,1712137660378
1294,-0.17578125,1.849609375,0.21484375,-0.25041288075779344,107,1712137660378
1294,0.060546875,1.763671875,-0.7265625,-0.25041288075779344,157,1712137660378
1294,0.0,1.865234375,-0.556640625,-0.25041288075779344,379,1712137660378
1294,-0.0625,1.91796875,-0.509765625,-0.25041288075779344,321,1712137660378
1294,-0.126953125,1.96484375,-0.462890625,-0.25041288075779344,113,1712137660378
1294,-0.16796875,1.787109375,-0.013671875,-0.12520644037889672,42,1712137660378
1294,-0.115234375,1.828125,-0.041015625,-0.12520644037889672,91,1712137660378
1294,-0.1171875,1.8515625,-0.244140625,-0.12520644037889672,97,1712137660378
1294,-0.119140625,1.845703125,-0.474609375,-0.12520644037889672,402,1712137660378
1294,-0.060546875,1.90234375,-0.41015625,-0.12520644037889672,734,1712137660378
1294,-0.125,1.9453125,-0.375,-0.12520644037889672,605,1712137660378
1294,-0.126953125,1.998046875,-0.291015625,-0.12520644037889672,212,1712137660378
1294,-0.2578125,2.044921875,-0.04296875,-0.12520644037889672,34,1712137660378
1294,-0.544921875,1.796875,-1.099609375,-0.12520644037889672,22,1712137660378
1294,-0.65625,1.291015625,1.2421875,-0.25041288075779344,95,1712137660378
1294,-0.884765625,0.30078125,1.794921875,-0.25041288075779344,61,1712137660378
1294,1.93359375,0.6328125,-0.33984375,-0.12520644037889672,23,1712137660378
1294,0.271484375,1.822265625,1.158203125,-0.12520644037889672,17,1712137660378
1295,-0.111328125,1.787109375,0.126953125,0.0,39,1712137660478
1295,-0.056640625,1.830078125,0.078125,0.0,85,1712137660478
1295,-0.1171875,1.865234375,-0.06640625,0.0,158,1712137660478
1295,-0.119140625,1.8984375,-0.162109375,0.0,333,1712137660478
1295,-0.12109375,1.935546875,-0.177734375,0.0,460,1712137660478
1295,-0.125,1.97265625,-0.18359375,0.0,344,1712137660478
1295,-0.126953125,2.01171875,-0.1796875,0.0,132,1712137660478
1295,-0.064453125,2.05859375,-0.072265625,0.0,24,1712137660478
1295,0.0,1.74609375,-0.7734375,0.12520644037889672,17,1712137660478
1295,0.0,1.873046875,-0.53125,0.12520644037889672,29,1712137660478
1295,-0.12109375,1.939453125,-0.12109375,0.25041288075779344,16,1712137660478
1295,0.0,1.822265625,-0.1875,-0.37561932113669017,24,1712137660478
1295,0.0,1.859375,-0.205078125,-0.37561932113669017,24,1712137660478
1295,-0.060546875,1.896484375,-0.212890625,-0.37561932113669017,27,1712137660478
1295,-0.12109375,1.916015625,-0.326171875,-0.37561932113669017,31,1712137660478
1295,-3.587890625,0.0,-0.421875,-0.37561932113669017,22,1712137660478
1295,3.513671875,0.765625,-0.470703125,-0.37561932113669017,25,1712137660478
1295,-0.111328125,1.787109375,-0.111328125,-0.25041288075779344,62,1712137660478
1295,-0.056640625,1.826171875,-0.130859375,-0.25041288075779344,130,1712137660478
1295,-0.05859375,1.8515625,-0.25390625,-0.25041288075779344,194,1712137660478
1295,-0.060546875,1.873046875,-0.361328125,-0.25041288075779344,357,1712137660478
1295,-0.12109375,1.90234375,-0.400390625,-0.25041288075779344,484,1712137660478
1295,-0.0625,1.94140625,-0.408203125,-0.25041288075779344,356,1712137660478
1295,-0.126953125,1.97265625,-0.43359375,-0.25041288075779344,134,1712137660478
1295,0.0,2.046875,-0.244140625,-0.25041288075779344,25,1712137660478
1295,-0.111328125,1.791015625,-0.005859375,-0.12520644037889672,78,1712137660478
1295,-0.115234375,1.828125,-0.021484375,-0.12520644037889672,172,1712137660478
1295,-0.05859375,1.861328125,-0.18359375,-0.12520644037889672,309,1712137660478
1295,-0.060546875,1.88671875,-0.27734375,-0.12520644037889672,635,1712137660478
1295,-0.12109375,1.919921875,-0.30078125,-0.12520644037889672,878,1712137660478
1295,-0.125,1.955078125,-0.31640625,-0.12520644037889672,645,1712137660478
1295,-0.126953125,1.994140625,-0.32421875,-0.12520644037889672,246,1712137660478
1295,-0.064453125,2.044921875,-0.25,-0.12520644037889672,49,1712137660478
1296,0.0,1.794921875,0.01953125,0.0,24,1712137660579
1296,-0.056640625,1.83203125,0.037109375,0.0,35,1712137660579
1296,-0.05859375,1.8671875,0.078125,0.0,32,1712137660579
1296,-0.119140625,1.904296875,0.044921875,0.0,24,1712137660579
1296,0.12109375,1.8671875,-0.541015625,0.0,22,1712137660579
1296,0.185546875,1.8515625,-0.689453125,0.0,19,1712137660579
1296,-0.328125,1.9921875,-0.572265625,0.0,18,1712137660579
1296,-0.400390625,1.974609375,-0.716796875,0.0,24,1712137660579
1296,-0.408203125,1.95703125,-0.861328125,0.0,18,1712137660579
1296,-0.111328125,1.78515625,0.150390625,0.12520644037889672,30,1712137660579
1296,-0.056640625,1.822265625,0.181640625,0.12520644037889672,41,1712137660579
1296,-0.1171875,1.86328125,0.1015625,0.12520644037889672,34,1712137660579
1296,-0.060546875,1.90234375,-0.14453125,0.12520644037889672,30,1712137660579
1296,0.0,1.92578125,-0.2890625,0.12520644037889672,34,1712137660579
1296,0.0,1.966796875,-0.265625,0.12520644037889672,32,1712137660579
1296,0.0,2.009765625,-0.232421875,0.12520644037889672,21,1712137660579
1296,0.0,1.787109375,-0.150390625,-0.25041288075779344,26,1712137660579
1296,0.0,1.826171875,-0.150390625,-0.25041288075779344,37,1712137660579
1296,0.0,1.86328125,-0.1640625,-0.25041288075779344,33,1712137660579
1296,-0.119140625,1.89453125,-0.1953125,-0.25041288075779344,25,1712137660579
1296,-0.244140625,1.912109375,-0.267578125,-0.25041288075779344,23,1712137660579
1296,-0.400390625,1.892578125,-0.912109375,-0.25041288075779344,22,1712137660579
1296,-0.0546875,1.755859375,-0.033203125,-0.12520644037889672,23,1712137660579
1296,-0.056640625,1.79296875,-0.060546875,-0.12520644037889672,71,1712137660579
1296,0.0,1.83203125,-0.064453125,-0.12520644037889672,99,1712137660579
1296,0.0,1.869140625,-0.076171875,-0.12520644037889672,87,1712137660579
1296,-0.119140625,1.900390625,-0.125,-0.12520644037889672,68,1712137660579
1296,-0.244140625,1.923828125,-0.16796875,-0.12520644037889672,62,1712137660579
1296,-0.248046875,1.94921875,-0.28515625,-0.12520644037889672,48,1712137660579
1296,-0.39453125,1.9921875,-0.53515625,-0.12520644037889672,30,1712137660579
1296,-0.400390625,1.935546875,-0.8125,-0.12520644037889672,41,1712137660579
1296,-0.408203125,1.912109375,-0.955078125,-0.12520644037889672,31,1712137660579
1296,-0.365234375,1.876953125,0.361328125,0.0,21,1712137660579
1296,-0.43359375,1.888671875,0.431640625,0.0,17,1712137660579
1297,0.0,1.794921875,-0.005859375,0.0,18,1712137660679
1297,-0.115234375,1.828125,0.056640625,0.0,29,1712137660679
1297,-0.1171875,1.865234375,0.06640625,0.0,24,1712137660679
1297,-0.119140625,1.880859375,-0.302734375,0.0,27,1712137660679
1297,0.0,1.912109375,-0.37109375,0.0,39,1712137660679
1297,0.0,1.939453125,-0.421875,0.0,35,1712137660679
1297,0.0,1.970703125,-0.455078125,0.0,24,1712137660679
1297,-0.2578125,1.99609375,-0.44921875,0.0,29,1712137660679
1297,-0.328125,2.015625,-0.490234375,0.0,43,1712137660679
1297,-0.333984375,2.033203125,-0.568359375,0.0,39,1712137660679
1297,-0.271484375,2.072265625,-0.603515625,0.0,25,1712137660679
1297,-0.111328125,1.78125,0.1875,0.12520644037889672,47,1712137660679
1297,-0.115234375,1.82421875,0.142578125,0.12520644037889672,72,1712137660679
1297,-0.1171875,1.857421875,0.181640625,0.12520644037889672,54,1712137660679
1297,-0.060546875,1.87890625,-0.3359375,0.12520644037889672,83,1712137660679
1297,-0.060546875,1.921875,-0.30078125,0.12520644037889672,135,1712137660679
1297,0.0,1.966796875,-0.2734375,0.12520644037889672,115,1712137660679
1297,0.0625,2.0078125,-0.23828125,0.12520644037889672,58,1712137660679
1297,-0.171875,1.802734375,0.27734375,0.25041288075779344,26,1712137660679
1297,-0.17578125,1.810546875,0.439453125,0.25041288075779344,21,1712137660679
1297,-0.119140625,1.892578125,-0.2265625,0.25041288075779344,31,1712137660679
1297,-0.060546875,1.93359375,-0.21484375,0.25041288075779344,49,1712137660679
1297,0.0,1.978515625,-0.158203125,0.25041288075779344,41,1712137660679
1297,0.0,1.826171875,-0.673828125,-0.25041288075779344,22,1712137660679
1297,-0.322265625,1.91015625,-0.70703125,-0.25041288075779344,35,1712137660679
1297,-0.328125,1.93359375,-0.75,-0.25041288075779344,55,1712137660679
1297,-0.333984375,1.951171875,-0.80859375,-0.25041288075779344,47,1712137660679
1297,-0.33984375,1.958984375,-0.8828125,-0.25041288075779344,25,1712137660679
1297,0.0,1.83203125,-0.068359375,-0.12520644037889672,24,1712137660679
1297,0.0,1.80859375,-0.611328125,-0.12520644037889672,41,1712137660679
1297,0.0,1.869140625,-0.544921875,-0.12520644037889672,70,1712137660679
1297,0.0,1.919921875,-0.5078125,-0.12520644037889672,56,1712137660679
1297,-0.322265625,1.95703125,-0.560546875,-0.12520644037889672,50,1712137660679
1297,-0.328125,1.97265625,-0.638671875,-0.12520644037889672,78,1712137660679
1297,-0.333984375,1.9921875,-0.69921875,-0.12520644037889672,69,1712137660679
1297,-0.203125,2.041015625,-0.728515625,-0.12520644037889672,46,1712137660679
1297,-0.20703125,2.0703125,-0.755859375,-0.12520644037889672,25,1712137660679
1297,-0.056640625,1.814453125,0.244140625,0.25041288075779344,26,1712137660679
1298,-0.115234375,1.8203125,-0.16796875,0.0,14,1712137660780
1298,-0.1171875,1.822265625,-0.41015625,0.0,51,1712137660780
1298,-0.119140625,1.853515625,-0.44140625,0.0,123,1712137660780
1298,-0.060546875,1.892578125,-0.451171875,0.0,145,1712137660780
1298,-0.125,1.939453125,-0.40625,0.0,90,1712137660780
1298,0.0,1.998046875,-0.322265625,0.0,30,1712137660780
1298,-0.171875,1.82421875,-0.0625,0.12520644037889672,32,1712137660780
1298,-0.1171875,1.84765625,-0.271484375,0.12520644037889672,146,1712137660780
1298,-0.119140625,1.880859375,-0.302734375,0.12520644037889672,371,1712137660780
1298,-0.12109375,1.921875,-0.291015625,0.12520644037889672,441,1712137660780
1298,-0.125,1.962890625,-0.26953125,0.12520644037889672,264,1712137660780
1298,-0.126953125,2.0078125,-0.224609375,0.12520644037889672,78,1712137660780
1298,-0.1171875,1.857421875,-0.18359375,0.25041288075779344,54,1712137660780
1298,-0.119140625,1.896484375,-0.189453125,0.25041288075779344,137,1712137660780
1298,-0.12109375,1.935546875,-0.173828125,0.25041288075779344,160,1712137660780
1298,-0.125,1.974609375,-0.1640625,0.25041288075779344,97,1712137660780
1298,-0.189453125,2.01171875,-0.103515625,0.25041288075779344,28,1712137660780
1298,-0.1796875,1.900390625,-0.017578125,0.37561932113669017,19,1712137660780
1298,-0.12109375,1.943359375,-0.01953125,0.37561932113669017,24,1712137660780
1298,-0.1171875,1.736328125,-0.685546875,-0.25041288075779344,20,1712137660780
1298,-0.060546875,1.796875,-0.640625,-0.25041288075779344,53,1712137660780
1298,-0.12109375,1.84765625,-0.6015625,-0.25041288075779344,65,1712137660780
1298,-0.0625,1.900390625,-0.57421875,-0.25041288075779344,40,1712137660780
1298,-0.05859375,1.8046875,-0.490234375,-0.12520644037889672,60,1712137660780
1298,-0.119140625,1.8359375,-0.505859375,-0.12520644037889672,162,1712137660780
1298,-0.060546875,1.8828125,-0.49609375,-0.12520644037889672,205,1712137660780
1298,-0.0625,1.927734375,-0.470703125,-0.12520644037889672,124,1712137660780
1298,-0.189453125,1.96484375,-0.4453125,-0.12520644037889672,37,1712137660780
1299,-0.111328125,1.7890625,0.07421875,0.0,23,1712137660880
1299,-0.115234375,1.828125,0.056640625,0.0,30,1712137660880
1299,-0.1171875,1.841796875,-0.30078125,0.0,28,1712137660880
1299,-0.1796875,1.755859375,-0.7265625,0.0,40,1712137660880
1299,-0.181640625,1.751953125,-0.828125,0.0,45,1712137660880
1299,0.0625,1.970703125,-0.236328125,0.0,34,1712137660880
1299,0.0,2.01171875,-0.224609375,0.0,25,1712137660880
1299,0.0,1.8515625,-0.9921875,0.0,18,1712137660880
1299,0.0,1.8984375,-0.982421875,0.0,15,1712137660880
1299,-0.111328125,1.78125,0.1796875,0.12520644037889672,24,1712137660880
1299,-0.171875,1.814453125,0.19921875,0.12520644037889672,31,1712137660880
1299,-0.1171875,1.794921875,-0.513671875,0.12520644037889672,33,1712137660880
1299,-0.119140625,1.88671875,-0.26953125,0.12520644037889672,132,1712137660880
1299,-0.060546875,1.93359375,-0.2265625,0.12520644037889672,191,1712137660880
1299,-0.125,1.974609375,-0.162109375,0.12520644037889672,135,1712137660880
1299,0.0,2.0234375,0.0546875,0.12520644037889672,40,1712137660880
1299,-0.515625,1.388671875,-1.43359375,0.12520644037889672,22,1712137660880
1299,0.06640625,2.021484375,-0.564453125,0.12520644037889672,35,1712137660880
1299,0.06640625,2.029296875,-0.666015625,0.12520644037889672,33,1712137660880
1299,0.0,1.810546875,-1.20703125,0.12520644037889672,20,1712137660880
1299,-3.587890625,0.0,-0.4609375,0.12520644037889672,20,1712137660880
1299,-0.119140625,1.89453125,-0.193359375,0.25041288075779344,52,1712137660880
1299,-0.12109375,1.9375,-0.158203125,0.25041288075779344,76,1712137660880
1299,-0.125,1.98046875,-0.0703125,0.25041288075779344,52,1712137660880
1299,0.0,2.048828125,-0.458984375,0.25041288075779344,17,1712137660880
1299,0.0,2.0390625,-0.638671875,0.25041288075779344,17,1712137660880
1299,-0.056640625,1.78125,-0.203125,-0.25041288075779344,24,1712137660880
1299,0.0,1.818359375,-0.2265625,-0.25041288075779344,31,1712137660880
1299,0.0,1.84375,-0.490234375,-0.25041288075779344,29,1712137660880
1299,0.0,1.892578125,-0.45703125,-0.25041288075779344,58,1712137660880
1299,0.0625,1.93359375,-0.4453125,-0.25041288075779344,55,1712137660880
1299,0.126953125,1.994140625,-0.322265625,-0.25041288075779344,29,1712137660880
1299,-0.0546875,1.75390625,-0.083984375,-0.12520644037889672,21,1712137660880
1299,-0.111328125,1.7890625,-0.05859375,-0.12520644037889672,63,1712137660880
1299,-0.056640625,1.830078125,-0.068359375,-0.12520644037889672,84,1712137660880
1299,-0.1171875,1.86328125,-0.107421875,-0.12520644037889672,46,1712137660880
1299,0.0,1.87890625,-0.341796875,-0.12520644037889672,76,1712137660880
1299,0.0,1.91796875,-0.337890625,-0.12520644037889672,156,1712137660880
1299,0.0625,1.955078125,-0.341796875,-0.12520644037889672,148,1712137660880
1299,0.0625,2.00390625,-0.26953125,-0.12520644037889672,77,1712137660880
1299,0.12890625,2.056640625,-0.005859375,-0.12520644037889672,28,1712137660880
1299,-0.458984375,1.845703125,-0.890625,-0.12520644037889672,28,1712137660880
1299,0.193359375,2.04296875,-0.1875,0.12520644037889672,19,1712137660880
1299,-0.65625,0.0,2.07421875,0.12520644037889672,22,1712137660880
1299,-0.734375,1.572265625,1.248046875,0.12520644037889672,21,1712137660880
1299,-0.81640625,1.892578125,0.69921875,0.12520644037889672,14,1712137660880
1299,2.130859375,0.0,3.15234375,0.12520644037889672,11,1712137660880
1299,-0.72265625,0.0,2.083984375,0.25041288075779344,9,1712137660880
1299,-0.580078125,1.65234375,-1.087890625,-0.12520644037889672,26,1712137660880
1299,0.26171875,1.341796875,1.59375,-0.12520644037889672,16,1712137660880
1300,-0.1640625,1.744140625,0.111328125,0.0,78,1712137660980
1300,-0.16796875,1.783203125,0.11328125,0.0,161,1712137660980
1300,-0.115234375,1.826171875,0.10546875,0.0,152,1712137660980
1300,-0.1171875,1.865234375,0.0546875,0.0,62,1712137660980
1300,0.0,1.740234375,0.78515625,0.0,20,1712137660980
1300,-0.38671875,1.869140625,-0.77734375,0.0,30,1712137660980
1300,-0.458984375,1.919921875,-0.716796875,0.0,28,1712137660980
1300,-0.1171875,1.841796875,-0.302734375,0.12520644037889672,40,1712137660980
1300,-0.119140625,1.880859375,-0.298828125,0.12520644037889672,130,1712137660980
1300,-0.12109375,1.923828125,-0.2734375,0.12520644037889672,187,1712137660980
1300,-0.125,1.96484375,-0.26171875,0.12520644037889672,134,1712137660980
1300,-0.251953125,1.96875,-0.390625,0.12520644037889672,57,1712137660980
1300,-0.38671875,1.91796875,-0.6484375,0.12520644037889672,58,1712137660980
1300,-0.458984375,1.958984375,-0.59765625,0.12520644037889672,54,1712137660980
1300,-0.53515625,2.052734375,-0.26953125,0.12520644037889672,24,1712137660980
1300,-0.060546875,1.896484375,-0.205078125,0.25041288075779344,44,1712137660980
1300,-0.12109375,1.935546875,-0.177734375,0.25041288075779344,62,1712137660980
1300,-0.125,1.974609375,-0.158203125,0.25041288075779344,44,1712137660980
1300,-0.31640625,1.97265625,-0.314453125,0.25041288075779344,21,1712137660980
1300,-0.451171875,1.955078125,-0.470703125,0.25041288075779344,27,1712137660980
1300,-0.109375,1.74609375,-0.142578125,-0.25041288075779344,80,1712137660980
1300,-0.111328125,1.787109375,-0.12109375,-0.25041288075779344,166,1712137660980
1300,-0.115234375,1.82421875,-0.134765625,-0.25041288075779344,154,1712137660980
1300,-0.1171875,1.857421875,-0.193359375,-0.25041288075779344,65,1712137660980
1300,0.060546875,1.46484375,-1.22265625,-0.25041288075779344,29,1712137660980
1300,0.0,1.685546875,-0.97265625,-0.25041288075779344,36,1712137660980
1300,-0.125,1.875,-0.638671875,-0.25041288075779344,28,1712137660980
1300,-0.16015625,1.708984375,-0.08203125,-0.12520644037889672,25,1712137660980
1300,-0.109375,1.751953125,-0.01171875,-0.12520644037889672,144,1712137660980
1300,-0.111328125,1.791015625,-0.001953125,-0.12520644037889672,298,1712137660980
1300,-0.115234375,1.828125,-0.01171875,-0.12520644037889672,281,1712137660980
1300,-0.1171875,1.865234375,-0.09375,-0.12520644037889672,121,1712137660980
1300,0.0,1.7421875,-0.77734375,-0.12520644037889672,97,1712137660980
1300,-0.12109375,1.85546875,-0.580078125,-0.12520644037889672,145,1712137660980
1300,-0.125,1.91796875,-0.49609375,-0.12520644037889672,109,1712137660980
1300,-0.126953125,1.990234375,-0.345703125,-0.12520644037889672,44,1712137660980
1300,0.06640625,1.759765625,-1.2109375,0.12520644037889672,17,1712137660980
1301,-0.16015625,1.7109375,0.02734375,0.0,19,1712137661080
1301,-0.109375,1.751953125,0.060546875,0.0,61,1712137661080
1301,-0.111328125,1.7890625,0.05859375,0.0,81,1712137661080
1301,-0.115234375,1.828125,-0.0234375,0.0,41,1712137661080
1301,-0.458984375,1.908203125,-0.748046875,0.0,24,1712137661080
1301,-0.3046875,1.869140625,-0.451171875,0.12520644037889672,24,1712137661080
1301,-0.451171875,1.916015625,-0.611328125,0.12520644037889672,45,1712137661080
1301,-0.458984375,1.96484375,-0.58203125,0.12520644037889672,49,1712137661080
1301,-0.33984375,1.986328125,-0.8203125,0.12520644037889672,27,1712137661080
1301,-0.345703125,2.068359375,-0.7109375,0.12520644037889672,33,1712137661080
1301,-0.109375,1.74609375,-0.1484375,-0.25041288075779344,54,1712137661080
1301,-0.111328125,1.78125,-0.181640625,-0.25041288075779344,69,1712137661080
1301,-0.115234375,1.8046875,-0.298828125,-0.25041288075779344,35,1712137661080
1301,-0.107421875,1.712890625,-0.052734375,-0.12520644037889672,35,1712137661080
1301,-0.109375,1.751953125,-0.044921875,-0.12520644037889672,111,1712137661080
1301,-0.111328125,1.7890625,-0.060546875,-0.12520644037889672,147,1712137661080
1301,-0.115234375,1.818359375,-0.1875,-0.12520644037889672,74,1712137661080
1301,0.125,1.9765625,-0.126953125,-0.12520644037889672,39,1712137661080
1302,-0.109375,1.751953125,0.001953125,0.0,18,1712137661181
1302,-0.111328125,1.791015625,0.0390625,0.0,34,1712137661181
1302,0.0,1.83203125,0.068359375,0.0,35,1712137661181
1302,0.0,1.869140625,0.083984375,0.0,39,1712137661181
1302,0.0,1.90625,0.0859375,0.0,47,1712137661181
1302,0.0,1.947265625,0.0,0.0,34,1712137661181
1302,-0.109375,1.75,0.08203125,0.12520644037889672,24,1712137661181
1302,-0.111328125,1.7890625,0.076171875,0.12520644037889672,33,1712137661181
1302,-0.1171875,1.85546875,-0.2109375,0.12520644037889672,28,1712137661181
1302,-0.119140625,1.888671875,-0.24609375,0.12520644037889672,82,1712137661181
1302,-0.12109375,1.92578125,-0.2578125,0.12520644037889672,108,1712137661181
1302,-0.185546875,1.958984375,-0.267578125,0.12520644037889672,74,1712137661181
1302,-0.31640625,1.94921875,-0.4375,0.12520644037889672,26,1712137661181
1302,-0.451171875,1.876953125,-0.7265625,0.12520644037889672,24,1712137661181
1302,-0.458984375,1.916015625,-0.72265625,0.12520644037889672,34,1712137661181
1302,-0.1796875,1.8984375,-0.078125,0.25041288075779344,30,1712137661181
1302,-0.181640625,1.935546875,-0.109375,0.25041288075779344,37,1712137661181
1302,-0.185546875,1.974609375,-0.091796875,0.25041288075779344,25,1712137661181
1302,0.0,1.787109375,-0.15625,-0.25041288075779344,26,1712137661181
1302,0.0,1.826171875,-0.15234375,-0.25041288075779344,27,1712137661181
1302,0.0,1.859375,-0.205078125,-0.25041288075779344,66,1712137661181
1302,0.0,1.888671875,-0.27734375,-0.25041288075779344,95,1712137661181
1302,0.0,1.9140625,-0.359375,-0.25041288075779344,76,1712137661181
1302,-0.0625,1.916015625,-0.513671875,-0.25041288075779344,33,1712137661181
1302,-0.0546875,1.751953125,-0.1015625,-0.12520644037889672,41,1712137661181
1302,-0.056640625,1.791015625,-0.087890625,-0.12520644037889672,69,1712137661181
1302,0.0,1.830078125,-0.08984375,-0.12520644037889672,59,1712137661181
1302,0.0,1.865234375,-0.12890625,-0.12520644037889672,108,1712137661181
1302,-0.060546875,1.892578125,-0.24609375,-0.12520644037889672,172,1712137661181
1302,-0.060546875,1.916015625,-0.34375,-0.12520644037889672,159,1712137661181
1302,0.0,1.947265625,-0.388671875,-0.12520644037889672,80,1712137661181
1302,3.513671875,0.572265625,-0.6953125,-0.12520644037889672,29,1712137661181
1302,-0.125,1.923828125,-0.474609375,-0.12520644037889672,80,1712137661181
1303,-0.0546875,1.75390625,-0.0390625,0.0,18,1712137661281
1303,0.0,1.794921875,-0.0234375,0.0,22,1712137661281
1303,-0.115234375,1.826171875,-0.09375,0.0,16,1712137661281
1303,0.0,1.76171875,-0.630859375,0.0,16,1712137661281
1303,0.060546875,1.828125,-0.548828125,0.0,55,1712137661281
1303,0.060546875,1.880859375,-0.49609375,0.0,91,1712137661281
1303,0.0625,1.92578125,-0.4765625,0.0,75,1712137661281
1303,0.0625,1.982421875,-0.40234375,0.0,31,1712137661281
1303,-0.107421875,1.71484375,-0.025390625,0.12520644037889672,17,1712137661281
1303,-0.0546875,1.755859375,0.0234375,0.12520644037889672,49,1712137661281
1303,-0.056640625,1.79296875,0.046875,0.12520644037889672,62,1712137661281
1303,-0.115234375,1.828125,-0.013671875,0.12520644037889672,42,1712137661281
1303,0.0,1.806640625,-0.486328125,0.12520644037889672,48,1712137661281
1303,0.0,1.8671875,-0.39453125,0.12520644037889672,161,1712137661281
1303,0.0,1.9140625,-0.3515625,0.12520644037889672,255,1712137661281
1303,0.0,1.958984375,-0.32421875,0.12520644037889672,200,1712137661281
1303,0.0625,1.998046875,-0.30859375,0.12520644037889672,76,1712137661281
1303,-0.458984375,1.904296875,-0.75390625,0.12520644037889672,17,1712137661281
1303,-0.111328125,1.7890625,0.09375,0.25041288075779344,22,1712137661281
1303,0.0,1.88671875,-0.294921875,0.25041288075779344,57,1712137661281
1303,0.0,1.931640625,-0.23828125,0.25041288075779344,91,1712137661281
1303,0.0,1.974609375,-0.19921875,0.25041288075779344,73,1712137661281
1303,0.0625,2.01171875,-0.197265625,0.25041288075779344,28,1712137661281
1303,0.0,1.767578125,-0.720703125,-0.25041288075779344,25,1712137661281
1303,0.0,1.8359375,-0.650390625,-0.25041288075779344,37,1712137661281
1303,0.0625,1.8671875,-0.673828125,-0.25041288075779344,28,1712137661281
1303,0.0,1.744140625,-0.20703125,-0.12520644037889672,20,1712137661281
1303,0.0,1.7734375,-0.267578125,-0.12520644037889672,25,1712137661281
1303,0.05859375,1.751953125,-0.654296875,-0.12520644037889672,24,1712137661281
1303,0.060546875,1.806640625,-0.615234375,-0.12520644037889672,79,1712137661281
1303,0.0,1.8671875,-0.5546875,-0.12520644037889672,122,1712137661281
1303,0.0,1.912109375,-0.53515625,-0.12520644037889672,91,1712137661281
1303,0.0,1.970703125,-0.458984375,-0.12520644037889672,30,1712137661281
1303,-3.587890625,0.0,-0.53515625,-0.12520644037889672,28,1712137661281
1303,-0.3359375,3.55859375,-0.318359375,-0.12520644037889672,15,1712137661281
1304,0.0,1.75390625,-0.07421875,0.0,33,1712137661382
1304,-0.056640625,1.79296875,-0.064453125,0.0,56,1712137661382
1304,-0.115234375,1.828125,0.001953125,0.0,45,1712137661382
1304,0.1171875,1.791015625,-0.529296875,0.0,50,1712137661382
1304,0.060546875,1.845703125,-0.484375,0.0,217,1712137661382
1304,0.060546875,1.88671875,-0.478515625,0.0,355,1712137661382
1304,0.125,1.9296875,-0.447265625,0.0,302,1712137661382
1304,0.0625,1.9765625,-0.423828125,0.0,135,1712137661382
1304,0.12890625,2.0234375,-0.37109375,0.0,34,1712137661382
1304,-3.587890625,0.0,-0.259765625,0.0,18,1712137661382
1304,0.0,1.716796875,-0.080078125,0.12520644037889672,20,1712137661382
1304,-0.0546875,1.755859375,0.005859375,0.12520644037889672,65,1712137661382
1304,-0.056640625,1.79296875,0.0234375,0.12520644037889672,110,1712137661382
1304,-0.115234375,1.82421875,0.12109375,0.12520644037889672,86,1712137661382
1304,0.1171875,1.826171875,-0.384765625,0.12520644037889672,115,1712137661382
1304,0.060546875,1.875,-0.353515625,0.12520644037889672,486,1712137661382
1304,0.060546875,1.9140625,-0.34765625,0.12520644037889672,767,1712137661382
1304,0.0625,1.95703125,-0.326171875,0.12520644037889672,630,1712137661382
1304,0.126953125,1.998046875,-0.287109375,0.12520644037889672,278,1712137661382
1304,0.12890625,2.041015625,-0.263671875,0.12520644037889672,68,1712137661382
1304,-0.109375,1.748046875,0.13671875,0.25041288075779344,29,1712137661382
1304,-0.111328125,1.787109375,0.123046875,0.25041288075779344,49,1712137661382
1304,-0.115234375,1.81640625,0.205078125,0.25041288075779344,39,1712137661382
1304,0.05859375,1.8515625,-0.2578125,0.25041288075779344,46,1712137661382
1304,0.060546875,1.89453125,-0.232421875,0.25041288075779344,200,1712137661382
1304,0.060546875,1.93359375,-0.220703125,0.25041288075779344,323,1712137661382
1304,0.0625,1.974609375,-0.205078125,0.25041288075779344,277,1712137661382
1304,0.0625,2.015625,-0.171875,0.25041288075779344,126,1712137661382
1304,0.064453125,2.0546875,-0.16015625,0.25041288075779344,31,1712137661382
1304,0.0,1.9453125,-0.09375,0.37561932113669017,23,1712137661382
1304,0.0,1.984375,-0.052734375,0.37561932113669017,17,1712137661382
1304,0.060546875,1.775390625,-0.796875,-0.37561932113669017,16,1712137661382
1304,0.060546875,1.77734375,-0.693359375,-0.25041288075779344,38,1712137661382
1304,0.060546875,1.814453125,-0.703125,-0.25041288075779344,55,1712137661382
1304,0.0625,1.861328125,-0.685546875,-0.25041288075779344,40,1712137661382
1304,-3.587890625,0.0,-0.568359375,-0.25041288075779344,30,1712137661382
1304,-3.626953125,0.0,-0.51953125,-0.25041288075779344,28,1712137661382
1304,0.0,1.7734375,-0.59765625,-0.12520644037889672,30,1712137661382
1304,0.0,1.8203125,-0.572265625,-0.12520644037889672,107,1712137661382
1304,0.0,1.859375,-0.57421875,-0.12520644037889672,155,1712137661382
1304,0.0625,1.904296875,-0.5546875,-0.12520644037889672,112,1712137661382
1304,0.126953125,1.95703125,-0.498046875,-0.12520644037889672,39,1712137661382
1304,-3.587890625,0.0,-0.42578125,-0.12520644037889672,37,1712137661382
1304,-3.626953125,0.0,-0.435546875,-0.12520644037889672,33,1712137661382
1304,0.189453125,1.97265625,-0.40625,0.0,134,1712137661382
1304,2.2421875,0.1875,2.794921875,-0.25041288075779344,16,1712137661382
1305,0.0546875,1.740234375,-0.228515625,0.0,12,1712137661483
1305,0.056640625,1.77734375,-0.236328125,0.0,41,1712137661483
1305,0.0,1.8125,-0.265625,0.0,54,1712137661483
1305,0.1171875,1.8359375,-0.333984375,0.0,50,1712137661483
1305,0.1796875,1.796875,-0.619140625,0.0,106,1712137661483
1305,0.244140625,1.818359375,-0.650390625,0.0,220,1712137661483
1305,0.185546875,1.884765625,-0.595703125,0.0,251,1712137661483
1305,0.189453125,1.93359375,-0.5625,0.0,142,1712137661483
1305,0.12890625,1.96484375,-0.607421875,0.0,41,1712137661483
1305,-0.197265625,1.974609375,-0.68359375,0.0,17,1712137661483
1305,-0.333984375,1.9609375,-0.78125,0.0,16,1712137661483
1305,-0.271484375,2.01953125,-0.765625,0.0,13,1712137661483
1305,0.0,1.75,-0.15625,0.12520644037889672,21,1712137661483
1305,0.0,1.787109375,-0.15234375,0.12520644037889672,80,1712137661483
1305,0.0,1.826171875,-0.14453125,0.12520644037889672,107,1712137661483
1305,0.05859375,1.857421875,-0.22265625,0.12520644037889672,92,1712137661483
1305,0.1796875,1.82421875,-0.53515625,0.12520644037889672,189,1712137661483
1305,0.181640625,1.861328125,-0.54296875,0.12520644037889672,406,1712137661483
1305,0.185546875,1.9140625,-0.494140625,0.12520644037889672,463,1712137661483
1305,0.126953125,1.9765625,-0.416015625,0.12520644037889672,261,1712137661483
1305,0.193359375,2.015625,-0.388671875,0.12520644037889672,74,1712137661483
1305,0.26171875,1.931640625,-0.779296875,0.12520644037889672,25,1712137661483
1305,0.056640625,1.79296875,0.005859375,0.25041288075779344,36,1712137661483
1305,0.0,1.83203125,-0.01171875,0.25041288075779344,46,1712137661483
1305,0.05859375,1.8671875,-0.08203125,0.25041288075779344,43,1712137661483
1305,0.1796875,1.859375,-0.392578125,0.25041288075779344,99,1712137661483
1305,0.181640625,1.89453125,-0.408203125,0.25041288075779344,211,1712137661483
1305,0.185546875,1.943359375,-0.361328125,0.25041288075779344,238,1712137661483
1305,0.126953125,1.998046875,-0.29296875,0.25041288075779344,134,1712137661483
1305,0.193359375,2.0390625,-0.240234375,0.25041288075779344,38,1712137661483
1305,-0.39453125,1.890625,-0.82421875,-0.25041288075779344,16,1712137661483
1305,-0.333984375,1.904296875,-0.912109375,-0.25041288075779344,16,1712137661483
1305,-3.439453125,0.78125,-0.40625,-0.25041288075779344,34,1712137661483
1305,-3.4765625,0.73828125,-0.498046875,-0.25041288075779344,33,1712137661483
1305,0.0,1.7890625,-0.400390625,-0.12520644037889672,16,1712137661483
1305,0.0,1.876953125,-0.34375,-0.12520644037889672,25,1712137661483
1305,0.0,1.912109375,-0.37109375,-0.12520644037889672,41,1712137661483
1305,0.0,1.9453125,-0.3984375,-0.12520644037889672,32,1712137661483
1305,-0.328125,1.9296875,-0.759765625,-0.12520644037889672,44,1712137661483
1305,-0.333984375,1.94140625,-0.830078125,-0.12520644037889672,43,1712137661483
1305,-0.33984375,1.951171875,-0.90234375,-0.12520644037889672,28,1712137661483
1305,-0.580078125,1.072265625,1.662109375,0.12520644037889672,42,1712137661483
1305,-0.458984375,1.986328125,0.50390625,0.12520644037889672,22,1712137661483
1305,-0.64453125,0.90234375,1.73828125,0.25041288075779344,20,1712137661483
1305,2.21875,0.0,3.009765625,-0.25041288075779344,19,1712137661483
1305,2.35546875,0.0,3.005859375,-0.25041288075779344,20,1712137661483
1306,0.109375,1.744140625,-0.1796875,0.0,28,1712137661583
1306,0.111328125,1.783203125,-0.173828125,0.0,65,1712137661583
1306,0.115234375,1.818359375,-0.19921875,0.0,73,1712137661583
1306,0.05859375,1.869140625,-0.017578125,0.0,30,1712137661583
1306,0.060546875,1.8203125,-0.5703125,0.0,41,1712137661583
1306,0.181640625,1.873046875,-0.501953125,0.0,76,1712137661583
1306,0.373046875,1.869140625,-0.5546875,0.0,101,1712137661583
1306,0.31640625,1.90234375,-0.609375,0.0,85,1712137661583
1306,0.2578125,1.931640625,-0.671875,0.0,24,1712137661583
1306,0.0,2.0078125,-0.61328125,0.0,17,1712137661583
1306,0.109375,1.751953125,-0.05859375,0.12520644037889672,52,1712137661583
1306,0.111328125,1.7890625,-0.07421875,0.12520644037889672,120,1712137661583
1306,0.115234375,1.826171875,-0.087890625,0.12520644037889672,136,1712137661583
1306,0.05859375,1.869140625,0.041015625,0.12520644037889672,60,1712137661583
1306,0.23828125,1.875,-0.26953125,0.12520644037889672,66,1712137661583
1306,0.3046875,1.87890625,-0.412109375,0.12520644037889672,127,1712137661583
1306,0.310546875,1.869140625,-0.58984375,0.12520644037889672,190,1712137661583
1306,0.31640625,1.927734375,-0.529296875,0.12520644037889672,158,1712137661583
1306,0.193359375,2.0234375,-0.345703125,0.12520644037889672,43,1712137661583
1306,0.328125,1.80859375,-1.013671875,0.12520644037889672,23,1712137661583
1306,0.1328125,1.994140625,-0.759765625,0.12520644037889672,22,1712137661583
1306,0.068359375,2.06640625,-0.677734375,0.12520644037889672,18,1712137661583
1306,0.0546875,1.75390625,0.0390625,0.25041288075779344,26,1712137661583
1306,0.111328125,1.791015625,0.03125,0.25041288075779344,62,1712137661583
1306,0.115234375,1.828125,0.013671875,0.25041288075779344,72,1712137661583
1306,0.234375,1.85546875,-0.03515625,0.25041288075779344,37,1712137661583
1306,0.23828125,1.888671875,-0.142578125,0.25041288075779344,52,1712137661583
1306,0.3046875,1.888671875,-0.359375,0.25041288075779344,96,1712137661583
1306,0.248046875,1.91796875,-0.44921875,0.25041288075779344,144,1712137661583
1306,0.251953125,1.970703125,-0.38671875,0.25041288075779344,120,1712137661583
1306,0.2578125,2.033203125,-0.23046875,0.25041288075779344,34,1712137661583
1306,0.12109375,1.931640625,-0.203125,0.37561932113669017,20,1712137661583
1306,0.248046875,1.955078125,-0.234375,0.37561932113669017,27,1712137661583
1306,0.189453125,2.00390625,-0.20703125,0.37561932113669017,21,1712137661583
1306,-0.060546875,1.8046875,-0.62109375,-0.12520644037889672,31,1712137661583
1306,-0.12109375,1.798828125,-0.734375,-0.12520644037889672,49,1712137661583
1306,-0.125,1.76171875,-0.90625,-0.12520644037889672,38,1712137661583
1306,-0.322265625,1.9375,-0.62890625,-0.12520644037889672,27,1712137661583
1306,-0.26171875,1.966796875,-0.6875,-0.12520644037889672,37,1712137661583
1306,-0.267578125,2.04296875,-0.568359375,-0.12520644037889672,18,1712137661583
1306,-0.373046875,0.509765625,1.8828125,0.0,51,1712137661583
1306,-0.443359375,1.3203125,1.46875,0.0,46,1712137661583
1306,-0.451171875,1.685546875,1.095703125,0.0,23,1712137661583
1306,-0.580078125,1.033203125,1.6875,0.12520644037889672,24,1712137661583
1306,-0.39453125,2.05859375,-0.123046875,0.12520644037889672,13,1712137661583
1306,-0.64453125,0.859375,1.759765625,0.25041288075779344,18,1712137661583
1307,0.21875,1.740234375,-0.0625,0.0,22,1712137661683
1307,0.224609375,1.775390625,-0.138671875,0.0,74,1712137661683
1307,0.228515625,1.80859375,-0.1796875,0.0,110,1712137661683
1307,0.17578125,1.8515625,-0.19140625,0.0,69,1712137661683
1307,0.4765625,1.630859375,-0.869140625,0.0,17,1712137661683
1307,0.365234375,1.763671875,-0.7421875,0.0,39,1712137661683
1307,0.310546875,1.865234375,-0.603515625,0.0,95,1712137661683
1307,0.31640625,1.912109375,-0.58203125,0.0,109,1712137661683
1307,0.322265625,1.95703125,-0.560546875,0.0,66,1712137661683
1307,0.328125,1.927734375,-0.763671875,0.0,25,1712137661683
1307,0.1328125,1.982421875,-0.7890625,0.0,12,1712137661683
1307,0.21875,1.7421875,0.03125,0.12520644037889672,39,1712137661683
1307,0.224609375,1.779296875,-0.015625,0.12520644037889672,136,1712137661683
1307,0.228515625,1.81640625,-0.0625,0.12520644037889672,200,1712137661683
1307,0.17578125,1.859375,-0.091796875,0.12520644037889672,137,1712137661683
1307,0.060546875,1.8984375,-0.189453125,0.12520644037889672,80,1712137661683
1307,0.181640625,1.90234375,-0.369140625,0.12520644037889672,149,1712137661683
1307,0.185546875,1.9375,-0.388671875,0.12520644037889672,235,1712137661683
1307,0.251953125,1.966796875,-0.3984375,0.12520644037889672,224,1712137661683
1307,0.2578125,2.0078125,-0.390625,0.12520644037889672,123,1712137661683
1307,0.26171875,2.041015625,-0.421875,0.12520644037889672,46,1712137661683
1307,0.1328125,2.09765625,-0.388671875,0.12520644037889672,23,1712137661683
1307,0.0,2.083984375,-0.626953125,0.12520644037889672,21,1712137661683
1307,0.21875,1.73046875,0.208984375,0.25041288075779344,20,1712137661683
1307,0.224609375,1.77734375,0.091796875,0.25041288075779344,72,1712137661683
1307,0.228515625,1.81640625,0.056640625,0.25041288075779344,104,1712137661683
1307,0.17578125,1.86328125,0.01171875,0.25041288075779344,67,1712137661683
1307,0.119140625,1.8984375,-0.150390625,0.25041288075779344,34,1712137661683
1307,0.181640625,1.916015625,-0.298828125,0.25041288075779344,70,1712137661683
1307,0.248046875,1.9453125,-0.302734375,0.25041288075779344,124,1712137661683
1307,0.251953125,1.984375,-0.30859375,0.25041288075779344,126,1712137661683
1307,0.2578125,2.0234375,-0.294921875,0.25041288075779344,72,1712137661683
1307,0.26171875,2.05859375,-0.322265625,0.25041288075779344,26,1712137661683
1307,-3.220703125,1.0625,-0.546875,-0.37561932113669017,15,1712137661683
1307,0.0,1.810546875,-0.603515625,-0.25041288075779344,24,1712137661683
1307,0.0,1.853515625,-0.59375,-0.25041288075779344,39,1712137661683
1307,0.0,1.880859375,-0.6328125,-0.25041288075779344,32,1712137661683
1307,-3.185546875,1.173828125,-0.14453125,-0.25041288075779344,21,1712137661683
1307,-3.220703125,1.173828125,-0.23046875,-0.25041288075779344,29,1712137661683
1307,-3.2578125,1.166015625,-0.3203125,-0.25041288075779344,23,1712137661683
1307,0.060546875,1.841796875,-0.5,-0.12520644037889672,68,1712137661683
1307,0.0,1.890625,-0.4609375,-0.12520644037889672,114,1712137661683
1307,0.0,1.9375,-0.43359375,-0.12520644037889672,92,1712137661683
1307,-0.0625,1.986328125,-0.380859375,-0.12520644037889672,36,1712137661683
1307,-0.201171875,1.99609375,-0.73828125,-0.12520644037889672,20,1712137661683
1307,-0.203125,2.033203125,-0.748046875,-0.12520644037889672,21,1712137661683
1307,-3.328125,0.8515625,-0.044921875,-0.12520644037889672,18,1712137661683
1307,-3.2578125,1.173828125,-0.287109375,-0.12520644037889672,20,1712137661683
1307,-3.29296875,1.12890625,-0.470703125,-0.12520644037889672,19,1712137661683
1307,-0.595703125,0.90234375,1.572265625,0.0,13,1712137661683
1307,-0.42578125,1.357421875,1.328125,0.0,20,1712137661683
1307,2.25390625,0.0,3.166015625,-0.37561932113669017,11,1712137661683
1307,2.3359375,0.0,3.24609375,-0.25041288075779344,15,1712137661683
1307,2.361328125,0.0,3.357421875,-0.25041288075779344,22,1712137661683
1307,2.388671875,0.0,3.3203125,-0.25041288075779344,20,1712137661683
1307,2.361328125,0.0,-3.421875,-0.12520644037889672,15,1712137661683
1307,2.388671875,0.0,3.27734375,-0.12520644037889672,18,1712137661683
1307,2.4140625,0.0,3.03515625,-0.12520644037889672,17,1712137661683
1308,0.224609375,1.77734375,-0.09375,0.0,39,1712137661784
1308,0.287109375,1.806640625,-0.123046875,0.0,74,1712137661784
1308,0.29296875,1.841796875,-0.15625,0.0,63,1712137661784
1308,0.357421875,1.8671875,-0.162109375,0.0,25,1712137661784
1308,0.181640625,1.8984375,-0.390625,0.0,34,1712137661784
1308,0.248046875,1.91015625,-0.4765625,0.0,66,1712137661784
1308,0.31640625,1.912109375,-0.578125,0.0,79,1712137661784
1308,0.2578125,1.916015625,-0.716796875,0.0,53,1712137661784
1308,0.06640625,1.958984375,-0.75,0.0,28,1712137661784
1308,0.0,2.025390625,-0.68359375,0.0,25,1712137661784
1308,0.0,2.0546875,-0.71875,0.0,22,1712137661784
1308,0.21875,1.7421875,0.056640625,0.12520644037889672,20,1712137661784
1308,0.28125,1.771484375,0.0078125,0.12520644037889672,95,1712137661784
1308,0.287109375,1.810546875,-0.01953125,0.12520644037889672,175,1712137661784
1308,0.234375,1.85546875,-0.029296875,0.12520644037889672,156,1712137661784
1308,0.23828125,1.892578125,-0.078125,0.12520644037889672,88,1712137661784
1308,0.244140625,1.9140625,-0.267578125,0.12520644037889672,95,1712137661784
1308,0.310546875,1.92578125,-0.37109375,0.12520644037889672,130,1712137661784
1308,0.31640625,1.951171875,-0.431640625,0.12520644037889672,152,1712137661784
1308,0.322265625,1.97265625,-0.5078125,0.12520644037889672,100,1712137661784
1308,0.26171875,1.9375,-0.763671875,0.12520644037889672,42,1712137661784
1308,0.267578125,1.91796875,-0.908203125,0.12520644037889672,31,1712137661784
1308,0.203125,2.001953125,-0.828125,0.12520644037889672,28,1712137661784
1308,0.2578125,2.736328125,-0.025390625,0.12520644037889672,32,1712137661784
1308,0.224609375,1.775390625,0.123046875,0.25041288075779344,35,1712137661784
1308,0.228515625,1.814453125,0.10546875,0.25041288075779344,67,1712137661784
1308,0.29296875,1.845703125,0.09765625,0.25041288075779344,61,1712137661784
1308,0.23828125,1.892578125,0.052734375,0.25041288075779344,34,1712137661784
1308,0.244140625,1.92578125,-0.146484375,0.25041288075779344,38,1712137661784
1308,0.310546875,1.9375,-0.30078125,0.25041288075779344,57,1712137661784
1308,0.251953125,1.982421875,-0.314453125,0.25041288075779344,67,1712137661784
1308,0.322265625,1.99609375,-0.3984375,0.25041288075779344,46,1712137661784
1308,0.26171875,1.984375,-0.634765625,0.25041288075779344,19,1712137661784
1308,0.060546875,1.833984375,-0.52734375,-0.25041288075779344,21,1712137661784
1308,0.060546875,1.8359375,-0.642578125,-0.25041288075779344,26,1712137661784
1308,-0.197265625,1.86328125,-0.94921875,-0.25041288075779344,21,1712137661784
1308,-0.201171875,1.951171875,-0.8515625,-0.25041288075779344,21,1712137661784
1308,0.224609375,1.767578125,-0.2109375,-0.12520644037889672,27,1712137661784
1308,0.287109375,1.79296875,-0.244140625,-0.12520644037889672,50,1712137661784
1308,0.234375,1.83984375,-0.24609375,-0.12520644037889672,48,1712137661784
1308,0.119140625,1.865234375,-0.388671875,-0.12520644037889672,58,1712137661784
1308,0.060546875,1.875,-0.517578125,-0.12520644037889672,75,1712137661784
1308,0.125,1.91015625,-0.525390625,-0.12520644037889672,54,1712137661784
1308,-0.193359375,1.830078125,-0.931640625,-0.12520644037889672,34,1712137661784
1308,-0.197265625,1.953125,-0.744140625,-0.12520644037889672,51,1712137661784
1308,-0.201171875,2.013671875,-0.689453125,-0.12520644037889672,50,1712137661784
1308,-0.13671875,2.048828125,-0.716796875,-0.12520644037889672,36,1712137661784
1308,-0.20703125,2.076171875,-0.7421875,-0.12520644037889672,21,1712137661784
1308,-0.357421875,0.9375,1.623046875,0.0,13,1712137661784
1308,-0.458984375,1.333984375,1.5546875,0.12520644037889672,27,1712137661784
1308,-0.466796875,1.59375,1.345703125,0.12520644037889672,19,1712137661784
1308,-0.458984375,1.18359375,1.671875,0.25041288075779344,11,1712137661784
1309,0.451171875,1.974609375,0.38671875,0.0,16,1712137661884
1309,0.39453125,1.103515625,-1.7421875,0.0,20,1712137661884
1309,0.400390625,1.39453125,-1.5703125,0.0,18,1712137661884
1309,0.060546875,1.9375,-0.19140625,0.12520644037889672,25,1712137661884
1309,0.125,1.97265625,-0.1796875,0.12520644037889672,20,1712137661884
1309,0.31640625,1.962890625,-0.375,0.12520644037889672,24,1712137661884
1309,0.2578125,1.99609375,-0.4453125,0.12520644037889672,26,1712137661884
1309,0.197265625,2.02734375,-0.509765625,0.12520644037889672,34,1712137661884
1309,0.201171875,1.982421875,-0.7734375,0.12520644037889672,33,1712137661884
1309,4.068359375,0.0,-1.13671875,0.12520644037889672,29,1712137661884
1309,3.97265625,1.14453125,-0.9296875,0.12520644037889672,25,1712137661884
1309,0.181640625,1.83203125,-0.634765625,-0.12520644037889672,25,1712137661884
1309,0.125,1.890625,-0.591796875,-0.12520644037889672,20,1712137661884
1309,-0.193359375,1.9609375,-0.607421875,-0.12520644037889672,28,1712137661884
1309,-0.197265625,1.994140625,-0.626953125,-0.12520644037889672,35,1712137661884
1309,-0.201171875,2.048828125,-0.576171875,-0.12520644037889672,24,1712137661884
1309,2.44140625,0.0,3.296875,-0.12520644037889672,22,1712137661884
1309,2.46875,0.0,3.220703125,-0.12520644037889672,20,1712137661884
1309,-0.322265625,1.873046875,-0.798828125,0.0,14,1712137661884
1309,-0.328125,2.04296875,-0.357421875,0.0,18,1712137661884
1309,-0.333984375,2.109375,-0.08203125,0.0,15,1712137661884
1309,-2.88671875,0.0,3.287109375,0.12520644037889672,17,1712137661884
1309,-2.9140625,0.0,3.17578125,0.12520644037889672,18,1712137661884
1309,-2.97265625,1.642578125,-0.080078125,-0.12520644037889672,19,1712137661884
1309,-3.11328125,1.443359375,-0.154296875,-0.12520644037889672,15,1712137661884
1310,0.0,1.806640625,-0.486328125,0.0,11,1712137661984
1310,0.060546875,1.869140625,-0.3828125,0.0,41,1712137661984
1310,0.060546875,1.91796875,-0.328125,0.0,60,1712137661984
1310,0.0625,1.962890625,-0.2890625,0.0,42,1712137661984
1310,0.0,1.98046875,-0.41015625,0.0,19,1712137661984
1310,-0.193359375,1.98046875,-0.5390625,0.0,23,1712137661984
1310,-0.130859375,2.01953125,-0.5625,0.0,31,1712137661984
1310,-0.1328125,2.056640625,-0.5703125,0.0,26,1712137661984
1310,0.068359375,2.03125,-0.775390625,0.0,24,1712137661984
1310,2.548828125,0.0,-3.326171875,0.0,11,1712137661984
1310,0.0,1.8671875,-0.3984375,0.12520644037889672,27,1712137661984
1310,0.060546875,1.923828125,-0.296875,0.12520644037889672,45,1712137661984
1310,0.0,1.96484375,-0.27734375,0.12520644037889672,31,1712137661984
1310,0.119140625,1.794921875,-0.63671875,-0.25041288075779344,37,1712137661984
1310,0.060546875,1.853515625,-0.595703125,-0.25041288075779344,56,1712137661984
1310,0.125,1.896484375,-0.57421875,-0.25041288075779344,40,1712137661984
1310,-0.193359375,1.85546875,-0.876953125,-0.25041288075779344,23,1712137661984
1310,-0.197265625,1.90625,-0.859375,-0.25041288075779344,30,1712137661984
1310,-0.201171875,1.970703125,-0.8046875,-0.25041288075779344,21,1712137661984
1310,0.0,1.6484375,-0.8828125,-0.12520644037889672,23,1712137661984
1310,0.060546875,1.828125,-0.54296875,-0.12520644037889672,97,1712137661984
1310,0.060546875,1.884765625,-0.484375,-0.12520644037889672,144,1712137661984
1310,0.125,1.9296875,-0.447265625,-0.12520644037889672,101,1712137661984
1310,0.0,1.94921875,-0.541015625,-0.12520644037889672,41,1712137661984
1310,-0.193359375,1.921875,-0.720703125,-0.12520644037889672,60,1712137661984
1310,-0.130859375,1.974609375,-0.69921875,-0.12520644037889672,78,1712137661984
1310,-0.1328125,2.033203125,-0.6484375,-0.12520644037889672,53,1712137661984
1310,-0.203125,2.087890625,-0.57421875,-0.12520644037889672,24,1712137661984
1310,-0.138671875,2.103515625,-0.67578125,-0.12520644037889672,18,1712137661984
1310,0.087890625,2.421875,-1.375,-0.12520644037889672,17,1712137661984
1310,2.44140625,0.0,3.111328125,-0.12520644037889672,20,1712137661984
1310,-3.080078125,1.431640625,-0.115234375,0.0,11,1712137661984
1310,-3.080078125,1.3984375,-0.326171875,-0.12520644037889672,19,1712137661984
1311,0.3359375,1.76171875,-0.060546875,0.0,19,1712137662084
1311,0.34375,1.796875,-0.09375,0.0,41,1712137662084
1311,0.29296875,1.84375,-0.119140625,0.0,42,1712137662084
1311,0.119140625,1.873046875,-0.349609375,0.0,37,1712137662084
1311,0.0,1.919921875,-0.322265625,0.0,32,1712137662084
1311,-0.193359375,1.99609375,-0.478515625,0.0,30,1712137662084
1311,-0.130859375,2.04296875,-0.46484375,0.0,33,1712137662084
1311,-0.267578125,2.09765625,-0.31640625,0.0,20,1712137662084
1311,2.4140625,0.0,-3.25,0.0,14,1712137662084
1311,2.44140625,0.0,-3.373046875,0.0,13,1712137662084
1311,0.28125,1.771484375,-0.04296875,0.12520644037889672,23,1712137662084
1311,0.34375,1.798828125,-0.02734375,0.12520644037889672,48,1712137662084
1311,0.29296875,1.84765625,-0.01953125,0.12520644037889672,49,1712137662084
1311,0.298828125,1.884765625,-0.052734375,0.12520644037889672,23,1712137662084
1311,0.0,2.095703125,0.119140625,0.12520644037889672,17,1712137662084
1311,0.33984375,2.025390625,-0.720703125,0.12520644037889672,34,1712137662084
1311,0.3359375,1.73828125,-0.294921875,-0.25041288075779344,21,1712137662084
1311,0.34375,1.763671875,-0.357421875,-0.25041288075779344,42,1712137662084
1311,0.3515625,1.798828125,-0.37109375,-0.25041288075779344,44,1712137662084
1311,0.1796875,1.810546875,-0.578125,-0.25041288075779344,32,1712137662084
1311,0.060546875,1.859375,-0.576171875,-0.25041288075779344,27,1712137662084
1311,-0.12890625,1.84375,-0.912109375,-0.25041288075779344,24,1712137662084
1311,-0.130859375,1.900390625,-0.8828125,-0.25041288075779344,26,1712137662084
1311,0.3359375,1.751953125,-0.19140625,-0.12520644037889672,55,1712137662084
1311,0.34375,1.78515625,-0.228515625,-0.12520644037889672,115,1712137662084
1311,0.29296875,1.830078125,-0.25390625,-0.12520644037889672,118,1712137662084
1311,0.1796875,1.85546875,-0.41015625,-0.12520644037889672,76,1712137662084
1311,0.060546875,1.89453125,-0.44921875,-0.12520644037889672,60,1712137662084
1311,0.0,1.896484375,-0.5859375,-0.12520644037889672,29,1712137662084
1311,-0.126953125,1.798828125,-0.91796875,-0.12520644037889672,27,1712137662084
1311,-0.12890625,1.90234375,-0.783203125,-0.12520644037889672,53,1712137662084
1311,-0.130859375,1.96484375,-0.728515625,-0.12520644037889672,60,1712137662084
1311,-0.1328125,2.015625,-0.69921875,-0.12520644037889672,34,1712137662084
1311,2.51953125,0.0,3.15625,-0.12520644037889672,27,1712137662084
1311,2.548828125,0.0,3.267578125,-0.12520644037889672,25,1712137662084
1311,-2.939453125,1.611328125,0.2265625,0.0,13,1712137662084
1311,-3.080078125,1.435546875,0.044921875,0.0,12,1712137662084
1311,-0.4765625,1.572265625,1.427734375,0.12520644037889672,18,1712137662084
1311,-2.939453125,1.625,-0.0625,-0.12520644037889672,24,1712137662084
1311,-2.97265625,1.64453125,-0.046875,-0.12520644037889672,23,1712137662084
1312,0.3359375,1.759765625,-0.103515625,0.0,26,1712137662185
1312,0.34375,1.794921875,-0.12890625,0.0,46,1712137662185
1312,0.3515625,1.833984375,-0.103515625,0.0,44,1712137662185
1312,0.357421875,1.86328125,-0.201171875,0.0,25,1712137662185
1312,0.12109375,1.912109375,-0.345703125,0.0,19,1712137662185
1312,2.4140625,0.0,2.88671875,0.0,10,1712137662185
1312,2.548828125,0.0,2.896484375,0.0,11,1712137662185
1312,0.28125,1.767578125,-0.130859375,0.12520644037889672,24,1712137662185
1312,0.34375,1.798828125,-0.076171875,0.12520644037889672,42,1712137662185
1312,0.29296875,1.845703125,-0.08203125,0.12520644037889672,35,1712137662185
1312,0.119140625,1.896484375,-0.185546875,0.12520644037889672,25,1712137662185
1312,0.12109375,1.923828125,-0.275390625,0.12520644037889672,34,1712137662185
1312,0.185546875,1.94921875,-0.328125,0.12520644037889672,26,1712137662185
1312,0.392578125,1.70703125,-0.384765625,-0.25041288075779344,25,1712137662185
1312,0.34375,1.755859375,-0.396484375,-0.25041288075779344,44,1712137662185
1312,0.41015625,1.787109375,-0.375,-0.25041288075779344,41,1712137662185
1312,0.181640625,1.84765625,-0.5859375,-0.25041288075779344,24,1712137662185
1312,0.3359375,1.7421875,-0.271484375,-0.12520644037889672,66,1712137662185
1312,0.34375,1.779296875,-0.2734375,-0.12520644037889672,117,1712137662185
1312,0.3515625,1.8203125,-0.248046875,-0.12520644037889672,108,1712137662185
1312,0.298828125,1.853515625,-0.33984375,-0.12520644037889672,60,1712137662185
1312,0.12109375,1.876953125,-0.50390625,-0.12520644037889672,63,1712137662185
1312,0.185546875,1.88671875,-0.591796875,-0.12520644037889672,48,1712137662185
1312,0.189453125,1.8984375,-0.671875,-0.12520644037889672,28,1712137662185
1312,0.0,1.984375,-0.55859375,-0.12520644037889672,21,1712137662185
1312,-0.130859375,2.017578125,-0.5625,-0.12520644037889672,22,1712137662185
1312,-2.939453125,1.623046875,-0.08984375,0.0,8,1712137662185
1312,-2.97265625,1.638671875,-0.13671875,0.0,8,1712137662185
1313,0.34375,1.779296875,-0.267578125,0.0,14,1712137662286
1313,0.3515625,1.83203125,-0.130859375,0.0,17,1712137662286
1313,0.298828125,1.8828125,-0.099609375,0.0,15,1712137662286
1313,0.3046875,1.921875,-0.0625,0.0,12,1712137662286
1313,0.400390625,1.779296875,-0.177734375,0.12520644037889672,21,1712137662286
1313,0.3515625,1.8359375,-0.0703125,0.12520644037889672,22,1712137662286
1313,0.357421875,1.87109375,0.109375,0.12520644037889672,17,1712137662286
1313,-0.12890625,1.9921875,-0.513671875,0.12520644037889672,25,1712137662286
1313,-0.197265625,2.01953125,-0.537109375,0.12520644037889672,22,1712137662286
1313,0.41015625,1.78125,-0.400390625,-0.25041288075779344,18,1712137662286
1313,0.3359375,1.69921875,-0.46484375,-0.12520644037889672,20,1712137662286
1313,0.400390625,1.74609375,-0.3828125,-0.12520644037889672,45,1712137662286
1313,0.41015625,1.802734375,-0.287109375,-0.12520644037889672,50,1712137662286
1313,0.41796875,1.853515625,-0.1875,-0.12520644037889672,43,1712137662286
1313,0.365234375,1.904296875,-0.173828125,-0.12520644037889672,34,1712137662286
1313,0.373046875,1.93359375,-0.255859375,-0.12520644037889672,21,1712137662286
1314,0.392578125,1.734375,-0.232421875,0.0,21,1712137662386
1314,0.400390625,1.77734375,-0.1875,0.0,40,1712137662386
1314,0.41015625,1.818359375,-0.162109375,0.0,38,1712137662386
1314,0.41796875,1.85546875,-0.158203125,0.0,23,1712137662386
1314,-0.12890625,1.908203125,-0.767578125,0.0,19,1712137662386
1314,-0.130859375,1.982421875,-0.6796875,0.0,18,1712137662386
1314,0.400390625,1.783203125,-0.14453125,0.12520644037889672,25,1712137662386
1314,0.466796875,1.80859375,-0.103515625,0.12520644037889672,20,1712137662386
1314,-0.189453125,1.951171875,-0.501953125,0.12520644037889672,26,1712137662386
1314,-0.12890625,1.970703125,-0.587890625,0.12520644037889672,47,1712137662386
1314,-0.197265625,2.01171875,-0.56640625,0.12520644037889672,44,1712137662386
1314,-0.201171875,2.072265625,-0.482421875,0.12520644037889672,18,1712137662386
1314,-0.193359375,1.99609375,-0.48046875,0.25041288075779344,17,1712137662386
1314,0.392578125,1.689453125,-0.458984375,-0.25041288075779344,19,1712137662386
1314,0.400390625,1.744140625,-0.390625,-0.25041288075779344,35,1712137662386
1314,0.41015625,1.787109375,-0.375,-0.25041288075779344,33,1712137662386
1314,0.41796875,1.833984375,-0.322265625,-0.25041288075779344,17,1712137662386
1314,0.44921875,1.69140625,-0.396484375,-0.12520644037889672,49,1712137662386
1314,0.400390625,1.76171875,-0.310546875,-0.12520644037889672,92,1712137662386
1314,0.41015625,1.806640625,-0.259765625,-0.12520644037889672,85,1712137662386
1314,0.4765625,1.8359375,-0.21875,-0.12520644037889672,42,1712137662386
1314,0.42578125,1.884765625,-0.2421875,-0.12520644037889672,24,1712137662386
1314,2.625,0.0,2.87890625,-0.12520644037889672,19,1712137662386
1314,-2.833984375,1.75390625,-0.41796875,-0.12520644037889672,11,1712137662386
1315,0.28125,1.716796875,-0.4375,0.0,13,1712137662487
1315,0.34375,1.77734375,-0.283203125,0.0,27,1712137662487
1315,0.3515625,1.82421875,-0.212890625,0.0,29,1712137662487
1315,0.41796875,1.859375,-0.119140625,0.0,25,1712137662487
1315,0.365234375,1.908203125,-0.119140625,0.0,25,1712137662487
1315,0.373046875,1.947265625,-0.087890625,0.0,20,1712137662487
1315,-0.251953125,1.798828125,-0.890625,0.0,15,1712137662487
1315,-0.12890625,1.908203125,-0.767578125,0.0,32,1712137662487
1315,-0.197265625,1.966796875,-0.7109375,0.0,37,1712137662487
1315,-0.1328125,2.009765625,-0.71875,0.0,24,1712137662487
1315,0.34375,1.78515625,-0.2265625,0.12520644037889672,23,1712137662487
1315,0.3515625,1.83203125,-0.134765625,0.12520644037889672,18,1712137662487
1315,0.244140625,1.91796875,-0.234375,0.12520644037889672,15,1712137662487
1315,-0.126953125,1.90234375,-0.673828125,0.12520644037889672,28,1712137662487
1315,-0.12890625,1.9453125,-0.66796875,0.12520644037889672,67,1712137662487
1315,-0.130859375,2.00390625,-0.61328125,0.12520644037889672,81,1712137662487
1315,-0.201171875,2.0546875,-0.556640625,0.12520644037889672,51,1712137662487
1315,0.0,2.076171875,-0.6484375,0.12520644037889672,17,1712137662487
1315,-0.193359375,1.984375,-0.521484375,0.25041288075779344,28,1712137662487
1315,-0.197265625,2.044921875,-0.43359375,0.25041288075779344,34,1712137662487
1315,-0.201171875,2.076171875,-0.46875,0.25041288075779344,22,1712137662487
1315,0.34375,1.71875,-0.53125,-0.25041288075779344,24,1712137662487
1315,0.3515625,1.783203125,-0.44140625,-0.25041288075779344,25,1712137662487
1315,0.4765625,1.822265625,-0.3125,-0.25041288075779344,21,1712137662487
1315,0.42578125,1.869140625,-0.3359375,-0.25041288075779344,23,1712137662487
1315,0.3359375,1.697265625,-0.4765625,-0.12520644037889672,36,1712137662487
1315,0.34375,1.748046875,-0.4296875,-0.12520644037889672,67,1712137662487
1315,0.3515625,1.802734375,-0.359375,-0.12520644037889672,67,1712137662487
1315,0.41796875,1.84375,-0.26171875,-0.12520644037889672,51,1712137662487
1315,0.42578125,1.880859375,-0.2734375,-0.12520644037889672,57,1712137662487
1315,0.43359375,1.90625,-0.34375,-0.12520644037889672,48,1712137662487
1315,0.31640625,1.939453125,-0.482421875,-0.12520644037889672,24,1712137662487
1315,0.2578125,1.9765625,-0.529296875,-0.12520644037889672,13,1712137662487
1315,-0.197265625,1.84375,-0.984375,-0.12520644037889672,15,1712137662487
1315,0.443359375,1.884765625,0.5859375,0.0,12,1712137662487
1315,0.58984375,1.939453125,0.548828125,-0.12520644037889672,8,1712137662487
1316,0.384765625,1.6953125,-0.248046875,0.0,20,1712137662587
1316,0.392578125,1.7265625,-0.291015625,0.0,34,1712137662587
1316,0.34375,1.76953125,-0.33203125,0.0,24,1712137662587
1316,0.41796875,1.861328125,-0.0859375,0.0,33,1712137662587
1316,0.365234375,1.90625,-0.16015625,0.0,31,1712137662587
1316,0.451171875,2.01171875,-0.013671875,0.0,12,1712137662587
1316,-0.197265625,1.880859375,-0.91015625,0.0,16,1712137662587
1316,-0.1328125,1.96875,-0.822265625,0.0,14,1712137662587
1316,0.244140625,1.908203125,-0.30078125,0.12520644037889672,23,1712137662587
1316,-0.193359375,2.01953125,-0.369140625,0.12520644037889672,27,1712137662587
1316,-0.130859375,2.025390625,-0.53515625,0.12520644037889672,39,1712137662587
1316,-0.201171875,2.041015625,-0.603515625,0.12520644037889672,31,1712137662587
1316,-0.13671875,2.103515625,-0.54296875,0.12520644037889672,16,1712137662587
1316,0.3359375,1.69921875,-0.470703125,-0.25041288075779344,29,1712137662587
1316,0.287109375,1.748046875,-0.466796875,-0.25041288075779344,20,1712137662587
1316,0.41796875,1.826171875,-0.36328125,-0.25041288075779344,28,1712137662587
1316,0.365234375,1.853515625,-0.46875,-0.25041288075779344,28,1712137662587
1316,0.384765625,1.669921875,-0.380859375,-0.12520644037889672,41,1712137662587
1316,0.392578125,1.705078125,-0.39453125,-0.12520644037889672,72,1712137662587
1316,0.34375,1.73828125,-0.46875,-0.12520644037889672,53,1712137662587
1316,0.583984375,1.7734375,0.10546875,-0.12520644037889672,18,1712137662587
1316,0.41796875,1.841796875,-0.27734375,-0.12520644037889672,66,1712137662587
1316,0.365234375,1.865234375,-0.419921875,-0.12520644037889672,68,1712137662587
1316,0.248046875,1.791015625,-0.818359375,-0.12520644037889672,31,1712137662587
1316,0.37890625,1.88671875,-0.62109375,-0.12520644037889672,35,1712137662587
1316,0.38671875,1.88671875,-0.734375,-0.12520644037889672,29,1712137662587
1316,-0.458984375,0.900390625,1.529296875,0.0,15,1712137662587
1316,-0.193359375,1.693359375,-1.16015625,0.0,12,1712137662587
1316,-0.06640625,2.06640625,-0.546875,0.12520644037889672,31,1712137662587
1316,-0.400390625,1.33203125,1.19140625,-0.25041288075779344,13,1712137662587
1316,-0.400390625,1.130859375,1.384765625,-0.12520644037889672,32,1712137662587
1316,-0.525390625,1.068359375,1.443359375,-0.12520644037889672,18,1712137662587
1316,-0.55859375,1.2578125,1.431640625,-0.12520644037889672,17,1712137662587
1317,0.330078125,1.716796875,-0.171875,0.0,44,1712137662687
1317,0.3359375,1.755859375,-0.1484375,0.0,97,1712137662687
1317,0.34375,1.796875,-0.111328125,0.0,110,1712137662687
1317,0.3515625,1.8359375,-0.0625,0.0,76,1712137662687
1317,0.41796875,1.853515625,-0.181640625,0.0,53,1712137662687
1317,0.365234375,1.892578125,-0.275390625,0.0,60,1712137662687
1317,0.310546875,1.943359375,-0.263671875,0.0,60,1712137662687
1317,0.37890625,1.95703125,-0.34765625,0.0,47,1712137662687
1317,0.322265625,2.013671875,-0.306640625,0.0,24,1712137662687
1317,-3.97265625,1.255859375,-0.7734375,0.0,12,1712137662687
1317,-3.7421875,1.92578125,-0.7578125,0.0,17,1712137662687
1317,-3.91015625,1.66015625,-0.75390625,0.0,15,1712137662687
1317,0.23828125,1.8671875,-0.3203125,0.12520644037889672,17,1712137662687
1317,0.244140625,1.916015625,-0.244140625,0.12520644037889672,28,1712137662687
1317,0.248046875,1.955078125,-0.23828125,0.12520644037889672,27,1712137662687
1317,0.0,1.974609375,-0.58984375,0.12520644037889672,18,1712137662687
1317,-0.068359375,2.060546875,-0.697265625,0.12520644037889672,27,1712137662687
1317,-0.138671875,2.109375,-0.66015625,0.12520644037889672,17,1712137662687
1317,2.490234375,0.0,3.080078125,0.12520644037889672,18,1712137662687
1317,2.51953125,0.0,3.05859375,0.12520644037889672,22,1712137662687
1317,0.384765625,1.66796875,-0.39453125,-0.25041288075779344,37,1712137662687
1317,0.392578125,1.708984375,-0.37890625,-0.25041288075779344,85,1712137662687
1317,0.400390625,1.751953125,-0.357421875,-0.25041288075779344,99,1712137662687
1317,0.41015625,1.796875,-0.32421875,-0.25041288075779344,68,1712137662687
1317,0.41796875,1.8125,-0.427734375,-0.25041288075779344,47,1712137662687
1317,0.365234375,1.84765625,-0.490234375,-0.25041288075779344,53,1712137662687
1317,0.373046875,1.880859375,-0.51171875,-0.25041288075779344,54,1712137662687
1317,0.37890625,1.888671875,-0.6171875,-0.25041288075779344,40,1712137662687
1317,0.38671875,1.890625,-0.72265625,-0.25041288075779344,19,1712137662687
1317,0.384765625,1.685546875,-0.3046875,-0.12520644037889672,82,1712137662687
1317,0.392578125,1.73046875,-0.265625,-0.12520644037889672,185,1712137662687
1317,0.34375,1.78515625,-0.23828125,-0.12520644037889672,212,1712137662687
1317,0.41015625,1.814453125,-0.205078125,-0.12520644037889672,144,1712137662687
1317,0.41796875,1.828125,-0.35546875,-0.12520644037889672,107,1712137662687
1317,0.365234375,1.8671875,-0.412109375,-0.12520644037889672,129,1712137662687
1317,0.373046875,1.90234375,-0.427734375,-0.12520644037889672,131,1712137662687
1317,0.31640625,1.943359375,-0.46484375,-0.12520644037889672,97,1712137662687
1317,0.38671875,1.943359375,-0.568359375,-0.12520644037889672,49,1712137662687
1317,-3.70703125,1.81640625,-0.951171875,-0.12520644037889672,25,1712137662687
1317,-3.7421875,1.85546875,-0.91796875,-0.12520644037889672,32,1712137662687
1317,-3.775390625,1.853515625,-0.9609375,-0.12520644037889672,26,1712137662687
1317,-0.38671875,1.001953125,1.759765625,0.0,15,1712137662687
1317,-2.90625,1.5546875,-0.412109375,0.12520644037889672,13,1712137662687
1317,-2.939453125,1.583984375,-0.369140625,0.12520644037889672,17,1712137662687
1318,0.267578125,1.69140625,-0.146484375,0.0,22,1712137662788
1318,0.330078125,1.708984375,-0.236328125,0.0,95,1712137662788
1318,0.3359375,1.748046875,-0.224609375,0.0,169,1712137662788
1318,0.34375,1.78515625,-0.236328125,0.0,142,1712137662788
1318,0.29296875,1.8125,-0.359375,0.0,57,1712137662788
1318,0.298828125,1.822265625,-0.486328125,0.0,39,1712137662788
1318,0.3046875,1.87109375,-0.447265625,0.0,54,1712137662788
1318,0.248046875,1.931640625,-0.380859375,0.0,55,1712137662788
1318,0.31640625,1.9609375,-0.388671875,0.0,53,1712137662788
1318,0.322265625,2.0,-0.384765625,0.0,30,1712137662788
1318,-0.068359375,1.978515625,-0.90234375,0.0,14,1712137662788
1318,0.0,2.048828125,-0.83984375,0.0,15,1712137662788
1318,0.1796875,1.87109375,-0.328125,0.12520644037889672,34,1712137662788
1318,0.181640625,1.916015625,-0.29296875,0.12520644037889672,50,1712137662788
1318,0.185546875,1.9609375,-0.25,0.12520644037889672,39,1712137662788
1318,-0.203125,2.056640625,-0.6796875,0.12520644037889672,26,1712137662788
1318,-0.068359375,2.123046875,-0.623046875,0.12520644037889672,32,1712137662788
1318,2.51953125,0.0,3.0625,0.12520644037889672,22,1712137662788
1318,2.548828125,0.0,2.962890625,0.12520644037889672,18,1712137662788
1318,0.322265625,1.619140625,-0.4765625,-0.25041288075779344,22,1712137662788
1318,0.330078125,1.666015625,-0.4453125,-0.25041288075779344,94,1712137662788
1318,0.392578125,1.69140625,-0.451171875,-0.25041288075779344,162,1712137662788
1318,0.34375,1.740234375,-0.458984375,-0.25041288075779344,134,1712137662788
1318,0.29296875,1.732421875,-0.642578125,-0.25041288075779344,49,1712137662788
1318,0.357421875,1.72265625,-0.73828125,-0.25041288075779344,37,1712137662788
1318,0.3046875,1.8046875,-0.666015625,-0.25041288075779344,53,1712137662788
1318,0.310546875,1.857421875,-0.62890625,-0.25041288075779344,51,1712137662788
1318,0.37890625,1.876953125,-0.65234375,-0.25041288075779344,47,1712137662788
1318,0.322265625,1.916015625,-0.6875,-0.25041288075779344,28,1712137662788
1318,0.322265625,1.64453125,-0.37890625,-0.12520644037889672,42,1712137662788
1318,0.330078125,1.689453125,-0.345703125,-0.12520644037889672,173,1712137662788
1318,0.3359375,1.73046875,-0.3359375,-0.12520644037889672,310,1712137662788
1318,0.34375,1.765625,-0.349609375,-0.12520644037889672,260,1712137662788
1318,0.29296875,1.775390625,-0.509765625,-0.12520644037889672,108,1712137662788
1318,0.298828125,1.787109375,-0.603515625,-0.12520644037889672,97,1712137662788
1318,0.244140625,1.85546875,-0.53515625,-0.12520644037889672,139,1712137662788
1318,0.248046875,1.904296875,-0.50390625,-0.12520644037889672,131,1712137662788
1318,0.37890625,1.916015625,-0.53125,-0.12520644037889672,106,1712137662788
1318,0.322265625,1.958984375,-0.55859375,-0.12520644037889672,60,1712137662788
1318,-3.875,1.556640625,-0.91796875,-0.12520644037889672,24,1712137662788
1318,-2.939453125,1.583984375,-0.369140625,0.12520644037889672,16,1712137662788
1318,-3.080078125,1.3828125,-0.38671875,0.12520644037889672,11,1712137662788
1318,-0.41015625,1.28125,1.30078125,-0.25041288075779344,25,1712137662788
1319,0.267578125,1.693359375,-0.1015625,0.0,23,1712137662889
1319,0.2734375,1.732421875,-0.083984375,0.0,55,1712137662889
1319,0.3359375,1.76171875,-0.076171875,0.0,62,1712137662889
1319,0.34375,1.798828125,-0.04296875,0.0,36,1712137662889
1319,0.29296875,1.83203125,-0.234375,0.0,20,1712137662889
1319,0.23828125,1.853515625,-0.390625,0.0,43,1712137662889
1319,0.181640625,1.908203125,-0.34375,0.0,65,1712137662889
1319,0.185546875,1.953125,-0.306640625,0.0,57,1712137662889
1319,0.119140625,1.880859375,-0.3046875,0.12520644037889672,26,1712137662889
1319,0.060546875,1.927734375,-0.26171875,0.12520644037889672,35,1712137662889
1319,0.0,2.072265625,-0.783203125,0.12520644037889672,32,1712137662889
1319,0.0,2.11328125,-0.78125,0.12520644037889672,32,1712137662889
1319,0.330078125,1.68359375,-0.37109375,-0.37561932113669017,24,1712137662889
1319,0.3359375,1.736328125,-0.30078125,-0.37561932113669017,29,1712137662889
1319,0.34375,1.78515625,-0.236328125,-0.37561932113669017,19,1712137662889
1319,0.322265625,1.658203125,-0.3125,-0.25041288075779344,41,1712137662889
1319,0.330078125,1.705078125,-0.263671875,-0.25041288075779344,102,1712137662889
1319,0.3359375,1.74609375,-0.240234375,-0.25041288075779344,115,1712137662889
1319,0.34375,1.78515625,-0.23046875,-0.25041288075779344,72,1712137662889
1319,0.3515625,1.802734375,-0.357421875,-0.25041288075779344,33,1712137662889
1319,0.357421875,1.759765625,-0.650390625,-0.25041288075779344,41,1712137662889
1319,0.244140625,1.83984375,-0.587890625,-0.25041288075779344,63,1712137662889
1319,0.248046875,1.8828125,-0.578125,-0.25041288075779344,54,1712137662889
1319,0.251953125,1.92578125,-0.56640625,-0.25041288075779344,27,1712137662889
1319,0.322265625,1.67578125,-0.201171875,-0.12520644037889672,50,1712137662889
1319,0.330078125,1.716796875,-0.171875,-0.12520644037889672,120,1712137662889
1319,0.3359375,1.755859375,-0.154296875,-0.12520644037889672,136,1712137662889
1319,0.34375,1.79296875,-0.154296875,-0.12520644037889672,81,1712137662889
1319,0.3515625,1.796875,-0.380859375,-0.12520644037889672,46,1712137662889
1319,0.23828125,1.82421875,-0.509765625,-0.12520644037889672,96,1712137662889
1319,0.181640625,1.880859375,-0.466796875,-0.12520644037889672,144,1712137662889
1319,0.185546875,1.927734375,-0.4375,-0.12520644037889672,121,1712137662889
1319,0.251953125,1.958984375,-0.44140625,-0.12520644037889672,57,1712137662889
1319,0.34375,2.71484375,-0.26171875,-0.12520644037889672,38,1712137662889
1319,0.34765625,2.765625,0.0078125,-0.12520644037889672,34,1712137662889
1320,0.21484375,1.701171875,0.115234375,0.0,13,1712137662989
1320,0.21875,1.7421875,0.04296875,0.0,25,1712137662989
1320,0.224609375,1.779296875,-0.009765625,0.0,24,1712137662989
1320,0.228515625,1.814453125,-0.126953125,0.0,16,1712137662989
1320,0.05859375,1.810546875,-0.46875,0.0,47,1712137662989
1320,0.060546875,1.857421875,-0.435546875,0.0,98,1712137662989
1320,0.12109375,1.908203125,-0.369140625,0.0,114,1712137662989
1320,0.185546875,1.955078125,-0.291015625,0.0,107,1712137662989
1320,0.251953125,1.984375,-0.298828125,0.0,77,1712137662989
1320,0.05859375,1.828125,-0.396484375,0.12520644037889672,23,1712137662989
1320,0.119140625,1.8828125,-0.287109375,0.12520644037889672,48,1712137662989
1320,0.060546875,1.93359375,-0.212890625,0.12520644037889672,55,1712137662989
1320,0.125,1.978515625,-0.119140625,0.12520644037889672,34,1712137662989
1320,0.0,2.123046875,-0.751953125,0.12520644037889672,38,1712137662989
1320,0.0,2.1015625,-0.908203125,0.12520644037889672,32,1712137662989
1320,-0.20703125,2.115234375,-0.623046875,0.25041288075779344,20,1712137662989
1320,0.0,2.171875,-0.599609375,0.25041288075779344,30,1712137662989
1320,0.0,2.15625,-0.775390625,0.25041288075779344,22,1712137662989
1320,0.267578125,1.671875,-0.287109375,-0.37561932113669017,57,1712137662989
1320,0.2734375,1.703125,-0.330078125,-0.37561932113669017,90,1712137662989
1320,0.28125,1.740234375,-0.337890625,-0.37561932113669017,68,1712137662989
1320,0.287109375,1.76171875,-0.41796875,-0.37561932113669017,33,1712137662989
1320,0.29296875,1.794921875,-0.435546875,-0.37561932113669017,31,1712137662989
1320,0.298828125,1.83203125,-0.44140625,-0.37561932113669017,37,1712137662989
1320,0.244140625,1.873046875,-0.46875,-0.37561932113669017,33,1712137662989
1320,0.310546875,1.888671875,-0.529296875,-0.37561932113669017,25,1712137662989
1320,0.26171875,1.650390625,-0.1640625,-0.25041288075779344,30,1712137662989
1320,0.267578125,1.685546875,-0.19140625,-0.25041288075779344,119,1712137662989
1320,0.2734375,1.720703125,-0.2109375,-0.25041288075779344,195,1712137662989
1320,0.28125,1.7578125,-0.228515625,-0.25041288075779344,155,1712137662989
1320,0.287109375,1.79296875,-0.25,-0.25041288075779344,79,1712137662989
1320,0.29296875,1.822265625,-0.30078125,-0.25041288075779344,79,1712137662989
1320,0.23828125,1.849609375,-0.40234375,-0.25041288075779344,107,1712137662989
1320,0.244140625,1.8828125,-0.43359375,-0.25041288075779344,122,1712137662989
1320,0.248046875,1.91015625,-0.48046875,-0.25041288075779344,129,1712137662989
1320,0.251953125,1.935546875,-0.533203125,-0.25041288075779344,95,1712137662989
1320,0.2578125,1.9609375,-0.583984375,-0.25041288075779344,35,1712137662989
1320,0.2109375,1.666015625,-0.013671875,-0.12520644037889672,18,1712137662989
1320,0.267578125,1.6953125,-0.0625,-0.12520644037889672,78,1712137662989
1320,0.21875,1.740234375,-0.0859375,-0.12520644037889672,130,1712137662989
1320,0.224609375,1.77734375,-0.109375,-0.12520644037889672,110,1712137662989
1320,0.287109375,1.806640625,-0.1171875,-0.12520644037889672,57,1712137662989
1320,0.17578125,1.806640625,-0.451171875,-0.12520644037889672,97,1712137662989
1320,0.119140625,1.83203125,-0.521484375,-0.12520644037889672,204,1712137662989
1320,0.181640625,1.884765625,-0.455078125,-0.12520644037889672,229,1712137662989
1320,0.248046875,1.9296875,-0.39453125,-0.12520644037889672,208,1712137662989
1320,0.251953125,1.962890625,-0.419921875,-0.12520644037889672,147,1712137662989
1320,0.2578125,1.994140625,-0.458984375,-0.12520644037889672,54,1712137662989
1320,0.0,1.853515625,-1.9765625,-0.12520644037889672,19,1712137662989
1320,0.0,1.876953125,-2.0078125,-0.12520644037889672,19,1712137662989
1321,0.109375,1.751953125,0.05078125,0.0,11,1712137663089
1321,0.0,1.7265625,-0.61328125,0.0,24,1712137663089
1321,0.0,1.818359375,-0.44140625,0.0,123,1712137663089
1321,0.060546875,1.87109375,-0.376953125,0.0,265,1712137663089
1321,0.060546875,1.919921875,-0.314453125,0.0,285,1712137663089
1321,0.0625,1.966796875,-0.26171875,0.0,165,1712137663089
1321,0.126953125,2.0,-0.28515625,0.0,55,1712137663089
1321,0.0,1.8671875,-0.396484375,0.12520644037889672,17,1712137663089
1321,0.0,1.771484375,-1.328125,0.12520644037889672,23,1712137663089
1321,0.2109375,1.783203125,-1.359375,0.12520644037889672,19,1712137663089
1321,0.408203125,1.6953125,1.30078125,0.25041288075779344,25,1712137663089
1321,-0.20703125,1.763671875,-1.32421875,0.25041288075779344,18,1712137663089
1321,0.158203125,1.654296875,-0.248046875,-0.37561932113669017,31,1712137663089
1321,0.21484375,1.68359375,-0.271484375,-0.37561932113669017,72,1712137663089
1321,0.21875,1.720703125,-0.275390625,-0.37561932113669017,90,1712137663089
1321,0.224609375,1.7578125,-0.28125,-0.37561932113669017,82,1712137663089
1321,0.228515625,1.79296875,-0.298828125,-0.37561932113669017,70,1712137663089
1321,0.234375,1.826171875,-0.330078125,-0.37561932113669017,61,1712137663089
1321,0.23828125,1.857421875,-0.3671875,-0.37561932113669017,45,1712137663089
1321,0.244140625,1.880859375,-0.44140625,-0.37561932113669017,26,1712137663089
1321,0.185546875,1.888671875,-0.580078125,-0.37561932113669017,16,1712137663089
1321,0.2109375,1.66015625,-0.15234375,-0.25041288075779344,49,1712137663089
1321,0.21484375,1.697265625,-0.1484375,-0.25041288075779344,104,1712137663089
1321,0.21875,1.732421875,-0.189453125,-0.25041288075779344,129,1712137663089
1321,0.224609375,1.765625,-0.22265625,-0.25041288075779344,121,1712137663089
1321,0.228515625,1.7890625,-0.328125,-0.25041288075779344,127,1712137663089
1321,0.1171875,1.80078125,-0.490234375,-0.25041288075779344,194,1712137663089
1321,0.119140625,1.828125,-0.537109375,-0.25041288075779344,295,1712137663089
1321,0.12109375,1.87109375,-0.5234375,-0.25041288075779344,294,1712137663089
1321,0.125,1.916015625,-0.505859375,-0.25041288075779344,183,1712137663089
1321,0.251953125,1.921875,-0.580078125,-0.25041288075779344,68,1712137663089
1321,0.169921875,2.400390625,-1.248046875,-0.25041288075779344,30,1712137663089
1321,0.171875,2.501953125,-1.125,-0.25041288075779344,26,1712137663089
1321,0.158203125,1.671875,-0.03125,-0.12520644037889672,22,1712137663089
1321,0.16015625,1.7109375,-0.009765625,-0.12520644037889672,40,1712137663089
1321,0.1640625,1.7421875,-0.146484375,-0.12520644037889672,51,1712137663089
1321,0.16796875,1.7734375,-0.20703125,-0.12520644037889672,55,1712137663089
1321,0.115234375,1.783203125,-0.404296875,-0.12520644037889672,90,1712137663089
1321,0.1171875,1.796875,-0.50390625,-0.12520644037889672,264,1712137663089
1321,0.060546875,1.849609375,-0.46875,-0.12520644037889672,505,1712137663089
1321,0.060546875,1.900390625,-0.419921875,-0.12520644037889672,528,1712137663089
1321,0.125,1.939453125,-0.40234375,-0.12520644037889672,307,1712137663089
1321,0.189453125,1.966796875,-0.435546875,-0.12520644037889672,104,1712137663089
1321,0.193359375,1.98828125,-0.505859375,-0.12520644037889672,18,1712137663089
1321,0.169921875,2.4921875,-1.05078125,-0.12520644037889672,34,1712137663089
1321,0.171875,2.607421875,-0.85546875,-0.12520644037889672,30,1712137663089
1321,0.76171875,1.943359375,0.7421875,0.12520644037889672,18,1712137663089
1321,0.986328125,1.712890625,1.08203125,0.12520644037889672,15,1712137663089
1321,-0.408203125,1.685546875,-1.31640625,0.25041288075779344,17,1712137663089
1321,0.623046875,1.951171875,0.83984375,0.25041288075779344,15,1712137663089
1321,-0.64453125,1.228515625,1.525390625,-0.12520644037889672,12,1712137663089
1322,0.16015625,1.685546875,-0.29296875,0.0,26,1712137663189
1322,0.0546875,1.732421875,-0.28125,0.0,33,1712137663189
1322,0.111328125,1.771484375,-0.263671875,0.0,16,1712137663189
1322,0.0,1.76171875,-0.50390625,0.0,27,1712137663189
1322,-0.05859375,1.8046875,-0.490234375,0.0,91,1712137663189
1322,-0.060546875,1.85546875,-0.443359375,0.0,133,1712137663189
1322,-0.12109375,1.916015625,-0.3203125,0.0,97,1712137663189
1322,-0.1171875,1.82421875,-0.400390625,0.12520644037889672,42,1712137663189
1322,-0.060546875,1.869140625,-0.37890625,0.12520644037889672,65,1712137663189
1322,-0.12109375,1.912109375,-0.341796875,0.12520644037889672,51,1712137663189
1322,0.271484375,1.640625,1.404296875,0.12520644037889672,40,1712137663189
1322,0.27734375,2.193359375,0.126953125,0.12520644037889672,47,1712137663189
1322,0.140625,2.16796875,-0.595703125,0.12520644037889672,46,1712137663189
1322,0.142578125,2.1171875,-0.859375,0.12520644037889672,29,1712137663189
1322,0.0,1.8515625,-0.267578125,0.25041288075779344,14,1712137663189
1322,-0.1796875,1.87890625,-0.28125,0.25041288075779344,22,1712137663189
1322,-0.181640625,1.927734375,-0.19921875,0.25041288075779344,16,1712137663189
1322,0.27734375,2.189453125,0.19140625,0.25041288075779344,40,1712137663189
1322,0.2109375,2.1953125,-0.45703125,0.25041288075779344,38,1712137663189
1322,0.142578125,2.14453125,-0.794921875,0.25041288075779344,22,1712137663189
1322,0.154296875,1.5859375,-0.392578125,-0.37561932113669017,26,1712137663189
1322,0.158203125,1.626953125,-0.384765625,-0.37561932113669017,77,1712137663189
1322,0.16015625,1.669921875,-0.37109375,-0.37561932113669017,112,1712137663189
1322,0.1640625,1.7109375,-0.35546875,-0.37561932113669017,86,1712137663189
1322,0.16796875,1.75,-0.359375,-0.37561932113669017,49,1712137663189
1322,0.171875,1.791015625,-0.34375,-0.37561932113669017,44,1712137663189
1322,0.234375,1.822265625,-0.349609375,-0.37561932113669017,34,1712137663189
1322,0.083984375,2.005859375,-1.763671875,-0.37561932113669017,25,1712137663189
1322,0.083984375,2.177734375,-1.61328125,-0.37561932113669017,33,1712137663189
1322,0.0,2.28125,-1.533203125,-0.37561932113669017,23,1712137663189
1322,0.154296875,1.609375,-0.283203125,-0.25041288075779344,45,1712137663189
1322,0.10546875,1.658203125,-0.251953125,-0.25041288075779344,130,1712137663189
1322,0.16015625,1.6953125,-0.220703125,-0.25041288075779344,173,1712137663189
1322,0.1640625,1.73828125,-0.18359375,-0.25041288075779344,119,1712137663189
1322,0.111328125,1.775390625,-0.236328125,-0.25041288075779344,70,1712137663189
1322,0.115234375,1.78515625,-0.3984375,-0.25041288075779344,79,1712137663189
1322,0.0,1.75,-0.662109375,-0.25041288075779344,107,1712137663189
1322,0.0,1.787109375,-0.669921875,-0.25041288075779344,124,1712137663189
1322,-0.12109375,1.8828125,-0.478515625,-0.25041288075779344,88,1712137663189
1322,0.310546875,1.767578125,-0.849609375,-0.25041288075779344,39,1712137663189
1322,0.08203125,2.037109375,-1.66796875,-0.25041288075779344,26,1712137663189
1322,0.083984375,2.220703125,-1.482421875,-0.25041288075779344,61,1712137663189
1322,0.083984375,2.3359375,-1.37109375,-0.25041288075779344,76,1712137663189
1322,0.0,2.419921875,-1.302734375,-0.25041288075779344,50,1712137663189
1322,0.154296875,1.626953125,-0.154296875,-0.12520644037889672,23,1712137663189
1322,0.10546875,1.67578125,-0.0390625,-0.12520644037889672,57,1712137663189
1322,0.107421875,1.712890625,0.087890625,-0.12520644037889672,60,1712137663189
1322,0.109375,1.74609375,0.15234375,-0.12520644037889672,25,1712137663189
1322,0.056640625,1.79296875,-0.0234375,-0.12520644037889672,20,1712137663189
1322,0.056640625,1.744140625,-0.560546875,-0.12520644037889672,79,1712137663189
1322,0.0,1.767578125,-0.611328125,-0.12520644037889672,208,1712137663189
1322,-0.060546875,1.822265625,-0.5625,-0.12520644037889672,294,1712137663189
1322,-0.12109375,1.888671875,-0.45703125,-0.12520644037889672,216,1712137663189
1322,-0.185546875,1.9765625,-0.056640625,-0.12520644037889672,74,1712137663189
1322,0.251953125,1.927734375,-0.560546875,-0.12520644037889672,30,1712137663189
1322,0.083984375,2.337890625,-1.291015625,-0.12520644037889672,47,1712137663189
1322,0.083984375,2.421875,-1.216796875,-0.12520644037889672,58,1712137663189
1322,0.0,2.501953125,-1.138671875,-0.12520644037889672,37,1712137663189
1322,-0.248046875,1.962890625,0.1640625,-0.25041288075779344,30,1712137663189
1322,0.373046875,1.716796875,-0.923828125,-0.12520644037889672,56,1712137663189
1322,-0.443359375,1.62109375,1.126953125,-0.12520644037889672,16,1712137663189
1323,0.05078125,1.560546875,-0.36328125,0.0,18,1712137663290
1323,0.103515625,1.615234375,-0.27734375,0.0,82,1712137663290
1323,0.052734375,1.662109375,-0.234375,0.0,161,1712137663290
1323,0.052734375,1.705078125,-0.205078125,0.0,154,1712137663290
1323,0.0,1.74609375,-0.18359375,0.0,71,1712137663290
1323,-0.111328125,1.78515625,-0.140625,0.0,17,1712137663290
1323,0.119140625,1.876953125,-0.32421875,0.0,52,1712137663290
1323,0.181640625,1.8984375,-0.392578125,0.0,65,1712137663290
1323,0.125,1.93359375,-0.431640625,0.0,42,1712137663290
1323,0.05078125,1.630859375,-0.17578125,0.12520644037889672,17,1712137663290
1323,0.052734375,1.673828125,-0.130859375,0.12520644037889672,33,1712137663290
1323,0.0,1.716796875,-0.083984375,0.12520644037889672,32,1712137663290
1323,0.0,1.755859375,-0.056640625,0.12520644037889672,16,1712137663290
1323,0.103515625,1.529296875,-0.587890625,-0.37561932113669017,57,1712137663290
1323,0.10546875,1.583984375,-0.55078125,-0.37561932113669017,111,1712137663290
1323,0.107421875,1.6328125,-0.525390625,-0.37561932113669017,106,1712137663290
1323,0.0546875,1.681640625,-0.5,-0.37561932113669017,49,1712137663290
1323,0.08203125,2.283203125,-1.3125,-0.37561932113669017,26,1712137663290
1323,0.083984375,2.3671875,-1.236328125,-0.37561932113669017,33,1712137663290
1323,0.083984375,2.451171875,-1.15234375,-0.37561932113669017,23,1712137663290
1323,0.099609375,1.51171875,-0.52734375,-0.25041288075779344,43,1712137663290
1323,0.103515625,1.56640625,-0.48046875,-0.25041288075779344,193,1712137663290
1323,0.10546875,1.6171875,-0.439453125,-0.25041288075779344,372,1712137663290
1323,0.052734375,1.66796875,-0.408203125,-0.25041288075779344,352,1712137663290
1323,0.0546875,1.71484375,-0.376953125,-0.25041288075779344,164,1712137663290
1323,0.05859375,1.77734375,-0.578125,-0.25041288075779344,31,1712137663290
1323,0.119140625,1.81640625,-0.576171875,-0.25041288075779344,55,1712137663290
1323,0.12109375,1.837890625,-0.62890625,-0.25041288075779344,65,1712137663290
1323,0.185546875,1.853515625,-0.6875,-0.25041288075779344,43,1712137663290
1323,0.0,2.341796875,-1.20703125,-0.25041288075779344,36,1712137663290
1323,0.0,2.41796875,-1.13671875,-0.25041288075779344,48,1712137663290
1323,0.083984375,2.5,-1.044921875,-0.25041288075779344,35,1712137663290
1323,0.05078125,1.533203125,-0.46875,-0.12520644037889672,43,1712137663290
1323,0.103515625,1.59375,-0.37890625,-0.12520644037889672,199,1712137663290
1323,0.052734375,1.646484375,-0.333984375,-0.12520644037889672,385,1712137663290
1323,0.052734375,1.689453125,-0.3046875,-0.12520644037889672,371,1712137663290
1323,0.0546875,1.732421875,-0.27734375,-0.12520644037889672,174,1712137663290
1323,-0.056640625,1.7734375,-0.267578125,-0.12520644037889672,39,1712137663290
1323,0.0,1.796875,-0.521484375,-0.12520644037889672,56,1712137663290
1323,0.119140625,1.83984375,-0.4921875,-0.12520644037889672,111,1712137663290
1323,0.12109375,1.87109375,-0.52734375,-0.12520644037889672,129,1712137663290
1323,0.125,1.900390625,-0.5625,-0.12520644037889672,82,1712137663290
1323,0.0625,1.93359375,-0.58984375,-0.12520644037889672,25,1712137663290
1323,0.0,2.470703125,-1.021484375,-0.12520644037889672,22,1712137663290
1323,-0.728515625,0.625,1.515625,-0.12520644037889672,22,1712137663290
1323,-0.6953125,1.265625,1.416015625,-0.12520644037889672,14,1712137663290
1324,0.05078125,1.525390625,-0.490234375,0.0,35,1712137663391
1324,0.0,1.59765625,-0.376953125,0.0,106,1712137663391
1324,0.052734375,1.642578125,-0.34375,0.0,150,1712137663391
1324,0.0,1.69140625,-0.298828125,0.0,106,1712137663391
1324,0.0,1.740234375,-0.240234375,0.0,28,1712137663391
1324,0.05078125,1.46484375,-0.650390625,-0.25041288075779344,38,1712137663391
1324,0.05078125,1.533203125,-0.583984375,-0.25041288075779344,109,1712137663391
1324,0.052734375,1.587890625,-0.544921875,-0.25041288075779344,151,1712137663391
1324,0.052734375,1.63671875,-0.515625,-0.25041288075779344,103,1712137663391
1324,0.0,1.70703125,-0.4140625,-0.25041288075779344,31,1712137663391
1324,0.1640625,2.419921875,-1.025390625,-0.25041288075779344,18,1712137663391
1324,0.083984375,2.478515625,-0.99609375,-0.25041288075779344,16,1712137663391
1324,0.05078125,1.49609375,-0.57421875,-0.12520644037889672,64,1712137663391
1324,0.05078125,1.56640625,-0.48828125,-0.12520644037889672,194,1712137663391
1324,0.052734375,1.619140625,-0.447265625,-0.12520644037889672,276,1712137663391
1324,0.0,1.66796875,-0.408203125,-0.12520644037889672,195,1712137663391
1324,0.0,1.71875,-0.359375,-0.12520644037889672,56,1712137663391
1324,-0.056640625,1.73828125,-0.439453125,-0.12520644037889672,23,1712137663391
1324,0.0,1.75390625,-0.53125,-0.12520644037889672,25,1712137663391
1324,-0.712890625,0.68359375,1.451171875,0.0,17,1712137663391
1324,-0.712890625,1.001953125,1.25390625,-0.25041288075779344,19,1712137663391
1324,-0.712890625,0.861328125,1.353515625,-0.12520644037889672,33,1712137663391
1325,0.0,1.591796875,-0.400390625,0.0,19,1712137663491
1325,0.0,1.638671875,-0.369140625,0.0,19,1712137663491
1325,0.0,1.72265625,-0.341796875,0.0,18,1712137663491
1325,0.0,1.75390625,-0.37890625,0.0,16,1712137663491
1325,0.0,1.5078125,-0.650390625,-0.25041288075779344,17,1712137663491
1325,0.0,1.576171875,-0.58203125,-0.25041288075779344,17,1712137663491
1325,-0.162109375,2.201171875,-1.365234375,-0.25041288075779344,18,1712137663491
1325,-0.1640625,2.322265625,-1.23046875,-0.25041288075779344,22,1712137663491
1325,0.0,1.5,-0.568359375,-0.12520644037889672,17,1712137663491
1325,0.0,1.560546875,-0.509765625,-0.12520644037889672,42,1712137663491
1325,0.0,1.607421875,-0.484375,-0.12520644037889672,44,1712137663491
1325,0.0546875,1.693359375,-0.462890625,-0.12520644037889672,33,1712137663491
1325,0.0,1.732421875,-0.466796875,-0.12520644037889672,31,1712137663491
1326,-0.052734375,1.58984375,-0.541015625,-0.12520644037889672,14,1712137663591
1337,-0.099609375,1.470703125,-0.62890625,0.0,15,1712137664696
1337,-0.154296875,1.525390625,-0.58984375,0.0,31,1712137664696
1337,-0.158203125,1.572265625,-0.572265625,0.0,32,1712137664696
1337,-0.16015625,1.6171875,-0.55859375,0.0,14,1712137664696
1337,0.056640625,1.82421875,-0.169921875,0.0,20,1712137664696
1337,0.05859375,1.84765625,-0.29296875,0.0,35,1712137664696
1337,0.0,1.876953125,-0.3515625,0.0,33,1712137664696
1337,-0.099609375,1.515625,-0.513671875,0.12520644037889672,31,1712137664696
1337,-0.103515625,1.56640625,-0.478515625,0.12520644037889672,68,1712137664696
1337,-0.158203125,1.607421875,-0.458984375,0.12520644037889672,74,1712137664696
1337,-0.16015625,1.650390625,-0.451171875,0.12520644037889672,40,1712137664696
1337,-0.154296875,1.580078125,-0.416015625,0.25041288075779344,27,1712137664696
1337,-0.158203125,1.62890625,-0.376953125,0.25041288075779344,31,1712137664696
1337,-0.16015625,1.671875,-0.35546875,0.25041288075779344,17,1712137664696
1337,0.05859375,1.78515625,-0.5546875,-0.25041288075779344,38,1712137664696
1337,0.060546875,1.806640625,-0.611328125,-0.25041288075779344,38,1712137664696
1337,-0.103515625,1.517578125,-0.615234375,-0.12520644037889672,16,1712137664696
1337,-0.158203125,1.5546875,-0.6171875,-0.12520644037889672,19,1712137664696
1337,0.056640625,1.810546875,-0.271484375,-0.12520644037889672,32,1712137664696
1337,0.05859375,1.8203125,-0.423828125,-0.12520644037889672,63,1712137664696
1337,0.060546875,1.84765625,-0.474609375,-0.12520644037889672,62,1712137664696
1337,-0.4921875,1.83203125,-1.21484375,-0.12520644037889672,17,1712137664696
1337,0.28125,2.013671875,0.96875,-0.12520644037889672,10,1712137664696
1338,-0.099609375,1.498046875,-0.5625,0.0,13,1712137664796
1338,-0.154296875,1.5390625,-0.552734375,0.0,28,1712137664796
1338,-0.158203125,1.58203125,-0.541015625,0.0,32,1712137664796
1338,-0.21484375,1.583984375,-0.62890625,0.0,14,1712137664796
1338,0.0,1.66796875,-0.548828125,0.0,13,1712137664796
1338,-0.056640625,1.732421875,-0.466796875,0.0,29,1712137664796
1338,0.0,1.78515625,-0.416015625,0.0,81,1712137664796
1338,0.0,1.82421875,-0.412109375,0.0,135,1712137664796
1338,0.0,1.86328125,-0.412109375,0.0,123,1712137664796
1338,-0.060546875,1.91015625,-0.373046875,0.0,57,1712137664796
1338,-0.099609375,1.51953125,-0.5,0.12520644037889672,24,1712137664796
1338,-0.154296875,1.572265625,-0.44921875,0.12520644037889672,57,1712137664796
1338,-0.158203125,1.615234375,-0.431640625,0.12520644037889672,60,1712137664796
1338,-0.16015625,1.65234375,-0.44140625,0.12520644037889672,27,1712137664796
1338,-0.0546875,1.703125,-0.427734375,0.12520644037889672,32,1712137664796
1338,0.0,1.7578125,-0.359375,0.12520644037889672,29,1712137664796
1338,-0.154296875,1.59375,-0.359375,0.25041288075779344,33,1712137664796
1338,-0.2109375,1.625,-0.373046875,0.25041288075779344,30,1712137664796
1338,-0.1640625,1.72265625,-0.3046875,0.25041288075779344,22,1712137664796
1338,0.0,1.654296875,-0.693359375,-0.25041288075779344,18,1712137664796
1338,0.056640625,1.72265625,-0.625,-0.25041288075779344,80,1712137664796
1338,0.0,1.763671875,-0.623046875,-0.25041288075779344,147,1712137664796
1338,0.0,1.8046875,-0.62109375,-0.25041288075779344,133,1712137664796
1338,0.0,1.84765625,-0.611328125,-0.25041288075779344,62,1712137664796
1338,0.0,1.6875,-0.611328125,-0.12520644037889672,29,1712137664796
1338,0.0,1.755859375,-0.525390625,-0.12520644037889672,138,1712137664796
1338,0.0,1.796875,-0.521484375,-0.12520644037889672,253,1712137664796
1338,0.0,1.8359375,-0.521484375,-0.12520644037889672,232,1712137664796
1338,0.0,1.8828125,-0.4921875,-0.12520644037889672,104,1712137664796
1339,-0.205078125,1.537109375,-0.5390625,0.0,11,1712137664896
1339,-0.158203125,1.564453125,-0.591796875,0.0,27,1712137664896
1339,-0.16015625,1.615234375,-0.5625,0.0,31,1712137664896
1339,-0.21875,1.640625,-0.58984375,0.0,12,1712137664896
1339,-0.056640625,1.734375,-0.455078125,0.0,13,1712137664896
1339,-0.056640625,1.775390625,-0.451171875,0.0,34,1712137664896
1339,0.0,1.806640625,-0.486328125,0.0,43,1712137664896
1339,-0.119140625,1.83203125,-0.525390625,0.0,34,1712137664896
1339,-0.154296875,1.572265625,-0.4453125,0.12520644037889672,24,1712137664896
1339,-0.2109375,1.599609375,-0.46484375,0.12520644037889672,58,1712137664896
1339,-0.21484375,1.640625,-0.458984375,0.12520644037889672,66,1712137664896
1339,-0.2734375,1.68359375,-0.41796875,0.12520644037889672,29,1712137664896
1339,-0.115234375,1.736328125,-0.57421875,0.12520644037889672,25,1712137664896
1339,-0.158203125,1.62890625,-0.376953125,0.25041288075779344,46,1712137664896
1339,-0.16015625,1.6796875,-0.318359375,0.25041288075779344,39,1712137664896
1339,0.0,2.248046875,-1.373046875,0.25041288075779344,38,1712137664896
1339,0.0,2.341796875,-1.287109375,0.25041288075779344,43,1712137664896
1339,0.0,2.431640625,-1.1953125,0.25041288075779344,26,1712137664896
1339,-0.322265625,1.66015625,-0.30078125,0.37561932113669017,28,1712137664896
1339,-0.21875,1.724609375,-0.251953125,0.37561932113669017,49,1712137664896
1339,-0.224609375,1.765625,-0.234375,0.37561932113669017,42,1712137664896
1339,0.0,2.3203125,-1.248046875,0.37561932113669017,33,1712137664896
1339,-0.083984375,2.423828125,-1.12109375,0.37561932113669017,39,1712137664896
1339,-0.169921875,2.560546875,-0.869140625,0.37561932113669017,23,1712137664896
1339,-0.322265625,1.677734375,-0.177734375,0.5008257615155869,30,1712137664896
1339,-0.21875,1.736328125,-0.134765625,0.5008257615155869,41,1712137664896
1339,-0.28125,1.767578125,-0.130859375,0.5008257615155869,32,1712137664896
1339,0.0,1.72265625,-0.626953125,-0.25041288075779344,20,1712137664896
1339,0.05859375,1.76953125,-0.60546875,-0.25041288075779344,26,1712137664896
1339,0.060546875,1.8125,-0.59375,-0.25041288075779344,18,1712137664896
1339,0.0,1.6953125,-0.5859375,-0.12520644037889672,16,1712137664896
1339,0.0,1.755859375,-0.5234375,-0.12520644037889672,39,1712137664896
1339,0.05859375,1.796875,-0.51953125,-0.12520644037889672,49,1712137664896
1339,0.060546875,1.83984375,-0.505859375,-0.12520644037889672,30,1712137664896
1340,0.0,1.703125,-0.564453125,0.0,16,1712137664996
1340,-0.056640625,1.72265625,-0.619140625,0.0,68,1712137664996
1340,-0.1171875,1.7734375,-0.583984375,0.0,136,1712137664996
1340,-0.119140625,1.814453125,-0.58203125,0.0,136,1712137664996
1340,-0.12109375,1.865234375,-0.544921875,0.0,69,1712137664996
1340,0.0,1.72265625,-0.5,0.12520644037889672,29,1712137664996
1340,-0.115234375,1.763671875,-0.482421875,0.12520644037889672,148,1712137664996
1340,-0.1171875,1.802734375,-0.482421875,0.12520644037889672,294,1712137664996
1340,-0.119140625,1.84765625,-0.46484375,0.12520644037889672,295,1712137664996
1340,-0.12109375,1.896484375,-0.42578125,0.12520644037889672,144,1712137664996
1340,-0.21484375,1.646484375,-0.443359375,0.25041288075779344,35,1712137664996
1340,-0.21875,1.689453125,-0.423828125,0.25041288075779344,47,1712137664996
1340,-0.28125,1.712890625,-0.455078125,0.25041288075779344,30,1712137664996
1340,-0.115234375,1.77734375,-0.427734375,0.25041288075779344,94,1712137664996
1340,-0.1171875,1.826171875,-0.38671875,0.25041288075779344,215,1712137664996
1340,-0.1796875,1.8671875,-0.3515625,0.25041288075779344,222,1712137664996
1340,-0.12109375,1.916015625,-0.3203125,0.25041288075779344,114,1712137664996
1340,-0.25390625,2.5546875,-0.87109375,0.25041288075779344,32,1712137664996
1340,-0.2109375,1.65234375,-0.21875,0.37561932113669017,33,1712137664996
1340,-0.21484375,1.685546875,-0.25390625,0.37561932113669017,43,1712137664996
1340,-0.21875,1.72265625,-0.255859375,0.37561932113669017,61,1712137664996
1340,-0.224609375,1.759765625,-0.271484375,0.37561932113669017,75,1712137664996
1340,-0.228515625,1.796875,-0.275390625,0.37561932113669017,53,1712137664996
1340,-0.17578125,1.8359375,-0.3125,0.37561932113669017,20,1712137664996
1340,-0.1796875,1.87890625,-0.283203125,0.37561932113669017,35,1712137664996
1340,-0.181640625,1.927734375,-0.1953125,0.37561932113669017,24,1712137664996
1340,-0.1640625,2.169921875,-1.484375,0.37561932113669017,18,1712137664996
1340,-0.25,2.298828125,-1.33984375,0.37561932113669017,41,1712137664996
1340,-0.25390625,2.46875,-1.087890625,0.37561932113669017,47,1712137664996
1340,-0.2578125,2.578125,-0.916015625,0.37561932113669017,28,1712137664996
1340,-0.26171875,1.654296875,-0.134765625,0.5008257615155869,36,1712137664996
1340,-0.267578125,1.693359375,-0.109375,0.5008257615155869,43,1712137664996
1340,-0.330078125,1.720703125,-0.123046875,0.5008257615155869,39,1712137664996
1340,-0.224609375,1.775390625,-0.119140625,0.5008257615155869,60,1712137664996
1340,-0.171875,1.822265625,-0.076171875,0.5008257615155869,60,1712137664996
1340,-0.234375,1.853515625,-0.107421875,0.5008257615155869,50,1712137664996
1340,-0.1796875,1.896484375,-0.107421875,0.5008257615155869,28,1712137664996
1340,-0.16796875,2.3046875,-1.34375,0.5008257615155869,25,1712137664996
1340,-0.169921875,2.361328125,-1.3203125,0.5008257615155869,29,1712137664996
1340,-0.28125,1.771484375,0.005859375,0.6260322018944836,21,1712137664996
1340,-0.171875,1.822265625,0.068359375,0.6260322018944836,21,1712137664996
1340,-0.234375,1.85546875,0.0078125,0.6260322018944836,23,1712137664996
1341,-0.1171875,1.74609375,-0.66015625,0.0,24,1712137665096
1341,-0.1796875,1.779296875,-0.66796875,0.0,36,1712137665096
1341,-0.244140625,1.833984375,-0.603515625,0.0,32,1712137665096
1341,-0.310546875,1.822265625,-0.72265625,0.0,16,1712137665096
1341,-0.228515625,1.662109375,-0.73828125,0.12520644037889672,25,1712137665096
1341,-0.17578125,1.767578125,-0.587890625,0.12520644037889672,121,1712137665096
1341,-0.1796875,1.818359375,-0.552734375,0.12520644037889672,194,1712137665096
1341,-0.12109375,1.875,-0.5078125,0.12520644037889672,144,1712137665096
1341,-0.185546875,1.912109375,-0.498046875,0.12520644037889672,52,1712137665096
1341,-0.16796875,1.732421875,-0.435546875,0.25041288075779344,17,1712137665096
1341,-0.287109375,1.779296875,-0.33203125,0.25041288075779344,31,1712137665096
1341,-0.17578125,1.8046875,-0.458984375,0.25041288075779344,194,1712137665096
1341,-0.1796875,1.853515625,-0.421875,0.25041288075779344,352,1712137665096
1341,-0.181640625,1.8984375,-0.392578125,0.25041288075779344,284,1712137665096
1341,-0.185546875,1.94140625,-0.3671875,0.25041288075779344,107,1712137665096
1341,-0.083984375,2.298828125,-1.431640625,0.25041288075779344,25,1712137665096
1341,-0.267578125,1.677734375,-0.255859375,0.37561932113669017,78,1712137665096
1341,-0.330078125,1.705078125,-0.2578125,0.37561932113669017,143,1712137665096
1341,-0.28125,1.75390625,-0.25390625,0.37561932113669017,126,1712137665096
1341,-0.287109375,1.80078125,-0.177734375,0.37561932113669017,49,1712137665096
1341,-0.234375,1.830078125,-0.310546875,0.37561932113669017,121,1712137665096
1341,-0.1796875,1.87890625,-0.291015625,0.37561932113669017,239,1712137665096
1341,-0.181640625,1.921875,-0.259765625,0.37561932113669017,217,1712137665096
1341,-0.185546875,1.96484375,-0.22265625,0.37561932113669017,90,1712137665096
1341,-0.37890625,1.939453125,-0.431640625,0.37561932113669017,20,1712137665096
1341,0.0,2.498046875,-1.05078125,0.37561932113669017,19,1712137665096
1341,-0.314453125,1.64453125,-0.126953125,0.5008257615155869,25,1712137665096
1341,-0.322265625,1.68359375,-0.125,0.5008257615155869,126,1712137665096
1341,-0.330078125,1.720703125,-0.130859375,0.5008257615155869,240,1712137665096
1341,-0.28125,1.765625,-0.14453125,0.5008257615155869,209,1712137665096
1341,-0.287109375,1.798828125,-0.193359375,0.5008257615155869,55,1712137665096
1341,-0.41015625,1.822265625,0.1015625,0.5008257615155869,36,1712137665096
1341,-0.23828125,1.888671875,-0.13671875,0.5008257615155869,44,1712137665096
1341,-0.244140625,1.927734375,-0.13671875,0.5008257615155869,44,1712137665096
1341,-0.267578125,1.697265625,-0.005859375,0.6260322018944836,67,1712137665096
1341,-0.330078125,1.724609375,-0.013671875,0.6260322018944836,131,1712137665096
1341,-0.28125,1.771484375,-0.029296875,0.6260322018944836,107,1712137665096
1341,-0.3515625,1.83203125,0.12890625,0.6260322018944836,46,1712137665096
1341,-0.357421875,1.875,0.048828125,0.6260322018944836,36,1712137665096
1341,-0.4921875,1.8046875,-1.25390625,-0.12520644037889672,19,1712137665096
1341,-0.501953125,1.91015625,-1.16015625,-0.12520644037889672,20,1712137665096
1342,-0.3359375,1.669921875,-0.5625,0.0,21,1712137665197
1342,-0.34375,1.72265625,-0.5234375,0.0,27,1712137665197
1342,-0.41015625,1.75390625,-0.505859375,0.0,17,1712137665197
1342,-0.3046875,1.763671875,-0.765625,0.0,28,1712137665197
1342,-0.310546875,1.8359375,-0.689453125,0.0,35,1712137665197
1342,-0.611328125,1.76953125,-1.109375,0.0,14,1712137665197
1342,-0.228515625,1.7578125,-0.46484375,0.12520644037889672,20,1712137665197
1342,-0.1171875,1.798828125,-0.50390625,0.12520644037889672,45,1712137665197
1342,-0.060546875,1.84765625,-0.474609375,0.12520644037889672,68,1712137665197
1342,-0.060546875,1.8984375,-0.42578125,0.12520644037889672,55,1712137665197
1342,-0.115234375,1.783203125,-0.404296875,0.25041288075779344,41,1712137665197
1342,-0.05859375,1.826171875,-0.404296875,0.25041288075779344,132,1712137665197
1342,-0.060546875,1.87109375,-0.375,0.25041288075779344,211,1712137665197
1342,-0.181640625,1.89453125,-0.408203125,0.25041288075779344,219,1712137665197
1342,-0.373046875,1.8828125,-0.50390625,0.25041288075779344,194,1712137665197
1342,-0.37890625,1.935546875,-0.455078125,0.25041288075779344,132,1712137665197
1342,-0.38671875,1.984375,-0.40625,0.25041288075779344,51,1712137665197
1342,0.0,2.41015625,-1.3203125,0.25041288075779344,35,1712137665197
1342,0.0,2.501953125,-1.2265625,0.25041288075779344,32,1712137665197
1342,-0.330078125,1.712890625,-0.1953125,0.37561932113669017,44,1712137665197
1342,-0.28125,1.7578125,-0.224609375,0.37561932113669017,114,1712137665197
1342,-0.34375,1.783203125,-0.248046875,0.37561932113669017,125,1712137665197
1342,0.05859375,1.859375,-0.19140625,0.37561932113669017,78,1712137665197
1342,-0.060546875,1.892578125,-0.244140625,0.37561932113669017,167,1712137665197
1342,-0.244140625,1.90234375,-0.3359375,0.37561932113669017,224,1712137665197
1342,-0.310546875,1.931640625,-0.333984375,0.37561932113669017,246,1712137665197
1342,-0.37890625,1.9609375,-0.322265625,0.37561932113669017,176,1712137665197
1342,-0.38671875,2.00390625,-0.28515625,0.37561932113669017,69,1712137665197
1342,0.0,2.568359375,-1.080078125,0.37561932113669017,22,1712137665197
1342,-0.330078125,1.724609375,-0.064453125,0.5008257615155869,121,1712137665197
1342,-0.3359375,1.759765625,-0.09765625,0.5008257615155869,322,1712137665197
1342,-0.34375,1.794921875,-0.123046875,0.5008257615155869,400,1712137665197
1342,-0.3515625,1.83203125,-0.13671875,0.5008257615155869,252,1712137665197
1342,-0.357421875,1.87109375,-0.12109375,0.5008257615155869,100,1712137665197
1342,-0.365234375,1.87890625,-0.353515625,0.5008257615155869,49,1712137665197
1342,-0.43359375,1.919921875,-0.263671875,0.5008257615155869,72,1712137665197
1342,-0.37890625,1.9765625,-0.19921875,0.5008257615155869,63,1712137665197
1342,-0.38671875,2.01953125,-0.142578125,0.5008257615155869,23,1712137665197
1342,-0.330078125,1.72265625,0.076171875,0.6260322018944836,101,1712137665197
1342,-0.3359375,1.76171875,0.029296875,0.6260322018944836,273,1712137665197
1342,-0.34375,1.80078125,0.00390625,0.6260322018944836,344,1712137665197
1342,-0.3515625,1.837890625,-0.021484375,0.6260322018944836,237,1712137665197
1342,-0.298828125,1.884765625,-0.0234375,0.6260322018944836,136,1712137665197
1342,-0.3046875,1.923828125,0.005859375,0.6260322018944836,84,1712137665197
1342,-0.310546875,1.9609375,-0.009765625,0.6260322018944836,36,1712137665197
1342,-0.3359375,1.751953125,0.18359375,0.7512386422733803,56,1712137665197
1342,-0.400390625,1.783203125,0.13671875,0.7512386422733803,70,1712137665197
1342,-0.3515625,1.83203125,0.1328125,0.7512386422733803,52,1712137665197
1342,-0.357421875,1.869140625,0.140625,0.7512386422733803,33,1712137665197
1342,-0.365234375,1.90625,0.158203125,0.7512386422733803,24,1712137665197
1342,-0.271484375,1.912109375,-1.0,-0.12520644037889672,22,1712137665197
1342,-0.583984375,1.619140625,-0.73046875,0.37561932113669017,64,1712137665197
1343,0.0,1.775390625,-0.58984375,0.0,18,1712137665297
1343,-0.119140625,1.798828125,-0.62890625,0.0,67,1712137665297
1343,-0.12109375,1.845703125,-0.60546875,0.0,100,1712137665297
1343,-0.125,1.900390625,-0.5625,0.0,79,1712137665297
1343,-0.126953125,1.951171875,-0.521484375,0.0,43,1712137665297
1343,0.0,1.99609375,-0.515625,0.0,27,1712137665297
1343,-0.197265625,1.970703125,-0.69921875,0.0,21,1712137665297
1343,-0.400390625,1.90625,-0.87890625,0.0,29,1712137665297
1343,-0.4765625,1.927734375,-0.890625,0.0,29,1712137665297
1343,-0.484375,2.0078125,-0.796875,0.0,18,1712137665297
1343,-0.17578125,1.78515625,-0.53125,0.12520644037889672,37,1712137665297
1343,-0.1796875,1.828125,-0.515625,0.12520644037889672,113,1712137665297
1343,-0.181640625,1.875,-0.490234375,0.12520644037889672,153,1712137665297
1343,-0.185546875,1.923828125,-0.45703125,0.12520644037889672,110,1712137665297
1343,-0.251953125,1.962890625,-0.419921875,0.12520644037889672,47,1712137665297
1343,-0.458984375,1.833984375,-0.9140625,0.12520644037889672,22,1712137665297
1343,-0.53515625,1.890625,-0.841796875,0.12520644037889672,36,1712137665297
1343,-0.544921875,1.962890625,-0.767578125,0.12520644037889672,40,1712137665297
1343,-0.552734375,2.005859375,-0.755859375,0.12520644037889672,29,1712137665297
1343,-0.173828125,2.28125,-1.591796875,0.12520644037889672,32,1712137665297
1343,-0.17578125,2.462890625,-1.373046875,0.12520644037889672,28,1712137665297
1343,-3.513671875,0.0,-1.236328125,0.12520644037889672,40,1712137665297
1343,-3.6640625,0.0,-1.158203125,0.12520644037889672,63,1712137665297
1343,-3.703125,0.0,-1.087890625,0.12520644037889672,53,1712137665297
1343,-3.7421875,0.0,-0.904296875,0.12520644037889672,24,1712137665297
1343,-0.1796875,1.853515625,-0.421875,0.25041288075779344,60,1712137665297
1343,-0.181640625,1.90234375,-0.373046875,0.25041288075779344,73,1712137665297
1343,-0.0625,1.943359375,-0.3984375,0.25041288075779344,46,1712137665297
1343,0.0625,2.015625,-0.1640625,0.25041288075779344,26,1712137665297
1343,-0.173828125,2.509765625,-1.197265625,0.25041288075779344,28,1712137665297
1343,-0.087890625,2.61328125,-1.068359375,0.25041288075779344,28,1712137665297
1343,3.513671875,0.0,-1.046875,0.25041288075779344,73,1712137665297
1343,-3.6640625,0.0,-0.966796875,0.25041288075779344,109,1712137665297
1343,-3.703125,0.0,-0.87109375,0.25041288075779344,87,1712137665297
1343,3.625,0.482421875,-0.79296875,0.25041288075779344,39,1712137665297
1343,-0.34375,1.796875,0.1015625,0.37561932113669017,34,1712137665297
1343,-0.3515625,1.837890625,-0.017578125,0.37561932113669017,105,1712137665297
1343,-0.23828125,1.888671875,-0.14453125,0.37561932113669017,143,1712137665297
1343,-0.244140625,1.921875,-0.193359375,0.37561932113669017,136,1712137665297
1343,-0.185546875,1.970703125,-0.162109375,0.37561932113669017,103,1712137665297
1343,-0.126953125,2.01953125,-0.044921875,0.37561932113669017,57,1712137665297
1343,-0.322265625,2.0234375,-0.228515625,0.37561932113669017,26,1712137665297
1343,3.513671875,0.421875,-0.794921875,0.37561932113669017,50,1712137665297
1343,3.55078125,0.544921875,-0.7265625,0.37561932113669017,72,1712137665297
1343,3.587890625,0.611328125,-0.685546875,0.37561932113669017,53,1712137665297
1343,-0.400390625,1.779296875,0.185546875,0.5008257615155869,85,1712137665297
1343,-0.3515625,1.833984375,0.099609375,0.5008257615155869,176,1712137665297
1343,-0.357421875,1.875,0.037109375,0.5008257615155869,154,1712137665297
1343,-0.365234375,1.912109375,0.021484375,0.5008257615155869,89,1712137665297
1343,-0.248046875,1.96875,0.056640625,0.5008257615155869,73,1712137665297
1343,-0.251953125,2.00390625,0.107421875,0.5008257615155869,33,1712137665297
1343,-0.400390625,1.771484375,0.24609375,0.6260322018944836,51,1712137665297
1343,-0.41015625,1.8125,0.212890625,0.6260322018944836,88,1712137665297
1343,-0.41796875,1.853515625,0.185546875,0.6260322018944836,59,1712137665297
1343,-0.365234375,1.908203125,0.126953125,0.6260322018944836,42,1712137665297
1343,-0.310546875,1.95703125,0.109375,0.6260322018944836,47,1712137665297
1343,0.0,1.826171875,-0.869140625,-0.25041288075779344,23,1712137665297
1343,0.0,1.81640625,-0.974609375,-0.25041288075779344,20,1712137665297
1343,0.0,1.955078125,-0.86328125,-0.25041288075779344,24,1712137665297
1343,0.0,2.013671875,-0.822265625,-0.25041288075779344,31,1712137665297
1343,-0.1796875,1.7421875,-0.759765625,-0.12520644037889672,17,1712137665297
1343,-0.12109375,1.806640625,-0.716796875,-0.12520644037889672,27,1712137665297
1343,0.0,1.90625,-0.556640625,-0.12520644037889672,31,1712137665297
1343,0.0,1.91015625,-0.66796875,-0.12520644037889672,38,1712137665297
1344,-0.119140625,1.794921875,-0.640625,0.0,50,1712137665398
1344,-0.12109375,1.845703125,-0.609375,0.0,112,1712137665398
1344,-0.185546875,1.892578125,-0.5703125,0.0,108,1712137665398
1344,-0.126953125,1.947265625,-0.533203125,0.0,39,1712137665398
1344,-0.193359375,1.884765625,-0.814453125,0.0,23,1712137665398
1344,-0.328125,1.93359375,-0.748046875,0.0,22,1712137665398
1344,-0.466796875,1.927734375,-0.796875,0.0,16,1712137665398
1344,-0.1171875,1.822265625,-0.40625,0.12520644037889672,34,1712137665398
1344,-0.119140625,1.84375,-0.478515625,0.12520644037889672,229,1712137665398
1344,-0.12109375,1.88671875,-0.46875,0.12520644037889672,510,1712137665398
1344,-0.185546875,1.92578125,-0.443359375,0.12520644037889672,514,1712137665398
1344,-0.126953125,1.990234375,-0.341796875,0.12520644037889672,222,1712137665398
1344,1.998046875,0.0,-0.55078125,0.12520644037889672,22,1712137665398
1344,-0.197265625,1.96875,-0.701171875,0.12520644037889672,41,1712137665398
1344,-0.400390625,2.03125,-0.53125,0.12520644037889672,37,1712137665398
1344,-0.544921875,2.00390625,-0.65234375,0.12520644037889672,29,1712137665398
1344,3.587890625,0.0,-1.14453125,0.12520644037889672,25,1712137665398
1344,-0.525390625,1.783203125,0.2109375,0.25041288075779344,38,1712137665398
1344,-0.119140625,1.861328125,-0.40234375,0.25041288075779344,315,1712137665398
1344,-0.181640625,1.90625,-0.35546875,0.25041288075779344,764,1712137665398
1344,-0.185546875,1.947265625,-0.3359375,0.25041288075779344,787,1712137665398
1344,-0.126953125,2.0,-0.28125,0.25041288075779344,354,1712137665398
1344,-0.322265625,2.017578125,-0.26953125,0.25041288075779344,54,1712137665398
1344,-0.58984375,2.0078125,-0.169921875,0.25041288075779344,45,1712137665398
1344,-0.53515625,2.05078125,-0.28515625,0.25041288075779344,37,1712137665398
1344,-0.544921875,2.078125,-0.3515625,0.25041288075779344,21,1712137665398
1344,3.55078125,0.0,-0.9765625,0.25041288075779344,33,1712137665398
1344,3.470703125,0.9140625,-0.908203125,0.25041288075779344,41,1712137665398
1344,3.5078125,0.93359375,-0.90625,0.25041288075779344,28,1712137665398
1344,-0.400390625,1.787109375,0.068359375,0.37561932113669017,29,1712137665398
1344,-0.466796875,1.806640625,0.125,0.37561932113669017,93,1712137665398
1344,-0.4765625,1.837890625,0.19140625,0.37561932113669017,124,1712137665398
1344,-0.181640625,1.919921875,-0.263671875,0.37561932113669017,347,1712137665398
1344,-0.185546875,1.9609375,-0.244140625,0.37561932113669017,360,1712137665398
1344,-0.189453125,1.998046875,-0.259765625,0.37561932113669017,146,1712137665398
1344,-0.64453125,1.8671875,-0.591796875,0.37561932113669017,41,1712137665398
1344,-0.58984375,2.0078125,-0.1640625,0.37561932113669017,39,1712137665398
1344,-0.6015625,2.041015625,-0.208984375,0.37561932113669017,22,1712137665398
1344,-0.41015625,1.814453125,0.19921875,0.5008257615155869,56,1712137665398
1344,-0.4765625,1.83984375,0.1796875,0.5008257615155869,82,1712137665398
1344,-0.486328125,1.87890625,0.162109375,0.5008257615155869,52,1712137665398
1344,-0.310546875,1.919921875,0.400390625,0.5008257615155869,17,1712137665398
1344,-0.37890625,1.96484375,0.296875,0.5008257615155869,33,1712137665398
1344,-0.580078125,1.892578125,0.57421875,0.5008257615155869,21,1712137665398
1344,-0.201171875,1.9375,-0.8828125,-0.25041288075779344,21,1712137665398
1344,-0.12109375,1.8203125,-0.6796875,-0.12520644037889672,19,1712137665398
1344,0.0,1.884765625,-0.625,-0.12520644037889672,25,1712137665398
1344,0.0,1.921875,-0.6328125,-0.12520644037889672,25,1712137665398
1344,-0.197265625,1.91796875,-0.83203125,-0.12520644037889672,22,1712137665398
1344,-0.201171875,1.9921875,-0.75,-0.12520644037889672,38,1712137665398
1344,-0.203125,2.060546875,-0.671875,-0.12520644037889672,29,1712137665398
1344,-0.580078125,1.943359375,-0.365234375,0.12520644037889672,17,1712137665398
1344,-0.23046875,3.623046875,-0.7265625,0.12520644037889672,14,1712137665398
1344,0.0,1.607421875,-0.955078125,0.25041288075779344,31,1712137665398
1344,1.998046875,0.35546875,-0.3671875,0.25041288075779344,32,1712137665398
1344,-0.228515625,3.6484375,-0.271484375,0.25041288075779344,18,1712137665398
1344,-0.34765625,3.677734375,-0.267578125,0.25041288075779344,25,1712137665398
1344,-0.234375,3.7109375,-0.419921875,0.25041288075779344,19,1712137665398
1344,-0.9921875,0.826171875,-1.5078125,0.5008257615155869,11,1712137665398
1345,-0.1796875,1.814453125,-0.5625,0.0,39,1712137665498
1345,-0.12109375,1.875,-0.51171875,0.0,113,1712137665498
1345,-0.185546875,1.912109375,-0.501953125,0.0,147,1712137665498
1345,-0.126953125,1.96875,-0.4453125,0.0,79,1712137665498
1345,-0.451171875,1.9375,-0.541015625,0.0,19,1712137665498
1345,-0.39453125,2.021484375,-0.412109375,0.0,15,1712137665498
1345,-0.466796875,1.94921875,-0.744140625,0.0,29,1712137665498
1345,-0.4765625,1.9453125,-0.849609375,0.0,29,1712137665498
1345,-0.29296875,1.845703125,-0.099609375,0.12520644037889672,19,1712137665498
1345,-0.23828125,1.873046875,-0.275390625,0.12520644037889672,90,1712137665498
1345,-0.244140625,1.8984375,-0.361328125,0.12520644037889672,220,1712137665498
1345,-0.185546875,1.9453125,-0.345703125,0.12520644037889672,276,1712137665498
1345,-0.189453125,1.99609375,-0.267578125,0.12520644037889672,171,1712137665498
1345,-0.451171875,1.98046875,-0.3515625,0.12520644037889672,103,1712137665498
1345,-0.39453125,2.037109375,-0.322265625,0.12520644037889672,55,1712137665498
1345,-0.6015625,1.904296875,-0.763671875,0.12520644037889672,43,1712137665498
1345,-0.544921875,1.97265625,-0.7421875,0.12520644037889672,40,1712137665498
1345,-0.41015625,1.82421875,0.072265625,0.25041288075779344,29,1712137665498
1345,-0.357421875,1.875,0.01953125,0.25041288075779344,98,1712137665498
1345,-0.3046875,1.921875,-0.046875,0.25041288075779344,156,1712137665498
1345,-0.310546875,1.95703125,-0.107421875,0.25041288075779344,177,1712137665498
1345,-0.37890625,1.984375,-0.1171875,0.25041288075779344,182,1712137665498
1345,-0.38671875,2.021484375,-0.123046875,0.25041288075779344,164,1712137665498
1345,-0.39453125,2.056640625,-0.166015625,0.25041288075779344,85,1712137665498
1345,-0.53515625,2.015625,-0.466796875,0.25041288075779344,32,1712137665498
1345,-0.611328125,2.015625,-0.54296875,0.25041288075779344,25,1712137665498
1345,-0.4765625,1.83984375,0.169921875,0.37561932113669017,46,1712137665498
1345,-0.486328125,1.87890625,0.142578125,0.37561932113669017,67,1712137665498
1345,-0.43359375,1.93359375,0.109375,0.37561932113669017,74,1712137665498
1345,-0.443359375,1.97265625,0.064453125,0.37561932113669017,87,1712137665498
1345,-0.451171875,2.01171875,0.033203125,0.37561932113669017,82,1712137665498
1345,-0.458984375,2.048828125,-0.009765625,0.37561932113669017,43,1712137665498
1345,0.0,1.984375,-0.794921875,-0.25041288075779344,17,1712137665498
1345,-0.06640625,2.05078125,-0.599609375,-0.12520644037889672,31,1712137665498
1345,-0.13671875,2.056640625,-0.701171875,-0.12520644037889672,33,1712137665498
1345,0.708984375,1.224609375,1.498046875,0.0,14,1712137665498
1346,-0.466796875,1.802734375,-0.16796875,0.0,16,1712137665598
1346,-0.4765625,1.841796875,-0.14453125,0.0,58,1712137665598
1346,-0.42578125,1.89453125,-0.14453125,0.0,79,1712137665598
1346,-0.49609375,1.9140625,-0.18359375,0.0,45,1712137665598
1346,-0.443359375,1.908203125,-0.50390625,0.0,48,1712137665598
1346,-0.38671875,1.939453125,-0.58203125,0.0,59,1712137665598
1346,-0.39453125,1.9609375,-0.63671875,0.0,46,1712137665598
1346,-0.466796875,1.9921875,-0.619140625,0.0,30,1712137665598
1346,-0.4765625,2.02734375,-0.630859375,0.0,15,1712137665598
1346,3.470703125,0.908203125,-0.9140625,0.0,23,1712137665598
1346,3.390625,1.220703125,-1.005859375,0.0,27,1712137665598
1346,3.42578125,1.158203125,-1.099609375,0.0,18,1712137665598
1346,-0.466796875,1.810546875,-0.05859375,0.12520644037889672,29,1712137665598
1346,-0.4765625,1.84765625,-0.037109375,0.12520644037889672,107,1712137665598
1346,-0.486328125,1.884765625,-0.0546875,0.12520644037889672,153,1712137665598
1346,-0.49609375,1.9140625,-0.169921875,0.12520644037889672,90,1712137665598
1346,-0.568359375,1.9140625,-0.328125,0.12520644037889672,76,1712137665598
1346,-0.515625,1.9765625,-0.283203125,0.12520644037889672,93,1712137665598
1346,-0.458984375,2.015625,-0.36328125,0.12520644037889672,80,1712137665598
1346,-0.466796875,2.046875,-0.40625,0.12520644037889672,57,1712137665598
1346,-0.544921875,2.04296875,-0.517578125,0.12520644037889672,28,1712137665598
1346,3.470703125,1.125,-0.626953125,0.12520644037889672,42,1712137665598
1346,3.390625,1.3984375,-0.73828125,0.12520644037889672,52,1712137665598
1346,3.54296875,1.05859375,-0.779296875,0.12520644037889672,35,1712137665598
1346,-0.466796875,1.810546875,0.04296875,0.25041288075779344,17,1712137665598
1346,-0.4765625,1.84765625,0.0703125,0.25041288075779344,66,1712137665598
1346,-0.486328125,1.884765625,0.064453125,0.25041288075779344,94,1712137665598
1346,-0.49609375,1.921875,0.013671875,0.25041288075779344,55,1712137665598
1346,-0.568359375,1.935546875,-0.158203125,0.25041288075779344,45,1712137665598
1346,-0.515625,1.98828125,-0.177734375,0.25041288075779344,47,1712137665598
1346,-0.458984375,2.025390625,-0.314453125,0.25041288075779344,38,1712137665598
1346,-0.53515625,2.048828125,-0.2890625,0.25041288075779344,27,1712137665598
1346,3.5078125,1.205078125,-0.4921875,0.25041288075779344,26,1712137665598
1346,0.0,1.849609375,-0.720703125,-0.12520644037889672,27,1712137665598
1346,-0.126953125,1.90625,-0.66796875,-0.12520644037889672,47,1712137665598
1346,-0.064453125,1.94140625,-0.69140625,-0.12520644037889672,46,1712137665598
1346,0.0,1.966796875,-0.73828125,-0.12520644037889672,24,1712137665598
1347,-0.55859375,1.8984375,-0.166015625,0.0,15,1712137665698
1347,-0.505859375,1.94140625,-0.26953125,0.0,17,1712137665698
1347,-0.451171875,1.978515625,-0.365234375,0.0,18,1712137665698
1347,-0.458984375,2.01171875,-0.384765625,0.0,16,1712137665698
1347,-0.609375,1.818359375,0.33984375,0.12520644037889672,22,1712137665698
1347,-0.62109375,1.87890625,0.158203125,0.12520644037889672,31,1712137665698
1347,-0.6328125,1.921875,0.044921875,0.12520644037889672,32,1712137665698
1347,-0.515625,1.9921875,-0.11328125,0.12520644037889672,35,1712137665698
1347,-0.458984375,2.0390625,-0.205078125,0.12520644037889672,37,1712137665698
1347,-0.466796875,2.044921875,-0.408203125,0.12520644037889672,23,1712137665698
1347,3.2734375,1.69140625,-0.646484375,0.12520644037889672,26,1712137665698
1347,-0.1171875,3.736328125,-0.12890625,0.12520644037889672,14,1712137665698
1348,-0.3046875,1.90625,-0.26171875,0.0,23,1712137665799
1348,-0.310546875,1.943359375,-0.255859375,0.0,36,1712137665799
1348,-0.189453125,1.998046875,-0.259765625,0.0,29,1712137665799
1348,-0.3046875,1.923828125,-0.01171875,0.12520644037889672,24,1712137665799
1348,-0.248046875,1.966796875,0.08984375,0.12520644037889672,31,1712137665799
1348,3.2734375,1.6015625,-0.84375,0.12520644037889672,27,1712137665799
1348,3.42578125,1.34765625,-0.857421875,0.12520644037889672,34,1712137665799
1348,3.458984375,1.380859375,-0.8359375,0.12520644037889672,24,1712137665799
1348,-0.248046875,1.91015625,-0.4765625,-0.25041288075779344,34,1712137665799
1348,-0.189453125,1.974609375,-0.400390625,-0.25041288075779344,24,1712137665799
1348,-0.244140625,1.908203125,-0.3046875,-0.12520644037889672,62,1712137665799
1348,-0.185546875,1.953125,-0.3046875,-0.12520644037889672,91,1712137665799
1348,-0.189453125,1.994140625,-0.279296875,-0.12520644037889672,63,1712137665799
1348,-0.39453125,1.99609375,-0.517578125,-0.12520644037889672,23,1712137665799
1349,-0.65625,1.787109375,0.130859375,0.0,30,1712137665899
1349,-0.609375,1.845703125,0.12109375,0.0,80,1712137665899
1349,-0.681640625,1.86328125,0.052734375,0.0,107,1712137665899
1349,-0.6328125,1.921875,0.03125,0.0,86,1712137665899
1349,-0.64453125,1.95703125,0.03515625,0.0,55,1712137665899
1349,-0.58984375,2.013671875,0.072265625,0.0,33,1712137665899
1349,-0.53515625,2.052734375,0.265625,0.0,13,1712137665899
1349,-0.595703125,1.80859375,-0.123046875,-0.25041288075779344,26,1712137665899
1349,-0.609375,1.84375,-0.146484375,-0.25041288075779344,72,1712137665899
1349,-0.62109375,1.876953125,-0.17578125,-0.25041288075779344,96,1712137665899
1349,-0.6328125,1.912109375,-0.197265625,-0.25041288075779344,75,1712137665899
1349,-0.580078125,1.966796875,-0.205078125,-0.25041288075779344,50,1712137665899
1349,-0.525390625,2.001953125,-0.349609375,-0.25041288075779344,32,1712137665899
1349,-0.595703125,1.8125,0.04296875,-0.12520644037889672,56,1712137665899
1349,-0.609375,1.849609375,-0.00390625,-0.12520644037889672,153,1712137665899
1349,-0.62109375,1.884765625,-0.046875,-0.12520644037889672,204,1712137665899
1349,-0.6328125,1.921875,-0.048828125,-0.12520644037889672,166,1712137665899
1349,-0.580078125,1.9765625,-0.078125,-0.12520644037889672,108,1712137665899
1349,-0.458984375,2.0390625,-0.201171875,-0.12520644037889672,70,1712137665899
1349,-0.53515625,2.04296875,-0.33203125,-0.12520644037889672,32,1712137665899
1350,-0.525390625,1.794921875,-0.00390625,0.0,18,1712137665999
1350,-0.357421875,1.875,-0.017578125,0.0,58,1712137665999
1350,-0.3046875,1.919921875,-0.115234375,0.0,95,1712137665999
1350,-0.248046875,1.9453125,-0.310546875,0.0,91,1712137665999
1350,-0.189453125,1.935546875,-0.556640625,0.0,39,1712137665999
1350,-0.580078125,1.96484375,-0.234375,0.0,18,1712137665999
1350,-0.525390625,2.02734375,-0.1640625,0.0,18,1712137665999
1350,-0.42578125,1.900390625,-0.01171875,0.12520644037889672,21,1712137665999
1350,-0.43359375,1.935546875,0.052734375,0.12520644037889672,25,1712137665999
1350,-0.525390625,1.775390625,-0.26953125,-0.25041288075779344,19,1712137665999
1350,-0.41796875,1.841796875,-0.27734375,-0.25041288075779344,62,1712137665999
1350,-0.3046875,1.90234375,-0.279296875,-0.25041288075779344,90,1712137665999
1350,-0.185546875,1.94140625,-0.3671875,-0.25041288075779344,78,1712137665999
1350,-0.189453125,1.83203125,-0.837890625,-0.25041288075779344,33,1712137665999
1350,-0.580078125,1.873046875,-0.638671875,-0.25041288075779344,16,1712137665999
1350,-0.525390625,1.791015625,-0.1171875,-0.12520644037889672,33,1712137665999
1350,-0.41796875,1.853515625,-0.185546875,-0.12520644037889672,107,1712137665999
1350,-0.3046875,1.904296875,-0.265625,-0.12520644037889672,172,1712137665999
1350,-0.248046875,1.923828125,-0.42578125,-0.12520644037889672,167,1712137665999
1350,-0.189453125,1.921875,-0.603515625,-0.12520644037889672,71,1712137665999
1350,-0.515625,1.919921875,-0.54296875,-0.12520644037889672,32,1712137665999
1350,-0.458984375,2.013671875,-0.37890625,-0.12520644037889672,30,1712137665999
1350,3.2734375,1.595703125,-0.857421875,-0.12520644037889672,30,1712137665999
1350,3.306640625,1.623046875,-0.845703125,-0.12520644037889672,23,1712137665999
1350,-0.884765625,1.763671875,0.451171875,0.0,20,1712137665999
1350,-0.869140625,1.7265625,-0.451171875,-0.25041288075779344,41,1712137665999
1350,-0.822265625,1.849609375,0.0,-0.25041288075779344,22,1712137665999
1350,-0.884765625,1.767578125,0.43359375,-0.12520644037889672,37,1712137665999
1351,-0.642578125,1.736328125,0.263671875,0.0,14,1712137666100
1351,-0.71484375,1.701171875,0.486328125,0.0,39,1712137666100
1351,-0.181640625,1.87109375,-0.509765625,0.0,77,1712137666100
1351,-0.248046875,1.935546875,-0.365234375,0.0,85,1712137666100
1351,-0.31640625,1.974609375,-0.310546875,0.0,59,1712137666100
1351,-0.38671875,2.001953125,-0.302734375,0.0,50,1712137666100
1351,-0.525390625,2.01171875,-0.29296875,0.0,30,1712137666100
1351,-0.4765625,1.84765625,0.0625,0.12520644037889672,18,1712137666100
1351,-0.42578125,1.900390625,0.00390625,0.12520644037889672,34,1712137666100
1351,-0.373046875,1.94921875,-0.048828125,0.12520644037889672,35,1712137666100
1351,-0.443359375,1.966796875,-0.166015625,0.12520644037889672,21,1712137666100
1351,-0.537109375,1.80859375,-0.291015625,-0.37561932113669017,36,1712137666100
1351,-0.546875,1.845703125,-0.28515625,-0.37561932113669017,52,1712137666100
1351,-0.55859375,1.875,-0.33203125,-0.37561932113669017,42,1712137666100
1351,-0.568359375,1.916015625,-0.3125,-0.37561932113669017,24,1712137666100
1351,-0.583984375,1.771484375,-0.126953125,-0.25041288075779344,35,1712137666100
1351,-0.595703125,1.8125,-0.02734375,-0.25041288075779344,106,1712137666100
1351,-0.669921875,1.826171875,0.072265625,-0.25041288075779344,142,1712137666100
1351,-0.681640625,1.849609375,0.232421875,-0.25041288075779344,98,1712137666100
1351,-0.126953125,1.828125,-0.857421875,-0.25041288075779344,41,1712137666100
1351,-0.2578125,1.86328125,-0.84375,-0.25041288075779344,28,1712137666100
1351,-0.328125,1.92578125,-0.76953125,-0.25041288075779344,19,1712137666100
1351,-0.642578125,1.75390625,0.0859375,-0.12520644037889672,34,1712137666100
1351,-0.71484375,1.74609375,0.2890625,-0.12520644037889672,97,1712137666100
1351,-0.12109375,1.810546875,-0.705078125,-0.12520644037889672,146,1712137666100
1351,-0.185546875,1.896484375,-0.552734375,-0.12520644037889672,163,1712137666100
1351,-0.251953125,1.94921875,-0.48046875,-0.12520644037889672,112,1712137666100
1351,-0.322265625,1.970703125,-0.509765625,-0.12520644037889672,89,1712137666100
1351,-0.328125,2.021484375,-0.466796875,-0.12520644037889672,55,1712137666100
1351,-0.53515625,2.009765625,-0.498046875,-0.12520644037889672,18,1712137666100
1351,3.2734375,1.576171875,-0.892578125,-0.12520644037889672,27,1712137666100
1351,-0.119140625,1.755859375,-0.740234375,0.0,33,1712137666100
1351,-0.791015625,1.619140625,0.73828125,0.0,52,1712137666100
1351,-0.0625,1.69921875,-1.025390625,-0.25041288075779344,65,1712137666100
1351,-0.822265625,1.724609375,0.666015625,-0.25041288075779344,39,1712137666100
1351,-0.966796875,1.4765625,1.06640625,-0.25041288075779344,19,1712137666100
1351,-1.24609375,0.8671875,1.44921875,-0.25041288075779344,13,1712137666100
1351,-0.060546875,1.650390625,-0.958984375,-0.12520644037889672,66,1712137666100
1351,-0.791015625,1.69921875,0.52734375,-0.12520644037889672,131,1712137666100
1351,-0.869140625,1.548828125,0.888671875,-0.12520644037889672,92,1712137666100
1351,-1.3359375,0.0,1.875,-0.12520644037889672,10,1712137666100
1352,-0.41015625,1.798828125,-0.3046875,0.0,24,1712137666200
1352,-0.357421875,1.845703125,-0.328125,0.0,39,1712137666200
1352,-0.244140625,1.927734375,-0.13671875,0.0,50,1712137666200
1352,-0.373046875,1.939453125,-0.205078125,0.0,56,1712137666200
1352,-0.505859375,1.951171875,-0.1796875,0.0,56,1712137666200
1352,-0.580078125,1.966796875,-0.208984375,0.0,34,1712137666200
1352,-0.357421875,1.873046875,-0.06640625,0.12520644037889672,27,1712137666200
1352,-0.365234375,1.91015625,-0.099609375,0.12520644037889672,47,1712137666200
1352,-0.373046875,1.947265625,-0.091796875,0.12520644037889672,40,1712137666200
1352,-0.443359375,1.958984375,-0.25,0.12520644037889672,19,1712137666200
1352,-0.71484375,1.5625,-0.830078125,-0.25041288075779344,37,1712137666200
1352,-0.73046875,1.66796875,-0.689453125,-0.25041288075779344,46,1712137666200
1352,-0.248046875,1.935546875,-0.36328125,-0.25041288075779344,51,1712137666200
1352,-0.505859375,1.919921875,-0.384765625,-0.25041288075779344,57,1712137666200
1352,-0.580078125,1.951171875,-0.330078125,-0.25041288075779344,39,1712137666200
1352,-0.458984375,1.74609375,-0.310546875,-0.12520644037889672,16,1712137666200
1352,-0.3515625,1.78515625,-0.4375,-0.12520644037889672,45,1712137666200
1352,-0.23828125,1.857421875,-0.365234375,-0.12520644037889672,85,1712137666200
1352,-0.244140625,1.8984375,-0.361328125,-0.12520644037889672,123,1712137666200
1352,-0.310546875,1.931640625,-0.333984375,-0.12520644037889672,133,1712137666200
1352,-0.443359375,1.953125,-0.29296875,-0.12520644037889672,114,1712137666200
1352,-0.580078125,1.93359375,-0.416015625,-0.12520644037889672,66,1712137666200
1352,-0.65625,1.94921875,-0.421875,-0.12520644037889672,24,1712137666200
1352,-0.791015625,1.451171875,-1.029296875,0.0,37,1712137666200
1352,0.4765625,1.046875,1.5234375,-0.25041288075779344,19,1712137666200
1352,-0.181640625,1.908203125,-0.34375,-0.25041288075779344,44,1712137666200
1352,-0.8515625,0.478515625,-1.68359375,-0.12520644037889672,73,1712137666200
1353,-0.642578125,1.75390625,0.111328125,0.0,22,1712137666300
1353,-0.65625,1.7890625,0.12109375,0.0,40,1712137666300
1353,-0.609375,1.84765625,0.06640625,0.0,43,1712137666300
1353,-0.55859375,1.900390625,-0.1328125,0.0,27,1712137666300
1353,-0.37890625,1.97265625,-0.24609375,0.0,22,1712137666300
1353,-0.38671875,2.001953125,-0.3046875,0.0,19,1712137666300
1353,-0.458984375,2.037109375,-0.21484375,0.0,12,1712137666300
1353,-0.298828125,1.880859375,-0.142578125,0.12520644037889672,18,1712137666300
1353,-0.3046875,1.912109375,-0.197265625,0.12520644037889672,29,1712137666300
1353,-0.310546875,1.95703125,-0.130859375,0.12520644037889672,25,1712137666300
1353,-0.443359375,1.974609375,-0.0390625,0.12520644037889672,19,1712137666300
1353,-0.642578125,1.755859375,-0.07421875,-0.25041288075779344,21,1712137666300
1353,-0.595703125,1.80859375,-0.123046875,-0.25041288075779344,40,1712137666300
1353,-0.609375,1.84375,-0.146484375,-0.25041288075779344,42,1712137666300
1353,-0.43359375,1.890625,-0.41796875,-0.25041288075779344,26,1712137666300
1353,-0.642578125,1.755859375,0.0625,-0.12520644037889672,38,1712137666300
1353,-0.65625,1.791015625,0.064453125,-0.12520644037889672,73,1712137666300
1353,-0.609375,1.849609375,0.0078125,-0.12520644037889672,80,1712137666300
1353,-0.43359375,1.916015625,-0.279296875,-0.12520644037889672,65,1712137666300
1353,-0.37890625,1.951171875,-0.37890625,-0.12520644037889672,55,1712137666300
1353,-0.322265625,1.994140625,-0.41015625,-0.12520644037889672,47,1712137666300
1353,-0.328125,2.0234375,-0.458984375,-0.12520644037889672,30,1712137666300
1354,-0.572265625,1.73828125,-0.080078125,0.0,19,1712137666401
1354,-0.583984375,1.775390625,-0.087890625,0.0,37,1712137666401
1354,-0.595703125,1.810546875,-0.09375,0.0,38,1712137666401
1354,-0.609375,1.849609375,-0.029296875,0.0,31,1712137666401
1354,-0.62109375,1.884765625,0.017578125,0.0,30,1712137666401
1354,-0.568359375,1.939453125,-0.09375,0.0,32,1712137666401
1354,-0.64453125,1.94921875,-0.177734375,0.0,26,1712137666401
1354,-0.65625,1.984375,-0.193359375,0.0,12,1712137666401
1354,-0.525390625,1.771484375,-0.287109375,-0.25041288075779344,33,1712137666401
1354,-0.537109375,1.8125,-0.26953125,-0.25041288075779344,36,1712137666401
1354,-0.546875,1.859375,-0.181640625,-0.25041288075779344,31,1712137666401
1354,-0.62109375,1.873046875,-0.22265625,-0.25041288075779344,31,1712137666401
1354,-0.568359375,1.912109375,-0.33203125,-0.25041288075779344,34,1712137666401
1354,-0.64453125,1.904296875,-0.453125,-0.25041288075779344,26,1712137666401
1354,-0.572265625,1.728515625,-0.201171875,-0.12520644037889672,36,1712137666401
1354,-0.525390625,1.78515625,-0.193359375,-0.12520644037889672,70,1712137666401
1354,-0.537109375,1.822265625,-0.19140625,-0.12520644037889672,72,1712137666401
1354,-0.546875,1.865234375,-0.09375,-0.12520644037889672,59,1712137666401
1354,-0.55859375,1.90234375,-0.091796875,-0.12520644037889672,56,1712137666401
1354,-0.505859375,1.951171875,-0.18359375,-0.12520644037889672,64,1712137666401
1354,-0.580078125,1.962890625,-0.240234375,-0.12520644037889672,54,1712137666401
1354,-0.58984375,1.98828125,-0.3203125,-0.12520644037889672,25,1712137666401
1355,-0.572265625,1.740234375,-0.068359375,0.0,20,1712137666502
1355,-0.583984375,1.77734375,-0.037109375,0.0,48,1712137666502
1355,-0.595703125,1.8125,-0.01953125,0.0,52,1712137666502
1355,-0.181640625,1.9375,-0.01953125,0.0,33,1712137666502
1355,-0.43359375,1.92578125,-0.208984375,0.0,45,1712137666502
1355,-0.505859375,1.94921875,-0.189453125,0.0,43,1712137666502
1355,-0.515625,1.990234375,-0.162109375,0.0,27,1712137666502
1355,-0.525390625,2.02734375,-0.150390625,0.0,12,1712137666502
1355,-0.244140625,1.931640625,-0.052734375,0.12520644037889672,31,1712137666502
1355,-0.373046875,1.947265625,-0.099609375,0.12520644037889672,31,1712137666502
1355,-0.37890625,1.986328125,-0.068359375,0.12520644037889672,24,1712137666502
1355,-0.525390625,1.775390625,-0.265625,-0.25041288075779344,40,1712137666502
1355,-0.65625,1.763671875,-0.3203125,-0.25041288075779344,43,1712137666502
1355,-0.181640625,1.91015625,-0.33203125,-0.25041288075779344,32,1712137666502
1355,-0.373046875,1.892578125,-0.470703125,-0.25041288075779344,41,1712137666502
1355,-0.443359375,1.919921875,-0.4609375,-0.25041288075779344,39,1712137666502
1355,-0.451171875,1.9765625,-0.375,-0.25041288075779344,24,1712137666502
1355,-0.458984375,1.771484375,-0.10546875,-0.12520644037889672,41,1712137666502
1355,-0.525390625,1.7890625,-0.154296875,-0.12520644037889672,100,1712137666502
1355,-0.595703125,1.8046875,-0.1796875,-0.12520644037889672,105,1712137666502
1355,-0.181640625,1.923828125,-0.234375,-0.12520644037889672,86,1712137666502
1355,-0.373046875,1.923828125,-0.32421875,-0.12520644037889672,108,1712137666502
1355,-0.443359375,1.94921875,-0.31640625,-0.12520644037889672,97,1712137666502
1355,-0.451171875,1.990234375,-0.296875,-0.12520644037889672,60,1712137666502
1355,-0.525390625,2.005859375,-0.333984375,-0.12520644037889672,26,1712137666502
1355,-0.333984375,2.033203125,-0.572265625,-0.12520644037889672,19,1712137666502
1355,-0.73046875,1.74609375,-0.458984375,0.0,30,1712137666502
1355,-0.669921875,1.568359375,-0.939453125,-0.25041288075779344,28,1712137666502
1355,-0.791015625,1.4765625,-0.990234375,-0.12520644037889672,64,1712137666502
1356,-0.560546875,1.703125,-0.0703125,0.0,14,1712137666601
1356,-0.515625,1.7578125,-0.064453125,0.0,62,1712137666601
1356,-0.525390625,1.794921875,-0.0546875,0.0,117,1712137666601
1356,-0.537109375,1.83203125,-0.03515625,0.0,110,1712137666601
1356,-0.486328125,1.884765625,-0.048828125,0.0,54,1712137666601
1356,-0.43359375,1.935546875,-0.0859375,0.0,24,1712137666601
1356,-0.58984375,1.97265625,-0.40625,0.0,18,1712137666601
1356,-0.41796875,1.861328125,-0.048828125,0.12520644037889672,26,1712137666601
1356,-0.3046875,1.916015625,-0.173828125,0.12520644037889672,27,1712137666601
1356,-0.458984375,1.75390625,-0.26953125,-0.25041288075779344,54,1712137666601
1356,-0.466796875,1.7890625,-0.28125,-0.25041288075779344,103,1712137666601
1356,-0.4765625,1.826171875,-0.287109375,-0.25041288075779344,98,1712137666601
1356,-0.42578125,1.873046875,-0.318359375,-0.25041288075779344,50,1712137666601
1356,-0.50390625,1.712890625,-0.185546875,-0.12520644037889672,27,1712137666601
1356,-0.458984375,1.767578125,-0.158203125,-0.12520644037889672,118,1712137666601
1356,-0.525390625,1.787109375,-0.16796875,-0.12520644037889672,224,1712137666601
1356,-0.4765625,1.83984375,-0.166015625,-0.12520644037889672,217,1712137666601
1356,-0.42578125,1.88671875,-0.2265625,-0.12520644037889672,115,1712137666601
1356,-0.310546875,1.927734375,-0.35546875,-0.12520644037889672,57,1712137666601
1356,-0.37890625,1.95703125,-0.341796875,-0.12520644037889672,46,1712137666601
1356,-0.515625,1.93359375,-0.494140625,-0.12520644037889672,29,1712137666601
1356,-0.65625,1.91796875,-0.544921875,-0.12520644037889672,30,1712137666601
1356,-0.552734375,1.990234375,-0.796875,-0.12520644037889672,25,1712137666601
1357,-0.50390625,1.720703125,-0.029296875,0.0,13,1712137666702
1357,-0.515625,1.7578125,-0.025390625,0.0,50,1712137666702
1357,-0.525390625,1.794921875,-0.0390625,0.0,89,1712137666702
1357,-0.4765625,1.84765625,-0.03125,0.0,88,1712137666702
1357,-0.486328125,1.884765625,-0.03515625,0.0,51,1712137666702
1357,-0.55859375,1.904296875,0.009765625,0.0,23,1712137666702
1357,-0.64453125,1.958984375,0.013671875,0.0,36,1712137666702
1357,-0.65625,1.994140625,0.015625,0.0,33,1712137666702
1357,-0.623046875,1.955078125,-0.83203125,0.0,13,1712137666702
1357,-0.515625,1.755859375,0.083984375,0.12520644037889672,19,1712137666702
1357,-0.525390625,1.7890625,0.140625,0.12520644037889672,32,1712137666702
1357,-0.65625,1.76171875,0.326171875,0.12520644037889672,26,1712137666702
1357,0.0,1.9140625,-0.654296875,0.12520644037889672,31,1712137666702
1357,0.0,1.9765625,-0.583984375,0.12520644037889672,35,1712137666702
1357,-0.130859375,2.021484375,-0.548828125,0.12520644037889672,33,1712137666702
1357,-0.1328125,2.068359375,-0.525390625,0.12520644037889672,28,1712137666702
1357,-0.13671875,2.12890625,-0.427734375,0.12520644037889672,15,1712137666702
1357,-0.458984375,1.759765625,-0.22265625,-0.25041288075779344,43,1712137666702
1357,-0.466796875,1.794921875,-0.234375,-0.25041288075779344,77,1712137666702
1357,-0.4765625,1.83203125,-0.25,-0.25041288075779344,72,1712137666702
1357,-0.546875,1.85546875,-0.212890625,-0.25041288075779344,38,1712137666702
1357,-0.515625,1.892578125,-0.6328125,-0.25041288075779344,35,1712137666702
1357,-0.458984375,1.95703125,-0.607421875,-0.25041288075779344,35,1712137666702
1357,-0.50390625,1.716796875,-0.12109375,-0.12520644037889672,27,1712137666702
1357,-0.458984375,1.76953125,-0.12109375,-0.12520644037889672,107,1712137666702
1357,-0.466796875,1.806640625,-0.12890625,-0.12520644037889672,186,1712137666702
1357,-0.537109375,1.828125,-0.12890625,-0.12520644037889672,170,1712137666702
1357,-0.546875,1.8671875,-0.083984375,-0.12520644037889672,91,1712137666702
1357,-0.62109375,1.880859375,-0.130859375,-0.12520644037889672,36,1712137666702
1357,-0.451171875,1.93359375,-0.556640625,-0.12520644037889672,65,1712137666702
1357,-0.525390625,1.970703125,-0.501953125,-0.12520644037889672,66,1712137666702
1357,-0.400390625,2.083984375,-0.26171875,-0.12520644037889672,26,1712137666702
1357,3.587890625,0.0,-1.1171875,-0.12520644037889672,28,1712137666702
1357,0.12890625,1.556640625,-1.34375,0.0,19,1712137666702
1357,0.130859375,1.515625,-1.447265625,0.0,17,1712137666702
1357,0.0,1.09375,-1.564453125,0.12520644037889672,16,1712137666702
1358,-0.458984375,1.767578125,-0.14453125,0.0,12,1712137666802
1358,-0.3515625,1.818359375,-0.265625,0.0,27,1712137666802
1358,-0.1796875,1.861328125,-0.384765625,0.0,62,1712137666802
1358,-0.12109375,1.90234375,-0.39453125,0.0,103,1712137666802
1358,-0.248046875,1.9375,-0.349609375,0.0,103,1712137666802
1358,-0.443359375,1.96875,-0.146484375,0.0,107,1712137666802
1358,-0.515625,1.98828125,-0.171875,0.0,143,1712137666802
1358,-0.525390625,2.01953125,-0.228515625,0.0,113,1712137666802
1358,-0.53515625,2.0390625,-0.35546875,0.0,52,1712137666802
1358,-0.4765625,2.056640625,-0.529296875,0.0,25,1712137666802
1358,-0.552734375,1.99609375,-0.78125,0.0,21,1712137666802
1358,3.435546875,1.03125,-0.75,0.0,25,1712137666802
1358,3.470703125,1.0625,-0.728515625,0.0,30,1712137666802
1358,3.390625,1.443359375,-0.646484375,0.0,20,1712137666802
1358,-0.1171875,1.806640625,-0.46875,0.12520644037889672,24,1712137666802
1358,-0.1796875,1.8671875,-0.357421875,0.12520644037889672,108,1712137666802
1358,-0.181640625,1.912109375,-0.322265625,0.12520644037889672,189,1712137666802
1358,-0.185546875,1.958984375,-0.267578125,0.12520644037889672,159,1712137666802
1358,-0.189453125,2.0078125,-0.166015625,0.12520644037889672,61,1712137666802
1358,0.064453125,1.93359375,-0.712890625,0.12520644037889672,32,1712137666802
1358,0.0,1.875,-0.9453125,0.12520644037889672,22,1712137666802
1358,-0.267578125,2.03125,-0.609375,0.12520644037889672,23,1712137666802
1358,-0.2578125,2.322265625,-1.447265625,0.12520644037889672,26,1712137666802
1358,-0.26171875,2.337890625,-1.494140625,0.12520644037889672,32,1712137666802
1358,-3.130859375,0.0,3.2265625,0.12520644037889672,30,1712137666802
1358,-3.162109375,0.0,3.19921875,0.12520644037889672,31,1712137666802
1358,-0.1796875,1.88671875,-0.2265625,0.25041288075779344,46,1712137666802
1358,-0.181640625,1.927734375,-0.193359375,0.25041288075779344,82,1712137666802
1358,-0.185546875,1.97265625,-0.123046875,0.25041288075779344,69,1712137666802
1358,-0.251953125,2.0078125,0.029296875,0.25041288075779344,27,1712137666802
1358,-0.505859375,1.869140625,-0.5859375,-0.37561932113669017,17,1712137666802
1358,-0.451171875,1.904296875,-0.646484375,-0.37561932113669017,25,1712137666802
1358,-0.525390625,1.92578125,-0.65234375,-0.37561932113669017,20,1712137666802
1358,-0.43359375,1.865234375,-0.525390625,-0.25041288075779344,41,1712137666802
1358,-0.443359375,1.912109375,-0.48828125,-0.25041288075779344,122,1712137666802
1358,-0.515625,1.9375,-0.48046875,-0.25041288075779344,181,1712137666802
1358,-0.458984375,1.98828125,-0.4921875,-0.25041288075779344,144,1712137666802
1358,-0.466796875,2.005859375,-0.57421875,-0.25041288075779344,68,1712137666802
1358,-0.544921875,2.001953125,-0.654296875,-0.25041288075779344,33,1712137666802
1358,-0.552734375,1.953125,-0.884765625,-0.25041288075779344,27,1712137666802
1358,3.55078125,0.0,-1.099609375,-0.25041288075779344,26,1712137666802
1358,3.587890625,0.0,-1.185546875,-0.25041288075779344,32,1712137666802
1358,3.390625,1.13671875,-1.099609375,-0.25041288075779344,23,1712137666802
1358,-0.400390625,1.767578125,-0.26953125,-0.12520644037889672,27,1712137666802
1358,-0.41015625,1.80859375,-0.240234375,-0.12520644037889672,38,1712137666802
1358,-0.537109375,1.83203125,0.015625,-0.12520644037889672,26,1712137666802
1358,-0.43359375,1.900390625,-0.37890625,-0.12520644037889672,67,1712137666802
1358,-0.443359375,1.939453125,-0.369140625,-0.12520644037889672,181,1712137666802
1358,-0.515625,1.96484375,-0.353515625,-0.12520644037889672,269,1712137666802
1358,-0.458984375,2.017578125,-0.361328125,-0.12520644037889672,210,1712137666802
1358,-0.53515625,2.021484375,-0.443359375,-0.12520644037889672,95,1712137666802
1358,-0.544921875,2.041015625,-0.5234375,-0.12520644037889672,44,1712137666802
1358,-0.623046875,1.982421875,-0.767578125,-0.12520644037889672,38,1712137666802
1358,3.55078125,0.0,-1.01171875,-0.12520644037889672,49,1712137666802
1358,3.470703125,0.75390625,-1.044921875,-0.12520644037889672,57,1712137666802
1358,3.5078125,0.9453125,-0.896484375,-0.12520644037889672,38,1712137666802
1358,-0.64453125,1.90625,0.447265625,0.12520644037889672,27,1712137666802
1358,-0.525390625,2.033203125,-0.029296875,0.12520644037889672,22,1712137666802
1358,3.3828125,2.0078125,-0.7734375,0.12520644037889672,19,1712137666802
1358,3.287109375,2.234375,-0.755859375,0.12520644037889672,19,1712137666802
1359,-0.400390625,1.78515625,0.095703125,0.0,12,1712137666903
1359,-0.3515625,1.8359375,-0.046875,0.0,17,1712137666903
1359,-0.1796875,1.8671875,-0.35546875,0.0,43,1712137666903
1359,-0.181640625,1.912109375,-0.3203125,0.0,69,1712137666903
1359,-0.310546875,1.955078125,-0.140625,0.0,67,1712137666903
1359,-0.505859375,1.958984375,-0.0625,0.0,95,1712137666903
1359,-0.515625,1.99609375,-0.015625,0.0,95,1712137666903
1359,-0.458984375,2.048828125,0.005859375,0.0,43,1712137666903
1359,0.0,1.96875,-0.833984375,0.0,24,1712137666903
1359,0.0,1.96875,-0.92578125,0.0,26,1712137666903
1359,0.0,1.88671875,-1.158203125,0.0,14,1712137666903
1359,3.287109375,1.494140625,-0.345703125,0.0,15,1712137666903
1359,3.435546875,1.1953125,-0.443359375,0.0,28,1712137666903
1359,3.470703125,1.208984375,-0.447265625,0.0,27,1712137666903
1359,3.625,0.78125,-0.501953125,0.0,15,1712137666903
1359,-0.119140625,1.88671875,-0.267578125,0.12520644037889672,83,1712137666903
1359,-0.181640625,1.916015625,-0.296875,0.12520644037889672,138,1712137666903
1359,-0.185546875,1.96875,-0.166015625,0.12520644037889672,93,1712137666903
1359,0.126953125,1.669921875,-1.13671875,0.12520644037889672,39,1712137666903
1359,0.0,1.916015625,-0.76171875,0.12520644037889672,47,1712137666903
1359,-0.06640625,1.998046875,-0.759765625,0.12520644037889672,49,1712137666903
1359,0.0,2.048828125,-0.732421875,0.12520644037889672,50,1712137666903
1359,0.0,2.087890625,-0.736328125,0.12520644037889672,27,1712137666903
1359,-0.1796875,1.89453125,-0.1484375,0.25041288075779344,33,1712137666903
1359,-0.181640625,1.93359375,-0.126953125,0.25041288075779344,52,1712137666903
1359,-0.310546875,1.958984375,0.06640625,0.25041288075779344,27,1712137666903
1359,0.0,1.896484375,-0.705078125,0.25041288075779344,25,1712137666903
1359,0.0,1.99609375,-0.515625,0.25041288075779344,28,1712137666903
1359,-0.06640625,2.0390625,-0.640625,0.25041288075779344,28,1712137666903
1359,0.0,2.095703125,-0.5859375,0.25041288075779344,28,1712137666903
1359,-0.43359375,1.88671875,-0.439453125,-0.25041288075779344,44,1712137666903
1359,-0.37890625,1.939453125,-0.431640625,-0.25041288075779344,107,1712137666903
1359,-0.451171875,1.96484375,-0.43359375,-0.25041288075779344,110,1712137666903
1359,-0.39453125,2.025390625,-0.392578125,-0.25041288075779344,51,1712137666903
1359,3.287109375,1.322265625,-0.775390625,-0.25041288075779344,21,1712137666903
1359,3.435546875,0.970703125,-0.826171875,-0.25041288075779344,39,1712137666903
1359,3.470703125,0.974609375,-0.841796875,-0.25041288075779344,38,1712137666903
1359,3.390625,1.265625,-0.947265625,-0.25041288075779344,20,1712137666903
1359,-0.3359375,1.76171875,-0.041015625,-0.12520644037889672,14,1712137666903
1359,-0.34375,1.80078125,0.01953125,-0.12520644037889672,25,1712137666903
1359,-0.41015625,1.82421875,0.0234375,-0.12520644037889672,29,1712137666903
1359,-0.4765625,1.84375,0.130859375,-0.12520644037889672,25,1712137666903
1359,0.0,1.560546875,-1.1640625,-0.12520644037889672,28,1712137666903
1359,-0.43359375,1.927734375,-0.193359375,-0.12520644037889672,65,1712137666903
1359,-0.443359375,1.953125,-0.29296875,-0.12520644037889672,167,1712137666903
1359,-0.451171875,1.990234375,-0.296875,-0.12520644037889672,177,1712137666903
1359,-0.39453125,2.04296875,-0.279296875,-0.12520644037889672,88,1712137666903
1359,3.287109375,1.453125,-0.490234375,-0.12520644037889672,28,1712137666903
1359,3.435546875,1.103515625,-0.638671875,-0.12520644037889672,52,1712137666903
1359,3.470703125,1.099609375,-0.671875,-0.12520644037889672,52,1712137666903
1359,3.625,0.67578125,-0.63671875,-0.12520644037889672,28,1712137666903
1359,-0.76171875,2.056640625,0.310546875,0.0,11,1712137666903
1359,-0.6328125,1.802734375,0.666015625,0.12520644037889672,27,1712137666903
1359,0.060546875,0.837890625,-1.71484375,-0.12520644037889672,15,1712137666903
1359,-0.609375,1.744140625,0.61328125,-0.12520644037889672,20,1712137666903
1360,-0.330078125,1.716796875,0.158203125,0.0,15,1712137667003
1360,-0.28125,1.767578125,0.1171875,0.0,75,1712137667003
1360,-0.34375,1.796875,0.095703125,0.0,157,1712137667003
1360,-0.29296875,1.84375,0.10546875,0.0,162,1712137667003
1360,-0.41796875,1.853515625,0.189453125,0.0,61,1712137667003
1360,-0.181640625,1.91015625,-0.333984375,0.0,116,1712137667003
1360,-0.248046875,1.95703125,-0.216796875,0.0,178,1712137667003
1360,-0.37890625,1.98046875,-0.16015625,0.0,194,1712137667003
1360,-0.451171875,2.005859375,-0.140625,0.0,146,1712137667003
1360,-0.458984375,2.021484375,-0.328125,0.0,61,1712137667003
1360,-0.400390625,1.873046875,-0.947265625,0.0,29,1712137667003
1360,-0.408203125,1.857421875,-1.056640625,0.0,26,1712137667003
1360,-0.552734375,1.916015625,-0.9609375,0.0,18,1712137667003
1360,-0.119140625,1.861328125,-0.404296875,0.12520644037889672,72,1712137667003
1360,-0.12109375,1.904296875,-0.388671875,0.12520644037889672,173,1712137667003
1360,-0.125,1.947265625,-0.365234375,0.12520644037889672,196,1712137667003
1360,0.0,2.0,-0.302734375,0.12520644037889672,105,1712137667003
1360,0.064453125,1.845703125,-0.9140625,0.12520644037889672,62,1712137667003
1360,-0.197265625,1.931640625,-0.798828125,0.12520644037889672,35,1712137667003
1360,0.0,2.0703125,-0.533203125,0.12520644037889672,43,1712137667003
1360,0.0,2.099609375,-0.57421875,0.12520644037889672,49,1712137667003
1360,-0.138671875,2.107421875,-0.6640625,0.12520644037889672,29,1712137667003
1360,-0.119140625,1.89453125,-0.1953125,0.25041288075779344,31,1712137667003
1360,-0.12109375,1.92578125,-0.25390625,0.25041288075779344,72,1712137667003
1360,-0.125,1.966796875,-0.24609375,0.25041288075779344,80,1712137667003
1360,-0.0625,2.01171875,-0.212890625,0.25041288075779344,44,1712137667003
1360,0.0,1.9453125,-0.6796875,0.25041288075779344,26,1712137667003
1360,0.0,2.07421875,-0.513671875,0.25041288075779344,40,1712137667003
1360,0.0,2.103515625,-0.556640625,0.25041288075779344,47,1712137667003
1360,0.0,2.134765625,-0.583984375,0.25041288075779344,30,1712137667003
1360,3.5078125,1.888671875,-0.447265625,0.25041288075779344,19,1712137667003
1360,3.541015625,1.859375,-0.619140625,0.25041288075779344,17,1712137667003
1360,-0.068359375,2.115234375,-0.509765625,0.37561932113669017,18,1712137667003
1360,-0.37890625,1.900390625,-0.583984375,-0.37561932113669017,31,1712137667003
1360,-0.451171875,1.916015625,-0.611328125,-0.37561932113669017,28,1712137667003
1360,-0.28125,1.767578125,-0.126953125,-0.25041288075779344,69,1712137667003
1360,-0.287109375,1.8046875,-0.140625,-0.25041288075779344,150,1712137667003
1360,-0.29296875,1.841796875,-0.15234375,-0.25041288075779344,157,1712137667003
1360,-0.357421875,1.865234375,-0.1875,-0.25041288075779344,65,1712137667003
1360,-0.181640625,1.904296875,-0.36328125,-0.25041288075779344,55,1712137667003
1360,-0.310546875,1.921875,-0.392578125,-0.25041288075779344,178,1712137667003
1360,-0.31640625,1.953125,-0.421875,-0.25041288075779344,252,1712137667003
1360,-0.38671875,1.97265625,-0.458984375,-0.25041288075779344,199,1712137667003
1360,-0.458984375,1.966796875,-0.578125,-0.25041288075779344,80,1712137667003
1360,-0.2734375,1.734375,0.0234375,-0.12520644037889672,28,1712137667003
1360,-0.28125,1.771484375,-0.00390625,-0.12520644037889672,137,1712137667003
1360,-0.287109375,1.810546875,-0.021484375,-0.12520644037889672,289,1712137667003
1360,-0.29296875,1.84765625,-0.03125,-0.12520644037889672,300,1712137667003
1360,-0.298828125,1.884765625,-0.0234375,-0.12520644037889672,122,1712137667003
1360,-0.181640625,1.91796875,-0.287109375,-0.12520644037889672,112,1712137667003
1360,-0.310546875,1.943359375,-0.263671875,-0.12520644037889672,301,1712137667003
1360,-0.37890625,1.962890625,-0.30859375,-0.12520644037889672,391,1712137667003
1360,-0.38671875,1.998046875,-0.330078125,-0.12520644037889672,293,1712137667003
1360,-0.39453125,2.017578125,-0.431640625,-0.12520644037889672,114,1712137667003
1360,-0.53515625,1.8828125,-0.859375,-0.12520644037889672,31,1712137667003
1360,1.603515625,1.07421875,-0.91796875,0.0,15,1712137667003
1360,0.203125,2.166015625,-0.060546875,0.0,17,1712137667003
1360,-3.005859375,0.0,3.634765625,0.25041288075779344,17,1712137667003
1360,-3.03515625,0.0,3.583984375,0.25041288075779344,17,1712137667003
1360,1.537109375,1.2578125,-0.791015625,-0.12520644037889672,22,1712137667003
1361,-0.2734375,1.7265625,0.17578125,0.0,31,1712137667103
1361,-0.224609375,1.775390625,0.119140625,0.0,109,1712137667103
1361,-0.228515625,1.814453125,0.11328125,0.0,171,1712137667103
1361,-0.234375,1.853515625,0.1015625,0.0,126,1712137667103
1361,-0.298828125,1.884765625,0.0,0.0,16,1712137667103
1361,-0.244140625,1.927734375,-0.130859375,0.0,60,1712137667103
1361,-0.373046875,1.943359375,-0.158203125,0.0,126,1712137667103
1361,-0.37890625,1.98046875,-0.1640625,0.0,161,1712137667103
1361,-0.38671875,2.021484375,-0.130859375,0.0,111,1712137667103
1361,-0.458984375,2.025390625,-0.310546875,0.0,40,1712137667103
1361,-0.201171875,1.884765625,-0.98828125,0.0,20,1712137667103
1361,0.0,2.029296875,-0.78515625,0.0,21,1712137667103
1361,-0.28125,1.75390625,0.25,0.12520644037889672,21,1712137667103
1361,-0.228515625,1.798828125,0.267578125,0.12520644037889672,34,1712137667103
1361,-0.234375,1.828125,0.318359375,0.12520644037889672,25,1712137667103
1361,0.0,1.83984375,-0.505859375,0.12520644037889672,23,1712137667103
1361,-0.060546875,1.919921875,-0.318359375,0.12520644037889672,70,1712137667103
1361,-0.0625,1.9609375,-0.298828125,0.12520644037889672,86,1712137667103
1361,0.0,1.998046875,-0.318359375,0.12520644037889672,61,1712137667103
1361,-0.06640625,1.99609375,-0.759765625,0.12520644037889672,46,1712137667103
1361,0.0,2.04296875,-0.75,0.12520644037889672,46,1712137667103
1361,0.0,2.064453125,-0.80078125,0.12520644037889672,28,1712137667103
1361,-0.12109375,1.9296875,-0.220703125,0.25041288075779344,24,1712137667103
1361,-0.0625,1.978515625,-0.146484375,0.25041288075779344,32,1712137667103
1361,0.0,2.048828125,-0.607421875,0.25041288075779344,41,1712137667103
1361,-0.068359375,2.068359375,-0.669921875,0.25041288075779344,43,1712137667103
1361,0.0,2.10546875,-0.68359375,0.25041288075779344,26,1712137667103
1361,-0.16796875,1.7734375,-0.22265625,-0.37561932113669017,46,1712137667103
1361,-0.171875,1.810546875,-0.23046875,-0.37561932113669017,74,1712137667103
1361,-0.17578125,1.845703125,-0.244140625,-0.37561932113669017,57,1712137667103
1361,-0.298828125,1.8828125,0.091796875,-0.37561932113669017,21,1712137667103
1361,-0.244140625,1.923828125,-0.16796875,-0.37561932113669017,24,1712137667103
1361,-3.626953125,0.0,-0.865234375,-0.37561932113669017,37,1712137667103
1361,-3.6640625,0.0,-0.818359375,-0.37561932113669017,36,1712137667103
1361,-0.21875,1.7421875,-0.05078125,-0.25041288075779344,56,1712137667103
1361,-0.224609375,1.77734375,-0.091796875,-0.25041288075779344,202,1712137667103
1361,-0.228515625,1.814453125,-0.109375,-0.25041288075779344,316,1712137667103
1361,-0.17578125,1.857421875,-0.12890625,-0.25041288075779344,233,1712137667103
1361,-0.23828125,1.892578125,-0.037109375,-0.25041288075779344,52,1712137667103
1361,-0.244140625,1.927734375,-0.1171875,-0.25041288075779344,99,1712137667103
1361,-0.373046875,1.900390625,-0.435546875,-0.25041288075779344,153,1712137667103
1361,-0.31640625,1.943359375,-0.466796875,-0.25041288075779344,181,1712137667103
1361,-0.322265625,1.994140625,-0.41015625,-0.25041288075779344,123,1712137667103
1361,-0.328125,1.9609375,-0.67578125,-0.25041288075779344,53,1712137667103
1361,-0.466796875,1.841796875,-0.98046875,-0.25041288075779344,27,1712137667103
1361,-3.587890625,0.0,-0.763671875,-0.25041288075779344,35,1712137667103
1361,-3.626953125,0.0,-0.7421875,-0.25041288075779344,55,1712137667103
1361,-3.6640625,0.0,-0.65625,-0.25041288075779344,48,1712137667103
1361,-0.21875,1.7421875,0.052734375,-0.12520644037889672,67,1712137667103
1361,-0.224609375,1.779296875,0.017578125,-0.12520644037889672,240,1712137667103
1361,-0.228515625,1.818359375,-0.001953125,-0.12520644037889672,376,1712137667103
1361,-0.234375,1.85546875,-0.017578125,-0.12520644037889672,272,1712137667103
1361,-0.1796875,1.88671875,-0.224609375,-0.12520644037889672,52,1712137667103
1361,-0.3046875,1.912109375,-0.208984375,-0.12520644037889672,121,1712137667103
1361,-0.310546875,1.91796875,-0.40234375,-0.12520644037889672,249,1712137667103
1361,-0.37890625,1.953125,-0.37109375,-0.12520644037889672,301,1712137667103
1361,-0.322265625,2.01171875,-0.314453125,-0.12520644037889672,203,1712137667103
1361,-0.328125,2.01953125,-0.470703125,-0.12520644037889672,73,1712137667103
1361,-0.466796875,1.830078125,-1.0,-0.12520644037889672,25,1712137667103
1361,1.4921875,1.17578125,0.19921875,0.0,11,1712137667103
1361,1.669921875,0.814453125,-1.056640625,-0.25041288075779344,14,1712137667103
1361,1.669921875,1.033203125,-0.845703125,-0.12520644037889672,16,1712137667103
1362,-0.16796875,1.787109375,0.01171875,0.0,25,1712137667203
1362,-0.228515625,1.818359375,0.01953125,0.0,26,1712137667203
1362,-0.17578125,1.849609375,-0.2109375,0.0,16,1712137667203
1362,-0.060546875,1.87890625,-0.330078125,0.0,40,1712137667203
1362,-0.12109375,1.919921875,-0.302734375,0.0,114,1712137667203
1362,-0.248046875,1.939453125,-0.33984375,0.0,170,1712137667203
1362,-0.251953125,1.990234375,-0.265625,0.0,130,1712137667203
1362,-0.38671875,1.984375,0.400390625,0.0,43,1712137667203
1362,0.0,1.853515625,-0.98828125,0.0,27,1712137667203
1362,-0.1328125,2.0,-0.744140625,0.0,22,1712137667203
1362,0.0,1.88671875,-0.291015625,0.12520644037889672,36,1712137667203
1362,0.0,1.921875,-0.314453125,0.12520644037889672,81,1712137667203
1362,0.0,1.958984375,-0.3203125,0.12520644037889672,90,1712137667203
1362,0.0625,1.96875,-0.4609375,0.12520644037889672,64,1712137667203
1362,0.12890625,1.939453125,-0.689453125,0.12520644037889672,57,1712137667203
1362,0.06640625,1.96875,-0.7265625,0.12520644037889672,50,1712137667203
1362,0.0,2.017578125,-0.70703125,0.12520644037889672,40,1712137667203
1362,0.068359375,2.060546875,-0.6953125,0.12520644037889672,30,1712137667203
1362,0.0,1.94140625,-0.134765625,0.25041288075779344,28,1712137667203
1362,0.0,1.98046875,-0.138671875,0.25041288075779344,31,1712137667203
1362,0.0625,1.982421875,-0.40234375,0.25041288075779344,28,1712137667203
1362,0.12890625,1.966796875,-0.60546875,0.25041288075779344,37,1712137667203
1362,0.06640625,1.9921875,-0.658203125,0.25041288075779344,36,1712137667203
1362,0.0,2.046875,-0.615234375,0.25041288075779344,36,1712137667203
1362,0.0,2.080078125,-0.638671875,0.25041288075779344,35,1712137667203
1362,0.0,2.119140625,-0.64453125,0.25041288075779344,26,1712137667203
1362,-0.1640625,1.728515625,-0.255859375,-0.37561932113669017,54,1712137667203
1362,-0.111328125,1.7734375,-0.255859375,-0.37561932113669017,144,1712137667203
1362,-0.115234375,1.8125,-0.25,-0.37561932113669017,186,1712137667203
1362,-0.1171875,1.8515625,-0.244140625,-0.37561932113669017,121,1712137667203
1362,-0.119140625,1.892578125,-0.208984375,-0.37561932113669017,65,1712137667203
1362,-0.12109375,1.919921875,-0.30078125,-0.37561932113669017,77,1712137667203
1362,-0.185546875,1.935546875,-0.3984375,-0.37561932113669017,55,1712137667203
1362,-0.31640625,1.9375,-0.4921875,-0.37561932113669017,26,1712137667203
1362,-0.109375,1.74609375,-0.150390625,-0.25041288075779344,109,1712137667203
1362,-0.16796875,1.78125,-0.142578125,-0.25041288075779344,292,1712137667203
1362,-0.171875,1.818359375,-0.14453125,-0.25041288075779344,365,1712137667203
1362,-0.1171875,1.861328125,-0.1484375,-0.25041288075779344,234,1712137667203
1362,-0.119140625,1.89453125,-0.1953125,-0.25041288075779344,151,1712137667203
1362,-0.181640625,1.896484375,-0.3984375,-0.25041288075779344,215,1712137667203
1362,-0.185546875,1.90625,-0.525390625,-0.25041288075779344,247,1712137667203
1362,-0.251953125,1.939453125,-0.517578125,-0.25041288075779344,178,1712137667203
1362,-0.2578125,2.0234375,-0.30078125,-0.25041288075779344,52,1712137667203
1362,-0.466796875,1.939453125,-0.76953125,-0.25041288075779344,21,1712137667203
1362,-0.1640625,1.748046875,-0.060546875,-0.12520644037889672,69,1712137667203
1362,-0.16796875,1.78515625,-0.033203125,-0.12520644037889672,181,1712137667203
1362,-0.171875,1.82421875,-0.037109375,-0.12520644037889672,223,1712137667203
1362,-0.17578125,1.861328125,-0.078125,-0.12520644037889672,142,1712137667203
1362,-0.060546875,1.880859375,-0.318359375,-0.12520644037889672,150,1712137667203
1362,-0.12109375,1.88671875,-0.462890625,-0.12520644037889672,303,1712137667203
1362,-0.185546875,1.923828125,-0.453125,-0.12520644037889672,398,1712137667203
1362,-0.251953125,1.9609375,-0.4296875,-0.12520644037889672,284,1712137667203
1362,-0.2578125,2.03515625,-0.20703125,-0.12520644037889672,85,1712137667203
1362,-0.39453125,1.916015625,-0.76171875,-0.12520644037889672,27,1712137667203
1362,-0.466796875,1.982421875,-0.65234375,-0.12520644037889672,35,1712137667203
1362,0.2578125,1.48828125,-1.40234375,0.0,39,1712137667203
1363,-0.1640625,1.7421875,0.138671875,0.0,27,1712137667304
1363,-0.16796875,1.783203125,0.115234375,0.0,32,1712137667304
1363,-0.171875,1.82421875,0.0625,0.0,19,1712137667304
1363,-0.1796875,1.849609375,-0.43359375,0.0,21,1712137667304
1363,-0.181640625,1.91796875,-0.27734375,0.0,63,1712137667304
1363,-0.248046875,1.955078125,-0.240234375,0.0,84,1712137667304
1363,-0.251953125,2.001953125,-0.154296875,0.0,61,1712137667304
1363,-0.193359375,2.046875,0.138671875,0.0,20,1712137667304
1363,0.197265625,2.0234375,0.525390625,0.0,21,1712137667304
1363,-0.6015625,1.896484375,-0.78125,0.0,19,1712137667304
1363,0.06640625,2.0,-0.634765625,0.12520644037889672,39,1712137667304
1363,0.0,1.998046875,-0.763671875,0.12520644037889672,42,1712137667304
1363,-0.13671875,1.958984375,-0.9375,0.12520644037889672,43,1712137667304
1363,-0.068359375,1.990234375,-0.96875,0.12520644037889672,38,1712137667304
1363,0.064453125,1.8828125,-0.8359375,0.25041288075779344,20,1712137667304
1363,0.06640625,1.986328125,-0.67578125,0.25041288075779344,38,1712137667304
1363,0.0,2.025390625,-0.685546875,0.25041288075779344,47,1712137667304
1363,-0.13671875,2.001953125,-0.83984375,0.25041288075779344,50,1712137667304
1363,-0.138671875,2.021484375,-0.892578125,0.25041288075779344,43,1712137667304
1363,-0.2109375,2.01953125,-0.9765625,0.25041288075779344,20,1712137667304
1363,0.0,2.05078125,-0.607421875,0.37561932113669017,19,1712137667304
1363,-0.13671875,2.025390625,-0.783203125,0.37561932113669017,21,1712137667304
1363,-0.109375,1.720703125,-0.337890625,-0.5008257615155869,32,1712137667304
1363,-0.111328125,1.751953125,-0.375,-0.5008257615155869,38,1712137667304
1363,-0.107421875,1.705078125,-0.1875,-0.37561932113669017,65,1712137667304
1363,-0.109375,1.73828125,-0.23046875,-0.37561932113669017,185,1712137667304
1363,-0.111328125,1.771484375,-0.26171875,-0.37561932113669017,241,1712137667304
1363,-0.056640625,1.8046875,-0.314453125,-0.37561932113669017,135,1712137667304
1363,-0.234375,1.830078125,-0.3125,-0.37561932113669017,32,1712137667304
1363,0.060546875,1.90625,0.09765625,-0.37561932113669017,34,1712137667304
1363,-0.310546875,1.822265625,-0.724609375,-0.37561932113669017,27,1712137667304
1363,-0.31640625,1.880859375,-0.67578125,-0.37561932113669017,28,1712137667304
1363,0.0,2.505859375,-1.126953125,-0.37561932113669017,29,1712137667304
1363,3.4765625,0.759765625,-0.462890625,-0.37561932113669017,21,1712137667304
1363,3.513671875,0.6484375,-0.623046875,-0.37561932113669017,26,1712137667304
1363,-0.052734375,1.712890625,-0.123046875,-0.25041288075779344,80,1712137667304
1363,-0.109375,1.748046875,-0.134765625,-0.25041288075779344,235,1712137667304
1363,-0.111328125,1.783203125,-0.15625,-0.25041288075779344,313,1712137667304
1363,-0.115234375,1.818359375,-0.197265625,-0.25041288075779344,197,1712137667304
1363,-0.234375,1.83984375,-0.2421875,-0.25041288075779344,52,1712137667304
1363,-0.298828125,1.796875,-0.572265625,-0.25041288075779344,50,1712137667304
1363,-0.244140625,1.84375,-0.57421875,-0.25041288075779344,101,1712137667304
1363,-0.248046875,1.8984375,-0.525390625,-0.25041288075779344,141,1712137667304
1363,-0.251953125,1.9453125,-0.498046875,-0.25041288075779344,117,1712137667304
1363,-0.2578125,2.009765625,-0.384765625,-0.25041288075779344,55,1712137667304
1363,-0.0859375,2.142578125,-1.71875,-0.25041288075779344,30,1712137667304
1363,0.0,2.369140625,-1.466796875,-0.25041288075779344,26,1712137667304
1363,-0.16015625,1.708984375,-0.068359375,-0.12520644037889672,25,1712137667304
1363,-0.109375,1.751953125,-0.0703125,-0.12520644037889672,77,1712137667304
1363,-0.111328125,1.7890625,-0.07421875,-0.12520644037889672,107,1712137667304
1363,-0.115234375,1.826171875,-0.0859375,-0.12520644037889672,74,1712137667304
1363,-0.234375,1.853515625,-0.08203125,-0.12520644037889672,23,1712137667304
1363,-0.23828125,1.818359375,-0.52734375,-0.12520644037889672,48,1712137667304
1363,-0.244140625,1.8828125,-0.435546875,-0.12520644037889672,132,1712137667304
1363,-0.185546875,1.939453125,-0.380859375,-0.12520644037889672,180,1712137667304
1363,-0.251953125,1.978515625,-0.333984375,-0.12520644037889672,135,1712137667304
1363,-0.2578125,2.044921875,-0.029296875,-0.12520644037889672,48,1712137667304
1363,-0.39453125,1.6875,-1.185546875,-0.12520644037889672,23,1712137667304
1363,-0.466796875,1.923828125,-0.806640625,-0.12520644037889672,33,1712137667304
1363,0.0,1.916015625,-1.970703125,-0.12520644037889672,22,1712137667304
1363,0.0,2.396484375,-1.421875,-0.12520644037889672,30,1712137667304
1363,-0.525390625,1.634765625,-1.208984375,0.0,19,1712137667304
1363,0.201171875,0.0,-2.13671875,0.0,18,1712137667304
1363,-0.994140625,0.0,1.58984375,-0.37561932113669017,17,1712137667304
1364,0.0,1.712890625,0.12109375,0.0,20,1712137667404
1364,-0.0546875,1.75390625,0.052734375,0.0,40,1712137667404
1364,0.0,1.794921875,-0.025390625,0.0,38,1712137667404
1364,0.0,1.83203125,0.013671875,0.0,28,1712137667404
1364,0.0,1.87109375,0.02734375,0.0,38,1712137667404
1364,-0.1796875,1.89453125,-0.150390625,0.0,44,1712137667404
1364,-0.244140625,1.9140625,-0.255859375,0.0,86,1712137667404
1364,-0.185546875,1.962890625,-0.224609375,0.0,90,1712137667404
1364,-0.251953125,2.0,-0.171875,0.0,46,1712137667404
1364,-0.169921875,2.365234375,-1.314453125,0.0,20,1712137667404
1364,-0.0859375,2.53515625,-1.060546875,0.0,39,1712137667404
1364,-0.087890625,2.62109375,-0.94140625,0.0,38,1712137667404
1364,-0.17578125,2.697265625,-0.8203125,0.0,20,1712137667404
1364,-4.046875,0.0,-0.7421875,0.12520644037889672,24,1712137667404
1364,3.95703125,0.7734375,-0.654296875,0.12520644037889672,28,1712137667404
1364,3.994140625,0.814453125,-0.619140625,0.12520644037889672,19,1712137667404
1364,-4.046875,0.0,-0.427734375,0.25041288075779344,21,1712137667404
1364,3.95703125,0.97265625,-0.287109375,0.25041288075779344,23,1712137667404
1364,0.0,1.701171875,-0.236328125,-0.37561932113669017,29,1712137667404
1364,0.0,1.732421875,-0.28125,-0.37561932113669017,55,1712137667404
1364,0.0,1.763671875,-0.328125,-0.37561932113669017,48,1712137667404
1364,0.0,1.8515625,-0.267578125,-0.37561932113669017,28,1712137667404
1364,-0.060546875,1.888671875,-0.2734375,-0.37561932113669017,33,1712137667404
1364,-0.181640625,1.828125,-0.64453125,-0.37561932113669017,36,1712137667404
1364,-0.185546875,1.84765625,-0.69921875,-0.37561932113669017,35,1712137667404
1364,-0.251953125,1.884765625,-0.689453125,-0.37561932113669017,22,1712137667404
1364,0.0,1.7109375,-0.14453125,-0.25041288075779344,77,1712137667404
1364,0.0,1.748046875,-0.171875,-0.25041288075779344,152,1712137667404
1364,0.0,1.783203125,-0.203125,-0.25041288075779344,133,1712137667404
1364,0.0,1.814453125,-0.25390625,-0.25041288075779344,57,1712137667404
1364,0.0,1.861328125,-0.181640625,-0.25041288075779344,94,1712137667404
1364,-0.060546875,1.88671875,-0.283203125,-0.25041288075779344,106,1712137667404
1364,-0.12109375,1.87890625,-0.494140625,-0.25041288075779344,156,1712137667404
1364,-0.185546875,1.916015625,-0.486328125,-0.25041288075779344,161,1712137667404
1364,-0.189453125,1.95703125,-0.48046875,-0.25041288075779344,90,1712137667404
1364,-0.2578125,2.005859375,-0.39453125,-0.25041288075779344,30,1712137667404
1364,0.0,1.935546875,-1.896484375,-0.25041288075779344,30,1712137667404
1364,0.0,2.255859375,-1.572265625,-0.25041288075779344,61,1712137667404
1364,-0.087890625,2.42578125,-1.369140625,-0.25041288075779344,66,1712137667404
1364,-0.087890625,2.576171875,-1.154296875,-0.25041288075779344,35,1712137667404
1364,0.0,1.71875,-0.021484375,-0.12520644037889672,63,1712137667404
1364,-0.0546875,1.75390625,-0.0703125,-0.12520644037889672,127,1712137667404
1364,0.0,1.791015625,-0.099609375,-0.12520644037889672,116,1712137667404
1364,0.0,1.828125,-0.11328125,-0.12520644037889672,63,1712137667404
1364,0.0,1.869140625,-0.080078125,-0.12520644037889672,95,1712137667404
1364,-0.119140625,1.892578125,-0.208984375,-0.12520644037889672,110,1712137667404
1364,-0.181640625,1.908203125,-0.341796875,-0.12520644037889672,189,1712137667404
1364,-0.185546875,1.947265625,-0.333984375,-0.12520644037889672,194,1712137667404
1364,-0.189453125,1.994140625,-0.291015625,-0.12520644037889672,104,1712137667404
1364,-0.193359375,2.052734375,-0.03125,-0.12520644037889672,27,1712137667404
1364,0.0,2.291015625,-1.447265625,-0.12520644037889672,39,1712137667404
1364,0.0,2.44140625,-1.263671875,-0.12520644037889672,76,1712137667404
1364,-0.087890625,2.564453125,-1.087890625,-0.12520644037889672,78,1712137667404
1364,-0.17578125,2.6953125,-0.828125,-0.12520644037889672,40,1712137667404
1364,-2.552734375,0.0,3.55859375,0.25041288075779344,12,1712137667404
1365,0.0,1.712890625,-0.126953125,0.0,49,1712137667505
1365,0.0,1.75,-0.138671875,0.0,91,1712137667505
1365,0.0,1.7890625,-0.142578125,0.0,92,1712137667505
1365,0.0,1.828125,-0.12890625,0.0,71,1712137667505
1365,0.0,1.861328125,-0.1796875,0.0,87,1712137667505
1365,-0.119140625,1.8828125,-0.28515625,0.0,144,1712137667505
1365,-0.181640625,1.912109375,-0.314453125,0.0,169,1712137667505
1365,-0.125,1.962890625,-0.2734375,0.0,117,1712137667505
1365,-0.126953125,2.017578125,-0.0625,0.0,35,1712137667505
1365,-0.38671875,1.916015625,-0.654296875,0.0,17,1712137667505
1365,-0.328125,1.98828125,-0.58984375,0.0,26,1712137667505
1365,-0.333984375,2.0703125,-0.412109375,0.0,19,1712137667505
1365,0.0,1.716796875,-0.056640625,0.12520644037889672,18,1712137667505
1365,0.0,1.755859375,-0.02734375,0.12520644037889672,33,1712137667505
1365,0.0,1.794921875,-0.029296875,0.12520644037889672,30,1712137667505
1365,0.0,1.83203125,0.005859375,0.12520644037889672,19,1712137667505
1365,0.1171875,1.8671875,0.01953125,0.12520644037889672,13,1712137667505
1365,0.23828125,1.888671875,-0.146484375,0.12520644037889672,23,1712137667505
1365,0.244140625,1.92578125,-0.16015625,0.12520644037889672,36,1712137667505
1365,-0.119140625,1.75,-0.755859375,-0.37561932113669017,31,1712137667505
1365,-0.12109375,1.818359375,-0.68359375,-0.37561932113669017,46,1712137667505
1365,-0.185546875,1.86328125,-0.658203125,-0.37561932113669017,32,1712137667505
1365,0.052734375,1.681640625,-0.341796875,-0.25041288075779344,43,1712137667505
1365,0.0546875,1.71875,-0.35546875,-0.25041288075779344,80,1712137667505
1365,0.056640625,1.755859375,-0.3671875,-0.25041288075779344,80,1712137667505
1365,0.056640625,1.796875,-0.3515625,-0.25041288075779344,63,1712137667505
1365,0.0,1.818359375,-0.4375,-0.25041288075779344,100,1712137667505
1365,-0.060546875,1.8359375,-0.517578125,-0.25041288075779344,202,1712137667505
1365,-0.12109375,1.873046875,-0.51953125,-0.25041288075779344,258,1712137667505
1365,-0.125,1.921875,-0.482421875,-0.25041288075779344,178,1712137667505
1365,-0.0625,1.998046875,-0.30859375,-0.25041288075779344,52,1712137667505
1365,-0.38671875,1.794921875,-0.939453125,-0.25041288075779344,20,1712137667505
1365,-0.328125,1.880859375,-0.873046875,-0.25041288075779344,29,1712137667505
1365,-0.333984375,1.919921875,-0.87890625,-0.25041288075779344,20,1712137667505
1365,0.0,1.666015625,-0.20703125,-0.12520644037889672,21,1712137667505
1365,0.052734375,1.701171875,-0.23828125,-0.12520644037889672,102,1712137667505
1365,0.0546875,1.736328125,-0.25,-0.12520644037889672,191,1712137667505
1365,0.056640625,1.775390625,-0.25390625,-0.12520644037889672,190,1712137667505
1365,0.0,1.81640625,-0.236328125,-0.12520644037889672,143,1712137667505
1365,0.0,1.849609375,-0.279296875,-0.12520644037889672,177,1712137667505
1365,-0.060546875,1.873046875,-0.3671875,-0.12520644037889672,295,1712137667505
1365,-0.12109375,1.90625,-0.375,-0.12520644037889672,353,1712137667505
1365,-0.125,1.951171875,-0.34375,-0.12520644037889672,241,1712137667505
1365,-0.126953125,2.01171875,-0.1640625,-0.12520644037889672,71,1712137667505
1365,-0.38671875,1.833984375,-0.859375,-0.12520644037889672,33,1712137667505
1365,-0.26171875,1.955078125,-0.71875,-0.12520644037889672,50,1712137667505
1365,-0.267578125,2.001953125,-0.701171875,-0.12520644037889672,35,1712137667505
1365,-0.41796875,1.396484375,-1.232421875,0.12520644037889672,15,1712137667505
1365,-0.365234375,1.47265625,-1.21875,0.12520644037889672,24,1712137667505
1366,0.0546875,1.73828125,-0.2421875,0.0,21,1712137667605
1366,0.111328125,1.759765625,-0.33203125,0.0,14,1712137667605
1366,0.17578125,1.826171875,-0.361328125,0.0,28,1712137667605
1366,0.1796875,1.8359375,-0.4921875,0.0,58,1712137667605
1366,0.12109375,1.890625,-0.453125,0.0,72,1712137667605
1366,0.125,1.9453125,-0.380859375,0.0,48,1712137667605
1366,-0.322265625,1.92578125,-0.6640625,0.0,19,1712137667605
1366,-0.328125,2.021484375,-0.462890625,0.0,18,1712137667605
1366,0.107421875,1.712890625,-0.060546875,0.12520644037889672,37,1712137667605
1366,0.109375,1.748046875,-0.12890625,0.12520644037889672,64,1712137667605
1366,0.056640625,1.78125,-0.21484375,0.12520644037889672,41,1712137667605
1366,0.234375,1.8359375,0.275390625,0.12520644037889672,23,1712137667605
1366,-0.1796875,1.900390625,-0.0234375,0.12520644037889672,39,1712137667605
1366,-0.060546875,1.9453125,0.021484375,0.12520644037889672,53,1712137667605
1366,0.0,1.984375,-0.015625,0.12520644037889672,34,1712137667605
1366,0.109375,1.751953125,0.0390625,0.25041288075779344,23,1712137667605
1366,0.1796875,1.73828125,-0.767578125,-0.25041288075779344,33,1712137667605
1366,0.12109375,1.81640625,-0.69140625,-0.25041288075779344,42,1712137667605
1366,0.107421875,1.671875,-0.37890625,-0.12520644037889672,18,1712137667605
1366,0.109375,1.708984375,-0.392578125,-0.12520644037889672,30,1712137667605
1366,0.056640625,1.73046875,-0.47265625,-0.12520644037889672,20,1712137667605
1366,0.05859375,1.796875,-0.517578125,-0.12520644037889672,35,1712137667605
1366,0.060546875,1.837890625,-0.51171875,-0.12520644037889672,106,1712137667605
1366,0.060546875,1.88671875,-0.478515625,-0.12520644037889672,135,1712137667605
1366,0.125,1.9375,-0.416015625,-0.12520644037889672,81,1712137667605
1366,-0.2578125,1.900390625,-0.755859375,-0.12520644037889672,37,1712137667605
1366,-0.26171875,1.994140625,-0.60546875,-0.12520644037889672,35,1712137667605
1366,0.0,2.443359375,-1.341796875,-0.12520644037889672,23,1712137667605
1366,0.4765625,1.076171875,-1.501953125,0.12520644037889672,24,1712137667605
1366,-0.955078125,1.01171875,1.306640625,-0.25041288075779344,17,1712137667605
1366,-0.486328125,1.759765625,0.677734375,-0.25041288075779344,22,1712137667605
1367,0.21484375,1.68359375,-0.267578125,0.0,34,1712137667706
1367,0.2734375,1.716796875,-0.2421875,0.0,64,1712137667706
1367,0.28125,1.755859375,-0.240234375,0.0,73,1712137667706
1367,0.171875,1.8125,-0.208984375,0.0,59,1712137667706
1367,0.0,1.84765625,-0.29296875,0.0,87,1712137667706
1367,0.0,1.8828125,-0.3125,0.0,143,1712137667706
1367,0.060546875,1.923828125,-0.29296875,0.0,142,1712137667706
1367,0.185546875,1.935546875,-0.3984375,0.0,103,1712137667706
1367,0.251953125,1.955078125,-0.458984375,0.0,55,1712137667706
1367,0.193359375,2.01953125,-0.36328125,0.0,17,1712137667706
1367,0.158203125,1.662109375,-0.193359375,0.12520644037889672,18,1712137667706
1367,0.21484375,1.697265625,-0.166015625,0.12520644037889672,62,1712137667706
1367,0.2734375,1.728515625,-0.1484375,0.12520644037889672,118,1712137667706
1367,0.224609375,1.775390625,-0.130859375,0.12520644037889672,132,1712137667706
1367,0.228515625,1.814453125,-0.103515625,0.12520644037889672,96,1712137667706
1367,0.234375,1.849609375,-0.154296875,0.12520644037889672,54,1712137667706
1367,0.23828125,1.8671875,-0.318359375,0.12520644037889672,74,1712137667706
1367,0.3046875,1.8828125,-0.39453125,0.12520644037889672,133,1712137667706
1367,0.248046875,1.927734375,-0.408203125,0.12520644037889672,157,1712137667706
1367,0.251953125,1.96484375,-0.412109375,0.12520644037889672,100,1712137667706
1367,0.2578125,1.984375,-0.494140625,0.12520644037889672,33,1712137667706
1367,0.21484375,1.703125,-0.06640625,0.25041288075779344,33,1712137667706
1367,0.21875,1.7421875,-0.046875,0.25041288075779344,61,1712137667706
1367,0.224609375,1.779296875,-0.02734375,0.25041288075779344,69,1712137667706
1367,0.171875,1.82421875,0.0234375,0.25041288075779344,50,1712137667706
1367,0.17578125,1.861328125,0.017578125,0.25041288075779344,28,1712137667706
1367,0.23828125,1.8828125,-0.2109375,0.25041288075779344,35,1712137667706
1367,0.3046875,1.90234375,-0.279296875,0.25041288075779344,68,1712137667706
1367,0.310546875,1.939453125,-0.28515625,0.25041288075779344,84,1712137667706
1367,0.251953125,1.98828125,-0.271484375,0.25041288075779344,55,1712137667706
1367,0.2578125,2.00390625,-0.41015625,0.25041288075779344,20,1712137667706
1367,0.0,1.759765625,-0.634765625,-0.25041288075779344,63,1712137667706
1367,0.0,1.806640625,-0.6171875,-0.25041288075779344,120,1712137667706
1367,0.0,1.857421875,-0.5859375,-0.25041288075779344,113,1712137667706
1367,0.0625,1.9140625,-0.525390625,-0.25041288075779344,53,1712137667706
1367,0.0,1.755859375,-0.521484375,-0.12520644037889672,29,1712137667706
1367,0.0,1.794921875,-0.5234375,-0.12520644037889672,139,1712137667706
1367,0.0,1.841796875,-0.498046875,-0.12520644037889672,273,1712137667706
1367,0.0,1.892578125,-0.458984375,-0.12520644037889672,260,1712137667706
1367,0.0625,1.9453125,-0.38671875,-0.12520644037889672,124,1712137667706
1367,0.0,1.986328125,-0.38671875,-0.12520644037889672,23,1712137667706
1367,-0.515625,1.46484375,1.35546875,0.12520644037889672,17,1712137667706
1368,0.322265625,1.66015625,-0.306640625,0.0,36,1712137667806
1368,0.2734375,1.7109375,-0.28515625,0.0,64,1712137667806
1368,0.3359375,1.736328125,-0.3046875,0.0,63,1712137667806
1368,0.34375,1.779296875,-0.267578125,0.0,29,1712137667806
1368,0.0,1.875,-0.357421875,0.0,26,1712137667806
1368,0.0,1.947265625,0.03515625,0.0,30,1712137667806
1368,0.373046875,1.83203125,-0.666015625,0.0,66,1712137667806
1368,0.37890625,1.884765625,-0.62890625,0.0,57,1712137667806
1368,0.38671875,1.9453125,-0.5625,0.0,21,1712137667806
1368,0.267578125,1.685546875,-0.19140625,0.12520644037889672,67,1712137667806
1368,0.330078125,1.7109375,-0.212890625,0.12520644037889672,120,1712137667806
1368,0.28125,1.763671875,-0.173828125,0.12520644037889672,116,1712137667806
1368,0.34375,1.794921875,-0.130859375,0.12520644037889672,51,1712137667806
1368,0.1171875,1.822265625,-0.404296875,0.12520644037889672,38,1712137667806
1368,0.119140625,1.8828125,-0.28515625,0.12520644037889672,52,1712137667806
1368,0.486328125,1.75,-0.69921875,0.12520644037889672,50,1712137667806
1368,0.373046875,1.875,-0.533203125,0.12520644037889672,125,1712137667806
1368,0.31640625,1.9296875,-0.51953125,0.12520644037889672,108,1712137667806
1368,0.2578125,1.986328125,-0.490234375,0.12520644037889672,40,1712137667806
1368,0.34375,2.7265625,0.021484375,0.12520644037889672,25,1712137667806
1368,0.267578125,1.693359375,-0.111328125,0.25041288075779344,39,1712137667806
1368,0.2734375,1.732421875,-0.08984375,0.25041288075779344,71,1712137667806
1368,0.28125,1.771484375,-0.078125,0.25041288075779344,71,1712137667806
1368,0.34375,1.798828125,-0.052734375,0.25041288075779344,36,1712137667806
1368,0.365234375,1.8671875,-0.4140625,0.25041288075779344,49,1712137667806
1368,0.310546875,1.923828125,-0.375,0.25041288075779344,99,1712137667806
1368,0.31640625,1.962890625,-0.375,0.25041288075779344,82,1712137667806
1368,0.2578125,2.015625,-0.34375,0.25041288075779344,29,1712137667806
1368,0.310546875,1.947265625,-0.2265625,0.37561932113669017,20,1712137667806
1368,0.05859375,1.765625,-0.61328125,-0.25041288075779344,19,1712137667806
1368,0.0,1.826171875,-0.556640625,-0.25041288075779344,27,1712137667806
1368,0.0,1.806640625,-0.486328125,-0.12520644037889672,41,1712137667806
1368,0.0,1.859375,-0.427734375,-0.12520644037889672,58,1712137667806
1368,0.0,1.916015625,-0.349609375,-0.12520644037889672,41,1712137667806
1368,0.42578125,1.71484375,-0.818359375,0.0,28,1712137667806
1368,-0.38671875,1.126953125,1.681640625,0.0,14,1712137667806
1368,-0.181640625,1.74609375,0.841796875,0.12520644037889672,35,1712137667806
1369,0.2734375,1.673828125,-0.45703125,0.0,30,1712137667907
1369,0.28125,1.73046875,-0.37890625,0.0,54,1712137667907
1369,0.34375,1.77734375,-0.283203125,0.0,47,1712137667907
1369,0.3515625,1.837890625,0.00390625,0.0,22,1712137667907
1369,0.119140625,1.890625,-0.232421875,0.0,13,1712137667907
1369,0.181640625,1.927734375,-0.19921875,0.0,16,1712137667907
1369,0.328125,1.89453125,-0.84375,0.0,13,1712137667907
1369,0.1328125,2.029296875,-0.66015625,0.0,16,1712137667907
1369,0.0,2.083984375,-0.626953125,0.0,19,1712137667907
1369,0.0,2.1328125,-0.59375,0.0,18,1712137667907
1369,0.26171875,2.7734375,-0.048828125,0.0,14,1712137667907
1369,0.265625,2.798828125,-0.279296875,0.0,12,1712137667907
1369,0.2734375,1.70703125,-0.310546875,0.12520644037889672,55,1712137667907
1369,0.3359375,1.744140625,-0.251953125,0.12520644037889672,104,1712137667907
1369,0.287109375,1.798828125,-0.193359375,0.12520644037889672,101,1712137667907
1369,0.17578125,1.857421875,-0.12890625,0.12520644037889672,69,1712137667907
1369,0.119140625,1.904296875,-0.068359375,0.12520644037889672,54,1712137667907
1369,0.0,1.94140625,0.146484375,0.12520644037889672,32,1712137667907
1369,0.43359375,1.826171875,-0.642578125,0.12520644037889672,34,1712137667907
1369,0.37890625,1.923828125,-0.5,0.12520644037889672,43,1712137667907
1369,0.322265625,1.958984375,-0.556640625,0.12520644037889672,33,1712137667907
1369,0.39453125,1.94921875,-0.671875,0.12520644037889672,24,1712137667907
1369,0.400390625,2.001953125,-0.634765625,0.12520644037889672,21,1712137667907
1369,0.26171875,2.775390625,0.009765625,0.12520644037889672,20,1712137667907
1369,0.2734375,1.705078125,-0.3203125,0.25041288075779344,29,1712137667907
1369,0.28125,1.765625,-0.154296875,0.25041288075779344,53,1712137667907
1369,0.287109375,1.80859375,-0.087890625,0.25041288075779344,50,1712137667907
1369,0.234375,1.85546875,-0.001953125,0.25041288075779344,36,1712137667907
1369,0.119140625,1.90234375,0.099609375,0.25041288075779344,26,1712137667907
1369,0.373046875,1.900390625,-0.435546875,0.25041288075779344,28,1712137667907
1369,0.37890625,1.94140625,-0.423828125,0.25041288075779344,36,1712137667907
1369,0.38671875,1.978515625,-0.43359375,0.25041288075779344,27,1712137667907
1369,0.328125,2.021484375,-0.466796875,0.25041288075779344,17,1712137667907
1369,0.05859375,1.787109375,-0.548828125,-0.25041288075779344,18,1712137667907
1369,0.060546875,1.8359375,-0.517578125,-0.25041288075779344,23,1712137667907
1369,0.0,2.0078125,-0.8359375,-0.25041288075779344,21,1712137667907
1369,-0.068359375,2.037109375,-0.8671875,-0.25041288075779344,22,1712137667907
1369,0.115234375,1.7734375,-0.4453125,-0.12520644037889672,18,1712137667907
1369,0.05859375,1.810546875,-0.46484375,-0.12520644037889672,43,1712137667907
1369,0.060546875,1.86328125,-0.412109375,-0.12520644037889672,54,1712137667907
1369,0.060546875,1.91015625,-0.373046875,-0.12520644037889672,36,1712137667907
1369,-0.068359375,2.06640625,-0.6796875,-0.12520644037889672,35,1712137667907
1369,0.0,2.07421875,-0.775390625,-0.12520644037889672,36,1712137667907
1369,2.51953125,0.0,3.07421875,-0.12520644037889672,21,1712137667907
1369,2.548828125,0.0,3.041015625,-0.12520644037889672,20,1712137667907
1369,-0.3515625,1.134765625,-1.4453125,0.0,16,1712137667907
1369,-0.23828125,1.630859375,-0.962890625,0.0,13,1712137667907
1369,-0.783203125,0.0,2.775390625,0.0,8,1712137667907
1369,-0.794921875,0.578125,2.6484375,0.0,8,1712137667907
1369,-0.248046875,1.73046875,0.939453125,0.12520644037889672,19,1712137667907
1369,-0.783203125,0.0,-2.728515625,0.12520644037889672,11,1712137667907
1369,-2.939453125,1.587890625,-0.349609375,-0.12520644037889672,16,1712137667907
1369,-2.97265625,1.58203125,-0.44921875,-0.12520644037889672,15,1712137667907
1370,0.267578125,1.677734375,-0.259765625,0.0,12,1712137668007
1370,0.330078125,1.7109375,-0.22265625,0.0,35,1712137668007
1370,0.3359375,1.75,-0.21484375,0.0,49,1712137668007
1370,0.400390625,1.78125,-0.16015625,0.0,30,1712137668007
1370,0.0,1.748046875,-0.66796875,0.0,22,1712137668007
1370,0.119140625,1.875,-0.33984375,0.0,33,1712137668007
1370,0.3046875,1.8828125,-0.39453125,0.0,37,1712137668007
1370,0.373046875,1.87890625,-0.51953125,0.0,62,1712137668007
1370,0.37890625,1.90625,-0.5625,0.0,73,1712137668007
1370,0.38671875,1.94140625,-0.57421875,0.0,44,1712137668007
1370,0.322265625,1.681640625,-0.12890625,0.12520644037889672,28,1712137668007
1370,0.330078125,1.720703125,-0.125,0.12520644037889672,77,1712137668007
1370,0.3359375,1.7578125,-0.115234375,0.12520644037889672,106,1712137668007
1370,0.34375,1.796875,-0.099609375,0.12520644037889672,76,1712137668007
1370,0.29296875,1.845703125,-0.064453125,0.12520644037889672,26,1712137668007
1370,0.365234375,1.89453125,-0.2578125,0.12520644037889672,47,1712137668007
1370,0.373046875,1.91015625,-0.396484375,0.12520644037889672,108,1712137668007
1370,0.37890625,1.9375,-0.443359375,0.12520644037889672,132,1712137668007
1370,0.38671875,1.978515625,-0.43359375,0.12520644037889672,81,1712137668007
1370,0.26171875,2.072265625,-0.220703125,0.12520644037889672,26,1712137668007
1370,0.271484375,1.90234375,-1.0234375,0.12520644037889672,18,1712137668007
1370,-3.607421875,2.140625,-0.826171875,0.12520644037889672,25,1712137668007
1370,0.330078125,1.724609375,-0.01171875,0.25041288075779344,32,1712137668007
1370,0.28125,1.771484375,0.044921875,0.25041288075779344,42,1712137668007
1370,0.287109375,1.80859375,0.05078125,0.25041288075779344,30,1712137668007
1370,0.373046875,1.9296875,-0.275390625,0.25041288075779344,56,1712137668007
1370,0.37890625,1.962890625,-0.3125,0.25041288075779344,72,1712137668007
1370,0.38671875,2.001953125,-0.30078125,0.25041288075779344,43,1712137668007
1370,0.1171875,1.75390625,-0.640625,-0.25041288075779344,21,1712137668007
1370,0.119140625,1.814453125,-0.58203125,-0.25041288075779344,23,1712137668007
1370,0.330078125,1.6953125,-0.31640625,-0.12520644037889672,15,1712137668007
1370,0.3359375,1.7265625,-0.357421875,-0.12520644037889672,22,1712137668007
1370,0.228515625,1.759765625,-0.4609375,-0.12520644037889672,31,1712137668007
1370,0.1171875,1.80078125,-0.490234375,-0.12520644037889672,53,1712137668007
1370,0.119140625,1.84375,-0.482421875,-0.12520644037889672,57,1712137668007
1370,0.12109375,1.88671875,-0.466796875,-0.12520644037889672,32,1712137668007
1370,-1.57421875,1.166015625,-0.75390625,0.12520644037889672,17,1712137668007
1371,0.330078125,1.708984375,-0.236328125,0.0,15,1712137668107
1371,0.3359375,1.75390625,-0.173828125,0.0,22,1712137668107
1371,0.287109375,1.791015625,-0.2578125,0.0,20,1712137668107
1371,0.234375,1.822265625,-0.349609375,0.0,21,1712137668107
1371,0.119140625,1.87890625,-0.314453125,0.0,19,1712137668107
1371,0.31640625,1.912109375,-0.58203125,0.0,29,1712137668107
1371,0.38671875,1.830078125,-0.869140625,0.0,22,1712137668107
1371,0.0,2.125,-0.240234375,0.0,20,1712137668107
1371,0.068359375,2.05859375,-0.703125,0.0,26,1712137668107
1371,0.138671875,2.0546875,-0.8125,0.0,15,1712137668107
1371,-3.7421875,1.681640625,-1.20703125,0.0,16,1712137668107
1371,-3.775390625,1.802734375,-1.0546875,0.0,18,1712137668107
1371,0.330078125,1.72265625,-0.0859375,0.12520644037889672,39,1712137668107
1371,0.392578125,1.75,-0.05078125,0.12520644037889672,54,1712137668107
1371,0.400390625,1.787109375,0.046875,0.12520644037889672,33,1712137668107
1371,0.37890625,1.94140625,-0.421875,0.12520644037889672,62,1712137668107
1371,0.38671875,1.9296875,-0.615234375,0.12520644037889672,50,1712137668107
1371,0.39453125,1.09375,-1.748046875,0.12520644037889672,21,1712137668107
1371,0.06640625,2.13671875,0.064453125,0.12520644037889672,16,1712137668107
1371,0.271484375,2.041015625,-0.701171875,0.12520644037889672,38,1712137668107
1371,0.20703125,2.03515625,-0.84765625,0.12520644037889672,29,1712137668107
1371,-3.607421875,2.130859375,-0.849609375,0.12520644037889672,30,1712137668107
1371,-3.640625,2.1640625,-0.822265625,0.12520644037889672,34,1712137668107
1371,0.28125,1.771484375,0.013671875,0.25041288075779344,20,1712137668107
1371,0.392578125,1.7421875,-0.169921875,-0.12520644037889672,16,1712137668107
1371,0.1171875,1.796875,-0.50390625,-0.12520644037889672,35,1712137668107
1371,0.1796875,1.830078125,-0.515625,-0.12520644037889672,39,1712137668107
1371,0.181640625,1.87109375,-0.50390625,-0.12520644037889672,27,1712137668107
1371,1.037109375,1.25390625,1.5,0.0,9,1712137668107
1371,-0.328125,2.021484375,0.466796875,0.12520644037889672,14,1712137668107
1371,-0.06640625,2.13671875,-0.01171875,0.12520644037889672,16,1712137668107
1372,0.466796875,1.333984375,1.603515625,0.0,17,1712137668158
1372,0.13671875,2.12890625,-0.4296875,0.0,20,1712137668158
1372,0.400390625,1.244140625,-1.69140625,0.12520644037889672,37,1712137668158
1372,0.408203125,1.365234375,-1.64453125,0.12520644037889672,33,1712137668158
1372,0.0,2.00390625,-0.626953125,-0.12520644037889672,17,1712137668158
1372,0.0,2.0546875,-0.59375,-0.12520644037889672,21,1712137668158
1372,-0.068359375,2.068359375,-0.673828125,-0.12520644037889672,25,1712137668158
1372,-0.068359375,2.0703125,-0.779296875,-0.12520644037889672,22,1712137668158
1372,-0.333984375,2.048828125,-0.509765625,0.0,15,1712137668158
1373,0.119140625,1.869140625,-0.37109375,0.0,10,1712137668258
1373,0.17578125,1.837890625,-0.298828125,0.12520644037889672,16,1712137668258
1373,0.23828125,1.869140625,-0.302734375,0.12520644037889672,23,1712137668258
1373,0.244140625,1.91015625,-0.287109375,0.12520644037889672,25,1712137668258
1373,0.17578125,1.791015625,-0.5078125,-0.12520644037889672,29,1712137668258
1373,0.23828125,1.826171875,-0.50390625,-0.12520644037889672,39,1712137668258
1373,0.244140625,1.869140625,-0.484375,-0.12520644037889672,38,1712137668258
1373,0.248046875,1.91796875,-0.451171875,-0.12520644037889672,25,1712137668258
1375,0.357421875,1.845703125,-0.326171875,0.0,19,1712137668458
1375,0.365234375,1.8828125,-0.337890625,0.0,21,1712137668458
1375,0.310546875,1.935546875,-0.310546875,0.0,14,1712137668458
1375,0.443359375,1.908203125,-0.505859375,0.0,13,1712137668458
1375,0.38671875,1.98046875,-0.41796875,0.0,12,1712137668458
1375,0.298828125,1.87109375,-0.236328125,0.12520644037889672,25,1712137668458
1375,0.244140625,1.91796875,-0.224609375,0.12520644037889672,25,1712137668458
1375,0.357421875,1.767578125,-0.626953125,-0.25041288075779344,21,1712137668458
1375,0.3046875,1.83203125,-0.583984375,-0.25041288075779344,21,1712137668458
1375,0.3515625,1.767578125,-0.501953125,-0.12520644037889672,29,1712137668458
1375,0.357421875,1.8125,-0.482421875,-0.12520644037889672,58,1712137668458
1375,0.365234375,1.857421875,-0.451171875,-0.12520644037889672,60,1712137668458
1375,0.310546875,1.923828125,-0.3828125,-0.12520644037889672,37,1712137668458
1375,0.443359375,1.890625,-0.5703125,-0.12520644037889672,34,1712137668458
1375,0.515625,1.892578125,-0.634765625,-0.12520644037889672,30,1712137668458
1376,0.384765625,1.693359375,-0.265625,0.0,32,1712137668558
1376,0.392578125,1.73828125,-0.216796875,0.0,40,1712137668558
1376,0.400390625,1.779296875,-0.18359375,0.0,28,1712137668558
1376,0.3515625,1.8359375,-0.087890625,0.0,21,1712137668558
1376,0.357421875,1.875,0.021484375,0.0,17,1712137668558
1376,0.43359375,1.875,-0.48828125,0.0,20,1712137668558
1376,0.37890625,1.94140625,-0.421875,0.0,36,1712137668558
1376,0.38671875,1.98046875,-0.423828125,0.0,28,1712137668558
1376,0.39453125,2.03515625,-0.33984375,0.0,14,1712137668558
1376,0.439453125,1.640625,-0.4453125,-0.25041288075779344,28,1712137668558
1376,0.44921875,1.681640625,-0.439453125,-0.25041288075779344,34,1712137668558
1376,0.458984375,1.736328125,-0.365234375,-0.25041288075779344,23,1712137668558
1376,0.443359375,1.8671875,-0.640625,-0.25041288075779344,29,1712137668558
1376,0.38671875,1.9296875,-0.6171875,-0.25041288075779344,23,1712137668558
1376,0.375,1.638671875,-0.349609375,-0.12520644037889672,24,1712137668558
1376,0.384765625,1.6796875,-0.341796875,-0.12520644037889672,62,1712137668558
1376,0.44921875,1.70703125,-0.318359375,-0.12520644037889672,77,1712137668558
1376,0.458984375,1.755859375,-0.259765625,-0.12520644037889672,53,1712137668558
1376,0.466796875,1.80859375,-0.091796875,-0.12520644037889672,36,1712137668558
1376,0.4765625,1.84765625,0.041015625,-0.12520644037889672,27,1712137668558
1376,0.43359375,1.83984375,-0.607421875,-0.12520644037889672,38,1712137668558
1376,0.443359375,1.8984375,-0.541015625,-0.12520644037889672,71,1712137668558
1376,0.38671875,1.955078125,-0.52734375,-0.12520644037889672,56,1712137668558
1376,0.39453125,1.95703125,-0.65234375,-0.12520644037889672,28,1712137668558
1377,0.375,1.669921875,-0.13671875,0.0,20,1712137668709
1377,0.439453125,1.689453125,-0.18359375,0.0,57,1712137668709
1377,0.392578125,1.7421875,-0.17578125,0.0,86,1712137668709
1377,0.34375,1.7890625,-0.19140625,0.0,68,1712137668709
1377,0.234375,1.8203125,-0.36328125,0.0,45,1712137668709
1377,0.298828125,1.853515625,-0.345703125,0.0,79,1712137668709
1377,0.244140625,1.900390625,-0.349609375,0.0,69,1712137668709
1377,0.185546875,1.95703125,-0.28125,0.0,29,1712137668709
1377,0.37890625,1.947265625,-0.400390625,0.0,26,1712137668709
1377,0.322265625,1.998046875,-0.39453125,0.0,17,1712137668709
1377,-3.607421875,2.279296875,-0.275390625,0.0,16,1712137668709
1377,-3.775390625,2.05859375,-0.35546875,0.0,16,1712137668709
1377,0.17578125,1.849609375,-0.2265625,0.12520644037889672,18,1712137668709
1377,0.23828125,1.875,-0.267578125,0.12520644037889672,25,1712137668709
1377,0.181640625,1.91796875,-0.275390625,0.12520644037889672,19,1712137668709
1377,0.4296875,1.62890625,-0.333984375,-0.25041288075779344,23,1712137668709
1377,0.384765625,1.673828125,-0.369140625,-0.25041288075779344,61,1712137668709
1377,0.44921875,1.693359375,-0.388671875,-0.25041288075779344,92,1712137668709
1377,0.400390625,1.740234375,-0.408203125,-0.25041288075779344,78,1712137668709
1377,0.234375,1.767578125,-0.568359375,-0.25041288075779344,39,1712137668709
1377,0.298828125,1.775390625,-0.63671875,-0.25041288075779344,66,1712137668709
1377,0.244140625,1.828125,-0.625,-0.25041288075779344,59,1712137668709
1377,0.248046875,1.892578125,-0.546875,-0.25041288075779344,28,1712137668709
1377,0.37890625,1.896484375,-0.59375,-0.25041288075779344,30,1712137668709
1377,0.38671875,1.923828125,-0.630859375,-0.25041288075779344,17,1712137668709
1377,0.4296875,1.638671875,-0.283203125,-0.12520644037889672,39,1712137668709
1377,0.384765625,1.689453125,-0.28515625,-0.12520644037889672,107,1712137668709
1377,0.392578125,1.724609375,-0.296875,-0.12520644037889672,161,1712137668709
1377,0.400390625,1.759765625,-0.3203125,-0.12520644037889672,134,1712137668709
1377,0.29296875,1.77734375,-0.50390625,-0.12520644037889672,95,1712137668709
1377,0.23828125,1.830078125,-0.490234375,-0.12520644037889672,157,1712137668709
1377,0.244140625,1.87109375,-0.482421875,-0.12520644037889672,137,1712137668709
1377,0.248046875,1.916015625,-0.45703125,-0.12520644037889672,58,1712137668709
1377,0.443359375,1.91015625,-0.498046875,-0.12520644037889672,49,1712137668709
1377,0.38671875,1.9609375,-0.50390625,-0.12520644037889672,30,1712137668709
1377,-3.607421875,2.166015625,-0.7578125,-0.12520644037889672,28,1712137668709
1377,-3.775390625,1.953125,-0.73828125,-0.12520644037889672,28,1712137668709
1377,-1.482421875,1.345703125,-0.494140625,-0.25041288075779344,9,1712137668709
1378,0.322265625,1.6796875,-0.166015625,0.0,19,1712137668810
1378,0.330078125,1.72265625,-0.09375,0.0,43,1712137668810
1378,0.3359375,1.76171875,-0.052734375,0.0,46,1712137668810
1378,0.34375,1.80078125,-0.00390625,0.0,31,1712137668810
1378,0.234375,1.822265625,-0.34765625,0.0,27,1712137668810
1378,0.23828125,1.82421875,-0.505859375,0.0,50,1712137668810
1378,0.244140625,1.890625,-0.400390625,0.0,64,1712137668810
1378,0.310546875,1.9375,-0.296875,0.0,58,1712137668810
1378,0.37890625,1.966796875,-0.283203125,0.0,40,1712137668810
1378,0.17578125,1.83984375,-0.28515625,0.12520644037889672,29,1712137668810
1378,0.1796875,1.876953125,-0.294921875,0.12520644037889672,37,1712137668810
1378,0.181640625,1.912109375,-0.3203125,0.12520644037889672,25,1712137668810
1378,0.384765625,1.66015625,-0.423828125,-0.37561932113669017,32,1712137668810
1378,0.392578125,1.703125,-0.40625,-0.37561932113669017,35,1712137668810
1378,0.400390625,1.744140625,-0.396484375,-0.37561932113669017,26,1712137668810
1378,0.43359375,1.830078125,-0.6328125,-0.37561932113669017,17,1712137668810
1378,0.37890625,1.880859375,-0.640625,-0.37561932113669017,16,1712137668810
1378,0.322265625,1.66015625,-0.298828125,-0.25041288075779344,47,1712137668810
1378,0.384765625,1.6875,-0.294921875,-0.25041288075779344,105,1712137668810
1378,0.392578125,1.728515625,-0.27734375,-0.25041288075779344,117,1712137668810
1378,0.400390625,1.7734375,-0.234375,-0.25041288075779344,82,1712137668810
1378,0.41015625,1.802734375,-0.28515625,-0.25041288075779344,51,1712137668810
1378,0.23828125,1.77734375,-0.654296875,-0.25041288075779344,39,1712137668810
1378,0.3046875,1.8203125,-0.619140625,-0.25041288075779344,66,1712137668810
1378,0.373046875,1.875,-0.533203125,-0.25041288075779344,88,1712137668810
1378,0.37890625,1.9140625,-0.53515625,-0.25041288075779344,70,1712137668810
1378,0.322265625,1.962890625,-0.5390625,-0.25041288075779344,26,1712137668810
1378,0.322265625,1.677734375,-0.18359375,-0.12520644037889672,47,1712137668810
1378,0.384765625,1.703125,-0.19140625,-0.12520644037889672,107,1712137668810
1378,0.392578125,1.744140625,-0.158203125,-0.12520644037889672,115,1712137668810
1378,0.400390625,1.78515625,-0.109375,-0.12520644037889672,79,1712137668810
1378,0.29296875,1.80078125,-0.41796875,-0.12520644037889672,70,1712137668810
1378,0.23828125,1.80078125,-0.5859375,-0.12520644037889672,116,1712137668810
1378,0.244140625,1.861328125,-0.51953125,-0.12520644037889672,137,1712137668810
1378,0.373046875,1.89453125,-0.4609375,-0.12520644037889672,124,1712137668810
1378,0.37890625,1.943359375,-0.4140625,-0.12520644037889672,85,1712137668810
1378,0.38671875,1.978515625,-0.43359375,-0.12520644037889672,30,1712137668810
1378,0.515625,2.587890625,-0.771484375,-0.12520644037889672,25,1712137668810
1378,0.435546875,2.609375,-0.876953125,-0.12520644037889672,22,1712137668810
1378,-0.38671875,1.400390625,1.462890625,-0.12520644037889672,16,1712137668810
1379,0.26171875,1.6328125,-0.291015625,0.0,14,1712137668910
1379,0.267578125,1.68359375,-0.21484375,0.0,45,1712137668910
1379,0.2734375,1.7265625,-0.17578125,0.0,69,1712137668910
1379,0.28125,1.763671875,-0.177734375,0.0,53,1712137668910
1379,0.171875,1.763671875,-0.466796875,0.0,39,1712137668910
1379,0.17578125,1.8203125,-0.39453125,0.0,92,1712137668910
1379,0.1796875,1.87109375,-0.3359375,0.0,134,1712137668910
1379,0.244140625,1.90625,-0.314453125,0.0,100,1712137668910
1379,0.310546875,1.939453125,-0.287109375,0.0,46,1712137668910
1379,0.31640625,1.978515625,-0.275390625,0.0,21,1712137668910
1379,-0.203125,2.078125,-0.615234375,0.12520644037889672,26,1712137668910
1379,-0.203125,2.1015625,-0.529296875,0.25041288075779344,20,1712137668910
1379,0.322265625,1.580078125,-0.58984375,-0.37561932113669017,21,1712137668910
1379,0.384765625,1.62890625,-0.533203125,-0.37561932113669017,31,1712137668910
1379,0.392578125,1.658203125,-0.560546875,-0.37561932113669017,15,1712137668910
1379,0.34375,1.775390625,-0.30078125,-0.37561932113669017,23,1712137668910
1379,0.3515625,1.810546875,-0.310546875,-0.37561932113669017,41,1712137668910
1379,0.298828125,1.869140625,-0.251953125,-0.37561932113669017,26,1712137668910
1379,0.365234375,1.8125,-0.607421875,-0.37561932113669017,18,1712137668910
1379,0.373046875,1.837890625,-0.650390625,-0.37561932113669017,31,1712137668910
1379,0.37890625,1.861328125,-0.697265625,-0.37561932113669017,21,1712137668910
1379,0.314453125,1.5859375,-0.453125,-0.25041288075779344,30,1712137668910
1379,0.322265625,1.630859375,-0.431640625,-0.25041288075779344,92,1712137668910
1379,0.2734375,1.6875,-0.3984375,-0.25041288075779344,132,1712137668910
1379,0.3359375,1.708984375,-0.43359375,-0.25041288075779344,83,1712137668910
1379,0.515625,1.75390625,-0.138671875,-0.25041288075779344,21,1712137668910
1379,0.466796875,1.798828125,-0.216796875,-0.25041288075779344,43,1712137668910
1379,0.1796875,1.759765625,-0.71484375,-0.25041288075779344,80,1712137668910
1379,0.3046875,1.837890625,-0.56640625,-0.25041288075779344,106,1712137668910
1379,0.373046875,1.875,-0.533203125,-0.25041288075779344,103,1712137668910
1379,0.37890625,1.916015625,-0.529296875,-0.25041288075779344,63,1712137668910
1379,0.314453125,1.619140625,-0.322265625,-0.12520644037889672,33,1712137668910
1379,0.322265625,1.658203125,-0.31640625,-0.12520644037889672,104,1712137668910
1379,0.2734375,1.7109375,-0.28515625,-0.12520644037889672,155,1712137668910
1379,0.28125,1.74609375,-0.302734375,-0.12520644037889672,109,1712137668910
1379,0.171875,1.671875,-0.728515625,-0.12520644037889672,51,1712137668910
1379,0.234375,1.763671875,-0.578125,-0.12520644037889672,139,1712137668910
1379,0.23828125,1.828125,-0.4921875,-0.12520644037889672,224,1712137668910
1379,0.244140625,1.880859375,-0.439453125,-0.12520644037889672,188,1712137668910
1379,0.310546875,1.91796875,-0.408203125,-0.12520644037889672,110,1712137668910
1379,0.31640625,1.9609375,-0.390625,-0.12520644037889672,57,1712137668910
1379,0.611328125,1.279296875,1.650390625,0.12520644037889672,14,1712137668910
1379,-0.392578125,1.23046875,1.244140625,-0.37561932113669017,11,1712137668910
1379,-0.392578125,1.103515625,1.359375,-0.25041288075779344,43,1712137668910
1379,-0.572265625,1.0,1.42578125,-0.25041288075779344,20,1712137668910
1379,-0.515625,1.2265625,1.259765625,-0.12520644037889672,27,1712137668910
1380,0.26171875,1.658203125,-0.06640625,0.0,12,1712137669010
1380,0.267578125,1.6953125,-0.087890625,0.0,17,1712137669010
1380,0.21875,1.7421875,0.0,0.0,18,1712137669010
1380,0.224609375,1.779296875,0.02734375,0.0,16,1712137669010
1380,0.171875,1.818359375,-0.142578125,0.0,20,1712137669010
1380,0.1171875,1.833984375,-0.3515625,0.0,40,1712137669010
1380,0.119140625,1.869140625,-0.365234375,0.0,47,1712137669010
1380,0.25,2.33984375,-1.267578125,0.0,21,1712137669010
1380,0.25390625,2.43359375,-1.16796875,0.0,31,1712137669010
1380,0.2578125,2.474609375,-1.16796875,0.0,25,1712137669010
1380,0.05859375,1.85546875,-0.23046875,0.12520644037889672,17,1712137669010
1380,-0.203125,2.0625,-0.662109375,0.12520644037889672,26,1712137669010
1380,-0.20703125,1.970703125,-0.986328125,0.12520644037889672,31,1712137669010
1380,-0.140625,2.037109375,-0.953125,0.12520644037889672,19,1712137669010
1380,-0.13671875,2.10546875,-0.53125,0.25041288075779344,24,1712137669010
1380,-0.20703125,2.068359375,-0.759765625,0.25041288075779344,30,1712137669010
1380,0.314453125,1.62890625,-0.265625,-0.37561932113669017,62,1712137669010
1380,0.322265625,1.666015625,-0.267578125,-0.37561932113669017,93,1712137669010
1380,0.330078125,1.705078125,-0.26171875,-0.37561932113669017,70,1712137669010
1380,0.28125,1.732421875,-0.37109375,-0.37561932113669017,24,1712137669010
1380,0.365234375,1.810546875,-0.615234375,-0.37561932113669017,23,1712137669010
1380,0.255859375,1.60546875,-0.232421875,-0.25041288075779344,40,1712137669010
1380,0.26171875,1.646484375,-0.19921875,-0.25041288075779344,125,1712137669010
1380,0.267578125,1.685546875,-0.1875,-0.25041288075779344,182,1712137669010
1380,0.2734375,1.724609375,-0.189453125,-0.25041288075779344,136,1712137669010
1380,0.224609375,1.751953125,-0.318359375,-0.25041288075779344,54,1712137669010
1380,0.115234375,1.701171875,-0.669921875,-0.25041288075779344,29,1712137669010
1380,0.1171875,1.779296875,-0.56640625,-0.25041288075779344,38,1712137669010
1380,0.0,1.861328125,-0.423828125,-0.25041288075779344,31,1712137669010
1380,0.365234375,1.849609375,-0.48828125,-0.25041288075779344,49,1712137669010
1380,0.373046875,1.87890625,-0.51953125,-0.25041288075779344,54,1712137669010
1380,0.31640625,1.92578125,-0.53125,-0.25041288075779344,28,1712137669010
1380,0.25,2.078125,-1.662109375,-0.25041288075779344,22,1712137669010
1380,0.337890625,2.15234375,-1.611328125,-0.25041288075779344,31,1712137669010
1380,0.34375,2.21484375,-1.591796875,-0.25041288075779344,24,1712137669010
1380,0.205078125,1.615234375,-0.20703125,-0.12520644037889672,26,1712137669010
1380,0.26171875,1.654296875,-0.1328125,-0.12520644037889672,79,1712137669010
1380,0.267578125,1.693359375,-0.107421875,-0.12520644037889672,112,1712137669010
1380,0.2734375,1.73046875,-0.109375,-0.12520644037889672,87,1712137669010
1380,0.224609375,1.7734375,-0.150390625,-0.12520644037889672,44,1712137669010
1380,0.171875,1.798828125,-0.3046875,-0.12520644037889672,36,1712137669010
1380,0.17578125,1.8046875,-0.458984375,-0.12520644037889672,73,1712137669010
1380,0.119140625,1.84765625,-0.462890625,-0.12520644037889672,83,1712137669010
1380,0.060546875,1.94140625,-0.12109375,-0.12520644037889672,44,1712137669010
1380,0.310546875,1.923828125,-0.380859375,-0.12520644037889672,43,1712137669010
1380,0.251953125,1.966796875,-0.40234375,-0.12520644037889672,27,1712137669010
1380,0.25,2.2265625,-1.455078125,-0.12520644037889672,39,1712137669010
1380,0.25390625,2.28125,-1.44140625,-0.12520644037889672,58,1712137669010
1380,0.34375,2.337890625,-1.404296875,-0.12520644037889672,48,1712137669010
1380,0.34765625,2.419921875,-1.3359375,-0.12520644037889672,21,1712137669010
1380,0.623046875,1.814453125,1.10546875,0.12520644037889672,16,1712137669010
1380,0.6328125,1.998046875,0.82421875,0.12520644037889672,13,1712137669010
1380,0.595703125,1.25,-1.3125,-0.25041288075779344,18,1712137669010
1380,-0.669921875,0.9765625,1.544921875,-0.12520644037889672,25,1712137669010
1380,-0.783203125,2.380859375,1.21875,-0.12520644037889672,14,1712137669010
1381,0.154296875,1.634765625,-0.021484375,0.0,16,1712137669111
1381,0.2109375,1.666015625,-0.001953125,0.0,35,1712137669111
1381,0.21484375,1.701171875,-0.111328125,0.0,41,1712137669111
1381,0.21875,1.732421875,-0.189453125,0.0,30,1712137669111
1381,0.16796875,1.759765625,-0.3125,0.0,28,1712137669111
1381,0.115234375,1.7890625,-0.37890625,0.0,81,1712137669111
1381,0.1171875,1.837890625,-0.333984375,0.0,156,1712137669111
1381,0.119140625,1.88671875,-0.263671875,0.0,163,1712137669111
1381,0.181640625,1.923828125,-0.236328125,0.0,100,1712137669111
1381,0.248046875,1.94921875,-0.27734375,0.0,44,1712137669111
1381,0.0,1.826171875,-0.40234375,0.12520644037889672,23,1712137669111
1381,0.060546875,1.892578125,-0.244140625,0.12520644037889672,21,1712137669111
1381,0.255859375,1.587890625,-0.330078125,-0.37561932113669017,35,1712137669111
1381,0.26171875,1.626953125,-0.322265625,-0.37561932113669017,74,1712137669111
1381,0.267578125,1.658203125,-0.36328125,-0.37561932113669017,74,1712137669111
1381,0.2734375,1.650390625,-0.53125,-0.37561932113669017,33,1712137669111
1381,0.3515625,1.79296875,-0.40625,-0.37561932113669017,18,1712137669111
1381,0.357421875,1.791015625,-0.556640625,-0.37561932113669017,31,1712137669111
1381,0.3046875,1.818359375,-0.625,-0.37561932113669017,35,1712137669111
1381,0.310546875,1.81640625,-0.740234375,-0.37561932113669017,22,1712137669111
1381,0.205078125,1.61328125,-0.216796875,-0.25041288075779344,84,1712137669111
1381,0.26171875,1.642578125,-0.236328125,-0.25041288075779344,181,1712137669111
1381,0.21484375,1.68359375,-0.263671875,-0.25041288075779344,182,1712137669111
1381,0.21875,1.703125,-0.369140625,-0.25041288075779344,92,1712137669111
1381,0.28125,1.716796875,-0.44140625,-0.25041288075779344,53,1712137669111
1381,0.228515625,1.740234375,-0.525390625,-0.25041288075779344,96,1712137669111
1381,0.17578125,1.7890625,-0.515625,-0.25041288075779344,161,1712137669111
1381,0.23828125,1.826171875,-0.498046875,-0.25041288075779344,184,1712137669111
1381,0.244140625,1.87109375,-0.482421875,-0.25041288075779344,151,1712137669111
1381,0.248046875,1.90234375,-0.51171875,-0.25041288075779344,86,1712137669111
1381,0.251953125,1.931640625,-0.544921875,-0.25041288075779344,23,1712137669111
1381,0.205078125,1.625,-0.119140625,-0.12520644037889672,65,1712137669111
1381,0.2109375,1.662109375,-0.126953125,-0.12520644037889672,137,1712137669111
1381,0.21484375,1.6953125,-0.17578125,-0.12520644037889672,142,1712137669111
1381,0.21875,1.720703125,-0.271484375,-0.12520644037889672,85,1712137669111
1381,0.224609375,1.734375,-0.404296875,-0.12520644037889672,64,1712137669111
1381,0.171875,1.759765625,-0.48046875,-0.12520644037889672,164,1712137669111
1381,0.1171875,1.814453125,-0.4375,-0.12520644037889672,305,1712137669111
1381,0.1796875,1.859375,-0.39453125,-0.12520644037889672,316,1712137669111
1381,0.181640625,1.91015625,-0.33203125,-0.12520644037889672,204,1712137669111
1381,0.248046875,1.935546875,-0.369140625,-0.12520644037889672,96,1712137669111
1381,0.189453125,1.974609375,-0.40234375,-0.12520644037889672,25,1712137669111
1381,0.083984375,2.2109375,-1.564453125,-0.12520644037889672,19,1712137669111
1381,-1.70703125,0.94921875,-0.529296875,-0.25041288075779344,15,1712137669111
1381,-1.70703125,1.02734375,-0.349609375,-0.12520644037889672,17,1712137669111
1382,0.103515625,1.62890625,-0.171875,0.0,26,1712137669162
1382,0.158203125,1.662109375,-0.177734375,0.0,45,1712137669162
1382,0.107421875,1.705078125,-0.18359375,0.0,36,1712137669162
1382,0.056640625,1.7890625,-0.134765625,0.0,21,1712137669162
1382,0.056640625,1.8203125,-0.2109375,0.0,23,1712137669162
1382,0.0,1.759765625,-0.51171875,0.12520644037889672,23,1712137669162
1382,-0.05859375,1.82421875,-0.408203125,0.12520644037889672,35,1712137669162
1382,0.0,1.880859375,-0.3203125,0.12520644037889672,27,1712137669162
1382,0.416015625,0.51171875,2.11328125,0.12520644037889672,23,1712137669162
1382,0.154296875,1.58984375,-0.37890625,-0.37561932113669017,51,1712137669162
1382,0.158203125,1.630859375,-0.369140625,-0.37561932113669017,66,1712137669162
1382,0.16015625,1.6640625,-0.390625,-0.37561932113669017,29,1712137669162
1382,0.1640625,1.71875,-0.3203125,-0.37561932113669017,26,1712137669162
1382,0.16796875,1.755859375,-0.330078125,-0.37561932113669017,43,1712137669162
1382,0.171875,1.8046875,-0.263671875,-0.37561932113669017,24,1712137669162
1382,0.150390625,1.568359375,-0.294921875,-0.25041288075779344,40,1712137669162
1382,0.154296875,1.60546875,-0.302734375,-0.25041288075779344,126,1712137669162
1382,0.158203125,1.64453125,-0.3046875,-0.25041288075779344,175,1712137669162
1382,0.107421875,1.681640625,-0.33203125,-0.25041288075779344,93,1712137669162
1382,0.1640625,1.73828125,-0.193359375,-0.25041288075779344,39,1712137669162
1382,0.16796875,1.76171875,-0.30078125,-0.25041288075779344,97,1712137669162
1382,0.115234375,1.796875,-0.34375,-0.25041288075779344,67,1712137669162
1382,0.0,1.814453125,-0.453125,-0.25041288075779344,23,1712137669162
1382,0.150390625,1.5859375,-0.185546875,-0.12520644037889672,29,1712137669162
1382,0.154296875,1.619140625,-0.216796875,-0.12520644037889672,97,1712137669162
1382,0.158203125,1.65625,-0.23046875,-0.12520644037889672,145,1712137669162
1382,0.16015625,1.69140625,-0.25,-0.12520644037889672,94,1712137669162
1382,0.21875,1.7265625,-0.2265625,-0.12520644037889672,19,1712137669162
1382,0.111328125,1.775390625,-0.240234375,-0.12520644037889672,75,1712137669162
1382,0.115234375,1.79296875,-0.357421875,-0.12520644037889672,71,1712137669162
1382,0.0,1.7890625,-0.54296875,-0.12520644037889672,46,1712137669162
1382,0.3046875,1.845703125,-0.541015625,-0.12520644037889672,22,1712137669162
1382,-0.345703125,2.12109375,-0.53515625,0.12520644037889672,23,1712137669162
1382,-0.642578125,1.0390625,1.416015625,-0.25041288075779344,13,1712137669162
1382,-0.822265625,0.0,1.560546875,-0.12520644037889672,10,1712137669162
1383,0.05078125,1.57421875,-0.302734375,0.0,21,1712137669262
1383,0.05078125,1.625,-0.22265625,0.0,52,1712137669262
1383,0.052734375,1.66796875,-0.193359375,0.0,58,1712137669262
1383,0.052734375,1.716796875,-0.02734375,0.0,28,1712137669262
1383,0.109375,1.69921875,-0.42578125,0.0,15,1712137669262
1383,0.111328125,1.78515625,-0.1328125,0.0,25,1712137669262
1383,0.29296875,1.845703125,-0.0703125,0.0,60,1712137669262
1383,0.23828125,1.875,-0.265625,0.0,92,1712137669262
1383,0.181640625,1.900390625,-0.3828125,0.0,70,1712137669262
1383,-0.115234375,1.744140625,-0.55078125,0.12520644037889672,57,1712137669262
1383,-0.1171875,1.798828125,-0.501953125,0.12520644037889672,91,1712137669262
1383,-0.119140625,1.845703125,-0.47265625,0.12520644037889672,75,1712137669262
1383,-0.171875,1.7890625,-0.357421875,0.25041288075779344,24,1712137669262
1383,-0.1171875,1.833984375,-0.3515625,0.25041288075779344,39,1712137669262
1383,-0.119140625,1.880859375,-0.3046875,0.25041288075779344,32,1712137669262
1383,0.0,2.177734375,-0.576171875,0.25041288075779344,24,1712137669262
1383,0.099609375,1.494140625,-0.57421875,-0.25041288075779344,30,1712137669262
1383,0.103515625,1.572265625,-0.462890625,-0.25041288075779344,74,1712137669262
1383,0.10546875,1.626953125,-0.40234375,-0.25041288075779344,87,1712137669262
1383,0.107421875,1.685546875,-0.3125,-0.25041288075779344,43,1712137669262
1383,0.2734375,1.673828125,-0.453125,-0.25041288075779344,23,1712137669262
1383,0.111328125,1.732421875,-0.455078125,-0.25041288075779344,35,1712137669262
1383,0.171875,1.77734375,-0.41015625,-0.25041288075779344,34,1712137669262
1383,0.17578125,1.78125,-0.546875,-0.25041288075779344,65,1712137669262
1383,0.1796875,1.798828125,-0.61328125,-0.25041288075779344,92,1712137669262
1383,0.181640625,1.81640625,-0.6796875,-0.25041288075779344,65,1712137669262
1383,0.125,1.859375,-0.68359375,-0.25041288075779344,22,1712137669262
1383,0.083984375,2.22265625,-1.482421875,-0.25041288075779344,19,1712137669262
1383,0.0,4.02734375,-0.880859375,-0.25041288075779344,25,1712137669262
1383,0.099609375,1.541015625,-0.43359375,-0.12520644037889672,40,1712137669262
1383,0.103515625,1.599609375,-0.3515625,-0.12520644037889672,100,1712137669262
1383,0.052734375,1.650390625,-0.3046875,-0.12520644037889672,116,1712137669262
1383,0.107421875,1.703125,-0.189453125,-0.12520644037889672,56,1712137669262
1383,0.21875,1.693359375,-0.408203125,-0.12520644037889672,30,1712137669262
1383,0.111328125,1.74609375,-0.396484375,-0.12520644037889672,56,1712137669262
1383,0.115234375,1.7890625,-0.375,-0.12520644037889672,69,1712137669262
1383,0.17578125,1.80859375,-0.443359375,-0.12520644037889672,143,1712137669262
1383,0.1796875,1.833984375,-0.501953125,-0.12520644037889672,203,1712137669262
1383,0.181640625,1.859375,-0.548828125,-0.12520644037889672,142,1712137669262
1383,0.125,1.900390625,-0.5625,-0.12520644037889672,47,1712137669262
1383,-0.3515625,0.833984375,-1.63671875,0.0,38,1712137669262
1383,-0.62109375,1.25390625,1.408203125,-0.12520644037889672,25,1712137669262
1384,0.05078125,1.5859375,-0.421875,0.0,19,1712137669362
1384,0.0,1.646484375,-0.330078125,0.0,24,1712137669362
1384,0.0,1.6796875,-0.36328125,0.0,21,1712137669362
1384,0.0,1.73046875,-0.294921875,0.0,14,1712137669362
1384,-0.1171875,1.724609375,-0.71484375,0.0,25,1712137669362
1384,0.0,1.552734375,-0.400390625,0.12520644037889672,14,1712137669362
1384,0.0,1.609375,-0.322265625,0.12520644037889672,25,1712137669362
1384,0.0,1.66796875,-0.1953125,0.12520644037889672,20,1712137669362
1384,-0.1171875,1.765625,-0.607421875,0.12520644037889672,41,1712137669362
1384,-0.060546875,1.8203125,-0.568359375,0.12520644037889672,46,1712137669362
1384,0.0,1.546875,-0.548828125,-0.25041288075779344,22,1712137669362
1384,0.0,1.59765625,-0.51953125,-0.25041288075779344,24,1712137669362
1384,0.0,1.50390625,-0.552734375,-0.12520644037889672,28,1712137669362
1384,0.05078125,1.564453125,-0.49609375,-0.12520644037889672,56,1712137669362
1384,0.0,1.625,-0.42578125,-0.12520644037889672,61,1712137669362
1384,0.0,1.673828125,-0.390625,-0.12520644037889672,42,1712137669362
1384,0.0546875,1.72265625,-0.337890625,-0.12520644037889672,25,1712137669362
1385,0.0,1.58984375,-0.41015625,0.0,10,1712137669462
1385,0.0,1.58203125,-0.5625,0.0,13,1712137669462
1385,0.0,1.59375,-0.642578125,0.0,10,1712137669462
1385,0.0,1.59375,-0.388671875,0.12520644037889672,25,1712137669462
1385,0.0,1.62890625,-0.412109375,0.12520644037889672,28,1712137669462
1385,0.0,1.654296875,-0.466796875,0.12520644037889672,20,1712137669462
1386,0.0,1.55078125,-0.5390625,0.0,15,1712137669562
1386,-0.052734375,1.57421875,-0.5859375,0.0,14,1712137669562
1386,-0.099609375,1.55078125,-0.396484375,0.12520644037889672,15,1712137669562
1386,-0.103515625,1.576171875,-0.44921875,0.12520644037889672,30,1712137669562
1386,-0.052734375,1.615234375,-0.458984375,0.12520644037889672,28,1712137669562
1386,0.0,1.65234375,-0.47265625,0.12520644037889672,17,1712137669562
1387,0.21484375,1.244140625,-1.912109375,0.12520644037889672,24,1712137669663
1393,0.142578125,1.099609375,-2.00390625,0.0,16,1712137670266
1393,0.146484375,1.271484375,-1.9453125,0.0,15,1712137670266
1393,0.140625,0.138671875,2.244140625,0.12520644037889672,19,1712137670266
1393,0.21484375,1.169921875,-1.95703125,0.12520644037889672,31,1712137670266
1393,0.21875,1.494140625,-1.7734375,0.12520644037889672,29,1712137670266
1397,-0.150390625,1.494140625,-0.55859375,0.0,10,1712137670666
1397,-0.103515625,1.57421875,-0.451171875,0.0,26,1712137670666
1397,-0.052734375,1.626953125,-0.4140625,0.0,31,1712137670666
1397,-0.107421875,1.685546875,-0.314453125,0.0,18,1712137670666
1397,0.28125,0.853515625,2.06640625,0.12520644037889672,23,1712137670666
1397,0.2109375,0.0,-2.24609375,-0.37561932113669017,21,1712137670666
1397,0.142578125,1.140625,-1.982421875,-0.37561932113669017,29,1712137670666
1397,0.146484375,1.435546875,-1.828125,-0.37561932113669017,20,1712137670666
1397,0.0,1.5078125,-0.646484375,-0.25041288075779344,23,1712137670666
1397,0.0,1.564453125,-0.61328125,-0.25041288075779344,29,1712137670666
1397,0.2109375,0.0,-2.244140625,-0.25041288075779344,33,1712137670666
1397,0.142578125,1.27734375,-1.896484375,-0.25041288075779344,42,1712137670666
1397,0.21875,1.568359375,-1.70703125,-0.25041288075779344,29,1712137670666
1397,-0.099609375,1.482421875,-0.6015625,-0.12520644037889672,19,1712137670666
1397,-0.05078125,1.548828125,-0.54296875,-0.12520644037889672,49,1712137670666
1397,-0.10546875,1.599609375,-0.5,-0.12520644037889672,60,1712137670666
1397,-0.052734375,1.6640625,-0.423828125,-0.12520644037889672,34,1712137670666
1397,0.287109375,1.068359375,-2.005859375,-0.12520644037889672,19,1712137670666
1397,-0.4921875,2.181640625,0.259765625,0.12520644037889672,12,1712137670666
1397,0.287109375,1.06640625,-2.0078125,-0.37561932113669017,29,1712137670666
1397,-0.5625,2.0390625,-0.7734375,-0.25041288075779344,17,1712137670666
1397,-0.501953125,2.1015625,-0.759765625,-0.12520644037889672,18,1712137670666
1398,0.1171875,1.8515625,-0.24609375,0.0,22,1712137670766
1398,0.060546875,1.869140625,-0.3828125,0.0,27,1712137670766
1398,0.0,1.71875,-0.357421875,0.12520644037889672,14,1712137670766
1398,0.138671875,0.64453125,-2.11328125,-0.37561932113669017,31,1712137670766
1398,0.2109375,1.423828125,-1.732421875,-0.37561932113669017,48,1712137670766
1398,0.142578125,2.08984375,-0.92578125,-0.37561932113669017,40,1712137670766
1398,-0.052734375,1.615234375,-0.58203125,-0.25041288075779344,17,1712137670766
1398,-0.109375,1.634765625,-0.6328125,-0.25041288075779344,15,1712137670766
1398,0.140625,0.939453125,-2.04296875,-0.25041288075779344,30,1712137670766
1398,0.142578125,2.09765625,-0.908203125,-0.25041288075779344,29,1712137670766
1398,0.0,1.60546875,-0.494140625,-0.12520644037889672,21,1712137670766
1398,-0.052734375,1.642578125,-0.50390625,-0.12520644037889672,29,1712137670766
1398,-0.109375,1.677734375,-0.5078125,-0.12520644037889672,25,1712137670766
1398,-0.111328125,1.6953125,-0.578125,-0.12520644037889672,16,1712137670766
1398,0.1171875,1.833984375,-0.353515625,-0.12520644037889672,38,1712137670766
1398,0.060546875,1.833984375,-0.52734375,-0.12520644037889672,51,1712137670766
1399,0.0,1.5390625,-0.5703125,0.0,33,1712137670867
1399,0.0,1.578125,-0.578125,0.0,47,1712137670867
1399,0.0,1.615234375,-0.583984375,0.0,38,1712137670867
1399,0.0,1.640625,-0.625,0.0,28,1712137670867
1399,-0.111328125,1.654296875,-0.685546875,0.0,28,1712137670867
1399,-0.171875,1.689453125,-0.6875,0.0,26,1712137670867
1399,0.0,1.513671875,-0.52734375,0.12520644037889672,24,1712137670867
1399,0.0,1.560546875,-0.51171875,0.12520644037889672,73,1712137670867
1399,0.0,1.60546875,-0.4921875,0.12520644037889672,103,1712137670867
1399,0.0,1.650390625,-0.478515625,0.12520644037889672,80,1712137670867
1399,0.0,1.69140625,-0.474609375,0.12520644037889672,43,1712137670867
1399,-0.111328125,1.708984375,-0.537109375,0.12520644037889672,36,1712137670867
1399,-0.171875,1.734375,-0.56640625,0.12520644037889672,30,1712137670867
1399,0.0,1.548828125,-0.412109375,0.25041288075779344,20,1712137670867
1399,0.0,1.587890625,-0.41796875,0.25041288075779344,60,1712137670867
1399,0.0,1.6328125,-0.39453125,0.25041288075779344,87,1712137670867
1399,0.0,1.673828125,-0.388671875,0.25041288075779344,58,1712137670867
1399,0.0546875,1.671875,-0.53515625,0.25041288075779344,17,1712137670867
1399,0.0,1.64453125,-0.337890625,0.37561932113669017,13,1712137670867
1399,0.0,1.724609375,-0.333984375,0.37561932113669017,28,1712137670867
1399,0.0,1.76953125,-0.29296875,0.37561932113669017,36,1712137670867
1399,0.0,1.80859375,-0.298828125,0.37561932113669017,24,1712137670867
1399,-0.119140625,1.759765625,-0.73046875,-0.25041288075779344,17,1712137670867
1399,-0.17578125,1.6875,-0.787109375,-0.12520644037889672,23,1712137670867
1399,-0.822265625,0.435546875,1.48828125,0.25041288075779344,9,1712137670867
1400,0.0,1.529296875,-0.6953125,0.0,12,1712137670968
1400,0.052734375,1.59765625,-0.626953125,0.0,19,1712137670968
1400,0.0,1.66796875,-0.548828125,0.0,11,1712137670968
1400,0.115234375,1.712890625,-0.642578125,0.0,24,1712137670968
1400,0.17578125,1.7734375,-0.56640625,0.0,56,1712137670968
1400,0.119140625,1.818359375,-0.56640625,0.0,80,1712137670968
1400,0.12109375,1.845703125,-0.607421875,0.0,59,1712137670968
1400,0.0,1.6015625,-0.62109375,0.12520644037889672,17,1712137670968
1400,0.0,1.673828125,-0.533203125,0.12520644037889672,22,1712137670968
1400,0.0,1.72265625,-0.5,0.12520644037889672,24,1712137670968
1400,-0.171875,1.4140625,-1.15234375,0.12520644037889672,22,1712137670968
1400,0.234375,1.81640625,-0.384765625,0.12520644037889672,73,1712137670968
1400,0.1796875,1.8515625,-0.42578125,0.12520644037889672,127,1712137670968
1400,0.181640625,1.87109375,-0.50390625,0.12520644037889672,101,1712137670968
1400,0.0,1.697265625,-0.453125,0.25041288075779344,20,1712137670968
1400,0.0,1.736328125,-0.453125,0.25041288075779344,57,1712137670968
1400,0.0,1.771484375,-0.466796875,0.25041288075779344,62,1712137670968
1400,0.234375,1.82421875,-0.33984375,0.25041288075779344,20,1712137670968
1400,0.119140625,1.875,-0.337890625,0.25041288075779344,66,1712137670968
1400,0.12109375,1.900390625,-0.400390625,0.25041288075779344,55,1712137670968
1400,0.0,2.201171875,-1.515625,0.25041288075779344,43,1712137670968
1400,0.0,2.251953125,-1.509765625,0.25041288075779344,37,1712137670968
1400,0.05078125,1.62890625,-0.19140625,0.37561932113669017,30,1712137670968
1400,0.0,1.6640625,-0.2265625,0.37561932113669017,59,1712137670968
1400,0.052734375,1.703125,-0.212890625,0.37561932113669017,58,1712137670968
1400,0.0546875,1.744140625,-0.203125,0.37561932113669017,46,1712137670968
1400,0.056640625,1.763671875,-0.32421875,0.37561932113669017,43,1712137670968
1400,0.056640625,1.810546875,-0.28125,0.37561932113669017,61,1712137670968
1400,0.05859375,1.849609375,-0.2734375,0.37561932113669017,37,1712137670968
1400,0.0,2.212890625,-1.4296875,0.37561932113669017,36,1712137670968
1400,0.0,2.283203125,-1.388671875,0.37561932113669017,61,1712137670968
1400,0.0,2.302734375,-1.4296875,0.37561932113669017,52,1712137670968
1400,0.0,1.62890625,-0.2109375,0.5008257615155869,20,1712137670968
1400,0.0,1.671875,-0.158203125,0.5008257615155869,37,1712137670968
1400,0.0,1.71484375,-0.091796875,0.5008257615155869,43,1712137670968
1400,0.0546875,1.75390625,-0.08984375,0.5008257615155869,59,1712137670968
1400,0.056640625,1.791015625,-0.095703125,0.5008257615155869,49,1712137670968
1400,0.056640625,1.826171875,-0.14453125,0.5008257615155869,31,1712137670968
1400,0.05859375,1.8671875,-0.109375,0.5008257615155869,20,1712137670968
1400,0.0,2.23828125,-1.314453125,0.5008257615155869,13,1712137670968
1400,0.0,2.330078125,-1.2265625,0.5008257615155869,26,1712137670968
1400,0.0,2.396484375,-1.18359375,0.5008257615155869,35,1712137670968
1400,-0.083984375,2.390625,-1.275390625,0.5008257615155869,29,1712137670968
1400,0.0,1.755859375,-0.041015625,0.6260322018944836,25,1712137670968
1400,0.0,1.794921875,-0.025390625,0.6260322018944836,22,1712137670968
1400,0.0,2.35546875,-1.091796875,0.6260322018944836,19,1712137670968
1400,0.0,2.46875,-0.91796875,0.6260322018944836,17,1712137670968
1400,-0.146484375,2.181640625,-0.802734375,-0.37561932113669017,21,1712137670968
1400,0.0,1.66015625,-0.775390625,-0.12520644037889672,19,1712137670968
1400,-0.1171875,1.7421875,-0.671875,-0.12520644037889672,37,1712137670968
1400,-0.1796875,1.8125,-0.57421875,-0.12520644037889672,40,1712137670968
1400,-0.244140625,1.87890625,-0.447265625,-0.12520644037889672,21,1712137670968
1400,-0.658203125,1.12109375,1.1796875,0.0,6,1712137670968
1400,0.34375,1.779296875,-0.26953125,0.12520644037889672,12,1712137670968
1400,-0.466796875,0.0,1.8359375,0.12520644037889672,38,1712137670968
1400,-0.29296875,1.205078125,-1.400390625,0.25041288075779344,19,1712137670968
1401,0.107421875,1.6171875,-0.568359375,0.0,24,1712137671068
1401,0.109375,1.65234375,-0.583984375,0.0,27,1712137671068
1401,0.056640625,1.6796875,-0.62890625,0.0,15,1712137671068
1401,0.056640625,1.705078125,-0.66796875,0.0,41,1712137671068
1401,0.0,1.78515625,-0.5625,0.0,113,1712137671068
1401,0.0,1.841796875,-0.498046875,0.0,145,1712137671068
1401,0.060546875,1.884765625,-0.486328125,0.0,99,1712137671068
1401,0.0625,1.9375,-0.4296875,0.0,35,1712137671068
1401,0.0,1.74609375,-0.556640625,0.12520644037889672,77,1712137671068
1401,0.0,1.8125,-0.46484375,0.12520644037889672,216,1712137671068
1401,0.0,1.869140625,-0.388671875,0.12520644037889672,284,1712137671068
1401,0.060546875,1.90625,-0.388671875,0.12520644037889672,202,1712137671068
1401,0.125,1.931640625,-0.44140625,0.12520644037889672,77,1712137671068
1401,0.10546875,1.646484375,-0.3125,0.25041288075779344,25,1712137671068
1401,0.052734375,1.6875,-0.3203125,0.25041288075779344,49,1712137671068
1401,0.109375,1.72265625,-0.322265625,0.25041288075779344,51,1712137671068
1401,0.111328125,1.75390625,-0.359375,0.25041288075779344,30,1712137671068
1401,0.0,1.779296875,-0.435546875,0.25041288075779344,46,1712137671068
1401,0.0,1.83984375,-0.3359375,0.25041288075779344,138,1712137671068
1401,0.060546875,1.87890625,-0.328125,0.25041288075779344,205,1712137671068
1401,0.12109375,1.912109375,-0.349609375,0.25041288075779344,165,1712137671068
1401,0.125,1.953125,-0.3359375,0.25041288075779344,73,1712137671068
1401,0.0,2.283203125,-1.458984375,0.25041288075779344,30,1712137671068
1401,0.10546875,1.6640625,-0.197265625,0.37561932113669017,83,1712137671068
1401,0.107421875,1.701171875,-0.20703125,0.37561932113669017,177,1712137671068
1401,0.109375,1.740234375,-0.21484375,0.37561932113669017,192,1712137671068
1401,0.111328125,1.77734375,-0.224609375,0.37561932113669017,112,1712137671068
1401,0.0,1.826171875,-0.146484375,0.37561932113669017,40,1712137671068
1401,0.119140625,1.880859375,-0.30859375,0.37561932113669017,33,1712137671068
1401,0.060546875,1.9375,-0.17578125,0.37561932113669017,40,1712137671068
1401,0.0625,1.9765625,-0.17578125,0.37561932113669017,21,1712137671068
1401,-0.083984375,2.294921875,-1.439453125,0.37561932113669017,23,1712137671068
1401,0.052734375,1.67578125,-0.099609375,0.5008257615155869,74,1712137671068
1401,0.107421875,1.7109375,-0.1015625,0.5008257615155869,170,1712137671068
1401,0.109375,1.748046875,-0.1171875,0.5008257615155869,188,1712137671068
1401,0.056640625,1.7890625,-0.115234375,0.5008257615155869,104,1712137671068
1401,0.0,1.830078125,-0.09375,0.5008257615155869,39,1712137671068
1401,0.0,1.8671875,-0.10546875,0.5008257615155869,37,1712137671068
1401,0.060546875,1.90625,-0.06640625,0.5008257615155869,26,1712137671068
1401,0.052734375,1.716796875,0.005859375,0.6260322018944836,39,1712137671068
1401,0.0546875,1.755859375,0.0,0.6260322018944836,44,1712137671068
1401,0.056640625,1.79296875,0.03125,0.6260322018944836,20,1712137671068
1401,0.1171875,1.8671875,0.041015625,0.6260322018944836,22,1712137671068
1401,0.0,2.470703125,-0.9140625,0.6260322018944836,17,1712137671068
1401,0.083984375,2.4765625,-1.0,0.6260322018944836,23,1712137671068
1401,0.0,2.064453125,-0.80078125,-0.37561932113669017,35,1712137671068
1401,0.0,2.15625,-0.654296875,-0.37561932113669017,30,1712137671068
1401,-0.21484375,2.15625,-0.740234375,-0.37561932113669017,15,1712137671068
1401,0.0,2.0859375,-0.744140625,-0.25041288075779344,43,1712137671068
1401,0.0,2.169921875,-0.60546875,-0.25041288075779344,31,1712137671068
1401,0.0,1.833984375,-0.52734375,-0.12520644037889672,23,1712137671068
1401,0.0,2.138671875,-0.5703125,-0.12520644037889672,27,1712137671068
1401,-2.291015625,0.0,-0.98046875,-0.37561932113669017,10,1712137671068
1401,0.9140625,1.6015625,1.29296875,-0.25041288075779344,18,1712137671068
1402,0.21875,1.65625,-0.5390625,0.0,12,1712137671169
1402,0.16796875,1.7109375,-0.51171875,0.0,13,1712137671169
1402,0.056640625,1.716796875,-0.640625,0.0,23,1712137671169
1402,0.1171875,1.75,-0.650390625,0.0,62,1712137671169
1402,0.119140625,1.802734375,-0.6171875,0.0,87,1712137671169
1402,0.060546875,1.857421875,-0.580078125,0.0,62,1712137671169
1402,0.0,1.923828125,-0.48828125,0.0,25,1712137671169
1402,0.169921875,2.6953125,-0.2265625,0.0,17,1712137671169
1402,0.171875,2.716796875,-0.37890625,0.0,20,1712137671169
1402,0.056640625,1.74609375,-0.5546875,0.12520644037889672,41,1712137671169
1402,0.05859375,1.791015625,-0.537109375,0.12520644037889672,125,1712137671169
1402,0.060546875,1.83984375,-0.50390625,0.12520644037889672,166,1712137671169
1402,0.060546875,1.890625,-0.458984375,0.12520644037889672,103,1712137671169
1402,-0.125,1.96875,-0.224609375,0.12520644037889672,36,1712137671169
1402,0.169921875,2.701171875,-0.1328125,0.12520644037889672,33,1712137671169
1402,0.171875,2.736328125,-0.203125,0.12520644037889672,37,1712137671169
1402,0.0,2.708984375,-0.65625,0.12520644037889672,21,1712137671169
1402,0.16015625,1.6640625,-0.390625,0.25041288075779344,23,1712137671169
1402,0.1640625,1.7109375,-0.365234375,0.25041288075779344,34,1712137671169
1402,0.224609375,1.751953125,-0.314453125,0.25041288075779344,28,1712137671169
1402,0.056640625,1.78125,-0.42578125,0.25041288075779344,38,1712137671169
1402,0.0,1.828125,-0.400390625,0.25041288075779344,103,1712137671169
1402,0.0,1.87109375,-0.376953125,0.25041288075779344,128,1712137671169
1402,-0.060546875,1.912109375,-0.36328125,0.25041288075779344,61,1712137671169
1402,0.310546875,1.8828125,-0.548828125,0.25041288075779344,23,1712137671169
1402,0.21484375,1.697265625,-0.1640625,0.37561932113669017,63,1712137671169
1402,0.1640625,1.740234375,-0.171875,0.37561932113669017,115,1712137671169
1402,0.224609375,1.7734375,-0.1484375,0.37561932113669017,116,1712137671169
1402,0.171875,1.814453125,-0.1953125,0.37561932113669017,68,1712137671169
1402,-0.05859375,1.84765625,-0.2890625,0.37561932113669017,53,1712137671169
1402,-0.119140625,1.861328125,-0.40625,0.37561932113669017,60,1712137671169
1402,-0.181640625,1.818359375,-0.669921875,0.37561932113669017,34,1712137671169
1402,0.185546875,1.962890625,-0.232421875,0.37561932113669017,23,1712137671169
1402,-3.865234375,1.150390625,-0.857421875,0.37561932113669017,23,1712137671169
1402,0.16015625,1.708984375,-0.041015625,0.5008257615155869,58,1712137671169
1402,0.1640625,1.748046875,-0.046875,0.5008257615155869,117,1712137671169
1402,0.16796875,1.78515625,-0.03515625,0.5008257615155869,131,1712137671169
1402,0.171875,1.82421875,-0.044921875,0.5008257615155869,84,1712137671169
1402,0.0,1.869140625,-0.09375,0.5008257615155869,37,1712137671169
1402,-0.1796875,1.853515625,-0.41796875,0.5008257615155869,29,1712137671169
1402,-3.994140625,0.931640625,-0.419921875,0.5008257615155869,23,1712137671169
1402,-3.900390625,1.2890625,-0.658203125,0.5008257615155869,23,1712137671169
1402,0.1640625,1.74609375,0.095703125,0.6260322018944836,35,1712137671169
1402,0.111328125,1.7890625,0.07421875,0.6260322018944836,42,1712137671169
1402,0.115234375,1.828125,0.064453125,0.6260322018944836,33,1712137671169
1402,0.05859375,1.869140625,0.0625,0.6260322018944836,19,1712137671169
1402,0.05859375,1.740234375,-0.681640625,-0.12520644037889672,15,1712137671169
1402,0.0,1.791015625,-0.66015625,-0.12520644037889672,20,1712137671169
1402,-0.744140625,1.056640625,1.505859375,0.12520644037889672,19,1712137671169
1402,-0.373046875,1.560546875,1.16796875,0.25041288075779344,12,1712137671169
1402,0.4765625,1.6953125,0.73828125,0.37561932113669017,38,1712137671169
1402,0.365234375,1.8984375,0.23046875,0.37561932113669017,30,1712137671169
1402,0.41796875,1.759765625,0.611328125,0.5008257615155869,24,1712137671169
1403,0.1640625,1.66015625,-0.548828125,0.0,12,1712137671269
1403,0.224609375,1.72265625,-0.451171875,0.0,28,1712137671269
1403,0.171875,1.763671875,-0.46484375,0.0,40,1712137671269
1403,0.05859375,1.771484375,-0.599609375,0.0,131,1712137671269
1403,0.060546875,1.810546875,-0.599609375,0.0,304,1712137671269
1403,0.060546875,1.85546875,-0.583984375,0.0,346,1712137671269
1403,0.125,1.908203125,-0.533203125,0.0,212,1712137671269
1403,0.189453125,1.962890625,-0.44921875,0.0,76,1712137671269
1403,0.193359375,2.046875,0.140625,0.0,17,1712137671269
1403,0.16796875,1.759765625,-0.310546875,0.12520644037889672,31,1712137671269
1403,0.115234375,1.734375,-0.580078125,0.12520644037889672,34,1712137671269
1403,0.05859375,1.796875,-0.517578125,0.12520644037889672,237,1712137671269
1403,0.060546875,1.84375,-0.4921875,0.12520644037889672,572,1712137671269
1403,0.12109375,1.890625,-0.451171875,0.12520644037889672,652,1712137671269
1403,0.125,1.935546875,-0.421875,0.12520644037889672,409,1712137671269
1403,0.189453125,1.97265625,-0.41015625,0.12520644037889672,153,1712137671269
1403,0.12890625,2.013671875,-0.423828125,0.12520644037889672,31,1712137671269
1403,0.1640625,1.734375,-0.21484375,0.25041288075779344,68,1712137671269
1403,0.16796875,1.771484375,-0.228515625,0.25041288075779344,158,1712137671269
1403,0.171875,1.806640625,-0.251953125,0.25041288075779344,154,1712137671269
1403,0.05859375,1.822265625,-0.416015625,0.25041288075779344,161,1712137671269
1403,0.060546875,1.865234375,-0.3984375,0.25041288075779344,355,1712137671269
1403,0.060546875,1.91015625,-0.3671875,0.25041288075779344,418,1712137671269
1403,0.125,1.95703125,-0.3046875,0.25041288075779344,278,1712137671269
1403,0.126953125,1.998046875,-0.298828125,0.25041288075779344,112,1712137671269
1403,0.193359375,2.015625,-0.388671875,0.25041288075779344,25,1712137671269
1403,0.109375,1.748046875,-0.115234375,0.37561932113669017,67,1712137671269
1403,0.16796875,1.783203125,-0.119140625,0.37561932113669017,153,1712137671269
1403,0.171875,1.818359375,-0.140625,0.37561932113669017,151,1712137671269
1403,0.17578125,1.85546875,-0.16796875,0.37561932113669017,76,1712137671269
1403,0.1796875,1.896484375,-0.1328125,0.37561932113669017,54,1712137671269
1403,0.181640625,1.93359375,-0.142578125,0.37561932113669017,70,1712137671269
1403,0.185546875,1.96875,-0.171875,0.37561932113669017,54,1712137671269
1403,0.126953125,2.005859375,-0.240234375,0.37561932113669017,23,1712137671269
1403,0.111328125,1.791015625,-0.025390625,0.5008257615155869,37,1712137671269
1403,0.115234375,1.826171875,-0.095703125,0.5008257615155869,32,1712137671269
1403,0.119140625,1.904296875,-0.015625,0.5008257615155869,20,1712137671269
1403,0.12109375,1.943359375,0.005859375,0.5008257615155869,21,1712137671269
1403,0.0,2.111328125,-0.52734375,-0.25041288075779344,18,1712137671269
1403,0.05859375,1.76953125,-0.60546875,-0.12520644037889672,17,1712137671269
1403,0.060546875,1.78125,-0.681640625,-0.12520644037889672,37,1712137671269
1403,0.12109375,1.8203125,-0.681640625,-0.12520644037889672,43,1712137671269
1403,0.185546875,1.892578125,-0.572265625,-0.12520644037889672,27,1712137671269
1403,-0.328125,1.943359375,-0.7265625,-0.12520644037889672,28,1712137671269
1403,-0.580078125,1.171875,-1.59375,0.0,9,1712137671269
1404,0.228515625,1.75390625,-0.478515625,0.0,21,1712137671369
1404,0.1171875,1.7734375,-0.58203125,0.0,129,1712137671369
1404,0.119140625,1.82421875,-0.55078125,0.0,389,1712137671369
1404,0.060546875,1.869140625,-0.541015625,0.0,537,1712137671369
1404,0.125,1.91015625,-0.5234375,0.0,366,1712137671369
1404,0.126953125,1.947265625,-0.537109375,0.0,121,1712137671369
1404,0.2578125,1.9609375,-0.58203125,0.0,26,1712137671369
1404,0.13671875,1.994140625,-0.861328125,0.0,15,1712137671369
1404,4.068359375,0.0,-1.6015625,0.0,14,1712137671369
1404,0.115234375,1.818359375,-0.19140625,0.12520644037889672,65,1712137671369
1404,0.05859375,1.822265625,-0.416015625,0.12520644037889672,283,1712137671369
1404,0.119140625,1.857421875,-0.421875,0.12520644037889672,756,1712137671369
1404,0.060546875,1.900390625,-0.41796875,0.12520644037889672,1034,1712137671369
1404,0.125,1.94140625,-0.396484375,0.12520644037889672,697,1712137671369
1404,0.126953125,1.978515625,-0.40234375,0.12520644037889672,225,1712137671369
1404,0.2578125,1.9921875,-0.4609375,0.12520644037889672,51,1712137671369
1404,-4.162109375,0.0,-1.458984375,0.12520644037889672,33,1712137671369
1404,4.068359375,0.0,-1.314453125,0.12520644037889672,40,1712137671369
1404,-4.23828125,0.0,-1.203125,0.12520644037889672,28,1712137671369
1404,0.111328125,1.78515625,0.1484375,0.25041288075779344,45,1712137671369
1404,0.171875,1.82421875,0.046875,0.25041288075779344,124,1712137671369
1404,0.1171875,1.86328125,-0.130859375,0.25041288075779344,231,1712137671369
1404,0.060546875,1.88671875,-0.28125,0.25041288075779344,439,1712137671369
1404,0.060546875,1.923828125,-0.298828125,0.25041288075779344,570,1712137671369
1404,0.0625,1.958984375,-0.310546875,0.25041288075779344,377,1712137671369
1404,0.126953125,1.99609375,-0.302734375,0.25041288075779344,117,1712137671369
1404,0.2578125,2.02734375,-0.275390625,0.25041288075779344,33,1712137671369
1404,4.03125,0.0,-1.099609375,0.25041288075779344,35,1712137671369
1404,-4.19921875,0.0,-0.974609375,0.25041288075779344,47,1712137671369
1404,-4.23828125,0.0,-0.859375,0.25041288075779344,35,1712137671369
1404,0.111328125,1.775390625,0.240234375,0.37561932113669017,30,1712137671369
1404,0.171875,1.818359375,0.146484375,0.37561932113669017,81,1712137671369
1404,0.17578125,1.859375,0.115234375,0.37561932113669017,96,1712137671369
1404,0.119140625,1.900390625,0.12890625,0.37561932113669017,60,1712137671369
1404,0.12109375,1.939453125,-0.126953125,0.37561932113669017,40,1712137671369
1404,-4.068359375,0.82421875,-0.63671875,0.37561932113669017,22,1712137671369
1404,0.12109375,1.810546875,-0.70703125,-0.25041288075779344,21,1712137671369
1404,0.0,1.9375,-0.98828125,-0.25041288075779344,23,1712137671369
1404,0.0,2.060546875,-0.810546875,-0.25041288075779344,23,1712137671369
1404,0.060546875,1.794921875,-0.646484375,-0.12520644037889672,31,1712137671369
1404,0.12109375,1.841796875,-0.6171875,-0.12520644037889672,39,1712137671369
1404,0.125,1.900390625,-0.55859375,-0.12520644037889672,30,1712137671369
1404,-2.755859375,1.978515625,2.474609375,0.0,9,1712137671369
1404,-2.73046875,0.845703125,3.0234375,0.12520644037889672,20,1712137671369
1404,-2.755859375,0.939453125,3.025390625,0.12520644037889672,24,1712137671369
1404,-2.78125,1.560546875,2.791015625,0.12520644037889672,16,1712137671369
1404,-0.130859375,4.09375,-0.734375,0.25041288075779344,22,1712137671369
1404,-2.625,0.0,3.541015625,0.25041288075779344,26,1712137671369
1404,0.0,4.1875,-0.314453125,0.37561932113669017,12,1712137671369
1405,0.28125,1.76953125,-0.08203125,0.0,25,1712137671469
1405,0.228515625,1.818359375,-0.044921875,0.0,32,1712137671469
1405,0.41015625,1.818359375,-0.150390625,0.0,12,1712137671469
1405,0.4765625,1.8046875,-0.3984375,0.0,31,1712137671469
1405,0.0,1.9296875,-0.251953125,0.0,72,1712137671469
1405,0.185546875,1.94140625,-0.373046875,0.0,107,1712137671469
1405,0.251953125,1.9609375,-0.42578125,0.0,75,1712137671469
1405,0.322265625,1.970703125,-0.513671875,0.0,26,1712137671469
1405,-0.201171875,2.072265625,-0.482421875,0.0,18,1712137671469
1405,-0.203125,2.046875,-0.7109375,0.0,18,1712137671469
1405,0.28125,1.771484375,0.03125,0.12520644037889672,52,1712137671469
1405,0.228515625,1.81640625,0.064453125,0.12520644037889672,69,1712137671469
1405,0.466796875,1.810546875,-0.044921875,0.12520644037889672,34,1712137671469
1405,-0.119140625,1.8125,-0.587890625,0.12520644037889672,67,1712137671469
1405,0.0,1.939453125,-0.162109375,0.12520644037889672,157,1712137671469
1405,0.0625,1.98046875,-0.1328125,0.12520644037889672,213,1712137671469
1405,0.189453125,2.0,-0.2421875,0.12520644037889672,145,1712137671469
1405,0.2578125,2.01953125,-0.318359375,0.12520644037889672,52,1712137671469
1405,0.28125,1.76953125,0.103515625,0.25041288075779344,41,1712137671469
1405,0.228515625,1.810546875,0.16796875,0.25041288075779344,61,1712137671469
1405,0.29296875,1.841796875,0.15625,0.25041288075779344,41,1712137671469
1405,0.41796875,1.85546875,0.1640625,0.25041288075779344,51,1712137671469
1405,0.0,1.947265625,-0.025390625,0.25041288075779344,70,1712137671469
1405,0.125,1.98046875,-0.044921875,0.25041288075779344,113,1712137671469
1405,0.126953125,2.01953125,-0.0234375,0.25041288075779344,81,1712137671469
1405,0.193359375,2.048828125,-0.12890625,0.25041288075779344,28,1712137671469
1405,0.234375,1.83984375,0.248046875,0.37561932113669017,15,1712137671469
1405,0.060546875,1.82421875,-0.556640625,-0.12520644037889672,24,1712137671469
1405,0.12109375,1.857421875,-0.572265625,-0.12520644037889672,39,1712137671469
1405,0.125,1.912109375,-0.517578125,-0.12520644037889672,35,1712137671469
1405,0.0625,1.953125,-0.52734375,-0.12520644037889672,20,1712137671469
1405,-0.26171875,1.9921875,-0.607421875,-0.12520644037889672,28,1712137671469
1405,-0.1328125,2.05078125,-0.58984375,-0.12520644037889672,41,1712137671469
1405,-0.13671875,2.009765625,-0.822265625,-0.12520644037889672,37,1712137671469
1405,-0.17578125,1.076171875,1.51953125,0.0,12,1712137671469
1405,-0.1796875,1.849609375,-0.43359375,0.0,31,1712137671469
1405,-0.17578125,0.798828125,1.681640625,0.12520644037889672,26,1712137671469
1405,0.4765625,1.77734375,0.50390625,0.12520644037889672,63,1712137671469
1405,-0.23828125,1.5546875,-1.08203125,0.25041288075779344,31,1712137671469
1406,0.224609375,1.75390625,-0.306640625,0.0,12,1712137671570
1406,0.287109375,1.796875,-0.2109375,0.0,37,1712137671570
1406,0.29296875,1.841796875,-0.158203125,0.0,86,1712137671570
1406,0.23828125,1.892578125,-0.064453125,0.0,94,1712137671570
1406,-0.12109375,1.83203125,0.646484375,0.0,33,1712137671570
1406,0.373046875,1.822265625,-0.69140625,0.0,118,1712137671570
1406,0.37890625,1.880859375,-0.64453125,0.0,128,1712137671570
1406,0.322265625,1.94921875,-0.591796875,0.0,60,1712137671570
1406,-0.26171875,1.99609375,-0.59375,0.0,23,1712137671570
1406,-0.201171875,2.05859375,-0.5390625,0.0,31,1712137671570
1406,-0.13671875,2.080078125,-0.623046875,0.0,29,1712137671570
1406,-0.138671875,2.123046875,-0.615234375,0.0,17,1712137671570
1406,0.28125,1.76953125,-0.09765625,0.12520644037889672,23,1712137671570
1406,0.34375,1.796875,-0.115234375,0.12520644037889672,69,1712137671570
1406,0.29296875,1.84765625,-0.0390625,0.12520644037889672,160,1712137671570
1406,0.1796875,1.8984375,0.09765625,0.12520644037889672,178,1712137671570
1406,-0.12109375,1.654296875,1.01953125,0.12520644037889672,73,1712137671570
1406,0.373046875,1.86328125,-0.57421875,0.12520644037889672,246,1712137671570
1406,0.31640625,1.931640625,-0.513671875,0.12520644037889672,262,1712137671570
1406,0.2578125,1.984375,-0.49609375,0.12520644037889672,124,1712137671570
1406,0.130859375,2.044921875,-0.45703125,0.12520644037889672,29,1712137671570
1406,0.287109375,1.810546875,0.03515625,0.25041288075779344,36,1712137671570
1406,0.234375,1.853515625,0.095703125,0.25041288075779344,80,1712137671570
1406,0.1796875,1.890625,0.18359375,0.25041288075779344,87,1712137671570
1406,-0.12109375,1.67578125,0.984375,0.25041288075779344,32,1712137671570
1406,0.373046875,1.88671875,-0.49609375,0.25041288075779344,102,1712137671570
1406,0.31640625,1.955078125,-0.412109375,0.25041288075779344,109,1712137671570
1406,0.2578125,2.01171875,-0.369140625,0.25041288075779344,52,1712137671570
1406,0.0,1.884765625,-0.927734375,-0.25041288075779344,21,1712137671570
1406,-0.06640625,1.94921875,-0.876953125,-0.25041288075779344,30,1712137671570
1406,-0.068359375,1.96484375,-0.931640625,-0.25041288075779344,28,1712137671570
1406,0.0,1.521484375,-1.15234375,-0.12520644037889672,20,1712137671570
1406,0.0,1.185546875,-1.544921875,-0.12520644037889672,22,1712137671570
1406,0.373046875,1.79296875,-0.763671875,-0.12520644037889672,41,1712137671570
1406,0.251953125,1.837890625,-0.80859375,-0.12520644037889672,42,1712137671570
1406,0.0,1.947265625,-0.677734375,-0.12520644037889672,37,1712137671570
1406,-0.130859375,1.99609375,-0.640625,-0.12520644037889672,52,1712137671570
1406,-0.1328125,2.01953125,-0.689453125,-0.12520644037889672,66,1712137671570
1406,-0.068359375,2.033203125,-0.771484375,-0.12520644037889672,59,1712137671570
1406,-0.068359375,2.0703125,-0.78515625,-0.12520644037889672,32,1712137671570
1406,2.49609375,0.0,2.869140625,-0.12520644037889672,15,1712137671570
1406,2.5234375,0.0,2.904296875,-0.12520644037889672,15,1712137671570
1406,0.609375,1.458984375,-1.13671875,0.0,25,1712137671570
1406,-0.38671875,1.453125,1.41015625,0.0,33,1712137671570
1406,0.525390625,1.0546875,-1.73828125,0.0,17,1712137671570
1406,0.546875,1.62890625,-0.916015625,0.12520644037889672,57,1712137671570
1406,-1.837890625,0.939453125,-0.38671875,0.12520644037889672,17,1712137671570
1406,0.609375,1.572265625,-0.97265625,0.25041288075779344,22,1712137671570
1406,-3.0390625,1.333984375,-1.025390625,-0.12520644037889672,13,1712137671570
1406,-3.072265625,1.40625,-0.955078125,-0.12520644037889672,13,1712137671570
1407,0.34375,1.763671875,-0.359375,0.0,12,1712137671670
1407,0.3515625,1.826171875,-0.201171875,0.0,11,1712137671670
1407,0.1796875,1.7265625,-0.79296875,0.0,14,1712137671670
1407,0.244140625,1.88671875,-0.4140625,0.0,59,1712137671670
1407,0.248046875,1.9375,-0.349609375,0.0,91,1712137671670
1407,0.31640625,1.96875,-0.34375,0.0,82,1712137671670
1407,0.38671875,2.00390625,-0.296875,0.0,50,1712137671670
1407,0.0,1.990234375,-0.671875,0.0,17,1712137671670
1407,-0.1328125,2.033203125,-0.650390625,0.0,23,1712137671670
1407,-0.203125,2.064453125,-0.654296875,0.0,19,1712137671670
1407,0.34375,1.791015625,-0.17578125,0.12520644037889672,26,1712137671670
1407,0.29296875,1.84765625,0.01953125,0.12520644037889672,27,1712137671670
1407,0.1796875,1.857421875,-0.40625,0.12520644037889672,48,1712137671670
1407,0.244140625,1.90625,-0.31640625,0.12520644037889672,162,1712137671670
1407,0.248046875,1.951171875,-0.2734375,0.12520644037889672,246,1712137671670
1407,0.251953125,1.990234375,-0.2578125,0.12520644037889672,202,1712137671670
1407,0.322265625,2.0078125,-0.33984375,0.12520644037889672,106,1712137671670
1407,0.26171875,2.048828125,-0.37890625,0.12520644037889672,34,1712137671670
1407,0.244140625,1.923828125,-0.173828125,0.25041288075779344,61,1712137671670
1407,0.185546875,1.97265625,-0.109375,0.25041288075779344,93,1712137671670
1407,0.251953125,2.00390625,-0.125,0.25041288075779344,81,1712137671670
1407,0.2578125,2.0390625,-0.1640625,0.25041288075779344,45,1712137671670
1407,0.244140625,1.791015625,-0.724609375,-0.25041288075779344,20,1712137671670
1407,0.248046875,1.826171875,-0.736328125,-0.25041288075779344,29,1712137671670
1407,0.189453125,1.859375,-0.775390625,-0.25041288075779344,23,1712137671670
1407,-0.130859375,1.94921875,-0.76953125,-0.25041288075779344,20,1712137671670
1407,-0.1328125,1.97265625,-0.814453125,-0.25041288075779344,20,1712137671670
1407,0.1796875,1.833984375,-0.5,-0.12520644037889672,26,1712137671670
1407,0.244140625,1.845703125,-0.572265625,-0.12520644037889672,63,1712137671670
1407,0.248046875,1.88671875,-0.564453125,-0.12520644037889672,88,1712137671670
1407,0.189453125,1.916015625,-0.623046875,-0.12520644037889672,69,1712137671670
1407,0.0,1.96484375,-0.623046875,-0.12520644037889672,49,1712137671670
1407,-0.130859375,1.998046875,-0.634765625,-0.12520644037889672,52,1712137671670
1407,-0.1328125,2.017578125,-0.69140625,-0.12520644037889672,53,1712137671670
1407,-0.203125,2.037109375,-0.740234375,-0.12520644037889672,41,1712137671670
1407,-0.138671875,2.087890625,-0.72265625,-0.12520644037889672,23,1712137671670
1407,2.548828125,0.0,3.1640625,-0.12520644037889672,25,1712137671670
1407,2.46875,0.0,3.07421875,-0.12520644037889672,24,1712137671670
1407,-2.97265625,1.615234375,-0.314453125,-0.12520644037889672,22,1712137671670
1407,-3.005859375,1.625,-0.3515625,-0.12520644037889672,21,1712137671670
1408,0.357421875,1.83984375,-0.361328125,0.0,14,1712137671771
1408,0.3046875,1.873046875,-0.43359375,0.0,18,1712137671771
1408,0.248046875,1.8984375,-0.5234375,0.0,23,1712137671771
1408,0.37890625,1.8984375,-0.58984375,0.0,31,1712137671771
1408,0.322265625,1.869140625,-0.80859375,0.0,27,1712137671771
1408,0.26171875,1.90234375,-0.849609375,0.0,13,1712137671771
1408,0.3515625,1.833984375,-0.12109375,0.12520644037889672,33,1712137671771
1408,0.357421875,1.86328125,-0.203125,0.12520644037889672,56,1712137671771
1408,0.3046875,1.892578125,-0.3359375,0.12520644037889672,69,1712137671771
1408,0.248046875,1.94140625,-0.3359375,0.12520644037889672,82,1712137671771
1408,0.251953125,1.978515625,-0.341796875,0.12520644037889672,80,1712137671771
1408,0.38671875,1.998046875,-0.333984375,0.12520644037889672,65,1712137671771
1408,0.328125,2.03125,-0.4140625,0.12520644037889672,32,1712137671771
1408,0.244140625,1.921875,-0.1875,0.25041288075779344,23,1712137671771
1408,0.185546875,1.96875,-0.1796875,0.25041288075779344,28,1712137671771
1408,0.31640625,1.98828125,-0.205078125,0.25041288075779344,31,1712137671771
1408,0.322265625,2.0234375,-0.234375,0.25041288075779344,26,1712137671771
1408,0.41015625,1.806640625,-0.263671875,-0.12520644037889672,20,1712137671771
1408,0.357421875,1.8359375,-0.376953125,-0.12520644037889672,33,1712137671771
1408,0.3046875,1.859375,-0.4921875,-0.12520644037889672,41,1712137671771
1408,0.248046875,1.89453125,-0.537109375,-0.12520644037889672,45,1712137671771
1408,0.189453125,1.916015625,-0.623046875,-0.12520644037889672,36,1712137671771
1408,-0.12890625,1.8125,-0.97265625,-0.12520644037889672,30,1712137671771
1408,-0.197265625,1.84375,-0.986328125,-0.12520644037889672,21,1712137671771
1408,-0.38671875,1.947265625,0.556640625,0.0,15,1712137671771
1408,-0.328125,2.0390625,0.373046875,0.0,11,1712137671771
1408,0.525390625,2.0,0.361328125,-0.12520644037889672,11,1712137671771
1409,0.181640625,1.908203125,-0.341796875,0.0,10,1712137671871
1409,0.185546875,1.935546875,-0.404296875,0.0,10,1712137671871
1409,0.1796875,1.892578125,-0.181640625,0.12520644037889672,30,1712137671871
1409,0.181640625,1.92578125,-0.220703125,0.12520644037889672,42,1712137671871
1409,0.125,1.970703125,-0.1953125,0.12520644037889672,36,1712137671871
1409,0.181640625,1.849609375,-0.580078125,-0.25041288075779344,18,1712137671871
1409,0.29296875,1.828125,-0.26953125,-0.12520644037889672,18,1712137671871
1409,0.23828125,1.84765625,-0.412109375,-0.12520644037889672,39,1712137671871
1409,0.181640625,1.880859375,-0.466796875,-0.12520644037889672,57,1712137671871
1409,0.185546875,1.92578125,-0.443359375,-0.12520644037889672,52,1712137671871
1409,0.126953125,1.95703125,-0.498046875,-0.12520644037889672,31,1712137671871
1409,0.0,1.951171875,-0.662109375,-0.12520644037889672,21,1712137671871
1410,0.287109375,1.80859375,-0.083984375,0.0,16,1712137671971
1410,0.29296875,1.841796875,-0.134765625,0.0,35,1712137671971
1410,0.23828125,1.88671875,-0.173828125,0.0,49,1712137671971
1410,0.181640625,1.923828125,-0.23046875,0.0,53,1712137671971
1410,0.185546875,1.96484375,-0.212890625,0.0,46,1712137671971
1410,0.251953125,2.001953125,-0.16015625,0.0,33,1712137671971
1410,0.2578125,2.03515625,-0.19921875,0.0,16,1712137671971
1410,0.29296875,1.84765625,0.021484375,0.12520644037889672,30,1712137671971
1410,0.1796875,1.900390625,-0.0546875,0.12520644037889672,44,1712137671971
1410,0.181640625,1.9375,-0.078125,0.12520644037889672,51,1712137671971
1410,0.125,1.978515625,-0.09375,0.12520644037889672,43,1712137671971
1410,0.126953125,2.01953125,-0.01953125,0.12520644037889672,26,1712137671971
1410,0.29296875,1.822265625,-0.3046875,-0.25041288075779344,34,1712137671971
1410,0.298828125,1.8515625,-0.359375,-0.25041288075779344,48,1712137671971
1410,0.181640625,1.88671875,-0.4453125,-0.25041288075779344,54,1712137671971
1410,0.185546875,1.91796875,-0.478515625,-0.25041288075779344,47,1712137671971
1410,0.251953125,1.9609375,-0.431640625,-0.25041288075779344,32,1712137671971
1410,0.287109375,1.796875,-0.22265625,-0.12520644037889672,41,1712137671971
1410,0.29296875,1.83203125,-0.240234375,-0.12520644037889672,90,1712137671971
1410,0.23828125,1.87109375,-0.2890625,-0.12520644037889672,127,1712137671971
1410,0.244140625,1.900390625,-0.34765625,-0.12520644037889672,140,1712137671971
1410,0.185546875,1.947265625,-0.3359375,-0.12520644037889672,123,1712137671971
1410,0.251953125,1.98828125,-0.27734375,-0.12520644037889672,81,1712137671971
1410,0.193359375,2.037109375,-0.248046875,-0.12520644037889672,38,1712137671971
1411,0.34375,1.798828125,-0.064453125,0.0,40,1712137672072
1411,0.41015625,1.82421875,-0.05859375,0.0,91,1712137672072
1411,0.357421875,1.87109375,-0.10546875,0.0,102,1712137672072
1411,0.244140625,1.91796875,-0.232421875,0.0,66,1712137672072
1411,0.125,1.94921875,-0.3515625,0.0,35,1712137672072
1411,0.126953125,2.005859375,-0.2265625,0.0,15,1712137672072
1411,0.234375,1.84765625,-0.1796875,0.12520644037889672,21,1712137672072
1411,0.1796875,1.8828125,-0.26171875,0.12520644037889672,46,1712137672072
1411,0.12109375,1.92578125,-0.259765625,0.12520644037889672,63,1712137672072
1411,0.185546875,1.966796875,-0.201171875,0.12520644037889672,50,1712137672072
1411,0.126953125,2.017578125,0.064453125,0.12520644037889672,22,1712137672072
1411,0.060546875,1.94140625,-0.123046875,0.25041288075779344,20,1712137672072
1411,0.400390625,1.765625,-0.28125,-0.25041288075779344,33,1712137672072
1411,0.41015625,1.80078125,-0.294921875,-0.25041288075779344,78,1712137672072
1411,0.357421875,1.83984375,-0.359375,-0.25041288075779344,90,1712137672072
1411,0.3046875,1.859375,-0.494140625,-0.25041288075779344,64,1712137672072
1411,0.185546875,1.884765625,-0.59375,-0.25041288075779344,37,1712137672072
1411,0.189453125,1.970703125,-0.421875,-0.25041288075779344,17,1712137672072
1411,0.400390625,1.77734375,-0.1953125,-0.12520644037889672,78,1712137672072
1411,0.3515625,1.826171875,-0.19921875,-0.12520644037889672,177,1712137672072
1411,0.357421875,1.85546875,-0.267578125,-0.12520644037889672,213,1712137672072
1411,0.3046875,1.884765625,-0.384765625,-0.12520644037889672,170,1712137672072
1411,0.185546875,1.921875,-0.4609375,-0.12520644037889672,109,1712137672072
1411,0.189453125,1.9921875,-0.298828125,-0.12520644037889672,47,1712137672072
1411,0.193359375,2.052734375,-0.01171875,-0.12520644037889672,17,1712137672072
1412,0.3515625,1.8046875,0.34765625,0.0,24,1712137672172
1412,0.298828125,1.8828125,0.099609375,0.0,27,1712137672172
1412,0.365234375,1.912109375,-0.017578125,0.0,29,1712137672172
1412,0.373046875,1.94921875,-0.0546875,0.0,44,1712137672172
1412,0.37890625,1.984375,-0.103515625,0.0,43,1712137672172
1412,0.322265625,2.02734375,-0.197265625,0.0,22,1712137672172
1412,0.119140625,1.86328125,-0.396484375,0.12520644037889672,26,1712137672172
1412,0.181640625,1.908203125,-0.337890625,0.12520644037889672,42,1712137672172
1412,0.185546875,1.953125,-0.3046875,0.12520644037889672,37,1712137672172
1412,0.251953125,1.99609375,-0.212890625,0.12520644037889672,25,1712137672172
1412,-0.197265625,2.0078125,-0.578125,0.12520644037889672,16,1712137672172
1412,-0.1328125,2.06640625,-0.53125,0.12520644037889672,21,1712137672172
1412,-0.203125,2.076171875,-0.6171875,0.12520644037889672,17,1712137672172
1412,0.3515625,1.833984375,0.123046875,-0.25041288075779344,18,1712137672172
1412,0.298828125,1.87109375,-0.2265625,-0.25041288075779344,22,1712137672172
1412,0.42578125,1.87109375,-0.33203125,-0.25041288075779344,22,1712137672172
1412,0.43359375,1.9140625,-0.302734375,-0.25041288075779344,38,1712137672172
1412,0.443359375,1.93359375,-0.400390625,-0.25041288075779344,41,1712137672172
1412,0.38671875,1.970703125,-0.46875,-0.25041288075779344,21,1712137672172
1412,0.287109375,1.63671875,0.771484375,-0.12520644037889672,21,1712137672172
1412,0.29296875,1.83203125,0.234375,-0.12520644037889672,36,1712137672172
1412,0.298828125,1.87890625,-0.166015625,-0.12520644037889672,52,1712137672172
1412,0.365234375,1.890625,-0.283203125,-0.12520644037889672,55,1712137672172
1412,0.43359375,1.923828125,-0.21875,-0.12520644037889672,83,1712137672172
1412,0.443359375,1.953125,-0.2890625,-0.12520644037889672,89,1712137672172
1412,0.451171875,1.98046875,-0.357421875,-0.12520644037889672,48,1712137672172
1413,0.28125,1.771484375,-0.009765625,0.0,26,1712137672274
1413,0.34375,1.80078125,-0.005859375,0.0,59,1712137672274
1413,0.29296875,1.84765625,-0.001953125,0.0,64,1712137672274
1413,0.298828125,1.884765625,0.01953125,0.0,31,1712137672274
1413,0.31640625,1.947265625,-0.451171875,0.0,20,1712137672274
1413,0.322265625,1.951171875,-0.58203125,0.0,15,1712137672274
1413,-0.197265625,2.052734375,-0.39453125,0.0,15,1712137672274
1413,0.31640625,1.990234375,-0.181640625,0.12520644037889672,22,1712137672274
1413,0.0,2.013671875,-0.443359375,0.12520644037889672,23,1712137672274
1413,-0.197265625,2.01171875,-0.56640625,0.12520644037889672,28,1712137672274
1413,-0.201171875,2.08203125,-0.44140625,0.12520644037889672,23,1712137672274
1413,0.3359375,1.751953125,-0.1875,-0.25041288075779344,22,1712137672274
1413,0.34375,1.7890625,-0.203125,-0.25041288075779344,49,1712137672274
1413,0.3515625,1.826171875,-0.208984375,-0.25041288075779344,53,1712137672274
1413,0.298828125,1.87890625,-0.15234375,-0.25041288075779344,26,1712137672274
1413,0.37890625,1.873046875,-0.666015625,-0.25041288075779344,19,1712137672274
1413,0.322265625,1.921875,-0.671875,-0.25041288075779344,16,1712137672274
1413,0.3359375,1.759765625,-0.083984375,-0.12520644037889672,48,1712137672274
1413,0.34375,1.796875,-0.11328125,-0.12520644037889672,113,1712137672274
1413,0.3515625,1.83203125,-0.12890625,-0.12520644037889672,125,1712137672274
1413,0.298828125,1.884765625,-0.02734375,-0.12520644037889672,60,1712137672274
1413,0.185546875,1.765625,-0.890625,-0.12520644037889672,21,1712137672274
1413,0.37890625,1.91015625,-0.546875,-0.12520644037889672,52,1712137672274
1413,0.322265625,1.962890625,-0.5390625,-0.12520644037889672,43,1712137672274
1413,0.328125,2.03125,-0.421875,-0.12520644037889672,15,1712137672274
1413,-0.2578125,2.03515625,0.2109375,0.0,15,1712137672274
1413,-0.49609375,1.26171875,1.44921875,-0.12520644037889672,17,1712137672274
1414,0.3359375,1.76171875,-0.056640625,0.0,20,1712137672374
1414,0.34375,1.798828125,-0.0703125,0.0,52,1712137672374
1414,0.29296875,1.845703125,-0.078125,0.0,62,1712137672374
1414,0.23828125,1.892578125,-0.07421875,0.0,35,1712137672374
1414,0.12109375,1.939453125,0.107421875,0.0,20,1712137672374
1414,0.373046875,1.927734375,-0.2890625,0.0,36,1712137672374
1414,0.31640625,1.96484375,-0.36328125,0.0,38,1712137672374
1414,0.064453125,1.978515625,-0.572265625,0.0,30,1712137672374
1414,-0.130859375,2.0,-0.626953125,0.0,31,1712137672374
1414,-0.201171875,2.0390625,-0.61328125,0.0,18,1712137672374
1414,0.287109375,1.810546875,0.03125,0.12520644037889672,21,1712137672374
1414,0.29296875,1.84765625,0.029296875,0.12520644037889672,26,1712137672374
1414,0.1796875,1.892578125,-0.169921875,0.12520644037889672,20,1712137672374
1414,-0.251953125,1.890625,-0.67578125,0.12520644037889672,39,1712137672374
1414,-0.2578125,1.919921875,-0.705078125,0.12520644037889672,65,1712137672374
1414,-0.197265625,1.99609375,-0.619140625,0.12520644037889672,65,1712137672374
1414,-0.201171875,2.05859375,-0.54296875,0.12520644037889672,36,1712137672374
1414,-0.2578125,1.96484375,-0.56640625,0.25041288075779344,26,1712137672374
1414,-0.197265625,2.037109375,-0.466796875,0.25041288075779344,27,1712137672374
1414,0.287109375,1.78125,-0.32421875,-0.25041288075779344,44,1712137672374
1414,0.3515625,1.806640625,-0.337890625,-0.25041288075779344,55,1712137672374
1414,0.298828125,1.849609375,-0.3671875,-0.25041288075779344,34,1712137672374
1414,0.12109375,1.935546875,-0.173828125,-0.25041288075779344,21,1712137672374
1414,0.373046875,1.890625,-0.48046875,-0.25041288075779344,31,1712137672374
1414,0.37890625,1.88671875,-0.626953125,-0.25041288075779344,35,1712137672374
1414,0.451171875,1.892578125,-0.681640625,-0.25041288075779344,22,1712137672374
1414,0.3359375,1.75390625,-0.181640625,-0.12520644037889672,43,1712137672374
1414,0.34375,1.7890625,-0.189453125,-0.12520644037889672,109,1712137672374
1414,0.3515625,1.828125,-0.189453125,-0.12520644037889672,135,1712137672374
1414,0.298828125,1.87109375,-0.236328125,-0.12520644037889672,80,1712137672374
1414,0.12109375,1.9375,-0.13671875,-0.12520644037889672,52,1712137672374
1414,0.373046875,1.90625,-0.41015625,-0.12520644037889672,82,1712137672374
1414,0.37890625,1.921875,-0.50390625,-0.12520644037889672,93,1712137672374
1414,0.38671875,1.951171875,-0.541015625,-0.12520644037889672,57,1712137672374
1414,-0.328125,0.830078125,1.900390625,-0.12520644037889672,16,1712137672374
1414,0.443359375,1.966796875,-0.17578125,0.12520644037889672,33,1712137672374
1414,-0.322265625,1.564453125,1.302734375,-0.25041288075779344,14,1712137672374
1414,-0.322265625,1.466796875,1.412109375,-0.12520644037889672,35,1712137672374
1414,0.39453125,1.982421875,-0.56640625,-0.12520644037889672,15,1712137672374
1415,0.28125,1.771484375,-0.02734375,0.0,24,1712137672473
1415,0.287109375,1.80859375,-0.0390625,0.0,46,1712137672473
1415,0.29296875,1.845703125,-0.0625,0.0,43,1712137672473
1415,0.357421875,1.873046875,-0.1015625,0.0,27,1712137672473
1415,0.365234375,1.904296875,-0.173828125,0.0,42,1712137672473
1415,0.373046875,1.9296875,-0.28125,0.0,74,1712137672473
1415,0.37890625,1.962890625,-0.314453125,0.0,68,1712137672473
1415,0.322265625,2.02734375,-0.185546875,0.0,30,1712137672473
1415,2.49609375,0.0,2.796875,0.0,16,1712137672473
1415,2.4140625,0.0,2.677734375,0.0,13,1712137672473
1415,-4.19921875,0.0,-0.9296875,0.0,23,1712137672473
1415,4.10546875,0.6640625,-0.814453125,0.0,22,1712137672473
1415,0.287109375,1.810546875,-0.025390625,0.12520644037889672,18,1712137672473
1415,0.29296875,1.84765625,0.017578125,0.12520644037889672,13,1712137672473
1415,0.060546875,1.8515625,-0.45703125,0.12520644037889672,27,1712137672473
1415,0.060546875,1.896484375,-0.435546875,0.12520644037889672,43,1712137672473
1415,0.0,1.91796875,-0.51171875,0.12520644037889672,27,1712137672473
1415,2.46875,0.0,3.0078125,0.12520644037889672,28,1712137672473
1415,2.49609375,0.0,3.0390625,0.12520644037889672,30,1712137672473
1415,2.4140625,0.0,2.94921875,0.12520644037889672,25,1712137672473
1415,2.46875,0.0,3.203125,0.25041288075779344,17,1712137672473
1415,2.49609375,0.0,3.2578125,0.25041288075779344,16,1712137672473
1415,0.28125,1.744140625,-0.310546875,-0.25041288075779344,18,1712137672473
1415,0.287109375,1.791015625,-0.26171875,-0.25041288075779344,37,1712137672473
1415,0.29296875,1.828125,-0.263671875,-0.25041288075779344,34,1712137672473
1415,0.41796875,1.837890625,-0.306640625,-0.25041288075779344,19,1712137672473
1415,0.486328125,1.849609375,-0.361328125,-0.25041288075779344,28,1712137672473
1415,0.43359375,1.873046875,-0.490234375,-0.25041288075779344,57,1712137672473
1415,0.37890625,1.916015625,-0.529296875,-0.25041288075779344,55,1712137672473
1415,0.2578125,2.0,-0.427734375,-0.25041288075779344,26,1712137672473
1415,0.28125,1.763671875,-0.1640625,-0.12520644037889672,50,1712137672473
1415,0.34375,1.791015625,-0.17578125,-0.12520644037889672,95,1712137672473
1415,0.3515625,1.830078125,-0.173828125,-0.12520644037889672,85,1712137672473
1415,0.41796875,1.853515625,-0.1875,-0.12520644037889672,45,1712137672473
1415,0.486328125,1.873046875,-0.21484375,-0.12520644037889672,62,1712137672473
1415,0.43359375,1.8984375,-0.3828125,-0.12520644037889672,126,1712137672473
1415,0.37890625,1.93359375,-0.4609375,-0.12520644037889672,124,1712137672473
1415,0.2578125,2.015625,-0.34375,-0.12520644037889672,60,1712137672473
1415,0.197265625,2.068359375,-0.296875,-0.12520644037889672,25,1712137672473
1415,-4.162109375,0.0,-1.376953125,-0.12520644037889672,24,1712137672473
1415,-4.19921875,0.0,-1.2890625,-0.12520644037889672,45,1712137672473
1415,4.10546875,0.0,-1.22265625,-0.12520644037889672,41,1712137672473
1415,-3.1484375,1.34375,-0.591796875,0.0,14,1712137672473
1415,-3.18359375,1.265625,-0.775390625,0.0,13,1712137672473
1415,-2.755859375,0.0,3.61328125,0.0,14,1712137672473
1415,-2.78125,0.0,3.677734375,0.0,13,1712137672473
1415,-3.11328125,1.4296875,-0.2578125,0.12520644037889672,23,1712137672473
1415,-3.1484375,1.416015625,-0.390625,0.12520644037889672,25,1712137672473
1415,-3.29296875,1.115234375,-0.501953125,0.12520644037889672,23,1712137672473
1415,-3.220703125,1.1953125,-0.046875,0.25041288075779344,13,1712137672473
1415,-3.1484375,1.44921875,-0.23828125,0.25041288075779344,14,1712137672473
1415,-0.244140625,0.634765625,1.82421875,-0.25041288075779344,16,1712137672473
1415,-0.181640625,0.90625,-1.712890625,-0.12520644037889672,40,1712137672473
1415,-2.755859375,0.0,3.359375,-0.12520644037889672,25,1712137672473
1415,-2.78125,0.0,3.4375,-0.12520644037889672,25,1712137672473
1416,0.224609375,1.779296875,0.01171875,0.0,23,1712137672574
1416,0.228515625,1.818359375,0.021484375,0.0,47,1712137672574
1416,0.29296875,1.84765625,0.017578125,0.0,49,1712137672574
1416,0.298828125,1.830078125,0.44921875,0.0,24,1712137672574
1416,0.0,1.880859375,-0.5,0.0,16,1712137672574
1416,0.248046875,1.91796875,-0.447265625,0.0,47,1712137672574
1416,0.251953125,1.970703125,-0.3828125,0.0,53,1712137672574
1416,0.12890625,2.01953125,-0.390625,0.0,32,1712137672574
1416,-0.197265625,1.96484375,-0.71484375,0.0,27,1712137672574
1416,-0.267578125,1.994140625,-0.724609375,0.0,16,1712137672574
1416,0.171875,2.736328125,0.1875,0.0,26,1712137672574
1416,-4.19921875,0.0,-0.759765625,0.0,24,1712137672574
1416,-4.23828125,0.0,-0.6875,0.0,22,1712137672574
1416,0.228515625,1.814453125,0.1171875,0.12520644037889672,25,1712137672574
1416,0.1171875,1.865234375,-0.072265625,0.12520644037889672,38,1712137672574
1416,0.060546875,1.890625,-0.263671875,0.12520644037889672,69,1712137672574
1416,0.060546875,1.927734375,-0.26953125,0.12520644037889672,93,1712137672574
1416,0.0625,1.962890625,-0.2890625,0.12520644037889672,72,1712137672574
1416,-0.0625,1.96875,-0.458984375,0.12520644037889672,38,1712137672574
1416,-0.193359375,1.951171875,-0.638671875,0.12520644037889672,48,1712137672574
1416,-0.197265625,2.001953125,-0.60546875,0.12520644037889672,55,1712137672574
1416,-0.267578125,2.0390625,-0.583984375,0.12520644037889672,30,1712137672574
1416,0.0,2.099609375,-0.5703125,0.12520644037889672,23,1712137672574
1416,2.44140625,0.0,3.099609375,0.12520644037889672,25,1712137672574
1416,-3.11328125,1.390625,-0.41796875,0.12520644037889672,33,1712137672574
1416,0.0,1.90234375,-0.1640625,0.25041288075779344,26,1712137672574
1416,0.0,1.939453125,-0.17578125,0.25041288075779344,36,1712137672574
1416,0.0,1.9765625,-0.189453125,0.25041288075779344,27,1712137672574
1416,-0.26171875,2.033203125,-0.455078125,0.25041288075779344,22,1712137672574
1416,-3.080078125,1.421875,-0.20703125,0.25041288075779344,34,1712137672574
1416,-3.11328125,1.4453125,-0.150390625,0.25041288075779344,47,1712137672574
1416,-3.1484375,1.45703125,-0.185546875,0.25041288075779344,34,1712137672574
1416,-3.220703125,1.1953125,-0.017578125,0.37561932113669017,22,1712137672574
1416,-3.1484375,1.46875,-0.03515625,0.37561932113669017,18,1712137672574
1416,0.224609375,1.7734375,-0.162109375,-0.25041288075779344,20,1712137672574
1416,0.228515625,1.806640625,-0.201171875,-0.25041288075779344,42,1712137672574
1416,0.234375,1.83984375,-0.25,-0.25041288075779344,48,1712137672574
1416,0.1796875,1.884765625,-0.244140625,-0.25041288075779344,38,1712137672574
1416,0.373046875,1.826171875,-0.68359375,-0.25041288075779344,36,1712137672574
1416,0.37890625,1.900390625,-0.580078125,-0.25041288075779344,53,1712137672574
1416,0.322265625,1.984375,-0.455078125,-0.25041288075779344,38,1712137672574
1416,0.2578125,2.720703125,0.28515625,-0.25041288075779344,26,1712137672574
1416,-4.068359375,0.0,-1.3359375,-0.25041288075779344,25,1712137672574
1416,0.28125,1.76953125,-0.091796875,-0.12520644037889672,51,1712137672574
1416,0.287109375,1.806640625,-0.103515625,-0.12520644037889672,105,1712137672574
1416,0.234375,1.849609375,-0.158203125,-0.12520644037889672,121,1712137672574
1416,0.1796875,1.888671875,-0.20703125,-0.12520644037889672,98,1712137672574
1416,0.060546875,1.8515625,-0.599609375,-0.12520644037889672,63,1712137672574
1416,0.43359375,1.8359375,-0.615234375,-0.12520644037889672,52,1712137672574
1416,0.37890625,1.93359375,-0.45703125,-0.12520644037889672,83,1712137672574
1416,0.322265625,2.013671875,-0.296875,-0.12520644037889672,59,1712137672574
1416,0.328125,2.07421875,0.0,-0.12520644037889672,22,1712137672574
1416,0.2578125,2.685546875,0.529296875,-0.12520644037889672,39,1712137672574
1416,0.26171875,2.705078125,0.619140625,-0.12520644037889672,30,1712137672574
1416,-4.162109375,0.0,-1.302734375,-0.12520644037889672,27,1712137672574
1416,-4.19921875,0.0,-1.109375,-0.12520644037889672,43,1712137672574
1416,4.10546875,0.314453125,-1.001953125,-0.12520644037889672,36,1712137672574
1416,-3.080078125,1.375,-0.4140625,0.12520644037889672,25,1712137672574
1416,2.46875,0.0,3.080078125,0.12520644037889672,31,1712137672574
1416,2.44140625,0.0,3.220703125,0.25041288075779344,31,1712137672574
1416,2.361328125,0.0,3.314453125,0.25041288075779344,41,1712137672574
1416,2.49609375,0.0,3.37109375,0.25041288075779344,29,1712137672574
1416,2.361328125,0.0,-3.29296875,0.37561932113669017,18,1712137672574
1416,2.388671875,0.0,-3.333984375,0.37561932113669017,13,1712137672574
1417,0.16796875,1.787109375,-0.021484375,0.0,36,1712137672674
1417,0.171875,1.82421875,-0.00390625,0.0,65,1712137672674
1417,0.1171875,1.865234375,-0.087890625,0.0,54,1712137672674
1417,0.060546875,1.865234375,-0.404296875,0.0,78,1712137672674
1417,0.12109375,1.904296875,-0.3828125,0.0,161,1712137672674
1417,0.185546875,1.94921875,-0.322265625,0.0,182,1712137672674
1417,0.189453125,1.99609375,-0.265625,0.0,112,1712137672674
1417,0.12890625,2.04296875,-0.244140625,0.0,38,1712137672674
1417,-0.197265625,1.94921875,-0.755859375,0.0,27,1712137672674
1417,-0.201171875,2.001953125,-0.72265625,0.0,34,1712137672674
1417,-0.068359375,2.041015625,-0.75390625,0.0,29,1712137672674
1417,0.111328125,1.78125,0.1796875,0.12520644037889672,24,1712137672674
1417,0.115234375,1.82421875,0.125,0.12520644037889672,47,1712137672674
1417,0.05859375,1.869140625,-0.072265625,0.12520644037889672,68,1712137672674
1417,0.0,1.87890625,-0.3359375,0.12520644037889672,155,1712137672674
1417,0.0,1.919921875,-0.326171875,0.12520644037889672,249,1712137672674
1417,0.0,1.962890625,-0.30078125,0.12520644037889672,214,1712137672674
1417,-0.0625,2.0,-0.298828125,0.12520644037889672,96,1712137672674
1417,-0.193359375,1.9921875,-0.4921875,0.12520644037889672,38,1712137672674
1417,-0.26171875,1.984375,-0.6328125,0.12520644037889672,52,1712137672674
1417,-0.201171875,2.037109375,-0.619140625,0.12520644037889672,67,1712137672674
1417,-0.13671875,2.076171875,-0.63671875,0.12520644037889672,58,1712137672674
1417,0.0,2.0390625,-0.86328125,0.12520644037889672,32,1712137672674
1417,0.05859375,1.869140625,0.017578125,0.25041288075779344,24,1712137672674
1417,0.0,1.89453125,-0.2265625,0.25041288075779344,62,1712137672674
1417,-0.060546875,1.93359375,-0.21484375,0.25041288075779344,100,1712137672674
1417,0.0,1.974609375,-0.197265625,0.25041288075779344,84,1712137672674
1417,0.0,2.013671875,-0.193359375,0.25041288075779344,36,1712137672674
1417,-0.197265625,2.03515625,-0.48046875,0.25041288075779344,24,1712137672674
1417,-0.201171875,2.078125,-0.462890625,0.25041288075779344,32,1712137672674
1417,-0.13671875,2.109375,-0.51953125,0.25041288075779344,30,1712137672674
1417,0.244140625,1.791015625,-0.72265625,-0.37561932113669017,20,1712137672674
1417,0.310546875,1.85546875,-0.630859375,-0.37561932113669017,30,1712137672674
1417,0.31640625,1.900390625,-0.62109375,-0.37561932113669017,25,1712137672674
1417,-3.9375,1.439453125,-0.248046875,-0.37561932113669017,28,1712137672674
1417,-3.97265625,1.42578125,-0.375,-0.37561932113669017,25,1712137672674
1417,0.16796875,1.775390625,-0.201171875,-0.25041288075779344,32,1712137672674
1417,0.171875,1.80859375,-0.244140625,-0.25041288075779344,59,1712137672674
1417,0.17578125,1.833984375,-0.32421875,-0.25041288075779344,54,1712137672674
1417,0.298828125,1.791015625,-0.58984375,-0.25041288075779344,39,1712137672674
1417,0.365234375,1.826171875,-0.568359375,-0.25041288075779344,113,1712137672674
1417,0.373046875,1.875,-0.533203125,-0.25041288075779344,165,1712137672674
1417,0.31640625,1.94140625,-0.47265625,-0.25041288075779344,126,1712137672674
1417,0.322265625,1.998046875,-0.39453125,-0.25041288075779344,54,1712137672674
1417,0.1640625,1.7421875,-0.142578125,-0.12520644037889672,20,1712137672674
1417,0.16796875,1.783203125,-0.09375,-0.12520644037889672,86,1712137672674
1417,0.171875,1.8203125,-0.119140625,-0.12520644037889672,156,1712137672674
1417,0.17578125,1.853515625,-0.173828125,-0.12520644037889672,148,1712137672674
1417,0.1796875,1.86328125,-0.37109375,-0.12520644037889672,85,1712137672674
1417,0.365234375,1.845703125,-0.50390625,-0.12520644037889672,150,1712137672674
1417,0.373046875,1.904296875,-0.416015625,-0.12520644037889672,225,1712137672674
1417,0.31640625,1.96875,-0.33984375,-0.12520644037889672,165,1712137672674
1417,0.322265625,2.021484375,-0.236328125,-0.12520644037889672,66,1712137672674
1418,0.0,1.810546875,-0.466796875,0.0,15,1712137672775
1418,0.060546875,1.8671875,-0.396484375,0.0,63,1712137672775
1418,0.0,1.923828125,-0.30078125,0.0,128,1712137672775
1418,0.0,1.970703125,-0.240234375,0.0,128,1712137672775
1418,0.0,2.0234375,0.056640625,0.0,58,1712137672775
1418,-0.2578125,1.71875,-1.109375,0.0,54,1712137672775
1418,-0.26171875,1.890625,-0.875,0.0,85,1712137672775
1418,-0.267578125,1.96484375,-0.80078125,0.0,76,1712137672775
1418,-0.203125,2.048828125,-0.703125,0.0,46,1712137672775
1418,0.0,2.123046875,-0.630859375,0.0,27,1712137672775
1418,0.0,1.83203125,0.025390625,0.12520644037889672,22,1712137672775
1418,0.0,1.830078125,-0.392578125,0.12520644037889672,30,1712137672775
1418,-0.060546875,1.72265625,-0.818359375,0.12520644037889672,54,1712137672775
1418,-0.12109375,1.712890625,-0.91796875,0.12520644037889672,80,1712137672775
1418,-0.185546875,1.7421875,-0.93359375,0.12520644037889672,71,1712137672775
1418,-0.189453125,1.849609375,-0.794921875,0.12520644037889672,51,1712137672775
1418,-0.2578125,1.9140625,-0.71875,0.12520644037889672,103,1712137672775
1418,-0.26171875,1.96484375,-0.693359375,0.12520644037889672,159,1712137672775
1418,-0.267578125,2.015625,-0.662109375,0.12520644037889672,143,1712137672775
1418,-0.271484375,2.06640625,-0.623046875,0.12520644037889672,85,1712137672775
1418,-0.138671875,2.140625,-0.546875,0.12520644037889672,47,1712137672775
1418,0.0703125,2.134765625,-0.712890625,0.12520644037889672,32,1712137672775
1418,0.0,1.796875,-0.64453125,0.25041288075779344,22,1712137672775
1418,-0.12109375,1.81640625,-0.69140625,0.25041288075779344,37,1712137672775
1418,-0.185546875,1.87890625,-0.611328125,0.25041288075779344,34,1712137672775
1418,-0.189453125,1.9375,-0.55078125,0.25041288075779344,24,1712137672775
1418,-0.2578125,1.96484375,-0.5703125,0.25041288075779344,48,1712137672775
1418,-0.328125,2.001953125,-0.54296875,0.25041288075779344,74,1712137672775
1418,-0.333984375,2.046875,-0.51953125,0.25041288075779344,68,1712137672775
1418,-0.271484375,2.109375,-0.45703125,0.25041288075779344,42,1712137672775
1418,-0.138671875,2.16796875,-0.4296875,0.25041288075779344,26,1712137672775
1418,0.244140625,1.830078125,-0.6171875,-0.37561932113669017,20,1712137672775
1418,0.310546875,1.869140625,-0.591796875,-0.37561932113669017,27,1712137672775
1418,0.31640625,1.9140625,-0.576171875,-0.37561932113669017,22,1712137672775
1418,0.05859375,1.734375,-0.697265625,-0.25041288075779344,20,1712137672775
1418,0.1796875,1.732421875,-0.78125,-0.25041288075779344,56,1712137672775
1418,0.181640625,1.826171875,-0.65234375,-0.25041288075779344,111,1712137672775
1418,0.248046875,1.884765625,-0.57421875,-0.25041288075779344,122,1712137672775
1418,0.251953125,1.94921875,-0.484375,-0.25041288075779344,84,1712137672775
1418,0.2578125,1.98828125,-0.48046875,-0.25041288075779344,43,1712137672775
1418,0.275390625,2.92578125,0.076171875,-0.25041288075779344,28,1712137672775
1418,0.0,1.791015625,-0.12109375,-0.12520644037889672,24,1712137672775
1418,0.0,1.828125,-0.1328125,-0.12520644037889672,40,1712137672775
1418,0.05859375,1.775390625,-0.587890625,-0.12520644037889672,52,1712137672775
1418,0.119140625,1.787109375,-0.658203125,-0.12520644037889672,126,1712137672775
1418,0.12109375,1.86328125,-0.552734375,-0.12520644037889672,235,1712137672775
1418,0.125,1.9296875,-0.447265625,-0.12520644037889672,229,1712137672775
1418,0.126953125,1.99609375,-0.310546875,-0.12520644037889672,118,1712137672775
1418,0.193359375,2.0234375,-0.341796875,-0.12520644037889672,44,1712137672775
1418,0.451171875,1.8359375,0.8203125,0.0,29,1712137672775
1419,0.0,1.8359375,-0.359375,0.0,54,1712137672876
1419,0.060546875,1.873046875,-0.36328125,0.0,202,1712137672876
1419,0.0,1.916015625,-0.345703125,0.0,332,1712137672876
1419,0.0,1.955078125,-0.341796875,0.0,279,1712137672876
1419,0.0,1.994140625,-0.341796875,0.0,109,1712137672876
1419,-0.38671875,1.703125,-1.09765625,0.0,24,1712137672876
1419,-0.39453125,1.794921875,-1.017578125,0.0,22,1712137672876
1419,-0.333984375,1.861328125,-0.998046875,0.0,21,1712137672876
1419,-0.171875,1.822265625,0.06640625,0.12520644037889672,16,1712137672876
1419,0.0,1.861328125,-0.189453125,0.12520644037889672,28,1712137672876
1419,0.119140625,1.880859375,-0.306640625,0.12520644037889672,67,1712137672876
1419,0.181640625,1.93359375,-0.1484375,0.12520644037889672,76,1712137672876
1419,-0.373046875,1.818359375,-0.703125,0.12520644037889672,77,1712137672876
1419,-0.31640625,1.94140625,-0.4765625,0.12520644037889672,68,1712137672876
1419,-0.2578125,1.94921875,-0.62109375,0.12520644037889672,44,1712137672876
1419,-0.328125,1.923828125,-0.7734375,0.12520644037889672,41,1712137672876
1419,-0.333984375,1.943359375,-0.826171875,0.12520644037889672,38,1712137672876
1419,0.060546875,1.892578125,-0.2421875,0.25041288075779344,21,1712137672876
1419,-0.42578125,1.666015625,-0.912109375,0.25041288075779344,28,1712137672876
1419,-0.310546875,1.927734375,-0.357421875,0.25041288075779344,46,1712137672876
1419,-0.251953125,1.982421875,-0.310546875,0.25041288075779344,40,1712137672876
1419,-0.322265625,1.974609375,-0.498046875,0.25041288075779344,23,1712137672876
1419,-0.328125,1.9765625,-0.62890625,0.25041288075779344,20,1712137672876
1419,-3.587890625,0.0,-0.515625,0.25041288075779344,27,1712137672876
1419,-3.439453125,0.80078125,-0.369140625,0.37561932113669017,30,1712137672876
1419,-3.587890625,0.0,-0.37109375,0.37561932113669017,43,1712137672876
1419,-3.626953125,0.0,-0.3359375,0.37561932113669017,35,1712137672876
1419,0.12109375,1.84765625,-0.603515625,-0.37561932113669017,22,1712137672876
1419,0.125,1.90234375,-0.5546875,-0.37561932113669017,17,1712137672876
1419,0.05859375,1.755859375,-0.642578125,-0.25041288075779344,49,1712137672876
1419,0.060546875,1.796875,-0.640625,-0.25041288075779344,165,1712137672876
1419,0.12109375,1.84375,-0.611328125,-0.25041288075779344,254,1712137672876
1419,0.0625,1.892578125,-0.59375,-0.25041288075779344,194,1712137672876
1419,0.126953125,1.9375,-0.572265625,-0.25041288075779344,67,1712137672876
1419,0.193359375,1.923828125,-0.712890625,-0.25041288075779344,22,1712137672876
1419,-0.115234375,1.82421875,-0.123046875,-0.12520644037889672,25,1712137672876
1419,0.05859375,1.802734375,-0.494140625,-0.12520644037889672,121,1712137672876
1419,0.060546875,1.841796875,-0.5,-0.12520644037889672,407,1712137672876
1419,0.060546875,1.88671875,-0.4765625,-0.12520644037889672,629,1712137672876
1419,0.0625,1.931640625,-0.451171875,-0.12520644037889672,473,1712137672876
1419,0.0625,1.978515625,-0.416015625,-0.12520644037889672,167,1712137672876
1419,0.193359375,1.98828125,-0.505859375,-0.12520644037889672,38,1712137672876
1419,0.322265625,2.005859375,0.349609375,0.0,21,1712137672876
1419,-0.486328125,0.92578125,-1.642578125,0.12520644037889672,52,1712137672876
1419,0.310546875,1.89453125,0.5078125,0.12520644037889672,52,1712137672876
1419,0.244140625,1.927734375,0.134765625,0.25041288075779344,26,1712137672876
1419,2.21875,0.0,3.333984375,0.37561932113669017,17,1712137672876
1419,2.2421875,0.0,3.296875,0.37561932113669017,22,1712137672876
1420,-0.111328125,1.791015625,-0.0078125,0.0,21,1712137672975
1420,-0.115234375,1.828125,-0.0234375,0.0,33,1712137672975
1420,0.0,1.857421875,-0.2265625,0.0,54,1712137672975
1420,0.0,1.873046875,-0.3671875,0.0,125,1712137672975
1420,0.0,1.91796875,-0.3359375,0.0,167,1712137672975
1420,0.0,1.962890625,-0.291015625,0.0,120,1712137672975
1420,0.0,2.0078125,-0.25,0.0,48,1712137672975
1420,-0.267578125,1.9609375,-0.810546875,0.0,29,1712137672975
1420,-0.271484375,2.017578125,-0.767578125,0.0,35,1712137672975
1420,-0.20703125,2.0703125,-0.755859375,0.0,25,1712137672975
1420,-0.111328125,1.78515625,0.138671875,0.12520644037889672,38,1712137672975
1420,-0.171875,1.818359375,0.154296875,0.12520644037889672,56,1712137672975
1420,-0.1171875,1.861328125,0.140625,0.12520644037889672,48,1712137672975
1420,-0.060546875,1.89453125,-0.21875,0.12520644037889672,56,1712137672975
1420,-0.060546875,1.931640625,-0.2421875,0.12520644037889672,68,1712137672975
1420,-0.248046875,1.92578125,-0.416015625,0.12520644037889672,66,1712137672975
1420,-0.251953125,1.978515625,-0.337890625,0.12520644037889672,46,1712137672975
1420,-0.328125,1.943359375,-0.724609375,0.12520644037889672,32,1712137672975
1420,-0.333984375,2.0078125,-0.654296875,0.12520644037889672,50,1712137672975
1420,-0.203125,2.05859375,-0.673828125,0.12520644037889672,64,1712137672975
1420,-0.20703125,2.10546875,-0.65234375,0.12520644037889672,48,1712137672975
1420,-0.171875,1.802734375,0.275390625,0.25041288075779344,19,1712137672975
1420,-0.181640625,1.927734375,-0.20703125,0.25041288075779344,25,1712137672975
1420,-0.310546875,1.94140625,-0.28125,0.25041288075779344,30,1712137672975
1420,-0.333984375,2.044921875,-0.52734375,0.25041288075779344,25,1712137672975
1420,-0.271484375,2.08984375,-0.54296875,0.25041288075779344,33,1712137672975
1420,-0.27734375,2.13671875,-0.509765625,0.25041288075779344,26,1712137672975
1420,3.365234375,1.134765625,-0.521484375,0.37561932113669017,24,1712137672975
1420,-3.626953125,0.0,-0.4296875,0.37561932113669017,31,1712137672975
1420,3.4765625,0.87890625,-0.142578125,0.5008257615155869,20,1712137672975
1420,3.513671875,0.884765625,-0.162109375,0.5008257615155869,23,1712137672975
1420,-0.111328125,1.783203125,-0.16015625,-0.25041288075779344,27,1712137672975
1420,-0.115234375,1.818359375,-0.197265625,-0.25041288075779344,39,1712137672975
1420,0.0,1.8359375,-0.357421875,-0.25041288075779344,51,1712137672975
1420,0.060546875,1.81640625,-0.583984375,-0.25041288075779344,111,1712137672975
1420,0.060546875,1.865234375,-0.556640625,-0.25041288075779344,148,1712137672975
1420,0.0625,1.923828125,-0.48828125,-0.25041288075779344,109,1712137672975
1420,0.189453125,1.955078125,-0.484375,-0.25041288075779344,49,1712137672975
1420,-0.109375,1.748046875,-0.115234375,-0.12520644037889672,25,1712137672975
1420,-0.111328125,1.787109375,-0.107421875,-0.12520644037889672,74,1712137672975
1420,-0.056640625,1.828125,-0.10546875,-0.12520644037889672,110,1712137672975
1420,0.0,1.85546875,-0.23828125,-0.12520644037889672,132,1712137672975
1420,0.060546875,1.845703125,-0.482421875,-0.12520644037889672,268,1712137672975
1420,0.0,1.89453125,-0.44921875,-0.12520644037889672,347,1712137672975
1420,0.0625,1.9453125,-0.39453125,-0.12520644037889672,239,1712137672975
1420,0.126953125,1.98828125,-0.34765625,-0.12520644037889672,93,1712137672975
1420,0.12890625,2.029296875,-0.33984375,-0.12520644037889672,34,1712137672975
1420,-0.060546875,1.943359375,-0.087890625,0.25041288075779344,25,1712137672975
1421,-0.287109375,1.80859375,0.05078125,0.0,19,1712137673075
1421,0.05859375,1.78125,-0.56640625,0.0,13,1712137673075
1421,0.0,1.880859375,-0.3203125,0.0,45,1712137673075
1421,-0.12109375,1.9140625,-0.3359375,0.0,61,1712137673075
1421,-0.310546875,1.873046875,-0.58203125,0.0,59,1712137673075
1421,-0.37890625,1.888671875,-0.619140625,0.0,49,1712137673075
1421,0.0,1.86328125,-0.16015625,0.12520644037889672,27,1712137673075
1421,-0.119140625,1.8984375,-0.169921875,0.12520644037889672,78,1712137673075
1421,-0.181640625,1.92578125,-0.216796875,0.12520644037889672,118,1712137673075
1421,-0.248046875,1.955078125,-0.24609375,0.12520644037889672,142,1712137673075
1421,-0.31640625,1.98046875,-0.2734375,0.12520644037889672,116,1712137673075
1421,-0.322265625,2.005859375,-0.35546875,0.12520644037889672,62,1712137673075
1421,-0.1796875,1.900390625,-0.04296875,0.25041288075779344,26,1712137673075
1421,-0.181640625,1.935546875,-0.099609375,0.25041288075779344,43,1712137673075
1421,-0.310546875,1.955078125,-0.15625,0.25041288075779344,57,1712137673075
1421,-0.31640625,1.990234375,-0.181640625,0.25041288075779344,49,1712137673075
1421,-0.38671875,2.005859375,-0.275390625,0.25041288075779344,26,1712137673075
1421,-3.439453125,0.0,-1.0390625,0.25041288075779344,21,1712137673075
1421,-3.4765625,0.0,-0.970703125,0.25041288075779344,40,1712137673075
1421,-3.626953125,0.0,-0.89453125,0.25041288075779344,41,1712137673075
1421,3.55078125,0.302734375,-0.857421875,0.25041288075779344,26,1712137673075
1421,-3.55078125,0.0,-0.931640625,0.37561932113669017,28,1712137673075
1421,-3.4765625,0.462890625,-0.759765625,0.37561932113669017,55,1712137673075
1421,-3.626953125,0.0,-0.6484375,0.37561932113669017,63,1712137673075
1421,-3.6640625,0.0,-0.603515625,0.37561932113669017,45,1712137673075
1421,-3.587890625,0.0,-0.576171875,0.5008257615155869,24,1712137673075
1421,-3.626953125,0.0,-0.427734375,0.5008257615155869,30,1712137673075
1421,3.55078125,0.81640625,-0.400390625,0.5008257615155869,24,1712137673075
1421,0.0,1.822265625,-0.564453125,-0.25041288075779344,51,1712137673075
1421,-0.060546875,1.865234375,-0.5546875,-0.25041288075779344,63,1712137673075
1421,0.0,1.90234375,-0.56640625,-0.25041288075779344,40,1712137673075
1421,-0.28125,1.771484375,-0.05859375,-0.12520644037889672,25,1712137673075
1421,-0.287109375,1.810546875,0.00390625,-0.12520644037889672,47,1712137673075
1421,0.05859375,1.79296875,-0.52734375,-0.12520644037889672,46,1712137673075
1421,-0.060546875,1.859375,-0.431640625,-0.12520644037889672,144,1712137673075
1421,-0.060546875,1.8984375,-0.427734375,-0.12520644037889672,178,1712137673075
1421,-0.0625,1.9296875,-0.4609375,-0.12520644037889672,115,1712137673075
1421,0.0,1.962890625,-0.490234375,-0.12520644037889672,53,1712137673075
1421,-0.525390625,1.61328125,0.787109375,0.0,10,1712137673075
1421,2.44140625,1.775390625,1.869140625,0.25041288075779344,12,1712137673075
1421,2.35546875,1.3984375,2.318359375,0.25041288075779344,22,1712137673075
1421,2.267578125,1.013671875,2.642578125,0.25041288075779344,21,1712137673075
1421,2.330078125,0.94921875,2.505859375,0.37561932113669017,16,1712137673075
1421,2.2421875,0.890625,2.65625,0.37561932113669017,29,1712137673075
1421,-0.525390625,1.59375,0.82421875,-0.12520644037889672,24,1712137673075
1422,-0.2734375,1.734375,0.015625,0.0,12,1712137673176
1422,-0.28125,1.771484375,0.01953125,0.0,30,1712137673176
1422,-0.287109375,1.810546875,0.001953125,0.0,39,1712137673176
1422,-0.3515625,1.837890625,0.00390625,0.0,30,1712137673176
1422,-0.298828125,1.876953125,-0.17578125,0.0,22,1712137673176
1422,-0.3046875,1.876953125,-0.421875,0.0,25,1712137673176
1422,-0.330078125,1.724609375,0.046875,0.12520644037889672,15,1712137673176
1422,-0.28125,1.76953125,0.11328125,0.12520644037889672,36,1712137673176
1422,-0.287109375,1.806640625,0.1015625,0.12520644037889672,45,1712137673176
1422,-0.29296875,1.841796875,0.154296875,0.12520644037889672,36,1712137673176
1422,-0.298828125,1.876953125,-0.171875,0.12520644037889672,37,1712137673176
1422,-0.3046875,1.908203125,-0.2421875,0.12520644037889672,56,1712137673176
1422,-0.43359375,1.9375,-0.029296875,0.12520644037889672,49,1712137673176
1422,-3.626953125,0.0,-1.15234375,0.25041288075779344,37,1712137673176
1422,-3.587890625,0.0,-1.05859375,0.37561932113669017,28,1712137673176
1422,-3.626953125,0.0,-0.986328125,0.37561932113669017,40,1712137673176
1422,-3.6640625,0.0,-0.892578125,0.37561932113669017,30,1712137673176
1422,-0.28125,1.763671875,-0.18359375,-0.25041288075779344,31,1712137673176
1422,-0.228515625,1.806640625,-0.1953125,-0.25041288075779344,41,1712137673176
1422,-0.29296875,1.830078125,-0.255859375,-0.25041288075779344,33,1712137673176
1422,-0.298828125,1.861328125,-0.3046875,-0.25041288075779344,19,1712137673176
1422,-0.21875,1.740234375,-0.091796875,-0.12520644037889672,35,1712137673176
1422,-0.224609375,1.77734375,-0.103515625,-0.12520644037889672,85,1712137673176
1422,-0.228515625,1.814453125,-0.10546875,-0.12520644037889672,110,1712137673176
1422,-0.29296875,1.84375,-0.111328125,-0.12520644037889672,88,1712137673176
1422,-0.298828125,1.880859375,-0.126953125,-0.12520644037889672,53,1712137673176
1422,-0.3046875,1.91796875,-0.140625,-0.12520644037889672,27,1712137673176
1422,0.310546875,1.662109375,-1.041015625,0.12520644037889672,29,1712137673176
1422,-0.33984375,3.603515625,-0.224609375,0.25041288075779344,19,1712137673176
1422,-0.33984375,3.607421875,-0.14453125,0.37561932113669017,21,1712137673176
1422,-0.458984375,3.630859375,-0.189453125,0.37561932113669017,16,1712137673176
1423,-0.330078125,1.724609375,0.0625,0.0,12,1712137673276
1423,-0.3359375,1.76171875,0.07421875,0.0,39,1712137673276
1423,-0.34375,1.798828125,0.033203125,0.0,50,1712137673276
1423,-0.3515625,1.833984375,-0.111328125,0.0,25,1712137673276
1423,-0.1796875,1.8515625,-0.427734375,0.0,16,1712137673276
1423,-0.244140625,1.892578125,-0.3828125,0.0,31,1712137673276
1423,-0.310546875,1.90234375,-0.470703125,0.0,43,1712137673276
1423,-0.31640625,1.953125,-0.427734375,0.0,39,1712137673276
1423,-0.38671875,2.0,-0.322265625,0.0,22,1712137673276
1423,-0.3359375,1.755859375,0.140625,0.12520644037889672,21,1712137673276
1423,-0.34375,1.798828125,0.07421875,0.12520644037889672,29,1712137673276
1423,-0.29296875,1.845703125,-0.078125,0.12520644037889672,20,1712137673276
1423,-0.546875,1.78515625,-0.55078125,0.12520644037889672,33,1712137673276
1423,-0.373046875,1.9140625,-0.373046875,0.12520644037889672,79,1712137673276
1423,-0.31640625,1.9765625,-0.2890625,0.12520644037889672,91,1712137673276
1423,-0.38671875,2.017578125,-0.166015625,0.12520644037889672,54,1712137673276
1423,-3.6640625,0.0,-1.2265625,0.12520644037889672,38,1712137673276
1423,3.587890625,0.0,-1.173828125,0.12520644037889672,29,1712137673276
1423,-0.43359375,1.91796875,-0.27734375,0.25041288075779344,30,1712137673276
1423,-0.443359375,1.96875,-0.138671875,0.25041288075779344,33,1712137673276
1423,-3.626953125,0.0,-1.095703125,0.25041288075779344,38,1712137673276
1423,3.55078125,0.0,-0.94140625,0.25041288075779344,53,1712137673276
1423,3.587890625,0.171875,-0.90234375,0.25041288075779344,41,1712137673276
1423,-3.6640625,0.0,-0.40234375,0.37561932113669017,19,1712137673276
1423,-0.3359375,1.75390625,-0.169921875,-0.25041288075779344,34,1712137673276
1423,-0.287109375,1.798828125,-0.205078125,-0.25041288075779344,44,1712137673276
1423,-0.29296875,1.818359375,-0.328125,-0.25041288075779344,23,1712137673276
1423,-0.330078125,1.724609375,0.03125,-0.12520644037889672,26,1712137673276
1423,-0.3359375,1.76171875,-0.0546875,-0.12520644037889672,86,1712137673276
1423,-0.287109375,1.80859375,-0.078125,-0.12520644037889672,114,1712137673276
1423,-0.29296875,1.8359375,-0.21484375,-0.12520644037889672,61,1712137673276
1423,-0.119140625,1.810546875,-0.591796875,-0.12520644037889672,35,1712137673276
1423,-0.12109375,1.873046875,-0.515625,-0.12520644037889672,36,1712137673276
1423,-0.443359375,1.873046875,-0.625,-0.12520644037889672,29,1712137673276
1423,-0.38671875,1.939453125,-0.580078125,-0.12520644037889672,17,1712137673276
1423,-0.34375,2.66796875,-0.5625,-0.12520644037889672,22,1712137673276
1423,-0.34765625,2.677734375,-0.69140625,-0.12520644037889672,20,1712137673276
1423,-0.458984375,3.58984375,-0.57421875,0.12520644037889672,20,1712137673276
1423,-0.34765625,3.642578125,-0.572265625,0.12520644037889672,15,1712137673276
1423,-0.33984375,3.6015625,-0.24609375,0.25041288075779344,21,1712137673276
1423,-0.458984375,3.626953125,-0.2578125,0.25041288075779344,28,1712137673276
1423,-0.458984375,3.63671875,0.0,0.37561932113669017,11,1712137673276
1424,-0.375,1.67578125,0.01171875,0.0,23,1712137673376
1424,-0.384765625,1.712890625,-0.013671875,0.0,87,1712137673376
1424,-0.392578125,1.75,-0.037109375,0.0,152,1712137673376
1424,-0.34375,1.798828125,-0.025390625,0.0,135,1712137673376
1424,-0.41015625,1.82421875,0.0859375,0.0,66,1712137673376
1424,-0.119140625,1.890625,-0.23828125,0.0,43,1712137673376
1424,-0.244140625,1.916015625,-0.240234375,0.0,46,1712137673376
1424,-0.310546875,1.951171875,-0.201171875,0.0,29,1712137673376
1424,-0.375,1.66015625,-0.234375,-0.25041288075779344,19,1712137673376
1424,-0.384765625,1.697265625,-0.23046875,-0.25041288075779344,78,1712137673376
1424,-0.3359375,1.7421875,-0.267578125,-0.25041288075779344,137,1712137673376
1424,-0.34375,1.779296875,-0.271484375,-0.25041288075779344,120,1712137673376
1424,-0.41015625,1.814453125,-0.205078125,-0.25041288075779344,60,1712137673376
1424,-0.119140625,1.857421875,-0.42578125,-0.25041288075779344,36,1712137673376
1424,-0.181640625,1.884765625,-0.453125,-0.25041288075779344,39,1712137673376
1424,-0.248046875,1.94140625,-0.328125,-0.25041288075779344,22,1712137673376
1424,-0.34375,2.669921875,-0.556640625,-0.25041288075779344,31,1712137673376
1424,-0.375,1.671875,-0.11328125,-0.12520644037889672,41,1712137673376
1424,-0.330078125,1.720703125,-0.119140625,-0.12520644037889672,163,1712137673376
1424,-0.392578125,1.744140625,-0.15625,-0.12520644037889672,284,1712137673376
1424,-0.34375,1.794921875,-0.138671875,-0.12520644037889672,255,1712137673376
1424,-0.41015625,1.82421875,-0.0703125,-0.12520644037889672,122,1712137673376
1424,-0.1796875,1.857421875,-0.400390625,-0.12520644037889672,73,1712137673376
1424,-0.181640625,1.908203125,-0.341796875,-0.12520644037889672,80,1712137673376
1424,-0.310546875,1.9453125,-0.251953125,-0.12520644037889672,46,1712137673376
1424,-0.337890625,2.404296875,-1.20703125,-0.12520644037889672,33,1712137673376
1424,-0.34375,2.5390625,-0.998046875,-0.12520644037889672,40,1712137673376
1425,-0.4296875,1.66015625,0.091796875,0.0,24,1712137673476
1425,-0.439453125,1.69921875,0.037109375,0.0,93,1712137673476
1425,-0.44921875,1.736328125,0.017578125,0.0,150,1712137673476
1425,-0.458984375,1.7734375,-0.01171875,0.0,111,1712137673476
1425,-0.234375,1.85546875,-0.056640625,0.0,62,1712137673476
1425,-0.298828125,1.880859375,-0.125,0.0,100,1712137673476
1425,-0.3046875,1.921875,-0.068359375,0.0,87,1712137673476
1425,-0.248046875,1.966796875,0.115234375,0.0,39,1712137673476
1425,-0.44921875,1.732421875,0.134765625,0.12520644037889672,23,1712137673476
1425,-0.458984375,1.771484375,0.09765625,0.12520644037889672,17,1712137673476
1425,-0.357421875,1.875,-0.0546875,0.12520644037889672,16,1712137673476
1425,-0.466796875,1.900390625,-0.859375,0.12520644037889672,29,1712137673476
1425,-0.271484375,1.916015625,-0.994140625,0.12520644037889672,24,1712137673476
1425,-0.44921875,1.701171875,-0.35546875,-0.37561932113669017,24,1712137673476
1425,-0.4296875,1.65625,-0.16015625,-0.25041288075779344,30,1712137673476
1425,-0.384765625,1.703125,-0.1953125,-0.25041288075779344,116,1712137673476
1425,-0.392578125,1.73828125,-0.205078125,-0.25041288075779344,187,1712137673476
1425,-0.400390625,1.775390625,-0.2109375,-0.25041288075779344,143,1712137673476
1425,-0.234375,1.833984375,-0.2890625,-0.25041288075779344,77,1712137673476
1425,-0.298828125,1.849609375,-0.365234375,-0.25041288075779344,122,1712137673476
1425,-0.3046875,1.89453125,-0.33203125,-0.25041288075779344,106,1712137673476
1425,-0.248046875,1.955078125,-0.232421875,-0.25041288075779344,49,1712137673476
1425,-0.375,1.67578125,-0.04296875,-0.12520644037889672,45,1712137673476
1425,-0.384765625,1.712890625,-0.0703125,-0.12520644037889672,178,1712137673476
1425,-0.392578125,1.748046875,-0.087890625,-0.12520644037889672,285,1712137673476
1425,-0.400390625,1.78515625,-0.09765625,-0.12520644037889672,213,1712137673476
1425,-0.234375,1.845703125,-0.193359375,-0.12520644037889672,116,1712137673476
1425,-0.23828125,1.87890625,-0.240234375,-0.12520644037889672,187,1712137673476
1425,-0.3046875,1.9140625,-0.19140625,-0.12520644037889672,163,1712137673476
1425,-0.310546875,1.9609375,-0.0234375,-0.12520644037889672,68,1712137673476
1425,-0.6328125,1.875,-0.419921875,-0.12520644037889672,38,1712137673476
1425,-3.2265625,0.0,3.25390625,-0.12520644037889672,22,1712137673476
1425,1.6328125,1.11328125,-0.9140625,0.12520644037889672,14,1712137673476
1425,3.349609375,2.060546875,-0.546875,-0.12520644037889672,15,1712137673476
1426,-0.47265625,1.607421875,-0.115234375,0.0,12,1712137673577
1426,-0.4296875,1.662109375,-0.033203125,0.0,60,1712137673577
1426,-0.439453125,1.69921875,-0.04296875,0.0,115,1712137673577
1426,-0.44921875,1.736328125,-0.05859375,0.0,114,1712137673577
1426,-0.515625,1.7578125,-0.03125,0.0,60,1712137673577
1426,-0.29296875,1.79296875,-0.44921875,0.0,47,1712137673577
1426,-0.298828125,1.841796875,-0.40625,0.0,104,1712137673577
1426,-0.3046875,1.87890625,-0.40625,0.0,100,1712137673577
1426,-0.310546875,1.90234375,-0.478515625,0.0,41,1712137673577
1426,-0.25390625,2.267578125,-1.462890625,0.0,20,1712137673577
1426,-0.34375,2.400390625,-1.294921875,0.0,17,1712137673577
1426,-0.494140625,1.68359375,0.048828125,0.12520644037889672,18,1712137673577
1426,-0.50390625,1.720703125,0.07421875,0.12520644037889672,17,1712137673577
1426,-0.357421875,1.87109375,-0.130859375,0.12520644037889672,27,1712137673577
1426,-0.365234375,1.91015625,-0.109375,0.12520644037889672,26,1712137673577
1426,-0.271484375,1.845703125,-1.119140625,0.12520644037889672,18,1712137673577
1426,-0.439453125,1.662109375,-0.361328125,-0.37561932113669017,28,1712137673577
1426,-0.44921875,1.6953125,-0.37890625,-0.37561932113669017,22,1712137673577
1426,-0.466796875,1.798828125,-0.205078125,-0.37561932113669017,16,1712137673577
1426,-0.41796875,1.849609375,-0.21484375,-0.37561932113669017,17,1712137673577
1426,-0.4296875,1.646484375,-0.232421875,-0.25041288075779344,87,1712137673577
1426,-0.439453125,1.681640625,-0.248046875,-0.25041288075779344,164,1712137673577
1426,-0.44921875,1.716796875,-0.265625,-0.25041288075779344,148,1712137673577
1426,-0.515625,1.73828125,-0.26171875,-0.25041288075779344,66,1712137673577
1426,-0.29296875,1.841796875,-0.150390625,-0.25041288075779344,63,1712137673577
1426,-0.23828125,1.71875,-0.794921875,-0.25041288075779344,82,1712137673577
1426,-0.244140625,1.75390625,-0.80859375,-0.25041288075779344,70,1712137673577
1426,-0.248046875,1.67578125,-1.03515625,-0.25041288075779344,27,1712137673577
1426,-0.25390625,1.92578125,-1.890625,-0.25041288075779344,28,1712137673577
1426,-0.2578125,1.9921875,-1.876953125,-0.25041288075779344,24,1712137673577
1426,-0.419921875,1.623046875,-0.095703125,-0.12520644037889672,25,1712137673577
1426,-0.4296875,1.658203125,-0.1328125,-0.12520644037889672,119,1712137673577
1426,-0.439453125,1.693359375,-0.146484375,-0.12520644037889672,231,1712137673577
1426,-0.44921875,1.728515625,-0.166015625,-0.12520644037889672,218,1712137673577
1426,-0.458984375,1.76953125,-0.119140625,-0.12520644037889672,111,1712137673577
1426,-0.29296875,1.78515625,-0.47265625,-0.12520644037889672,103,1712137673577
1426,-0.298828125,1.806640625,-0.541015625,-0.12520644037889672,203,1712137673577
1426,-0.3046875,1.84375,-0.546875,-0.12520644037889672,190,1712137673577
1426,-0.248046875,1.84765625,-0.6796875,-0.12520644037889672,76,1712137673577
1426,-0.25,1.802734375,-1.95703125,-0.12520644037889672,29,1712137673577
1426,-0.25390625,2.130859375,-1.65625,-0.12520644037889672,40,1712137673577
1426,-0.2578125,2.26953125,-1.529296875,-0.12520644037889672,34,1712137673577
1426,-0.26171875,2.32421875,-1.513671875,-0.12520644037889672,20,1712137673577
1427,-0.419921875,1.623046875,-0.1015625,0.0,26,1712137673678
1427,-0.4296875,1.662109375,-0.07421875,0.0,84,1712137673678
1427,-0.439453125,1.69921875,-0.08203125,0.0,126,1712137673678
1427,-0.50390625,1.71875,-0.1015625,0.0,83,1712137673678
1427,-0.400390625,1.787109375,0.025390625,0.0,33,1712137673678
1427,-0.41015625,1.8203125,-0.14453125,0.0,79,1712137673678
1427,-0.41796875,1.8515625,-0.201171875,0.0,73,1712137673678
1427,-0.365234375,1.900390625,-0.21875,0.0,56,1712137673678
1427,-0.373046875,1.9375,-0.2265625,0.0,33,1712137673678
1427,-3.373046875,0.0,3.703125,0.0,11,1712137673678
1427,-0.234375,1.80859375,-0.41796875,0.12520644037889672,16,1712137673678
1427,-0.419921875,1.591796875,-0.3359375,-0.25041288075779344,23,1712137673678
1427,-0.4296875,1.63671875,-0.298828125,-0.25041288075779344,80,1712137673678
1427,-0.439453125,1.673828125,-0.30078125,-0.25041288075779344,119,1712137673678
1427,-0.44921875,1.7109375,-0.306640625,-0.25041288075779344,77,1712137673678
1427,-0.34375,1.78515625,-0.2265625,-0.25041288075779344,37,1712137673678
1427,-0.41015625,1.78515625,-0.37890625,-0.25041288075779344,80,1712137673678
1427,-0.357421875,1.822265625,-0.4375,-0.25041288075779344,70,1712137673678
1427,-0.365234375,1.84765625,-0.498046875,-0.25041288075779344,47,1712137673678
1427,-0.373046875,1.873046875,-0.544921875,-0.25041288075779344,27,1712137673678
1427,-0.419921875,1.61328125,-0.2109375,-0.12520644037889672,45,1712137673678
1427,-0.482421875,1.63671875,-0.193359375,-0.12520644037889672,150,1712137673678
1427,-0.439453125,1.689453125,-0.19140625,-0.12520644037889672,228,1712137673678
1427,-0.44921875,1.7265625,-0.197265625,-0.12520644037889672,151,1712137673678
1427,-0.34375,1.794921875,-0.12109375,-0.12520644037889672,64,1712137673678
1427,-0.3515625,1.814453125,-0.291015625,-0.12520644037889672,159,1712137673678
1427,-0.357421875,1.845703125,-0.330078125,-0.12520644037889672,145,1712137673678
1427,-0.365234375,1.880859375,-0.341796875,-0.12520644037889672,104,1712137673678
1427,-0.373046875,1.916015625,-0.36328125,-0.12520644037889672,61,1712137673678
1427,-3.25390625,0.0,3.3984375,-0.12520644037889672,21,1712137673678
1427,-1.326171875,3.46484375,1.052734375,0.0,7,1712137673678
1427,-1.205078125,3.607421875,0.634765625,-0.12520644037889672,15,1712137673678
1428,-0.482421875,1.634765625,-0.21484375,0.0,30,1712137673778
1428,-0.494140625,1.673828125,-0.1953125,0.0,38,1712137673778
1428,-0.44921875,1.73046875,-0.142578125,0.0,29,1712137673778
1428,-0.515625,1.75,-0.169921875,0.0,22,1712137673778
1428,-0.298828125,1.865234375,-0.28125,0.0,25,1712137673778
1428,-0.482421875,1.646484375,-0.08203125,0.12520644037889672,27,1712137673778
1428,-0.494140625,1.68359375,-0.076171875,0.12520644037889672,36,1712137673778
1428,-0.50390625,1.71875,-0.09765625,0.12520644037889672,26,1712137673778
1428,-0.298828125,1.865234375,-0.26953125,0.12520644037889672,36,1712137673778
1428,-0.4296875,1.6015625,-0.44921875,-0.25041288075779344,30,1712137673778
1428,-0.439453125,1.6484375,-0.41796875,-0.25041288075779344,38,1712137673778
1428,-0.44921875,1.6875,-0.41015625,-0.25041288075779344,29,1712137673778
1428,-0.515625,1.69140625,-0.478515625,-0.25041288075779344,21,1712137673778
1428,-0.23828125,1.814453125,-0.541015625,-0.25041288075779344,27,1712137673778
1428,-0.365234375,1.798828125,-0.646484375,-0.25041288075779344,22,1712137673778
1428,-0.419921875,1.59375,-0.328125,-0.12520644037889672,29,1712137673778
1428,-0.375,1.6484375,-0.298828125,-0.12520644037889672,77,1712137673778
1428,-0.439453125,1.671875,-0.310546875,-0.12520644037889672,100,1712137673778
1428,-0.44921875,1.712890625,-0.28515625,-0.12520644037889672,74,1712137673778
1428,-0.458984375,1.751953125,-0.28125,-0.12520644037889672,53,1712137673778
1428,-0.3515625,1.80078125,-0.3671875,-0.12520644037889672,45,1712137673778
1428,-0.298828125,1.8203125,-0.494140625,-0.12520644037889672,74,1712137673778
1428,-0.365234375,1.84375,-0.505859375,-0.12520644037889672,65,1712137673778
1429,-0.47265625,1.6015625,-0.189453125,0.0,13,1712137673879
1429,-0.4296875,1.640625,-0.26953125,0.0,37,1712137673879
1429,-0.439453125,1.677734375,-0.279296875,0.0,47,1712137673879
1429,-0.50390625,1.689453125,-0.330078125,0.0,32,1712137673879
1429,-0.400390625,1.7734375,-0.228515625,0.0,19,1712137673879
1429,-0.47265625,1.60546875,-0.15234375,0.12520644037889672,33,1712137673879
1429,-0.4296875,1.654296875,-0.171875,0.12520644037889672,93,1712137673879
1429,-0.494140625,1.673828125,-0.189453125,0.12520644037889672,117,1712137673879
1429,-0.50390625,1.7109375,-0.1953125,0.12520644037889672,83,1712137673879
1429,-0.458984375,1.767578125,-0.150390625,0.12520644037889672,47,1712137673879
1429,-0.466796875,1.80078125,-0.19921875,0.12520644037889672,37,1712137673879
1429,-0.41796875,1.8359375,-0.30859375,0.12520644037889672,52,1712137673879
1429,-0.42578125,1.87890625,-0.28515625,0.12520644037889672,49,1712137673879
1429,-0.482421875,1.646484375,-0.087890625,0.25041288075779344,36,1712137673879
1429,-0.494140625,1.681640625,-0.095703125,0.25041288075779344,46,1712137673879
1429,-0.50390625,1.71875,-0.109375,0.25041288075779344,33,1712137673879
1429,-0.515625,1.7578125,-0.05859375,0.25041288075779344,19,1712137673879
1429,-0.4296875,1.619140625,-0.380859375,-0.12520644037889672,30,1712137673879
1429,-0.439453125,1.6484375,-0.416015625,-0.12520644037889672,39,1712137673879
1429,-0.44921875,1.697265625,-0.373046875,-0.12520644037889672,28,1712137673879
1429,-0.357421875,1.802734375,-0.51171875,-0.12520644037889672,32,1712137673879
1430,-0.47265625,1.548828125,-0.44921875,0.0,16,1712137673979
1430,-0.4296875,1.619140625,-0.37890625,0.0,68,1712137673979
1430,-0.439453125,1.65625,-0.384765625,0.0,114,1712137673979
1430,-0.44921875,1.689453125,-0.404296875,0.0,91,1712137673979
1430,-0.458984375,1.71484375,-0.458984375,0.0,37,1712137673979
1430,-0.3515625,1.779296875,-0.4609375,0.0,53,1712137673979
1430,-0.357421875,1.818359375,-0.453125,0.0,92,1712137673979
1430,-0.42578125,1.84375,-0.458984375,0.0,84,1712137673979
1430,-0.43359375,1.884765625,-0.447265625,0.0,41,1712137673979
1430,-0.419921875,1.6015625,-0.279296875,0.12520644037889672,32,1712137673979
1430,-0.482421875,1.625,-0.2734375,0.12520644037889672,137,1712137673979
1430,-0.439453125,1.677734375,-0.271484375,0.12520644037889672,225,1712137673979
1430,-0.50390625,1.697265625,-0.29296875,0.12520644037889672,173,1712137673979
1430,-0.515625,1.720703125,-0.361328125,0.12520644037889672,66,1712137673979
1430,-0.29296875,1.8203125,-0.318359375,0.12520644037889672,97,1712137673979
1430,-0.298828125,1.859375,-0.3125,0.12520644037889672,163,1712137673979
1430,-0.42578125,1.873046875,-0.31640625,0.12520644037889672,153,1712137673979
1430,-0.43359375,1.916015625,-0.28515625,0.12520644037889672,76,1712137673979
1430,-0.6328125,1.869140625,-0.44921875,0.12520644037889672,29,1712137673979
1430,-0.47265625,1.591796875,-0.2578125,0.25041288075779344,26,1712137673979
1430,-0.482421875,1.638671875,-0.173828125,0.25041288075779344,104,1712137673979
1430,-0.494140625,1.67578125,-0.169921875,0.25041288075779344,163,1712137673979
1430,-0.50390625,1.712890625,-0.1796875,0.25041288075779344,116,1712137673979
1430,-0.515625,1.74609375,-0.2109375,0.25041288075779344,43,1712137673979
1430,-0.3515625,1.83203125,-0.15234375,0.25041288075779344,44,1712137673979
1430,-0.357421875,1.86328125,-0.205078125,0.25041288075779344,70,1712137673979
1430,-0.42578125,1.888671875,-0.208984375,0.25041288075779344,67,1712137673979
1430,-0.55859375,1.888671875,-0.2421875,0.25041288075779344,34,1712137673979
1430,-0.482421875,1.64453125,-0.107421875,0.37561932113669017,20,1712137673979
1430,-0.494140625,1.685546875,-0.044921875,0.37561932113669017,28,1712137673979
1430,-0.494140625,1.59375,-0.546875,-0.12520644037889672,19,1712137673979
1430,-0.3515625,1.751953125,-0.5546875,-0.12520644037889672,18,1712137673979
1430,-0.357421875,1.771484375,-0.615234375,-0.12520644037889672,25,1712137673979
1431,-0.3515625,1.765625,-0.509765625,0.0,43,1712137674079
1431,-0.357421875,1.8046875,-0.509765625,0.0,91,1712137674079
1431,-0.42578125,1.830078125,-0.5078125,0.0,107,1712137674079
1431,-0.43359375,1.859375,-0.541015625,0.0,72,1712137674079
1431,-0.568359375,1.8515625,-0.58203125,0.0,32,1712137674079
1431,-0.408203125,1.962890625,-0.845703125,0.0,24,1712137674079
1431,-0.482421875,1.6171875,-0.32421875,0.12520644037889672,33,1712137674079
1431,-0.494140625,1.65234375,-0.328125,0.12520644037889672,81,1712137674079
1431,-0.44921875,1.70703125,-0.32421875,0.12520644037889672,93,1712137674079
1431,-0.400390625,1.76171875,-0.310546875,0.12520644037889672,55,1712137674079
1431,-0.3515625,1.80078125,-0.365234375,0.12520644037889672,95,1712137674079
1431,-0.41796875,1.826171875,-0.365234375,0.12520644037889672,184,1712137674079
1431,-0.42578125,1.861328125,-0.3828125,0.12520644037889672,207,1712137674079
1431,-0.49609375,1.876953125,-0.412109375,0.12520644037889672,139,1712137674079
1431,-0.505859375,1.904296875,-0.45703125,0.12520644037889672,59,1712137674079
1431,-0.482421875,1.638671875,-0.18359375,0.25041288075779344,67,1712137674079
1431,-0.494140625,1.673828125,-0.197265625,0.25041288075779344,164,1712137674079
1431,-0.50390625,1.7109375,-0.189453125,0.25041288075779344,188,1712137674079
1431,-0.515625,1.748046875,-0.185546875,0.25041288075779344,102,1712137674079
1431,-0.41015625,1.814453125,-0.197265625,0.25041288075779344,86,1712137674079
1431,-0.41796875,1.84765625,-0.240234375,0.25041288075779344,135,1712137674079
1431,-0.42578125,1.884765625,-0.244140625,0.25041288075779344,140,1712137674079
1431,-0.49609375,1.90234375,-0.275390625,0.25041288075779344,89,1712137674079
1431,-0.568359375,1.91796875,-0.30859375,0.25041288075779344,34,1712137674079
1431,-0.537109375,1.630859375,-0.064453125,0.37561932113669017,40,1712137674079
1431,-0.494140625,1.68359375,-0.060546875,0.37561932113669017,101,1712137674079
1431,-0.50390625,1.720703125,-0.04296875,0.37561932113669017,113,1712137674079
1431,-0.515625,1.7578125,-0.01171875,0.37561932113669017,62,1712137674079
1431,-0.525390625,1.794921875,-0.0078125,0.37561932113669017,32,1712137674079
1431,-0.537109375,1.83203125,-0.048828125,0.37561932113669017,30,1712137674079
1431,-0.546875,1.869140625,-0.009765625,0.37561932113669017,25,1712137674079
1431,-0.408203125,1.85546875,-1.0625,-0.25041288075779344,26,1712137674079
1431,-0.416015625,1.89453125,-1.068359375,-0.25041288075779344,19,1712137674079
1431,-0.408203125,1.916015625,-0.947265625,-0.12520644037889672,43,1712137674079
1431,-0.416015625,1.9296875,-1.001953125,-0.12520644037889672,33,1712137674079
1432,-0.548828125,1.609375,-0.435546875,0.0,14,1712137674180
1432,-0.50390625,1.6640625,-0.44140625,0.0,37,1712137674180
1432,-0.572265625,1.62890625,-0.61328125,0.0,39,1712137674180
1432,-0.234375,1.8046875,-0.43359375,0.0,65,1712137674180
1432,-0.298828125,1.82421875,-0.478515625,0.0,106,1712137674180
1432,-0.244140625,1.869140625,-0.486328125,0.0,77,1712137674180
1432,-0.494140625,1.6328125,-0.41796875,0.12520644037889672,32,1712137674180
1432,-0.50390625,1.67578125,-0.39453125,0.12520644037889672,75,1712137674180
1432,-0.458984375,1.732421875,-0.384765625,0.12520644037889672,105,1712137674180
1432,-0.29296875,1.802734375,-0.40234375,0.12520644037889672,153,1712137674180
1432,-0.298828125,1.845703125,-0.384765625,0.12520644037889672,188,1712137674180
1432,-0.181640625,1.91796875,-0.28125,0.12520644037889672,118,1712137674180
1432,-0.62109375,1.775390625,-0.63671875,0.12520644037889672,43,1712137674180
1432,-0.568359375,1.880859375,-0.48046875,0.12520644037889672,41,1712137674180
1432,-0.64453125,1.892578125,-0.505859375,0.12520644037889672,24,1712137674180
1432,-0.171875,2.537109375,-1.044921875,0.12520644037889672,25,1712137674180
1432,-0.494140625,1.6640625,-0.259765625,0.25041288075779344,104,1712137674180
1432,-0.560546875,1.6875,-0.24609375,0.25041288075779344,247,1712137674180
1432,-0.515625,1.7421875,-0.2421875,0.25041288075779344,280,1712137674180
1432,-0.466796875,1.79296875,-0.259765625,0.25041288075779344,149,1712137674180
1432,-0.23828125,1.884765625,-0.1875,0.25041288075779344,89,1712137674180
1432,-0.546875,1.84375,-0.30078125,0.25041288075779344,103,1712137674180
1432,-0.55859375,1.8828125,-0.2890625,0.25041288075779344,95,1712137674180
1432,-0.568359375,1.912109375,-0.3359375,0.25041288075779344,55,1712137674180
1432,-0.64453125,1.927734375,-0.345703125,0.25041288075779344,24,1712137674180
1432,-0.548828125,1.662109375,-0.150390625,0.37561932113669017,88,1712137674180
1432,-0.50390625,1.716796875,-0.130859375,0.37561932113669017,212,1712137674180
1432,-0.572265625,1.736328125,-0.126953125,0.37561932113669017,234,1712137674180
1432,-0.583984375,1.7734375,-0.107421875,0.37561932113669017,96,1712137674180
1432,-0.595703125,1.806640625,-0.150390625,0.37561932113669017,63,1712137674180
1432,-0.486328125,1.8828125,-0.083984375,0.37561932113669017,95,1712137674180
1432,-0.55859375,1.900390625,-0.14453125,0.37561932113669017,62,1712137674180
1432,-0.568359375,1.93359375,-0.181640625,0.37561932113669017,26,1712137674180
1432,-0.548828125,1.66796875,-0.0390625,0.5008257615155869,19,1712137674180
1432,-0.50390625,1.72265625,-0.015625,0.5008257615155869,45,1712137674180
1432,-0.572265625,1.740234375,-0.009765625,0.5008257615155869,50,1712137674180
1432,-0.642578125,1.755859375,0.037109375,0.5008257615155869,28,1712137674180
1432,-0.65625,1.79296875,-0.0234375,0.5008257615155869,23,1712137674180
1432,-0.515625,1.630859375,-0.658203125,-0.12520644037889672,18,1712137674180
1432,-0.0625,1.951171875,0.359375,0.12520644037889672,28,1712137674180
1432,-0.8359375,1.103515625,-1.314453125,0.25041288075779344,47,1712137674180
1433,-0.583984375,1.705078125,-0.501953125,0.0,11,1712137674281
1433,-0.357421875,1.775390625,-0.603515625,0.0,16,1712137674281
1433,-0.486328125,1.787109375,-0.603515625,0.0,27,1712137674281
1433,-0.373046875,1.861328125,-0.583984375,0.0,20,1712137674281
1433,-0.560546875,1.666015625,-0.35546875,0.12520644037889672,38,1712137674281
1433,-0.515625,1.728515625,-0.32421875,0.12520644037889672,71,1712137674281
1433,-0.583984375,1.748046875,-0.3203125,0.12520644037889672,70,1712137674281
1433,-0.595703125,1.79296875,-0.27734375,0.12520644037889672,41,1712137674281
1433,-0.365234375,1.8125,-0.611328125,0.12520644037889672,46,1712137674281
1433,-0.373046875,1.888671875,-0.48828125,0.12520644037889672,23,1712137674281
1433,-0.6953125,1.861328125,-0.3828125,0.12520644037889672,39,1712137674281
1433,-0.580078125,1.93359375,-0.416015625,0.12520644037889672,36,1712137674281
1433,-0.548828125,1.6484375,-0.25,0.25041288075779344,26,1712137674281
1433,-0.560546875,1.685546875,-0.2578125,0.25041288075779344,102,1712137674281
1433,-0.515625,1.744140625,-0.224609375,0.25041288075779344,183,1712137674281
1433,-0.583984375,1.76171875,-0.224609375,0.25041288075779344,178,1712137674281
1433,-0.595703125,1.802734375,-0.1953125,0.25041288075779344,91,1712137674281
1433,-0.609375,1.83984375,-0.189453125,0.25041288075779344,19,1712137674281
1433,-0.681640625,1.86328125,-0.060546875,0.25041288075779344,28,1712137674281
1433,-0.6328125,1.90234375,-0.2734375,0.25041288075779344,60,1712137674281
1433,-0.64453125,1.935546875,-0.294921875,0.25041288075779344,47,1712137674281
1433,-0.548828125,1.662109375,-0.146484375,0.37561932113669017,22,1712137674281
1433,-0.560546875,1.697265625,-0.1640625,0.37561932113669017,82,1712137674281
1433,-0.630859375,1.71484375,-0.150390625,0.37561932113669017,139,1712137674281
1433,-0.583984375,1.775390625,-0.09375,0.37561932113669017,131,1712137674281
1433,-0.595703125,1.8125,-0.044921875,0.37561932113669017,65,1712137674281
1433,-0.568359375,1.94140625,-0.0625,0.37561932113669017,24,1712137674281
1433,-0.572265625,1.740234375,-0.029296875,0.5008257615155869,28,1712137674281
1433,-0.642578125,1.755859375,-0.009765625,0.5008257615155869,28,1712137674281
1433,-0.71484375,1.76953125,-0.05078125,0.5008257615155869,27,1712137674281
1433,-0.73046875,1.8046875,-0.03515625,0.5008257615155869,25,1712137674281
1433,-0.3046875,1.80078125,-0.673828125,-0.12520644037889672,18,1712137674281
1433,0.373046875,1.224609375,1.517578125,0.12520644037889672,14,1712137674281
1433,-1.642578125,0.0,1.6484375,0.25041288075779344,11,1712137674281
1434,-0.515625,1.705078125,-0.427734375,0.0,22,1712137674381
1434,-0.583984375,1.705078125,-0.501953125,0.0,30,1712137674381
1434,-0.1796875,1.888671875,-0.208984375,0.0,19,1712137674381
1434,-0.609375,1.822265625,-0.31640625,0.0,31,1712137674381
1434,-0.55859375,1.85546875,-0.43359375,0.0,51,1712137674381
1434,-0.568359375,1.89453125,-0.423828125,0.0,40,1712137674381
1434,-0.572265625,1.7109375,-0.3203125,0.12520644037889672,49,1712137674381
1434,-0.525390625,1.765625,-0.328125,0.12520644037889672,78,1712137674381
1434,-0.357421875,1.865234375,-0.1953125,0.12520644037889672,56,1712137674381
1434,-0.244140625,1.783203125,-0.744140625,0.12520644037889672,43,1712137674381
1434,-0.55859375,1.884765625,-0.27734375,0.12520644037889672,85,1712137674381
1434,-0.568359375,1.919921875,-0.29296875,0.12520644037889672,76,1712137674381
1434,-0.580078125,1.95703125,-0.294921875,0.12520644037889672,31,1712137674381
1434,-0.59375,2.5625,-0.65625,0.12520644037889672,29,1712137674381
1434,-0.6875,2.66015625,-0.05078125,0.12520644037889672,28,1712137674381
1434,-0.572265625,1.732421875,-0.162109375,0.25041288075779344,51,1712137674381
1434,-0.583984375,1.76953125,-0.1640625,0.25041288075779344,87,1712137674381
1434,-0.65625,1.78125,-0.1953125,0.25041288075779344,64,1712137674381
1434,-0.55859375,1.89453125,-0.19921875,0.25041288075779344,55,1712137674381
1434,-0.568359375,1.93359375,-0.181640625,0.25041288075779344,54,1712137674381
1434,-0.515625,1.98828125,-0.18359375,0.25041288075779344,25,1712137674381
1434,-0.630859375,1.720703125,-0.029296875,0.37561932113669017,23,1712137674381
1434,-0.701171875,1.734375,0.0,0.37561932113669017,40,1712137674381
1434,-0.775390625,1.744140625,0.03515625,0.37561932113669017,38,1712137674381
1434,-0.791015625,1.7734375,0.13671875,0.37561932113669017,22,1712137674381
1434,-0.298828125,1.77734375,-0.62890625,-0.12520644037889672,26,1712137674381
1434,-0.365234375,1.787109375,-0.681640625,-0.12520644037889672,32,1712137674381
1434,-0.43359375,1.79296875,-0.734375,-0.12520644037889672,21,1712137674381
1434,-0.775390625,1.552734375,-0.794921875,0.0,17,1712137674381
1435,-0.572265625,1.689453125,-0.416015625,0.0,15,1712137674481
1435,-0.466796875,1.759765625,-0.431640625,0.0,59,1712137674481
1435,-0.41796875,1.8125,-0.42578125,0.0,115,1712137674481
1435,-0.365234375,1.859375,-0.44921875,0.0,114,1712137674481
1435,-0.373046875,1.86328125,-0.57421875,0.0,66,1712137674481
1435,-0.568359375,1.8828125,-0.4765625,0.0,39,1712137674481
1435,-0.64453125,1.82421875,-0.7109375,0.0,24,1712137674481
1435,-0.515625,1.734375,-0.29296875,0.12520644037889672,33,1712137674481
1435,-0.466796875,1.783203125,-0.3125,0.12520644037889672,127,1712137674481
1435,-0.41796875,1.837890625,-0.306640625,0.12520644037889672,247,1712137674481
1435,-0.365234375,1.884765625,-0.3203125,0.12520644037889672,247,1712137674481
1435,-0.373046875,1.896484375,-0.453125,0.12520644037889672,136,1712137674481
1435,-0.6328125,1.892578125,-0.3359375,0.12520644037889672,73,1712137674481
1435,-0.64453125,1.861328125,-0.609375,0.12520644037889672,44,1712137674481
1435,-0.58984375,1.6171875,-1.201171875,0.12520644037889672,25,1712137674481
1435,-0.572265625,1.728515625,-0.20703125,0.25041288075779344,27,1712137674481
1435,-0.525390625,1.783203125,-0.19921875,0.25041288075779344,79,1712137674481
1435,-0.4765625,1.83984375,-0.181640625,0.25041288075779344,128,1712137674481
1435,-0.42578125,1.890625,-0.1796875,0.25041288075779344,105,1712137674481
1435,-0.373046875,1.888671875,-0.48828125,0.25041288075779344,50,1712137674481
1435,-0.6953125,1.888671875,-0.201171875,0.25041288075779344,48,1712137674481
1435,-0.64453125,1.91796875,-0.3984375,0.25041288075779344,29,1712137674481
1435,-0.681640625,1.86328125,0.01953125,0.37561932113669017,15,1712137674481
1435,-0.365234375,1.75,-0.771484375,-0.25041288075779344,18,1712137674481
1435,-0.298828125,1.802734375,-0.552734375,-0.12520644037889672,36,1712137674481
1435,-0.365234375,1.822265625,-0.578125,-0.12520644037889672,47,1712137674481
1435,-0.373046875,1.859375,-0.587890625,-0.12520644037889672,31,1712137674481
1436,-0.630859375,1.673828125,-0.396484375,0.0,24,1712137674581
1436,-0.583984375,1.740234375,-0.36328125,0.0,60,1712137674581
1436,-0.65625,1.771484375,-0.27734375,0.0,69,1712137674581
1436,-0.73046875,1.80078125,-0.109375,0.0,44,1712137674581
1436,-0.744140625,1.8046875,-0.365234375,0.0,47,1712137674581
1436,-0.6953125,1.869140625,-0.341796875,0.0,52,1712137674581
1436,-0.64453125,1.935546875,-0.296875,0.0,37,1712137674581
1436,-0.65625,1.984375,-0.1953125,0.0,21,1712137674581
1436,-0.630859375,1.697265625,-0.28125,0.12520644037889672,43,1712137674581
1436,-0.642578125,1.7421875,-0.220703125,0.12520644037889672,108,1712137674581
1436,-0.65625,1.787109375,-0.130859375,0.12520644037889672,125,1712137674581
1436,-0.791015625,1.771484375,0.16015625,0.12520644037889672,77,1712137674581
1436,-0.806640625,1.802734375,-0.201171875,0.12520644037889672,81,1712137674581
1436,-0.6953125,1.888671875,-0.19921875,0.12520644037889672,95,1712137674581
1436,-0.708984375,1.931640625,-0.130859375,0.12520644037889672,67,1712137674581
1436,-0.72265625,1.970703125,-0.037109375,0.12520644037889672,36,1712137674581
1436,-0.630859375,1.71484375,-0.14453125,0.25041288075779344,27,1712137674581
1436,-0.701171875,1.728515625,-0.126953125,0.25041288075779344,63,1712137674581
1436,-0.65625,1.791015625,-0.06640625,0.25041288075779344,77,1712137674581
1436,-0.73046875,1.8046875,0.041015625,0.25041288075779344,54,1712137674581
1436,-0.744140625,1.837890625,-0.111328125,0.25041288075779344,58,1712137674581
1436,-0.6953125,1.8984375,-0.068359375,0.25041288075779344,60,1712137674581
1436,-0.708984375,1.935546875,0.005859375,0.25041288075779344,40,1712137674581
1436,-0.4765625,1.763671875,-0.5546875,-0.12520644037889672,24,1712137674581
1436,-0.42578125,1.80859375,-0.583984375,-0.12520644037889672,33,1712137674581
1436,-0.49609375,1.822265625,-0.61328125,-0.12520644037889672,24,1712137674581
1436,-0.244140625,1.75390625,-0.810546875,0.12520644037889672,55,1712137674581
1437,-0.583984375,1.74609375,-0.326171875,0.0,20,1712137674682
1437,-0.595703125,1.783203125,-0.32421875,0.0,31,1712137674682
1437,-0.546875,1.833984375,-0.353515625,0.0,23,1712137674682
1437,-0.62109375,1.857421875,-0.326171875,0.0,15,1712137674682
1437,-0.6328125,1.896484375,-0.3125,0.0,32,1712137674682
1437,-0.708984375,1.9140625,-0.294921875,0.0,24,1712137674682
1437,-0.583984375,1.765625,-0.20703125,0.12520644037889672,41,1712137674682
1437,-0.595703125,1.802734375,-0.19140625,0.12520644037889672,70,1712137674682
1437,-0.486328125,1.8671875,-0.263671875,0.12520644037889672,67,1712137674682
1437,-0.55859375,1.890625,-0.23046875,0.12520644037889672,40,1712137674682
1437,-0.6953125,1.88671875,-0.220703125,0.12520644037889672,70,1712137674682
1437,-0.64453125,1.951171875,-0.16796875,0.12520644037889672,54,1712137674682
1437,-0.853515625,1.912109375,-0.16796875,0.12520644037889672,23,1712137674682
1437,-0.869140625,1.951171875,0.107421875,0.12520644037889672,20,1712137674682
1437,-0.6796875,1.65234375,-1.240234375,0.12520644037889672,30,1712137674682
1437,-0.623046875,1.78125,-1.158203125,0.12520644037889672,29,1712137674682
1437,-0.701171875,1.734375,-0.037109375,0.25041288075779344,17,1712137674682
1437,-0.65625,1.791015625,-0.05859375,0.25041288075779344,28,1712137674682
1437,-0.546875,1.865234375,-0.091796875,0.25041288075779344,24,1712137674682
1437,-0.7578125,1.875,-0.05859375,0.25041288075779344,27,1712137674682
1437,-0.708984375,1.935546875,-0.0390625,0.25041288075779344,21,1712137674682
1437,-0.357421875,1.814453125,-0.474609375,-0.12520644037889672,21,1712137674682
1437,-0.42578125,1.83203125,-0.501953125,-0.12520644037889672,29,1712137674682
1437,-0.373046875,1.88671875,-0.494140625,-0.12520644037889672,20,1712137674682
1437,-0.06640625,0.763671875,-1.955078125,0.12520644037889672,13,1712137674682
1437,-0.1328125,1.451171875,-1.564453125,0.12520644037889672,18,1712137674682
1439,-0.357421875,1.78515625,-0.57421875,0.0,17,1712137674883
1439,-0.244140625,1.92578125,-0.158203125,0.0,18,1712137674883
1439,-0.681640625,1.859375,-0.12890625,0.0,36,1712137674883
1439,-0.6953125,1.89453125,-0.130859375,0.0,54,1712137674883
1439,-0.708984375,1.93359375,-0.099609375,0.0,43,1712137674883
1439,-0.787109375,1.94140625,-0.142578125,0.0,17,1712137674883
1439,-0.41796875,1.849609375,-0.21484375,0.12520644037889672,25,1712137674883
1439,-0.42578125,1.88671875,-0.22265625,0.12520644037889672,36,1712137674883
1439,-0.373046875,1.9375,-0.224609375,0.12520644037889672,25,1712137674883
1439,-0.515625,1.958984375,-0.38671875,0.12520644037889672,19,1712137674883
1439,-0.357421875,1.69921875,-0.79296875,-0.25041288075779344,18,1712137674883
1439,-0.3046875,1.85546875,-0.505859375,-0.25041288075779344,21,1712137674883
1439,-0.744140625,1.794921875,-0.404296875,-0.25041288075779344,36,1712137674883
1439,-0.6328125,1.88671875,-0.365234375,-0.25041288075779344,55,1712137674883
1439,-0.64453125,1.927734375,-0.34765625,-0.25041288075779344,47,1712137674883
1439,-0.72265625,1.92578125,-0.427734375,-0.25041288075779344,20,1712137674883
1439,-0.818359375,1.67578125,0.146484375,-0.12520644037889672,21,1712137674883
1439,-0.357421875,1.7890625,-0.564453125,-0.12520644037889672,51,1712137674883
1439,-0.3046875,1.876953125,-0.416015625,-0.12520644037889672,62,1712137674883
1439,-0.681640625,1.833984375,-0.33984375,-0.12520644037889672,68,1712137674883
1439,-0.6953125,1.875,-0.306640625,-0.12520644037889672,108,1712137674883
1439,-0.64453125,1.935546875,-0.30078125,-0.12520644037889672,94,1712137674883
1439,-0.65625,1.96875,-0.32421875,-0.12520644037889672,41,1712137674883
1439,-0.955078125,1.587890625,0.45703125,0.0,14,1712137674883
1439,-0.97265625,1.677734375,-0.171875,0.0,15,1712137674883
1439,-0.130859375,1.81640625,1.046875,0.0,9,1712137674883
1439,-0.955078125,1.62109375,0.328125,-0.25041288075779344,14,1712137674883
1439,-0.97265625,1.625,-0.451171875,-0.25041288075779344,15,1712137674883
1439,-0.29296875,1.65234375,-0.826171875,-0.12520644037889672,17,1712137674883
1439,-0.955078125,1.490234375,0.716796875,-0.12520644037889672,29,1712137674883
1439,-0.97265625,0.0,-1.921875,-0.12520644037889672,34,1712137674883
1440,-0.572265625,1.736328125,-0.123046875,0.0,17,1712137674983
1440,-0.583984375,1.7734375,-0.111328125,0.0,53,1712137674983
1440,-0.595703125,1.80859375,-0.12109375,0.0,78,1712137674983
1440,-0.546875,1.86328125,-0.140625,0.0,69,1712137674983
1440,-0.55859375,1.896484375,-0.17578125,0.0,60,1712137674983
1440,-0.568359375,1.931640625,-0.205078125,0.0,56,1712137674983
1440,-0.64453125,1.94140625,-0.25,0.0,30,1712137674983
1440,-0.5078125,2.12109375,-1.607421875,0.12520644037889672,22,1712137674983
1440,-0.515625,2.359375,-1.3125,0.12520644037889672,25,1712137674983
1440,-0.630859375,1.66796875,-0.42578125,-0.37561932113669017,20,1712137674983
1440,-0.642578125,1.716796875,-0.373046875,-0.37561932113669017,60,1712137674983
1440,-0.595703125,1.77734375,-0.353515625,-0.37561932113669017,80,1712137674983
1440,-0.609375,1.8203125,-0.32421875,-0.37561932113669017,53,1712137674983
1440,-0.55859375,1.861328125,-0.404296875,-0.37561932113669017,24,1712137674983
1440,-0.572265625,1.716796875,-0.29296875,-0.25041288075779344,58,1712137674983
1440,-0.583984375,1.75390625,-0.2890625,-0.25041288075779344,169,1712137674983
1440,-0.595703125,1.791015625,-0.283203125,-0.25041288075779344,230,1712137674983
1440,-0.609375,1.826171875,-0.2890625,-0.25041288075779344,169,1712137674983
1440,-0.55859375,1.873046875,-0.349609375,-0.25041288075779344,101,1712137674983
1440,-0.505859375,1.916015625,-0.40625,-0.25041288075779344,76,1712137674983
1440,-0.64453125,1.900390625,-0.474609375,-0.25041288075779344,40,1712137674983
1440,-0.572265625,1.728515625,-0.201171875,-0.12520644037889672,50,1712137674983
1440,-0.583984375,1.765625,-0.205078125,-0.12520644037889672,155,1712137674983
1440,-0.595703125,1.80078125,-0.2109375,-0.12520644037889672,219,1712137674983
1440,-0.546875,1.85546875,-0.21875,-0.12520644037889672,179,1712137674983
1440,-0.55859375,1.88671875,-0.267578125,-0.12520644037889672,131,1712137674983
1440,-0.568359375,1.919921875,-0.29296875,-0.12520644037889672,111,1712137674983
1440,-0.580078125,1.951171875,-0.32421875,-0.12520644037889672,60,1712137674983
1440,-0.65625,1.923828125,-0.525390625,-0.12520644037889672,29,1712137674983
1440,-0.734375,1.9296875,-0.55078125,-0.12520644037889672,28,1712137674983
1440,-0.525390625,1.76171875,-0.34765625,-0.37561932113669017,60,1712137674983
1441,-0.17578125,1.796875,-0.486328125,0.0,19,1712137675084
1441,-0.357421875,1.85546875,-0.267578125,0.0,48,1712137675084
1441,-0.365234375,1.900390625,-0.22265625,0.0,63,1712137675084
1441,-0.43359375,1.92578125,-0.21484375,0.0,48,1712137675084
1441,-0.568359375,1.9375,-0.126953125,0.0,37,1712137675084
1441,-0.572265625,1.69921875,-0.37890625,-0.5008257615155869,38,1712137675084
1441,-0.583984375,1.748046875,-0.314453125,-0.5008257615155869,62,1712137675084
1441,-0.595703125,1.796875,-0.244140625,-0.5008257615155869,56,1712137675084
1441,-0.546875,1.857421875,-0.208984375,-0.5008257615155869,30,1712137675084
1441,-0.560546875,1.650390625,-0.427734375,-0.37561932113669017,30,1712137675084
1441,-0.572265625,1.7109375,-0.322265625,-0.37561932113669017,92,1712137675084
1441,-0.583984375,1.7578125,-0.259765625,-0.37561932113669017,138,1712137675084
1441,-0.595703125,1.8046875,-0.177734375,-0.37561932113669017,115,1712137675084
1441,-0.546875,1.853515625,-0.23828125,-0.37561932113669017,81,1712137675084
1441,-0.43359375,1.8984375,-0.380859375,-0.37561932113669017,143,1712137675084
1441,-0.505859375,1.912109375,-0.427734375,-0.37561932113669017,150,1712137675084
1441,-0.451171875,1.970703125,-0.40234375,-0.37561932113669017,76,1712137675084
1441,-0.560546875,1.673828125,-0.3203125,-0.25041288075779344,26,1712137675084
1441,-0.515625,1.740234375,-0.2578125,-0.25041288075779344,79,1712137675084
1441,-0.583984375,1.751953125,-0.294921875,-0.25041288075779344,121,1712137675084
1441,-0.4765625,1.814453125,-0.3515625,-0.25041288075779344,108,1712137675084
1441,-0.486328125,1.86328125,-0.283203125,-0.25041288075779344,86,1712137675084
1441,-0.49609375,1.8984375,-0.3046875,-0.25041288075779344,234,1712137675084
1441,-0.505859375,1.93359375,-0.31640625,-0.25041288075779344,276,1712137675084
1441,-0.515625,1.97265625,-0.306640625,-0.25041288075779344,147,1712137675084
1441,-0.58984375,1.98046875,-0.373046875,-0.25041288075779344,22,1712137675084
1441,-0.515625,1.74609375,-0.21484375,-0.12520644037889672,19,1712137675084
1441,-0.41015625,1.806640625,-0.267578125,-0.12520644037889672,58,1712137675084
1441,-0.357421875,1.841796875,-0.349609375,-0.12520644037889672,106,1712137675084
1441,-0.3046875,1.880859375,-0.400390625,-0.12520644037889672,100,1712137675084
1441,-0.49609375,1.90625,-0.248046875,-0.12520644037889672,131,1712137675084
1441,-0.505859375,1.94921875,-0.189453125,-0.12520644037889672,169,1712137675084
1441,-0.515625,1.9921875,-0.134765625,-0.12520644037889672,89,1712137675084
1441,-0.818359375,1.521484375,0.71484375,0.0,13,1712137675084
1441,-0.458984375,2.04296875,-0.146484375,-0.25041288075779344,22,1712137675084
1442,-0.515625,1.7578125,0.0625,0.0,17,1712137675184
1442,-0.3515625,1.833984375,-0.115234375,0.0,27,1712137675184
1442,-0.23828125,1.861328125,-0.34765625,0.0,24,1712137675184
1442,-0.546875,1.8671875,-0.03125,0.0,31,1712137675184
1442,-0.49609375,1.919921875,-0.080078125,0.0,50,1712137675184
1442,-0.505859375,1.95703125,-0.091796875,0.0,31,1712137675184
1442,-0.49609375,1.921875,0.029296875,0.12520644037889672,18,1712137675184
1442,-0.50390625,1.66796875,-0.4296875,-0.6260322018944836,33,1712137675184
1442,-0.515625,1.666015625,-0.564453125,-0.6260322018944836,28,1712137675184
1442,-0.595703125,1.806640625,-0.14453125,-0.6260322018944836,25,1712137675184
1442,-0.609375,1.8359375,-0.220703125,-0.6260322018944836,23,1712137675184
1442,-0.55859375,1.900390625,-0.14453125,-0.6260322018944836,26,1712137675184
1442,-0.494140625,1.658203125,-0.298828125,-0.5008257615155869,35,1712137675184
1442,-0.560546875,1.6796875,-0.291015625,-0.5008257615155869,97,1712137675184
1442,-0.572265625,1.7109375,-0.32421875,-0.5008257615155869,117,1712137675184
1442,-0.583984375,1.724609375,-0.42578125,-0.5008257615155869,47,1712137675184
1442,-0.4765625,1.80078125,-0.416015625,-0.5008257615155869,47,1712137675184
1442,-0.42578125,1.85546875,-0.412109375,-0.5008257615155869,53,1712137675184
1442,-0.494140625,1.671875,-0.212890625,-0.37561932113669017,30,1712137675184
1442,-0.560546875,1.693359375,-0.185546875,-0.37561932113669017,83,1712137675184
1442,-0.572265625,1.73046875,-0.181640625,-0.37561932113669017,106,1712137675184
1442,-0.583984375,1.7578125,-0.263671875,-0.37561932113669017,60,1712137675184
1442,-0.41796875,1.8203125,-0.3984375,-0.37561932113669017,94,1712137675184
1442,-0.42578125,1.849609375,-0.431640625,-0.37561932113669017,155,1712137675184
1442,-0.43359375,1.876953125,-0.48046875,-0.37561932113669017,159,1712137675184
1442,-0.443359375,1.908203125,-0.5078125,-0.37561932113669017,92,1712137675184
1442,-0.451171875,1.923828125,-0.5859375,-0.37561932113669017,26,1712137675184
1442,-0.560546875,1.69921875,-0.13671875,-0.25041288075779344,22,1712137675184
1442,-0.515625,1.7421875,-0.240234375,-0.25041288075779344,33,1712137675184
1442,-0.41015625,1.796875,-0.318359375,-0.25041288075779344,40,1712137675184
1442,-0.357421875,1.849609375,-0.30078125,-0.25041288075779344,84,1712137675184
1442,-0.486328125,1.85546875,-0.3359375,-0.25041288075779344,173,1712137675184
1442,-0.43359375,1.91015625,-0.318359375,-0.25041288075779344,202,1712137675184
1442,-0.505859375,1.92578125,-0.357421875,-0.25041288075779344,127,1712137675184
1442,-0.515625,1.943359375,-0.453125,-0.25041288075779344,46,1712137675184
1442,-0.859375,2.791015625,-0.896484375,-0.25041288075779344,18,1712137675184
1442,3.35546875,1.166015625,-1.044921875,-0.25041288075779344,26,1712137675184
1442,3.390625,1.19921875,-1.03125,-0.25041288075779344,23,1712137675184
1442,-0.234375,1.82421875,-0.33984375,-0.12520644037889672,46,1712137675184
1442,-0.23828125,1.873046875,-0.28125,-0.12520644037889672,56,1712137675184
1442,-0.486328125,1.876953125,-0.17578125,-0.12520644037889672,45,1712137675184
1442,-0.55859375,1.892578125,-0.224609375,-0.12520644037889672,62,1712137675184
1442,-0.505859375,1.939453125,-0.2734375,-0.12520644037889672,45,1712137675184
1442,-0.580078125,1.92578125,-0.45703125,-0.12520644037889672,24,1712137675184
1442,-0.2578125,2.478515625,-1.16015625,-0.12520644037889672,25,1712137675184
1442,3.470703125,0.880859375,-0.939453125,-0.12520644037889672,28,1712137675184
1442,3.390625,1.283203125,-0.92578125,-0.12520644037889672,25,1712137675184
1442,0.380859375,1.6875,2.517578125,-0.25041288075779344,15,1712137675184
1443,-0.234375,1.80859375,-0.4140625,0.0,20,1712137675284
1443,-0.119140625,1.798828125,-0.625,0.0,15,1712137675284
1443,-0.546875,1.859375,-0.18359375,0.0,20,1712137675284
1443,-0.49609375,1.90625,-0.24609375,0.0,31,1712137675284
1443,3.435546875,0.83203125,-0.966796875,0.0,12,1712137675284
1443,3.470703125,1.0234375,-0.783203125,0.0,17,1712137675284
1443,3.5078125,0.99609375,-0.837890625,0.0,13,1712137675284
1443,-0.33984375,2.025390625,-0.720703125,0.25041288075779344,21,1712137675284
1443,-0.345703125,1.984375,-0.919921875,0.25041288075779344,28,1712137675284
1443,-0.501953125,1.95703125,-1.078125,0.25041288075779344,19,1712137675284
1443,-0.345703125,2.052734375,-0.75390625,0.37561932113669017,20,1712137675284
1443,-0.50390625,1.677734375,-0.384765625,-0.7512386422733803,16,1712137675284
1443,-0.515625,1.716796875,-0.37890625,-0.7512386422733803,20,1712137675284
1443,-0.50390625,1.720703125,-0.048828125,-0.6260322018944836,29,1712137675284
1443,-0.515625,1.75,-0.1640625,-0.6260322018944836,50,1712137675284
1443,-0.525390625,1.78125,-0.224609375,-0.6260322018944836,40,1712137675284
1443,-0.4296875,1.6171875,-0.38671875,-0.5008257615155869,34,1712137675284
1443,-0.439453125,1.6484375,-0.416015625,-0.5008257615155869,95,1712137675284
1443,-0.44921875,1.673828125,-0.466796875,-0.5008257615155869,116,1712137675284
1443,-0.458984375,1.662109375,-0.62109375,-0.5008257615155869,56,1712137675284
1443,-0.583984375,1.775390625,0.087890625,-0.5008257615155869,30,1712137675284
1443,-0.41796875,1.83984375,-0.29296875,-0.5008257615155869,34,1712137675284
1443,-0.42578125,1.875,-0.3046875,-0.5008257615155869,20,1712137675284
1443,-0.4296875,1.634765625,-0.310546875,-0.37561932113669017,46,1712137675284
1443,-0.439453125,1.673828125,-0.302734375,-0.37561932113669017,141,1712137675284
1443,-0.44921875,1.7109375,-0.3046875,-0.37561932113669017,203,1712137675284
1443,-0.515625,1.724609375,-0.34375,-0.37561932113669017,134,1712137675284
1443,-0.642578125,1.736328125,-0.265625,-0.37561932113669017,22,1712137675284
1443,-0.357421875,1.845703125,-0.330078125,-0.37561932113669017,54,1712137675284
1443,-0.365234375,1.87890625,-0.361328125,-0.37561932113669017,48,1712137675284
1443,-0.482421875,1.638671875,-0.1796875,-0.25041288075779344,19,1712137675284
1443,-0.439453125,1.685546875,-0.220703125,-0.25041288075779344,67,1712137675284
1443,-0.44921875,1.724609375,-0.208984375,-0.25041288075779344,108,1712137675284
1443,-0.458984375,1.76171875,-0.212890625,-0.25041288075779344,84,1712137675284
1443,-0.41796875,1.833984375,-0.32421875,-0.25041288075779344,56,1712137675284
1443,-0.365234375,1.8828125,-0.333984375,-0.25041288075779344,65,1712137675284
1443,-0.373046875,1.896484375,-0.453125,-0.25041288075779344,53,1712137675284
1443,-0.443359375,1.892578125,-0.5625,-0.25041288075779344,32,1712137675284
1443,-0.16796875,2.205078125,-1.5,-0.25041288075779344,21,1712137675284
1443,-0.169921875,2.349609375,-1.33984375,-0.25041288075779344,29,1712137675284
1443,-0.171875,2.501953125,-1.126953125,-0.25041288075779344,22,1712137675284
1443,-0.234375,1.763671875,-0.580078125,-0.12520644037889672,31,1712137675284
1443,-0.23828125,1.810546875,-0.5546875,-0.12520644037889672,29,1712137675284
1443,-0.486328125,1.87890625,-0.162109375,-0.12520644037889672,49,1712137675284
1443,-0.49609375,1.896484375,-0.31640625,-0.12520644037889672,62,1712137675284
1443,-0.505859375,1.912109375,-0.42578125,-0.12520644037889672,36,1712137675284
1443,3.435546875,0.603515625,-1.123046875,-0.12520644037889672,20,1712137675284
1443,3.587890625,0.0,-1.005859375,-0.12520644037889672,30,1712137675284
1443,3.5078125,0.873046875,-0.96484375,-0.12520644037889672,22,1712137675284
1443,-0.458984375,3.6328125,-0.166015625,0.0,7,1712137675284
1443,0.9296875,1.3359375,1.611328125,0.25041288075779344,10,1712137675284
1443,-1.40234375,0.0,1.435546875,-0.37561932113669017,18,1712137675284
1443,-0.34375,3.623046875,-0.423828125,-0.12520644037889672,11,1712137675284
1444,-0.439453125,1.701171875,-0.013671875,0.0,13,1712137675385
1444,-0.34375,1.791015625,-0.1796875,0.0,12,1712137675385
1444,-0.29296875,1.826171875,-0.28125,0.0,28,1712137675385
1444,-0.298828125,1.853515625,-0.341796875,0.0,52,1712137675385
1444,-0.3046875,1.890625,-0.34765625,0.0,52,1712137675385
1444,-0.421875,1.630859375,-1.494140625,0.12520644037889672,28,1712137675385
1444,-0.501953125,1.732421875,-1.412109375,0.12520644037889672,33,1712137675385
1444,-0.509765625,1.634765625,-1.578125,0.12520644037889672,22,1712137675385
1444,-0.4921875,1.767578125,-1.306640625,0.25041288075779344,19,1712137675385
1444,-0.501953125,1.76171875,-1.375,0.25041288075779344,19,1712137675385
1444,-0.375,1.60546875,-0.482421875,-0.5008257615155869,18,1712137675385
1444,-0.439453125,1.638671875,-0.45703125,-0.5008257615155869,31,1712137675385
1444,-0.44921875,1.650390625,-0.544921875,-0.5008257615155869,24,1712137675385
1444,-0.466796875,1.810546875,-0.03515625,-0.5008257615155869,20,1712137675385
1444,-0.3671875,1.60546875,-0.33203125,-0.37561932113669017,22,1712137675385
1444,-0.375,1.640625,-0.345703125,-0.37561932113669017,56,1712137675385
1444,-0.384765625,1.68359375,-0.322265625,-0.37561932113669017,72,1712137675385
1444,-0.392578125,1.7265625,-0.287109375,-0.37561932113669017,56,1712137675385
1444,-0.34375,1.74609375,-0.4375,-0.37561932113669017,39,1712137675385
1444,-0.3515625,1.734375,-0.603515625,-0.37561932113669017,27,1712137675385
1444,-0.23828125,1.796875,-0.599609375,-0.37561932113669017,22,1712137675385
1444,-0.3046875,1.796875,-0.6875,-0.37561932113669017,18,1712137675385
1444,-0.41796875,2.1953125,-1.46484375,-0.37561932113669017,21,1712137675385
1444,-0.423828125,2.30078125,-1.37109375,-0.37561932113669017,22,1712137675385
1444,-0.375,1.666015625,-0.185546875,-0.25041288075779344,39,1712137675385
1444,-0.439453125,1.6953125,-0.123046875,-0.25041288075779344,38,1712137675385
1444,-0.3359375,1.76171875,-0.033203125,-0.25041288075779344,32,1712137675385
1444,-0.34375,1.775390625,-0.298828125,-0.25041288075779344,48,1712137675385
1444,-0.29296875,1.7890625,-0.4609375,-0.25041288075779344,54,1712137675385
1444,-0.23828125,1.80859375,-0.5625,-0.25041288075779344,86,1712137675385
1444,-0.3046875,1.83203125,-0.583984375,-0.25041288075779344,89,1712137675385
1444,-0.310546875,1.857421875,-0.626953125,-0.25041288075779344,46,1712137675385
1444,-0.41796875,2.26953125,-1.34765625,-0.25041288075779344,32,1712137675385
1444,-0.423828125,2.384765625,-1.216796875,-0.25041288075779344,34,1712137675385
1444,-0.6015625,2.490234375,-0.99609375,-0.25041288075779344,22,1712137675385
1444,-0.392578125,1.689453125,-0.462890625,-0.12520644037889672,18,1712137675385
1444,-0.287109375,1.7265625,-0.541015625,-0.12520644037889672,19,1712137675385
1444,-0.234375,1.779296875,-0.529296875,-0.12520644037889672,52,1712137675385
1444,-0.23828125,1.8359375,-0.466796875,-0.12520644037889672,104,1712137675385
1444,-0.244140625,1.880859375,-0.44140625,-0.12520644037889672,106,1712137675385
1444,-0.310546875,1.904296875,-0.466796875,-0.12520644037889672,55,1712137675385
1444,-0.5078125,2.474609375,-0.984375,-0.12520644037889672,19,1712137675385
1445,-0.322265625,1.61328125,-0.494140625,0.0,19,1712137675485
1445,-0.384765625,1.6328125,-0.517578125,0.0,18,1712137675485
1445,-0.287109375,1.751953125,-0.45703125,0.0,14,1712137675485
1445,-0.29296875,1.78515625,-0.48046875,0.0,31,1712137675485
1445,-0.23828125,1.826171875,-0.5,0.0,37,1712137675485
1445,-0.17578125,1.8125,-0.423828125,0.12520644037889672,17,1712137675485
1445,-0.23828125,1.845703125,-0.42578125,0.12520644037889672,20,1712137675485
1445,-0.255859375,1.560546875,-0.439453125,-0.37561932113669017,26,1712137675485
1445,-0.314453125,1.59375,-0.42578125,-0.37561932113669017,68,1712137675485
1445,-0.322265625,1.634765625,-0.419921875,-0.37561932113669017,79,1712137675485
1445,-0.330078125,1.671875,-0.427734375,-0.37561932113669017,40,1712137675485
1445,-0.30859375,1.576171875,-0.341796875,-0.25041288075779344,43,1712137675485
1445,-0.314453125,1.619140625,-0.31640625,-0.25041288075779344,115,1712137675485
1445,-0.322265625,1.662109375,-0.28515625,-0.25041288075779344,131,1712137675485
1445,-0.330078125,1.708984375,-0.240234375,-0.25041288075779344,71,1712137675485
1445,-0.224609375,1.767578125,-0.20703125,-0.25041288075779344,24,1712137675485
1445,-0.228515625,1.73046875,-0.556640625,-0.25041288075779344,28,1712137675485
1445,-0.17578125,1.73828125,-0.669921875,-0.25041288075779344,36,1712137675485
1445,-0.1796875,1.74609375,-0.748046875,-0.25041288075779344,34,1712137675485
1445,-0.181640625,1.802734375,-0.712890625,-0.25041288075779344,22,1712137675485
1445,-0.30859375,1.599609375,-0.205078125,-0.12520644037889672,21,1712137675485
1445,-0.314453125,1.642578125,-0.150390625,-0.12520644037889672,50,1712137675485
1445,-0.375,1.67578125,-0.041015625,-0.12520644037889672,49,1712137675485
1445,-0.384765625,1.701171875,0.20703125,-0.12520644037889672,18,1712137675485
1445,-0.228515625,1.740234375,-0.52734375,-0.12520644037889672,38,1712137675485
1445,-0.234375,1.748046875,-0.625,-0.12520644037889672,72,1712137675485
1445,-0.23828125,1.78515625,-0.630859375,-0.12520644037889672,82,1712137675485
1445,-0.244140625,1.822265625,-0.640625,-0.12520644037889672,51,1712137675485
1445,-1.20703125,0.0,-1.75390625,-0.12520644037889672,11,1712137675485
1446,-0.255859375,1.525390625,-0.548828125,0.0,17,1712137675585
1446,-0.26171875,1.56640625,-0.544921875,0.0,34,1712137675585
1446,-0.267578125,1.603515625,-0.556640625,0.0,30,1712137675585
1446,-0.384765625,1.671875,-0.375,0.0,11,1712137675585
1446,-0.2109375,1.400390625,-0.90234375,-0.25041288075779344,25,1712137675585
1446,-0.267578125,1.4921875,-0.806640625,-0.25041288075779344,15,1712137675585
1446,-0.384765625,1.693359375,-0.26171875,-0.25041288075779344,18,1712137675585
1446,-0.392578125,1.728515625,-0.283203125,-0.25041288075779344,18,1712137675585
1446,-0.255859375,1.466796875,-0.69140625,-0.12520644037889672,31,1712137675585
1446,-0.26171875,1.521484375,-0.66015625,-0.12520644037889672,60,1712137675585
1446,-0.267578125,1.568359375,-0.650390625,-0.12520644037889672,51,1712137675585
1446,-0.384765625,1.67578125,-0.35546875,-0.12520644037889672,19,1712137675585
1446,1.427734375,0.958984375,-0.357421875,0.0,6,1712137675585
1446,1.482421875,0.673828125,-0.658203125,-0.12520644037889672,10,1712137675585
1447,-0.30859375,1.560546875,-0.408203125,0.0,11,1712137675686
1447,-0.26171875,1.603515625,-0.427734375,0.0,20,1712137675686
1447,-0.322265625,1.62109375,-0.46875,0.0,16,1712137675686
1447,-0.314453125,1.5078125,-0.66796875,-0.25041288075779344,18,1712137675686
1447,-0.255859375,1.521484375,-0.5625,-0.12520644037889672,25,1712137675686
1447,-0.2109375,1.560546875,-0.583984375,-0.12520644037889672,40,1712137675686
1447,-0.322265625,1.57421875,-0.60546875,-0.12520644037889672,34,1712137675686
1448,0.0,1.8046875,-0.4921875,0.12520644037889672,21,1712137675786
1448,-0.060546875,1.830078125,-0.537109375,0.12520644037889672,27,1712137675786
1450,-0.357421875,2.009765625,-1.037109375,0.0,18,1712137675987
1450,-0.36328125,2.046875,-1.048828125,0.0,15,1712137675987
1450,-0.357421875,1.91015625,-1.2109375,-0.12520644037889672,33,1712137675987
1450,-0.36328125,1.916015625,-1.271484375,-0.12520644037889672,27,1712137675987
