1224,1.138671875,3.8828125,-0.072265625,-0.7512386422733803,19,1712141045665
1224,1.021484375,3.955078125,0.0,-0.7512386422733803,18,1712141045665
1224,0.0,4.005859375,-0.796875,-0.5008257615155869,28,1712141045665
1224,0.38671875,4.00390625,-0.90234375,-0.5008257615155869,71,1712141045665
1224,0.390625,4.0390625,-0.919921875,-0.5008257615155869,83,1712141045665
1224,0.525390625,4.05078125,-0.978515625,-0.5008257615155869,55,1712141045665
1224,0.529296875,4.0859375,-0.994140625,-0.5008257615155869,30,1712141045665
1224,0.509765625,3.9453125,-0.9296875,-0.37561932113669017,39,1712141045665
1224,0.515625,3.9921875,-0.896484375,-0.37561932113669017,96,1712141045665
1224,0.51953125,4.0546875,-0.779296875,-0.37561932113669017,126,1712141045665
1224,0.525390625,4.103515625,-0.71875,-0.37561932113669017,86,1712141045665
1224,0.662109375,4.125,-0.70703125,-0.37561932113669017,44,1712141045665
1224,0.505859375,4.001953125,-0.333984375,-0.25041288075779344,24,1712141045665
1224,0.509765625,4.0390625,-0.33984375,-0.25041288075779344,49,1712141045665
1224,0.515625,4.03515625,-0.67578125,-0.25041288075779344,51,1712141045665
1224,0.51953125,4.08984375,-0.55859375,-0.25041288075779344,66,1712141045665
1224,0.525390625,4.15625,-0.29296875,-0.25041288075779344,59,1712141045665
1225,0.9921875,3.84375,0.07421875,0.0,17,1712141045765
1225,0.876953125,3.91015625,0.107421875,0.0,24,1712141045765
1225,0.884765625,3.9375,0.28515625,0.0,20,1712141045765
1225,0.3828125,4.025390625,0.58203125,0.0,16,1712141045765
1225,0.876953125,3.8984375,0.328125,0.25041288075779344,22,1712141045765
1225,0.65625,4.14453125,-0.1484375,-0.7512386422733803,20,1712141045765
1225,0.505859375,3.939453125,-0.771484375,-0.6260322018944836,44,1712141045765
1225,0.509765625,3.958984375,-0.86328125,-0.6260322018944836,65,1712141045765
1225,0.515625,3.99609375,-0.876953125,-0.6260322018944836,53,1712141045765
1225,0.51953125,3.9765625,-1.107421875,-0.6260322018944836,23,1712141045765
1225,0.125,3.998046875,-0.248046875,-0.5008257615155869,27,1712141045765
1225,0.37890625,3.990234375,-0.55859375,-0.5008257615155869,72,1712141045765
1225,0.509765625,4.001953125,-0.642578125,-0.5008257615155869,130,1712141045765
1225,0.515625,4.0390625,-0.650390625,-0.5008257615155869,130,1712141045765
1225,0.51953125,4.068359375,-0.70703125,-0.5008257615155869,79,1712141045765
1225,0.525390625,4.087890625,-0.80078125,-0.5008257615155869,39,1712141045765
1225,0.0,4.046875,0.013671875,-0.37561932113669017,26,1712141045765
1225,0.3828125,4.04296875,-0.431640625,-0.37561932113669017,86,1712141045765
1225,0.515625,4.0703125,-0.416015625,-0.37561932113669017,110,1712141045765
1225,0.390625,4.12890625,-0.34765625,-0.37561932113669017,74,1712141045765
1225,0.39453125,4.169921875,-0.291015625,-0.37561932113669017,31,1712141045765
1225,0.38671875,3.947265625,-1.125,-0.25041288075779344,47,1712141045765
1225,0.390625,4.0078125,-1.048828125,-0.25041288075779344,50,1712141045765
1225,-1.041015625,2.486328125,3.169921875,-0.6260322018944836,12,1712141045765
1225,-1.517578125,0.83203125,3.658203125,-0.37561932113669017,17,1712141045765
1226,0.62109375,3.896484375,0.44140625,0.0,36,1712141045865
1226,0.751953125,3.9296875,0.23046875,0.0,61,1712141045865
1226,0.6328125,3.98828125,0.259765625,0.0,49,1712141045865
1226,0.638671875,4.03125,0.1796875,0.0,22,1712141045865
1226,0.751953125,3.935546875,-0.103515625,0.37561932113669017,36,1712141045865
1226,0.7578125,3.974609375,-0.0546875,0.37561932113669017,34,1712141045865
1226,0.626953125,3.958984375,0.046875,0.5008257615155869,29,1712141045865
1226,0.6328125,3.99609375,0.08984375,0.5008257615155869,31,1712141045865
1226,0.7578125,3.974609375,0.041015625,0.6260322018944836,31,1712141045865
1226,0.765625,4.01171875,0.015625,0.6260322018944836,29,1712141045865
1226,0.7578125,3.974609375,0.05078125,0.7512386422733803,31,1712141045865
1226,0.765625,4.01171875,0.10546875,0.7512386422733803,33,1712141045865
1226,0.626953125,3.783203125,-1.169921875,-0.7512386422733803,48,1712141045865
1226,0.505859375,3.8828125,-1.021484375,-0.7512386422733803,76,1712141045865
1226,0.638671875,3.9296875,-0.91796875,-0.7512386422733803,79,1712141045865
1226,0.64453125,4.017578125,-0.671875,-0.7512386422733803,58,1712141045865
1226,0.650390625,4.0859375,-0.453125,-0.7512386422733803,30,1712141045865
1226,0.501953125,3.89453125,-0.8046875,-0.6260322018944836,89,1712141045865
1226,0.505859375,3.93359375,-0.798828125,-0.6260322018944836,146,1712141045865
1226,0.638671875,3.962890625,-0.76171875,-0.6260322018944836,131,1712141045865
1226,0.64453125,4.0390625,-0.517578125,-0.6260322018944836,80,1712141045865
1226,0.779296875,4.083984375,-0.18359375,-0.6260322018944836,30,1712141045865
1226,0.375,3.9609375,-0.484375,-0.5008257615155869,42,1712141045865
1226,0.505859375,3.9765625,-0.55859375,-0.5008257615155869,91,1712141045865
1226,0.509765625,3.998046875,-0.662109375,-0.5008257615155869,81,1712141045865
1226,0.7734375,4.013671875,-0.54296875,-0.5008257615155869,47,1712141045865
1226,0.62109375,3.921875,-0.02734375,-0.37561932113669017,40,1712141045865
1226,0.626953125,3.958984375,-0.09375,-0.37561932113669017,44,1712141045865
1226,0.255859375,3.8984375,-1.19140625,-0.37561932113669017,23,1712141045865
1226,0.744140625,3.900390625,-0.02734375,-0.25041288075779344,61,1712141045865
1226,0.876953125,3.90625,-0.1875,-0.25041288075779344,98,1712141045865
1226,0.884765625,3.943359375,-0.203125,-0.25041288075779344,71,1712141045865
1226,0.744140625,3.896484375,0.1484375,-0.12520644037889672,80,1712141045865
1226,0.751953125,3.9375,0.033203125,-0.12520644037889672,134,1712141045865
1226,0.7578125,3.974609375,-0.013671875,-0.12520644037889672,104,1712141045865
1226,0.765625,4.0078125,-0.19921875,-0.12520644037889672,32,1712141045865
1227,0.4921875,3.73828125,-1.119140625,-0.7512386422733803,20,1712141045965
1227,0.49609375,3.779296875,-1.109375,-0.7512386422733803,40,1712141045965
1227,0.501953125,3.845703125,-1.013671875,-0.7512386422733803,46,1712141045965
1227,0.505859375,3.9296875,-0.82421875,-0.7512386422733803,41,1712141045965
1227,0.3828125,4.0078125,-0.689453125,-0.7512386422733803,30,1712141045965
1227,0.4921875,3.830078125,-0.7421875,-0.6260322018944836,56,1712141045965
1227,0.49609375,3.869140625,-0.744140625,-0.6260322018944836,97,1712141045965
1227,0.501953125,3.904296875,-0.7578125,-0.6260322018944836,99,1712141045965
1227,0.505859375,3.939453125,-0.771484375,-0.6260322018944836,82,1712141045965
1227,0.3828125,3.9921875,-0.779296875,-0.6260322018944836,66,1712141045965
1227,0.38671875,3.998046875,-0.93359375,-0.6260322018944836,35,1712141045965
1227,0.4921875,3.888671875,-0.32421875,-0.5008257615155869,62,1712141045965
1227,0.49609375,3.916015625,-0.421875,-0.5008257615155869,96,1712141045965
1227,0.501953125,3.947265625,-0.48828125,-0.5008257615155869,94,1712141045965
1227,0.505859375,3.9765625,-0.55859375,-0.5008257615155869,85,1712141045965
1227,0.3828125,4.009765625,-0.68359375,-0.5008257615155869,73,1712141045965
1227,0.38671875,4.021484375,-0.826171875,-0.5008257615155869,43,1712141045965
1227,0.615234375,3.880859375,-0.154296875,-0.37561932113669017,32,1712141045965
1227,0.62109375,3.916015625,-0.189453125,-0.37561932113669017,66,1712141045965
1227,0.626953125,3.95703125,-0.154296875,-0.37561932113669017,72,1712141045965
1227,0.505859375,4.009765625,-0.201171875,-0.37561932113669017,62,1712141045965
1227,0.509765625,4.03125,-0.416015625,-0.37561932113669017,46,1712141045965
1227,0.615234375,3.8828125,-0.11328125,-0.25041288075779344,28,1712141045965
1227,0.62109375,3.921875,0.0078125,-0.25041288075779344,53,1712141045965
1227,0.626953125,3.958984375,0.0546875,-0.25041288075779344,55,1712141045965
1227,0.6328125,3.99609375,-0.0078125,-0.25041288075779344,34,1712141045965
1228,0.37890625,3.7890625,-1.37109375,-0.7512386422733803,25,1712141046066
1228,0.365234375,3.87109375,-0.2109375,-0.6260322018944836,34,1712141046066
1228,0.4921875,3.896484375,-0.197265625,-0.6260322018944836,51,1712141046066
1228,0.373046875,3.939453125,-0.32421875,-0.6260322018944836,28,1712141046066
1228,0.375,3.7890625,-1.251953125,-0.6260322018944836,30,1712141046066
1228,0.37890625,3.89453125,-1.03515625,-0.6260322018944836,45,1712141046066
1228,0.361328125,3.837890625,0.017578125,-0.5008257615155869,22,1712141046066
1228,0.486328125,3.86328125,0.046875,-0.5008257615155869,66,1712141046066
1228,0.4921875,3.900390625,0.0625,-0.5008257615155869,94,1712141046066
1228,0.373046875,3.951171875,0.08203125,-0.5008257615155869,60,1712141046066
1228,0.501953125,3.91015625,-0.720703125,-0.5008257615155869,28,1712141046066
1228,0.37890625,3.96484375,-0.7109375,-0.5008257615155869,38,1712141046066
1228,0.365234375,3.869140625,0.255859375,-0.37561932113669017,37,1712141046066
1228,0.4921875,3.896484375,0.17578125,-0.37561932113669017,62,1712141046066
1228,0.49609375,3.939453125,0.060546875,-0.37561932113669017,65,1712141046066
1228,0.501953125,3.974609375,-0.154296875,-0.37561932113669017,55,1712141046066
1228,0.505859375,4.00390625,-0.291015625,-0.37561932113669017,43,1712141046066
1228,0.62109375,3.921875,0.044921875,-0.25041288075779344,33,1712141046066
1228,0.501953125,3.9765625,0.046875,-0.25041288075779344,31,1712141046066
1229,0.361328125,3.798828125,0.548828125,0.0,15,1712141046166
1229,0.365234375,3.830078125,0.60546875,0.0,25,1712141046166
1229,0.369140625,3.85546875,0.681640625,0.0,26,1712141046166
1229,0.0,2.8671875,2.634765625,0.876445082652277,17,1712141046166
1229,0.0,2.8046875,2.755859375,0.876445082652277,23,1712141046166
1229,0.486328125,3.78515625,-0.771484375,-1.0016515230311738,32,1712141046166
1229,0.369140625,3.8515625,-0.705078125,-1.0016515230311738,48,1712141046166
1229,0.49609375,3.8984375,-0.5703125,-1.0016515230311738,44,1712141046166
1229,0.501953125,3.947265625,-0.486328125,-1.0016515230311738,22,1712141046166
1229,0.486328125,3.83984375,-0.43359375,-0.876445082652277,35,1712141046166
1229,0.4921875,3.88671875,-0.33984375,-0.876445082652277,67,1712141046166
1229,0.62109375,3.91015625,-0.310546875,-0.876445082652277,69,1712141046166
1229,0.501953125,3.97265625,-0.19140625,-0.876445082652277,37,1712141046166
1229,0.369140625,3.9140625,0.087890625,-0.7512386422733803,41,1712141046166
1229,0.49609375,3.939453125,-0.06640625,-0.7512386422733803,51,1712141046166
1229,0.501953125,3.966796875,-0.29296875,-0.7512386422733803,31,1712141046166
1229,0.4765625,3.642578125,-1.041015625,-0.6260322018944836,31,1712141046166
1229,0.482421875,3.712890625,-0.919921875,-0.6260322018944836,63,1712141046166
1229,0.609375,3.748046875,-0.865234375,-0.6260322018944836,79,1712141046166
1229,0.615234375,3.78515625,-0.87109375,-0.6260322018944836,66,1712141046166
1229,0.49609375,3.861328125,-0.779296875,-0.6260322018944836,30,1712141046166
1229,0.4765625,3.693359375,-0.8359375,-0.5008257615155869,33,1712141046166
1229,0.482421875,3.7734375,-0.6328125,-0.5008257615155869,79,1712141046166
1229,0.486328125,3.818359375,-0.5859375,-0.5008257615155869,116,1712141046166
1229,0.4921875,3.853515625,-0.615234375,-0.5008257615155869,115,1712141046166
1229,0.49609375,3.87890625,-0.69140625,-0.5008257615155869,73,1712141046166
1229,0.482421875,3.8046875,-0.39453125,-0.37561932113669017,48,1712141046166
1229,0.486328125,3.845703125,-0.373046875,-0.37561932113669017,81,1712141046166
1229,0.4921875,3.875,-0.4453125,-0.37561932113669017,88,1712141046166
1229,0.373046875,3.91015625,-0.58203125,-0.37561932113669017,64,1712141046166
1229,0.361328125,3.837890625,-0.115234375,-0.25041288075779344,39,1712141046166
1229,0.365234375,3.876953125,-0.0546875,-0.25041288075779344,65,1712141046166
1229,0.369140625,3.912109375,-0.12890625,-0.25041288075779344,67,1712141046166
1229,0.248046875,3.94921875,-0.3125,-0.25041288075779344,43,1712141046166
1229,0.361328125,3.83203125,0.21875,-0.12520644037889672,34,1712141046166
1229,0.365234375,3.8671875,0.263671875,-0.12520644037889672,61,1712141046166
1229,0.369140625,3.908203125,0.234375,-0.12520644037889672,60,1712141046166
1229,0.248046875,3.953125,0.26171875,-0.12520644037889672,33,1712141046166
1229,1.337890625,3.525390625,-0.97265625,0.876445082652277,10,1712141046166
1229,1.3515625,3.60546875,-0.798828125,0.876445082652277,12,1712141046166
1230,0.0,3.8046875,0.31640625,0.0,22,1712141046266
1230,0.0,3.853515625,0.15234375,0.0,25,1712141046266
1230,0.244140625,0.71875,3.818359375,0.7512386422733803,31,1712141046266
1230,0.24609375,0.0,-3.927734375,0.7512386422733803,28,1712141046266
1230,0.240234375,1.435546875,3.5703125,0.876445082652277,27,1712141046266
1230,0.244140625,0.583984375,3.841796875,0.876445082652277,38,1712141046266
1230,0.123046875,0.595703125,-3.884765625,0.876445082652277,29,1712141046266
1230,0.595703125,3.763671875,-0.216796875,-1.0016515230311738,38,1712141046266
1230,0.72265625,3.787109375,-0.09375,-1.0016515230311738,61,1712141046266
1230,0.73046875,3.82421875,-0.02734375,-1.0016515230311738,52,1712141046266
1230,0.615234375,3.8828125,0.044921875,-1.0016515230311738,24,1712141046266
1230,0.595703125,3.76953125,-0.109375,-0.876445082652277,59,1712141046266
1230,0.72265625,3.787109375,-0.095703125,-0.876445082652277,95,1712141046266
1230,0.73046875,3.82421875,-0.068359375,-0.876445082652277,73,1712141046266
1230,0.615234375,3.880859375,-0.150390625,-0.876445082652277,24,1712141046266
1230,0.58984375,3.724609375,-0.255859375,-0.7512386422733803,40,1712141046266
1230,0.71484375,3.744140625,-0.21875,-0.7512386422733803,133,1712141046266
1230,0.72265625,3.779296875,-0.234375,-0.7512386422733803,201,1712141046266
1230,0.73046875,3.81640625,-0.267578125,-0.7512386422733803,150,1712141046266
1230,0.736328125,3.857421875,-0.208984375,-0.7512386422733803,49,1712141046266
1230,0.3515625,3.671875,-0.623046875,-0.6260322018944836,20,1712141046266
1230,0.47265625,3.73828125,-0.294921875,-0.6260322018944836,80,1712141046266
1230,0.595703125,3.767578125,-0.158203125,-0.6260322018944836,206,1712141046266
1230,0.6015625,3.8046875,-0.166015625,-0.6260322018944836,285,1712141046266
1230,0.609375,3.841796875,-0.181640625,-0.6260322018944836,202,1712141046266
1230,0.736328125,3.861328125,-0.044921875,-0.6260322018944836,58,1712141046266
1230,0.466796875,3.6640625,-0.58984375,-0.5008257615155869,23,1712141046266
1230,0.47265625,3.7421875,-0.232421875,-0.5008257615155869,63,1712141046266
1230,0.4765625,3.787109375,-0.083984375,-0.5008257615155869,122,1712141046266
1230,0.6015625,3.80859375,-0.029296875,-0.5008257615155869,163,1712141046266
1230,0.609375,3.845703125,-0.029296875,-0.5008257615155869,105,1712141046266
1230,0.0,3.8125,-0.181640625,-0.37561932113669017,55,1712141046266
1230,0.0,3.85546875,-0.09765625,-0.37561932113669017,81,1712141046266
1230,0.12109375,3.865234375,-0.45703125,-0.37561932113669017,77,1712141046266
1230,0.24609375,3.841796875,-0.802734375,-0.37561932113669017,75,1712141046266
1230,0.373046875,3.875,-0.783203125,-0.37561932113669017,69,1712141046266
1230,0.375,3.923828125,-0.732421875,-0.37561932113669017,38,1712141046266
1230,0.0,3.771484375,-0.244140625,-0.25041288075779344,31,1712141046266
1230,0.119140625,3.814453125,-0.109375,-0.25041288075779344,103,1712141046266
1230,0.12109375,3.853515625,-0.095703125,-0.25041288075779344,148,1712141046266
1230,0.12109375,3.884765625,-0.2265625,-0.25041288075779344,121,1712141046266
1230,0.369140625,3.892578125,-0.41015625,-0.25041288075779344,81,1712141046266
1230,0.373046875,3.921875,-0.49609375,-0.25041288075779344,61,1712141046266
1230,0.375,3.96484375,-0.462890625,-0.25041288075779344,32,1712141046266
1230,0.0,3.818359375,0.009765625,-0.12520644037889672,53,1712141046266
1230,0.0,3.85546875,0.029296875,-0.12520644037889672,74,1712141046266
1230,0.0,3.89453125,0.0234375,-0.12520644037889672,55,1712141046266
1230,0.123046875,3.9296875,0.03125,-0.12520644037889672,28,1712141046266
1230,1.58203125,3.55859375,0.0390625,0.7512386422733803,16,1712141046266
1230,1.59765625,3.591796875,-0.087890625,0.7512386422733803,15,1712141046266
1230,1.703125,3.501953125,-0.033203125,0.876445082652277,20,1712141046266
1230,1.720703125,3.533203125,-0.158203125,0.876445082652277,17,1712141046266
1231,-0.23828125,3.7890625,0.40234375,0.0,39,1712141046367
1231,-0.240234375,3.826171875,0.40625,0.0,41,1712141046367
1231,-0.365234375,3.837890625,0.546875,0.0,19,1712141046367
1231,0.47265625,1.294921875,3.51953125,0.7512386422733803,30,1712141046367
1231,0.4765625,1.369140625,3.53125,0.7512386422733803,29,1712141046367
1231,0.466796875,0.0,-3.71875,0.876445082652277,28,1712141046367
1231,0.47265625,0.0,-3.765625,0.876445082652277,53,1712141046367
1231,0.357421875,0.21484375,-3.794921875,0.876445082652277,50,1712141046367
1231,0.361328125,0.333984375,-3.82421875,0.876445082652277,23,1712141046367
1231,0.818359375,3.64453125,0.216796875,-1.0016515230311738,26,1712141046367
1231,0.9453125,3.654296875,0.203125,-1.0016515230311738,37,1712141046367
1231,0.8359375,3.71875,0.232421875,-1.0016515230311738,32,1712141046367
1231,0.826171875,3.677734375,0.28515625,-0.876445082652277,19,1712141046367
1231,0.583984375,3.603515625,-0.81640625,-0.7512386422733803,27,1712141046367
1231,0.58984375,3.685546875,-0.587890625,-0.7512386422733803,41,1712141046367
1231,0.71484375,3.716796875,-0.501953125,-0.7512386422733803,37,1712141046367
1231,0.6015625,3.779296875,-0.46484375,-0.7512386422733803,21,1712141046367
1231,0.462890625,3.505859375,-1.095703125,-0.6260322018944836,29,1712141046367
1231,0.466796875,3.603515625,-0.892578125,-0.6260322018944836,74,1712141046367
1231,0.47265625,3.69140625,-0.662109375,-0.6260322018944836,105,1712141046367
1231,0.595703125,3.73828125,-0.486328125,-0.6260322018944836,91,1712141046367
1231,0.6015625,3.79296875,-0.337890625,-0.6260322018944836,50,1712141046367
1231,0.34765625,3.55078125,-0.990234375,-0.5008257615155869,27,1712141046367
1231,0.466796875,3.6328125,-0.759765625,-0.5008257615155869,71,1712141046367
1231,0.353515625,3.716796875,-0.58984375,-0.5008257615155869,97,1712141046367
1231,0.595703125,3.75,-0.396484375,-0.5008257615155869,71,1712141046367
1231,0.240234375,3.84765625,0.01953125,-0.5008257615155869,36,1712141046367
1231,0.12109375,3.85546875,-0.525390625,-0.5008257615155869,61,1712141046367
1231,0.24609375,3.875,-0.623046875,-0.5008257615155869,51,1712141046367
1231,0.3515625,3.685546875,-0.541015625,-0.37561932113669017,24,1712141046367
1231,0.1171875,3.744140625,-0.498046875,-0.37561932113669017,42,1712141046367
1231,0.0,3.748046875,-0.73046875,-0.37561932113669017,38,1712141046367
1231,-0.12109375,3.888671875,-0.166015625,-0.37561932113669017,35,1712141046367
1231,0.0,3.771484375,-0.25390625,-0.25041288075779344,52,1712141046367
1231,-0.119140625,3.810546875,-0.212890625,-0.25041288075779344,100,1712141046367
1231,-0.12109375,3.83984375,-0.32421875,-0.25041288075779344,78,1712141046367
1231,-0.244140625,3.88671875,-0.05078125,-0.25041288075779344,47,1712141046367
1231,-0.123046875,3.9296875,-0.08203125,-0.25041288075779344,36,1712141046367
1231,-0.236328125,3.771484375,0.013671875,-0.12520644037889672,44,1712141046367
1231,-0.119140625,3.814453125,0.052734375,-0.12520644037889672,97,1712141046367
1231,-0.12109375,3.853515625,0.01953125,-0.12520644037889672,94,1712141046367
1231,-0.12109375,3.890625,-0.087890625,-0.12520644037889672,44,1712141046367
1231,1.890625,3.271484375,-0.099609375,0.7512386422733803,16,1712141046367
1231,1.87109375,3.232421875,0.234375,0.876445082652277,16,1712141046367
1231,1.890625,3.267578125,0.181640625,0.876445082652277,29,1712141046367
1231,1.7890625,3.361328125,0.279296875,0.876445082652277,27,1712141046367
1231,1.806640625,3.37890625,0.421875,0.876445082652277,12,1712141046367
1232,-0.234375,3.734375,-0.02734375,0.0,23,1712141046467
1232,-0.236328125,3.771484375,-0.05078125,0.0,63,1712141046467
1232,-0.23828125,3.80859375,-0.10546875,0.0,76,1712141046467
1232,-0.240234375,3.845703125,-0.15234375,0.0,45,1712141046467
1232,0.228515625,3.58984375,-0.703125,-0.7512386422733803,43,1712141046467
1232,0.34765625,3.587890625,-0.84765625,-0.7512386422733803,77,1712141046467
1232,0.466796875,3.607421875,-0.875,-0.7512386422733803,98,1712141046467
1232,0.47265625,3.673828125,-0.75,-0.7512386422733803,104,1712141046467
1232,0.4765625,3.720703125,-0.703125,-0.7512386422733803,76,1712141046467
1232,0.482421875,3.771484375,-0.642578125,-0.7512386422733803,38,1712141046467
1232,0.228515625,3.6171875,-0.54296875,-0.6260322018944836,72,1712141046467
1232,0.34765625,3.62890625,-0.646484375,-0.6260322018944836,130,1712141046467
1232,0.3515625,3.671875,-0.625,-0.6260322018944836,162,1712141046467
1232,0.47265625,3.7109375,-0.537109375,-0.6260322018944836,160,1712141046467
1232,0.357421875,3.765625,-0.515625,-0.6260322018944836,116,1712141046467
1232,0.361328125,3.779296875,-0.669921875,-0.6260322018944836,66,1712141046467
1232,0.12109375,3.791015625,-0.884765625,-0.6260322018944836,41,1712141046467
1232,0.34375,3.6484375,-0.048828125,-0.5008257615155869,30,1712141046467
1232,0.34765625,3.68359375,-0.13671875,-0.5008257615155869,57,1712141046467
1232,0.466796875,3.708984375,-0.142578125,-0.5008257615155869,73,1712141046467
1232,0.353515625,3.7578125,-0.17578125,-0.5008257615155869,71,1712141046467
1232,0.357421875,3.78515625,-0.337890625,-0.5008257615155869,60,1712141046467
1232,0.240234375,3.78125,-0.712890625,-0.5008257615155869,60,1712141046467
1232,0.12109375,3.798828125,-0.8515625,-0.5008257615155869,48,1712141046467
1232,-0.236328125,3.7265625,-0.58203125,-0.37561932113669017,50,1712141046467
1232,-0.23828125,3.73828125,-0.734375,-0.37561932113669017,78,1712141046467
1232,-0.240234375,3.7578125,-0.833984375,-0.37561932113669017,61,1712141046467
1232,-0.3515625,3.71484375,-0.28515625,-0.25041288075779344,42,1712141046467
1232,-0.1171875,3.751953125,-0.439453125,-0.25041288075779344,133,1712141046467
1232,-0.23828125,3.78125,-0.47265625,-0.25041288075779344,183,1712141046467
1232,-0.240234375,3.822265625,-0.4375,-0.25041288075779344,125,1712141046467
1232,-0.365234375,3.86328125,-0.330078125,-0.25041288075779344,42,1712141046467
1232,-0.234375,3.72265625,-0.283203125,-0.12520644037889672,49,1712141046467
1232,-0.236328125,3.76171875,-0.287109375,-0.12520644037889672,140,1712141046467
1232,-0.23828125,3.798828125,-0.302734375,-0.12520644037889672,180,1712141046467
1232,-0.240234375,3.833984375,-0.3359375,-0.12520644037889672,114,1712141046467
1232,-0.365234375,3.865234375,-0.30859375,-0.12520644037889672,31,1712141046467
1233,0.3359375,3.431640625,-0.994140625,-0.876445082652277,36,1712141046568
1233,0.33984375,3.509765625,-0.849609375,-0.876445082652277,56,1712141046568
1233,0.34375,3.564453125,-0.783203125,-0.876445082652277,54,1712141046568
1233,0.462890625,3.611328125,-0.673828125,-0.876445082652277,39,1712141046568
1233,0.701171875,3.6171875,-0.654296875,-0.876445082652277,25,1712141046568
1233,0.22265625,3.453125,-0.79296875,-0.7512386422733803,26,1712141046568
1233,0.3359375,3.513671875,-0.64453125,-0.7512386422733803,85,1712141046568
1233,0.2265625,3.5703125,-0.595703125,-0.7512386422733803,148,1712141046568
1233,0.34375,3.59765625,-0.611328125,-0.7512386422733803,161,1712141046568
1233,0.462890625,3.623046875,-0.60546875,-0.7512386422733803,128,1712141046568
1233,0.583984375,3.66015625,-0.505859375,-0.7512386422733803,74,1712141046568
1233,0.111328125,3.490234375,-0.642578125,-0.6260322018944836,19,1712141046568
1233,0.224609375,3.5625,-0.361328125,-0.6260322018944836,66,1712141046568
1233,0.2265625,3.603515625,-0.34765625,-0.6260322018944836,118,1712141046568
1233,0.34375,3.623046875,-0.43359375,-0.6260322018944836,132,1712141046568
1233,0.462890625,3.646484375,-0.45703125,-0.6260322018944836,113,1712141046568
1233,0.466796875,3.693359375,-0.376953125,-0.6260322018944836,69,1712141046568
1233,0.0,3.638671875,-1.021484375,-0.6260322018944836,64,1712141046568
1233,0.2265625,3.6171875,-0.154296875,-0.5008257615155869,25,1712141046568
1233,0.458984375,3.59765625,-0.53125,-0.5008257615155869,32,1712141046568
1233,0.693359375,3.634765625,-0.140625,-0.5008257615155869,37,1712141046568
1233,-0.234375,3.58203125,-1.056640625,-0.5008257615155869,55,1712141046568
1233,-0.1171875,3.69921875,-0.765625,-0.5008257615155869,81,1712141046568
1233,0.0,3.759765625,-0.666015625,-0.5008257615155869,55,1712141046568
1233,-0.1171875,3.693359375,-0.580078125,-0.37561932113669017,32,1712141046568
1233,-0.1171875,3.720703125,-0.654296875,-0.37561932113669017,45,1712141046568
1233,-0.119140625,3.76171875,-0.642578125,-0.37561932113669017,30,1712141046568
1233,-0.234375,3.65625,-0.75390625,-0.25041288075779344,32,1712141046568
1233,-0.236328125,3.716796875,-0.646484375,-0.25041288075779344,52,1712141046568
1233,-0.23828125,3.751953125,-0.66015625,-0.25041288075779344,40,1712141046568
1233,-0.353515625,3.732421875,-0.48046875,-0.12520644037889672,36,1712141046568
1233,-0.357421875,3.77734375,-0.41796875,-0.12520644037889672,33,1712141046568
1233,-0.578125,2.396484375,-2.763671875,-0.5008257615155869,20,1712141046568
1233,0.935546875,3.345703125,1.38671875,-0.5008257615155869,29,1712141046568
1234,0.330078125,3.328125,-1.072265625,-1.0016515230311738,21,1712141046668
1234,0.22265625,3.373046875,-1.087890625,-1.0016515230311738,36,1712141046668
1234,0.224609375,3.4375,-1.0078125,-1.0016515230311738,38,1712141046668
1234,0.33984375,3.501953125,-0.8828125,-1.0016515230311738,29,1712141046668
1234,0.109375,3.41796875,-0.80078125,-0.876445082652277,41,1712141046668
1234,0.111328125,3.470703125,-0.740234375,-0.876445082652277,91,1712141046668
1234,0.111328125,3.51953125,-0.693359375,-0.876445082652277,104,1712141046668
1234,0.2265625,3.55078125,-0.697265625,-0.876445082652277,74,1712141046668
1234,0.572265625,3.546875,-0.71875,-0.876445082652277,75,1712141046668
1234,0.462890625,3.49609375,-1.130859375,-0.876445082652277,45,1712141046668
1234,0.109375,3.4921875,-0.361328125,-0.7512386422733803,44,1712141046668
1234,0.111328125,3.521484375,-0.4375,-0.7512386422733803,110,1712141046668
1234,0.111328125,3.556640625,-0.4609375,-0.7512386422733803,116,1712141046668
1234,0.6796875,3.52734375,-0.501953125,-0.7512386422733803,101,1712141046668
1234,0.6875,3.5,-0.845703125,-0.7512386422733803,133,1712141046668
1234,0.578125,3.52734375,-0.96484375,-0.7512386422733803,80,1712141046668
1234,0.21875,3.50390625,-0.05859375,-0.6260322018944836,29,1712141046668
1234,0.111328125,3.54296875,-0.197265625,-0.6260322018944836,60,1712141046668
1234,0.0,3.51953125,-0.6953125,-0.6260322018944836,50,1712141046668
1234,0.6796875,3.494140625,-0.693359375,-0.6260322018944836,105,1712141046668
1234,0.572265625,3.552734375,-0.693359375,-0.6260322018944836,129,1712141046668
1234,0.578125,3.580078125,-0.75,-0.6260322018944836,70,1712141046668
1234,0.6796875,3.5234375,-0.529296875,-0.5008257615155869,41,1712141046668
1234,0.572265625,3.587890625,-0.482421875,-0.5008257615155869,46,1712141046668
1234,0.462890625,3.642578125,-0.474609375,-0.5008257615155869,23,1712141046668
1234,0.80078125,3.46875,-0.869140625,-0.37561932113669017,21,1712141046668
1234,-0.810546875,2.677734375,2.42578125,-0.876445082652277,23,1712141046668
1234,-0.33984375,2.80078125,-2.27734375,-0.7512386422733803,60,1712141046668
1235,0.21484375,3.3671875,-0.650390625,-0.876445082652277,30,1712141046769
1235,0.216796875,3.373046875,-0.8046875,-0.876445082652277,64,1712141046769
1235,0.330078125,3.365234375,-0.94921875,-0.876445082652277,71,1712141046769
1235,0.22265625,3.4140625,-0.9453125,-0.876445082652277,56,1712141046769
1235,0.3359375,3.50390625,-0.6953125,-0.876445082652277,32,1712141046769
1235,0.0,3.529296875,-0.98828125,-0.876445082652277,30,1712141046769
1235,0.21484375,3.384765625,-0.552734375,-0.7512386422733803,52,1712141046769
1235,0.326171875,3.4140625,-0.5546875,-0.7512386422733803,115,1712141046769
1235,0.21875,3.435546875,-0.69140625,-0.7512386422733803,137,1712141046769
1235,0.22265625,3.48046875,-0.666015625,-0.7512386422733803,103,1712141046769
1235,0.224609375,3.5546875,-0.44140625,-0.7512386422733803,47,1712141046769
1235,0.21484375,3.38671875,-0.5390625,-0.6260322018944836,32,1712141046769
1235,0.216796875,3.435546875,-0.462890625,-0.6260322018944836,69,1712141046769
1235,0.109375,3.484375,-0.423828125,-0.6260322018944836,83,1712141046769
1235,0.111328125,3.533203125,-0.3203125,-0.6260322018944836,63,1712141046769
1235,0.0,3.5859375,0.1171875,-0.6260322018944836,23,1712141046769
1235,0.673828125,3.443359375,-0.751953125,-0.5008257615155869,21,1712141046769
1236,0.0,3.38671875,-1.0625,-1.0016515230311738,20,1712141046869
1236,0.10546875,3.306640625,-0.5859375,-0.876445082652277,20,1712141046869
1236,0.212890625,3.33984375,-0.5859375,-0.876445082652277,41,1712141046869
1236,0.21484375,3.37109375,-0.625,-0.876445082652277,41,1712141046869
1236,0.326171875,3.404296875,-0.609375,-0.876445082652277,23,1712141046869
1236,0.330078125,3.396484375,-0.83203125,-0.876445082652277,21,1712141046869
1236,0.33203125,3.4453125,-0.7890625,-0.876445082652277,25,1712141046869
1236,0.10546875,3.34765625,-0.259765625,-0.7512386422733803,50,1712141046869
1236,0.212890625,3.373046875,-0.34765625,-0.7512386422733803,104,1712141046869
1236,0.21484375,3.40234375,-0.423828125,-0.7512386422733803,105,1712141046869
1236,0.216796875,3.41796875,-0.58203125,-0.7512386422733803,69,1712141046869
1236,0.330078125,3.421875,-0.71875,-0.7512386422733803,53,1712141046869
1236,0.10546875,3.353515625,-0.16015625,-0.6260322018944836,36,1712141046869
1236,0.10546875,3.38671875,-0.248046875,-0.6260322018944836,79,1712141046869
1236,0.21484375,3.400390625,-0.447265625,-0.6260322018944836,97,1712141046869
1236,0.216796875,3.40625,-0.646484375,-0.6260322018944836,79,1712141046869
1236,0.21875,3.427734375,-0.734375,-0.6260322018944836,47,1712141046869
1236,0.212890625,3.341796875,-0.576171875,-0.5008257615155869,24,1712141046869
1236,0.21484375,3.35546875,-0.705078125,-0.5008257615155869,45,1712141046869
1236,0.216796875,3.302734375,-1.056640625,-0.5008257615155869,48,1712141046869
1236,0.109375,3.2265625,-1.3828125,-0.5008257615155869,30,1712141046869
1236,0.109375,3.40625,-0.67578125,-0.37561932113669017,22,1712141046869
1237,0.318359375,3.26171875,-0.89453125,-1.0016515230311738,22,1712141046969
1237,0.4296875,3.279296875,-0.93359375,-1.0016515230311738,39,1712141046969
1237,0.43359375,3.31640625,-0.9375,-1.0016515230311738,31,1712141046969
1237,0.2109375,3.306640625,-0.552734375,-0.876445082652277,22,1712141046969
1237,0.318359375,3.31640625,-0.671875,-0.876445082652277,30,1712141046969
1237,0.4296875,3.341796875,-0.67578125,-0.876445082652277,45,1712141046969
1237,0.43359375,3.388671875,-0.6328125,-0.876445082652277,41,1712141046969
1237,0.205078125,3.25390625,-0.39453125,-0.7512386422733803,24,1712141046969
1237,0.103515625,3.294921875,-0.41015625,-0.7512386422733803,65,1712141046969
1237,0.10546875,3.3203125,-0.498046875,-0.7512386422733803,88,1712141046969
1237,0.10546875,3.337890625,-0.623046875,-0.7512386422733803,75,1712141046969
1237,0.107421875,3.365234375,-0.6796875,-0.7512386422733803,48,1712141046969
1237,0.103515625,3.2734375,-0.22265625,-0.6260322018944836,27,1712141046969
1237,0.103515625,3.31640625,-0.154296875,-0.6260322018944836,74,1712141046969
1237,0.10546875,3.34765625,-0.265625,-0.6260322018944836,107,1712141046969
1237,0.0,3.365234375,-0.46875,-0.6260322018944836,104,1712141046969
1237,0.0,3.3984375,-0.5078125,-0.6260322018944836,74,1712141046969
1237,0.109375,3.412109375,-0.82421875,-0.6260322018944836,44,1712141046969
1237,0.0,3.421875,-0.94921875,-0.6260322018944836,41,1712141046969
1237,0.255859375,4.001953125,-0.783203125,-0.6260322018944836,49,1712141046969
1237,0.2578125,4.04296875,-0.767578125,-0.6260322018944836,53,1712141046969
1237,0.103515625,3.318359375,-0.07421875,-0.5008257615155869,26,1712141046969
1237,0.10546875,3.341796875,-0.333984375,-0.5008257615155869,55,1712141046969
1237,0.0,3.357421875,-0.525390625,-0.5008257615155869,66,1712141046969
1237,0.0,3.3828125,-0.599609375,-0.5008257615155869,42,1712141046969
1237,0.109375,3.4140625,-0.81640625,-0.5008257615155869,32,1712141046969
1237,0.126953125,4.052734375,-0.498046875,-0.5008257615155869,41,1712141046969
1237,0.12890625,4.09375,-0.47265625,-0.5008257615155869,44,1712141046969
1237,0.2109375,3.259765625,-0.7890625,-0.37561932113669017,27,1712141046969
1237,0.10546875,3.271484375,-0.91015625,-0.37561932113669017,40,1712141046969
1237,0.0,3.27734375,-1.03515625,-0.37561932113669017,27,1712141046969
1237,0.0,3.279296875,-0.73046875,-0.25041288075779344,13,1712141046969
1237,0.0,3.306640625,-0.779296875,-0.25041288075779344,18,1712141046969
1238,0.2109375,3.228515625,-0.904296875,-1.0016515230311738,19,1712141047070
1238,0.314453125,3.228515625,-0.875,-0.876445082652277,26,1712141047070
1238,0.212890625,3.275390625,-0.880859375,-0.876445082652277,37,1712141047070
1238,0.107421875,3.291015625,-0.978515625,-0.876445082652277,26,1712141047070
1238,0.099609375,3.189453125,-0.314453125,-0.7512386422733803,23,1712141047070
1238,0.1015625,3.21875,-0.404296875,-0.7512386422733803,86,1712141047070
1238,0.103515625,3.236328125,-0.541015625,-0.7512386422733803,139,1712141047070
1238,0.0,3.251953125,-0.67578125,-0.7512386422733803,111,1712141047070
1238,0.2109375,3.251953125,-0.814453125,-0.7512386422733803,46,1712141047070
1238,0.318359375,3.279296875,-0.828125,-0.7512386422733803,54,1712141047070
1238,0.107421875,3.36328125,-0.69921875,-0.7512386422733803,51,1712141047070
1238,0.0,3.203125,-0.13671875,-0.6260322018944836,31,1712141047070
1238,0.1015625,3.236328125,-0.2109375,-0.6260322018944836,119,1712141047070
1238,0.103515625,3.263671875,-0.341796875,-0.6260322018944836,202,1712141047070
1238,0.103515625,3.291015625,-0.431640625,-0.6260322018944836,185,1712141047070
1238,0.10546875,3.328125,-0.439453125,-0.6260322018944836,109,1712141047070
1238,0.212890625,3.373046875,-0.345703125,-0.6260322018944836,65,1712141047070
1238,0.21484375,3.400390625,-0.439453125,-0.6260322018944836,51,1712141047070
1238,0.0,3.244140625,0.005859375,-0.5008257615155869,48,1712141047070
1238,0.0,3.279296875,-0.158203125,-0.5008257615155869,85,1712141047070
1238,0.0,3.30859375,-0.2890625,-0.5008257615155869,88,1712141047070
1238,0.10546875,3.349609375,-0.236328125,-0.5008257615155869,62,1712141047070
1238,0.10546875,3.392578125,-0.150390625,-0.5008257615155869,31,1712141047070
1239,0.103515625,3.12890625,-0.990234375,-1.0016515230311738,20,1712141047170
1239,0.103515625,3.189453125,-0.919921875,-1.0016515230311738,17,1712141047170
1239,0.40625,3.05078125,-1.029296875,-0.876445082652277,21,1712141047170
1239,0.205078125,3.123046875,-0.98828125,-0.876445082652277,50,1712141047170
1239,0.20703125,3.1640625,-0.986328125,-0.876445082652277,65,1712141047170
1239,0.10546875,3.224609375,-0.93359375,-0.876445082652277,48,1712141047170
1239,0.10546875,3.279296875,-0.8828125,-0.876445082652277,21,1712141047170
1239,0.0,2.994140625,-1.0390625,-0.7512386422733803,25,1712141047170
1239,0.0,3.046875,-0.998046875,-0.7512386422733803,56,1712141047170
1239,0.1015625,3.111328125,-0.916015625,-0.7512386422733803,82,1712141047170
1239,0.103515625,3.162109375,-0.873046875,-0.7512386422733803,124,1712141047170
1239,0.103515625,3.2109375,-0.83984375,-0.7512386422733803,123,1712141047170
1239,0.10546875,3.255859375,-0.818359375,-0.7512386422733803,86,1712141047170
1239,0.0,3.28125,-0.884765625,-0.7512386422733803,57,1712141047170
1239,0.099609375,3.06640625,-0.7890625,-0.6260322018944836,36,1712141047170
1239,0.099609375,3.12890625,-0.69921875,-0.6260322018944836,84,1712141047170
1239,0.1015625,3.189453125,-0.59375,-0.6260322018944836,128,1712141047170
1239,0.103515625,3.2421875,-0.505859375,-0.6260322018944836,164,1712141047170
1239,0.20703125,3.283203125,-0.451171875,-0.6260322018944836,127,1712141047170
1239,0.0,3.30859375,-0.58203125,-0.6260322018944836,63,1712141047170
1239,0.0,3.28125,-0.884765625,-0.6260322018944836,63,1712141047170
1239,-0.107421875,3.326171875,-0.853515625,-0.6260322018944836,49,1712141047170
1239,0.099609375,3.173828125,-0.44140625,-0.5008257615155869,34,1712141047170
1239,0.0,3.228515625,-0.32421875,-0.5008257615155869,53,1712141047170
1239,0.0,3.27734375,-0.1875,-0.5008257615155869,63,1712141047170
1239,0.0,3.318359375,-0.125,-0.5008257615155869,38,1712141047170
1239,0.0,3.1796875,-0.958984375,-0.37561932113669017,30,1712141047170
1239,0.0,3.205078125,-1.0078125,-0.37561932113669017,40,1712141047170
1239,-0.212890625,3.205078125,-1.107421875,-0.37561932113669017,28,1712141047170
1239,-0.2109375,3.2578125,-0.791015625,-0.25041288075779344,21,1712141047170
1240,0.099609375,2.966796875,-1.109375,-0.876445082652277,19,1712141047270
1240,0.099609375,2.9921875,-1.1484375,-0.876445082652277,22,1712141047270
1240,0.0,3.09765625,-0.96875,-0.876445082652277,26,1712141047270
1240,0.0,3.1328125,-0.98046875,-0.876445082652277,33,1712141047270
1240,-0.103515625,3.103515625,-1.1796875,-0.876445082652277,34,1712141047270
1240,-0.2109375,3.078125,-1.328125,-0.876445082652277,26,1712141047270
1240,0.1953125,3.072265625,-0.568359375,-0.7512386422733803,30,1712141047270
1240,0.197265625,3.1171875,-0.5390625,-0.7512386422733803,49,1712141047270
1240,0.099609375,3.17578125,-0.435546875,-0.7512386422733803,56,1712141047270
1240,-0.1015625,3.236328125,-0.19921875,-0.7512386422733803,52,1712141047270
1240,-0.103515625,3.2734375,-0.2421875,-0.7512386422733803,38,1712141047270
1240,-0.20703125,3.20703125,-0.837890625,-0.7512386422733803,30,1712141047270
1240,0.0,3.11328125,-0.3203125,-0.6260322018944836,45,1712141047270
1240,0.0,3.140625,-0.423828125,-0.6260322018944836,88,1712141047270
1240,-0.099609375,3.17578125,-0.439453125,-0.6260322018944836,113,1712141047270
1240,0.0,3.228515625,-0.322265625,-0.6260322018944836,103,1712141047270
1240,0.0,3.27734375,-0.189453125,-0.6260322018944836,67,1712141047270
1240,0.0,3.318359375,-0.162109375,-0.6260322018944836,35,1712141047270
1240,0.0,3.126953125,-0.140625,-0.5008257615155869,19,1712141047270
1240,0.0,3.158203125,-0.26171875,-0.5008257615155869,38,1712141047270
1240,0.0,3.1953125,-0.27734375,-0.5008257615155869,49,1712141047270
1240,0.0,3.236328125,-0.232421875,-0.5008257615155869,42,1712141047270
1240,0.0,3.27734375,-0.19921875,-0.5008257615155869,27,1712141047270
1240,-1.08984375,2.482421875,1.638671875,-0.876445082652277,10,1712141047270
1240,-1.302734375,2.462890625,1.5859375,-0.876445082652277,12,1712141047270
1241,0.0,2.953125,-1.037109375,-1.0016515230311738,16,1712141047371
1241,0.0,2.869140625,-1.044921875,-0.876445082652277,45,1712141047371
1241,0.0,2.931640625,-0.984375,-0.876445082652277,97,1712141047371
1241,0.0,2.978515625,-0.966796875,-0.876445082652277,115,1712141047371
1241,0.0,3.025390625,-0.939453125,-0.876445082652277,66,1712141047371
1241,-0.205078125,3.126953125,-0.98046875,-0.876445082652277,23,1712141047371
1241,0.0,2.91796875,-0.765625,-0.7512386422733803,32,1712141047371
1241,0.0,2.94921875,-0.79296875,-0.7512386422733803,97,1712141047371
1241,0.0,2.98828125,-0.798828125,-0.7512386422733803,176,1712141047371
1241,-0.09765625,3.02734375,-0.791015625,-0.7512386422733803,180,1712141047371
1241,-0.099609375,3.078125,-0.748046875,-0.7512386422733803,89,1712141047371
1241,0.0,2.9765625,-0.490234375,-0.6260322018944836,29,1712141047371
1241,-0.095703125,3.0,-0.560546875,-0.6260322018944836,73,1712141047371
1241,-0.095703125,3.03125,-0.599609375,-0.6260322018944836,113,1712141047371
1241,-0.09765625,3.064453125,-0.634765625,-0.6260322018944836,96,1712141047371
1241,0.0,3.056640625,-0.833984375,-0.6260322018944836,44,1712141047371
1241,0.0,3.0859375,-0.53125,-0.5008257615155869,20,1712141047371
1241,0.0,3.1171875,-0.57421875,-0.5008257615155869,24,1712141047371
1242,0.0,3.087890625,0.146484375,0.0,12,1712141047471
1242,-0.193359375,2.919921875,-0.99609375,-0.876445082652277,18,1712141047471
1242,-0.71875,3.037109375,-1.021484375,-0.876445082652277,25,1712141047471
1242,-0.7265625,3.1171875,-0.88671875,-0.876445082652277,27,1712141047471
1242,0.0,2.90625,-0.8046875,-0.7512386422733803,56,1712141047471
1242,-0.095703125,2.94921875,-0.7890625,-0.7512386422733803,101,1712141047471
1242,0.0,3.0,-0.748046875,-0.7512386422733803,93,1712141047471
1242,-0.09765625,3.01953125,-0.822265625,-0.7512386422733803,50,1712141047471
1242,-0.197265625,3.03125,-0.900390625,-0.7512386422733803,24,1712141047471
1242,-0.09375,2.916015625,-0.591796875,-0.6260322018944836,25,1712141047471
1242,-0.09375,2.939453125,-0.671875,-0.6260322018944836,115,1712141047471
1242,0.0,2.98828125,-0.630859375,-0.6260322018944836,218,1712141047471
1242,0.0,3.02734375,-0.62890625,-0.6260322018944836,223,1712141047471
1242,0.0,3.048828125,-0.712890625,-0.6260322018944836,134,1712141047471
1242,-0.099609375,3.05859375,-0.818359375,-0.6260322018944836,58,1712141047471
1242,0.0,2.96875,-0.53515625,-0.5008257615155869,80,1712141047471
1242,0.0,3.0078125,-0.525390625,-0.5008257615155869,164,1712141047471
1242,0.0,3.044921875,-0.537109375,-0.5008257615155869,187,1712141047471
1242,0.0,3.072265625,-0.603515625,-0.5008257615155869,124,1712141047471
1242,0.0,3.10546875,-0.626953125,-0.5008257615155869,53,1712141047471
1242,0.0,3.013671875,-0.5,-0.37561932113669017,33,1712141047471
1242,0.0,3.056640625,-0.462890625,-0.37561932113669017,46,1712141047471
1242,0.0,3.095703125,-0.470703125,-0.37561932113669017,34,1712141047471
1243,-0.279296875,2.958984375,-0.173828125,0.0,12,1712141047572
1243,-1.318359375,1.203125,2.708984375,0.6260322018944836,20,1712141047572
1243,-1.435546875,1.1171875,2.732421875,0.6260322018944836,15,1712141047572
1243,-1.1875,1.6875,2.404296875,0.7512386422733803,20,1712141047572
1243,-1.302734375,1.38671875,2.580078125,0.7512386422733803,34,1712141047572
1243,-1.419921875,1.083984375,2.708984375,0.7512386422733803,32,1712141047572
1243,-1.435546875,0.46875,2.9140625,0.7512386422733803,18,1712141047572
1243,-1.1875,1.173828125,2.693359375,0.876445082652277,38,1712141047572
1243,-1.203125,1.125,2.751953125,0.876445082652277,51,1712141047572
1243,-1.318359375,0.865234375,2.8359375,0.876445082652277,34,1712141047572
1243,-0.890625,3.0234375,-0.326171875,-1.0016515230311738,30,1712141047572
1243,-0.80078125,3.087890625,-0.318359375,-1.0016515230311738,37,1712141047572
1243,-0.810546875,3.1328125,-0.244140625,-1.0016515230311738,22,1712141047572
1243,-0.587890625,2.984375,-0.7421875,-0.876445082652277,35,1712141047572
1243,-0.59375,3.0390625,-0.673828125,-0.876445082652277,31,1712141047572
1243,-0.18359375,2.85546875,-0.671875,-0.7512386422733803,40,1712141047572
1243,-0.185546875,2.873046875,-0.763671875,-0.7512386422733803,61,1712141047572
1243,-0.09375,2.890625,-0.857421875,-0.7512386422733803,50,1712141047572
1243,-0.19140625,2.939453125,-0.8046875,-0.7512386422733803,27,1712141047572
1243,-0.580078125,2.982421875,-0.580078125,-0.7512386422733803,27,1712141047572
1243,-0.587890625,3.0234375,-0.556640625,-0.7512386422733803,46,1712141047572
1243,-0.59375,3.064453125,-0.546875,-0.7512386422733803,41,1712141047572
1243,-0.181640625,2.826171875,-0.6328125,-0.6260322018944836,46,1712141047572
1243,-0.18359375,2.869140625,-0.615234375,-0.6260322018944836,120,1712141047572
1243,-0.185546875,2.8984375,-0.658203125,-0.6260322018944836,162,1712141047572
1243,-0.09375,2.92578125,-0.7265625,-0.6260322018944836,135,1712141047572
1243,-0.095703125,2.9453125,-0.802734375,-0.6260322018944836,91,1712141047572
1243,-0.193359375,2.896484375,-1.06640625,-0.6260322018944836,47,1712141047572
1243,-0.48828125,2.876953125,-1.134765625,-0.6260322018944836,21,1712141047572
1243,-0.181640625,2.837890625,-0.576171875,-0.5008257615155869,48,1712141047572
1243,-0.18359375,2.888671875,-0.5078125,-0.5008257615155869,109,1712141047572
1243,-0.185546875,2.927734375,-0.513671875,-0.5008257615155869,141,1712141047572
1243,-0.09375,2.94140625,-0.662109375,-0.5008257615155869,149,1712141047572
1243,-0.095703125,2.958984375,-0.751953125,-0.5008257615155869,127,1712141047572
1243,-0.095703125,2.8984375,-1.072265625,-0.5008257615155869,63,1712141047572
1243,-0.18359375,2.91015625,-0.369140625,-0.37561932113669017,25,1712141047572
1243,0.0,2.884765625,-0.736328125,-0.37561932113669017,52,1712141047572
1243,0.0,2.931640625,-0.7109375,-0.37561932113669017,90,1712141047572
1243,0.0,2.958984375,-0.751953125,-0.37561932113669017,79,1712141047572
1243,-0.095703125,2.955078125,-0.904296875,-0.37561932113669017,44,1712141047572
1243,0.0,2.90625,-0.65234375,-0.25041288075779344,17,1712141047572
1243,0.0,2.9296875,-0.71484375,-0.25041288075779344,23,1712141047572
1243,0.0,2.94921875,-0.796875,-0.25041288075779344,17,1712141047572
1243,-0.462890625,2.8046875,-2.373046875,-0.12520644037889672,37,1712141047572
1243,-0.466796875,3.115234375,-2.01953125,-0.12520644037889672,36,1712141047572
1243,-0.203125,3.216796875,-0.37109375,0.6260322018944836,13,1712141047572
1243,-0.205078125,3.265625,-0.263671875,0.6260322018944836,10,1712141047572
1243,0.0,3.12890625,-0.505859375,0.7512386422733803,13,1712141047572
1243,-0.099609375,3.171875,-0.458984375,0.7512386422733803,23,1712141047572
1243,-0.1015625,3.2265625,-0.33203125,0.7512386422733803,24,1712141047572
1243,-0.103515625,3.27734375,-0.1484375,0.7512386422733803,14,1712141047572
1243,0.0,3.130859375,-0.494140625,0.876445082652277,25,1712141047572
1243,-0.099609375,3.177734375,-0.4140625,0.876445082652277,35,1712141047572
1243,0.0,3.22265625,-0.380859375,0.876445082652277,27,1712141047572
1243,-1.76171875,1.328125,2.22265625,-0.6260322018944836,11,1712141047572
1244,-0.75390625,2.853515625,0.6171875,0.0,15,1712141047672
1244,-0.859375,2.798828125,0.87109375,0.0,26,1712141047672
1244,-0.7734375,2.767578125,1.14453125,0.0,23,1712141047672
1244,-1.14453125,1.017578125,2.642578125,0.6260322018944836,21,1712141047672
1244,-1.16015625,0.9453125,2.70703125,0.6260322018944836,26,1712141047672
1244,-1.224609375,0.0,2.896484375,0.7512386422733803,26,1712141047672
1244,-1.240234375,0.0,2.8984375,0.7512386422733803,83,1712141047672
1244,-1.255859375,0.0,2.912109375,0.7512386422733803,114,1712141047672
1244,-1.173828125,0.0,2.931640625,0.7512386422733803,79,1712141047672
1244,-1.287109375,0.0,3.015625,0.7512386422733803,26,1712141047672
1244,-1.224609375,0.0,-2.845703125,0.876445082652277,30,1712141047672
1244,-1.14453125,0.0,-3.015625,0.876445082652277,95,1712141047672
1244,-1.255859375,0.0,3.0859375,0.876445082652277,128,1712141047672
1244,-1.271484375,0.0,3.09765625,0.876445082652277,84,1712141047672
1244,-1.287109375,0.0,-3.162109375,0.876445082652277,25,1712141047672
1244,-0.859375,2.923828125,0.2109375,-1.0016515230311738,40,1712141047672
1244,-0.7734375,2.990234375,0.162109375,-1.0016515230311738,50,1712141047672
1244,-0.880859375,3.00390625,0.072265625,-1.0016515230311738,30,1712141047672
1244,-0.56640625,2.904296875,-0.58203125,-0.876445082652277,42,1712141047672
1244,-0.4765625,2.958984375,-0.587890625,-0.876445082652277,74,1712141047672
1244,-0.482421875,3.00390625,-0.55078125,-0.876445082652277,64,1712141047672
1244,-0.48828125,3.0546875,-0.478515625,-0.876445082652277,27,1712141047672
1244,-0.46484375,2.9296875,-0.267578125,-0.7512386422733803,36,1712141047672
1244,-0.470703125,2.951171875,-0.40625,-0.7512386422733803,138,1712141047672
1244,-0.4765625,2.98828125,-0.412109375,-0.7512386422733803,237,1712141047672
1244,-0.482421875,3.02734375,-0.400390625,-0.7512386422733803,201,1712141047672
1244,-0.48828125,3.072265625,-0.34765625,-0.7512386422733803,82,1712141047672
1244,-0.1796875,2.806640625,-0.541015625,-0.6260322018944836,35,1712141047672
1244,-0.181640625,2.822265625,-0.650390625,-0.6260322018944836,50,1712141047672
1244,-0.091796875,2.73046875,-1.0859375,-0.6260322018944836,61,1712141047672
1244,-0.279296875,2.921875,-0.50390625,-0.6260322018944836,90,1712141047672
1244,-0.470703125,2.96484375,-0.29296875,-0.6260322018944836,172,1712141047672
1244,-0.4765625,3.00390625,-0.28515625,-0.6260322018944836,249,1712141047672
1244,-0.482421875,3.04296875,-0.271484375,-0.6260322018944836,201,1712141047672
1244,-0.48828125,3.0859375,-0.20703125,-0.6260322018944836,79,1712141047672
1244,-0.17578125,2.73828125,-0.67578125,-0.5008257615155869,18,1712141047672
1244,-0.1796875,2.81640625,-0.486328125,-0.5008257615155869,45,1712141047672
1244,-0.08984375,2.783203125,-0.81640625,-0.5008257615155869,72,1712141047672
1244,-0.18359375,2.76953125,-0.96875,-0.5008257615155869,99,1712141047672
1244,-0.185546875,2.892578125,-0.685546875,-0.5008257615155869,109,1712141047672
1244,-0.376953125,2.970703125,-0.3515625,-0.5008257615155869,116,1712141047672
1244,-0.380859375,3.01171875,-0.32421875,-0.5008257615155869,112,1712141047672
1244,-0.482421875,3.04296875,-0.25390625,-0.5008257615155869,70,1712141047672
1244,-0.3515625,3.56640625,-1.07421875,-0.5008257615155869,22,1712141047672
1244,0.0,2.822265625,-0.482421875,-0.37561932113669017,19,1712141047672
1244,-0.08984375,2.78125,-0.822265625,-0.37561932113669017,38,1712141047672
1244,-0.18359375,2.83203125,-0.765625,-0.37561932113669017,54,1712141047672
1244,-0.185546875,2.927734375,-0.5078125,-0.37561932113669017,47,1712141047672
1244,-0.189453125,2.97265625,-0.474609375,-0.37561932113669017,41,1712141047672
1244,-0.287109375,2.9375,-0.78125,-0.37561932113669017,29,1712141047672
1244,0.0,2.794921875,-0.908203125,-0.12520644037889672,17,1712141047672
1244,-0.095703125,2.970703125,-0.705078125,0.6260322018944836,12,1712141047672
1244,0.0,3.025390625,-0.638671875,0.6260322018944836,14,1712141047672
1244,-0.09375,3.013671875,0.0390625,0.7512386422733803,15,1712141047672
1244,-0.095703125,3.05078125,-0.115234375,0.7512386422733803,48,1712141047672
1244,-0.095703125,3.08203125,-0.23046875,0.7512386422733803,65,1712141047672
1244,-0.09765625,3.115234375,-0.291015625,0.7512386422733803,45,1712141047672
1244,-0.099609375,3.15625,-0.26953125,0.7512386422733803,14,1712141047672
1244,-0.09375,3.01171875,0.115234375,0.876445082652277,18,1712141047672
1244,-0.095703125,3.052734375,0.009765625,0.876445082652277,56,1712141047672
1244,-0.095703125,3.08984375,-0.046875,0.876445082652277,76,1712141047672
1244,-0.09765625,3.126953125,-0.107421875,0.876445082652277,52,1712141047672
1244,-0.099609375,3.166015625,-0.064453125,0.876445082652277,16,1712141047672
1245,0.0,2.833984375,-0.77734375,0.0,17,1712141047772
1245,-1.1171875,2.037109375,1.86328125,0.0,17,1712141047772
1245,-1.037109375,2.3046875,1.646484375,0.0,14,1712141047772
1245,-1.087890625,0.470703125,-2.6484375,0.6260322018944836,21,1712141047772
1245,-1.009765625,0.0,-2.806640625,0.6260322018944836,45,1712141047772
1245,-1.0234375,0.0,-2.90234375,0.6260322018944836,53,1712141047772
1245,-1.130859375,0.0,-2.896484375,0.6260322018944836,43,1712141047772
1245,-1.14453125,0.0,-2.845703125,0.6260322018944836,24,1712141047772
1245,-1.087890625,0.796875,-2.568359375,0.7512386422733803,33,1712141047772
1245,-1.009765625,0.509765625,-2.712890625,0.7512386422733803,77,1712141047772
1245,-1.0234375,0.162109375,-2.791015625,0.7512386422733803,95,1712141047772
1245,-1.130859375,0.0,-2.798828125,0.7512386422733803,69,1712141047772
1245,-1.14453125,0.962890625,-2.662109375,0.7512386422733803,31,1712141047772
1245,-1.087890625,0.56640625,-2.62890625,0.876445082652277,34,1712141047772
1245,-1.009765625,0.0,-2.779296875,0.876445082652277,110,1712141047772
1245,-1.0234375,0.0,-2.875,0.876445082652277,157,1712141047772
1245,-1.037109375,0.0,-2.94140625,0.876445082652277,111,1712141047772
1245,-1.05078125,0.0,-2.97265625,0.876445082652277,38,1712141047772
1245,-0.724609375,2.798828125,0.25,-1.0016515230311738,34,1712141047772
1245,-0.642578125,2.86328125,0.185546875,-1.0016515230311738,129,1712141047772
1245,-0.65234375,2.90234375,0.140625,-1.0016515230311738,192,1712141047772
1245,-0.66015625,2.94140625,0.080078125,-1.0016515230311738,137,1712141047772
1245,-0.66796875,2.98046875,-0.0390625,-1.0016515230311738,43,1712141047772
1245,-0.642578125,2.865234375,0.1484375,-0.876445082652277,75,1712141047772
1245,-0.65234375,2.904296875,0.10546875,-0.876445082652277,116,1712141047772
1245,-0.66015625,2.943359375,0.03125,-0.876445082652277,83,1712141047772
1245,-0.66796875,2.97265625,-0.19921875,-0.876445082652277,25,1712141047772
1245,-0.642578125,2.869140625,0.0,-0.7512386422733803,31,1712141047772
1245,-0.65234375,2.904296875,-0.05078125,-0.7512386422733803,55,1712141047772
1245,-0.66015625,2.9375,-0.177734375,-0.7512386422733803,44,1712141047772
1245,-0.353515625,2.716796875,-0.6875,-0.6260322018944836,20,1712141047772
1245,-0.267578125,2.703125,-0.90234375,-0.6260322018944836,66,1712141047772
1245,-0.271484375,2.6953125,-1.041015625,-0.6260322018944836,81,1712141047772
1245,-0.275390625,2.732421875,-1.048828125,-0.6260322018944836,51,1712141047772
1245,-0.185546875,2.76171875,-1.095703125,-0.6260322018944836,23,1712141047772
1245,-0.265625,2.681640625,-0.849609375,-0.5008257615155869,43,1712141047772
1245,-0.267578125,2.73828125,-0.79296875,-0.5008257615155869,119,1712141047772
1245,-0.271484375,2.783203125,-0.775390625,-0.5008257615155869,151,1712141047772
1245,-0.275390625,2.859375,-0.626953125,-0.5008257615155869,105,1712141047772
1245,-0.373046875,2.900390625,-0.5625,-0.5008257615155869,60,1712141047772
1245,-0.376953125,2.931640625,-0.6015625,-0.5008257615155869,36,1712141047772
1245,-0.265625,2.69921875,-0.7890625,-0.37561932113669017,31,1712141047772
1245,-0.267578125,2.771484375,-0.6640625,-0.37561932113669017,69,1712141047772
1245,-0.271484375,2.828125,-0.591796875,-0.37561932113669017,85,1712141047772
1245,-0.275390625,2.87109375,-0.56640625,-0.37561932113669017,64,1712141047772
1245,-0.279296875,2.875,-0.72265625,-0.37561932113669017,45,1712141047772
1245,-0.376953125,2.873046875,-0.83984375,-0.37561932113669017,30,1712141047772
1245,-0.09375,2.87109375,-0.78515625,-0.25041288075779344,16,1712141047772
1245,0.0,2.78125,-0.82421875,-0.12520644037889672,13,1712141047772
1245,0.0,2.80859375,-0.8671875,-0.12520644037889672,18,1712141047772
1245,0.0,2.8125,-0.98046875,-0.12520644037889672,12,1712141047772
1245,-1.1015625,1.64453125,2.173828125,0.0,12,1712141047772
1245,0.0,2.8515625,-0.859375,0.0,16,1712141047772
1245,0.09375,2.83984375,-1.009765625,0.0,9,1712141047772
1245,0.0,2.900390625,0.017578125,0.6260322018944836,12,1712141047772
1245,0.0,2.939453125,-0.025390625,0.6260322018944836,25,1712141047772
1245,0.09375,2.9765625,0.013671875,0.6260322018944836,30,1712141047772
1245,0.0,3.015625,0.07421875,0.6260322018944836,26,1712141047772
1245,0.095703125,3.052734375,0.009765625,0.6260322018944836,15,1712141047772
1245,0.0,2.8984375,0.142578125,0.7512386422733803,20,1712141047772
1245,0.0,2.9375,0.11328125,0.7512386422733803,46,1712141047772
1245,0.09375,2.97265625,0.162109375,0.7512386422733803,57,1712141047772
1245,0.0,3.0078125,0.208984375,0.7512386422733803,42,1712141047772
1245,0.095703125,3.0234375,0.42578125,0.7512386422733803,20,1712141047772
1246,-0.794921875,0.466796875,-2.669921875,0.6260322018944836,22,1712141047873
1246,-0.8046875,0.193359375,-2.740234375,0.6260322018944836,36,1712141047873
1246,-0.90625,0.0,-2.888671875,0.6260322018944836,31,1712141047873
1246,-0.794921875,0.96875,-2.533203125,0.7512386422733803,36,1712141047873
1246,-0.8046875,0.8828125,-2.6015625,0.7512386422733803,50,1712141047873
1246,-0.90625,0.916015625,-2.599609375,0.7512386422733803,38,1712141047873
1246,-0.794921875,1.212890625,-2.42578125,0.876445082652277,18,1712141047873
1246,-0.8046875,1.48046875,-2.314453125,0.876445082652277,19,1712141047873
1246,-0.837890625,0.0,2.904296875,0.876445082652277,32,1712141047873
1246,-0.55078125,2.869140625,-0.33203125,-0.876445082652277,28,1712141047873
1246,-0.55859375,2.892578125,-0.4296875,-0.876445082652277,27,1712141047873
1246,-0.34375,2.716796875,-0.24609375,-0.6260322018944836,19,1712141047873
1246,-0.435546875,2.751953125,0.005859375,-0.6260322018944836,16,1712141047873
1246,-0.265625,2.810546875,0.08984375,-0.6260322018944836,34,1712141047873
1246,-0.267578125,2.810546875,-0.48046875,-0.6260322018944836,82,1712141047873
1246,-0.271484375,2.845703125,-0.498046875,-0.6260322018944836,92,1712141047873
1246,-0.275390625,2.888671875,-0.46484375,-0.6260322018944836,67,1712141047873
1246,-0.279296875,2.947265625,-0.326171875,-0.6260322018944836,29,1712141047873
1246,-0.34375,2.7265625,-0.03515625,-0.5008257615155869,24,1712141047873
1246,-0.435546875,2.70703125,0.494140625,-0.5008257615155869,16,1712141047873
1246,-0.265625,2.806640625,-0.171875,-0.5008257615155869,53,1712141047873
1246,-0.357421875,2.828125,-0.271484375,-0.5008257615155869,107,1712141047873
1246,-0.271484375,2.876953125,-0.259765625,-0.5008257615155869,109,1712141047873
1246,-0.275390625,2.9140625,-0.26171875,-0.5008257615155869,74,1712141047873
1246,-0.185546875,2.966796875,-0.181640625,-0.5008257615155869,29,1712141047873
1246,-0.357421875,2.83984375,0.08984375,-0.37561932113669017,36,1712141047873
1246,-0.271484375,2.875,-0.28125,-0.37561932113669017,40,1712141047873
1246,-0.091796875,2.8828125,-0.5703125,-0.37561932113669017,38,1712141047873
1246,0.0,2.912109375,-0.6171875,-0.37561932113669017,22,1712141047873
1246,-0.181640625,2.79296875,-0.763671875,-0.25041288075779344,29,1712141047873
1246,-0.18359375,2.861328125,-0.646484375,-0.25041288075779344,30,1712141047873
1246,0.265625,2.8125,0.046875,0.6260322018944836,14,1712141047873
1246,0.267578125,2.849609375,-0.01171875,0.6260322018944836,23,1712141047873
1246,0.271484375,2.888671875,0.0,0.6260322018944836,20,1712141047873
1246,0.17578125,2.814453125,0.16015625,0.7512386422733803,24,1712141047873
1246,0.267578125,2.841796875,0.228515625,0.7512386422733803,34,1712141047873
1246,0.181640625,2.8828125,0.271484375,0.7512386422733803,25,1712141047873
1246,0.265625,2.80078125,0.25390625,0.876445082652277,15,1712141047873
1246,0.1796875,2.82421875,0.4375,0.876445082652277,15,1712141047873
1247,-0.337890625,2.66796875,0.33984375,-1.0016515230311738,23,1712141047973
1247,-0.34375,2.712890625,0.27734375,-1.0016515230311738,35,1712141047973
1247,-0.337890625,2.677734375,0.240234375,-0.876445082652277,37,1712141047973
1247,-0.34375,2.697265625,0.40234375,-0.876445082652277,55,1712141047973
1247,-0.435546875,2.685546875,0.603515625,-0.876445082652277,45,1712141047973
1247,-0.537109375,2.802734375,-0.244140625,-0.876445082652277,22,1712141047973
1247,-0.544921875,2.796875,-0.548828125,-0.876445082652277,22,1712141047973
1247,-0.34375,2.634765625,-0.703125,-0.7512386422733803,42,1712141047973
1247,-0.26171875,2.76171875,-0.2578125,-0.7512386422733803,31,1712141047973
1247,-0.6171875,2.744140625,-0.271484375,-0.7512386422733803,24,1712141047973
1247,-0.537109375,2.802734375,-0.23046875,-0.7512386422733803,48,1712141047973
1247,-0.453125,2.8515625,-0.29296875,-0.7512386422733803,67,1712141047973
1247,-0.55078125,2.865234375,-0.353515625,-0.7512386422733803,44,1712141047973
1247,-0.337890625,2.51171875,-0.958984375,-0.6260322018944836,49,1712141047973
1247,-0.34375,2.615234375,-0.771484375,-0.6260322018944836,96,1712141047973
1247,-0.34765625,2.708984375,-0.552734375,-0.6260322018944836,110,1712141047973
1247,-0.44140625,2.767578125,-0.3515625,-0.6260322018944836,70,1712141047973
1247,-0.8046875,2.748046875,0.013671875,-0.6260322018944836,31,1712141047973
1247,-0.81640625,2.783203125,0.080078125,-0.6260322018944836,28,1712141047973
1247,-0.642578125,2.865234375,-0.142578125,-0.6260322018944836,25,1712141047973
1247,-0.337890625,2.65625,-0.41796875,-0.5008257615155869,49,1712141047973
1247,-0.34375,2.6796875,-0.505859375,-0.5008257615155869,89,1712141047973
1247,-0.34765625,2.74609375,-0.3203125,-0.5008257615155869,91,1712141047973
1247,-0.6171875,2.744140625,0.26953125,-0.5008257615155869,29,1712141047973
1247,-0.1796875,2.7421875,-0.806640625,-0.5008257615155869,100,1712141047973
1247,-0.181640625,2.783203125,-0.796875,-0.5008257615155869,98,1712141047973
1247,-0.18359375,2.79296875,-0.89453125,-0.5008257615155869,36,1712141047973
1247,-0.265625,2.697265625,-0.798828125,-0.37561932113669017,36,1712141047973
1247,-0.267578125,2.77734375,-0.642578125,-0.37561932113669017,90,1712141047973
1247,-0.181640625,2.830078125,-0.615234375,-0.37561932113669017,86,1712141047973
1247,-0.275390625,2.875,-0.548828125,-0.37561932113669017,39,1712141047973
1247,3.775390625,1.486328125,-1.466796875,-0.37561932113669017,24,1712141047973
1247,3.80859375,1.45703125,-1.521484375,-0.37561932113669017,29,1712141047973
1247,-0.267578125,2.779296875,-0.6328125,-0.25041288075779344,19,1712141047973
1247,-0.181640625,2.841796875,-0.552734375,-0.25041288075779344,19,1712141047973
1247,3.80859375,1.818359375,-1.064453125,-0.25041288075779344,40,1712141047973
1247,0.08984375,2.16796875,-1.8671875,-0.6260322018944836,26,1712141047973
1247,0.08984375,0.65625,-2.82421875,-0.6260322018944836,23,1712141047973
1247,-1.853515625,0.0,2.30859375,-0.5008257615155869,19,1712141047973
1248,-0.609375,2.671875,0.501953125,0.0,16,1712141048074
1248,-0.25,2.56640625,-0.703125,-0.876445082652277,31,1712141048074
1248,-0.337890625,2.44921875,-1.109375,-0.876445082652277,30,1712141048074
1248,-0.4296875,2.451171875,-1.16796875,-0.876445082652277,25,1712141048074
1248,-0.32421875,2.572265625,0.134765625,-0.7512386422733803,39,1712141048074
1248,-0.330078125,2.61328125,0.06640625,-0.7512386422733803,87,1712141048074
1248,-0.333984375,2.64453125,-0.189453125,-0.7512386422733803,103,1712141048074
1248,-0.337890625,2.634765625,-0.541015625,-0.7512386422733803,81,1712141048074
1248,-0.515625,2.658203125,-0.4765625,-0.7512386422733803,58,1712141048074
1248,-0.5234375,2.72265625,-0.275390625,-0.7512386422733803,53,1712141048074
1248,-0.6171875,2.736328125,-0.33203125,-0.7512386422733803,42,1712141048074
1248,-0.244140625,2.572265625,0.255859375,-0.6260322018944836,48,1712141048074
1248,-0.330078125,2.59765625,0.287109375,-0.6260322018944836,94,1712141048074
1248,-0.333984375,2.646484375,0.16796875,-0.6260322018944836,79,1712141048074
1248,-0.59375,2.63671875,-0.212890625,-0.6260322018944836,52,1712141048074
1248,-0.4296875,2.673828125,-0.470703125,-0.6260322018944836,121,1712141048074
1248,-0.435546875,2.71875,-0.42578125,-0.6260322018944836,150,1712141048074
1248,-0.44140625,2.7578125,-0.41796875,-0.6260322018944836,110,1712141048074
1248,-0.447265625,2.767578125,-0.58203125,-0.6260322018944836,54,1712141048074
1248,-0.412109375,2.578125,-0.34375,-0.5008257615155869,32,1712141048074
1248,-0.333984375,2.630859375,-0.32421875,-0.5008257615155869,45,1712141048074
1248,-0.25390625,2.693359375,-0.177734375,-0.5008257615155869,45,1712141048074
1248,-0.4296875,2.689453125,-0.365234375,-0.5008257615155869,111,1712141048074
1248,-0.435546875,2.736328125,-0.294921875,-0.5008257615155869,143,1712141048074
1248,-0.529296875,2.755859375,-0.318359375,-0.5008257615155869,103,1712141048074
1248,-0.447265625,2.796875,-0.416015625,-0.5008257615155869,51,1712141048074
1248,-0.43359375,1.9453125,-2.845703125,-0.5008257615155869,37,1712141048074
1248,-0.548828125,2.3203125,-2.578125,-0.5008257615155869,47,1712141048074
1248,-0.333984375,2.640625,0.2421875,-0.37561932113669017,26,1712141048074
1248,-0.423828125,2.66796875,0.21875,-0.37561932113669017,26,1712141048074
1248,-0.4296875,2.7109375,-0.130859375,-0.37561932113669017,26,1712141048074
1248,-0.435546875,2.744140625,-0.20703125,-0.37561932113669017,34,1712141048074
1248,-0.44140625,2.779296875,-0.2578125,-0.37561932113669017,25,1712141048074
1249,-0.400390625,2.4921875,0.4140625,0.0,21,1712141048174
1249,-0.486328125,2.517578125,0.404296875,0.0,42,1712141048174
1249,-0.412109375,2.57421875,0.37890625,0.0,47,1712141048174
1249,-0.501953125,2.599609375,0.359375,0.0,33,1712141048174
1249,-0.59375,2.62890625,0.287109375,0.0,15,1712141048174
1249,-0.34375,2.416015625,-1.265625,-0.876445082652277,23,1712141048174
1249,-0.26171875,2.5078125,-1.185546875,-0.876445082652277,27,1712141048174
1249,-0.412109375,2.537109375,-0.578125,-0.7512386422733803,23,1712141048174
1249,-0.25390625,2.41796875,-1.19921875,-0.7512386422733803,33,1712141048174
1249,-0.2578125,2.5390625,-1.01953125,-0.7512386422733803,89,1712141048174
1249,-0.26171875,2.603515625,-0.9609375,-0.7512386422733803,102,1712141048174
1249,-0.353515625,2.634765625,-0.958984375,-0.7512386422733803,59,1712141048174
1249,-0.400390625,2.474609375,-0.513671875,-0.6260322018944836,31,1712141048174
1249,-0.40625,2.529296875,-0.41796875,-0.6260322018944836,85,1712141048174
1249,-0.330078125,2.587890625,-0.365234375,-0.6260322018944836,116,1712141048174
1249,-0.41796875,2.6328125,-0.193359375,-0.6260322018944836,81,1712141048174
1249,-0.337890625,1.80078125,-1.998046875,-0.6260322018944836,36,1712141048174
1249,-0.34375,2.5625,-0.931640625,-0.6260322018944836,89,1712141048174
1249,-0.34765625,2.650390625,-0.787109375,-0.6260322018944836,102,1712141048174
1249,-0.353515625,2.7109375,-0.71484375,-0.6260322018944836,62,1712141048174
1249,-0.400390625,2.50390625,-0.33203125,-0.5008257615155869,37,1712141048174
1249,-0.40625,2.556640625,-0.19140625,-0.5008257615155869,101,1712141048174
1249,-0.412109375,2.599609375,-0.103515625,-0.5008257615155869,136,1712141048174
1249,-0.41796875,2.638671875,0.09375,-0.5008257615155869,97,1712141048174
1249,-0.5078125,2.58984375,0.615234375,-0.5008257615155869,51,1712141048174
1249,-0.6875,0.5,2.61328125,-0.5008257615155869,17,1712141048174
1249,-0.34765625,2.76171875,-0.138671875,-0.5008257615155869,28,1712141048174
1249,-0.529296875,2.767578125,-0.1953125,-0.5008257615155869,35,1712141048174
1249,-0.40625,2.564453125,0.05078125,-0.37561932113669017,44,1712141048174
1249,-0.412109375,2.59375,0.20703125,-0.37561932113669017,52,1712141048174
1249,-0.501953125,2.5859375,0.455078125,-0.37561932113669017,35,1712141048174
1249,-0.5078125,2.56640625,0.70703125,-0.37561932113669017,27,1712141048174
1249,-0.515625,2.6953125,0.158203125,-0.37561932113669017,29,1712141048174
1249,-0.5234375,2.732421875,-0.15234375,-0.37561932113669017,51,1712141048174
1249,-0.529296875,2.759765625,-0.294921875,-0.37561932113669017,44,1712141048174
1249,-0.3203125,2.537109375,-0.005859375,-0.25041288075779344,27,1712141048174
1249,-0.40625,2.564453125,0.0234375,-0.25041288075779344,51,1712141048174
1249,-0.412109375,2.6015625,0.037109375,-0.25041288075779344,56,1712141048174
1249,-0.501953125,2.625,0.01171875,-0.25041288075779344,44,1712141048174
1249,-0.5078125,2.66015625,0.130859375,-0.25041288075779344,23,1712141048174
1249,-0.400390625,2.517578125,0.203125,-0.12520644037889672,42,1712141048174
1249,-0.40625,2.556640625,0.19921875,-0.12520644037889672,85,1712141048174
1249,-0.412109375,2.595703125,0.16796875,-0.12520644037889672,99,1712141048174
1249,-0.501953125,2.62109375,0.142578125,-0.12520644037889672,73,1712141048174
1249,-0.5078125,2.658203125,0.13671875,-0.12520644037889672,32,1712141048174
1249,0.7734375,1.990234375,1.73046875,-0.5008257615155869,15,1712141048174
1250,-0.6484375,2.509765625,0.12890625,0.0,16,1712141048274
1250,-0.658203125,2.548828125,-0.064453125,0.0,21,1712141048274
1250,-0.66796875,2.583984375,-0.123046875,0.0,17,1712141048274
1250,-0.59375,2.642578125,-0.095703125,0.12520644037889672,21,1712141048274
1250,-0.6015625,2.677734375,-0.150390625,0.12520644037889672,22,1712141048274
1250,-0.658203125,2.55078125,0.0,0.25041288075779344,23,1712141048274
1250,-0.66796875,2.5859375,0.11328125,0.25041288075779344,39,1712141048274
1250,-0.677734375,2.625,0.02734375,0.25041288075779344,43,1712141048274
1250,-0.6015625,2.681640625,-0.025390625,0.25041288075779344,38,1712141048274
1250,-0.751953125,2.544921875,0.322265625,0.37561932113669017,33,1712141048274
1250,-0.677734375,2.611328125,0.2578125,0.37561932113669017,37,1712141048274
1250,-0.6875,2.658203125,0.119140625,0.37561932113669017,28,1712141048274
1250,-0.568359375,2.53125,0.080078125,0.5008257615155869,38,1712141048274
1250,-0.494140625,2.587890625,0.0390625,0.5008257615155869,52,1712141048274
1250,-0.501953125,2.623046875,-0.072265625,0.5008257615155869,30,1712141048274
1250,-0.568359375,2.521484375,0.25,0.6260322018944836,44,1712141048274
1250,-0.576171875,2.55859375,0.25,0.6260322018944836,64,1712141048274
1250,-0.583984375,2.599609375,0.21484375,0.6260322018944836,49,1712141048274
1250,-0.59375,2.63671875,0.19921875,0.6260322018944836,22,1712141048274
1250,-0.576171875,2.546875,0.3515625,0.7512386422733803,23,1712141048274
1250,-0.583984375,2.583984375,0.349609375,0.7512386422733803,26,1712141048274
1250,-0.576171875,2.5234375,0.486328125,0.876445082652277,23,1712141048274
1250,-0.583984375,2.572265625,0.423828125,0.876445082652277,22,1712141048274
1250,-0.330078125,2.275390625,-1.28515625,-0.876445082652277,22,1712141048274
1250,-0.333984375,2.35546875,-1.216796875,-0.876445082652277,40,1712141048274
1250,-0.337890625,2.46484375,-1.078125,-0.876445082652277,40,1712141048274
1250,-0.34375,2.583984375,-0.87109375,-0.876445082652277,20,1712141048274
1250,-0.330078125,2.392578125,-1.05078125,-0.7512386422733803,45,1712141048274
1250,-0.333984375,2.482421875,-0.931640625,-0.7512386422733803,93,1712141048274
1250,-0.25390625,2.56640625,-0.833984375,-0.7512386422733803,100,1712141048274
1250,-0.171875,2.66015625,-0.66796875,-0.7512386422733803,52,1712141048274
1250,-0.48046875,2.48828125,-0.3515625,-0.6260322018944836,29,1712141048274
1250,-0.486328125,2.482421875,-0.580078125,-0.6260322018944836,54,1712141048274
1250,-0.494140625,2.5078125,-0.63671875,-0.6260322018944836,64,1712141048274
1250,-0.333984375,2.5703125,-0.65234375,-0.6260322018944836,79,1712141048274
1250,-0.25390625,2.64453125,-0.53515625,-0.6260322018944836,82,1712141048274
1250,-0.0859375,2.720703125,-0.37890625,-0.6260322018944836,45,1712141048274
1250,-0.87109375,2.1328125,-1.568359375,-0.6260322018944836,25,1712141048274
1250,-0.48046875,2.5078125,-0.158203125,-0.5008257615155869,72,1712141048274
1250,-0.486328125,2.521484375,-0.376953125,-0.5008257615155869,151,1712141048274
1250,-0.576171875,2.5234375,-0.48828125,-0.5008257615155869,163,1712141048274
1250,-0.501953125,2.580078125,-0.484375,-0.5008257615155869,103,1712141048274
1250,-0.76171875,2.58984375,-0.24609375,-0.5008257615155869,21,1712141048274
1250,-0.7734375,2.484375,-0.884765625,-0.5008257615155869,47,1712141048274
1250,-0.697265625,2.5859375,-0.76953125,-0.5008257615155869,38,1712141048274
1250,-0.48046875,2.51171875,0.037109375,-0.37561932113669017,53,1712141048274
1250,-0.486328125,2.54296875,-0.17578125,-0.37561932113669017,115,1712141048274
1250,-0.494140625,2.568359375,-0.3125,-0.37561932113669017,124,1712141048274
1250,-0.41796875,2.626953125,-0.255859375,-0.37561932113669017,47,1712141048274
1250,-0.677734375,2.59765625,-0.380859375,-0.37561932113669017,90,1712141048274
1250,-0.6015625,2.654296875,-0.38671875,-0.37561932113669017,120,1712141048274
1250,-0.609375,2.701171875,-0.3125,-0.37561932113669017,63,1712141048274
1250,-0.583984375,2.599609375,-0.203125,-0.25041288075779344,34,1712141048274
1250,-0.59375,2.63671875,-0.19921875,-0.25041288075779344,98,1712141048274
1250,-0.6015625,2.67578125,-0.193359375,-0.25041288075779344,110,1712141048274
1250,-0.609375,2.712890625,-0.1875,-0.25041288075779344,54,1712141048274
1250,3.70703125,1.970703125,-0.572265625,-0.25041288075779344,43,1712141048274
1250,3.607421875,2.197265625,-0.666015625,-0.25041288075779344,42,1712141048274
1250,3.505859375,2.40625,-0.73046875,-0.25041288075779344,28,1712141048274
1250,-0.59375,2.64453125,0.02734375,-0.12520644037889672,31,1712141048274
1250,-0.6015625,2.681640625,-0.068359375,-0.12520644037889672,42,1712141048274
1250,-0.697265625,2.697265625,-0.095703125,-0.12520644037889672,24,1712141048274
1250,3.443359375,2.388671875,-0.630859375,-0.12520644037889672,23,1712141048274
1250,3.474609375,2.427734375,-0.568359375,-0.12520644037889672,32,1712141048274
1251,-0.55078125,2.443359375,0.271484375,0.0,16,1712141048375
1251,-0.55859375,2.494140625,0.06640625,0.0,24,1712141048375
1251,-0.6484375,2.513671875,0.0,0.0,19,1712141048375
1251,-0.740234375,2.52734375,0.072265625,0.0,58,1712141048375
1251,-0.751953125,2.564453125,0.0390625,0.0,144,1712141048375
1251,-0.76171875,2.6015625,0.033203125,0.0,167,1712141048375
1251,-0.7734375,2.63671875,0.037109375,0.0,92,1712141048375
1251,-0.697265625,2.697265625,0.09765625,0.0,19,1712141048375
1251,-0.8359375,2.533203125,0.15625,0.37561932113669017,34,1712141048375
1251,-0.84765625,2.572265625,0.12109375,0.37561932113669017,44,1712141048375
1251,-0.859375,2.611328125,0.01953125,0.37561932113669017,28,1712141048375
1251,-0.8359375,2.52734375,0.236328125,0.5008257615155869,30,1712141048375
1251,-0.84765625,2.56640625,0.2109375,0.5008257615155869,42,1712141048375
1251,-0.859375,2.607421875,0.119140625,0.5008257615155869,28,1712141048375
1251,-0.8359375,2.533203125,0.150390625,0.6260322018944836,24,1712141048375
1251,-0.931640625,2.54296875,0.123046875,0.6260322018944836,36,1712141048375
1251,-0.859375,2.607421875,0.138671875,0.6260322018944836,27,1712141048375
1251,-0.8359375,2.53515625,0.12109375,0.7512386422733803,29,1712141048375
1251,-0.84765625,2.572265625,0.130859375,0.7512386422733803,45,1712141048375
1251,-0.9453125,2.57421875,0.193359375,0.7512386422733803,32,1712141048375
1251,-0.91796875,2.48828125,0.326171875,0.876445082652277,21,1712141048375
1251,-0.931640625,2.529296875,0.287109375,0.876445082652277,34,1712141048375
1251,-0.9453125,2.556640625,0.349609375,0.876445082652277,35,1712141048375
1251,-0.95703125,2.591796875,0.357421875,0.876445082652277,34,1712141048375
1251,-0.970703125,2.634765625,0.3125,0.876445082652277,22,1712141048375
1251,-0.609375,1.591796875,-2.205078125,-1.0016515230311738,21,1712141048375
1251,-0.39453125,2.396484375,-0.673828125,-0.6260322018944836,48,1712141048375
1251,-0.400390625,2.3984375,-0.796875,-0.6260322018944836,76,1712141048375
1251,-0.40625,2.380859375,-0.951171875,-0.6260322018944836,63,1712141048375
1251,-0.494140625,2.328125,-1.12890625,-0.6260322018944836,34,1712141048375
1251,-0.388671875,2.4140625,-0.423828125,-0.5008257615155869,46,1712141048375
1251,-0.39453125,2.427734375,-0.544921875,-0.5008257615155869,161,1712141048375
1251,-0.400390625,2.44140625,-0.6484375,-0.5008257615155869,258,1712141048375
1251,-0.486328125,2.44140625,-0.734375,-0.5008257615155869,210,1712141048375
1251,-0.494140625,2.443359375,-0.84765625,-0.5008257615155869,93,1712141048375
1251,-0.25,2.255859375,-1.412109375,-0.5008257615155869,26,1712141048375
1251,-0.677734375,2.59765625,-0.376953125,-0.5008257615155869,33,1712141048375
1251,-0.388671875,2.4375,-0.248046875,-0.37561932113669017,42,1712141048375
1251,-0.39453125,2.458984375,-0.388671875,-0.37561932113669017,154,1712141048375
1251,-0.48046875,2.466796875,-0.47265625,-0.37561932113669017,253,1712141048375
1251,-0.486328125,2.490234375,-0.548828125,-0.37561932113669017,205,1712141048375
1251,-0.494140625,2.501953125,-0.65625,-0.37561932113669017,80,1712141048375
1251,-0.583984375,2.591796875,-0.287109375,-0.37561932113669017,95,1712141048375
1251,-0.677734375,2.603515625,-0.330078125,-0.37561932113669017,143,1712141048375
1251,-0.6875,2.63671875,-0.357421875,-0.37561932113669017,95,1712141048375
1251,-0.39453125,2.486328125,-0.12109375,-0.25041288075779344,39,1712141048375
1251,-0.48046875,2.501953125,-0.23046875,-0.25041288075779344,65,1712141048375
1251,-0.486328125,2.5390625,-0.2421875,-0.25041288075779344,55,1712141048375
1251,-0.658203125,2.541015625,-0.212890625,-0.25041288075779344,36,1712141048375
1251,-0.751953125,2.55859375,-0.166015625,-0.25041288075779344,64,1712141048375
1251,-0.677734375,2.6171875,-0.18359375,-0.25041288075779344,101,1712141048375
1251,-0.6875,2.654296875,-0.205078125,-0.25041288075779344,76,1712141048375
1251,-0.822265625,2.5,-0.080078125,-0.12520644037889672,77,1712141048375
1251,-0.8359375,2.53515625,-0.12109375,-0.12520644037889672,202,1712141048375
1251,-0.76171875,2.59765625,-0.130859375,-0.12520644037889672,241,1712141048375
1251,-0.7734375,2.634765625,-0.1171875,-0.12520644037889672,133,1712141048375
1251,-0.697265625,2.697265625,-0.09375,-0.12520644037889672,27,1712141048375
1251,3.443359375,2.333984375,-0.8125,-0.12520644037889672,24,1712141048375
1251,-1.654296875,2.193359375,0.466796875,-1.0016515230311738,13,1712141048375
1251,0.66796875,1.7734375,1.8828125,-0.5008257615155869,16,1712141048375
1252,-0.91796875,2.5078125,-0.107421875,0.0,14,1712141048475
1252,-0.931640625,2.544921875,-0.03125,0.0,15,1712141048475
1252,3.443359375,2.466796875,-0.12890625,0.0,14,1712141048475
1252,-1.03125,2.548828125,0.0,0.25041288075779344,19,1712141048475
1252,-1.03125,2.541015625,0.185546875,0.37561932113669017,27,1712141048475
1252,-1.1328125,2.541015625,0.171875,0.37561932113669017,22,1712141048475
1252,-1.03125,2.5390625,0.20703125,0.5008257615155869,21,1712141048475
1252,-1.044921875,2.58203125,0.078125,0.5008257615155869,31,1712141048475
1252,-1.05859375,2.6171875,0.0625,0.5008257615155869,31,1712141048475
1252,-1.07421875,2.654296875,-0.04296875,0.5008257615155869,21,1712141048475
1252,-1.1171875,2.494140625,0.30078125,0.6260322018944836,32,1712141048475
1252,-1.1328125,2.53125,0.275390625,0.6260322018944836,51,1712141048475
1252,-1.1484375,2.568359375,0.255859375,0.6260322018944836,60,1712141048475
1252,-1.1640625,2.609375,0.1953125,0.6260322018944836,51,1712141048475
1252,-1.177734375,2.650390625,-0.046875,0.6260322018944836,19,1712141048475
1252,-1.236328125,2.505859375,0.419921875,0.7512386422733803,31,1712141048475
1252,-1.1640625,2.599609375,0.294921875,0.7512386422733803,32,1712141048475
1252,-0.39453125,2.33984375,-0.849609375,-0.6260322018944836,30,1712141048475
1252,-0.400390625,2.4296875,-0.6953125,-0.6260322018944836,35,1712141048475
1252,-0.486328125,2.50390625,-0.48046875,-0.6260322018944836,30,1712141048475
1252,-0.494140625,2.560546875,-0.3671875,-0.6260322018944836,19,1712141048475
1252,-0.458984375,2.390625,-0.208984375,-0.5008257615155869,47,1712141048475
1252,-0.46484375,2.431640625,-0.158203125,-0.5008257615155869,100,1712141048475
1252,-0.39453125,2.421875,-0.576171875,-0.5008257615155869,123,1712141048475
1252,-0.48046875,2.357421875,-0.869140625,-0.5008257615155869,95,1712141048475
1252,-0.486328125,2.515625,-0.4140625,-0.5008257615155869,91,1712141048475
1252,-0.494140625,2.58203125,-0.17578125,-0.5008257615155869,76,1712141048475
1252,-0.583984375,2.603515625,-0.16015625,-0.5008257615155869,32,1712141048475
1252,-0.458984375,2.400390625,-0.02734375,-0.37561932113669017,57,1712141048475
1252,-0.46484375,2.4375,-0.02734375,-0.37561932113669017,127,1712141048475
1252,-0.47265625,2.44140625,-0.40234375,-0.37561932113669017,157,1712141048475
1252,-0.48046875,2.380859375,-0.80078125,-0.37561932113669017,117,1712141048475
1252,-0.568359375,2.509765625,-0.34375,-0.37561932113669017,98,1712141048475
1252,-0.494140625,2.587890625,0.013671875,-0.37561932113669017,83,1712141048475
1252,-0.501953125,2.619140625,0.18359375,-0.37561932113669017,35,1712141048475
1252,-0.46484375,2.435546875,0.076171875,-0.25041288075779344,46,1712141048475
1252,-0.47265625,2.4375,-0.431640625,-0.25041288075779344,59,1712141048475
1252,-0.55859375,2.400390625,-0.685546875,-0.25041288075779344,47,1712141048475
1252,-0.568359375,2.517578125,-0.28125,-0.25041288075779344,36,1712141048475
1252,-0.576171875,2.568359375,0.087890625,-0.25041288075779344,26,1712141048475
1252,-0.91796875,2.490234375,-0.302734375,-0.12520644037889672,22,1712141048475
1252,-0.931640625,2.541015625,-0.142578125,-0.12520644037889672,24,1712141048475
1252,3.576171875,2.244140625,-0.37109375,-0.12520644037889672,27,1712141048475
1253,-0.53515625,2.3828125,-0.078125,0.0,16,1712141048575
1253,-0.62109375,2.3984375,-0.13671875,0.0,20,1712141048575
1253,-1.359375,2.560546875,-0.099609375,0.25041288075779344,36,1712141048575
1253,-1.376953125,2.59375,-0.11328125,0.25041288075779344,27,1712141048575
1253,-1.451171875,2.51171875,-0.03515625,0.37561932113669017,20,1712141048575
1253,-0.310546875,2.26953125,-0.95703125,-0.7512386422733803,33,1712141048575
1253,-0.39453125,2.2890625,-0.9765625,-0.7512386422733803,33,1712141048575
1253,-0.228515625,2.259765625,-0.900390625,-0.6260322018944836,44,1712141048575
1253,-0.310546875,2.32421875,-0.814453125,-0.6260322018944836,129,1712141048575
1253,-0.314453125,2.3671875,-0.80078125,-0.6260322018944836,156,1712141048575
1253,-0.400390625,2.400390625,-0.787109375,-0.6260322018944836,93,1712141048575
1253,-0.32421875,2.48828125,-0.666015625,-0.6260322018944836,24,1712141048575
1253,-0.6015625,2.287109375,-0.4375,-0.5008257615155869,29,1712141048575
1253,-0.6875,2.296875,-0.470703125,-0.5008257615155869,60,1712141048575
1253,-0.310546875,2.240234375,-1.01953125,-0.5008257615155869,118,1712141048575
1253,-0.39453125,2.384765625,-0.712890625,-0.5008257615155869,190,1712141048575
1253,-0.400390625,2.451171875,-0.611328125,-0.5008257615155869,148,1712141048575
1253,-0.32421875,2.529296875,-0.484375,-0.5008257615155869,48,1712141048575
1253,-0.740234375,2.34375,-0.947265625,-0.5008257615155869,24,1712141048575
1253,-0.751953125,2.388671875,-0.931640625,-0.5008257615155869,24,1712141048575
1253,-0.525390625,2.337890625,-0.201171875,-0.37561932113669017,41,1712141048575
1253,-0.611328125,2.34375,-0.32421875,-0.37561932113669017,100,1712141048575
1253,-0.697265625,2.33203125,-0.482421875,-0.37561932113669017,120,1712141048575
1253,-0.314453125,2.08203125,-1.384765625,-0.37561932113669017,78,1712141048575
1253,-0.3203125,2.48046875,-0.53125,-0.37561932113669017,85,1712141048575
1253,-0.32421875,2.005859375,1.615234375,-0.37561932113669017,35,1712141048575
1253,-0.67578125,2.30859375,-0.01171875,-0.25041288075779344,16,1712141048575
1253,-0.53515625,2.380859375,-0.13671875,-0.25041288075779344,43,1712141048575
1253,-0.62109375,2.388671875,-0.255859375,-0.25041288075779344,57,1712141048575
1253,-0.787109375,2.33203125,-0.537109375,-0.25041288075779344,32,1712141048575
1253,3.51171875,1.96875,-1.0546875,-0.12520644037889672,23,1712141048575
1253,0.076171875,0.51953125,-2.38671875,-0.5008257615155869,33,1712141048575
1253,2.109375,1.216796875,-0.900390625,-0.5008257615155869,25,1712141048575
1253,2.22265625,0.8125,-1.158203125,-0.5008257615155869,14,1712141048575
1253,0.55078125,1.576171875,1.88671875,-0.37561932113669017,47,1712141048575
1253,0.55859375,1.591796875,1.921875,-0.37561932113669017,43,1712141048575
1253,0.6484375,1.611328125,1.9296875,-0.37561932113669017,23,1712141048575
1253,-0.390625,4.12890625,-0.337890625,-0.12520644037889672,14,1712141048575
1254,-0.525390625,2.345703125,-0.056640625,0.0,16,1712141048676
1254,-0.53515625,2.3828125,-0.05859375,0.0,22,1712141048676
1254,-0.62109375,2.40234375,-0.017578125,0.0,15,1712141048676
1254,-1.236328125,2.45703125,-0.642578125,0.0,14,1712141048676
1254,3.150390625,2.671875,-0.755859375,0.0,12,1712141048676
1254,-0.451171875,2.2578125,-0.693359375,-0.6260322018944836,27,1712141048676
1254,-0.458984375,2.255859375,-0.818359375,-0.6260322018944836,44,1712141048676
1254,-0.46484375,2.23828125,-0.966796875,-0.6260322018944836,31,1712141048676
1254,-0.224609375,2.26953125,-0.76171875,-0.5008257615155869,91,1712141048676
1254,-0.380859375,2.3203125,-0.66015625,-0.5008257615155869,166,1712141048676
1254,-0.388671875,2.369140625,-0.626953125,-0.5008257615155869,142,1712141048676
1254,-0.39453125,2.451171875,-0.42578125,-0.5008257615155869,46,1712141048676
1254,-0.814453125,2.16015625,-0.521484375,-0.37561932113669017,23,1712141048676
1254,-0.30078125,2.349609375,-0.4140625,-0.37561932113669017,97,1712141048676
1254,-0.458984375,2.365234375,-0.41015625,-0.37561932113669017,218,1712141048676
1254,-0.46484375,2.408203125,-0.375,-0.37561932113669017,238,1712141048676
1254,-0.630859375,2.4140625,-0.353515625,-0.37561932113669017,111,1712141048676
1254,-0.525390625,2.34375,-0.115234375,-0.25041288075779344,44,1712141048676
1254,-0.53515625,2.376953125,-0.1953125,-0.25041288075779344,112,1712141048676
1254,-0.62109375,2.392578125,-0.224609375,-0.25041288075779344,139,1712141048676
1254,-0.630859375,2.43359375,-0.16796875,-0.25041288075779344,77,1712141048676
1254,-1.1484375,2.48046875,-0.71484375,-0.12520644037889672,27,1712141048676
1254,-1.341796875,2.453125,-0.615234375,-0.12520644037889672,21,1712141048676
1254,-1.451171875,2.462890625,-0.5,-0.12520644037889672,19,1712141048676
1254,3.28125,2.419921875,-1.0078125,-0.12520644037889672,25,1712141048676
1254,3.310546875,2.501953125,-0.859375,-0.12520644037889672,22,1712141048676
1254,-3.412109375,0.0,3.53125,0.0,8,1712141048676
1254,0.630859375,1.697265625,1.751953125,-0.5008257615155869,26,1712141048676
1254,-0.07421875,1.740234375,1.6015625,-0.37561932113669017,18,1712141048676
1254,-3.54296875,0.0,3.455078125,-0.12520644037889672,15,1712141048676
1254,-3.576171875,0.0,3.443359375,-0.12520644037889672,13,1712141048676
1255,-0.6875,2.34375,0.0078125,0.0,20,1712141048776
1255,-0.591796875,2.236328125,-0.5,-0.5008257615155869,48,1712141048776
1255,-0.6015625,2.279296875,-0.478515625,-0.5008257615155869,61,1712141048776
1255,-0.6875,2.33203125,-0.251953125,-0.5008257615155869,43,1712141048776
1255,-0.697265625,2.380859375,-0.076171875,-0.5008257615155869,19,1712141048776
1255,-0.58203125,2.236328125,-0.291015625,-0.37561932113669017,36,1712141048776
1255,-0.591796875,2.267578125,-0.330078125,-0.37561932113669017,121,1712141048776
1255,-0.6015625,2.302734375,-0.345703125,-0.37561932113669017,166,1712141048776
1255,-0.611328125,2.345703125,-0.306640625,-0.37561932113669017,145,1712141048776
1255,-0.62109375,2.3828125,-0.314453125,-0.37561932113669017,68,1712141048776
1255,-0.630859375,2.38671875,-0.509765625,-0.37561932113669017,44,1712141048776
1255,-0.71875,2.44140625,-0.244140625,-0.37561932113669017,38,1712141048776
1255,-0.58203125,2.251953125,-0.111328125,-0.25041288075779344,29,1712141048776
1255,-0.591796875,2.287109375,-0.140625,-0.25041288075779344,85,1712141048776
1255,-0.67578125,2.302734375,-0.15625,-0.25041288075779344,119,1712141048776
1255,-0.6875,2.337890625,-0.18359375,-0.25041288075779344,110,1712141048776
1255,-0.62109375,2.375,-0.359375,-0.25041288075779344,57,1712141048776
1255,-0.630859375,2.42578125,-0.25390625,-0.25041288075779344,66,1712141048776
1255,-0.71875,2.453125,-0.076171875,-0.25041288075779344,44,1712141048776
1255,-0.62109375,2.396484375,-0.158203125,-0.12520644037889672,24,1712141048776
1255,-0.630859375,2.439453125,0.02734375,-0.12520644037889672,26,1712141048776
1256,-0.654296875,2.232421875,0.115234375,0.0,14,1712141048877
1256,-0.591796875,2.291015625,0.068359375,0.0,22,1712141048877
1256,-0.6015625,2.328125,-0.01171875,0.0,20,1712141048877
1256,-0.853515625,2.166015625,-0.859375,0.0,13,1712141048877
1256,-0.865234375,2.314453125,-0.4921875,0.0,15,1712141048877
1256,-0.4375,2.04296875,-1.029296875,-0.6260322018944836,17,1712141048877
1256,-0.443359375,2.072265625,-1.0546875,-0.6260322018944836,24,1712141048877
1256,-0.451171875,2.099609375,-1.083984375,-0.6260322018944836,16,1712141048877
1256,-0.501953125,2.099609375,-0.767578125,-0.5008257615155869,20,1712141048877
1256,-0.4375,2.12109375,-0.857421875,-0.5008257615155869,79,1712141048877
1256,-0.443359375,2.1640625,-0.849609375,-0.5008257615155869,125,1712141048877
1256,-0.451171875,2.212890625,-0.828125,-0.5008257615155869,100,1712141048877
1256,-0.53515625,2.251953125,-0.78125,-0.5008257615155869,35,1712141048877
1256,-0.58203125,2.193359375,-0.5234375,-0.37561932113669017,95,1712141048877
1256,-0.666015625,2.22265625,-0.46484375,-0.37561932113669017,173,1712141048877
1256,-0.67578125,2.265625,-0.4453125,-0.37561932113669017,171,1712141048877
1256,-0.6875,2.310546875,-0.40234375,-0.37561932113669017,98,1712141048877
1256,-0.62109375,2.38671875,-0.283203125,-0.37561932113669017,34,1712141048877
1256,-0.728515625,2.19921875,-0.236328125,-0.25041288075779344,84,1712141048877
1256,-0.666015625,2.25390625,-0.2734375,-0.25041288075779344,174,1712141048877
1256,-0.751953125,2.265625,-0.294921875,-0.25041288075779344,216,1712141048877
1256,-0.6875,2.337890625,-0.189453125,-0.25041288075779344,159,1712141048877
1256,-0.697265625,2.380859375,0.025390625,-0.25041288075779344,55,1712141048877
1256,-0.80078125,2.16015625,-0.33984375,-0.12520644037889672,26,1712141048877
1256,-0.740234375,2.2265625,-0.310546875,-0.12520644037889672,70,1712141048877
1256,-0.67578125,2.306640625,-0.103515625,-0.12520644037889672,103,1712141048877
1256,-0.763671875,2.3203125,0.052734375,-0.12520644037889672,75,1712141048877
1256,-0.853515625,2.330078125,0.021484375,-0.12520644037889672,19,1712141048877
1256,-2.248046875,0.0,2.03125,-0.12520644037889672,11,1712141048877
1257,-0.509765625,2.26171875,-0.216796875,0.0,68,1712141048977
1257,-0.591796875,2.28515625,-0.1796875,0.0,115,1712141048977
1257,-0.6015625,2.32421875,-0.15234375,0.0,102,1712141048977
1257,-0.611328125,2.361328125,-0.138671875,0.0,55,1712141048977
1257,-0.697265625,2.380859375,-0.01953125,0.0,29,1712141048977
1257,-0.634765625,2.28515625,-1.671875,-0.876445082652277,20,1712141048977
1257,-0.642578125,2.34375,-1.65234375,-0.876445082652277,20,1712141048977
1257,-0.357421875,2.021484375,-1.015625,-0.6260322018944836,36,1712141048977
1257,-0.36328125,2.07421875,-0.9921875,-0.6260322018944836,41,1712141048977
1257,-0.369140625,2.1484375,-0.923828125,-0.6260322018944836,27,1712141048977
1257,-0.3515625,2.0703125,-0.814453125,-0.5008257615155869,21,1712141048977
1257,-0.357421875,2.095703125,-0.849609375,-0.5008257615155869,49,1712141048977
1257,-0.36328125,2.154296875,-0.8046875,-0.5008257615155869,57,1712141048977
1257,-0.369140625,2.21875,-0.734375,-0.5008257615155869,37,1712141048977
1257,-0.71484375,2.134765625,-0.421875,-0.37561932113669017,26,1712141048977
1257,-0.728515625,2.18359375,-0.353515625,-0.37561932113669017,55,1712141048977
1257,-0.666015625,2.236328125,-0.400390625,-0.37561932113669017,67,1712141048977
1257,-0.67578125,2.267578125,-0.42578125,-0.37561932113669017,50,1712141048977
1257,-0.865234375,2.33984375,-0.34765625,-0.37561932113669017,27,1712141048977
1257,-0.71484375,2.16796875,-0.18359375,-0.25041288075779344,72,1712141048977
1257,-0.654296875,2.220703125,-0.248046875,-0.25041288075779344,164,1712141048977
1257,-0.591796875,2.267578125,-0.33203125,-0.25041288075779344,215,1712141048977
1257,-0.6015625,2.30859375,-0.3125,-0.25041288075779344,169,1712141048977
1257,-0.611328125,2.34765625,-0.287109375,-0.25041288075779344,85,1712141048977
1257,-0.775390625,2.33984375,-0.279296875,-0.25041288075779344,38,1712141048977
1257,-0.9453125,2.32421875,-0.234375,-0.25041288075779344,36,1712141048977
1257,-0.71484375,2.17578125,0.044921875,-0.12520644037889672,46,1712141048977
1257,-0.58203125,2.2421875,-0.228515625,-0.12520644037889672,145,1712141048977
1257,-0.517578125,2.291015625,-0.291015625,-0.12520644037889672,241,1712141048977
1257,-0.6015625,2.31640625,-0.244140625,-0.12520644037889672,212,1712141048977
1257,-0.611328125,2.353515625,-0.2421875,-0.12520644037889672,112,1712141048977
1257,-0.697265625,2.36328125,-0.29296875,-0.12520644037889672,49,1712141048977
1257,0.572265625,1.259765625,1.826171875,-0.37561932113669017,15,1712141048977
1258,-0.28125,2.220703125,-0.255859375,0.0,16,1712141049077
1258,-0.787109375,2.150390625,0.068359375,0.0,45,1712141049077
1258,-0.728515625,2.208984375,0.12109375,0.0,97,1712141049077
1258,-0.740234375,2.248046875,0.04296875,0.0,133,1712141049077
1258,-0.751953125,2.28515625,-0.037109375,0.0,130,1712141049077
1258,-0.763671875,2.3203125,-0.060546875,0.0,77,1712141049077
1258,-0.697265625,2.380859375,0.04296875,0.0,19,1712141049077
1258,-1.1015625,2.119140625,-0.80078125,0.0,11,1712141049077
1258,-0.728515625,2.1875,0.326171875,0.12520644037889672,18,1712141049077
1258,-0.740234375,2.236328125,0.232421875,0.12520644037889672,22,1712141049077
1258,-0.67578125,2.306640625,0.095703125,0.12520644037889672,17,1712141049077
1258,-0.65234375,0.0,3.42578125,0.7512386422733803,18,1712141049077
1258,-0.759765625,0.138671875,-3.38671875,0.876445082652277,17,1712141049077
1258,0.0,2.09765625,-0.822265625,-0.6260322018944836,16,1712141049077
1258,0.0,2.130859375,-0.841796875,-0.6260322018944836,19,1712141049077
1258,0.0,2.1640625,-0.625,-0.5008257615155869,37,1712141049077
1258,0.0,2.203125,-0.62890625,-0.5008257615155869,38,1712141049077
1258,-0.5625,1.9921875,-0.888671875,-0.37561932113669017,23,1712141049077
1258,-0.572265625,2.14453125,-0.564453125,-0.37561932113669017,42,1712141049077
1258,-0.58203125,2.201171875,-0.4921875,-0.37561932113669017,50,1712141049077
1258,-0.666015625,2.20703125,-0.537109375,-0.37561932113669017,42,1712141049077
1258,-0.67578125,2.23828125,-0.564453125,-0.37561932113669017,30,1712141049077
1258,-0.421875,2.1875,-0.326171875,-0.25041288075779344,48,1712141049077
1258,-0.572265625,2.208984375,-0.189453125,-0.25041288075779344,122,1712141049077
1258,-0.654296875,2.224609375,-0.21875,-0.25041288075779344,189,1712141049077
1258,-0.666015625,2.25390625,-0.2734375,-0.25041288075779344,208,1712141049077
1258,-0.67578125,2.28515625,-0.328125,-0.25041288075779344,180,1712141049077
1258,-0.6875,2.31640625,-0.365234375,-0.25041288075779344,104,1712141049077
1258,-0.6328125,2.158203125,0.10546875,-0.12520644037889672,29,1712141049077
1258,-0.71484375,2.17578125,-0.02734375,-0.12520644037889672,115,1712141049077
1258,-0.728515625,2.2109375,-0.064453125,-0.12520644037889672,217,1712141049077
1258,-0.740234375,2.24609375,-0.1171875,-0.12520644037889672,274,1712141049077
1258,-0.751953125,2.27734375,-0.17578125,-0.12520644037889672,258,1712141049077
1258,-0.763671875,2.3125,-0.20703125,-0.12520644037889672,153,1712141049077
1258,-0.62109375,2.3984375,-0.12890625,-0.12520644037889672,38,1712141049077
1258,-1.1015625,2.15234375,-0.70703125,-0.12520644037889672,24,1712141049077
1258,-0.958984375,2.291015625,-0.61328125,-0.12520644037889672,22,1712141049077
1258,1.47265625,1.990234375,-0.154296875,0.0,10,1712141049077
1258,0.65234375,3.400390625,-0.287109375,0.7512386422733803,15,1712141049077
1258,0.65234375,3.40625,-0.2109375,0.876445082652277,16,1712141049077
1258,0.2109375,2.234375,0.19140625,-0.37561932113669017,16,1712141049077
1259,0.0,2.1328125,-0.427734375,0.0,19,1712141049178
1259,0.0,2.173828125,-0.42578125,0.0,67,1712141049178
1259,-0.0703125,2.205078125,-0.45703125,0.0,110,1712141049178
1259,0.0,2.212890625,-0.591796875,0.0,97,1712141049178
1259,-0.873046875,2.154296875,0.142578125,0.0,68,1712141049178
1259,-0.814453125,2.1953125,0.34375,0.0,51,1712141049178
1259,-0.751953125,2.279296875,0.158203125,0.0,46,1712141049178
1259,-0.6875,2.330078125,0.26953125,0.0,16,1712141049178
1259,-0.068359375,2.15625,-0.28515625,0.12520644037889672,35,1712141049178
1259,-0.068359375,2.1953125,-0.283203125,0.12520644037889672,116,1712141049178
1259,-0.0703125,2.228515625,-0.318359375,0.12520644037889672,173,1712141049178
1259,-0.072265625,2.2578125,-0.37890625,0.12520644037889672,128,1712141049178
1259,0.0,2.279296875,-0.474609375,0.12520644037889672,47,1712141049178
1259,0.0,2.169921875,-0.169921875,0.25041288075779344,23,1712141049178
1259,-0.138671875,2.203125,-0.177734375,0.25041288075779344,70,1712141049178
1259,-0.140625,2.240234375,-0.181640625,0.25041288075779344,93,1712141049178
1259,-0.142578125,2.275390625,-0.228515625,0.25041288075779344,57,1712141049178
1259,-0.068359375,2.1640625,-0.220703125,0.37561932113669017,43,1712141049178
1259,-0.068359375,2.203125,-0.216796875,0.37561932113669017,79,1712141049178
1259,-0.0703125,2.23828125,-0.23828125,0.37561932113669017,58,1712141049178
1259,-0.068359375,2.173828125,-0.087890625,0.5008257615155869,43,1712141049178
1259,-0.068359375,2.2109375,-0.080078125,0.5008257615155869,83,1712141049178
1259,-0.140625,2.24609375,-0.083984375,0.5008257615155869,65,1712141049178
1259,-0.068359375,2.17578125,-0.009765625,0.6260322018944836,17,1712141049178
1259,-0.068359375,2.212890625,0.03125,0.6260322018944836,33,1712141049178
1259,-0.0703125,2.251953125,0.001953125,0.6260322018944836,28,1712141049178
1259,-0.703125,2.052734375,-0.6015625,-0.25041288075779344,42,1712141049178
1259,-0.71484375,2.08984375,-0.603515625,-0.25041288075779344,76,1712141049178
1259,-0.728515625,2.1484375,-0.525390625,-0.25041288075779344,82,1712141049178
1259,-0.740234375,2.24609375,0.111328125,-0.25041288075779344,69,1712141049178
1259,-0.751953125,2.28515625,-0.044921875,-0.25041288075779344,52,1712141049178
1259,-0.76171875,2.005859375,-0.55078125,-0.12520644037889672,24,1712141049178
1259,-0.7734375,2.06640625,-0.455078125,-0.12520644037889672,79,1712141049178
1259,-0.787109375,2.1015625,-0.455078125,-0.12520644037889672,131,1712141049178
1259,-0.80078125,2.1640625,-0.31640625,-0.12520644037889672,123,1712141049178
1259,-0.740234375,2.2421875,0.166015625,-0.12520644037889672,102,1712141049178
1259,-0.751953125,2.28515625,0.021484375,-0.12520644037889672,88,1712141049178
1259,-0.6875,2.34375,0.001953125,-0.12520644037889672,31,1712141049178
1259,-0.84375,1.83984375,0.986328125,0.0,64,1712141049178
1259,-0.787109375,2.119140625,0.369140625,0.0,85,1712141049178
1259,0.0,2.046875,-1.111328125,0.0,51,1712141049178
1259,-0.068359375,2.2109375,0.107421875,-0.12520644037889672,17,1712141049178
1260,-0.27734375,2.177734375,-0.283203125,0.0,51,1712141049278
1260,-0.28125,2.212890625,-0.310546875,0.0,119,1712141049278
1260,-0.287109375,2.255859375,-0.279296875,0.0,133,1712141049278
1260,-0.36328125,2.287109375,-0.251953125,0.0,72,1712141049278
1260,-0.443359375,2.32421875,0.029296875,0.0,19,1712141049278
1260,-0.271484375,2.150390625,-0.193359375,0.12520644037889672,36,1712141049278
1260,-0.345703125,2.1796875,-0.177734375,0.12520644037889672,229,1712141049278
1260,-0.3515625,2.216796875,-0.193359375,0.12520644037889672,516,1712141049278
1260,-0.357421875,2.251953125,-0.224609375,0.12520644037889672,541,1712141049278
1260,-0.36328125,2.283203125,-0.28125,0.12520644037889672,272,1712141049278
1260,-0.443359375,2.30078125,-0.330078125,0.12520644037889672,65,1712141049278
1260,-0.271484375,2.158203125,-0.025390625,0.25041288075779344,52,1712141049278
1260,-0.345703125,2.1875,-0.013671875,0.25041288075779344,333,1712141049278
1260,-0.3515625,2.224609375,-0.03125,0.25041288075779344,731,1712141049278
1260,-0.357421875,2.26171875,-0.05078125,0.25041288075779344,757,1712141049278
1260,-0.36328125,2.298828125,-0.09375,0.25041288075779344,366,1712141049278
1260,-0.369140625,2.328125,-0.203125,0.25041288075779344,67,1712141049278
1260,-0.33984375,2.142578125,0.16015625,0.37561932113669017,31,1712141049278
1260,-0.345703125,2.181640625,0.15234375,0.37561932113669017,202,1712141049278
1260,-0.28125,2.232421875,0.115234375,0.37561932113669017,459,1712141049278
1260,-0.287109375,2.26953125,0.099609375,0.37561932113669017,490,1712141049278
1260,-0.291015625,2.30859375,0.078125,0.37561932113669017,244,1712141049278
1260,-0.294921875,2.34765625,0.0234375,0.37561932113669017,45,1712141049278
1260,-0.27734375,2.177734375,0.28125,0.5008257615155869,75,1712141049278
1260,-0.28125,2.21875,0.26171875,0.5008257615155869,188,1712141049278
1260,-0.21484375,2.267578125,0.240234375,0.5008257615155869,228,1712141049278
1260,-0.21875,2.310546875,0.197265625,0.5008257615155869,149,1712141049278
1260,-0.1484375,2.359375,0.123046875,0.5008257615155869,55,1712141049278
1260,-0.2109375,2.189453125,0.48828125,0.6260322018944836,26,1712141049278
1260,-0.142578125,2.267578125,0.2890625,0.6260322018944836,82,1712141049278
1260,-0.146484375,2.314453125,0.20703125,0.6260322018944836,136,1712141049278
1260,-0.07421875,2.359375,0.17578125,0.6260322018944836,106,1712141049278
1260,-0.150390625,2.396484375,0.150390625,0.6260322018944836,36,1712141049278
1260,-0.142578125,2.26171875,0.330078125,0.7512386422733803,57,1712141049278
1260,-0.146484375,2.3046875,0.3046875,0.7512386422733803,120,1712141049278
1260,-0.1484375,2.345703125,0.287109375,0.7512386422733803,102,1712141049278
1260,-0.150390625,2.376953125,0.333984375,0.7512386422733803,35,1712141049278
1260,-0.142578125,2.255859375,0.373046875,0.876445082652277,19,1712141049278
1260,-0.146484375,2.291015625,0.38671875,0.876445082652277,38,1712141049278
1260,-0.22265625,2.328125,0.365234375,0.876445082652277,31,1712141049278
1260,-0.67578125,2.291015625,-0.28125,-0.25041288075779344,29,1712141049278
1260,-0.6875,2.310546875,-0.39453125,-0.25041288075779344,28,1712141049278
1260,-0.787109375,1.97265625,-0.857421875,-0.12520644037889672,27,1712141049278
1260,-0.873046875,2.015625,-0.771484375,-0.12520644037889672,32,1712141049278
1260,-0.666015625,1.603515625,-1.609375,-0.12520644037889672,26,1712141049278
1260,-0.67578125,2.3046875,-0.125,-0.12520644037889672,45,1712141049278
1260,-0.6875,2.32421875,-0.310546875,-0.12520644037889672,37,1712141049278
1260,-0.84765625,1.9296875,-1.705078125,-0.12520644037889672,22,1712141049278
1260,-1.33203125,0.0,-2.228515625,0.0,11,1712141049278
1260,-0.142578125,2.279296875,0.173828125,-0.12520644037889672,16,1712141049278
1260,-1.998046875,0.0,1.607421875,-0.12520644037889672,14,1712141049278
1261,-0.484375,2.15625,-0.12109375,0.0,21,1712141049378
1261,-0.421875,2.203125,-0.193359375,0.0,77,1712141049378
1261,-0.4296875,2.23828125,-0.22265625,0.0,115,1712141049378
1261,-0.4375,2.2734375,-0.2578125,0.0,79,1712141049378
1261,-0.517578125,2.279296875,-0.369140625,0.0,30,1712141049378
1261,-0.67578125,2.2421875,-0.55078125,0.0,25,1712141049378
1261,-0.83984375,2.259765625,-0.3984375,0.0,18,1712141049378
1261,-0.9296875,2.27734375,-0.3203125,0.0,16,1712141049378
1261,-0.416015625,2.17578125,-0.01171875,0.12520644037889672,41,1712141049378
1261,-0.421875,2.212890625,-0.04296875,0.12520644037889672,158,1712141049378
1261,-0.357421875,2.26171875,-0.052734375,0.12520644037889672,243,1712141049378
1261,-0.4375,2.28515625,-0.083984375,0.12520644037889672,172,1712141049378
1261,-0.294921875,2.345703125,-0.123046875,0.12520644037889672,46,1712141049378
1261,-0.416015625,2.169921875,0.15625,0.25041288075779344,36,1712141049378
1261,-0.421875,2.2109375,0.103515625,0.25041288075779344,135,1712141049378
1261,-0.4296875,2.248046875,0.072265625,0.25041288075779344,205,1712141049378
1261,-0.4375,2.287109375,0.068359375,0.25041288075779344,142,1712141049378
1261,-0.443359375,2.32421875,0.041015625,0.25041288075779344,38,1712141049378
1261,-0.421875,2.212890625,0.0078125,0.37561932113669017,39,1712141049378
1261,-0.4296875,2.25,0.0078125,0.37561932113669017,84,1712141049378
1261,-0.4375,2.287109375,0.033203125,0.37561932113669017,111,1712141049378
1261,-0.443359375,2.32421875,0.04296875,0.37561932113669017,73,1712141049378
1261,-0.451171875,2.36328125,0.013671875,0.37561932113669017,19,1712141049378
1261,3.287109375,2.359375,-0.02734375,0.37561932113669017,18,1712141049378
1261,-0.4921875,2.193359375,0.146484375,0.5008257615155869,39,1712141049378
1261,-0.4296875,2.240234375,0.203125,0.5008257615155869,121,1712141049378
1261,-0.4375,2.27734375,0.216796875,0.5008257615155869,161,1712141049378
1261,-0.443359375,2.314453125,0.21875,0.5008257615155869,98,1712141049378
1261,3.2578125,2.328125,0.208984375,0.5008257615155869,25,1712141049378
1261,3.287109375,2.353515625,0.146484375,0.5008257615155869,31,1712141049378
1261,3.447265625,2.19140625,0.0625,0.5008257615155869,21,1712141049378
1261,-0.501953125,2.21484375,0.3046875,0.6260322018944836,40,1712141049378
1261,-0.509765625,2.24609375,0.34375,0.6260322018944836,55,1712141049378
1261,-0.517578125,2.287109375,0.328125,0.6260322018944836,33,1712141049378
1261,3.287109375,2.33203125,0.349609375,0.6260322018944836,25,1712141049378
1261,-0.5625,2.15234375,-0.349609375,-0.12520644037889672,26,1712141049378
1261,-0.64453125,2.162109375,-0.392578125,-0.12520644037889672,43,1712141049378
1261,-0.654296875,2.185546875,-0.46875,-0.12520644037889672,41,1712141049378
1261,-0.591796875,2.15625,-0.77734375,-0.12520644037889672,33,1712141049378
1261,-0.6015625,2.154296875,-0.8828125,-0.12520644037889672,25,1712141049378
1261,-0.916015625,2.203125,-0.5234375,-0.12520644037889672,28,1712141049378
1261,-0.9296875,2.22265625,-0.595703125,-0.12520644037889672,30,1712141049378
1261,-1.87890625,0.0,1.947265625,-0.12520644037889672,15,1712141049378
1262,-0.71484375,2.1484375,-0.34765625,0.0,27,1712141049479
1262,-0.654296875,2.20703125,-0.3515625,0.0,66,1712141049479
1262,-0.666015625,2.240234375,-0.37109375,0.0,90,1712141049479
1262,-0.67578125,2.2734375,-0.39453125,0.0,69,1712141049479
1262,-0.83984375,2.251953125,-0.439453125,0.0,40,1712141049479
1262,-0.853515625,2.27734375,-0.494140625,0.0,29,1712141049479
1262,-0.9453125,2.27734375,-0.515625,0.0,16,1712141049479
1262,-0.5625,2.10546875,-0.568359375,0.12520644037889672,24,1712141049479
1262,-0.787109375,2.138671875,-0.220703125,0.12520644037889672,61,1712141049479
1262,-0.654296875,2.2265625,-0.185546875,0.12520644037889672,146,1712141049479
1262,-0.666015625,2.259765625,-0.234375,0.12520644037889672,186,1712141049479
1262,-0.6015625,2.31640625,-0.234375,0.12520644037889672,128,1712141049479
1262,-0.6875,2.3359375,-0.20703125,0.12520644037889672,56,1712141049479
1262,-0.62109375,2.3984375,-0.125,0.12520644037889672,26,1712141049479
1262,-0.787109375,2.150390625,0.00390625,0.25041288075779344,25,1712141049479
1262,-0.654296875,2.234375,0.021484375,0.25041288075779344,67,1712141049479
1262,-0.591796875,2.291015625,-0.00390625,0.25041288075779344,88,1712141049479
1262,-0.6015625,2.328125,-0.037109375,0.25041288075779344,63,1712141049479
1262,-0.6875,2.34375,-0.029296875,0.25041288075779344,29,1712141049479
1262,-0.67578125,2.30859375,0.017578125,-0.37561932113669017,19,1712141049479
1262,-0.591796875,2.287109375,-0.138671875,-0.25041288075779344,25,1712141049479
1262,-0.451171875,2.359375,0.1328125,-0.25041288075779344,27,1712141049479
1262,-0.728515625,2.13671875,-0.57421875,-0.12520644037889672,31,1712141049479
1262,-0.517578125,2.291015625,-0.291015625,-0.12520644037889672,36,1712141049479
1262,-0.375,2.369140625,0.17578125,-0.12520644037889672,25,1712141049479
1262,-1.068359375,2.0390625,-0.818359375,-0.12520644037889672,30,1712141049479
1262,-1.0078125,2.095703125,-0.8671875,-0.12520644037889672,35,1712141049479
1262,-1.203125,1.365234375,-1.57421875,-0.12520644037889672,21,1712141049479
1262,-0.228515625,1.96875,1.427734375,-0.12520644037889672,18,1712141049479
1263,-0.7734375,2.056640625,-0.494140625,0.0,18,1712141049579
1263,-0.287109375,2.162109375,0.69921875,0.0,29,1712141049579
1263,-0.36328125,2.201171875,-0.669921875,0.0,65,1712141049579
1263,-0.517578125,2.259765625,-0.48046875,0.0,99,1712141049579
1263,-0.6015625,2.30078125,-0.359375,0.0,79,1712141049579
1263,-0.6875,2.328125,-0.2734375,0.0,32,1712141049579
1263,-0.69140625,2.099609375,-0.13671875,0.12520644037889672,22,1712141049579
1263,-0.84375,2.078125,-0.208984375,0.12520644037889672,49,1712141049579
1263,-1.001953125,2.02734375,-0.359375,0.12520644037889672,57,1712141049579
1263,-0.4375,2.20703125,-0.6015625,0.12520644037889672,124,1712141049579
1263,-0.517578125,2.283203125,-0.353515625,0.12520644037889672,180,1712141049579
1263,-0.525390625,2.3359375,-0.22265625,0.12520644037889672,139,1712141049579
1263,-0.6875,2.33984375,-0.138671875,0.12520644037889672,50,1712141049579
1263,-0.357421875,2.236328125,0.349609375,0.25041288075779344,47,1712141049579
1263,-0.509765625,2.267578125,-0.1328125,0.25041288075779344,94,1712141049579
1263,-0.591796875,2.2890625,-0.119140625,0.25041288075779344,119,1712141049579
1263,-0.6015625,2.328125,-0.046875,0.25041288075779344,86,1712141049579
1263,-0.6875,2.34375,0.072265625,0.25041288075779344,30,1712141049579
1263,-0.58203125,2.244140625,0.22265625,0.37561932113669017,19,1712141049579
1263,-0.80078125,2.173828125,-0.244140625,-0.25041288075779344,17,1712141049579
1263,-0.703125,2.125,-0.25390625,-0.12520644037889672,24,1712141049579
1263,-0.71484375,2.15234375,-0.3125,-0.12520644037889672,37,1712141049579
1263,-0.728515625,2.173828125,-0.4140625,-0.12520644037889672,37,1712141049579
1263,-0.666015625,2.23046875,-0.427734375,-0.12520644037889672,28,1712141049579
1263,-0.67578125,2.28515625,-0.32421875,-0.12520644037889672,22,1712141049579
1263,-1.07421875,1.80859375,-0.908203125,0.0,23,1712141049579
1263,-0.21484375,1.640625,1.583984375,0.12520644037889672,57,1712141049579
1263,-1.14453125,1.6328125,-1.126953125,0.25041288075779344,24,1712141049579
1264,-0.69140625,2.08203125,-0.298828125,0.0,27,1712141049680
1264,-0.703125,2.111328125,-0.3515625,0.0,98,1712141049680
1264,-0.71484375,2.13671875,-0.4140625,0.0,161,1712141049680
1264,-0.728515625,2.166015625,-0.4453125,0.0,125,1712141049680
1264,-0.591796875,2.236328125,-0.5,0.0,104,1712141049680
1264,-0.6015625,2.283203125,-0.458984375,0.0,167,1712141049680
1264,-0.6875,2.3046875,-0.42578125,0.0,108,1712141049680
1264,-0.697265625,2.33203125,-0.484375,0.0,28,1712141049680
1264,-0.69140625,2.09765625,-0.154296875,0.12520644037889672,49,1712141049680
1264,-0.703125,2.130859375,-0.197265625,0.12520644037889672,179,1712141049680
1264,-0.71484375,2.16015625,-0.265625,0.12520644037889672,290,1712141049680
1264,-0.80078125,2.169921875,-0.271484375,0.12520644037889672,226,1712141049680
1264,-0.591796875,2.265625,-0.34765625,0.12520644037889672,207,1712141049680
1264,-0.6015625,2.30859375,-0.30859375,0.12520644037889672,329,1712141049680
1264,-0.611328125,2.349609375,-0.271484375,0.12520644037889672,221,1712141049680
1264,-0.62109375,2.392578125,-0.228515625,0.12520644037889672,60,1712141049680
1264,-0.9453125,2.208984375,-0.759765625,0.12520644037889672,31,1712141049680
1264,-0.69140625,2.103515625,0.0078125,0.25041288075779344,25,1712141049680
1264,-0.7734375,2.115234375,-0.05859375,0.25041288075779344,91,1712141049680
1264,-0.71484375,2.171875,-0.115234375,0.25041288075779344,151,1712141049680
1264,-0.80078125,2.18359375,-0.1171875,0.25041288075779344,112,1712141049680
1264,-0.591796875,2.28125,-0.21484375,0.25041288075779344,131,1712141049680
1264,-0.6015625,2.32421875,-0.154296875,0.25041288075779344,223,1712141049680
1264,-0.611328125,2.36328125,-0.1171875,0.25041288075779344,165,1712141049680
1264,-0.62109375,2.40234375,-0.07421875,0.25041288075779344,57,1712141049680
1264,-1.181640625,1.9921875,-0.994140625,0.25041288075779344,22,1712141049680
1264,-0.591796875,2.2890625,0.11328125,0.37561932113669017,21,1712141049680
1264,-0.67578125,2.306640625,0.05078125,0.37561932113669017,47,1712141049680
1264,-0.611328125,2.365234375,-0.02734375,0.37561932113669017,54,1712141049680
1264,-0.62109375,2.40234375,-0.078125,0.37561932113669017,35,1712141049680
1264,-0.314453125,2.43359375,0.57421875,0.25041288075779344,12,1712141049680
1265,-0.7734375,2.10546875,-0.208984375,0.0,25,1712141049780
1265,-0.9296875,2.0546875,-0.396484375,0.0,39,1712141049780
1265,-0.291015625,2.310546875,-0.02734375,0.0,84,1712141049780
1265,-0.294921875,2.34765625,0.02734375,0.0,86,1712141049780
1265,-0.751953125,2.009765625,-1.0859375,0.0,35,1712141049780
1265,-0.763671875,2.1953125,-0.751953125,0.0,28,1712141049780
1265,-0.697265625,2.2890625,-0.658203125,0.0,17,1712141049780
1265,-0.7734375,2.115234375,0.0,0.12520644037889672,52,1712141049780
1265,-0.9296875,2.091796875,-0.041015625,0.12520644037889672,75,1712141049780
1265,-0.36328125,2.177734375,-0.740234375,0.12520644037889672,167,1712141049780
1265,-0.517578125,2.255859375,-0.4921875,0.12520644037889672,186,1712141049780
1265,-0.67578125,2.255859375,-0.4921875,0.12520644037889672,129,1712141049780
1265,-0.611328125,2.3359375,-0.369140625,0.12520644037889672,86,1712141049780
1265,-0.62109375,2.39453125,-0.1953125,0.12520644037889672,39,1712141049780
1265,-0.7734375,2.1015625,0.232421875,0.25041288075779344,46,1712141049780
1265,-0.9296875,2.0859375,0.177734375,0.25041288075779344,53,1712141049780
1265,-0.58203125,2.173828125,-0.6015625,0.25041288075779344,153,1712141049780
1265,-0.666015625,2.220703125,-0.48046875,0.25041288075779344,200,1712141049780
1265,-0.751953125,2.24609375,-0.41796875,0.25041288075779344,140,1712141049780
1265,-0.6875,2.333984375,-0.220703125,0.25041288075779344,75,1712141049780
1265,-0.775390625,2.34375,-0.25,0.25041288075779344,32,1712141049780
1265,-0.654296875,2.205078125,-0.357421875,0.37561932113669017,53,1712141049780
1265,-0.740234375,2.22265625,-0.333984375,0.37561932113669017,72,1712141049780
1265,-0.751953125,2.267578125,-0.275390625,0.37561932113669017,49,1712141049780
1265,-0.6875,2.337890625,-0.17578125,0.37561932113669017,26,1712141049780
1265,3.4140625,2.169921875,0.107421875,-0.37561932113669017,28,1712141049780
1265,3.447265625,2.193359375,-0.005859375,-0.37561932113669017,24,1712141049780
1265,-0.369140625,2.3359375,0.0859375,-0.25041288075779344,16,1712141049780
1265,-0.451171875,2.361328125,0.0546875,-0.25041288075779344,27,1712141049780
1265,-0.458984375,2.3984375,0.05859375,-0.25041288075779344,29,1712141049780
1265,-0.291015625,2.212890625,0.666015625,-0.12520644037889672,16,1712141049780
1265,-0.294921875,2.31640625,0.38671875,-0.12520644037889672,32,1712141049780
1265,-0.375,2.357421875,0.296875,-0.12520644037889672,35,1712141049780
1265,-0.380859375,2.40234375,0.236328125,-0.12520644037889672,27,1712141049780
1265,-0.142578125,1.662109375,1.5703125,0.0,37,1712141049780
1265,-0.142578125,1.4609375,-1.759765625,0.12520644037889672,68,1712141049780
1265,-0.21484375,1.787109375,-1.416015625,0.25041288075779344,42,1712141049780
1265,-1.01953125,1.740234375,-1.1640625,-0.12520644037889672,9,1712141049780
1266,-0.21484375,2.2734375,-0.1796875,0.0,60,1712141049881
1266,-0.21875,2.3046875,-0.259765625,0.0,187,1712141049881
1266,-0.22265625,2.3359375,-0.314453125,0.0,243,1712141049881
1266,-0.224609375,2.361328125,-0.396484375,0.0,145,1712141049881
1266,-0.458984375,2.380859375,-0.30078125,0.0,51,1712141049881
1266,-0.46484375,2.416015625,-0.32421875,0.0,38,1712141049881
1266,-0.4921875,2.19140625,-0.15625,0.12520644037889672,41,1712141049881
1266,-0.357421875,2.2578125,-0.138671875,0.12520644037889672,191,1712141049881
1266,-0.36328125,2.294921875,-0.14453125,0.12520644037889672,437,1712141049881
1266,-0.294921875,2.34375,-0.130859375,0.12520644037889672,510,1712141049881
1266,-0.224609375,2.388671875,-0.16796875,0.12520644037889672,297,1712141049881
1266,-0.3046875,2.404296875,-0.31640625,0.12520644037889672,84,1712141049881
1266,-0.54296875,2.404296875,-0.291015625,0.12520644037889672,56,1712141049881
1266,-0.5625,2.177734375,-0.107421875,0.25041288075779344,80,1712141049881
1266,-0.572265625,2.216796875,-0.0703125,0.25041288075779344,262,1712141049881
1266,-0.509765625,2.271484375,-0.044921875,0.25041288075779344,411,1712141049881
1266,-0.369140625,2.337890625,0.0234375,0.25041288075779344,361,1712141049881
1266,-0.224609375,2.388671875,0.1796875,0.25041288075779344,174,1712141049881
1266,-0.15234375,2.43359375,0.14453125,0.25041288075779344,45,1712141049881
1266,-0.6328125,2.16015625,0.041015625,0.37561932113669017,49,1712141049881
1266,-0.64453125,2.197265625,0.08203125,0.37561932113669017,132,1712141049881
1266,-0.654296875,2.234375,0.0234375,0.37561932113669017,164,1712141049881
1266,-0.666015625,2.25,-0.30859375,0.37561932113669017,155,1712141049881
1266,-0.67578125,2.236328125,-0.57421875,0.37561932113669017,125,1712141049881
1266,-0.763671875,2.173828125,-0.8125,0.37561932113669017,52,1712141049881
1266,-0.9296875,2.1796875,-0.732421875,0.37561932113669017,37,1712141049881
1266,-0.728515625,2.18359375,-0.359375,0.5008257615155869,36,1712141049881
1266,-0.740234375,2.21484375,-0.388671875,0.5008257615155869,65,1712141049881
1266,-0.751953125,2.23828125,-0.458984375,0.5008257615155869,53,1712141049881
1266,-0.6875,2.263671875,-0.609375,0.5008257615155869,25,1712141049881
1266,0.0,2.3671875,0.048828125,-0.37561932113669017,28,1712141049881
1266,-0.07421875,2.400390625,0.13671875,-0.37561932113669017,51,1712141049881
1266,-0.076171875,2.43359375,0.1953125,-0.37561932113669017,49,1712141049881
1266,-0.146484375,2.31640625,0.185546875,-0.25041288075779344,32,1712141049881
1266,-0.07421875,2.359375,0.171875,-0.25041288075779344,77,1712141049881
1266,-0.07421875,2.396484375,0.189453125,-0.25041288075779344,110,1712141049881
1266,-0.15234375,2.43359375,0.166015625,-0.25041288075779344,90,1712141049881
1266,-0.078125,2.4765625,0.13671875,-0.25041288075779344,38,1712141049881
1266,-0.146484375,2.275390625,0.4765625,-0.12520644037889672,28,1712141049881
1266,-0.1484375,2.333984375,0.365234375,-0.12520644037889672,65,1712141049881
1266,-0.150390625,2.380859375,0.310546875,-0.12520644037889672,92,1712141049881
1266,-0.15234375,2.4296875,0.2109375,-0.12520644037889672,75,1712141049881
1266,-0.232421875,2.46875,0.072265625,-0.12520644037889672,31,1712141049881
1266,-0.9921875,0.0,-2.24609375,0.25041288075779344,35,1712141049881
1267,-0.572265625,2.185546875,-0.37890625,0.0,18,1712141049981
1267,-0.4375,2.25390625,-0.38671875,0.0,46,1712141049981
1267,-0.294921875,2.310546875,-0.416015625,0.0,65,1712141049981
1267,-0.150390625,2.37109375,-0.375,0.0,61,1712141049981
1267,0.0,2.431640625,-0.23046875,0.0,35,1712141049981
1267,-0.64453125,2.197265625,-0.021484375,0.12520644037889672,18,1712141049981
1267,-0.58203125,2.25390625,0.0625,0.12520644037889672,50,1712141049981
1267,0.07421875,2.244140625,-0.75,0.12520644037889672,64,1712141049981
1267,0.0,2.32421875,-0.615234375,0.12520644037889672,58,1712141049981
1267,0.0,2.423828125,-0.30078125,0.12520644037889672,25,1712141049981
1267,-0.572265625,2.21484375,-0.115234375,0.25041288075779344,107,1712141049981
1267,-0.58203125,2.251953125,-0.109375,0.25041288075779344,280,1712141049981
1267,-0.591796875,2.291015625,-0.072265625,0.25041288075779344,328,1712141049981
1267,-0.6015625,2.328125,0.048828125,0.25041288075779344,192,1712141049981
1267,-0.83984375,2.2578125,0.40234375,0.25041288075779344,69,1712141049981
1267,-0.572265625,2.216796875,-0.056640625,0.37561932113669017,118,1712141049981
1267,-0.58203125,2.25390625,-0.080078125,0.37561932113669017,304,1712141049981
1267,-0.591796875,2.2890625,-0.1015625,0.37561932113669017,373,1712141049981
1267,-0.6015625,2.32421875,-0.138671875,0.37561932113669017,252,1712141049981
1267,-0.763671875,2.3125,-0.1953125,0.37561932113669017,130,1712141049981
1267,-0.64453125,2.197265625,-0.052734375,0.5008257615155869,36,1712141049981
1267,-0.58203125,2.251953125,-0.125,0.5008257615155869,98,1712141049981
1267,-0.591796875,2.27734375,-0.248046875,0.5008257615155869,130,1712141049981
1267,-0.67578125,2.29296875,-0.26953125,0.5008257615155869,114,1712141049981
1267,-0.763671875,2.314453125,-0.181640625,0.5008257615155869,74,1712141049981
1267,0.0,2.298828125,-0.375,-0.25041288075779344,25,1712141049981
1267,0.1484375,2.34375,-0.291015625,-0.25041288075779344,54,1712141049981
1267,0.07421875,2.388671875,-0.275390625,-0.25041288075779344,75,1712141049981
1267,0.15234375,2.423828125,-0.2734375,-0.25041288075779344,50,1712141049981
1267,0.0,2.302734375,-0.353515625,-0.12520644037889672,42,1712141049981
1267,0.0,2.3515625,-0.271484375,-0.12520644037889672,87,1712141049981
1267,0.0,2.39453125,-0.2265625,-0.12520644037889672,101,1712141049981
1267,0.076171875,2.43359375,-0.193359375,-0.12520644037889672,64,1712141049981
1267,0.0,2.181640625,-0.8125,0.12520644037889672,33,1712141049981
1267,-0.666015625,2.255859375,0.263671875,0.12520644037889672,60,1712141049981
1267,-0.751953125,2.1484375,0.779296875,0.12520644037889672,34,1712141049981
1267,-0.916015625,0.0,-2.267578125,0.12520644037889672,14,1712141049981
1267,0.0,2.193359375,-0.98828125,0.25041288075779344,103,1712141049981
1267,0.0,2.330078125,-0.736328125,0.25041288075779344,56,1712141049981
1268,-0.369140625,2.25,-0.6328125,0.0,12,1712141050082
1268,-0.451171875,2.18359375,-0.90234375,0.0,20,1712141050082
1268,-0.458984375,2.103515625,-1.15625,0.0,23,1712141050082
1268,-0.46484375,2.107421875,-1.224609375,0.0,18,1712141050082
1268,3.412109375,2.17578125,-1.12109375,0.12520644037889672,24,1712141050082
1268,-0.509765625,2.2578125,-0.263671875,0.25041288075779344,47,1712141050082
1268,-0.591796875,2.279296875,-0.23046875,0.25041288075779344,91,1712141050082
1268,-0.525390625,2.341796875,-0.166015625,0.25041288075779344,85,1712141050082
1268,-0.53515625,2.375,-0.212890625,0.25041288075779344,45,1712141050082
1268,-0.388671875,2.37109375,-0.6171875,0.25041288075779344,36,1712141050082
1268,-0.58203125,2.25,-0.142578125,0.37561932113669017,75,1712141050082
1268,-0.591796875,2.291015625,-0.080078125,0.37561932113669017,136,1712141050082
1268,-0.6015625,2.326171875,0.103515625,0.37561932113669017,94,1712141050082
1268,-0.458984375,2.359375,-0.44140625,0.37561932113669017,99,1712141050082
1268,-0.46484375,2.390625,-0.474609375,0.37561932113669017,137,1712141050082
1268,-0.47265625,2.43359375,-0.453125,0.37561932113669017,75,1712141050082
1268,-0.58203125,2.251953125,-0.115234375,0.5008257615155869,33,1712141050082
1268,-0.740234375,2.24609375,0.10546875,0.5008257615155869,49,1712141050082
1268,0.30078125,2.083984375,-1.162109375,0.5008257615155869,42,1712141050082
1268,-0.458984375,2.388671875,-0.23828125,0.5008257615155869,129,1712141050082
1268,-0.46484375,2.427734375,-0.22265625,0.5008257615155869,140,1712141050082
1268,-0.314453125,2.494140625,-0.169921875,0.5008257615155869,66,1712141050082
1268,0.150390625,2.26171875,-0.802734375,0.6260322018944836,35,1712141050082
1268,-0.458984375,2.396484375,0.126953125,0.6260322018944836,60,1712141050082
1268,-0.46484375,2.435546875,-0.068359375,0.6260322018944836,57,1712141050082
1268,-0.39453125,2.46875,-0.314453125,0.6260322018944836,28,1712141050082
1268,0.0,2.35546875,-0.486328125,0.7512386422733803,23,1712141050082
1268,0.0,2.365234375,-0.615234375,0.7512386422733803,33,1712141050082
1268,0.07421875,2.353515625,0.236328125,0.5008257615155869,31,1712141050082
1268,-0.525390625,2.34765625,-0.017578125,0.5008257615155869,37,1712141050082
1268,-0.525390625,2.3203125,0.34765625,0.6260322018944836,32,1712141050082
1268,0.228515625,2.103515625,-1.22265625,0.6260322018944836,40,1712141050082
1269,-0.525390625,2.25390625,-0.65234375,0.0,17,1712141050182
1269,-0.458984375,2.2578125,-0.8125,0.0,22,1712141050182
1269,-0.388671875,2.220703125,-1.037109375,0.0,19,1712141050182
1269,3.51171875,2.138671875,-0.640625,0.12520644037889672,29,1712141050182
1269,3.54296875,2.080078125,-0.869140625,0.12520644037889672,27,1712141050182
1269,-0.443359375,2.31640625,-0.208984375,0.25041288075779344,24,1712141050182
1269,-0.525390625,2.326171875,-0.3046875,0.25041288075779344,47,1712141050182
1269,-0.458984375,2.3671875,-0.390625,0.25041288075779344,46,1712141050182
1269,-0.54296875,2.359375,-0.544921875,0.25041288075779344,22,1712141050182
1269,-0.517578125,2.306640625,-0.1171875,0.37561932113669017,72,1712141050182
1269,-0.525390625,2.337890625,-0.197265625,0.37561932113669017,153,1712141050182
1269,-0.458984375,2.37890625,-0.314453125,0.37561932113669017,166,1712141050182
1269,-0.54296875,2.373046875,-0.48046875,0.37561932113669017,94,1712141050182
1269,-0.39453125,2.412109375,-0.615234375,0.37561932113669017,37,1712141050182
1269,-0.486328125,2.490234375,-0.544921875,0.37561932113669017,37,1712141050182
1269,-0.517578125,2.30859375,0.021484375,0.5008257615155869,61,1712141050182
1269,-0.525390625,2.345703125,-0.083984375,0.5008257615155869,140,1712141050182
1269,-0.458984375,2.388671875,-0.234375,0.5008257615155869,169,1712141050182
1269,-0.46484375,2.3828125,-0.517578125,0.5008257615155869,123,1712141050182
1269,-0.314453125,2.37109375,-0.7890625,0.5008257615155869,92,1712141050182
1269,-0.3203125,2.45703125,-0.63671875,0.5008257615155869,78,1712141050182
1269,-0.486328125,2.5078125,-0.462890625,0.5008257615155869,57,1712141050182
1269,-0.525390625,2.345703125,-0.029296875,0.6260322018944836,32,1712141050182
1269,-0.380859375,2.375,-0.423828125,0.6260322018944836,62,1712141050182
1269,-0.232421875,2.361328125,-0.724609375,0.6260322018944836,128,1712141050182
1269,-0.236328125,2.400390625,-0.7265625,0.6260322018944836,178,1712141050182
1269,-0.240234375,2.45703125,-0.669921875,0.6260322018944836,135,1712141050182
1269,-0.32421875,2.521484375,-0.52734375,0.6260322018944836,55,1712141050182
1269,-0.15234375,2.275390625,-0.876953125,0.7512386422733803,28,1712141050182
1269,-0.154296875,2.37109375,-0.712890625,0.7512386422733803,101,1712141050182
1269,-0.236328125,2.427734375,-0.62890625,0.7512386422733803,151,1712141050182
1269,-0.240234375,2.474609375,-0.59765625,0.7512386422733803,112,1712141050182
1269,-0.244140625,2.515625,-0.58984375,0.7512386422733803,39,1712141050182
1269,-0.232421875,2.40234375,-0.578125,0.876445082652277,37,1712141050182
1269,-0.236328125,2.447265625,-0.548828125,0.876445082652277,55,1712141050182
1269,-0.240234375,2.494140625,-0.51171875,0.876445082652277,42,1712141050182
1269,0.158203125,1.640625,1.90625,-1.0016515230311738,15,1712141050182
1269,-0.787109375,2.26171875,-0.783203125,-1.0016515230311738,10,1712141050182
1270,-0.458984375,2.279296875,-0.751953125,0.0,19,1712141050282
1270,-0.46484375,2.296875,-0.818359375,0.0,23,1712141050282
1270,-0.47265625,2.33984375,-0.80859375,0.0,14,1712141050282
1270,-0.48046875,2.294921875,-1.0234375,0.25041288075779344,20,1712141050282
1270,-0.451171875,2.345703125,-0.28515625,0.37561932113669017,45,1712141050282
1270,-0.458984375,2.37890625,-0.3125,0.37561932113669017,105,1712141050282
1270,-0.46484375,2.404296875,-0.404296875,0.37561932113669017,121,1712141050282
1270,-0.55078125,2.373046875,-0.640625,0.37561932113669017,81,1712141050282
1270,-0.48046875,2.3203125,-0.962890625,0.37561932113669017,49,1712141050282
1270,-0.451171875,2.359375,-0.119140625,0.5008257615155869,119,1712141050282
1270,-0.458984375,2.39453125,-0.15234375,0.5008257615155869,284,1712141050282
1270,-0.46484375,2.427734375,-0.2109375,0.5008257615155869,321,1712141050282
1270,-0.47265625,2.451171875,-0.345703125,0.5008257615155869,199,1712141050282
1270,-0.48046875,2.46484375,-0.48828125,0.5008257615155869,119,1712141050282
1270,-0.486328125,2.53515625,-0.28125,0.5008257615155869,73,1712141050282
1270,-0.525390625,2.345703125,0.05078125,0.6260322018944836,89,1712141050282
1270,-0.53515625,2.384765625,0.001953125,0.6260322018944836,216,1712141050282
1270,-0.46484375,2.4375,-0.046875,0.6260322018944836,246,1712141050282
1270,-0.47265625,2.470703125,-0.15234375,0.6260322018944836,151,1712141050282
1270,-0.48046875,2.5,-0.25390625,0.6260322018944836,83,1712141050282
1270,-0.40625,2.564453125,-0.04296875,0.6260322018944836,52,1712141050282
1270,-0.53515625,2.376953125,0.193359375,0.7512386422733803,32,1712141050282
1270,-0.54296875,2.41796875,0.140625,0.7512386422733803,37,1712141050282
1270,-0.55078125,2.45703125,-0.068359375,0.7512386422733803,25,1712141050282
1270,-0.32421875,2.34375,-1.068359375,0.7512386422733803,22,1712141050282
1270,-0.240234375,2.359375,-0.958984375,0.876445082652277,42,1712141050282
1270,-0.244140625,2.42578125,-0.892578125,0.876445082652277,74,1712141050282
1270,-0.1640625,2.48046875,-0.87109375,0.876445082652277,66,1712141050282
1270,-0.16796875,2.544921875,-0.796875,0.876445082652277,32,1712141050282
1270,0.16015625,1.880859375,1.7265625,-1.0016515230311738,59,1712141050282
1270,0.08203125,1.849609375,1.818359375,-1.0016515230311738,101,1712141050282
1270,0.1640625,1.83203125,1.884765625,-1.0016515230311738,93,1712141050282
1270,0.16796875,1.7578125,2.005859375,-1.0016515230311738,43,1712141050282
1270,0.080078125,1.7890625,1.826171875,-0.876445082652277,35,1712141050282
1270,0.162109375,1.74609375,1.9140625,-0.876445082652277,64,1712141050282
1270,0.1640625,1.70703125,1.998046875,-0.876445082652277,58,1712141050282
1270,0.083984375,1.689453125,2.068359375,-0.876445082652277,27,1712141050282
1270,0.162109375,1.748046875,1.912109375,-0.7512386422733803,23,1712141050282
1270,0.1640625,1.771484375,1.943359375,-0.7512386422733803,22,1712141050282
1270,-0.798828125,2.251953125,-0.9140625,-1.0016515230311738,33,1712141050282
1270,-0.810546875,2.31640625,-0.84765625,-1.0016515230311738,60,1712141050282
1270,-0.90625,2.3515625,-0.767578125,-1.0016515230311738,57,1712141050282
1270,-0.91796875,2.40625,-0.712890625,-1.0016515230311738,29,1712141050282
1270,-0.87890625,2.255859375,-0.82421875,-0.876445082652277,18,1712141050282
1270,-0.810546875,2.361328125,-0.712890625,-0.876445082652277,34,1712141050282
1270,-0.90625,2.3984375,-0.607421875,-0.876445082652277,33,1712141050282
1270,-1.001953125,2.40625,-0.587890625,-0.876445082652277,16,1712141050282
1270,-0.73046875,2.37109375,-0.76171875,-0.7512386422733803,12,1712141050282
1270,-0.822265625,2.4296875,-0.599609375,-0.7512386422733803,12,1712141050282
1271,-0.400390625,2.3984375,-0.794921875,0.37561932113669017,43,1712141050383
1271,-0.486328125,2.412109375,-0.826171875,0.37561932113669017,43,1712141050383
1271,-0.388671875,2.44140625,-0.224609375,0.5008257615155869,38,1712141050383
1271,-0.39453125,2.48828125,0.0,0.5008257615155869,26,1712141050383
1271,-0.400390625,2.453125,-0.603515625,0.5008257615155869,61,1712141050383
1271,-0.40625,2.50390625,-0.552734375,0.5008257615155869,80,1712141050383
1271,-0.412109375,2.5390625,-0.564453125,0.5008257615155869,40,1712141050383
1271,-0.41796875,2.587890625,-0.515625,0.5008257615155869,50,1712141050383
1271,-0.5078125,2.607421875,-0.54296875,0.5008257615155869,57,1712141050383
1271,-0.515625,2.650390625,-0.517578125,0.5008257615155869,40,1712141050383
1271,-0.380859375,2.4140625,-0.0078125,0.6260322018944836,25,1712141050383
1271,-0.46484375,2.435546875,-0.099609375,0.6260322018944836,73,1712141050383
1271,-0.39453125,2.48828125,-0.064453125,0.6260322018944836,84,1712141050383
1271,-0.400390625,2.51171875,-0.275390625,0.6260322018944836,50,1712141050383
1271,-0.40625,2.53125,-0.412109375,0.6260322018944836,66,1712141050383
1271,-0.412109375,2.56640625,-0.43359375,0.6260322018944836,59,1712141050383
1271,-0.41796875,2.6171875,-0.34375,0.6260322018944836,67,1712141050383
1271,-0.5078125,2.642578125,-0.330078125,0.6260322018944836,59,1712141050383
1271,-0.515625,2.669921875,-0.396484375,0.6260322018944836,36,1712141050383
1271,-0.46484375,2.4375,0.0625,0.7512386422733803,41,1712141050383
1271,-0.47265625,2.474609375,0.044921875,0.7512386422733803,55,1712141050383
1271,-0.48046875,2.51171875,-0.072265625,0.7512386422733803,37,1712141050383
1271,-0.40625,2.548828125,-0.287109375,0.7512386422733803,29,1712141050383
1271,-0.412109375,2.583984375,-0.30078125,0.7512386422733803,31,1712141050383
1271,-0.41796875,2.623046875,-0.287109375,0.7512386422733803,29,1712141050383
1272,-0.400390625,2.458984375,-0.580078125,0.5008257615155869,33,1712141050433
1272,-0.40625,2.482421875,-0.64453125,0.5008257615155869,49,1712141050433
1272,-0.412109375,2.50390625,-0.705078125,0.5008257615155869,48,1712141050433
1272,-0.41796875,2.529296875,-0.751953125,0.5008257615155869,53,1712141050433
1272,-0.423828125,2.59375,-0.666015625,0.5008257615155869,58,1712141050433
1272,-0.4296875,2.6640625,-0.521484375,0.5008257615155869,45,1712141050433
1272,-0.5234375,2.703125,-0.435546875,0.5008257615155869,27,1712141050433
1272,-0.314453125,2.451171875,-0.48828125,0.6260322018944836,28,1712141050433
1272,-0.400390625,2.494140625,-0.408203125,0.6260322018944836,79,1712141050433
1272,-0.40625,2.5234375,-0.45703125,0.6260322018944836,114,1712141050433
1272,-0.412109375,2.548828125,-0.525390625,0.6260322018944836,104,1712141050433
1272,-0.41796875,2.580078125,-0.560546875,0.6260322018944836,105,1712141050433
1272,-0.423828125,2.626953125,-0.513671875,0.6260322018944836,113,1712141050433
1272,-0.4296875,2.701171875,-0.26953125,0.6260322018944836,82,1712141050433
1272,-0.5234375,2.73828125,-0.021484375,0.6260322018944836,41,1712141050433
1272,-0.400390625,2.51171875,-0.26953125,0.7512386422733803,59,1712141050433
1272,-0.486328125,2.533203125,-0.28515625,0.7512386422733803,82,1712141050433
1272,-0.412109375,2.58203125,-0.328125,0.7512386422733803,76,1712141050433
1272,-0.333984375,2.619140625,-0.408203125,0.7512386422733803,70,1712141050433
1272,-0.423828125,2.650390625,-0.376953125,0.7512386422733803,69,1712141050433
1272,-0.515625,2.69921875,0.048828125,0.7512386422733803,44,1712141050433
1273,3.875,1.37890625,-1.16796875,0.37561932113669017,29,1712141050533
1273,3.91015625,1.33203125,-1.24609375,0.37561932113669017,30,1712141050533
1273,-0.330078125,2.58203125,-0.3984375,0.6260322018944836,50,1712141050533
1273,-0.333984375,2.60546875,-0.494140625,0.6260322018944836,65,1712141050533
1273,-0.423828125,2.564453125,-0.76953125,0.6260322018944836,45,1712141050533
1273,-0.34375,2.55859375,-0.94140625,0.6260322018944836,45,1712141050533
1273,-0.26171875,2.720703125,-0.54296875,0.6260322018944836,47,1712141050533
1273,-0.32421875,2.55859375,-0.30078125,0.7512386422733803,31,1712141050533
1273,-0.412109375,2.580078125,-0.33984375,0.7512386422733803,77,1712141050533
1273,-0.333984375,2.61328125,-0.453125,0.7512386422733803,115,1712141050533
1273,-0.423828125,2.58203125,-0.70703125,0.7512386422733803,136,1712141050533
1273,-0.34375,2.587890625,-0.861328125,0.7512386422733803,123,1712141050533
1273,-0.34765625,2.68359375,-0.6640625,0.7512386422733803,74,1712141050533
1273,-0.353515625,2.75,-0.537109375,0.7512386422733803,34,1712141050533
1273,-0.330078125,2.603515625,-0.234375,0.876445082652277,39,1712141050533
1273,-0.41796875,2.595703125,-0.48046875,0.876445082652277,76,1712141050533
1273,-0.423828125,2.599609375,-0.638671875,0.876445082652277,124,1712141050533
1273,-0.4296875,2.626953125,-0.6875,0.876445082652277,115,1712141050533
1273,-0.435546875,2.662109375,-0.697265625,0.876445082652277,56,1712141050533
1273,0.0,1.765625,2.056640625,-1.0016515230311738,32,1712141050533
1273,0.0,1.78125,2.09375,-1.0016515230311738,31,1712141050533
1273,-0.24609375,2.603515625,-0.30859375,0.7512386422733803,77,1712141050533
1273,-1.1015625,2.408203125,-0.58203125,-1.0016515230311738,20,1712141050533
1273,-1.1171875,2.4375,-0.60546875,-1.0016515230311738,19,1712141050533
1274,-0.25,2.650390625,-0.2421875,0.6260322018944836,33,1712141050634
1274,-0.25390625,2.685546875,-0.2578125,0.6260322018944836,73,1712141050634
1274,-0.34375,2.703125,-0.359375,0.6260322018944836,87,1712141050634
1274,-0.26171875,2.705078125,-0.61328125,0.6260322018944836,82,1712141050634
1274,-0.265625,2.720703125,-0.71484375,0.6260322018944836,70,1712141050634
1274,-0.267578125,2.751953125,-0.744140625,0.6260322018944836,41,1712141050634
1274,-0.333984375,2.650390625,0.0390625,0.7512386422733803,41,1712141050634
1274,-0.337890625,2.689453125,-0.0390625,0.7512386422733803,88,1712141050634
1274,-0.34375,2.71875,-0.224609375,0.7512386422733803,105,1712141050634
1274,-0.26171875,2.728515625,-0.5078125,0.7512386422733803,112,1712141050634
1274,-0.265625,2.75390625,-0.5703125,0.7512386422733803,114,1712141050634
1274,-0.267578125,2.787109375,-0.59765625,0.7512386422733803,78,1712141050634
1274,-0.271484375,2.833984375,-0.55859375,0.7512386422733803,43,1712141050634
1274,-0.423828125,2.65625,0.33203125,0.876445082652277,27,1712141050634
1274,-0.4296875,2.7109375,-0.1484375,0.876445082652277,36,1712141050634
1274,-0.34765625,2.73046875,-0.439453125,0.876445082652277,49,1712141050634
1274,-0.265625,2.7734375,-0.466796875,0.876445082652277,59,1712141050634
1274,-0.267578125,2.806640625,-0.494140625,0.876445082652277,42,1712141050634
1274,0.087890625,1.8984375,2.091796875,-1.0016515230311738,22,1712141050634
1274,0.08984375,1.9921875,2.0546875,-1.0016515230311738,18,1712141050634
1274,-0.970703125,2.51953125,-0.83203125,-1.0016515230311738,12,1712141050634
1274,-0.984375,2.546875,-0.86328125,-1.0016515230311738,10,1712141050634
1275,-0.1796875,2.35546875,-1.619140625,0.0,19,1712141050785
1275,-0.181640625,2.49609375,-1.46875,0.0,25,1712141050785
1275,0.0,2.607421875,-1.357421875,0.0,21,1712141050785
1275,0.0,2.71875,-1.212890625,0.0,13,1712141050785
1275,0.0,2.7421875,-0.9453125,0.25041288075779344,24,1712141050785
1275,0.0,2.771484375,-0.98046875,0.25041288075779344,54,1712141050785
1275,0.0,2.791015625,-1.0390625,0.25041288075779344,55,1712141050785
1275,0.0,2.849609375,-0.98828125,0.25041288075779344,28,1712141050785
1275,-0.267578125,2.67578125,-0.984375,0.37561932113669017,15,1712141050785
1275,-0.08984375,2.77734375,-0.833984375,0.37561932113669017,39,1712141050785
1275,0.0,2.828125,-0.80078125,0.37561932113669017,71,1712141050785
1275,0.0,2.865234375,-0.8125,0.37561932113669017,71,1712141050785
1275,-0.09375,2.91015625,-0.7890625,0.37561932113669017,38,1712141050785
1275,-0.17578125,2.615234375,-1.0546875,0.5008257615155869,32,1712141050785
1275,-0.1796875,2.69140625,-0.962890625,0.5008257615155869,71,1712141050785
1275,-0.181640625,2.736328125,-0.94921875,0.5008257615155869,71,1712141050785
1275,-0.275390625,2.619140625,-1.3046875,0.5008257615155869,31,1712141050785
1275,-0.2578125,2.71484375,-0.33984375,0.6260322018944836,29,1712141050785
1275,-0.26171875,2.736328125,-0.4609375,0.6260322018944836,19,1712141050785
1275,-0.17578125,2.634765625,-1.00390625,0.6260322018944836,99,1712141050785
1275,-0.1796875,2.728515625,-0.84765625,0.6260322018944836,226,1712141050785
1275,-0.181640625,2.791015625,-0.7734375,0.6260322018944836,240,1712141050785
1275,-0.275390625,2.8359375,-0.72265625,0.6260322018944836,135,1712141050785
1275,-0.185546875,2.869140625,-0.775390625,0.6260322018944836,55,1712141050785
1275,-0.2578125,2.728515625,-0.19921875,0.7512386422733803,32,1712141050785
1275,-0.26171875,2.767578125,-0.20703125,0.7512386422733803,29,1712141050785
1275,-0.17578125,2.69140625,-0.837890625,0.7512386422733803,87,1712141050785
1275,-0.267578125,2.765625,-0.693359375,0.7512386422733803,200,1712141050785
1275,-0.181640625,2.830078125,-0.611328125,0.7512386422733803,208,1712141050785
1275,-0.275390625,2.875,-0.54296875,0.7512386422733803,104,1712141050785
1275,-0.265625,2.76171875,-0.537109375,0.876445082652277,20,1712141050785
1275,-0.267578125,2.798828125,-0.54296875,0.876445082652277,45,1712141050785
1275,-0.271484375,2.84375,-0.501953125,0.876445082652277,45,1712141050785
1276,0.0,2.474609375,-1.5859375,0.0,15,1712141050835
1276,0.0,2.5625,-1.515625,0.0,16,1712141050835
1276,0.09375,2.833984375,-0.90625,0.12520644037889672,22,1712141050835
1276,0.0,2.84765625,-0.994140625,0.12520644037889672,21,1712141050835
1276,0.091796875,2.82421875,-0.80859375,0.25041288075779344,40,1712141050835
1276,0.09375,2.84765625,-0.8671875,0.25041288075779344,73,1712141050835
1276,0.0,2.87890625,-0.896484375,0.25041288075779344,63,1712141050835
1276,0.0,2.919921875,-0.892578125,0.25041288075779344,26,1712141050835
1276,0.0,2.703125,-1.052734375,0.37561932113669017,25,1712141050835
1276,0.0,2.80859375,-0.869140625,0.37561932113669017,69,1712141050835
1276,0.0,2.857421875,-0.837890625,0.37561932113669017,97,1712141050835
1276,0.0,2.912109375,-0.78515625,0.37561932113669017,68,1712141050835
1276,0.0,2.6171875,-1.16015625,0.5008257615155869,21,1712141050835
1276,-0.181640625,2.724609375,-0.98046875,0.5008257615155869,66,1712141050835
1276,-0.18359375,2.7890625,-0.908203125,0.5008257615155869,116,1712141050835
1276,-0.09375,2.849609375,-0.861328125,0.5008257615155869,109,1712141050835
1276,-0.09375,2.923828125,-0.73046875,0.5008257615155869,47,1712141050835
1276,-0.265625,2.8125,-0.072265625,0.6260322018944836,36,1712141050835
1276,-0.267578125,2.849609375,-0.037109375,0.6260322018944836,43,1712141050835
1276,-0.181640625,2.84375,-0.55078125,0.6260322018944836,47,1712141050835
1276,-0.18359375,2.802734375,-0.865234375,0.6260322018944836,66,1712141050835
1276,-0.279296875,2.8046875,-0.958984375,0.6260322018944836,51,1712141050835
1276,-0.26171875,2.7734375,-0.099609375,0.7512386422733803,21,1712141050835
1276,-0.265625,2.8125,-0.04296875,0.7512386422733803,62,1712141050835
1276,-0.267578125,2.8515625,0.0,0.7512386422733803,88,1712141050835
1276,-0.271484375,2.88671875,0.076171875,0.7512386422733803,70,1712141050835
1276,-0.18359375,2.890625,0.501953125,0.7512386422733803,37,1712141050835
1276,-0.185546875,2.96484375,-0.201171875,0.7512386422733803,41,1712141050835
1276,-0.189453125,2.994140625,-0.30859375,0.7512386422733803,33,1712141050835
1276,-0.265625,2.8125,0.044921875,0.876445082652277,28,1712141050835
1276,-0.267578125,2.849609375,0.10546875,0.876445082652277,42,1712141050835
1276,-0.271484375,2.884765625,0.146484375,0.876445082652277,39,1712141050835
1276,-0.275390625,2.92578125,-0.076171875,0.876445082652277,31,1712141050835
1276,-0.279296875,2.9609375,-0.162109375,0.876445082652277,27,1712141050835
1277,0.185546875,2.849609375,-0.845703125,0.0,24,1712141050934
1277,0.189453125,2.84765625,-0.97265625,0.0,41,1712141050934
1277,0.095703125,2.853515625,-1.08203125,0.0,34,1712141050934
1277,0.0,2.791015625,-1.330078125,0.0,15,1712141050934
1277,0.09375,2.865234375,-0.8046875,0.12520644037889672,59,1712141050934
1277,0.09375,2.8828125,-0.8828125,0.12520644037889672,84,1712141050934
1277,0.0,2.90234375,-0.953125,0.12520644037889672,56,1712141050934
1277,0.0,2.880859375,-1.123046875,0.12520644037889672,18,1712141050934
1277,0.091796875,2.83984375,-0.751953125,0.25041288075779344,33,1712141050934
1277,0.09375,2.865234375,-0.806640625,0.25041288075779344,99,1712141050934
1277,0.09375,2.90625,-0.80078125,0.25041288075779344,131,1712141050934
1277,0.095703125,2.958984375,-0.75,0.25041288075779344,89,1712141050934
1277,0.095703125,3.01953125,-0.66015625,0.25041288075779344,29,1712141050934
1277,0.091796875,2.759765625,-1.009765625,0.37561932113669017,35,1712141050934
1277,0.0,2.84765625,-0.869140625,0.37561932113669017,94,1712141050934
1277,0.09375,2.9140625,-0.775390625,0.37561932113669017,124,1712141050934
1277,0.0,2.98828125,-0.626953125,0.37561932113669017,82,1712141050934
1277,-0.275390625,2.84765625,-0.67578125,0.5008257615155869,24,1712141050934
1277,-0.373046875,2.9140625,-0.484375,0.5008257615155869,39,1712141050934
1277,-0.283203125,2.970703125,-0.435546875,0.5008257615155869,37,1712141050934
1277,-0.181640625,2.853515625,-0.494140625,0.6260322018944836,40,1712141050934
1277,-0.18359375,2.873046875,-0.59765625,0.6260322018944836,92,1712141050934
1277,-0.185546875,2.921875,-0.54296875,0.6260322018944836,135,1712141050934
1277,-0.189453125,2.970703125,-0.48828125,0.6260322018944836,141,1712141050934
1277,-0.19140625,3.001953125,-0.525390625,0.6260322018944836,113,1712141050934
1277,-0.193359375,3.03515625,-0.556640625,0.6260322018944836,67,1712141050934
1277,-0.29296875,3.0703125,-0.53125,0.6260322018944836,34,1712141050934
1277,-0.181640625,2.88671875,-0.216796875,0.7512386422733803,49,1712141050934
1277,-0.18359375,2.912109375,-0.36328125,0.7512386422733803,80,1712141050934
1277,-0.185546875,2.9453125,-0.400390625,0.7512386422733803,100,1712141050934
1277,-0.189453125,2.986328125,-0.384765625,0.7512386422733803,114,1712141050934
1277,-0.19140625,3.0234375,-0.38671875,0.7512386422733803,97,1712141050934
1277,-0.2890625,3.048828125,-0.421875,0.7512386422733803,64,1712141050934
1277,-0.29296875,3.09375,-0.380859375,0.7512386422733803,37,1712141050934
1277,-0.18359375,2.93359375,-0.021484375,0.876445082652277,21,1712141050934
1277,-0.185546875,2.966796875,-0.162109375,0.876445082652277,22,1712141050934
1277,-0.283203125,2.998046875,-0.18359375,0.876445082652277,25,1712141050934
1277,-0.287109375,3.037109375,-0.140625,0.876445082652277,24,1712141050934
1278,0.189453125,2.958984375,-0.556640625,0.12520644037889672,15,1712141051035
1278,0.0,2.796875,-1.12890625,0.25041288075779344,25,1712141051035
1278,0.0,2.861328125,-1.068359375,0.25041288075779344,36,1712141051035
1278,0.0,2.9296875,-0.98828125,0.25041288075779344,22,1712141051035
1278,0.0,2.771484375,-1.087890625,0.37561932113669017,43,1712141051035
1278,-0.09375,2.849609375,-0.984375,0.37561932113669017,113,1712141051035
1278,0.0,2.90234375,-0.953125,0.37561932113669017,144,1712141051035
1278,0.0,2.96875,-0.865234375,0.37561932113669017,87,1712141051035
1278,-0.296875,2.900390625,-1.240234375,0.37561932113669017,42,1712141051035
1278,0.0,2.86328125,-0.662109375,0.5008257615155869,25,1712141051035
1278,-0.09375,2.8828125,-0.736328125,0.5008257615155869,98,1712141051035
1278,-0.09375,2.921875,-0.7421875,0.5008257615155869,220,1712141051035
1278,0.0,2.96484375,-0.728515625,0.5008257615155869,264,1712141051035
1278,0.0,3.015625,-0.68359375,0.5008257615155869,162,1712141051035
1278,0.0,2.908203125,-1.158203125,0.5008257615155869,49,1712141051035
1278,-0.296875,2.98828125,-1.009765625,0.5008257615155869,71,1712141051035
1278,-0.30078125,3.0546875,-0.9296875,0.5008257615155869,50,1712141051035
1278,0.0,2.916015625,-0.37890625,0.6260322018944836,32,1712141051035
1278,-0.09375,2.943359375,-0.44140625,0.6260322018944836,108,1712141051035
1278,-0.09375,2.966796875,-0.537109375,0.6260322018944836,209,1712141051035
1278,-0.095703125,3.005859375,-0.537109375,0.6260322018944836,234,1712141051035
1278,-0.095703125,3.046875,-0.51953125,0.6260322018944836,143,1712141051035
1278,-0.1953125,3.048828125,-0.6875,0.6260322018944836,54,1712141051035
1278,-0.197265625,3.08984375,-0.673828125,0.6260322018944836,56,1712141051035
1278,-0.201171875,3.142578125,-0.603515625,0.6260322018944836,47,1712141051035
1278,-0.185546875,2.9609375,-0.248046875,0.7512386422733803,53,1712141051035
1278,-0.189453125,2.9765625,-0.451171875,0.7512386422733803,96,1712141051035
1278,-0.19140625,3.001953125,-0.52734375,0.7512386422733803,106,1712141051035
1278,-0.193359375,3.0390625,-0.54296875,0.7512386422733803,72,1712141051035
1278,-0.1953125,3.078125,-0.53125,0.7512386422733803,36,1712141051035
1278,-0.30078125,3.173828125,-0.34765625,0.7512386422733803,29,1712141051035
1278,-0.09375,2.94140625,-0.66015625,0.876445082652277,20,1712141051035
1278,-0.19140625,2.95703125,-0.73828125,0.876445082652277,30,1712141051035
1278,-0.193359375,3.0,-0.7265625,0.876445082652277,27,1712141051035
1279,0.376953125,2.84765625,-0.921875,0.0,21,1712141051135
1279,0.287109375,2.88671875,-0.95703125,0.0,23,1712141051135
1279,0.095703125,2.8046875,-1.298828125,0.0,12,1712141051135
1279,0.376953125,2.89453125,-0.7578125,0.12520644037889672,39,1712141051135
1279,0.380859375,2.9375,-0.74609375,0.12520644037889672,42,1712141051135
1279,0.193359375,3.0078125,-0.689453125,0.12520644037889672,21,1712141051135
1279,-0.734375,3.138671875,-0.943359375,0.12520644037889672,32,1712141051135
1279,-0.63671875,3.197265625,-0.955078125,0.12520644037889672,32,1712141051135
1279,0.376953125,2.919921875,-0.658203125,0.25041288075779344,36,1712141051135
1279,0.287109375,2.9921875,-0.54296875,0.25041288075779344,38,1712141051135
1279,0.2890625,3.041015625,-0.474609375,0.25041288075779344,19,1712141051135
1279,-0.734375,3.228515625,-0.56640625,0.25041288075779344,27,1712141051135
1279,-0.744140625,3.23828125,-0.7109375,0.25041288075779344,26,1712141051135
1279,0.0,2.99609375,-0.341796875,0.5008257615155869,45,1712141051135
1279,-0.095703125,3.0390625,-0.294921875,0.5008257615155869,64,1712141051135
1279,0.09765625,3.029296875,-0.78125,0.5008257615155869,79,1712141051135
1279,0.0,3.095703125,-0.671875,0.5008257615155869,74,1712141051135
1279,-0.09375,3.01171875,-0.111328125,0.6260322018944836,54,1712141051135
1279,-0.19140625,3.017578125,0.42578125,0.6260322018944836,64,1712141051135
1279,0.2890625,2.828125,-1.216796875,0.6260322018944836,45,1712141051135
1279,0.0,3.029296875,-0.7890625,0.6260322018944836,133,1712141051135
1279,0.0,3.107421875,-0.6171875,0.6260322018944836,109,1712141051135
1279,0.0,1.380859375,-2.724609375,0.7512386422733803,18,1712141051135
1279,0.0,2.931640625,-0.986328125,0.7512386422733803,47,1712141051135
1279,0.0,3.04296875,-0.734375,0.7512386422733803,82,1712141051135
1279,0.0,3.10546875,-0.626953125,0.7512386422733803,53,1712141051135
1280,0.0,2.779296875,-1.44140625,0.0,15,1712141051236
1280,0.0,2.796875,-1.490234375,0.0,15,1712141051236
1280,-0.41015625,3.150390625,-0.83203125,0.12520644037889672,21,1712141051236
1280,0.66015625,2.896484375,-0.51953125,0.25041288075779344,25,1712141051236
1280,0.763671875,2.904296875,-0.552734375,0.25041288075779344,29,1712141051236
1280,-0.3046875,3.181640625,-0.564453125,0.25041288075779344,47,1712141051236
1280,-0.41015625,3.19921875,-0.611328125,0.25041288075779344,68,1712141051236
1280,-0.310546875,3.25390625,-0.583984375,0.25041288075779344,50,1712141051236
1280,0.75390625,2.8984375,-0.34765625,0.37561932113669017,42,1712141051236
1280,0.763671875,2.94140625,-0.294921875,0.37561932113669017,49,1712141051236
1280,0.7734375,2.994140625,-0.064453125,0.37561932113669017,29,1712141051236
1280,0.0,2.951171875,-1.04296875,0.37561932113669017,28,1712141051236
1280,0.0,3.060546875,-0.81640625,0.37561932113669017,34,1712141051236
1280,-0.099609375,3.134765625,-0.66796875,0.37561932113669017,43,1712141051236
1280,-0.3046875,3.177734375,-0.583984375,0.37561932113669017,61,1712141051236
1280,-0.30859375,3.236328125,-0.462890625,0.37561932113669017,75,1712141051236
1280,-0.310546875,3.275390625,-0.44921875,0.37561932113669017,53,1712141051236
1280,0.75390625,2.900390625,-0.345703125,0.5008257615155869,31,1712141051236
1280,-0.095703125,2.896484375,-0.962890625,0.5008257615155869,37,1712141051236
1280,0.0,3.017578125,-0.67578125,0.5008257615155869,95,1712141051236
1280,0.0,3.060546875,-0.65625,0.5008257615155869,138,1712141051236
1280,0.0,3.10546875,-0.630859375,0.5008257615155869,144,1712141051236
1280,0.0,3.142578125,-0.638671875,0.5008257615155869,126,1712141051236
1280,0.0,3.189453125,-0.599609375,0.5008257615155869,77,1712141051236
1280,0.744140625,2.875,-0.2109375,0.6260322018944836,31,1712141051236
1280,0.75390625,2.908203125,-0.259765625,0.6260322018944836,43,1712141051236
1280,-0.095703125,3.046875,-0.185546875,0.6260322018944836,44,1712141051236
1280,-0.095703125,3.05859375,-0.44921875,0.6260322018944836,109,1712141051236
1280,-0.09765625,3.09375,-0.47265625,0.6260322018944836,152,1712141051236
1280,0.0,3.142578125,-0.404296875,0.6260322018944836,146,1712141051236
1280,0.0,3.185546875,-0.365234375,0.6260322018944836,118,1712141051236
1280,0.1015625,3.201171875,-0.52734375,0.6260322018944836,73,1712141051236
1280,0.0,3.048828125,-0.513671875,0.7512386422733803,36,1712141051236
1280,-0.09765625,3.052734375,-0.68359375,0.7512386422733803,48,1712141051236
1280,-0.103515625,3.162109375,-0.876953125,0.7512386422733803,30,1712141051236
1280,0.0,3.103515625,-0.634765625,0.876445082652277,33,1712141051236
1280,0.0,3.140625,-0.650390625,0.876445082652277,27,1712141051236
1280,-0.30859375,3.126953125,-0.94921875,0.876445082652277,25,1712141051236
1280,-0.623046875,3.22265625,-0.51171875,-0.37561932113669017,19,1712141051236
1280,-0.734375,3.22265625,-0.595703125,-0.37561932113669017,22,1712141051236
1280,-0.7265625,3.22265625,-0.34375,-0.25041288075779344,30,1712141051236
1280,-0.734375,3.248046875,-0.447265625,-0.25041288075779344,38,1712141051236
1280,-0.744140625,3.275390625,-0.513671875,-0.25041288075779344,23,1712141051236
1280,-0.7265625,3.236328125,-0.177734375,-0.12520644037889672,23,1712141051236
1280,-0.630859375,3.287109375,-0.29296875,-0.12520644037889672,30,1712141051236
1280,-0.2890625,2.4765625,-1.830078125,0.37561932113669017,21,1712141051236
1280,0.859375,2.857421875,0.65234375,0.5008257615155869,29,1712141051236
1280,0.859375,2.712890625,-1.107421875,0.6260322018944836,32,1712141051236
1280,0.923828125,2.1953125,2.259765625,0.876445082652277,13,1712141051236
1281,-0.30859375,3.201171875,-0.65625,0.12520644037889672,33,1712141051337
1281,-0.416015625,3.21875,-0.703125,0.12520644037889672,32,1712141051337
1281,-0.40625,3.1640625,-0.595703125,0.25041288075779344,24,1712141051337
1281,-0.30859375,3.234375,-0.474609375,0.25041288075779344,58,1712141051337
1281,-0.416015625,3.25390625,-0.515625,0.25041288075779344,60,1712141051337
1281,-0.314453125,3.310546875,-0.478515625,0.25041288075779344,28,1712141051337
1281,0.0,3.15625,-0.26953125,0.5008257615155869,19,1712141051337
1281,0.099609375,3.095703125,-0.830078125,0.5008257615155869,59,1712141051337
1281,0.0,3.142578125,-0.8125,0.5008257615155869,77,1712141051337
1281,0.0,3.22265625,-0.62890625,0.5008257615155869,49,1712141051337
1281,0.0,3.283203125,-0.5,0.5008257615155869,69,1712141051337
1281,0.0,3.322265625,-0.494140625,0.5008257615155869,50,1712141051337
1281,0.099609375,3.134765625,-0.455078125,0.6260322018944836,27,1712141051337
1281,0.099609375,3.146484375,-0.609375,0.6260322018944836,99,1712141051337
1281,0.1015625,3.19140625,-0.578125,0.6260322018944836,127,1712141051337
1281,0.0,3.236328125,-0.55078125,0.6260322018944836,66,1712141051337
1281,0.0,3.310546875,-0.26171875,0.6260322018944836,49,1712141051337
1281,-0.10546875,3.345703125,-0.275390625,0.6260322018944836,39,1712141051337
1281,0.099609375,3.18359375,-0.365234375,0.7512386422733803,52,1712141051337
1281,0.1015625,3.2265625,-0.330078125,0.7512386422733803,62,1712141051337
1281,0.0,3.263671875,-0.359375,0.7512386422733803,31,1712141051337
1281,0.572265625,3.0,0.064453125,0.876445082652277,31,1712141051337
1281,0.580078125,3.037109375,0.00390625,0.876445082652277,41,1712141051337
1281,0.48828125,3.091796875,-0.04296875,0.876445082652277,24,1712141051337
1281,0.955078125,0.0,-3.001953125,-1.0016515230311738,36,1712141051337
1281,0.966796875,0.0,-3.048828125,-1.0016515230311738,57,1712141051337
1281,0.978515625,0.0,-3.12890625,-1.0016515230311738,48,1712141051337
1281,0.990234375,0.0,-3.1640625,-1.0016515230311738,20,1712141051337
1281,0.943359375,0.0,-2.98046875,-0.876445082652277,17,1712141051337
1281,0.955078125,0.0,-2.90234375,-0.876445082652277,52,1712141051337
1281,0.966796875,0.126953125,-2.935546875,-0.876445082652277,74,1712141051337
1281,0.978515625,0.236328125,-2.96484375,-0.876445082652277,57,1712141051337
1281,0.990234375,0.49609375,-2.96875,-0.876445082652277,21,1712141051337
1281,0.955078125,0.75390625,-2.80078125,-0.7512386422733803,28,1712141051337
1281,0.966796875,0.62109375,-2.87109375,-0.7512386422733803,38,1712141051337
1281,0.978515625,0.6171875,-2.908203125,-0.7512386422733803,25,1712141051337
1281,-0.41015625,3.25390625,-0.134765625,-0.5008257615155869,42,1712141051337
1281,-0.51953125,3.27734375,-0.12890625,-0.5008257615155869,71,1712141051337
1281,-0.525390625,3.31640625,-0.103515625,-0.5008257615155869,60,1712141051337
1281,-0.53125,3.35546875,0.037109375,-0.5008257615155869,24,1712141051337
1281,-0.40625,3.21484375,0.169921875,-0.37561932113669017,20,1712141051337
1281,-0.41015625,3.255859375,0.07421875,-0.37561932113669017,76,1712141051337
1281,-0.51953125,3.279296875,0.056640625,-0.37561932113669017,124,1712141051337
1281,-0.419921875,3.33203125,0.0625,-0.37561932113669017,97,1712141051337
1281,-0.53125,3.35546875,0.005859375,-0.37561932113669017,33,1712141051337
1281,-0.615234375,3.203125,0.373046875,-0.25041288075779344,38,1712141051337
1281,-0.51953125,3.263671875,0.328125,-0.25041288075779344,61,1712141051337
1281,-0.525390625,3.306640625,0.283203125,-0.25041288075779344,46,1712141051337
1281,-0.095703125,3.05078125,-0.126953125,-1.0016515230311738,27,1712141051337
1281,-0.095703125,3.087890625,-0.140625,-1.0016515230311738,43,1712141051337
1281,-0.1953125,3.12109375,-0.130859375,-1.0016515230311738,36,1712141051337
1281,-0.197265625,3.15625,-0.18359375,-1.0016515230311738,16,1712141051337
1281,-0.189453125,2.998046875,0.271484375,-0.876445082652277,13,1712141051337
1281,-0.19140625,3.046875,0.109375,-0.876445082652277,38,1712141051337
1281,-0.095703125,3.08984375,-0.0234375,-0.876445082652277,56,1712141051337
1281,-0.09765625,3.12890625,0.001953125,-0.876445082652277,43,1712141051337
1281,-0.197265625,3.16015625,0.134765625,-0.876445082652277,17,1712141051337
1281,-0.19140625,3.033203125,0.306640625,-0.7512386422733803,21,1712141051337
1281,-0.193359375,3.078125,0.2109375,-0.7512386422733803,27,1712141051337
1281,-0.29296875,3.109375,0.208984375,-0.7512386422733803,18,1712141051337
1282,-0.205078125,3.263671875,-0.294921875,0.0,20,1712141051437
1282,-0.310546875,3.298828125,-0.232421875,0.0,21,1712141051437
1282,0.0,3.310546875,-0.56640625,0.25041288075779344,21,1712141051437
1282,0.0,3.353515625,-0.541015625,0.25041288075779344,21,1712141051437
1282,0.1015625,3.171875,-0.6796875,0.37561932113669017,22,1712141051437
1282,0.0,3.2265625,-0.603515625,0.37561932113669017,27,1712141051437
1282,-0.103515625,3.283203125,-0.49609375,0.37561932113669017,24,1712141051437
1282,0.099609375,3.083984375,-0.71875,0.5008257615155869,23,1712141051437
1282,0.099609375,3.12890625,-0.6953125,0.5008257615155869,59,1712141051437
1282,0.1015625,3.166015625,-0.703125,0.5008257615155869,80,1712141051437
1282,0.103515625,3.22265625,-0.615234375,0.5008257615155869,70,1712141051437
1282,0.0,3.291015625,-0.44921875,0.5008257615155869,62,1712141051437
1282,0.0,3.3515625,-0.244140625,0.5008257615155869,64,1712141051437
1282,0.0,3.34765625,-0.580078125,0.5008257615155869,73,1712141051437
1282,0.0,3.125,-0.521484375,0.6260322018944836,28,1712141051437
1282,0.099609375,3.1640625,-0.509765625,0.6260322018944836,74,1712141051437
1282,0.1015625,3.205078125,-0.498046875,0.6260322018944836,99,1712141051437
1282,0.103515625,3.23828125,-0.537109375,0.6260322018944836,85,1712141051437
1282,0.103515625,3.28125,-0.505859375,0.6260322018944836,92,1712141051437
1282,0.10546875,3.341796875,-0.330078125,0.6260322018944836,64,1712141051437
1282,0.0,3.396484375,-0.083984375,0.6260322018944836,46,1712141051437
1282,0.48828125,3.087890625,-0.146484375,0.7512386422733803,21,1712141051437
1282,0.396484375,3.138671875,-0.171875,0.7512386422733803,41,1712141051437
1282,0.201171875,3.197265625,-0.154296875,0.7512386422733803,49,1712141051437
1282,0.203125,3.22265625,-0.328125,0.7512386422733803,46,1712141051437
1282,0.205078125,3.24609375,-0.4453125,0.7512386422733803,46,1712141051437
1282,0.20703125,3.294921875,-0.359375,0.7512386422733803,65,1712141051437
1282,0.10546875,3.34375,-0.30078125,0.7512386422733803,47,1712141051437
1282,0.48828125,3.091796875,-0.041015625,0.876445082652277,57,1712141051437
1282,0.494140625,3.12890625,-0.015625,0.876445082652277,97,1712141051437
1282,0.501953125,3.166015625,-0.056640625,0.876445082652277,81,1712141051437
1282,0.40625,3.21875,-0.083984375,0.876445082652277,33,1712141051437
1282,0.880859375,0.4375,-2.97265625,-1.0016515230311738,38,1712141051437
1282,0.890625,0.6484375,-2.970703125,-1.0016515230311738,69,1712141051437
1282,0.80078125,0.5625,-3.052734375,-1.0016515230311738,61,1712141051437
1282,0.912109375,0.0,-3.193359375,-1.0016515230311738,31,1712141051437
1282,0.79296875,0.177734375,-3.0625,-0.876445082652277,18,1712141051437
1282,0.90234375,0.0,-3.09375,-0.876445082652277,36,1712141051437
1282,0.912109375,0.0,-3.173828125,-0.876445082652277,37,1712141051437
1282,0.90234375,0.68359375,-3.0,-0.7512386422733803,24,1712141051437
1282,0.912109375,0.767578125,-3.017578125,-0.7512386422733803,24,1712141051437
1282,-0.41015625,3.255859375,-0.115234375,-0.25041288075779344,17,1712141051437
1282,-0.310546875,3.306640625,-0.068359375,-0.25041288075779344,19,1712141051437
1282,-0.205078125,3.2734375,-0.1484375,-0.12520644037889672,32,1712141051437
1282,-0.20703125,3.310546875,-0.15625,-0.12520644037889672,36,1712141051437
1282,-0.314453125,3.33203125,-0.29296875,-0.12520644037889672,19,1712141051437
1282,-0.390625,3.103515625,0.12109375,-1.0016515230311738,28,1712141051437
1282,-0.396484375,3.138671875,0.171875,-1.0016515230311738,49,1712141051437
1282,-0.400390625,3.1796875,0.126953125,-1.0016515230311738,46,1712141051437
1282,-0.40625,3.216796875,0.11328125,-1.0016515230311738,25,1712141051437
1282,-0.396484375,3.1328125,0.251953125,-0.876445082652277,14,1712141051437
1282,-0.30078125,3.19140625,0.111328125,-0.876445082652277,28,1712141051437
1282,-0.3046875,3.228515625,0.123046875,-0.876445082652277,29,1712141051437
1282,-0.30078125,3.177734375,0.3046875,-0.7512386422733803,19,1712141051437
1282,-0.3046875,3.20703125,0.388671875,-0.7512386422733803,20,1712141051437
1283,0.0,3.23828125,-0.54296875,0.0,16,1712141051538
1283,0.0,3.302734375,-0.34375,0.0,15,1712141051538
1283,-0.10546875,3.36328125,-0.46875,0.0,25,1712141051538
1283,0.0,3.384765625,-0.5859375,0.0,32,1712141051538
1283,0.0,3.373046875,-0.833984375,0.0,18,1712141051538
1283,-0.103515625,3.28125,0.00390625,0.12520644037889672,25,1712141051538
1283,-0.103515625,3.3203125,0.037109375,0.12520644037889672,23,1712141051538
1283,-0.10546875,3.390625,-0.19140625,0.12520644037889672,48,1712141051538
1283,0.0,3.427734375,-0.220703125,0.12520644037889672,58,1712141051538
1283,0.0,3.451171875,-0.392578125,0.12520644037889672,32,1712141051538
1283,0.0,3.396484375,-0.1171875,0.25041288075779344,32,1712141051538
1283,0.0,3.431640625,-0.1484375,0.25041288075779344,38,1712141051538
1283,0.103515625,3.130859375,-0.984375,0.37561932113669017,19,1712141051538
1283,0.103515625,3.181640625,-0.94921875,0.37561932113669017,42,1712141051538
1283,0.10546875,3.228515625,-0.919921875,0.37561932113669017,50,1712141051538
1283,0.212890625,3.314453125,-0.716796875,0.37561932113669017,40,1712141051538
1283,0.107421875,3.40625,-0.4375,0.37561932113669017,33,1712141051538
1283,0.0,3.25390625,-0.6640625,0.5008257615155869,45,1712141051538
1283,0.0,3.306640625,-0.587890625,0.5008257615155869,67,1712141051538
1283,0.10546875,3.361328125,-0.490234375,0.5008257615155869,70,1712141051538
1283,0.21484375,3.392578125,-0.494140625,0.5008257615155869,51,1712141051538
1283,0.216796875,3.41015625,-0.62890625,0.5008257615155869,22,1712141051538
1283,0.203125,3.23046875,-0.23046875,0.6260322018944836,28,1712141051538
1283,0.30859375,3.255859375,-0.28515625,0.6260322018944836,55,1712141051538
1283,0.310546875,3.291015625,-0.318359375,0.6260322018944836,73,1712141051538
1283,0.314453125,3.33203125,-0.291015625,0.6260322018944836,91,1712141051538
1283,0.212890625,3.3671875,-0.408203125,0.6260322018944836,80,1712141051538
1283,0.107421875,3.3984375,-0.494140625,0.6260322018944836,44,1712141051538
1283,0.30078125,3.19140625,-0.099609375,0.7512386422733803,39,1712141051538
1283,0.3046875,3.228515625,-0.1015625,0.7512386422733803,104,1712141051538
1283,0.30859375,3.267578125,-0.11328125,0.7512386422733803,136,1712141051538
1283,0.310546875,3.30078125,-0.18359375,0.7512386422733803,120,1712141051538
1283,0.314453125,3.33203125,-0.296875,0.7512386422733803,94,1712141051538
1283,0.212890625,3.369140625,-0.388671875,0.7512386422733803,59,1712141051538
1283,0.21484375,3.396484375,-0.47265625,0.7512386422733803,23,1712141051538
1283,0.400390625,3.181640625,0.056640625,0.876445082652277,53,1712141051538
1283,0.40625,3.21875,0.08203125,0.876445082652277,127,1712141051538
1283,0.41015625,3.255859375,0.09765625,0.876445082652277,138,1712141051538
1283,0.310546875,3.306640625,0.01171875,0.876445082652277,80,1712141051538
1283,0.10546875,3.349609375,-0.244140625,0.876445082652277,34,1712141051538
1283,0.701171875,0.693359375,-3.05078125,-1.0016515230311738,17,1712141051538
1283,0.708984375,1.23046875,-2.91796875,-1.0016515230311738,40,1712141051538
1283,0.71875,1.224609375,-2.9609375,-1.0016515230311738,42,1712141051538
1283,0.7265625,0.98828125,-3.0859375,-1.0016515230311738,22,1712141051538
1283,-0.501953125,3.16015625,0.2265625,-1.0016515230311738,10,1712141051538
1283,-0.5078125,3.185546875,0.3515625,-1.0016515230311738,27,1712141051538
1283,-0.513671875,3.224609375,0.34765625,-1.0016515230311738,31,1712141051538
1283,-0.623046875,3.25390625,0.240234375,-1.0016515230311738,17,1712141051538
1284,0.0,3.412109375,-0.3984375,0.25041288075779344,21,1712141051638
1284,0.0,3.462890625,-0.28125,0.25041288075779344,20,1712141051638
1284,0.10546875,3.326171875,-0.6875,0.37561932113669017,34,1712141051638
1284,0.0,3.38671875,-0.58203125,0.37561932113669017,61,1712141051638
1284,0.0,3.41015625,-0.662109375,0.37561932113669017,60,1712141051638
1284,0.103515625,3.26171875,-0.3515625,0.5008257615155869,37,1712141051638
1284,0.20703125,3.2265625,-0.763671875,0.5008257615155869,47,1712141051638
1284,0.2109375,3.271484375,-0.73046875,0.5008257615155869,65,1712141051638
1284,0.10546875,3.3359375,-0.638671875,0.5008257615155869,87,1712141051638
1284,0.107421875,3.38671875,-0.57421875,0.5008257615155869,98,1712141051638
1284,0.0,3.42578125,-0.576171875,0.5008257615155869,91,1712141051638
1284,0.0,3.4140625,-0.8203125,0.5008257615155869,55,1712141051638
1284,0.1015625,3.2421875,0.09765625,0.6260322018944836,33,1712141051638
1284,0.0,3.279296875,-0.154296875,0.6260322018944836,63,1712141051638
1284,0.103515625,3.294921875,-0.41015625,0.6260322018944836,90,1712141051638
1284,0.10546875,3.32421875,-0.46875,0.6260322018944836,120,1712141051638
1284,0.212890625,3.353515625,-0.50390625,0.6260322018944836,137,1712141051638
1284,0.21484375,3.38671875,-0.541015625,0.6260322018944836,129,1712141051638
1284,0.216796875,3.421875,-0.5546875,0.6260322018944836,89,1712141051638
1284,0.109375,3.470703125,-0.521484375,0.6260322018944836,55,1712141051638
1284,0.111328125,3.505859375,-0.544921875,0.6260322018944836,32,1712141051638
1284,0.103515625,3.28125,-0.056640625,0.7512386422733803,42,1712141051638
1284,0.20703125,3.30859375,-0.19921875,0.7512386422733803,89,1712141051638
1284,0.2109375,3.34375,-0.23828125,0.7512386422733803,127,1712141051638
1284,0.212890625,3.375,-0.3203125,0.7512386422733803,130,1712141051638
1284,0.21484375,3.404296875,-0.408203125,0.7512386422733803,118,1712141051638
1284,0.216796875,3.443359375,-0.4140625,0.7512386422733803,80,1712141051638
1284,0.21875,3.482421875,-0.404296875,0.7512386422733803,38,1712141051638
1284,0.111328125,3.525390625,-0.3984375,0.7512386422733803,22,1712141051638
1284,0.205078125,3.27734375,-0.03515625,0.876445082652277,25,1712141051638
1284,0.20703125,3.314453125,-0.005859375,0.876445082652277,69,1712141051638
1284,0.2109375,3.353515625,-0.017578125,0.876445082652277,87,1712141051638
1284,0.212890625,3.388671875,-0.1171875,0.876445082652277,68,1712141051638
1284,0.21484375,3.4140625,-0.330078125,0.876445082652277,49,1712141051638
1284,0.109375,3.451171875,-0.388671875,0.876445082652277,33,1712141051638
1284,0.623046875,1.134765625,-3.05859375,-1.0016515230311738,26,1712141051638
1284,0.630859375,0.880859375,-3.1796875,-1.0016515230311738,27,1712141051638
1284,-0.623046875,3.255859375,0.212890625,-1.0016515230311738,17,1712141051638
1284,-0.630859375,3.298828125,0.115234375,-1.0016515230311738,17,1712141051638
1285,0.0,3.359375,-0.013671875,0.5008257615155869,26,1712141051738
1285,0.0,3.380859375,0.33984375,0.5008257615155869,20,1712141051738
1285,0.318359375,3.234375,-0.990234375,0.6260322018944836,78,1712141051738
1285,0.322265625,3.318359375,-0.83203125,0.6260322018944836,137,1712141051738
1285,0.216796875,3.376953125,-0.78515625,0.6260322018944836,122,1712141051738
1285,0.21875,3.439453125,-0.677734375,0.6260322018944836,108,1712141051738
1285,0.22265625,3.494140625,-0.58984375,0.6260322018944836,100,1712141051738
1285,0.224609375,3.541015625,-0.541015625,0.6260322018944836,53,1712141051738
1285,0.0,3.3203125,-0.060546875,0.7512386422733803,22,1712141051738
1285,0.314453125,3.32421875,-0.3671875,0.7512386422733803,56,1712141051738
1285,0.318359375,3.359375,-0.404296875,0.7512386422733803,171,1712141051738
1285,0.21484375,3.404296875,-0.408203125,0.7512386422733803,269,1712141051738
1285,0.216796875,3.44140625,-0.41796875,0.7512386422733803,232,1712141051738
1285,0.21875,3.47265625,-0.47265625,0.7512386422733803,177,1712141051738
1285,0.111328125,3.505859375,-0.548828125,0.7512386422733803,143,1712141051738
1285,0.111328125,3.52734375,-0.650390625,0.7512386422733803,77,1712141051738
1285,0.2109375,3.353515625,0.0390625,0.876445082652277,36,1712141051738
1285,0.318359375,3.3828125,0.03515625,0.876445082652277,108,1712141051738
1285,0.322265625,3.419921875,-0.009765625,0.876445082652277,170,1712141051738
1285,0.216796875,3.466796875,-0.09375,0.876445082652277,136,1712141051738
1285,0.21875,3.490234375,-0.322265625,0.876445082652277,99,1712141051738
1285,0.111328125,3.50390625,-0.564453125,0.876445082652277,89,1712141051738
1285,0.0,3.505859375,-0.763671875,0.876445082652277,63,1712141051738
1285,0.0,3.537109375,-0.8046875,0.876445082652277,27,1712141051738
1285,0.63671875,1.23828125,-3.099609375,-1.0016515230311738,25,1712141051738
1285,0.64453125,1.3046875,-3.11328125,-1.0016515230311738,33,1712141051738
1285,0.65234375,1.1171875,-3.224609375,-1.0016515230311738,23,1712141051738
1285,0.5546875,2.142578125,2.775390625,-1.0016515230311738,24,1712141051738
1285,-0.63671875,3.3359375,0.123046875,-1.0016515230311738,16,1712141051738
1285,-0.64453125,3.373046875,0.111328125,-1.0016515230311738,23,1712141051738
1285,-0.65234375,3.412109375,-0.0625,-1.0016515230311738,16,1712141051738
1285,-0.88671875,3.37890625,-0.6328125,-1.0016515230311738,15,1712141051738
1286,0.0,3.390625,0.2265625,0.6260322018944836,20,1712141051839
1286,0.43359375,3.439453125,-0.23828125,0.6260322018944836,46,1712141051839
1286,0.439453125,3.48046875,-0.150390625,0.6260322018944836,67,1712141051839
1286,0.33203125,3.521484375,-0.296875,0.6260322018944836,61,1712141051839
1286,0.224609375,3.5390625,-0.552734375,0.6260322018944836,37,1712141051839
1286,0.21484375,3.400390625,-0.44921875,0.7512386422733803,38,1712141051839
1286,0.326171875,3.447265625,-0.28125,0.7512386422733803,103,1712141051839
1286,0.439453125,3.474609375,-0.275390625,0.7512386422733803,165,1712141051839
1286,0.33203125,3.51953125,-0.32421875,0.7512386422733803,141,1712141051839
1286,0.44921875,3.533203125,-0.43359375,0.7512386422733803,66,1712141051839
1286,0.107421875,3.36328125,-0.6953125,0.876445082652277,33,1712141051839
1286,0.326171875,3.37109375,-0.77734375,0.876445082652277,98,1712141051839
1286,0.21875,3.439453125,-0.6796875,0.876445082652277,165,1712141051839
1286,0.33203125,3.474609375,-0.654296875,0.876445082652277,140,1712141051839
1286,0.3359375,3.513671875,-0.642578125,0.876445082652277,62,1712141051839
1286,0.54296875,2.00390625,2.78515625,-1.0016515230311738,37,1712141051839
1286,0.548828125,1.826171875,2.94921875,-1.0016515230311738,59,1712141051839
1286,0.5546875,1.40234375,3.21484375,-1.0016515230311738,44,1712141051839
1286,0.44921875,1.35546875,-3.29296875,-1.0016515230311738,16,1712141051839
1286,-0.759765625,3.287109375,-0.82421875,-1.0016515230311738,27,1712141051839
1286,-0.767578125,3.3515625,-0.71484375,-1.0016515230311738,47,1712141051839
1286,-0.77734375,3.408203125,-0.625,-1.0016515230311738,37,1712141051839
1286,-0.896484375,3.439453125,-0.48828125,-1.0016515230311738,14,1712141051839
1287,0.22265625,3.42578125,-0.90625,0.25041288075779344,24,1712141051938
1287,0.111328125,3.3828125,-1.193359375,0.25041288075779344,27,1712141051938
1287,0.11328125,3.33203125,-1.42578125,0.25041288075779344,19,1712141051938
1287,0.22265625,3.5078125,-0.505859375,0.37561932113669017,23,1712141051938
1287,0.224609375,3.546875,-0.5,0.37561932113669017,26,1712141051938
1287,0.0,3.46484375,-0.244140625,0.5008257615155869,24,1712141051938
1287,0.0,3.462890625,-0.587890625,0.5008257615155869,19,1712141051938
1287,0.5546875,3.482421875,0.419921875,0.5008257615155869,22,1712141051938
1287,0.44921875,3.55859375,0.091796875,0.5008257615155869,41,1712141051938
1287,0.453125,3.595703125,-0.14453125,0.5008257615155869,36,1712141051938
1287,0.0,3.470703125,-0.16015625,0.6260322018944836,30,1712141051938
1287,0.0,3.40234375,-0.87109375,0.6260322018944836,36,1712141051938
1287,0.666015625,3.484375,-0.13671875,0.6260322018944836,42,1712141051938
1287,0.560546875,3.533203125,-0.287109375,0.6260322018944836,101,1712141051938
1287,0.33984375,3.587890625,-0.412109375,0.6260322018944836,118,1712141051938
1287,0.228515625,3.626953125,-0.474609375,0.6260322018944836,87,1712141051938
1287,0.109375,3.470703125,-0.0859375,0.7512386422733803,20,1712141051938
1287,0.21875,3.259765625,-1.2890625,0.7512386422733803,39,1712141051938
1287,0.33203125,3.404296875,-0.94921875,0.7512386422733803,67,1712141051938
1287,0.3359375,3.5234375,-0.59375,0.7512386422733803,139,1712141051938
1287,0.33984375,3.572265625,-0.52734375,0.7512386422733803,167,1712141051938
1287,0.228515625,3.625,-0.494140625,0.7512386422733803,125,1712141051938
1287,0.23046875,3.67578125,-0.37890625,0.7512386422733803,56,1712141051938
1287,0.21875,3.359375,-1.00390625,0.876445082652277,26,1712141051938
1287,0.22265625,3.4375,-0.86328125,0.876445082652277,66,1712141051938
1287,0.224609375,3.513671875,-0.697265625,0.876445082652277,103,1712141051938
1287,0.2265625,3.578125,-0.541015625,0.876445082652277,104,1712141051938
1287,0.228515625,3.62890625,-0.451171875,0.876445082652277,71,1712141051938
1287,0.115234375,3.685546875,-0.333984375,0.876445082652277,26,1712141051938
1287,0.560546875,1.828125,3.037109375,-1.0016515230311738,17,1712141051938
1287,-0.443359375,1.78125,-3.0390625,0.6260322018944836,24,1712141051938
1287,-0.673828125,3.48828125,-0.501953125,-1.0016515230311738,14,1712141051938
1288,0.458984375,3.40625,-1.275390625,0.0,14,1712141052039
1288,0.109375,3.509765625,-0.0625,0.37561932113669017,25,1712141052039
1288,0.453125,3.572265625,-0.435546875,0.37561932113669017,28,1712141052039
1288,0.458984375,3.591796875,-0.568359375,0.37561932113669017,30,1712141052039
1288,0.0,3.47265625,0.060546875,0.5008257615155869,18,1712141052039
1288,0.109375,3.5078125,0.15234375,0.5008257615155869,31,1712141052039
1288,0.0,3.525390625,0.421875,0.5008257615155869,22,1712141052039
1288,0.560546875,3.501953125,-0.546875,0.5008257615155869,47,1712141052039
1288,0.453125,3.560546875,-0.51953125,0.5008257615155869,123,1712141052039
1288,0.458984375,3.583984375,-0.6171875,0.5008257615155869,127,1712141052039
1288,0.34765625,3.646484375,-0.546875,0.5008257615155869,46,1712141052039
1288,0.3515625,3.546875,-1.13671875,0.5008257615155869,37,1712141052039
1288,0.236328125,3.62890625,-1.02734375,0.5008257615155869,63,1712141052039
1288,0.23828125,3.671875,-1.017578125,0.5008257615155869,42,1712141052039
1288,0.44921875,3.48828125,-0.71484375,0.6260322018944836,46,1712141052039
1288,0.453125,3.5546875,-0.560546875,0.6260322018944836,129,1712141052039
1288,0.34375,3.603515625,-0.57421875,0.6260322018944836,124,1712141052039
1288,0.115234375,3.6015625,-0.85546875,0.6260322018944836,38,1712141052039
1288,0.3515625,3.658203125,-0.705078125,0.6260322018944836,76,1712141052039
1288,0.353515625,3.685546875,-0.76171875,0.6260322018944836,73,1712141052039
1288,0.33984375,3.501953125,-0.87890625,0.7512386422733803,31,1712141052039
1288,0.115234375,3.59375,-0.712890625,0.7512386422733803,19,1712141052039
1288,0.23046875,3.6875,-0.2578125,0.7512386422733803,43,1712141052039
1288,0.234375,3.71875,-0.328125,0.7512386422733803,66,1712141052039
1288,0.353515625,3.744140625,-0.3828125,0.7512386422733803,41,1712141052039
1288,0.115234375,3.701171875,-0.072265625,0.876445082652277,21,1712141052039
1289,0.34765625,3.4375,-1.333984375,0.0,11,1712141052139
1289,0.572265625,3.505859375,-0.90234375,0.37561932113669017,35,1712141052139
1289,0.462890625,3.560546875,-0.90625,0.37561932113669017,56,1712141052139
1289,0.466796875,3.591796875,-0.93359375,0.37561932113669017,42,1712141052139
1289,0.357421875,3.634765625,-1.109375,0.37561932113669017,34,1712141052139
1289,0.453125,3.556640625,-0.55078125,0.5008257615155869,49,1712141052139
1289,0.458984375,3.603515625,-0.482421875,0.5008257615155869,147,1712141052139
1289,0.462890625,3.64453125,-0.458984375,0.5008257615155869,215,1712141052139
1289,0.3515625,3.689453125,-0.51171875,0.5008257615155869,159,1712141052139
1289,0.236328125,3.73046875,-0.560546875,0.5008257615155869,45,1712141052139
1289,0.240234375,3.716796875,-0.994140625,0.5008257615155869,53,1712141052139
1289,0.453125,3.591796875,-0.201171875,0.6260322018944836,62,1712141052139
1289,0.458984375,3.634765625,-0.109375,0.6260322018944836,182,1712141052139
1289,0.578125,3.65625,-0.056640625,0.6260322018944836,255,1712141052139
1289,0.466796875,3.7109375,-0.087890625,0.6260322018944836,175,1712141052139
1289,0.353515625,3.75390625,-0.25,0.6260322018944836,55,1712141052139
1289,0.56640625,3.578125,0.16796875,0.7512386422733803,15,1712141052139
1289,0.458984375,3.6328125,0.15234375,0.7512386422733803,53,1712141052139
1289,0.462890625,3.669921875,0.15625,0.7512386422733803,79,1712141052139
1289,0.3515625,3.724609375,0.0625,0.7512386422733803,53,1712141052139
1289,0.2265625,3.607421875,-0.30859375,0.876445082652277,24,1712141052139
1289,0.458984375,3.603515625,-0.4921875,0.876445082652277,50,1712141052139
1289,0.462890625,3.6640625,-0.28125,0.876445082652277,57,1712141052139
1289,0.466796875,3.69921875,0.3125,0.876445082652277,31,1712141052139
1289,0.80078125,1.6171875,3.189453125,-1.0016515230311738,21,1712141052139
1289,-0.6875,3.59765625,-0.1484375,-1.0016515230311738,13,1712141052139
1290,0.34765625,3.654296875,-0.484375,0.37561932113669017,31,1712141052240
1290,0.466796875,3.662109375,-0.6015625,0.37561932113669017,84,1712141052240
1290,0.58984375,3.673828125,-0.662109375,0.37561932113669017,108,1712141052240
1290,0.4765625,3.71875,-0.72265625,0.37561932113669017,88,1712141052240
1290,0.482421875,3.734375,-0.830078125,0.37561932113669017,58,1712141052240
1290,0.462890625,3.6640625,-0.259765625,0.5008257615155869,74,1712141052240
1290,0.466796875,3.689453125,-0.408203125,0.5008257615155869,181,1712141052240
1290,0.47265625,3.71484375,-0.51171875,0.5008257615155869,217,1712141052240
1290,0.4765625,3.744140625,-0.578125,0.5008257615155869,157,1712141052240
1290,0.482421875,3.765625,-0.677734375,0.5008257615155869,91,1712141052240
1290,0.365234375,3.767578125,-0.9140625,0.5008257615155869,55,1712141052240
1290,0.462890625,3.671875,0.125,0.6260322018944836,59,1712141052240
1290,0.466796875,3.7109375,-0.078125,0.6260322018944836,130,1712141052240
1290,0.47265625,3.744140625,-0.220703125,0.6260322018944836,155,1712141052240
1290,0.357421875,3.78515625,-0.34765625,0.6260322018944836,125,1712141052240
1290,0.361328125,3.810546875,-0.46875,0.6260322018944836,101,1712141052240
1290,0.365234375,3.845703125,-0.49609375,0.6260322018944836,80,1712141052240
1290,0.369140625,3.888671875,-0.455078125,0.6260322018944836,43,1712141052240
1290,0.353515625,3.759765625,0.142578125,0.7512386422733803,26,1712141052240
1290,0.23828125,3.806640625,-0.14453125,0.7512386422733803,36,1712141052240
1290,0.240234375,3.83984375,-0.26171875,0.7512386422733803,45,1712141052240
1290,0.244140625,3.875,-0.296875,0.7512386422733803,38,1712141052240
1291,0.58984375,3.642578125,-0.8125,0.0,13,1712141052340
1291,0.71484375,3.66015625,-0.814453125,0.0,15,1712141052340
1291,0.234375,3.728515625,-0.208984375,0.37561932113669017,30,1712141052340
1291,0.47265625,3.75,0.02734375,0.37561932113669017,30,1712141052340
1291,0.595703125,3.76953125,-0.0703125,0.37561932113669017,36,1712141052340
1291,0.6015625,3.783203125,-0.44140625,0.37561932113669017,43,1712141052340
1291,0.609375,3.76171875,-0.8046875,0.37561932113669017,45,1712141052340
1291,0.115234375,3.69921875,-0.1484375,0.5008257615155869,57,1712141052340
1291,0.234375,3.732421875,-0.095703125,0.5008257615155869,70,1712141052340
1291,0.353515625,3.759765625,0.162109375,0.5008257615155869,58,1712141052340
1291,0.4765625,3.783203125,-0.1875,0.5008257615155869,69,1712141052340
1291,0.482421875,3.791015625,-0.513671875,0.5008257615155869,114,1712141052340
1291,0.486328125,3.80859375,-0.65234375,0.5008257615155869,147,1712141052340
1291,0.4921875,3.8359375,-0.708984375,0.5008257615155869,125,1712141052340
1291,0.373046875,3.869140625,-0.8125,0.5008257615155869,61,1712141052340
1291,0.115234375,3.662109375,-0.111328125,0.6260322018944836,31,1712141052340
1291,0.115234375,3.701171875,-0.078125,0.6260322018944836,70,1712141052340
1291,0.1171875,3.740234375,-0.0234375,0.6260322018944836,81,1712141052340
1291,0.236328125,3.76953125,0.1484375,0.6260322018944836,49,1712141052340
1291,0.4765625,3.767578125,-0.384765625,0.6260322018944836,61,1712141052340
1291,0.482421875,3.794921875,-0.482421875,0.6260322018944836,128,1712141052340
1291,0.365234375,3.841796875,-0.52734375,0.6260322018944836,177,1712141052340
1291,0.4921875,3.859375,-0.564453125,0.6260322018944836,162,1712141052340
1291,0.373046875,3.892578125,-0.69140625,0.6260322018944836,97,1712141052340
1291,0.0,3.6640625,0.0,0.7512386422733803,22,1712141052340
1291,0.0,3.701171875,0.119140625,0.7512386422733803,52,1712141052340
1291,0.0,3.73828125,0.150390625,0.7512386422733803,55,1712141052340
1291,0.0,3.755859375,0.42578125,0.7512386422733803,22,1712141052340
1291,0.23828125,3.775390625,-0.51953125,0.7512386422733803,22,1712141052340
1291,0.361328125,3.8203125,-0.37109375,0.7512386422733803,54,1712141052340
1291,0.244140625,3.873046875,-0.322265625,0.7512386422733803,75,1712141052340
1291,0.24609375,3.900390625,-0.443359375,0.7512386422733803,80,1712141052340
1291,0.248046875,3.916015625,-0.599609375,0.7512386422733803,60,1712141052340
1291,0.25,3.93359375,-0.728515625,0.7512386422733803,28,1712141052340
1291,0.0,3.740234375,0.12109375,0.876445082652277,22,1712141052340
1291,0.1171875,3.77734375,-0.0234375,0.876445082652277,21,1712141052340
1291,0.23828125,3.787109375,-0.4140625,0.876445082652277,24,1712141052340
1291,0.361328125,3.736328125,-0.87890625,0.876445082652277,26,1712141052340
1291,0.72265625,1.720703125,3.373046875,-1.0016515230311738,19,1712141052340
1291,0.24609375,3.87890625,-0.58984375,0.6260322018944836,161,1712141052340
1291,-0.84375,3.7421875,-0.396484375,-1.0016515230311738,13,1712141052340
1292,0.71484375,3.681640625,-0.712890625,0.0,18,1712141052441
1292,0.72265625,3.724609375,-0.685546875,0.0,19,1712141052441
1292,0.708984375,3.712890625,-0.0234375,0.25041288075779344,39,1712141052441
1292,0.71484375,3.75,-0.06640625,0.25041288075779344,104,1712141052441
1292,0.72265625,3.787109375,-0.0859375,0.25041288075779344,122,1712141052441
1292,0.609375,3.845703125,-0.0703125,0.25041288075779344,69,1712141052441
1292,0.234375,3.732421875,-0.06640625,0.37561932113669017,16,1712141052441
1292,0.47265625,3.75,0.041015625,0.37561932113669017,64,1712141052441
1292,0.595703125,3.76953125,0.10546875,0.37561932113669017,143,1712141052441
1292,0.6015625,3.806640625,0.09765625,0.37561932113669017,160,1712141052441
1292,0.609375,3.845703125,0.05078125,0.37561932113669017,95,1712141052441
1292,0.4921875,3.8984375,-0.166015625,0.37561932113669017,30,1712141052441
1292,0.1171875,3.73828125,-0.123046875,0.5008257615155869,49,1712141052441
1292,0.236328125,3.771484375,-0.017578125,0.5008257615155869,95,1712141052441
1292,0.4765625,3.787109375,0.033203125,0.5008257615155869,117,1712141052441
1292,0.6015625,3.80859375,0.03515625,0.5008257615155869,108,1712141052441
1292,0.486328125,3.861328125,-0.09375,0.5008257615155869,70,1712141052441
1292,0.736328125,3.8046875,-0.662109375,0.5008257615155869,40,1712141052441
1292,0.234375,3.734375,0.01171875,0.6260322018944836,59,1712141052441
1292,0.1171875,3.775390625,0.099609375,0.6260322018944836,100,1712141052441
1292,0.23828125,3.810546875,0.013671875,0.6260322018944836,97,1712141052441
1292,0.361328125,3.83203125,-0.2421875,0.6260322018944836,75,1712141052441
1292,0.486328125,3.8359375,-0.453125,0.6260322018944836,56,1712141052441
1292,0.736328125,3.82421875,-0.53515625,0.6260322018944836,58,1712141052441
1292,0.744140625,3.84375,-0.6640625,0.6260322018944836,77,1712141052441
1292,0.1171875,3.734375,0.20703125,0.7512386422733803,32,1712141052441
1292,0.1171875,3.767578125,0.271484375,0.7512386422733803,51,1712141052441
1292,0.119140625,3.814453125,0.0703125,0.7512386422733803,45,1712141052441
1292,0.361328125,3.80078125,-0.541015625,0.7512386422733803,42,1712141052441
1292,0.365234375,3.7890625,-0.8203125,0.7512386422733803,40,1712141052441
1292,0.49609375,3.91015625,-0.4765625,0.7512386422733803,46,1712141052441
1292,0.501953125,3.916015625,-0.6953125,0.7512386422733803,55,1712141052441
1292,0.1171875,3.775390625,0.134765625,0.876445082652277,23,1712141052441
1293,0.72265625,3.783203125,-0.193359375,0.37561932113669017,33,1712141052541
1293,0.73046875,3.814453125,-0.28125,0.37561932113669017,42,1712141052541
1293,0.615234375,3.8671875,-0.369140625,0.37561932113669017,24,1712141052541
1293,0.375,3.884765625,-0.91015625,0.37561932113669017,32,1712141052541
1293,0.37890625,3.89453125,-1.03125,0.37561932113669017,37,1712141052541
1293,0.72265625,3.787109375,0.0,0.5008257615155869,71,1712141052541
1293,0.73046875,3.82421875,-0.087890625,0.5008257615155869,96,1712141052541
1293,0.736328125,3.859375,-0.126953125,0.5008257615155869,53,1712141052541
1293,0.62109375,3.8359375,-0.810546875,0.5008257615155869,27,1712141052541
1293,0.626953125,3.90234375,-0.671875,0.5008257615155869,75,1712141052541
1293,0.6328125,3.923828125,-0.765625,0.5008257615155869,68,1712141052541
1293,0.6015625,3.806640625,0.12109375,0.6260322018944836,55,1712141052541
1293,0.73046875,3.82421875,0.052734375,0.6260322018944836,82,1712141052541
1293,0.615234375,3.841796875,-0.568359375,0.6260322018944836,64,1712141052541
1293,0.49609375,3.861328125,-0.775390625,0.6260322018944836,80,1712141052541
1293,0.626953125,3.921875,-0.537109375,0.6260322018944836,125,1712141052541
1293,0.6328125,3.955078125,-0.57421875,0.6260322018944836,107,1712141052541
1293,0.4921875,3.814453125,-0.822265625,0.7512386422733803,44,1712141052541
1293,0.49609375,3.876953125,-0.693359375,0.7512386422733803,88,1712141052541
1293,0.501953125,3.9375,-0.556640625,0.7512386422733803,110,1712141052541
1293,0.505859375,3.974609375,-0.564453125,0.7512386422733803,91,1712141052541
1293,0.3828125,4.013671875,-0.654296875,0.7512386422733803,50,1712141052541
1293,0.49609375,3.890625,-0.61328125,0.876445082652277,31,1712141052541
1293,0.501953125,3.92578125,-0.638671875,0.876445082652277,41,1712141052541
1293,0.37890625,3.97265625,-0.673828125,0.876445082652277,34,1712141052541
1293,0.3828125,4.005859375,-0.69921875,0.876445082652277,23,1712141052541
1294,0.361328125,3.837890625,-0.052734375,0.25041288075779344,30,1712141052642
1294,0.365234375,3.876953125,-0.013671875,0.25041288075779344,39,1712141052642
1294,0.369140625,3.9140625,0.0,0.25041288075779344,26,1712141052642
1294,0.240234375,3.84765625,0.001953125,0.37561932113669017,32,1712141052642
1294,0.365234375,3.876953125,0.04296875,0.37561932113669017,49,1712141052642
1294,0.369140625,3.9140625,0.052734375,0.37561932113669017,38,1712141052642
1294,0.240234375,3.84765625,-0.001953125,0.5008257615155869,26,1712141052642
1294,0.244140625,3.884765625,0.0859375,0.5008257615155869,36,1712141052642
1294,0.501953125,3.8203125,-1.10546875,0.5008257615155869,37,1712141052642
1294,0.505859375,3.89453125,-0.97265625,0.5008257615155869,73,1712141052642
1294,0.509765625,3.9453125,-0.9296875,0.5008257615155869,72,1712141052642
1294,0.515625,3.978515625,-0.94921875,0.5008257615155869,43,1712141052642
1294,0.62109375,3.912109375,-0.263671875,0.6260322018944836,18,1712141052642
1294,0.501953125,3.869140625,-0.919921875,0.6260322018944836,60,1712141052642
1294,0.505859375,3.939453125,-0.77734375,0.6260322018944836,108,1712141052642
1294,0.509765625,3.99609375,-0.677734375,0.6260322018944836,98,1712141052642
1294,0.38671875,4.046875,-0.685546875,0.6260322018944836,59,1712141052642
1294,0.375,3.931640625,-0.68359375,0.7512386422733803,34,1712141052642
1294,0.37890625,3.990234375,-0.5625,0.7512386422733803,53,1712141052642
1294,0.3828125,4.033203125,-0.517578125,0.7512386422733803,44,1712141052642
1294,0.38671875,4.078125,-0.462890625,0.7512386422733803,26,1712141052642
1295,0.369140625,3.892578125,-0.41015625,0.0,15,1712141052742
1295,0.373046875,3.9453125,-0.248046875,0.0,13,1712141052742
1295,0.369140625,3.9140625,0.0234375,0.12520644037889672,21,1712141052742
1295,0.49609375,3.9375,-0.0859375,0.12520644037889672,19,1712141052742
1295,0.365234375,3.875,0.14453125,0.37561932113669017,25,1712141052742
1295,0.369140625,3.9140625,-0.041015625,0.37561932113669017,24,1712141052742
1295,0.6328125,3.8046875,-1.228515625,0.37561932113669017,29,1712141052742
1295,0.638671875,3.857421875,-1.1796875,0.37561932113669017,40,1712141052742
1295,0.486328125,3.857421875,0.2265625,0.5008257615155869,22,1712141052742
1295,0.736328125,3.861328125,-0.048828125,0.5008257615155869,41,1712141052742
1295,0.744140625,3.896484375,-0.1640625,0.5008257615155869,42,1712141052742
1295,0.626953125,3.94921875,-0.279296875,0.5008257615155869,14,1712141052742
1295,0.736328125,3.861328125,0.10546875,0.6260322018944836,35,1712141052742
1295,0.62109375,3.921875,0.05859375,0.6260322018944836,33,1712141052742
1295,0.751953125,3.908203125,0.478515625,0.6260322018944836,19,1712141052742
1295,0.7578125,3.935546875,0.5625,0.6260322018944836,32,1712141052742
1295,0.751953125,3.923828125,0.3203125,0.7512386422733803,20,1712141052742
1295,0.6328125,3.98046875,0.361328125,0.7512386422733803,27,1712141052742
1296,0.515625,4.04296875,-0.62890625,0.25041288075779344,21,1712141052843
1296,0.390625,4.11328125,-0.5,0.25041288075779344,24,1712141052843
1296,0.6328125,3.958984375,-0.546875,0.37561932113669017,36,1712141052843
1296,0.638671875,3.99609375,-0.55078125,0.37561932113669017,65,1712141052843
1296,0.515625,4.07421875,-0.37109375,0.37561932113669017,61,1712141052843
1296,0.390625,4.142578125,-0.05078125,0.37561932113669017,50,1712141052843
1296,0.39453125,4.17578125,-0.201171875,0.37561932113669017,51,1712141052843
1296,0.751953125,3.93359375,-0.154296875,0.5008257615155869,51,1712141052843
1296,0.7578125,3.970703125,-0.193359375,0.5008257615155869,100,1712141052843
1296,0.638671875,4.029296875,-0.22265625,0.5008257615155869,108,1712141052843
1296,0.515625,4.087890625,-0.130859375,0.5008257615155869,80,1712141052843
1296,0.390625,4.142578125,-0.056640625,0.5008257615155869,62,1712141052843
1296,0.525390625,4.15625,-0.28515625,0.5008257615155869,65,1712141052843
1296,0.396484375,4.197265625,-0.42578125,0.5008257615155869,48,1712141052843
1296,0.869140625,3.875,0.01953125,0.6260322018944836,27,1712141052843
1296,0.751953125,3.935546875,0.083984375,0.6260322018944836,73,1712141052843
1296,0.6328125,3.99609375,0.080078125,0.6260322018944836,102,1712141052843
1296,0.638671875,4.03515625,0.041015625,0.6260322018944836,79,1712141052843
1296,0.515625,4.08984375,0.083984375,0.6260322018944836,40,1712141052843
1296,0.744140625,3.888671875,0.291015625,0.7512386422733803,29,1712141052843
1296,0.626953125,3.94921875,0.28125,0.7512386422733803,44,1712141052843
1296,0.6328125,3.98046875,0.35546875,0.7512386422733803,40,1712141052843
1297,0.7734375,3.8828125,-1.1484375,0.25041288075779344,31,1712141052943
1297,0.650390625,3.974609375,-1.048828125,0.25041288075779344,49,1712141052943
1297,0.65625,4.001953125,-1.08984375,0.25041288075779344,72,1712141052943
1297,0.662109375,4.03125,-1.123046875,0.25041288075779344,67,1712141052943
1297,0.66796875,4.05078125,-1.1953125,0.25041288075779344,34,1712141052943
1297,0.765625,3.9140625,-0.884765625,0.37561932113669017,53,1712141052943
1297,0.64453125,3.990234375,-0.810546875,0.37561932113669017,99,1712141052943
1297,0.650390625,4.03125,-0.806640625,0.37561932113669017,118,1712141052943
1297,0.65625,4.06640625,-0.814453125,0.37561932113669017,145,1712141052943
1297,0.529296875,4.125,-0.810546875,0.37561932113669017,138,1712141052943
1297,0.53515625,4.15234375,-0.869140625,0.37561932113669017,83,1712141052943
1297,0.6328125,3.986328125,-0.30078125,0.5008257615155869,38,1712141052943
1297,0.765625,3.994140625,-0.376953125,0.5008257615155869,91,1712141052943
1297,0.64453125,4.052734375,-0.408203125,0.5008257615155869,122,1712141052943
1297,0.650390625,4.087890625,-0.4296875,0.5008257615155869,109,1712141052943
1297,0.65625,4.1171875,-0.5,0.5008257615155869,119,1712141052943
1297,0.662109375,4.14453125,-0.578125,0.5008257615155869,115,1712141052943
1297,0.53515625,4.1875,-0.681640625,0.5008257615155869,75,1712141052943
1297,0.375,3.990234375,0.0859375,0.6260322018944836,32,1712141052943
1297,0.7578125,3.97265625,-0.130859375,0.6260322018944836,56,1712141052943
1297,0.765625,4.01171875,-0.07421875,0.6260322018944836,93,1712141052943
1297,0.64453125,4.072265625,-0.0703125,0.6260322018944836,83,1712141052943
1297,0.650390625,4.107421875,-0.154296875,0.6260322018944836,43,1712141052943
1297,0.65625,4.142578125,-0.205078125,0.6260322018944836,39,1712141052943
1297,0.25,3.98828125,0.322265625,0.7512386422733803,25,1712141052943
1297,0.6328125,3.994140625,0.166015625,0.7512386422733803,43,1712141052943
1297,0.765625,4.009765625,0.130859375,0.7512386422733803,60,1712141052943
1297,0.90234375,4.0234375,0.0703125,0.7512386422733803,42,1712141052943
1297,0.529296875,4.0625,-1.083984375,0.876445082652277,26,1712141052943
1297,0.267578125,4.025390625,-1.41796875,0.876445082652277,22,1712141052943
1297,1.05859375,2.279296875,3.412109375,-1.0016515230311738,18,1712141052943
1297,0.935546875,2.65625,3.216796875,-1.0016515230311738,16,1712141052943
1297,-0.662109375,3.994140625,-1.25,-1.0016515230311738,12,1712141052943
1297,-0.80078125,4.0546875,-1.095703125,-1.0016515230311738,11,1712141052943
1298,0.787109375,3.9375,-1.23046875,0.25041288075779344,32,1712141053043
1298,0.662109375,3.94921875,-1.384765625,0.25041288075779344,41,1712141053043
1298,0.66796875,3.986328125,-1.392578125,0.25041288075779344,31,1712141053043
1298,0.64453125,4.025390625,-0.62109375,0.37561932113669017,24,1712141053043
1298,0.779296875,4.005859375,-0.810546875,0.37561932113669017,31,1712141053043
1298,0.787109375,4.03515625,-0.853515625,0.37561932113669017,64,1712141053043
1298,0.662109375,4.1015625,-0.837890625,0.37561932113669017,102,1712141053043
1298,0.66796875,4.150390625,-0.779296875,0.37561932113669017,91,1712141053043
1298,0.5390625,4.212890625,-0.755859375,0.37561932113669017,49,1712141053043
1298,0.509765625,4.05078125,-0.095703125,0.5008257615155869,30,1712141053043
1298,0.64453125,4.0625,-0.28515625,0.5008257615155869,56,1712141053043
1298,0.779296875,4.064453125,-0.431640625,0.5008257615155869,75,1712141053043
1298,0.65625,4.099609375,-0.625,0.5008257615155869,66,1712141053043
1298,0.662109375,4.1640625,-0.41796875,0.5008257615155869,83,1712141053043
1298,0.53515625,4.232421875,-0.294921875,0.5008257615155869,83,1712141053043
1298,0.5390625,4.267578125,-0.337890625,0.5008257615155869,53,1712141053043
1298,0.251953125,4.037109375,-0.083984375,0.6260322018944836,26,1712141053043
1298,0.3828125,4.06640625,0.044921875,0.6260322018944836,46,1712141053043
1298,0.515625,4.0859375,0.18359375,0.6260322018944836,48,1712141053043
1298,0.779296875,4.0859375,-0.103515625,0.6260322018944836,62,1712141053043
1298,0.787109375,4.1171875,-0.267578125,0.6260322018944836,52,1712141053043
1298,0.255859375,4.068359375,0.248046875,0.7512386422733803,28,1712141053043
1298,0.408203125,4.203125,-1.052734375,0.7512386422733803,29,1712141053043
1299,0.673828125,4.21484375,-0.625,0.25041288075779344,24,1712141053143
1299,0.39453125,4.099609375,-0.8203125,0.37561932113669017,34,1712141053143
1299,0.529296875,4.08203125,-1.0078125,0.37561932113669017,51,1712141053143
1299,0.66796875,3.908203125,-1.6015625,0.37561932113669017,27,1712141053143
1299,0.673828125,4.26171875,-0.037109375,0.37561932113669017,39,1712141053143
1299,0.6796875,4.27734375,-0.427734375,0.37561932113669017,49,1712141053143
1299,0.130859375,4.15625,-0.146484375,0.5008257615155869,41,1712141053143
1299,0.525390625,4.138671875,-0.486328125,0.5008257615155869,74,1712141053143
1299,0.529296875,4.16796875,-0.55078125,0.5008257615155869,85,1712141053143
1299,0.400390625,4.150390625,-0.951171875,0.5008257615155869,29,1712141053143
1299,0.673828125,4.240234375,-0.421875,0.5008257615155869,42,1712141053143
1299,0.6796875,4.28125,-0.3828125,0.5008257615155869,66,1712141053143
1299,0.12890625,4.12109375,-0.064453125,0.6260322018944836,36,1712141053143
1299,0.130859375,4.158203125,-0.005859375,0.6260322018944836,57,1712141053143
1299,0.26171875,4.19140625,-0.0390625,0.6260322018944836,61,1712141053143
1299,0.396484375,4.216796875,-0.09765625,0.6260322018944836,40,1712141053143
1299,0.66796875,4.0625,-1.154296875,0.6260322018944836,32,1712141053143
1299,0.5390625,4.228515625,-0.66796875,0.6260322018944836,55,1712141053143
1299,0.544921875,4.294921875,-0.4375,0.6260322018944836,49,1712141053143
1299,0.0,4.109375,0.326171875,0.7512386422733803,22,1712141053143
1299,0.0,4.150390625,0.3046875,0.7512386422733803,30,1712141053143
1299,0.404296875,4.267578125,-0.490234375,0.7512386422733803,26,1712141053143
1299,-1.203125,2.751953125,3.044921875,0.37561932113669017,14,1712141053143
1299,-1.203125,2.060546875,3.548828125,0.5008257615155869,15,1712141053143
1300,1.19140625,4.064453125,-0.10546875,0.0,12,1712141053244
1300,1.05078125,4.064453125,0.134765625,0.12520644037889672,26,1712141053244
1300,1.05859375,4.103515625,0.015625,0.12520644037889672,30,1712141053244
1300,0.91796875,4.052734375,0.599609375,0.25041288075779344,24,1712141053244
1300,0.794921875,4.15234375,0.296875,0.25041288075779344,27,1712141053244
1300,0.66796875,4.1484375,-0.79296875,0.25041288075779344,19,1712141053244
1300,0.673828125,3.8515625,-1.82421875,0.25041288075779344,18,1712141053244
1300,0.1328125,3.955078125,-1.515625,0.37561932113669017,30,1712141053244
1300,0.53515625,4.1015625,-1.083984375,0.37561932113669017,67,1712141053244
1300,0.673828125,4.060546875,-1.2890625,0.37561932113669017,58,1712141053244
1300,0.0,4.197265625,-0.11328125,0.5008257615155869,39,1712141053244
1300,0.1328125,4.154296875,-0.830078125,0.5008257615155869,47,1712141053244
1300,0.53515625,4.1640625,-0.810546875,0.5008257615155869,62,1712141053244
1300,0.5390625,4.15234375,-1.03515625,0.5008257615155869,43,1712141053244
1300,0.0,4.19921875,-0.005859375,0.6260322018944836,30,1712141053244
1300,0.0,4.236328125,-0.1328125,0.6260322018944836,35,1712141053244
1300,0.1328125,4.248046875,-0.4609375,0.6260322018944836,23,1712141053244
1300,-0.1328125,2.466796875,-3.443359375,0.0,7,1712141053244
1301,0.66796875,4.134765625,-0.861328125,0.12520644037889672,25,1712141053344
1301,0.5390625,4.05078125,-1.380859375,0.12520644037889672,23,1712141053344
1301,0.529296875,4.19140625,-0.328125,0.25041288075779344,36,1712141053344
1301,0.53515625,4.20703125,-0.541015625,0.25041288075779344,66,1712141053344
1301,0.404296875,4.220703125,-0.794921875,0.25041288075779344,47,1712141053344
1301,0.529296875,4.203125,-0.130859375,0.37561932113669017,31,1712141053344
1301,0.53515625,4.236328125,-0.22265625,0.37561932113669017,55,1712141053344
1301,0.404296875,4.26953125,-0.46875,0.37561932113669017,37,1712141053344
1301,0.0,4.251953125,-0.447265625,0.6260322018944836,22,1712141053344
1301,0.0,4.291015625,-0.44140625,0.6260322018944836,21,1712141053344
1301,0.0,4.248046875,-0.48046875,0.7512386422733803,37,1712141053344
1301,0.0,4.296875,-0.376953125,0.7512386422733803,36,1712141053344
1301,0.0,4.26953125,-0.23046875,0.876445082652277,24,1712141053344
1302,0.66796875,4.05078125,-1.193359375,0.0,21,1712141053445
1302,0.673828125,4.07421875,-1.248046875,0.0,35,1712141053445
1302,0.6796875,4.1328125,-1.181640625,0.0,35,1712141053445
1302,0.80078125,4.1328125,-0.75,0.12520644037889672,51,1712141053445
1302,0.673828125,4.162109375,-0.912109375,0.12520644037889672,82,1712141053445
1302,0.6796875,4.19921875,-0.916015625,0.12520644037889672,75,1712141053445
1302,0.66796875,4.197265625,-0.462890625,0.25041288075779344,53,1712141053445
1302,0.673828125,4.216796875,-0.61328125,0.25041288075779344,78,1712141053445
1302,0.6796875,4.244140625,-0.685546875,0.25041288075779344,57,1712141053445
1302,0.66796875,4.21875,-0.205078125,0.37561932113669017,24,1712141053445
1302,0.5390625,4.267578125,-0.3359375,0.37561932113669017,33,1712141053445
1302,1.212890625,4.046875,-0.875,0.5008257615155869,23,1712141053445
1303,0.544921875,4.09765625,-1.359375,0.0,14,1712141053545
1303,0.544921875,4.212890625,-0.9453125,0.12520644037889672,39,1712141053545
1303,0.6796875,4.255859375,-0.599609375,0.25041288075779344,30,1712141053545
1304,0.6796875,4.109375,-1.26171875,0.0,16,1712141053646
1304,0.6796875,4.169921875,-1.04296875,0.12520644037889672,36,1712141053646
1305,0.544921875,4.228515625,-0.876953125,0.0,16,1712141053746
1305,0.404296875,4.158203125,-1.076171875,-0.12520644037889672,19,1712141053746
1305,0.544921875,4.177734375,-1.087890625,-0.12520644037889672,36,1712141053746
1306,0.6796875,4.234375,-0.744140625,0.0,26,1712141053847
1306,-0.544921875,2.802734375,3.28515625,0.876445082652277,25,1712141053847
1306,0.0,4.201171875,-1.13671875,-1.0016515230311738,22,1712141053847
1306,0.13671875,4.2109375,-1.091796875,-0.876445082652277,24,1712141053847
1306,0.13671875,4.24609375,-0.947265625,-0.7512386422733803,24,1712141053847
1306,0.5390625,4.138671875,-1.091796875,-0.5008257615155869,27,1712141053847
1306,0.544921875,4.162109375,-1.150390625,-0.5008257615155869,18,1712141053847
1306,0.5390625,4.185546875,-0.8984375,-0.37561932113669017,24,1712141053847
1306,0.544921875,4.248046875,-0.76953125,-0.37561932113669017,22,1712141053847
1306,0.5390625,4.005859375,-1.505859375,-0.25041288075779344,20,1712141053847
1306,0.81640625,4.107421875,-1.181640625,-0.25041288075779344,34,1712141053847
1306,0.5390625,4.064453125,-1.34375,-0.12520644037889672,25,1712141053847
1306,0.6796875,4.173828125,-1.029296875,-0.12520644037889672,47,1712141053847
1306,0.951171875,4.1484375,-0.904296875,0.876445082652277,13,1712141053847
1307,0.404296875,4.294921875,-0.033203125,0.0,13,1712141053947
1307,-0.1328125,4.203125,-0.517578125,-0.7512386422733803,29,1712141053947
1307,0.0,4.236328125,-0.580078125,-0.7512386422733803,26,1712141053947
1307,-0.130859375,4.181640625,-0.35546875,-0.6260322018944836,24,1712141053947
1307,-0.1328125,4.21875,-0.384765625,-0.6260322018944836,36,1712141053947
1307,0.0,4.255859375,-0.419921875,-0.6260322018944836,27,1712141053947
1307,0.80078125,3.91796875,-1.513671875,-0.5008257615155869,28,1712141053947
1307,0.662109375,4.140625,-0.609375,-0.37561932113669017,43,1712141053947
1307,0.53515625,4.19921875,-0.599609375,-0.37561932113669017,84,1712141053947
1307,0.673828125,4.193359375,-0.75390625,-0.37561932113669017,77,1712141053947
1307,0.6796875,4.18359375,-0.990234375,-0.37561932113669017,34,1712141053947
1307,0.529296875,4.201171875,-0.177734375,-0.25041288075779344,33,1712141053947
1307,0.53515625,4.23046875,-0.30859375,-0.25041288075779344,75,1712141053947
1307,0.5390625,4.2578125,-0.431640625,-0.25041288075779344,81,1712141053947
1307,0.6796875,4.22265625,-0.806640625,-0.25041288075779344,45,1712141053947
1308,0.662109375,4.080078125,-0.93359375,-0.6260322018944836,35,1712141054047
1308,0.53515625,4.13671875,-0.94140625,-0.6260322018944836,32,1712141054047
1308,0.6796875,4.216796875,-0.830078125,-0.6260322018944836,31,1712141054047
1308,0.65625,4.1328125,-0.357421875,-0.5008257615155869,40,1712141054047
1308,0.529296875,4.1953125,-0.287109375,-0.5008257615155869,65,1712141054047
1308,0.400390625,4.251953125,-0.185546875,-0.5008257615155869,48,1712141054047
1308,0.673828125,4.1953125,-0.744140625,-0.5008257615155869,47,1712141054047
1308,0.6796875,4.228515625,-0.7734375,-0.5008257615155869,65,1712141054047
1308,0.39453125,4.177734375,-0.166015625,-0.37561932113669017,49,1712141054047
1308,0.265625,4.228515625,-0.099609375,-0.37561932113669017,69,1712141054047
1308,0.267578125,4.259765625,0.25,-0.37561932113669017,44,1712141054047
1308,0.673828125,4.197265625,-0.736328125,-0.37561932113669017,32,1712141054047
1308,0.6796875,4.25,-0.642578125,-0.37561932113669017,50,1712141054047
1308,0.130859375,4.189453125,-0.2421875,-0.25041288075779344,45,1712141054047
1308,0.265625,4.201171875,-0.486328125,-0.25041288075779344,63,1712141054047
1308,0.267578125,4.1875,-0.826171875,-0.25041288075779344,43,1712141054047
1308,0.396484375,4.140625,-0.814453125,-0.12520644037889672,34,1712141054047
1308,0.400390625,4.1171875,-1.08203125,-0.12520644037889672,29,1712141054047
1309,0.81640625,4.1328125,-1.08984375,-0.876445082652277,44,1712141054147
1309,0.51953125,3.923828125,-1.283203125,-0.7512386422733803,19,1712141054147
1309,0.525390625,3.978515625,-1.240234375,-0.7512386422733803,55,1712141054147
1309,0.662109375,4.0,-1.232421875,-0.7512386422733803,70,1712141054147
1309,0.53515625,4.064453125,-1.21875,-0.7512386422733803,44,1712141054147
1309,1.078125,4.033203125,-1.087890625,-0.7512386422733803,23,1712141054147
1309,0.81640625,4.14453125,-1.05078125,-0.7512386422733803,78,1712141054147
1309,0.51953125,3.96875,-1.13671875,-0.6260322018944836,42,1712141054147
1309,0.525390625,4.0390625,-1.021484375,-0.6260322018944836,112,1712141054147
1309,0.529296875,4.09375,-0.955078125,-0.6260322018944836,145,1712141054147
1309,0.53515625,4.14453125,-0.904296875,-0.6260322018944836,91,1712141054147
1309,0.81640625,4.197265625,-0.806640625,-0.6260322018944836,64,1712141054147
1309,0.51953125,4.126953125,-0.103515625,-0.5008257615155869,50,1712141054147
1309,0.65625,4.10546875,-0.59765625,-0.5008257615155869,98,1712141054147
1309,0.529296875,4.14453125,-0.712890625,-0.5008257615155869,112,1712141054147
1309,0.400390625,4.201171875,-0.681640625,-0.5008257615155869,64,1712141054147
1309,0.390625,4.130859375,0.30859375,-0.37561932113669017,35,1712141054147
1309,0.525390625,4.16015625,0.244140625,-0.37561932113669017,44,1712141054147
1309,0.529296875,4.181640625,-0.4375,-0.37561932113669017,35,1712141054147
1309,-0.404296875,3.517578125,2.462890625,-0.7512386422733803,12,1712141054147
1310,0.515625,3.900390625,-1.232421875,-0.876445082652277,37,1712141054248
1310,0.51953125,3.978515625,-1.10546875,-0.876445082652277,58,1712141054248
1310,0.525390625,4.03515625,-1.033203125,-0.876445082652277,48,1712141054248
1310,0.396484375,4.130859375,-0.857421875,-0.876445082652277,27,1712141054248
1310,0.66796875,4.115234375,-0.9453125,-0.876445082652277,30,1712141054248
1310,0.5390625,4.146484375,-1.060546875,-0.876445082652277,33,1712141054248
1310,0.38671875,3.923828125,-1.205078125,-0.7512386422733803,58,1712141054248
1310,0.51953125,4.015625,-0.9609375,-0.7512386422733803,107,1712141054248
1310,0.525390625,4.08203125,-0.830078125,-0.7512386422733803,101,1712141054248
1310,0.396484375,4.1640625,-0.6796875,-0.7512386422733803,73,1712141054248
1310,0.53515625,4.193359375,-0.64453125,-0.7512386422733803,65,1712141054248
1310,0.5390625,4.203125,-0.810546875,-0.7512386422733803,52,1712141054248
1310,0.390625,4.033203125,-0.947265625,-0.6260322018944836,50,1712141054248
1310,0.39453125,4.140625,-0.576171875,-0.6260322018944836,63,1712141054248
1310,0.396484375,4.201171875,-0.376953125,-0.6260322018944836,53,1712141054248
1310,0.53515625,4.224609375,-0.39453125,-0.6260322018944836,42,1712141054248
1310,0.3828125,4.06640625,-0.09375,-0.5008257615155869,28,1712141054248
1310,0.38671875,4.10546875,0.025390625,-0.5008257615155869,31,1712141054248
1310,0.515625,4.083984375,-0.236328125,-0.37561932113669017,22,1712141054248
1311,0.505859375,3.685546875,-1.59375,-0.876445082652277,18,1712141054348
1311,0.509765625,3.88671875,-1.146484375,-0.876445082652277,33,1712141054348
1311,0.515625,3.986328125,-0.91796875,-0.876445082652277,36,1712141054348
1311,0.51953125,4.060546875,-0.744140625,-0.876445082652277,28,1712141054348
1311,0.787109375,3.958984375,-1.15625,-0.876445082652277,47,1712141054348
1311,0.662109375,4.041015625,-1.09375,-0.876445082652277,61,1712141054348
1311,0.66796875,4.06640625,-1.138671875,-0.876445082652277,42,1712141054348
1311,0.501953125,3.69921875,-1.4609375,-0.7512386422733803,32,1712141054348
1311,0.505859375,3.845703125,-1.154296875,-0.7512386422733803,73,1712141054348
1311,0.638671875,3.91015625,-0.998046875,-0.7512386422733803,116,1712141054348
1311,0.515625,3.9921875,-0.89453125,-0.7512386422733803,105,1712141054348
1311,0.51953125,4.033203125,-0.880859375,-0.7512386422733803,57,1712141054348
1311,0.787109375,3.970703125,-1.1171875,-0.7512386422733803,62,1712141054348
1311,0.794921875,4.041015625,-0.994140625,-0.7512386422733803,66,1712141054348
1311,0.66796875,4.115234375,-0.947265625,-0.7512386422733803,39,1712141054348
1311,0.501953125,3.826171875,-1.083984375,-0.6260322018944836,30,1712141054348
1311,0.505859375,3.9375,-0.78515625,-0.6260322018944836,78,1712141054348
1311,0.509765625,3.994140625,-0.685546875,-0.6260322018944836,119,1712141054348
1311,0.515625,4.02734375,-0.72265625,-0.6260322018944836,102,1712141054348
1311,0.51953125,4.05078125,-0.798828125,-0.6260322018944836,51,1712141054348
1311,0.37890625,4.021484375,-0.228515625,-0.5008257615155869,26,1712141054348
1311,0.3828125,4.0546875,-0.302734375,-0.5008257615155869,38,1712141054348
1311,0.38671875,4.064453125,-0.572265625,-0.5008257615155869,29,1712141054348
1312,0.2578125,3.955078125,-1.13671875,-0.876445082652277,25,1712141054449
1312,0.259765625,3.966796875,-1.23046875,-0.876445082652277,35,1712141054449
1312,0.501953125,3.69140625,-1.48046875,-0.7512386422733803,54,1712141054449
1312,0.505859375,3.806640625,-1.27734375,-0.7512386422733803,82,1712141054449
1312,0.3828125,3.8984375,-1.16015625,-0.7512386422733803,73,1712141054449
1312,0.38671875,3.978515625,-1.013671875,-0.7512386422733803,51,1712141054449
1312,0.259765625,4.072265625,-0.8125,-0.7512386422733803,36,1712141054449
1312,0.615234375,3.77734375,-0.90234375,-0.6260322018944836,18,1712141054449
1312,0.49609375,3.83984375,-0.880859375,-0.6260322018944836,69,1712141054449
1312,0.501953125,3.896484375,-0.798828125,-0.6260322018944836,154,1712141054449
1312,0.505859375,3.93359375,-0.80078125,-0.6260322018944836,209,1712141054449
1312,0.509765625,3.97265625,-0.806640625,-0.6260322018944836,181,1712141054449
1312,0.38671875,4.041015625,-0.71875,-0.6260322018944836,95,1712141054449
1312,0.4921875,3.8671875,-0.51953125,-0.5008257615155869,20,1712141054449
1312,0.373046875,3.9375,-0.34765625,-0.5008257615155869,76,1712141054449
1312,0.375,3.974609375,-0.35546875,-0.5008257615155869,153,1712141054449
1312,0.505859375,3.990234375,-0.4375,-0.5008257615155869,186,1712141054449
1312,0.509765625,4.0234375,-0.486328125,-0.5008257615155869,156,1712141054449
1312,0.38671875,4.080078125,-0.44140625,-0.5008257615155869,92,1712141054449
1312,0.373046875,3.953125,0.056640625,-0.37561932113669017,24,1712141054449
1312,0.375,3.990234375,-0.033203125,-0.37561932113669017,45,1712141054449
1312,0.37890625,4.021484375,-0.2421875,-0.37561932113669017,54,1712141054449
1312,0.255859375,4.056640625,-0.4140625,-0.37561932113669017,47,1712141054449
1312,0.2578125,4.1015625,-0.3359375,-0.37561932113669017,31,1712141054449
1313,-0.25,2.90234375,2.75390625,0.7512386422733803,23,1712141054549
1313,-0.375,2.513671875,3.099609375,0.876445082652277,21,1712141054549
1313,0.4921875,3.806640625,-0.8515625,-0.876445082652277,19,1712141054549
1313,0.486328125,3.8125,-0.62109375,-0.7512386422733803,52,1712141054549
1313,0.4921875,3.826171875,-0.763671875,-0.7512386422733803,112,1712141054549
1313,0.373046875,3.849609375,-0.89453125,-0.7512386422733803,102,1712141054549
1313,0.375,3.75,-1.36328125,-0.7512386422733803,23,1712141054549
1313,0.505859375,3.953125,-0.705078125,-0.7512386422733803,39,1712141054549
1313,0.509765625,3.923828125,-1.01171875,-0.7512386422733803,38,1712141054549
1313,0.365234375,3.837890625,-0.544921875,-0.6260322018944836,57,1712141054549
1313,0.4921875,3.8515625,-0.625,-0.6260322018944836,141,1712141054549
1313,0.373046875,3.884765625,-0.732421875,-0.6260322018944836,148,1712141054549
1313,0.501953125,3.79296875,-1.197265625,-0.6260322018944836,63,1712141054549
1313,0.6328125,3.939453125,-0.6796875,-0.6260322018944836,46,1712141054549
1313,0.509765625,3.98828125,-0.71484375,-0.6260322018944836,50,1712141054549
1313,0.365234375,3.845703125,-0.482421875,-0.5008257615155869,22,1712141054549
1313,0.369140625,3.876953125,-0.548828125,-0.5008257615155869,65,1712141054549
1313,0.373046875,3.890625,-0.701171875,-0.5008257615155869,88,1712141054549
1313,0.501953125,3.837890625,-1.044921875,-0.5008257615155869,70,1712141054549
1313,0.6328125,3.796875,-1.248046875,-0.5008257615155869,42,1712141054549
1313,0.3828125,3.958984375,-0.93359375,-0.5008257615155869,28,1712141054549
1313,0.24609375,3.916015625,-0.267578125,-0.37561932113669017,80,1712141054549
1313,0.248046875,3.9453125,-0.361328125,-0.37561932113669017,128,1712141054549
1313,0.25,3.966796875,-0.513671875,-0.37561932113669017,97,1712141054549
1313,0.251953125,3.94921875,-0.84375,-0.37561932113669017,36,1712141054549
1313,0.12109375,3.892578125,0.033203125,-0.25041288075779344,27,1712141054549
1313,0.123046875,3.9296875,-0.05078125,-0.25041288075779344,104,1712141054549
1313,0.125,3.96875,-0.064453125,-0.25041288075779344,157,1712141054549
1313,0.125,4.00390625,-0.115234375,-0.25041288075779344,110,1712141054549
1313,0.251953125,4.025390625,-0.33203125,-0.25041288075779344,38,1712141054549
1313,0.123046875,3.92578125,0.19921875,-0.12520644037889672,41,1712141054549
1313,0.125,3.96484375,0.173828125,-0.12520644037889672,62,1712141054549
1313,0.125,4.005859375,0.109375,-0.12520644037889672,49,1712141054549
1313,0.251953125,4.037109375,-0.115234375,-0.12520644037889672,27,1712141054549
1313,1.251953125,3.546875,-1.384765625,0.7512386422733803,12,1712141054549
1313,-1.126953125,2.369140625,3.029296875,-0.7512386422733803,18,1712141054549
1313,-1.126953125,2.40234375,3.00390625,-0.6260322018944836,32,1712141054549
1314,0.0,3.89453125,0.0,0.0,16,1712141054649
1314,0.0,3.927734375,0.201171875,0.0,46,1712141054649
1314,0.0,3.958984375,0.2890625,0.0,56,1712141054649
1314,0.0,3.990234375,0.375,0.0,32,1712141054649
1314,0.486328125,3.7421875,-0.95703125,-0.876445082652277,21,1712141054649
1314,0.4921875,3.857421875,-0.580078125,-0.876445082652277,21,1712141054649
1314,0.626953125,3.80078125,-1.109375,-0.876445082652277,29,1712141054649
1314,0.6328125,3.796875,-1.248046875,-0.876445082652277,29,1712141054649
1314,0.361328125,3.75,-0.82421875,-0.7512386422733803,29,1712141054649
1314,0.486328125,3.798828125,-0.703125,-0.7512386422733803,48,1712141054649
1314,0.369140625,3.876953125,-0.548828125,-0.7512386422733803,56,1712141054649
1314,0.248046875,3.9609375,0.072265625,-0.7512386422733803,36,1712141054649
1314,1.001953125,3.791015625,-0.83203125,-0.7512386422733803,21,1712141054649
1314,0.6328125,3.8671875,-1.013671875,-0.7512386422733803,29,1712141054649
1314,0.361328125,3.736328125,-0.880859375,-0.6260322018944836,36,1712141054649
1314,0.365234375,3.826171875,-0.62890625,-0.6260322018944836,38,1712141054649
1314,0.369140625,3.9140625,-0.08984375,-0.6260322018944836,29,1712141054649
1314,0.248046875,3.91796875,-0.58984375,-0.6260322018944836,44,1712141054649
1314,0.12109375,3.8671875,-0.4375,-0.5008257615155869,40,1712141054649
1314,0.123046875,3.900390625,-0.490234375,-0.5008257615155869,76,1712141054649
1314,0.248046875,3.90625,-0.6640625,-0.5008257615155869,80,1712141054649
1314,0.125,3.923828125,-0.8046875,-0.5008257615155869,42,1712141054649
1314,0.0,3.888671875,-0.19921875,-0.37561932113669017,66,1712141054649
1314,0.0,3.923828125,-0.25,-0.37561932113669017,139,1712141054649
1314,0.125,3.955078125,-0.314453125,-0.37561932113669017,141,1712141054649
1314,0.125,3.986328125,-0.3984375,-0.37561932113669017,71,1712141054649
1314,0.0,3.892578125,-0.12109375,-0.25041288075779344,64,1712141054649
1314,0.0,3.9296875,-0.1484375,-0.25041288075779344,135,1712141054649
1314,0.0,3.966796875,-0.1484375,-0.25041288075779344,134,1712141054649
1314,0.0,4.001953125,-0.21484375,-0.25041288075779344,64,1712141054649
1314,-0.12109375,3.890625,-0.10546875,-0.12520644037889672,26,1712141054649
1314,0.0,3.931640625,-0.064453125,-0.12520644037889672,60,1712141054649
1314,0.0,3.970703125,-0.056640625,-0.12520644037889672,66,1712141054649
1314,0.0,4.0078125,0.03125,-0.12520644037889672,36,1712141054649
1314,-0.375,2.65625,2.978515625,-0.7512386422733803,18,1712141054649
1314,-0.7578125,2.119140625,3.36328125,-0.7512386422733803,15,1712141054649
1315,0.609375,3.712890625,-1.001953125,-0.876445082652277,21,1712141054749
1315,0.4921875,3.7734375,-0.9921875,-0.876445082652277,26,1712141054749
1315,0.47265625,3.478515625,-1.40234375,-0.7512386422733803,47,1712141054749
1315,0.357421875,3.62109375,-1.15625,-0.7512386422733803,94,1712141054749
1315,0.361328125,3.701171875,-1.017578125,-0.7512386422733803,96,1712141054749
1315,0.365234375,3.74609375,-0.998046875,-0.7512386422733803,68,1712141054749
1315,0.24609375,3.77734375,-1.060546875,-0.7512386422733803,56,1712141054749
1315,0.248046875,3.779296875,-1.19140625,-0.7512386422733803,36,1712141054749
1315,0.353515625,3.65234375,-0.900390625,-0.6260322018944836,50,1712141054749
1315,0.357421875,3.724609375,-0.7578125,-0.6260322018944836,104,1712141054749
1315,0.361328125,3.7734375,-0.701171875,-0.6260322018944836,123,1712141054749
1315,0.365234375,3.806640625,-0.736328125,-0.6260322018944836,120,1712141054749
1315,0.24609375,3.83984375,-0.80859375,-0.6260322018944836,110,1712141054749
1315,0.125,3.873046875,-0.86328125,-0.6260322018944836,73,1712141054749
1315,0.23828125,3.77734375,-0.50390625,-0.5008257615155869,28,1712141054749
1315,0.240234375,3.81640625,-0.5,-0.5008257615155869,58,1712141054749
1315,0.12109375,3.859375,-0.5078125,-0.5008257615155869,84,1712141054749
1315,0.123046875,3.884765625,-0.58984375,-0.5008257615155869,81,1712141054749
1315,0.248046875,3.91015625,-0.64453125,-0.5008257615155869,48,1712141054749
1315,0.0,3.92578125,-0.21875,-0.37561932113669017,22,1712141054749
1315,0.0,3.96484375,-0.19140625,-0.37561932113669017,24,1712141054749
1315,-0.244140625,3.8828125,0.171875,-0.25041288075779344,20,1712141054749
1315,-0.24609375,3.921875,-0.126953125,-0.25041288075779344,39,1712141054749
1315,-0.248046875,3.95703125,-0.197265625,-0.25041288075779344,34,1712141054749
1316,0.4765625,3.708984375,-0.76953125,-1.0016515230311738,25,1712141054850
1316,0.482421875,3.7109375,-0.92578125,-1.0016515230311738,33,1712141054850
1316,0.486328125,3.755859375,-0.908203125,-1.0016515230311738,19,1712141054850
1316,0.3515625,3.65234375,-0.7265625,-0.876445082652277,28,1712141054850
1316,0.353515625,3.732421875,-0.474609375,-0.876445082652277,41,1712141054850
1316,0.357421875,3.75390625,-0.591796875,-0.876445082652277,40,1712141054850
1316,0.361328125,3.73046875,-0.90625,-0.876445082652277,43,1712141054850
1316,0.365234375,3.708984375,-1.125,-0.876445082652277,28,1712141054850
1316,0.23046875,3.6484375,-0.587890625,-0.7512386422733803,22,1712141054850
1316,0.234375,3.6796875,-0.63671875,-0.7512386422733803,55,1712141054850
1316,0.236328125,3.755859375,-0.341796875,-0.7512386422733803,61,1712141054850
1316,0.119140625,3.8046875,0.279296875,-0.7512386422733803,42,1712141054850
1316,0.0,3.849609375,0.216796875,-0.7512386422733803,41,1712141054850
1316,0.0,3.892578125,-0.083984375,-0.7512386422733803,36,1712141054850
1316,0.234375,3.7109375,-0.412109375,-0.6260322018944836,34,1712141054850
1316,0.1171875,3.76953125,-0.244140625,-0.6260322018944836,45,1712141054850
1316,0.119140625,3.798828125,-0.36328125,-0.6260322018944836,92,1712141054850
1316,0.12109375,3.82421875,-0.474609375,-0.6260322018944836,151,1712141054850
1316,0.0,3.857421875,-0.53515625,-0.6260322018944836,128,1712141054850
1316,0.0,3.908203125,-0.439453125,-0.6260322018944836,54,1712141054850
1316,0.0,3.791015625,-0.44921875,-0.5008257615155869,79,1712141054850
1316,0.0,3.830078125,-0.443359375,-0.5008257615155869,132,1712141054850
1316,0.0,3.873046875,-0.40625,-0.5008257615155869,108,1712141054850
1316,0.0,3.923828125,-0.240234375,-0.5008257615155869,42,1712141054850
1316,0.0,3.837890625,-0.380859375,-0.37561932113669017,37,1712141054850
1316,-0.12109375,3.87109375,-0.412109375,-0.37561932113669017,35,1712141054850
1317,0.34765625,3.568359375,-0.92578125,-1.0016515230311738,37,1712141054951
1317,0.3515625,3.580078125,-1.02734375,-1.0016515230311738,46,1712141054951
1317,0.236328125,3.60546875,-1.109375,-1.0016515230311738,29,1712141054951
1317,0.3359375,3.5234375,-0.587890625,-0.876445082652277,34,1712141054951
1317,0.33984375,3.572265625,-0.51953125,-0.876445082652277,70,1712141054951
1317,0.228515625,3.625,-0.482421875,-0.876445082652277,71,1712141054951
1317,0.3515625,3.591796875,-0.986328125,-0.876445082652277,75,1712141054951
1317,0.353515625,3.64453125,-0.935546875,-0.876445082652277,93,1712141054951
1317,0.23828125,3.69921875,-0.91015625,-0.876445082652277,61,1712141054951
1317,0.3359375,3.564453125,-0.23828125,-0.7512386422733803,34,1712141054951
1317,0.2265625,3.61328125,-0.220703125,-0.7512386422733803,79,1712141054951
1317,0.34375,3.63671875,-0.3046875,-0.7512386422733803,95,1712141054951
1317,0.34765625,3.658203125,-0.45703125,-0.7512386422733803,55,1712141054951
1317,0.234375,3.65234375,-0.7734375,-0.7512386422733803,87,1712141054951
1317,0.236328125,3.703125,-0.716796875,-0.7512386422733803,130,1712141054951
1317,0.119140625,3.75,-0.703125,-0.7512386422733803,104,1712141054951
1317,0.33984375,3.611328125,-0.01171875,-0.6260322018944836,28,1712141054951
1317,0.34375,3.6484375,-0.0703125,-0.6260322018944836,36,1712141054951
1317,0.23046875,3.685546875,-0.283203125,-0.6260322018944836,32,1712141054951
1317,0.1171875,3.703125,-0.5234375,-0.6260322018944836,55,1712141054951
1317,0.1171875,3.734375,-0.564453125,-0.6260322018944836,87,1712141054951
1317,0.0,3.775390625,-0.568359375,-0.6260322018944836,76,1712141054951
1317,-0.357421875,3.728515625,-0.732421875,-0.5008257615155869,29,1712141054951
1317,-0.361328125,3.755859375,-0.79296875,-0.5008257615155869,35,1712141054951
1317,-0.365234375,3.80078125,-0.763671875,-0.5008257615155869,24,1712141054951
1318,0.2265625,3.5,-0.92578125,-1.0016515230311738,35,1712141055051
1318,0.228515625,3.51953125,-0.998046875,-1.0016515230311738,49,1712141055051
1318,0.23046875,3.51171875,-1.150390625,-1.0016515230311738,41,1712141055051
1318,0.1171875,3.51953125,-1.26171875,-1.0016515230311738,27,1712141055051
1318,0.224609375,3.38671875,-1.166015625,-0.876445082652277,31,1712141055051
1318,0.228515625,3.546875,-0.89453125,-0.876445082652277,42,1712141055051
1318,0.23046875,3.552734375,-1.015625,-0.876445082652277,80,1712141055051
1318,0.1171875,3.580078125,-1.083984375,-0.876445082652277,83,1712141055051
1318,0.1171875,3.609375,-1.1171875,-0.876445082652277,54,1712141055051
1318,0.111328125,3.43359375,-0.89453125,-0.7512386422733803,37,1712141055051
1318,0.224609375,3.470703125,-0.884765625,-0.7512386422733803,87,1712141055051
1318,0.2265625,3.48046875,-0.994140625,-0.7512386422733803,89,1712141055051
1318,0.115234375,3.427734375,-1.29296875,-0.7512386422733803,44,1712141055051
1318,0.115234375,3.576171875,-0.955078125,-0.7512386422733803,89,1712141055051
1318,0.1171875,3.626953125,-0.912109375,-0.7512386422733803,104,1712141055051
1318,0.0,3.66015625,-0.943359375,-0.7512386422733803,71,1712141055051
1318,0.22265625,3.44921875,-0.8125,-0.6260322018944836,29,1712141055051
1318,0.3359375,3.48828125,-0.775390625,-0.6260322018944836,62,1712141055051
1318,0.2265625,3.53515625,-0.78125,-0.6260322018944836,80,1712141055051
1318,0.115234375,3.55078125,-0.90234375,-0.6260322018944836,51,1712141055051
1318,0.115234375,3.583984375,-0.927734375,-0.6260322018944836,45,1712141055051
1318,0.0,3.65234375,-0.8125,-0.6260322018944836,51,1712141055051
1318,0.11328125,3.5703125,-0.626953125,-0.5008257615155869,21,1712141055051
1318,0.115234375,3.595703125,-0.703125,-0.5008257615155869,19,1712141055051
1319,0.0,3.521484375,-1.015625,-1.0016515230311738,28,1712141055151
1319,0.0,3.587890625,-0.916015625,-1.0016515230311738,30,1712141055151
1319,0.109375,3.4375,-0.49609375,-0.876445082652277,47,1712141055151
1319,0.21875,3.453125,-0.59765625,-0.876445082652277,74,1712141055151
1319,0.22265625,3.47265625,-0.705078125,-0.876445082652277,65,1712141055151
1319,0.3359375,3.513671875,-0.646484375,-0.876445082652277,37,1712141055151
1319,0.0,3.482421875,-1.142578125,-0.876445082652277,34,1712141055151
1319,-0.115234375,3.541015625,-1.078125,-0.876445082652277,39,1712141055151
1319,0.107421875,3.43359375,-0.033203125,-0.7512386422733803,23,1712141055151
1319,0.216796875,3.45703125,-0.265625,-0.7512386422733803,93,1712141055151
1319,0.21875,3.4765625,-0.451171875,-0.7512386422733803,163,1712141055151
1319,0.22265625,3.490234375,-0.607421875,-0.7512386422733803,156,1712141055151
1319,0.224609375,3.513671875,-0.693359375,-0.7512386422733803,96,1712141055151
1319,0.453125,3.580078125,-0.361328125,-0.7512386422733803,48,1712141055151
1319,0.396484375,4.068359375,-1.119140625,-0.7512386422733803,30,1712141055151
1319,0.109375,3.46875,-0.138671875,-0.6260322018944836,59,1712141055151
1319,0.21875,3.48828125,-0.3359375,-0.6260322018944836,120,1712141055151
1319,0.22265625,3.50390625,-0.525390625,-0.6260322018944836,138,1712141055151
1319,0.224609375,3.51953125,-0.66796875,-0.6260322018944836,104,1712141055151
1319,0.33984375,3.57421875,-0.517578125,-0.6260322018944836,64,1712141055151
1319,0.265625,4.140625,-0.861328125,-0.6260322018944836,65,1712141055151
1319,0.400390625,4.15234375,-0.935546875,-0.6260322018944836,56,1712141055151
1319,0.109375,3.5,-0.263671875,-0.5008257615155869,24,1712141055151
1319,0.22265625,3.513671875,-0.46484375,-0.5008257615155869,36,1712141055151
1319,0.111328125,3.515625,-0.70703125,-0.5008257615155869,39,1712141055151
1319,0.11328125,3.55078125,-0.728515625,-0.5008257615155869,35,1712141055151
1319,0.265625,4.1875,-0.59765625,-0.5008257615155869,42,1712141055151
1319,0.267578125,4.20703125,-0.7109375,-0.5008257615155869,37,1712141055151
1320,0.10546875,3.25390625,-0.96875,-0.876445082652277,27,1712141055251
1320,0.107421875,3.314453125,-0.89453125,-0.876445082652277,31,1712141055251
1320,0.21875,3.369140625,-0.966796875,-0.876445082652277,41,1712141055251
1320,0.111328125,3.416015625,-0.962890625,-0.876445082652277,46,1712141055251
1320,0.224609375,3.453125,-0.94921875,-0.876445082652277,36,1712141055251
1320,0.11328125,3.484375,-1.001953125,-0.876445082652277,23,1712141055251
1320,0.212890625,3.33984375,-0.58203125,-0.7512386422733803,36,1712141055251
1320,0.107421875,3.423828125,-0.259765625,-0.7512386422733803,34,1712141055251
1320,0.109375,3.392578125,-0.73828125,-0.7512386422733803,41,1712141055251
1320,0.21875,3.408203125,-0.818359375,-0.7512386422733803,107,1712141055251
1320,0.111328125,3.453125,-0.8203125,-0.7512386422733803,128,1712141055251
1320,0.111328125,3.482421875,-0.859375,-0.7512386422733803,108,1712141055251
1320,0.11328125,3.51953125,-0.865234375,-0.7512386422733803,66,1712141055251
1320,0.0,3.5703125,-0.826171875,-0.7512386422733803,30,1712141055251
1320,0.109375,3.3984375,-0.7109375,-0.6260322018944836,45,1712141055251
1320,0.109375,3.447265625,-0.6640625,-0.6260322018944836,97,1712141055251
1320,0.111328125,3.470703125,-0.740234375,-0.6260322018944836,131,1712141055251
1320,0.0,3.49609375,-0.810546875,-0.6260322018944836,126,1712141055251
1320,0.11328125,3.5234375,-0.853515625,-0.6260322018944836,83,1712141055251
1320,0.390625,4.134765625,-0.244140625,-0.6260322018944836,38,1712141055251
1320,0.26171875,4.18359375,-0.259765625,-0.6260322018944836,54,1712141055251
1320,0.265625,4.220703125,-0.267578125,-0.6260322018944836,41,1712141055251
1320,0.109375,3.408203125,-0.6640625,-0.5008257615155869,20,1712141055251
1320,0.21875,3.44140625,-0.6640625,-0.5008257615155869,34,1712141055251
1320,0.111328125,3.46484375,-0.76953125,-0.5008257615155869,65,1712141055251
1320,0.0,3.490234375,-0.83203125,-0.5008257615155869,84,1712141055251
1320,0.0,3.51953125,-0.87109375,-0.5008257615155869,59,1712141055251
1320,0.130859375,4.197265625,-0.052734375,-0.5008257615155869,37,1712141055251
1320,0.0,3.482421875,-0.693359375,-0.37561932113669017,23,1712141055251
1320,0.0,3.505859375,-0.76171875,-0.37561932113669017,34,1712141055251
1320,0.0,3.544921875,-0.767578125,-0.37561932113669017,23,1712141055251
1321,0.10546875,2.98828125,-1.61328125,-0.876445082652277,29,1712141055352
1321,0.107421875,3.2421875,-1.134765625,-0.876445082652277,38,1712141055352
1321,0.109375,3.349609375,-0.912109375,-0.876445082652277,29,1712141055352
1321,0.103515625,3.259765625,-0.62890625,-0.7512386422733803,33,1712141055352
1321,0.10546875,3.0859375,-1.326171875,-0.7512386422733803,44,1712141055352
1321,0.10546875,3.146484375,-1.275390625,-0.7512386422733803,72,1712141055352
1321,0.107421875,3.306640625,-0.927734375,-0.7512386422733803,88,1712141055352
1321,0.109375,3.416015625,-0.62109375,-0.7512386422733803,51,1712141055352
1321,-0.111328125,3.447265625,-0.841796875,-0.7512386422733803,46,1712141055352
1321,0.10546875,3.056640625,-1.390625,-0.6260322018944836,32,1712141055352
1321,0.10546875,3.232421875,-1.0390625,-0.6260322018944836,60,1712141055352
1321,0.107421875,3.35546875,-0.734375,-0.6260322018944836,65,1712141055352
1321,0.54296875,3.4296875,0.08203125,-0.6260322018944836,37,1712141055352
1321,-0.330078125,3.4296875,-0.6796875,-0.6260322018944836,42,1712141055352
1321,-0.22265625,3.494140625,-0.591796875,-0.6260322018944836,54,1712141055352
1321,0.10546875,3.22265625,-0.939453125,-0.5008257615155869,26,1712141055352
1321,0.10546875,3.2578125,-0.958984375,-0.5008257615155869,30,1712141055352
1321,0.107421875,3.3359375,-0.81640625,-0.5008257615155869,20,1712141055352
1321,0.12890625,4.12109375,0.07421875,-0.5008257615155869,25,1712141055352
1322,0.0,2.486328125,2.201171875,0.7512386422733803,17,1712141055452
1322,-0.10546875,2.349609375,2.3984375,0.7512386422733803,29,1712141055452
1322,-0.10546875,2.41015625,2.392578125,0.7512386422733803,26,1712141055452
1322,0.0,2.1796875,2.505859375,0.876445082652277,17,1712141055452
1322,-0.10546875,2.078125,2.638671875,0.876445082652277,37,1712141055452
1322,-0.212890625,2.021484375,2.72265625,0.876445082652277,35,1712141055452
1322,-0.21484375,2.181640625,2.646484375,0.876445082652277,18,1712141055452
1322,0.419921875,3.134765625,-1.134765625,-1.0016515230311738,25,1712141055452
1322,0.318359375,3.224609375,-1.021484375,-1.0016515230311738,20,1712141055452
1322,0.1015625,3.087890625,-0.994140625,-0.876445082652277,51,1712141055452
1322,0.103515625,3.119140625,-1.017578125,-0.876445082652277,95,1712141055452
1322,0.103515625,3.109375,-1.162109375,-0.876445082652277,77,1712141055452
1322,0.419921875,3.3125,-0.37890625,-0.876445082652277,24,1712141055452
1322,0.318359375,3.380859375,0.1015625,-0.876445082652277,26,1712141055452
1322,0.0,3.166015625,-0.7109375,-0.7512386422733803,66,1712141055452
1322,0.103515625,3.193359375,-0.75390625,-0.7512386422733803,129,1712141055452
1322,0.103515625,3.212890625,-0.833984375,-0.7512386422733803,125,1712141055452
1322,0.10546875,3.23828125,-0.890625,-0.7512386422733803,66,1712141055452
1322,0.10546875,3.224609375,-1.06640625,-0.7512386422733803,30,1712141055452
1322,-0.107421875,3.203125,-1.240234375,-0.7512386422733803,43,1712141055452
1322,-0.109375,3.29296875,-1.1015625,-0.7512386422733803,42,1712141055452
1322,0.0,3.22265625,-0.384765625,-0.6260322018944836,25,1712141055452
1322,0.103515625,3.251953125,-0.443359375,-0.6260322018944836,47,1712141055452
1322,0.0,3.27734375,-0.537109375,-0.6260322018944836,49,1712141055452
1322,0.2109375,3.28515625,-0.673828125,-0.6260322018944836,39,1712141055452
1322,0.10546875,3.302734375,-0.7890625,-0.6260322018944836,36,1712141055452
1322,-0.107421875,3.3046875,-0.931640625,-0.6260322018944836,41,1712141055452
1322,-0.216796875,3.341796875,-0.923828125,-0.6260322018944836,37,1712141055452
1322,0.126953125,3.90625,-1.046875,-0.6260322018944836,42,1712141055452
1322,0.255859375,3.9296875,-1.0859375,-0.6260322018944836,45,1712141055452
1322,0.126953125,3.986328125,-0.681640625,-0.5008257615155869,37,1712141055452
1322,0.255859375,4.013671875,-0.7109375,-0.5008257615155869,40,1712141055452
1322,1.037109375,3.068359375,-0.734375,0.7512386422733803,9,1712141055452
1322,1.05078125,3.11328125,-0.703125,0.7512386422733803,17,1712141055452
1322,1.0625,3.14453125,-0.7265625,0.7512386422733803,15,1712141055452
1322,1.142578125,3.06640625,-0.56640625,0.876445082652277,11,1712141055452
1322,1.05078125,3.166015625,-0.400390625,0.876445082652277,22,1712141055452
1322,1.0625,3.19140625,-0.48046875,0.876445082652277,22,1712141055452
1322,0.966796875,3.216796875,-0.7265625,0.876445082652277,11,1712141055452
1322,-0.83984375,2.638671875,1.90234375,-1.0016515230311738,13,1712141055452
1323,0.103515625,2.47265625,2.15625,0.5008257615155869,17,1712141055553
1323,0.0,2.1015625,2.423828125,0.6260322018944836,18,1712141055553
1323,0.0,2.130859375,2.447265625,0.6260322018944836,45,1712141055553
1323,0.0,2.212890625,2.42578125,0.6260322018944836,52,1712141055553
1323,0.0,2.212890625,2.4765625,0.6260322018944836,33,1712141055553
1323,0.0,2.033203125,2.48046875,0.7512386422733803,22,1712141055553
1323,0.0,1.908203125,2.625,0.7512386422733803,46,1712141055553
1323,0.0,1.96484375,2.630859375,0.7512386422733803,49,1712141055553
1323,0.0,1.935546875,2.69921875,0.7512386422733803,28,1712141055553
1323,-0.30078125,2.396484375,2.111328125,0.876445082652277,14,1712141055553
1323,-0.203125,2.283203125,2.296875,0.876445082652277,38,1712141055553
1323,-0.205078125,2.353515625,2.279296875,0.876445082652277,43,1712141055553
1323,-0.310546875,2.31640625,2.359375,0.876445082652277,23,1712141055553
1323,0.0,3.03515625,-1.03515625,-1.0016515230311738,37,1712141055553
1323,0.1015625,3.091796875,-0.98046875,-1.0016515230311738,95,1712141055553
1323,0.0,3.1328125,-0.98046875,-1.0016515230311738,95,1712141055553
1323,0.0,3.193359375,-0.912109375,-1.0016515230311738,39,1712141055553
1323,0.0,3.15234375,-0.31640625,-0.876445082652277,26,1712141055553
1323,0.0,3.142578125,-0.642578125,-0.876445082652277,90,1712141055553
1323,0.0,3.173828125,-0.673828125,-0.876445082652277,127,1712141055553
1323,0.0,3.23046875,-0.58203125,-0.876445082652277,89,1712141055553
1323,0.103515625,3.287109375,-0.466796875,-0.876445082652277,49,1712141055553
1323,0.0,3.259765625,-0.810546875,-0.876445082652277,63,1712141055553
1323,0.0,3.2890625,-0.8515625,-0.876445082652277,46,1712141055553
1323,0.0,3.162109375,-0.197265625,-0.7512386422733803,45,1712141055553
1323,0.0,3.193359375,-0.302734375,-0.7512386422733803,85,1712141055553
1323,0.0,3.23046875,-0.3125,-0.7512386422733803,82,1712141055553
1323,0.0,3.2734375,-0.248046875,-0.7512386422733803,70,1712141055553
1323,0.0,3.287109375,-0.46875,-0.7512386422733803,87,1712141055553
1323,0.0,3.3125,-0.5625,-0.7512386422733803,81,1712141055553
1323,0.0,3.341796875,-0.619140625,-0.7512386422733803,55,1712141055553
1323,0.125,3.841796875,-0.994140625,-0.7512386422733803,35,1712141055553
1323,0.125,3.8984375,-0.921875,-0.7512386422733803,50,1712141055553
1323,0.0,3.935546875,-0.939453125,-0.7512386422733803,37,1712141055553
1323,0.0,3.203125,0.140625,-0.6260322018944836,24,1712141055553
1323,0.0,3.2734375,-0.25,-0.6260322018944836,30,1712141055553
1323,0.0,3.3125,-0.244140625,-0.6260322018944836,36,1712141055553
1323,0.0,3.904296875,-0.724609375,-0.6260322018944836,33,1712141055553
1323,0.125,3.955078125,-0.63671875,-0.6260322018944836,47,1712141055553
1323,0.126953125,3.99609375,-0.619140625,-0.6260322018944836,36,1712141055553
1323,1.23046875,2.849609375,-1.072265625,0.5008257615155869,9,1712141055553
1323,1.203125,2.947265625,-0.390625,0.6260322018944836,11,1712141055553
1323,1.216796875,2.951171875,-0.5859375,0.6260322018944836,25,1712141055553
1323,1.23046875,2.9609375,-0.705078125,0.6260322018944836,28,1712141055553
1323,1.24609375,2.974609375,-0.791015625,0.6260322018944836,17,1712141055553
1323,1.1015625,3.0,-0.259765625,0.7512386422733803,12,1712141055553
1323,1.216796875,2.982421875,-0.39453125,0.7512386422733803,27,1712141055553
1323,1.23046875,3.0,-0.5078125,0.7512386422733803,29,1712141055553
1323,1.24609375,3.03125,-0.5390625,0.7512386422733803,17,1712141055553
1323,1.001953125,2.958984375,-0.724609375,0.876445082652277,9,1712141055553
1323,1.013671875,2.95703125,-0.87109375,0.876445082652277,24,1712141055553
1323,0.923828125,3.033203125,-0.8515625,0.876445082652277,25,1712141055553
1323,1.037109375,3.021484375,-0.90625,0.876445082652277,15,1712141055553
1324,0.1953125,2.208984375,2.208984375,0.6260322018944836,30,1712141055653
1324,0.197265625,2.166015625,2.3046875,0.6260322018944836,27,1712141055653
1324,0.095703125,2.103515625,2.265625,0.7512386422733803,36,1712141055653
1324,0.1953125,2.01953125,2.384765625,0.7512386422733803,72,1712141055653
1324,0.099609375,2.041015625,2.421875,0.7512386422733803,67,1712141055653
1324,0.0,2.013671875,2.49609375,0.7512386422733803,29,1712141055653
1324,0.193359375,1.931640625,2.40625,0.876445082652277,41,1712141055653
1324,0.09765625,1.9453125,2.451171875,0.876445082652277,76,1712141055653
1324,0.0,1.880859375,2.548828125,0.876445082652277,68,1712141055653
1324,0.0,1.83203125,2.630859375,0.876445082652277,29,1712141055653
1324,0.38671875,3.05078125,-0.32421875,-1.0016515230311738,17,1712141055653
1324,0.390625,3.095703125,-0.255859375,-1.0016515230311738,27,1712141055653
1324,0.396484375,3.142578125,-0.04296875,-1.0016515230311738,21,1712141055653
1324,0.0,2.787109375,-1.337890625,-0.876445082652277,27,1712141055653
1324,0.09765625,2.884765625,-1.212890625,-0.876445082652277,60,1712141055653
1324,0.0,2.984375,-1.068359375,-0.876445082652277,69,1712141055653
1324,0.0,3.025390625,-1.064453125,-0.876445082652277,39,1712141055653
1324,0.095703125,2.892578125,-1.08984375,-0.7512386422733803,40,1712141055653
1324,0.09765625,2.982421875,-0.943359375,-0.7512386422733803,89,1712141055653
1324,0.0,3.060546875,-0.818359375,-0.7512386422733803,111,1712141055653
1324,0.0,3.103515625,-0.80859375,-0.7512386422733803,72,1712141055653
1324,0.0,3.060546875,-0.654296875,-0.6260322018944836,38,1712141055653
1324,0.0,3.119140625,-0.560546875,-0.6260322018944836,52,1712141055653
1324,0.0,3.15625,-0.5625,-0.6260322018944836,38,1712141055653
1324,-1.40234375,1.880859375,2.185546875,-0.876445082652277,21,1712141055653
1325,0.55859375,2.884765625,-0.48046875,-1.0016515230311738,68,1712141055753
1325,0.56640625,2.919921875,-0.5,-1.0016515230311738,166,1712141055753
1325,0.572265625,2.958984375,-0.49609375,-1.0016515230311738,192,1712141055753
1325,0.580078125,3.0,-0.478515625,-1.0016515230311738,107,1712141055753
1325,0.587890625,3.05859375,-0.322265625,-1.0016515230311738,26,1712141055753
1325,0.458984375,2.873046875,-0.41796875,-0.876445082652277,21,1712141055753
1325,0.46484375,2.921875,-0.337890625,-0.876445082652277,145,1712141055753
1325,0.470703125,2.95703125,-0.357421875,-0.876445082652277,352,1712141055753
1325,0.572265625,2.9765625,-0.375,-0.876445082652277,401,1712141055753
1325,0.482421875,3.033203125,-0.3515625,-0.876445082652277,227,1712141055753
1325,0.587890625,3.068359375,-0.1875,-0.876445082652277,50,1712141055753
1325,0.46484375,2.935546875,-0.1796875,-0.7512386422733803,104,1712141055753
1325,0.470703125,2.96875,-0.25,-0.7512386422733803,260,1712141055753
1325,0.380859375,3.01171875,-0.326171875,-0.7512386422733803,318,1712141055753
1325,0.2890625,3.044921875,-0.453125,-0.7512386422733803,196,1712141055753
1325,0.0,3.0,-0.892578125,-0.7512386422733803,49,1712141055753
1325,-0.201171875,3.068359375,-0.91015625,-0.7512386422733803,30,1712141055753
1325,-0.203125,3.123046875,-0.859375,-0.7512386422733803,49,1712141055753
1325,-0.205078125,3.158203125,-0.87109375,-0.7512386422733803,37,1712141055753
1325,0.279296875,2.95703125,-0.216796875,-0.6260322018944836,22,1712141055753
1325,0.09375,2.970703125,-0.513671875,-0.6260322018944836,90,1712141055753
1325,0.0,2.982421875,-0.65625,-0.6260322018944836,180,1712141055753
1325,-0.095703125,3.00390625,-0.7265625,-0.6260322018944836,178,1712141055753
1325,-0.09765625,3.021484375,-0.814453125,-0.6260322018944836,83,1712141055753
1325,-0.099609375,3.1328125,-0.677734375,-0.6260322018944836,51,1712141055753
1325,-0.203125,3.173828125,-0.646484375,-0.6260322018944836,72,1712141055753
1325,-0.205078125,3.201171875,-0.697265625,-0.6260322018944836,56,1712141055753
1325,-0.09375,2.931640625,-0.705078125,-0.5008257615155869,27,1712141055753
1325,-0.095703125,2.982421875,-0.654296875,-0.5008257615155869,65,1712141055753
1325,-0.095703125,3.017578125,-0.66796875,-0.5008257615155869,76,1712141055753
1325,-0.1953125,3.04296875,-0.70703125,-0.5008257615155869,41,1712141055753
1325,-0.099609375,3.173828125,-0.4453125,-0.5008257615155869,24,1712141055753
1325,-0.203125,3.203125,-0.478515625,-0.5008257615155869,31,1712141055753
1325,-0.783203125,1.46484375,2.654296875,-1.0016515230311738,15,1712141055753
1325,-0.685546875,0.7109375,2.970703125,-0.876445082652277,27,1712141055753
1325,-1.369140625,1.734375,2.21875,-0.7512386422733803,26,1712141055753
1326,0.091796875,2.83984375,0.75,0.0,11,1712141055854
1326,0.09375,2.796875,1.01953125,0.0,11,1712141055854
1326,0.0,2.853515625,-0.974609375,-0.876445082652277,18,1712141055854
1326,0.0,2.87890625,-1.017578125,-0.876445082652277,21,1712141055854
1326,0.0,2.92578125,-0.998046875,-0.876445082652277,24,1712141055854
1326,0.55078125,2.87109375,0.3125,-0.7512386422733803,27,1712141055854
1326,-0.185546875,2.865234375,-0.79296875,-0.7512386422733803,83,1712141055854
1326,-0.189453125,2.908203125,-0.77734375,-0.7512386422733803,147,1712141055854
1326,-0.095703125,2.95703125,-0.759765625,-0.7512386422733803,140,1712141055854
1326,-0.095703125,3.00390625,-0.73046875,-0.7512386422733803,83,1712141055854
1326,0.0,3.0546875,-0.6875,-0.7512386422733803,37,1712141055854
1326,0.36328125,2.87890625,-0.029296875,-0.6260322018944836,34,1712141055854
1326,0.458984375,2.90234375,0.04296875,-0.6260322018944836,88,1712141055854
1326,-0.373046875,2.8125,-0.90234375,-0.6260322018944836,121,1712141055854
1326,-0.189453125,2.935546875,-0.669921875,-0.6260322018944836,221,1712141055854
1326,-0.19140625,2.986328125,-0.609375,-0.6260322018944836,216,1712141055854
1326,0.0,3.056640625,-0.466796875,-0.6260322018944836,121,1712141055854
1326,0.0,3.11328125,-0.32421875,-0.6260322018944836,50,1712141055854
1326,0.271484375,2.88671875,0.103515625,-0.5008257615155869,25,1712141055854
1326,0.3671875,2.9140625,0.130859375,-0.5008257615155869,76,1712141055854
1326,0.46484375,2.921875,0.330078125,-0.5008257615155869,114,1712141055854
1326,-0.376953125,2.814453125,-1.013671875,-0.5008257615155869,111,1712141055854
1326,-0.287109375,2.955078125,-0.71484375,-0.5008257615155869,109,1712141055854
1326,-0.095703125,3.06640625,-0.392578125,-0.5008257615155869,64,1712141055854
1326,0.0,3.12890625,-0.1171875,-0.5008257615155869,33,1712141055854
1326,0.275390625,2.921875,0.181640625,-0.37561932113669017,19,1712141055854
1326,0.46484375,2.9375,0.158203125,-0.37561932113669017,50,1712141055854
1326,0.470703125,2.97265625,0.185546875,-0.37561932113669017,67,1712141055854
1326,0.572265625,2.98828125,0.26171875,-0.37561932113669017,44,1712141055854
1326,0.376953125,2.98046875,0.255859375,-0.25041288075779344,16,1712141055854
1326,-0.458984375,2.685546875,-1.1015625,-0.7512386422733803,24,1712141055854
1326,0.65234375,2.75390625,0.92578125,-0.6260322018944836,107,1712141055854
1326,-0.46484375,2.396484375,-1.705078125,-0.5008257615155869,67,1712141055854
1326,0.66015625,2.826171875,0.818359375,-0.5008257615155869,105,1712141055854
1326,0.763671875,2.634765625,1.341796875,-0.5008257615155869,61,1712141055854
1327,0.0,3.029296875,-0.388671875,-1.0016515230311738,22,1712141055954
1327,0.0,2.8671875,-0.802734375,-0.876445082652277,26,1712141055954
1327,0.0,2.96875,-0.533203125,-0.876445082652277,43,1712141055954
1327,0.0,3.015625,-0.478515625,-0.876445082652277,51,1712141055954
1327,0.0,3.044921875,-0.533203125,-0.876445082652277,38,1712141055954
1327,0.0,3.0078125,-0.8671875,-0.876445082652277,23,1712141055954
1327,0.181640625,2.626953125,-1.216796875,-0.7512386422733803,19,1712141055954
1327,0.091796875,2.759765625,-1.0078125,-0.7512386422733803,56,1712141055954
1327,0.0,2.86328125,-0.814453125,-0.7512386422733803,85,1712141055954
1327,0.0,2.94921875,-0.626953125,-0.7512386422733803,74,1712141055954
1327,0.0,3.005859375,-0.537109375,-0.7512386422733803,64,1712141055954
1327,-0.095703125,3.025390625,-0.630859375,-0.7512386422733803,60,1712141055954
1327,-0.09765625,3.0390625,-0.7421875,-0.7512386422733803,50,1712141055954
1327,-0.296875,3.03125,-0.873046875,-0.7512386422733803,35,1712141055954
1327,0.1796875,2.837890625,-0.328125,-0.6260322018944836,86,1712141055954
1327,0.181640625,2.875,-0.341796875,-0.6260322018944836,191,1712141055954
1327,0.18359375,2.908203125,-0.388671875,-0.6260322018944836,222,1712141055954
1327,0.09375,2.93359375,-0.501953125,-0.6260322018944836,163,1712141055954
1327,0.0,2.94921875,-0.62890625,-0.6260322018944836,76,1712141055954
1327,0.0,3.00390625,-0.55078125,-0.6260322018944836,41,1712141055954
1327,-0.095703125,3.052734375,-0.486328125,-0.6260322018944836,45,1712141055954
1327,-0.1953125,3.07421875,-0.552734375,-0.6260322018944836,43,1712141055954
1327,0.17578125,2.814453125,-0.1796875,-0.5008257615155869,25,1712141055954
1327,0.1796875,2.85546875,-0.111328125,-0.5008257615155869,165,1712141055954
1327,0.181640625,2.89453125,-0.09765625,-0.5008257615155869,363,1712141055954
1327,0.18359375,2.931640625,-0.099609375,-0.5008257615155869,382,1712141055954
1327,0.185546875,2.96875,-0.142578125,-0.5008257615155869,200,1712141055954
1327,0.0,2.990234375,-0.38671875,-0.5008257615155869,50,1712141055954
1327,0.1796875,2.857421875,0.048828125,-0.37561932113669017,100,1712141055954
1327,0.181640625,2.89453125,0.0859375,-0.37561932113669017,219,1712141055954
1327,0.18359375,2.931640625,0.09765625,-0.37561932113669017,222,1712141055954
1327,0.185546875,2.970703125,0.107421875,-0.37561932113669017,103,1712141055954
1327,0.181640625,2.89453125,0.078125,-0.25041288075779344,36,1712141055954
1327,0.18359375,2.9296875,0.140625,-0.25041288075779344,47,1712141055954
1327,0.279296875,2.9609375,0.150390625,-0.25041288075779344,39,1712141055954
1327,0.181640625,2.880859375,0.30078125,-0.12520644037889672,24,1712141055954
1327,0.18359375,2.912109375,0.353515625,-0.12520644037889672,38,1712141055954
1327,0.185546875,2.94140625,0.423828125,-0.12520644037889672,34,1712141055954
1328,0.0,2.875,0.609375,0.0,25,1712141056055
1328,0.0,2.912109375,0.62109375,0.0,33,1712141056055
1328,0.0,2.935546875,0.6875,0.0,19,1712141056055
1328,0.0,2.994140625,-0.353515625,-1.0016515230311738,22,1712141056055
1328,-0.091796875,2.8984375,-0.484375,-0.876445082652277,31,1712141056055
1328,0.0,2.966796875,-0.2578125,-0.876445082652277,26,1712141056055
1328,-0.19140625,2.951171875,-0.759765625,-0.876445082652277,30,1712141056055
1328,-0.193359375,2.9609375,-0.8671875,-0.876445082652277,29,1712141056055
1328,0.17578125,2.7890625,0.416015625,-0.7512386422733803,27,1712141056055
1328,0.357421875,2.703125,0.873046875,-0.7512386422733803,30,1712141056055
1328,-0.36328125,2.5703125,-1.294921875,-0.7512386422733803,59,1712141056055
1328,-0.275390625,2.85546875,-0.638671875,-0.7512386422733803,76,1712141056055
1328,-0.185546875,2.923828125,-0.53125,-0.7512386422733803,44,1712141056055
1328,-0.09375,2.904296875,-0.806640625,-0.7512386422733803,27,1712141056055
1328,-0.287109375,2.904296875,-0.900390625,-0.7512386422733803,42,1712141056055
1328,-0.38671875,2.939453125,-0.87890625,-0.7512386422733803,42,1712141056055
1328,0.265625,2.654296875,0.931640625,-0.6260322018944836,33,1712141056055
1328,-0.447265625,2.529296875,-1.263671875,-0.6260322018944836,56,1712141056055
1328,-0.271484375,2.646484375,-1.158203125,-0.6260322018944836,107,1712141056055
1328,-0.275390625,2.865234375,-0.59765625,-0.6260322018944836,100,1712141056055
1328,-0.279296875,2.94921875,-0.306640625,-0.6260322018944836,49,1712141056055
1328,-0.09375,3.009765625,-0.16796875,-0.6260322018944836,42,1712141056055
1328,-0.44140625,2.74609375,-0.4921875,-0.5008257615155869,19,1712141056055
1328,-0.267578125,2.78515625,-0.60546875,-0.5008257615155869,61,1712141056055
1328,-0.181640625,2.84375,-0.54296875,-0.5008257615155869,91,1712141056055
1328,-0.275390625,2.9140625,-0.27734375,-0.5008257615155869,58,1712141056055
1328,0.0,2.853515625,0.23828125,-0.37561932113669017,54,1712141056055
1328,0.0,2.890625,0.2421875,-0.37561932113669017,80,1712141056055
1328,0.0,2.9140625,0.3828125,-0.37561932113669017,61,1712141056055
1328,0.09375,2.884765625,0.73046875,-0.37561932113669017,24,1712141056055
1328,0.0,2.77734375,0.6953125,-0.25041288075779344,24,1712141056055
1328,0.0,2.857421875,0.50390625,-0.25041288075779344,53,1712141056055
1328,0.0,2.908203125,0.423828125,-0.25041288075779344,79,1712141056055
1328,0.0,2.958984375,0.333984375,-0.25041288075779344,77,1712141056055
1328,0.09375,3.005859375,0.23046875,-0.25041288075779344,42,1712141056055
1328,0.0,2.798828125,0.767578125,-0.12520644037889672,19,1712141056055
1328,0.0,2.896484375,0.49609375,-0.12520644037889672,61,1712141056055
1328,0.0,2.9453125,0.439453125,-0.12520644037889672,77,1712141056055
1328,0.0,2.990234375,0.396484375,-0.12520644037889672,44,1712141056055
1328,-0.537109375,2.2109375,-1.73828125,-0.7512386422733803,23,1712141056055
1328,-0.6171875,2.572265625,-0.990234375,-0.6260322018944836,21,1712141056055
1328,0.537109375,2.515625,1.2578125,-0.6260322018944836,38,1712141056055
1328,0.529296875,1.865234375,2.0546875,-0.5008257615155869,11,1712141056055
1329,-0.353515625,2.779296875,0.365234375,0.0,17,1712141056154
1329,-0.357421875,2.82421875,0.306640625,0.0,19,1712141056154
1329,-0.36328125,2.859375,0.33203125,0.0,13,1712141056154
1329,0.0,2.650390625,-0.859375,-0.876445082652277,20,1712141056154
1329,0.0,2.666015625,-0.93359375,-0.876445082652277,32,1712141056154
1329,-0.1796875,2.7265625,-0.857421875,-0.876445082652277,35,1712141056154
1329,-0.181640625,2.830078125,-0.615234375,-0.876445082652277,35,1712141056154
1329,0.0,2.916015625,-0.37890625,-0.876445082652277,26,1712141056154
1329,-0.470703125,2.693359375,-1.271484375,-0.876445082652277,23,1712141056154
1329,0.0,2.705078125,-0.48828125,-0.7512386422733803,26,1712141056154
1329,-0.087890625,2.685546875,-0.73828125,-0.7512386422733803,75,1712141056154
1329,-0.087890625,2.671875,-0.912109375,-0.7512386422733803,102,1712141056154
1329,0.0,2.640625,-1.107421875,-0.7512386422733803,61,1712141056154
1329,-0.373046875,2.751953125,-1.078125,-0.7512386422733803,50,1712141056154
1329,-0.470703125,2.7734375,-1.0859375,-0.7512386422733803,63,1712141056154
1329,-0.380859375,2.83984375,-1.05859375,-0.7512386422733803,40,1712141056154
1329,0.0,2.73828125,-0.232421875,-0.6260322018944836,23,1712141056154
1329,-0.173828125,2.716796875,-0.595703125,-0.6260322018944836,81,1712141056154
1329,-0.087890625,2.74609375,-0.66015625,-0.6260322018944836,128,1712141056154
1329,-0.08984375,2.828125,-0.4375,-0.6260322018944836,117,1712141056154
1329,-0.181640625,2.853515625,-0.490234375,-0.6260322018944836,102,1712141056154
1329,-0.275390625,2.822265625,-0.77734375,-0.6260322018944836,55,1712141056154
1329,-0.373046875,2.8046875,-0.9296875,-0.6260322018944836,52,1712141056154
1329,-0.376953125,2.869140625,-0.84765625,-0.6260322018944836,59,1712141056154
1329,-0.173828125,2.76953125,-0.265625,-0.5008257615155869,51,1712141056154
1329,-0.17578125,2.806640625,-0.265625,-0.5008257615155869,94,1712141056154
1329,-0.1796875,2.845703125,-0.263671875,-0.5008257615155869,114,1712141056154
1329,-0.271484375,2.86328125,-0.380859375,-0.5008257615155869,98,1712141056154
1329,-0.275390625,2.875,-0.546875,-0.5008257615155869,46,1712141056154
1329,-0.265625,2.8125,-0.06640625,-0.37561932113669017,18,1712141056154
1329,-0.357421875,2.8125,-0.40234375,-0.37561932113669017,18,1712141056154
1329,-0.271484375,2.88671875,-0.083984375,-0.37561932113669017,24,1712141056154
1329,-0.275390625,2.923828125,0.115234375,-0.37561932113669017,25,1712141056154
1330,-0.515625,2.65625,0.48046875,0.0,15,1712141056255
1330,-0.34765625,2.72265625,0.484375,0.0,18,1712141056255
1330,-0.353515625,2.736328125,0.603515625,0.0,12,1712141056255
1330,-0.16796875,2.623046875,-0.486328125,-0.7512386422733803,23,1712141056255
1330,-0.169921875,2.634765625,-0.615234375,-0.7512386422733803,76,1712141056255
1330,-0.171875,2.642578125,-0.73828125,-0.7512386422733803,131,1712141056255
1330,-0.173828125,2.66015625,-0.8125,-0.7512386422733803,127,1712141056255
1330,-0.265625,2.720703125,-0.712890625,-0.7512386422733803,74,1712141056255
1330,-0.1796875,2.84765625,-0.228515625,-0.7512386422733803,45,1712141056255
1330,-0.271484375,2.88671875,-0.080078125,-0.7512386422733803,45,1712141056255
1330,-0.275390625,2.92578125,-0.095703125,-0.7512386422733803,28,1712141056255
1330,-0.16796875,2.6484375,-0.3125,-0.6260322018944836,41,1712141056255
1330,-0.169921875,2.67578125,-0.396484375,-0.6260322018944836,163,1712141056255
1330,-0.2578125,2.693359375,-0.490234375,-0.6260322018944836,306,1712141056255
1330,-0.173828125,2.732421875,-0.51953125,-0.6260322018944836,319,1712141056255
1330,-0.265625,2.775390625,-0.458984375,-0.6260322018944836,202,1712141056255
1330,-0.1796875,2.8515625,-0.177734375,-0.6260322018944836,106,1712141056255
1330,-0.271484375,2.888671875,-0.015625,-0.6260322018944836,84,1712141056255
1330,-0.3671875,2.916015625,0.017578125,-0.6260322018944836,47,1712141056255
1330,-0.333984375,2.646484375,-0.15625,-0.5008257615155869,26,1712141056255
1330,-0.25390625,2.689453125,-0.21875,-0.5008257615155869,114,1712141056255
1330,-0.2578125,2.72265625,-0.265625,-0.5008257615155869,227,1712141056255
1330,-0.173828125,2.767578125,-0.275390625,-0.5008257615155869,240,1712141056255
1330,-0.265625,2.802734375,-0.2421875,-0.5008257615155869,162,1712141056255
1330,-0.1796875,2.85546875,-0.08984375,-0.5008257615155869,82,1712141056255
1330,-0.271484375,2.888671875,-0.00390625,-0.5008257615155869,54,1712141056255
1330,-0.34375,2.7265625,-0.052734375,-0.37561932113669017,39,1712141056255
1330,-0.34765625,2.763671875,-0.05078125,-0.37561932113669017,43,1712141056255
1330,-0.265625,2.8125,-0.046875,-0.37561932113669017,30,1712141056255
1330,-0.34765625,2.75,-0.291015625,-0.5008257615155869,238,1712141056255
1331,-0.1640625,2.6171875,-0.25390625,-0.7512386422733803,39,1712141056355
1331,-0.16796875,2.66015625,-0.19921875,-0.7512386422733803,61,1712141056355
1331,-0.083984375,2.697265625,-0.251953125,-0.7512386422733803,45,1712141056355
1331,-0.162109375,2.58203125,-0.2109375,-0.6260322018944836,24,1712141056355
1331,-0.1640625,2.6171875,-0.24609375,-0.6260322018944836,96,1712141056355
1331,-0.16796875,2.65234375,-0.2734375,-0.6260322018944836,172,1712141056355
1331,-0.25390625,2.677734375,-0.3359375,-0.6260322018944836,162,1712141056355
1331,-0.2578125,2.7109375,-0.376953125,-0.6260322018944836,80,1712141056355
1331,-0.173828125,2.78125,-0.05859375,-0.6260322018944836,32,1712141056355
1331,-0.353515625,2.78125,-0.3515625,-0.6260322018944836,29,1712141056355
1331,-0.357421875,2.73828125,-0.75390625,-0.6260322018944836,44,1712141056355
1331,-0.544921875,2.705078125,-0.900390625,-0.6260322018944836,43,1712141056355
1331,-0.55078125,2.716796875,-0.978515625,-0.6260322018944836,30,1712141056355
1331,-0.162109375,2.580078125,-0.23046875,-0.5008257615155869,22,1712141056355
1331,-0.24609375,2.609375,-0.26171875,-0.5008257615155869,92,1712141056355
1331,-0.25,2.642578125,-0.3125,-0.5008257615155869,184,1712141056355
1331,-0.25390625,2.673828125,-0.37109375,-0.5008257615155869,190,1712141056355
1331,-0.171875,2.73046875,-0.259765625,-0.5008257615155869,110,1712141056355
1331,-0.087890625,2.78515625,0.013671875,-0.5008257615155869,80,1712141056355
1331,-0.265625,2.80859375,-0.158203125,-0.5008257615155869,63,1712141056355
1331,-0.357421875,2.798828125,-0.484375,-0.5008257615155869,63,1712141056355
1331,-0.453125,2.81640625,-0.53125,-0.5008257615155869,44,1712141056355
1331,-0.24609375,2.587890625,-0.4296875,-0.37561932113669017,37,1712141056355
1331,-0.25,2.625,-0.435546875,-0.37561932113669017,84,1712141056355
1331,-0.25390625,2.662109375,-0.439453125,-0.37561932113669017,92,1712141056355
1331,-0.2578125,2.73046875,-0.1875,-0.37561932113669017,56,1712141056355
1331,-0.087890625,2.779296875,0.19921875,-0.37561932113669017,64,1712141056355
1331,-0.087890625,2.765625,0.5703125,-0.37561932113669017,36,1712141056355
1331,-0.087890625,2.7734375,0.265625,-0.25041288075779344,22,1712141056355
1331,0.0,2.80078125,0.37109375,-0.25041288075779344,20,1712141056355
1332,-0.32421875,2.529296875,0.486328125,0.0,16,1712141056456
1332,-0.412109375,2.6015625,0.029296875,0.0,21,1712141056456
1332,-0.41796875,2.638671875,-0.0390625,0.0,24,1712141056456
1332,-0.423828125,2.677734375,0.0234375,0.0,21,1712141056456
1332,-0.486328125,0.845703125,-2.40625,0.876445082652277,30,1712141056456
1332,-0.576171875,0.5546875,-2.509765625,0.876445082652277,46,1712141056456
1332,-0.501953125,0.0,-2.6328125,0.876445082652277,31,1712141056456
1332,-0.59375,1.1171875,-2.396484375,0.876445082652277,15,1712141056456
1332,-0.162109375,2.501953125,0.671875,-1.0016515230311738,34,1712141056456
1332,-0.1640625,2.591796875,0.435546875,-1.0016515230311738,67,1712141056456
1332,-0.16796875,2.646484375,0.326171875,-1.0016515230311738,59,1712141056456
1332,-0.169921875,2.671875,0.427734375,-1.0016515230311738,24,1712141056456
1332,-0.162109375,2.580078125,-0.244140625,-0.876445082652277,36,1712141056456
1332,-0.08203125,2.62109375,-0.248046875,-0.876445082652277,32,1712141056456
1332,-0.080078125,2.54296875,-0.267578125,-0.7512386422733803,99,1712141056456
1332,-0.08203125,2.58203125,-0.265625,-0.7512386422733803,219,1712141056456
1332,-0.08203125,2.615234375,-0.302734375,-0.7512386422733803,226,1712141056456
1332,-0.083984375,2.64453125,-0.373046875,-0.7512386422733803,107,1712141056456
1332,-0.158203125,2.509765625,-0.171875,-0.6260322018944836,29,1712141056456
1332,-0.080078125,2.552734375,-0.126953125,-0.6260322018944836,171,1712141056456
1332,-0.08203125,2.59375,-0.09765625,-0.6260322018944836,359,1712141056456
1332,-0.08203125,2.6328125,-0.05859375,-0.6260322018944836,332,1712141056456
1332,0.0,2.671875,0.052734375,-0.6260322018944836,126,1712141056456
1332,-0.5078125,0.263671875,-2.6484375,-0.6260322018944836,43,1712141056456
1332,-0.080078125,2.556640625,0.029296875,-0.5008257615155869,96,1712141056456
1332,-0.08203125,2.587890625,0.19140625,-0.5008257615155869,168,1712141056456
1332,0.1640625,2.552734375,0.62890625,-0.5008257615155869,107,1712141056456
1332,-0.501953125,2.375,-1.1171875,-0.5008257615155869,178,1712141056456
1332,-0.5078125,2.4140625,-1.123046875,-0.5008257615155869,136,1712141056456
1332,-0.435546875,2.71875,-0.43359375,-0.5008257615155869,40,1712141056456
1332,-0.40625,2.474609375,-0.669921875,-0.37561932113669017,47,1712141056456
1332,-0.330078125,2.53125,-0.6484375,-0.37561932113669017,157,1712141056456
1332,-0.333984375,2.5625,-0.6796875,-0.37561932113669017,216,1712141056456
1332,-0.423828125,2.53125,-0.873046875,-0.37561932113669017,122,1712141056456
1332,0.0,2.712890625,0.44140625,-0.37561932113669017,25,1712141056456
1332,-0.34765625,2.73828125,-0.380859375,-0.37561932113669017,58,1712141056456
1332,-0.330078125,2.5703125,-0.478515625,-0.25041288075779344,46,1712141056456
1332,-0.333984375,2.5859375,-0.583984375,-0.25041288075779344,53,1712141056456
1332,-0.2578125,2.720703125,-0.30078125,-0.25041288075779344,46,1712141056456
1332,-0.34765625,2.716796875,-0.51171875,-0.25041288075779344,51,1712141056456
1332,-0.353515625,2.73828125,-0.59375,-0.25041288075779344,40,1712141056456
1332,-0.435546875,2.71484375,-0.458984375,-0.12520644037889672,16,1712141056456
1332,0.486328125,2.52734375,0.34375,0.876445082652277,18,1712141056456
1332,0.494140625,2.580078125,0.193359375,0.876445082652277,28,1712141056456
1332,0.501953125,2.625,0.017578125,0.876445082652277,19,1712141056456
1332,0.423828125,2.677734375,0.046875,0.876445082652277,9,1712141056456
1332,0.337890625,2.689453125,-0.05859375,-0.6260322018944836,24,1712141056456
1332,-0.740234375,2.044921875,-1.484375,-0.5008257615155869,81,1712141056456
1332,-1.890625,0.0,2.357421875,-0.37561932113669017,19,1712141056456
1333,-0.412109375,2.533203125,-0.58984375,0.0,17,1712141056556
1333,-0.400390625,0.5078125,-2.474609375,0.6260322018944836,19,1712141056556
1333,-0.40625,0.533203125,-2.5078125,0.6260322018944836,24,1712141056556
1333,-0.39453125,0.884765625,-2.326171875,0.7512386422733803,42,1712141056556
1333,-0.3203125,1.00390625,-2.330078125,0.7512386422733803,70,1712141056556
1333,-0.32421875,1.00390625,-2.37109375,0.7512386422733803,71,1712141056556
1333,-0.330078125,1.091796875,-2.375,0.7512386422733803,40,1712141056556
1333,-0.39453125,0.763671875,-2.369140625,0.876445082652277,33,1712141056556
1333,-0.400390625,1.150390625,-2.25,0.876445082652277,58,1712141056556
1333,-0.40625,1.359375,-2.173828125,0.876445082652277,61,1712141056556
1333,-0.330078125,1.376953125,-2.22265625,0.876445082652277,38,1712141056556
1333,0.0,2.48046875,-0.08203125,-1.0016515230311738,94,1712141056556
1333,0.0,2.51953125,-0.072265625,-1.0016515230311738,216,1712141056556
1333,0.0,2.556640625,-0.0703125,-1.0016515230311738,225,1712141056556
1333,0.0,2.59375,-0.095703125,-1.0016515230311738,104,1712141056556
1333,3.919921875,1.00390625,0.001953125,-1.0016515230311738,31,1712141056556
1333,3.95703125,1.0078125,0.09375,-1.0016515230311738,30,1712141056556
1333,-0.078125,2.478515625,0.09375,-0.876445082652277,141,1712141056556
1333,-0.078125,2.515625,0.1015625,-0.876445082652277,322,1712141056556
1333,-0.080078125,2.5546875,0.10546875,-0.876445082652277,343,1712141056556
1333,0.0,2.59375,0.10546875,-0.876445082652277,171,1712141056556
1333,0.0,2.62890625,0.154296875,-0.876445082652277,28,1712141056556
1333,3.919921875,0.998046875,0.1015625,-0.876445082652277,25,1712141056556
1333,3.95703125,1.009765625,0.0859375,-0.876445082652277,24,1712141056556
1333,-0.078125,2.474609375,0.171875,-0.7512386422733803,64,1712141056556
1333,-0.078125,2.509765625,0.216796875,-0.7512386422733803,144,1712141056556
1333,-0.080078125,2.546875,0.21875,-0.7512386422733803,155,1712141056556
1333,-0.08203125,2.58984375,0.173828125,-0.7512386422733803,78,1712141056556
1333,-0.16015625,2.52734375,-0.359375,-0.6260322018944836,20,1712141056556
1333,-0.40625,2.45703125,-0.736328125,-0.6260322018944836,20,1712141056556
1333,-0.494140625,2.341796875,-1.1015625,-0.6260322018944836,16,1712141056556
1333,-0.337890625,2.65625,-0.419921875,-0.6260322018944836,20,1712141056556
1333,-0.3203125,2.501953125,-0.421875,-0.5008257615155869,35,1712141056556
1333,-0.40625,2.44921875,-0.7578125,-0.5008257615155869,94,1712141056556
1333,-0.412109375,2.42578125,-0.939453125,-0.5008257615155869,118,1712141056556
1333,-0.41796875,2.373046875,-1.158203125,-0.5008257615155869,52,1712141056556
1333,-0.337890625,2.66015625,-0.39453125,-0.5008257615155869,46,1712141056556
1333,-0.4296875,2.67578125,-0.462890625,-0.5008257615155869,63,1712141056556
1333,-0.5234375,2.650390625,-0.6875,-0.5008257615155869,46,1712141056556
1333,-0.6171875,2.63671875,-0.802734375,-0.5008257615155869,36,1712141056556
1333,-0.71484375,2.638671875,-0.84765625,-0.5008257615155869,27,1712141056556
1333,-0.400390625,2.490234375,-0.421875,-0.37561932113669017,29,1712141056556
1333,-0.40625,2.478515625,-0.658203125,-0.37561932113669017,112,1712141056556
1333,-0.412109375,2.484375,-0.771484375,-0.37561932113669017,159,1712141056556
1333,-0.41796875,2.486328125,-0.888671875,-0.37561932113669017,84,1712141056556
1333,-0.337890625,2.6640625,-0.361328125,-0.37561932113669017,51,1712141056556
1333,-0.4296875,2.673828125,-0.47265625,-0.37561932113669017,79,1712141056556
1333,-0.5234375,2.650390625,-0.68359375,-0.37561932113669017,67,1712141056556
1333,-0.6171875,2.642578125,-0.78515625,-0.37561932113669017,55,1712141056556
1333,-0.40625,2.49609375,-0.583984375,-0.25041288075779344,40,1712141056556
1333,-0.412109375,2.529296875,-0.60546875,-0.25041288075779344,57,1712141056556
1333,-0.501953125,2.537109375,-0.673828125,-0.25041288075779344,24,1712141056556
1333,-0.337890625,2.67578125,-0.265625,-0.25041288075779344,35,1712141056556
1333,-0.4296875,2.677734375,-0.451171875,-0.25041288075779344,45,1712141056556
1333,-0.5234375,2.669921875,-0.603515625,-0.25041288075779344,37,1712141056556
1333,0.55859375,2.4921875,0.12890625,0.6260322018944836,13,1712141056556
1333,0.568359375,2.533203125,0.05078125,0.6260322018944836,15,1712141056556
1333,0.55078125,2.447265625,0.2265625,0.7512386422733803,26,1712141056556
1333,0.638671875,2.46875,0.208984375,0.7512386422733803,45,1712141056556
1333,0.568359375,2.5234375,0.212890625,0.7512386422733803,47,1712141056556
1333,0.658203125,2.537109375,0.25390625,0.7512386422733803,30,1712141056556
1333,0.55078125,2.44140625,0.287109375,0.876445082652277,22,1712141056556
1333,0.638671875,2.453125,0.337890625,0.876445082652277,41,1712141056556
1333,0.6484375,2.484375,0.38671875,0.876445082652277,45,1712141056556
1334,-0.55859375,2.494140625,0.06640625,0.0,17,1712141056656
1334,-0.486328125,2.546875,0.12109375,0.0,24,1712141056656
1334,-0.494140625,2.587890625,-0.029296875,0.0,22,1712141056656
1334,-0.224609375,0.0,2.396484375,0.6260322018944836,20,1712141056656
1334,-0.228515625,0.455078125,2.388671875,0.6260322018944836,35,1712141056656
1334,-0.232421875,0.53125,2.412109375,0.6260322018944836,33,1712141056656
1334,-0.30078125,0.7578125,-2.26171875,0.7512386422733803,28,1712141056656
1334,-0.228515625,0.869140625,-2.271484375,0.7512386422733803,70,1712141056656
1334,-0.232421875,0.6640625,-2.37890625,0.7512386422733803,88,1712141056656
1334,-0.236328125,0.513671875,-2.455078125,0.7512386422733803,52,1712141056656
1334,-0.369140625,0.0,2.349609375,0.876445082652277,20,1712141056656
1334,-0.375,0.783203125,2.2421875,0.876445082652277,33,1712141056656
1334,-0.228515625,2.107421875,1.21484375,0.876445082652277,26,1712141056656
1334,-0.232421875,1.255859375,-2.12890625,0.876445082652277,56,1712141056656
1334,-0.236328125,1.185546875,-2.2109375,0.876445082652277,44,1712141056656
1334,0.0,2.3671875,0.037109375,-1.0016515230311738,27,1712141056656
1334,0.0,2.404296875,0.01953125,-1.0016515230311738,85,1712141056656
1334,0.076171875,2.44140625,-0.009765625,-1.0016515230311738,113,1712141056656
1334,0.0,2.48046875,-0.041015625,-1.0016515230311738,72,1712141056656
1334,0.0,2.3984375,0.173828125,-0.876445082652277,44,1712141056656
1334,0.0,2.4375,0.162109375,-0.876445082652277,67,1712141056656
1334,0.0,2.4765625,0.140625,-0.876445082652277,49,1712141056656
1334,-0.314453125,2.44140625,-0.537109375,-0.6260322018944836,26,1712141056656
1334,-0.3203125,2.46484375,-0.603515625,-0.6260322018944836,63,1712141056656
1334,-0.32421875,2.49609375,-0.638671875,-0.6260322018944836,92,1712141056656
1334,-0.24609375,2.5390625,-0.658203125,-0.6260322018944836,80,1712141056656
1334,-0.16796875,2.580078125,-0.677734375,-0.6260322018944836,39,1712141056656
1334,-0.314453125,2.4609375,-0.44140625,-0.5008257615155869,83,1712141056656
1334,-0.3203125,2.482421875,-0.529296875,-0.5008257615155869,207,1712141056656
1334,-0.32421875,2.51171875,-0.57421875,-0.5008257615155869,299,1712141056656
1334,-0.330078125,2.544921875,-0.595703125,-0.5008257615155869,258,1712141056656
1334,-0.25,2.58203125,-0.638671875,-0.5008257615155869,119,1712141056656
1334,-0.76171875,2.59765625,0.130859375,-0.5008257615155869,33,1712141056656
1334,-0.6015625,2.642578125,-0.4609375,-0.5008257615155869,33,1712141056656
1334,-0.39453125,2.46875,-0.31640625,-0.37561932113669017,78,1712141056656
1334,-0.400390625,2.4921875,-0.41796875,-0.37561932113669017,199,1712141056656
1334,-0.40625,2.521484375,-0.46484375,-0.37561932113669017,291,1712141056656
1334,-0.330078125,2.5703125,-0.474609375,-0.37561932113669017,256,1712141056656
1334,-0.25,2.609375,-0.5234375,-0.37561932113669017,116,1712141056656
1334,-0.677734375,2.6171875,-0.1875,-0.37561932113669017,39,1712141056656
1334,-0.6875,2.62109375,-0.458984375,-0.37561932113669017,38,1712141056656
1334,-0.47265625,2.470703125,-0.142578125,-0.25041288075779344,20,1712141056656
1334,-0.400390625,2.509765625,-0.283203125,-0.25041288075779344,53,1712141056656
1334,-0.486328125,2.529296875,-0.322265625,-0.25041288075779344,80,1712141056656
1334,-0.412109375,2.578125,-0.34375,-0.25041288075779344,75,1712141056656
1334,-0.333984375,2.59765625,-0.52734375,-0.25041288075779344,34,1712141056656
1334,0.6015625,2.328125,-0.04296875,0.6260322018944836,12,1712141056656
1334,0.6875,2.34375,0.01953125,0.6260322018944836,21,1712141056656
1334,0.697265625,2.380859375,0.03515625,0.6260322018944836,20,1712141056656
1334,0.67578125,2.30078125,0.171875,0.7512386422733803,18,1712141056656
1334,0.6875,2.337890625,0.1875,0.7512386422733803,43,1712141056656
1334,0.697265625,2.376953125,0.12890625,0.7512386422733803,53,1712141056656
1334,0.708984375,2.416015625,0.083984375,0.7512386422733803,31,1712141056656
1334,0.591796875,2.2734375,0.283203125,0.876445082652277,13,1712141056656
1334,0.697265625,2.341796875,0.435546875,0.876445082652277,35,1712141056656
1334,0.708984375,2.40625,0.232421875,0.876445082652277,27,1712141056656
1334,2.37109375,1.158203125,-0.6171875,-0.5008257615155869,26,1712141056656
1334,2.37109375,1.203125,-0.521484375,-0.37561932113669017,26,1712141056656
1335,-0.47265625,2.46484375,0.21875,0.0,18,1712141056756
1335,-0.55859375,2.486328125,0.228515625,0.0,24,1712141056756
1335,-0.486328125,2.546875,0.107421875,0.0,24,1712141056756
1335,-0.576171875,2.556640625,-0.2734375,0.0,16,1712141056756
1335,-0.21484375,0.703125,2.169921875,0.876445082652277,27,1712141056756
1335,-0.146484375,0.8515625,2.162109375,0.876445082652277,49,1712141056756
1335,-0.1484375,0.88671875,2.189453125,0.876445082652277,43,1712141056756
1335,-0.224609375,0.830078125,2.24609375,0.876445082652277,20,1712141056756
1335,0.142578125,2.28515625,-0.046875,-1.0016515230311738,48,1712141056756
1335,0.146484375,2.32421875,-0.0390625,-1.0016515230311738,78,1712141056756
1335,0.07421875,2.365234375,-0.01171875,-1.0016515230311738,61,1712141056756
1335,0.07421875,2.404296875,-0.017578125,-1.0016515230311738,26,1712141056756
1335,0.072265625,2.287109375,0.11328125,-0.876445082652277,25,1712141056756
1335,0.0,2.32421875,0.15234375,-0.876445082652277,33,1712141056756
1335,0.0,2.357421875,0.21484375,-0.876445082652277,23,1712141056756
1335,-0.388671875,2.322265625,-0.78125,-0.6260322018944836,25,1712141056756
1335,-0.314453125,2.3828125,-0.755859375,-0.6260322018944836,73,1712141056756
1335,-0.3203125,2.43359375,-0.72265625,-0.6260322018944836,99,1712141056756
1335,-0.40625,2.4765625,-0.662109375,-0.6260322018944836,73,1712141056756
1335,-0.330078125,2.552734375,-0.560546875,-0.6260322018944836,36,1712141056756
1335,-0.388671875,2.3828125,-0.57421875,-0.5008257615155869,76,1712141056756
1335,-0.39453125,2.42578125,-0.552734375,-0.5008257615155869,208,1712141056756
1335,-0.400390625,2.470703125,-0.529296875,-0.5008257615155869,279,1712141056756
1335,-0.40625,2.515625,-0.4921875,-0.5008257615155869,214,1712141056756
1335,-0.330078125,2.583984375,-0.392578125,-0.5008257615155869,109,1712141056756
1335,-0.333984375,2.646484375,-0.173828125,-0.5008257615155869,45,1712141056756
1335,-0.388671875,2.419921875,-0.388671875,-0.37561932113669017,63,1712141056756
1335,-0.39453125,2.4609375,-0.376953125,-0.37561932113669017,171,1712141056756
1335,-0.400390625,2.5,-0.359375,-0.37561932113669017,230,1712141056756
1335,-0.40625,2.54296875,-0.32421875,-0.37561932113669017,180,1712141056756
1335,-0.412109375,2.58984375,-0.24609375,-0.37561932113669017,94,1712141056756
1335,-0.41796875,2.638671875,-0.083984375,-0.37561932113669017,45,1712141056756
1335,-0.39453125,2.486328125,-0.107421875,-0.25041288075779344,32,1712141056756
1335,-0.48046875,2.509765625,-0.11328125,-0.25041288075779344,46,1712141056756
1335,-0.486328125,2.54296875,-0.19140625,-0.25041288075779344,43,1712141056756
1335,-0.412109375,2.576171875,-0.369140625,-0.25041288075779344,29,1712141056756
1335,3.673828125,1.87890625,-0.779296875,-0.12520644037889672,35,1712141056756
1335,0.71484375,2.171875,-0.14453125,0.876445082652277,15,1712141056756
1335,0.728515625,2.208984375,-0.12890625,0.876445082652277,28,1712141056756
1335,0.740234375,2.244140625,-0.12890625,0.876445082652277,26,1712141056756
1335,0.751953125,2.263671875,-0.30859375,0.876445082652277,12,1712141056756
1336,-0.458984375,2.384765625,-0.2734375,-0.6260322018944836,28,1712141056857
1336,-0.46484375,2.392578125,-0.470703125,-0.6260322018944836,81,1712141056857
1336,-0.47265625,2.40625,-0.580078125,-0.6260322018944836,128,1712141056857
1336,-0.55859375,2.3984375,-0.69140625,-0.6260322018944836,102,1712141056857
1336,-0.568359375,2.470703125,-0.5546875,-0.6260322018944836,49,1712141056857
1336,-0.576171875,2.5703125,0.025390625,-0.6260322018944836,23,1712141056857
1336,-0.451171875,2.35546875,-0.18359375,-0.5008257615155869,27,1712141056857
1336,-0.458984375,2.39453125,-0.158203125,-0.5008257615155869,104,1712141056857
1336,-0.388671875,2.4453125,-0.1640625,-0.5008257615155869,188,1712141056857
1336,-0.47265625,2.455078125,-0.318359375,-0.5008257615155869,209,1712141056857
1336,-0.55859375,2.4453125,-0.50390625,-0.5008257615155869,153,1712141056857
1336,-0.568359375,2.5078125,-0.361328125,-0.5008257615155869,103,1712141056857
1336,-0.494140625,2.58203125,-0.15234375,-0.5008257615155869,66,1712141056857
1336,0.28125,2.158203125,-0.583984375,-0.37561932113669017,22,1712141056857
1336,0.21484375,2.2109375,-0.55859375,-0.37561932113669017,49,1712141056857
1336,0.21875,2.244140625,-0.5859375,-0.37561932113669017,50,1712141056857
1336,0.1484375,2.291015625,-0.580078125,-0.37561932113669017,24,1712141056857
1336,-0.451171875,2.341796875,-0.31640625,-0.37561932113669017,29,1712141056857
1336,-0.458984375,2.3984375,-0.0546875,-0.37561932113669017,96,1712141056857
1336,-0.46484375,2.4375,-0.0546875,-0.37561932113669017,150,1712141056857
1336,-0.47265625,2.474609375,-0.060546875,-0.37561932113669017,123,1712141056857
1336,-0.55859375,2.478515625,-0.287109375,-0.37561932113669017,81,1712141056857
1336,-0.6484375,2.505859375,-0.20703125,-0.37561932113669017,81,1712141056857
1336,-0.576171875,2.568359375,-0.08984375,-0.37561932113669017,60,1712141056857
1336,0.2109375,2.203125,-0.4140625,-0.25041288075779344,22,1712141056857
1336,0.21484375,2.24609375,-0.3984375,-0.25041288075779344,48,1712141056857
1336,0.21875,2.287109375,-0.376953125,-0.25041288075779344,49,1712141056857
1336,0.1484375,2.337890625,-0.3359375,-0.25041288075779344,24,1712141056857
1337,-0.451171875,2.359375,0.11328125,0.0,12,1712141056958
1337,-0.611328125,2.359375,0.169921875,0.0,18,1712141056958
1337,-0.54296875,2.41796875,0.14453125,0.0,19,1712141056958
1337,0.072265625,2.216796875,-0.7109375,0.37561932113669017,17,1712141056958
1337,-0.53515625,2.3203125,-0.55078125,-0.6260322018944836,39,1712141056958
1337,-0.54296875,2.34765625,-0.591796875,-0.6260322018944836,69,1712141056958
1337,-0.47265625,2.40234375,-0.595703125,-0.6260322018944836,64,1712141056958
1337,-0.400390625,2.505859375,-0.326171875,-0.6260322018944836,33,1712141056958
1337,-0.525390625,2.34375,0.103515625,-0.5008257615155869,43,1712141056958
1337,-0.53515625,2.373046875,-0.2265625,-0.5008257615155869,123,1712141056958
1337,-0.54296875,2.396484375,-0.349609375,-0.5008257615155869,178,1712141056958
1337,-0.47265625,2.4375,-0.423828125,-0.5008257615155869,146,1712141056958
1337,-0.48046875,2.5,-0.2421875,-0.5008257615155869,67,1712141056958
1337,-0.486328125,2.55078125,-0.013671875,-0.5008257615155869,45,1712141056958
1337,-0.517578125,2.30078125,-0.20703125,-0.37561932113669017,20,1712141056958
1337,-0.525390625,2.345703125,-0.080078125,-0.37561932113669017,60,1712141056958
1337,-0.53515625,2.380859375,-0.1328125,-0.37561932113669017,117,1712141056958
1337,-0.54296875,2.4140625,-0.1953125,-0.37561932113669017,143,1712141056958
1337,-0.55078125,2.443359375,-0.27734375,-0.37561932113669017,100,1712141056958
1337,-0.48046875,2.509765625,-0.111328125,-0.37561932113669017,35,1712141056958
1337,-0.451171875,2.357421875,-0.14453125,-0.25041288075779344,17,1712141056958
1337,-0.53515625,2.3828125,-0.08984375,-0.25041288075779344,27,1712141056958
1337,-0.54296875,2.416015625,-0.150390625,-0.25041288075779344,28,1712141056958
1338,-0.451171875,2.357421875,0.15625,0.0,13,1712141057058
1338,-0.458984375,2.392578125,0.1953125,0.0,20,1712141057058
1338,-0.62109375,2.3984375,0.154296875,0.0,15,1712141057058
1338,-0.294921875,2.234375,-0.720703125,-0.6260322018944836,34,1712141057058
1338,-0.375,2.28125,-0.66015625,-0.6260322018944836,68,1712141057058
1338,-0.380859375,2.32421875,-0.6484375,-0.6260322018944836,68,1712141057058
1338,-0.388671875,2.349609375,-0.697265625,-0.6260322018944836,33,1712141057058
1338,-0.4375,2.23046875,-0.509765625,-0.5008257615155869,49,1712141057058
1338,-0.443359375,2.265625,-0.5234375,-0.5008257615155869,192,1712141057058
1338,-0.451171875,2.302734375,-0.52734375,-0.5008257615155869,345,1712141057058
1338,-0.458984375,2.341796875,-0.525390625,-0.5008257615155869,336,1712141057058
1338,-0.46484375,2.384765625,-0.505859375,-0.5008257615155869,162,1712141057058
1338,-0.39453125,2.447265625,-0.453125,-0.5008257615155869,23,1712141057058
1338,-0.55859375,2.4296875,-0.5703125,-0.5008257615155869,42,1712141057058
1338,-0.568359375,2.486328125,-0.484375,-0.5008257615155869,30,1712141057058
1338,-0.509765625,2.24609375,-0.337890625,-0.37561932113669017,80,1712141057058
1338,-0.517578125,2.279296875,-0.37890625,-0.37561932113669017,284,1712141057058
1338,-0.451171875,2.328125,-0.40625,-0.37561932113669017,474,1712141057058
1338,-0.53515625,2.349609375,-0.40234375,-0.37561932113669017,439,1712141057058
1338,-0.46484375,2.41015625,-0.365234375,-0.37561932113669017,197,1712141057058
1338,1.96875,1.484375,-0.51953125,-0.37561932113669017,24,1712141057058
1338,-0.48046875,2.4609375,-0.501953125,-0.37561932113669017,40,1712141057058
1338,-0.568359375,2.509765625,-0.34765625,-0.37561932113669017,30,1712141057058
1338,-0.509765625,2.259765625,-0.23828125,-0.25041288075779344,44,1712141057058
1338,-0.517578125,2.294921875,-0.263671875,-0.25041288075779344,144,1712141057058
1338,-0.525390625,2.330078125,-0.283203125,-0.25041288075779344,222,1712141057058
1338,-0.53515625,2.36328125,-0.306640625,-0.25041288075779344,190,1712141057058
1338,-0.62109375,2.384765625,-0.296875,-0.25041288075779344,73,1712141057058
1338,3.25,2.544921875,-0.515625,-0.25041288075779344,24,1712141057058
1338,-0.369140625,2.298828125,-0.421875,-0.12520644037889672,16,1712141057058
1338,-0.451171875,2.345703125,-0.275390625,-0.12520644037889672,20,1712141057058
1338,-0.458984375,2.384765625,-0.267578125,-0.12520644037889672,17,1712141057058
1338,3.349609375,2.39453125,-0.216796875,-0.12520644037889672,25,1712141057058
1338,3.380859375,2.412109375,-0.255859375,-0.12520644037889672,31,1712141057058
1338,3.28125,2.603515625,-0.310546875,-0.12520644037889672,22,1712141057058
1338,1.96875,1.453125,-0.6015625,-0.5008257615155869,17,1712141057058
1338,-0.314453125,2.462890625,0.431640625,-0.37561932113669017,20,1712141057058
1338,-3.51171875,0.0,3.86328125,-0.12520644037889672,17,1712141057058
1338,-3.54296875,0.0,3.83203125,-0.12520644037889672,14,1712141057058
1339,-0.64453125,2.19140625,-0.169921875,0.0,13,1712141057158
1339,-0.58203125,2.2421875,-0.2421875,0.0,33,1712141057158
1339,-0.666015625,2.26953125,-0.080078125,0.0,42,1712141057158
1339,-0.67578125,2.306640625,0.04296875,0.0,44,1712141057158
1339,-0.6875,2.34375,0.0546875,0.0,34,1712141057158
1339,-0.36328125,2.1953125,-0.689453125,0.12520644037889672,30,1712141057158
1339,-0.294921875,2.25,-0.673828125,0.12520644037889672,41,1712141057158
1339,-0.375,2.3203125,-0.51171875,0.12520644037889672,29,1712141057158
1339,-0.36328125,2.19921875,-0.673828125,0.25041288075779344,19,1712141057158
1339,-0.294921875,2.26171875,-0.62890625,0.25041288075779344,25,1712141057158
1339,-0.58203125,2.25,-0.14453125,-0.5008257615155869,42,1712141057158
1339,-0.591796875,2.291015625,0.0625,-0.5008257615155869,37,1712141057158
1339,-0.525390625,2.17578125,-0.880859375,-0.5008257615155869,50,1712141057158
1339,-0.53515625,2.28515625,-0.677734375,-0.5008257615155869,69,1712141057158
1339,-0.54296875,2.31640625,-0.70703125,-0.5008257615155869,48,1712141057158
1339,-0.630859375,2.279296875,-0.869140625,-0.5008257615155869,25,1712141057158
1339,-0.572265625,2.208984375,-0.19140625,-0.37561932113669017,70,1712141057158
1339,-0.654296875,2.234375,-0.0234375,-0.37561932113669017,137,1712141057158
1339,-0.666015625,2.265625,0.158203125,-0.37561932113669017,138,1712141057158
1339,-0.6015625,2.28515625,-0.443359375,-0.37561932113669017,140,1712141057158
1339,-0.53515625,2.353515625,-0.37890625,-0.37561932113669017,169,1712141057158
1339,-0.54296875,2.380859375,-0.4375,-0.37561932113669017,111,1712141057158
1339,-0.55078125,2.390625,-0.5703125,-0.37561932113669017,59,1712141057158
1339,-0.71875,2.357421875,-0.681640625,-0.37561932113669017,38,1712141057158
1339,-0.572265625,2.216796875,-0.0703125,-0.25041288075779344,68,1712141057158
1339,-0.654296875,2.2265625,0.193359375,-0.25041288075779344,126,1712141057158
1339,-0.740234375,2.201171875,0.455078125,-0.25041288075779344,125,1712141057158
1339,-0.451171875,2.326171875,0.412109375,-0.25041288075779344,102,1712141057158
1339,-0.53515625,2.3828125,-0.083984375,-0.25041288075779344,120,1712141057158
1339,-0.54296875,2.412109375,-0.22265625,-0.25041288075779344,82,1712141057158
1339,-0.708984375,2.388671875,-0.37109375,-0.25041288075779344,56,1712141057158
1339,-0.71875,2.427734375,-0.365234375,-0.25041288075779344,38,1712141057158
1339,-0.291015625,1.8125,-1.431640625,-0.12520644037889672,25,1712141057158
1339,-0.22265625,2.068359375,-1.126953125,-0.12520644037889672,42,1712141057158
1339,-0.224609375,2.162109375,-1.02734375,-0.12520644037889672,43,1712141057158
1339,-0.3046875,2.208984375,-1.0,-0.12520644037889672,25,1712141057158
1339,-0.787109375,2.365234375,-0.36328125,-0.12520644037889672,23,1712141057158
1339,0.0,1.76171875,-1.58203125,-0.25041288075779344,69,1712141057158
1339,-0.67578125,2.294921875,0.23828125,-0.25041288075779344,99,1712141057158
1339,-0.9453125,1.98828125,0.755859375,-0.12520644037889672,16,1712141057158
1339,-0.9609375,2.06640625,0.63671875,-0.12520644037889672,32,1712141057158
1339,-1.052734375,2.0859375,0.5703125,-0.12520644037889672,30,1712141057158
1340,-0.71484375,2.140625,-0.390625,0.0,14,1712141057258
1340,-0.654296875,2.201171875,-0.384765625,0.0,34,1712141057258
1340,-0.666015625,2.2421875,-0.365234375,0.0,38,1712141057258
1340,-0.751953125,2.171875,-0.70703125,0.0,20,1712141057258
1340,-0.4375,2.1328125,-0.82421875,0.12520644037889672,20,1712141057258
1340,-0.369140625,2.162109375,-0.888671875,0.12520644037889672,39,1712141057258
1340,-0.375,2.193359375,-0.912109375,0.12520644037889672,42,1712141057258
1340,-0.380859375,2.23828125,-0.90234375,0.12520644037889672,26,1712141057258
1340,-0.443359375,2.21484375,-0.705078125,0.25041288075779344,28,1712141057258
1340,-0.451171875,2.25,-0.71875,0.25041288075779344,31,1712141057258
1340,-0.5625,2.138671875,-0.4296875,-0.37561932113669017,31,1712141057258
1340,-0.572265625,2.19140625,-0.33984375,-0.37561932113669017,92,1712141057258
1340,-0.509765625,2.255859375,-0.2734375,-0.37561932113669017,130,1712141057258
1340,-0.517578125,2.30078125,-0.19921875,-0.37561932113669017,98,1712141057258
1340,-0.6015625,2.326171875,-0.11328125,-0.37561932113669017,42,1712141057258
1340,-0.62109375,2.181640625,-1.005859375,-0.37561932113669017,27,1712141057258
1340,-0.4921875,2.16796875,-0.361328125,-0.25041288075779344,58,1712141057258
1340,-0.501953125,2.21484375,-0.302734375,-0.25041288075779344,172,1712141057258
1340,-0.509765625,2.25390625,-0.283203125,-0.25041288075779344,244,1712141057258
1340,-0.517578125,2.3046875,-0.15234375,-0.25041288075779344,181,1712141057258
1340,-0.525390625,2.341796875,0.146484375,-0.25041288075779344,78,1712141057258
1340,-0.62109375,2.251953125,-0.8359375,-0.25041288075779344,36,1712141057258
1340,-0.5625,2.1640625,-0.27734375,-0.12520644037889672,33,1712141057258
1340,-0.572265625,2.193359375,-0.32421875,-0.12520644037889672,102,1712141057258
1340,-0.58203125,2.21484375,-0.42578125,-0.12520644037889672,151,1712141057258
1340,-0.517578125,2.24609375,-0.541015625,-0.12520644037889672,119,1712141057258
1340,-0.525390625,2.2578125,-0.642578125,-0.12520644037889672,56,1712141057258
1341,-0.6328125,2.162109375,-0.001953125,0.0,25,1712141057359
1341,-0.501953125,2.234375,-0.025390625,0.0,40,1712141057359
1341,-0.58203125,2.158203125,-0.650390625,0.0,58,1712141057359
1341,-0.666015625,2.232421875,-0.421875,0.0,63,1712141057359
1341,-0.67578125,2.306640625,-0.06640625,0.0,40,1712141057359
1341,-0.611328125,2.365234375,0.0234375,0.0,21,1712141057359
1341,-0.5625,2.15234375,-0.349609375,-0.37561932113669017,23,1712141057359
1341,-0.572265625,2.19921875,-0.28125,-0.37561932113669017,46,1712141057359
1341,-0.509765625,2.255859375,-0.279296875,-0.37561932113669017,55,1712141057359
1341,-0.517578125,2.255859375,-0.494140625,-0.37561932113669017,53,1712141057359
1341,-0.525390625,2.275390625,-0.578125,-0.37561932113669017,55,1712141057359
1341,-0.53515625,2.302734375,-0.6171875,-0.37561932113669017,40,1712141057359
1341,-0.623046875,2.087890625,-0.390625,-0.25041288075779344,16,1712141057359
1341,-0.4921875,2.193359375,-0.134765625,-0.25041288075779344,69,1712141057359
1341,-0.572265625,2.216796875,-0.0234375,-0.25041288075779344,123,1712141057359
1341,-0.509765625,2.271484375,-0.00390625,-0.25041288075779344,127,1712141057359
1341,-0.517578125,2.28125,-0.35546875,-0.25041288075779344,126,1712141057359
1341,-0.525390625,2.3125,-0.39453125,-0.25041288075779344,131,1712141057359
1341,-0.53515625,2.34765625,-0.4140625,-0.25041288075779344,95,1712141057359
1341,-0.46484375,2.408203125,-0.376953125,-0.25041288075779344,37,1712141057359
1341,-0.552734375,2.1328125,-0.2109375,-0.12520644037889672,19,1712141057359
1341,-0.5625,2.1796875,-0.03125,-0.12520644037889672,66,1712141057359
1341,-0.501953125,2.2265625,0.201171875,-0.12520644037889672,104,1712141057359
1341,-0.509765625,2.22265625,-0.46875,-0.12520644037889672,114,1712141057359
1341,-0.591796875,2.259765625,-0.38671875,-0.12520644037889672,119,1712141057359
1341,-0.6015625,2.322265625,-0.17578125,-0.12520644037889672,105,1712141057359
1341,-0.53515625,2.375,-0.20703125,-0.12520644037889672,73,1712141057359
1342,-0.623046875,2.125,-0.00390625,0.0,24,1712141057459
1342,-0.6328125,2.162109375,0.005859375,0.0,73,1712141057459
1342,-0.572265625,2.216796875,0.044921875,0.0,116,1712141057459
1342,-0.654296875,2.234375,0.04296875,0.0,119,1712141057459
1342,-0.591796875,2.291015625,0.08203125,0.0,96,1712141057459
1342,-0.6015625,2.328125,0.03515625,0.0,63,1712141057459
1342,-0.53515625,2.376953125,-0.177734375,0.0,35,1712141057459
1342,-1.37890625,2.0703125,-0.7421875,-0.6260322018944836,28,1712141057459
1342,-1.3984375,2.123046875,-0.689453125,-0.6260322018944836,39,1712141057459
1342,-1.419921875,2.15234375,-0.705078125,-0.6260322018944836,40,1712141057459
1342,-1.439453125,2.205078125,-0.640625,-0.6260322018944836,27,1712141057459
1342,-1.4609375,2.05078125,-0.63671875,-0.5008257615155869,20,1712141057459
1342,-1.482421875,2.10546875,-0.5546875,-0.5008257615155869,39,1712141057459
1342,-1.419921875,2.193359375,-0.5625,-0.5008257615155869,44,1712141057459
1342,-1.439453125,2.2109375,-0.619140625,-0.5008257615155869,31,1712141057459
1342,-0.623046875,2.10546875,-0.291015625,-0.25041288075779344,25,1712141057459
1342,-0.5625,2.166015625,-0.25390625,-0.25041288075779344,75,1712141057459
1342,-0.572265625,2.20703125,-0.2109375,-0.25041288075779344,117,1712141057459
1342,-0.509765625,2.271484375,-0.06640625,-0.25041288075779344,112,1712141057459
1342,-0.517578125,2.306640625,0.130859375,-0.25041288075779344,74,1712141057459
1342,-0.451171875,2.123046875,-1.037109375,-0.25041288075779344,47,1712141057459
1342,-0.552734375,2.138671875,-0.150390625,-0.12520644037889672,46,1712141057459
1342,-0.5625,2.177734375,-0.1328125,-0.12520644037889672,138,1712141057459
1342,-0.572265625,2.21484375,-0.1015625,-0.12520644037889672,217,1712141057459
1342,-0.58203125,2.25390625,-0.06640625,-0.12520644037889672,227,1712141057459
1342,-0.591796875,2.291015625,-0.03515625,-0.12520644037889672,173,1712141057459
1342,-0.525390625,2.345703125,-0.08203125,-0.12520644037889672,113,1712141057459
1342,-0.53515625,2.353515625,-0.376953125,-0.12520644037889672,61,1712141057459
1342,0.451171875,1.7578125,1.578125,-0.25041288075779344,26,1712141057459
1343,-0.69140625,2.103515625,0.0234375,0.0,23,1712141057560
1343,-0.703125,2.13671875,0.115234375,0.0,43,1712141057560
1343,-0.572265625,2.185546875,0.375,0.0,17,1712141057560
1343,-0.80078125,2.134765625,-0.4765625,0.0,50,1712141057560
1343,-0.740234375,2.208984375,-0.416015625,0.0,56,1712141057560
1343,-0.826171875,2.224609375,-0.388671875,0.0,33,1712141057560
1343,-0.9921875,2.2265625,-0.158203125,0.0,57,1712141057560
1343,-1.0078125,2.267578125,-0.05078125,0.0,69,1712141057560
1343,-1.0234375,2.302734375,0.03515625,0.0,39,1712141057560
1343,-0.787109375,2.1484375,0.08984375,0.12520644037889672,14,1712141057560
1343,-0.654296875,2.232421875,-0.09765625,0.12520644037889672,26,1712141057560
1343,-0.740234375,2.248046875,-0.0390625,0.12520644037889672,28,1712141057560
1343,-0.751953125,2.28515625,0.03515625,0.12520644037889672,22,1712141057560
1343,-1.37890625,2.1875,-0.228515625,-0.876445082652277,25,1712141057560
1343,-1.482421875,2.17578125,-0.083984375,-0.876445082652277,21,1712141057560
1343,-1.240234375,2.11328125,-0.38671875,-0.7512386422733803,24,1712141057560
1343,-1.259765625,2.15234375,-0.361328125,-0.7512386422733803,46,1712141057560
1343,-1.279296875,2.189453125,-0.341796875,-0.7512386422733803,50,1712141057560
1343,-1.37890625,2.19140625,-0.177734375,-0.7512386422733803,41,1712141057560
1343,-1.482421875,2.173828125,-0.14453125,-0.7512386422733803,30,1712141057560
1343,-1.240234375,2.130859375,-0.275390625,-0.6260322018944836,39,1712141057560
1343,-1.259765625,2.166015625,-0.265625,-0.6260322018944836,69,1712141057560
1343,-1.279296875,2.201171875,-0.251953125,-0.6260322018944836,63,1712141057560
1343,-1.37890625,2.18359375,-0.26171875,-0.6260322018944836,34,1712141057560
1343,-1.068359375,2.111328125,-0.607421875,-0.5008257615155869,44,1712141057560
1343,-1.0859375,2.18359375,-0.4609375,-0.5008257615155869,70,1712141057560
1343,-1.181640625,2.201171875,-0.3359375,-0.5008257615155869,65,1712141057560
1343,-1.279296875,2.203125,-0.236328125,-0.5008257615155869,38,1712141057560
1343,-0.501953125,1.970703125,-1.056640625,-0.37561932113669017,20,1712141057560
1343,-0.509765625,2.044921875,-0.990234375,-0.37561932113669017,37,1712141057560
1343,-0.517578125,2.05859375,-1.046875,-0.37561932113669017,40,1712141057560
1343,-0.9765625,2.119140625,-0.583984375,-0.37561932113669017,38,1712141057560
1343,-1.068359375,2.15625,-0.416015625,-0.37561932113669017,94,1712141057560
1343,-1.0859375,2.205078125,-0.337890625,-0.37561932113669017,122,1712141057560
1343,-1.1015625,2.24609375,-0.294921875,-0.37561932113669017,81,1712141057560
1343,-1.119140625,2.275390625,-0.341796875,-0.37561932113669017,24,1712141057560
1343,-0.6328125,2.16015625,-0.060546875,-0.25041288075779344,31,1712141057560
1343,-0.71484375,2.03125,-0.77734375,-0.25041288075779344,29,1712141057560
1343,-0.58203125,2.103515625,-0.814453125,-0.25041288075779344,107,1712141057560
1343,-0.591796875,2.15234375,-0.787109375,-0.25041288075779344,116,1712141057560
1343,-0.67578125,2.171875,-0.78125,-0.25041288075779344,71,1712141057560
1343,-0.916015625,2.189453125,-0.580078125,-0.25041288075779344,41,1712141057560
1343,-1.240234375,2.14453125,0.146484375,-0.25041288075779344,48,1712141057560
1343,-1.181640625,2.224609375,0.078125,-0.25041288075779344,34,1712141057560
1343,-0.623046875,2.123046875,-0.068359375,-0.12520644037889672,45,1712141057560
1343,-0.6328125,2.162109375,0.01171875,-0.12520644037889672,86,1712141057560
1343,-0.787109375,2.125,-0.330078125,-0.12520644037889672,41,1712141057560
1343,-0.654296875,2.15234375,-0.599609375,-0.12520644037889672,137,1712141057560
1343,-0.666015625,2.201171875,-0.560546875,-0.12520644037889672,152,1712141057560
1343,-0.67578125,2.259765625,-0.47265625,-0.12520644037889672,85,1712141057560
1343,-0.916015625,2.224609375,-0.421875,-0.12520644037889672,85,1712141057560
1343,-0.9296875,2.27734375,-0.318359375,-0.12520644037889672,102,1712141057560
1343,-0.9453125,2.326171875,-0.216796875,-0.12520644037889672,56,1712141057560
1343,-0.54296875,2.041015625,-1.302734375,-0.25041288075779344,34,1712141057560
1344,-0.69140625,2.103515625,0.005859375,0.0,20,1712141057660
1344,-0.703125,2.138671875,-0.03515625,0.0,57,1712141057660
1344,-0.71484375,2.173828125,-0.072265625,0.0,76,1712141057660
1344,-0.728515625,2.208984375,-0.119140625,0.0,55,1712141057660
1344,-0.814453125,2.21875,-0.130859375,0.0,29,1712141057660
1344,-1.126953125,2.123046875,-0.05078125,0.0,37,1712141057660
1344,-1.068359375,2.197265625,0.025390625,0.0,61,1712141057660
1344,-1.0859375,2.23046875,-0.001953125,0.0,48,1712141057660
1344,-0.703125,2.13671875,0.103515625,0.12520644037889672,42,1712141057660
1344,-0.71484375,2.173828125,0.09375,0.12520644037889672,50,1712141057660
1344,-0.728515625,2.2109375,-0.06640625,0.12520644037889672,28,1712141057660
1344,-1.14453125,2.15625,0.08203125,-1.0016515230311738,32,1712141057660
1344,-1.240234375,2.1484375,0.072265625,-1.0016515230311738,47,1712141057660
1344,-1.259765625,2.1796875,0.09375,-1.0016515230311738,44,1712141057660
1344,-1.279296875,2.212890625,0.095703125,-1.0016515230311738,24,1712141057660
1344,-1.126953125,2.11328125,0.21875,-0.876445082652277,40,1712141057660
1344,-1.14453125,2.146484375,0.220703125,-0.876445082652277,93,1712141057660
1344,-1.1640625,2.177734375,0.251953125,-0.876445082652277,116,1712141057660
1344,-1.259765625,2.166015625,0.259765625,-0.876445082652277,99,1712141057660
1344,-1.279296875,2.201171875,0.2421875,-0.876445082652277,56,1712141057660
1344,-1.298828125,2.240234375,0.177734375,-0.876445082652277,16,1712141057660
1344,-1.126953125,2.111328125,0.23046875,-0.7512386422733803,67,1712141057660
1344,-1.14453125,2.146484375,0.23046875,-0.7512386422733803,144,1712141057660
1344,-1.1640625,2.177734375,0.2421875,-0.7512386422733803,155,1712141057660
1344,-1.259765625,2.158203125,0.3203125,-0.7512386422733803,93,1712141057660
1344,-1.359375,2.130859375,0.390625,-0.7512386422733803,40,1712141057660
1344,-1.203125,2.056640625,0.32421875,-0.6260322018944836,39,1712141057660
1344,-1.220703125,2.091796875,0.318359375,-0.6260322018944836,85,1712141057660
1344,-1.240234375,2.126953125,0.30859375,-0.6260322018944836,90,1712141057660
1344,-1.259765625,2.158203125,0.31640625,-0.6260322018944836,47,1712141057660
1344,-1.052734375,2.107421875,-0.482421875,-0.5008257615155869,25,1712141057660
1344,-1.068359375,2.14453125,-0.474609375,-0.5008257615155869,32,1712141057660
1344,-1.03515625,2.111328125,-0.275390625,-0.37561932113669017,32,1712141057660
1344,-1.052734375,2.142578125,-0.30078125,-0.37561932113669017,95,1712141057660
1344,-1.068359375,2.17578125,-0.306640625,-0.37561932113669017,121,1712141057660
1344,-1.0859375,2.21484375,-0.271484375,-0.37561932113669017,72,1712141057660
1344,-0.69140625,2.072265625,-0.365234375,-0.25041288075779344,22,1712141057660
1344,-0.6328125,2.123046875,-0.40625,-0.25041288075779344,62,1712141057660
1344,-0.71484375,2.1328125,-0.431640625,-0.25041288075779344,84,1712141057660
1344,-0.654296875,2.185546875,-0.466796875,-0.25041288075779344,64,1712141057660
1344,-0.517578125,2.150390625,-0.84375,-0.25041288075779344,24,1712141057660
1344,-1.052734375,2.16015625,-0.08984375,-0.25041288075779344,81,1712141057660
1344,-1.068359375,2.193359375,-0.138671875,-0.25041288075779344,102,1712141057660
1344,-1.0859375,2.228515625,-0.109375,-0.25041288075779344,62,1712141057660
1344,-0.69140625,2.095703125,-0.18359375,-0.12520644037889672,51,1712141057660
1344,-0.6328125,2.154296875,-0.1875,-0.12520644037889672,144,1712141057660
1344,-0.71484375,2.1640625,-0.2265625,-0.12520644037889672,186,1712141057660
1344,-0.654296875,2.21875,-0.271484375,-0.12520644037889672,129,1712141057660
1344,-0.740234375,2.228515625,-0.294921875,-0.12520644037889672,54,1712141057660
1344,-0.9921875,2.212890625,-0.294921875,-0.12520644037889672,62,1712141057660
1344,-1.2578125,1.921875,0.576171875,-0.25041288075779344,22,1712141057660
