803,-0.73046875,3.818359375,-0.224609375,0.0,21,1712135706541
803,-0.736328125,3.8515625,-0.275390625,0.0,65,1712135706541
803,-0.744140625,3.88671875,-0.3125,0.0,93,1712135706541
803,-0.751953125,3.919921875,-0.375,0.0,63,1712135706541
803,-0.638671875,3.98046875,-0.654296875,0.0,31,1712135706541
803,-0.64453125,4.0234375,-0.62890625,0.0,28,1712135706541
803,-0.7578125,3.974609375,0.0625,-0.37561932113669017,27,1712135706541
803,-0.765625,4.01171875,-0.078125,-0.37561932113669017,41,1712135706541
803,-0.64453125,4.068359375,-0.166015625,-0.37561932113669017,36,1712135706541
803,-0.609375,3.810546875,-0.525390625,-0.25041288075779344,28,1712135706541
803,-0.615234375,3.828125,-0.658203125,-0.25041288075779344,83,1712135706541
803,-0.62109375,3.845703125,-0.765625,-0.25041288075779344,113,1712135706541
803,-0.626953125,3.8671875,-0.8515625,-0.25041288075779344,65,1712135706541
803,-0.7578125,3.966796875,-0.255859375,-0.25041288075779344,43,1712135706541
803,-0.638671875,4.021484375,-0.318359375,-0.25041288075779344,87,1712135706541
803,-0.64453125,4.0625,-0.287109375,-0.25041288075779344,77,1712135706541
803,-0.650390625,4.103515625,-0.2421875,-0.25041288075779344,40,1712135706541
803,-0.609375,3.82421875,-0.41796875,-0.12520644037889672,41,1712135706541
803,-0.615234375,3.8515625,-0.494140625,-0.12520644037889672,126,1712135706541
803,-0.62109375,3.88671875,-0.525390625,-0.12520644037889672,179,1712135706541
803,-0.626953125,3.9140625,-0.599609375,-0.12520644037889672,114,1712135706541
803,-0.6328125,3.8828125,-0.94921875,-0.12520644037889672,38,1712135706541
803,-0.638671875,3.9765625,-0.681640625,-0.12520644037889672,87,1712135706541
803,-0.64453125,4.03125,-0.58203125,-0.12520644037889672,72,1712135706541
804,-0.73046875,3.80859375,-0.34375,0.0,31,1712135706641
804,-0.615234375,3.87890625,-0.208984375,0.0,67,1712135706641
804,-0.62109375,3.919921875,-0.119140625,0.0,66,1712135706641
804,-0.626953125,3.958984375,0.013671875,0.0,29,1712135706641
804,-0.7578125,3.970703125,-0.19921875,0.0,31,1712135706641
804,-0.638671875,4.033203125,-0.12890625,0.0,32,1712135706641
804,-0.609375,3.77734375,-0.720703125,-0.25041288075779344,46,1712135706641
804,-0.615234375,3.828125,-0.66015625,-0.25041288075779344,97,1712135706641
804,-0.62109375,3.87109375,-0.62890625,-0.25041288075779344,98,1712135706641
804,-0.626953125,3.919921875,-0.5546875,-0.25041288075779344,41,1712135706641
804,-0.6328125,3.935546875,-0.693359375,-0.25041288075779344,38,1712135706641
804,-0.638671875,3.994140625,-0.572265625,-0.25041288075779344,47,1712135706641
804,-0.73046875,3.7890625,-0.517578125,-0.12520644037889672,61,1712135706641
804,-0.615234375,3.86328125,-0.40234375,-0.12520644037889672,133,1712135706641
804,-0.62109375,3.904296875,-0.369140625,-0.12520644037889672,130,1712135706641
804,-0.626953125,3.953125,-0.205078125,-0.12520644037889672,56,1712135706641
804,-0.6328125,3.9609375,-0.533203125,-0.12520644037889672,65,1712135706641
804,-0.638671875,4.0078125,-0.462890625,-0.12520644037889672,67,1712135706641
805,-0.6015625,3.796875,-0.291015625,0.0,18,1712135706742
805,-0.609375,3.8359375,-0.29296875,0.0,65,1712135706742
805,-0.615234375,3.873046875,-0.279296875,0.0,103,1712135706742
805,-0.744140625,3.888671875,-0.306640625,0.0,74,1712135706742
805,-0.626953125,3.947265625,-0.306640625,0.0,21,1712135706742
805,-1.01171875,3.908203125,0.26953125,0.0,13,1712135706742
805,-0.609375,3.783203125,-0.689453125,-0.25041288075779344,75,1712135706742
805,-0.615234375,3.8125,-0.740234375,-0.25041288075779344,120,1712135706742
805,-0.62109375,3.83984375,-0.80078125,-0.25041288075779344,87,1712135706742
805,-0.6015625,3.767578125,-0.556640625,-0.12520644037889672,31,1712135706742
805,-0.609375,3.8125,-0.513671875,-0.12520644037889672,118,1712135706742
805,-0.615234375,3.84765625,-0.52734375,-0.12520644037889672,192,1712135706742
805,-0.62109375,3.884765625,-0.533203125,-0.12520644037889672,139,1712135706742
805,-0.626953125,3.923828125,-0.53515625,-0.12520644037889672,36,1712135706742
805,-0.7578125,3.974609375,-0.03125,-0.12520644037889672,30,1712135706742
806,-0.609375,3.828125,-0.37109375,0.0,20,1712135706842
806,-0.736328125,3.849609375,-0.3046875,0.0,20,1712135706842
806,-0.744140625,3.890625,-0.265625,0.0,16,1712135706842
806,-0.609375,3.80859375,-0.529296875,-0.12520644037889672,37,1712135706842
806,-0.615234375,3.85546875,-0.47265625,-0.12520644037889672,38,1712135706842
806,-0.62109375,3.880859375,-0.56640625,-0.12520644037889672,31,1712135706842
806,-0.626953125,3.94921875,-0.27734375,-0.12520644037889672,27,1712135706842
807,-0.751953125,3.935546875,-0.111328125,-0.12520644037889672,29,1712135706943
807,-0.6328125,3.99609375,-0.08984375,-0.12520644037889672,31,1712135706943
809,-0.615234375,3.6796875,-1.244140625,0.0,17,1712135707144
809,-0.49609375,3.546875,-1.712890625,0.0,15,1712135707144
809,-0.486328125,3.8203125,-0.57421875,0.12520644037889672,35,1712135707144
809,-0.615234375,3.794921875,-0.826171875,0.12520644037889672,46,1712135707144
809,-0.49609375,3.703125,-1.34375,0.12520644037889672,34,1712135707144
809,-0.6328125,3.97265625,-0.435546875,0.12520644037889672,25,1712135707144
810,-0.365234375,3.78515625,-0.83984375,0.0,41,1712135707244
810,-0.24609375,3.830078125,-0.85546875,0.0,45,1712135707244
810,-0.501953125,3.95703125,-0.400390625,0.0,47,1712135707244
810,-0.505859375,3.990234375,-0.439453125,0.0,46,1712135707244
810,-0.509765625,4.0078125,-0.603515625,0.0,23,1712135707244
810,-0.482421875,3.779296875,-0.58984375,0.12520644037889672,26,1712135707244
810,-0.365234375,3.830078125,-0.59765625,0.12520644037889672,74,1712135707244
810,-0.369140625,3.857421875,-0.671875,0.12520644037889672,81,1712135707244
810,-0.501953125,3.9765625,-0.08203125,0.12520644037889672,84,1712135707244
810,-0.505859375,4.013671875,-0.130859375,0.12520644037889672,77,1712135707244
810,-0.509765625,4.052734375,-0.064453125,0.12520644037889672,33,1712135707244
810,-0.365234375,3.84375,-0.5,0.25041288075779344,38,1712135707244
810,-0.24609375,3.89453125,-0.48828125,0.25041288075779344,43,1712135707244
810,-0.501953125,3.9765625,0.099609375,0.25041288075779344,39,1712135707244
810,-0.505859375,4.01171875,0.150390625,0.25041288075779344,37,1712135707244
811,-0.365234375,3.78125,-0.8515625,0.0,14,1712135707344
811,-0.24609375,3.76171875,-1.1171875,0.0,30,1712135707344
811,-0.248046875,3.822265625,-1.04296875,0.0,37,1712135707344
811,-0.25,3.900390625,-0.89453125,0.0,33,1712135707344
811,-0.37890625,3.98828125,-0.57421875,0.0,24,1712135707344
811,-0.244140625,3.783203125,-0.892578125,0.12520644037889672,36,1712135707344
811,-0.24609375,3.826171875,-0.873046875,0.12520644037889672,73,1712135707344
811,-0.248046875,3.873046875,-0.837890625,0.12520644037889672,83,1712135707344
811,-0.375,3.939453125,-0.634765625,0.12520644037889672,63,1712135707344
811,-0.37890625,4.01953125,-0.287109375,0.12520644037889672,40,1712135707344
811,-0.365234375,3.83203125,-0.58984375,0.25041288075779344,38,1712135707344
811,-0.24609375,3.876953125,-0.60546875,0.25041288075779344,73,1712135707344
811,-0.373046875,3.912109375,-0.564453125,0.25041288075779344,73,1712135707344
811,-0.375,3.974609375,-0.3671875,0.25041288075779344,44,1712135707344
811,-0.4921875,3.888671875,-0.306640625,0.37561932113669017,21,1712135707344
812,-0.25,3.94140625,-0.689453125,0.0,27,1712135707445
812,-0.251953125,4.00390625,-0.53515625,0.0,35,1712135707445
812,-0.3828125,4.03515625,-0.513671875,0.0,22,1712135707445
812,-0.369140625,3.876953125,-0.548828125,0.12520644037889672,19,1712135707445
812,-0.248046875,3.90234375,-0.689453125,0.12520644037889672,19,1712135707445
812,-0.25,3.802734375,-1.2421875,-0.12520644037889672,33,1712135707445
812,-0.251953125,3.8984375,-1.0546875,-0.12520644037889672,44,1712135707445
812,-0.126953125,3.984375,-0.888671875,-0.12520644037889672,31,1712135707445
813,-0.244140625,3.7890625,-0.8671875,0.0,13,1712135707545
813,-0.24609375,3.857421875,-0.716796875,0.0,32,1712135707545
813,-0.125,3.912109375,-0.669921875,0.0,40,1712135707545
813,-0.125,3.953125,-0.650390625,0.0,34,1712135707545
813,-0.251953125,3.974609375,-0.71484375,0.0,25,1712135707545
813,-0.375,3.98046875,-0.298828125,0.12520644037889672,28,1712135707545
813,-0.37890625,3.99609375,-0.509765625,0.12520644037889672,33,1712135707545
813,-0.255859375,4.052734375,-0.439453125,0.12520644037889672,23,1712135707545
813,0.0,3.7578125,-1.16015625,-0.25041288075779344,33,1712135707545
813,-0.125,3.80078125,-1.142578125,-0.25041288075779344,46,1712135707545
813,-0.125,3.81640625,-1.22265625,-0.25041288075779344,43,1712135707545
813,-0.126953125,3.8359375,-1.283203125,-0.25041288075779344,30,1712135707545
813,-0.12109375,3.783203125,-0.91015625,-0.12520644037889672,24,1712135707545
813,-0.123046875,3.822265625,-0.912109375,-0.12520644037889672,58,1712135707545
813,-0.125,3.861328125,-0.91796875,-0.12520644037889672,82,1712135707545
813,-0.125,3.87890625,-1.0,-0.12520644037889672,83,1712135707545
813,-0.251953125,3.88671875,-1.099609375,-0.12520644037889672,66,1712135707545
813,-0.255859375,3.91015625,-1.15234375,-0.12520644037889672,42,1712135707545
814,0.0,3.841796875,-0.62890625,0.0,34,1712135707646
814,-0.123046875,3.89453125,-0.53125,0.0,61,1712135707646
814,-0.125,3.931640625,-0.53515625,0.0,57,1712135707646
814,-0.125,3.9609375,-0.607421875,0.0,36,1712135707646
814,-0.251953125,3.982421875,-0.66796875,0.0,22,1712135707646
814,0.0,3.634765625,-1.5,-0.37561932113669017,36,1712135707646
814,0.0,3.71484375,-1.400390625,-0.37561932113669017,42,1712135707646
814,-0.125,3.73828125,-1.439453125,-0.37561932113669017,28,1712135707646
814,0.0,3.71484375,-1.166015625,-0.25041288075779344,55,1712135707646
814,-0.123046875,3.779296875,-1.078125,-0.25041288075779344,107,1712135707646
814,-0.125,3.83203125,-1.033203125,-0.25041288075779344,113,1712135707646
814,-0.125,3.8515625,-1.10546875,-0.25041288075779344,74,1712135707646
814,0.0,3.88671875,-1.126953125,-0.25041288075779344,40,1712135707646
814,0.0,3.802734375,-0.837890625,-0.12520644037889672,75,1712135707646
814,-0.123046875,3.849609375,-0.794921875,-0.12520644037889672,138,1712135707646
814,-0.125,3.89453125,-0.7578125,-0.12520644037889672,138,1712135707646
814,-0.125,3.912109375,-0.86328125,-0.12520644037889672,95,1712135707646
814,-0.126953125,3.923828125,-0.978515625,-0.12520644037889672,63,1712135707646
815,0.0,3.76953125,-0.806640625,0.0,24,1712135707746
815,-0.12109375,3.8359375,-0.654296875,0.0,84,1712135707746
815,0.0,3.88671875,-0.59765625,0.0,119,1712135707746
815,0.0,3.935546875,-0.525390625,0.0,73,1712135707746
815,-0.25,3.98828125,-0.3203125,0.0,16,1712135707746
815,-0.251953125,4.017578125,-0.4140625,0.0,40,1712135707746
815,-0.126953125,4.06640625,-0.36328125,0.0,25,1712135707746
815,0.0,3.609375,-1.359375,-0.25041288075779344,30,1712135707746
815,0.0,3.69921875,-1.216796875,-0.25041288075779344,101,1712135707746
815,0.0,3.763671875,-1.138671875,-0.25041288075779344,147,1712135707746
815,0.0,3.828125,-1.052734375,-0.25041288075779344,89,1712135707746
815,-0.126953125,3.927734375,-0.966796875,-0.25041288075779344,40,1712135707746
815,-0.126953125,3.994140625,-0.841796875,-0.25041288075779344,26,1712135707746
815,0.0,3.73828125,-0.94140625,-0.12520644037889672,47,1712135707746
815,0.0,3.787109375,-0.90625,-0.12520644037889672,158,1712135707746
815,0.0,3.83984375,-0.84765625,-0.12520644037889672,227,1712135707746
815,0.0,3.890625,-0.7890625,-0.12520644037889672,137,1712135707746
815,-0.25,3.958984375,-0.5703125,-0.12520644037889672,28,1712135707746
815,-0.126953125,3.98828125,-0.669921875,-0.12520644037889672,78,1712135707746
815,-0.126953125,4.041015625,-0.580078125,-0.12520644037889672,49,1712135707746
816,0.0,3.8203125,-0.517578125,0.0,28,1712135707846
816,0.0,3.8671875,-0.451171875,0.0,77,1712135707846
816,0.0,3.912109375,-0.392578125,0.0,103,1712135707846
816,-0.125,3.9609375,-0.248046875,0.0,87,1712135707846
816,0.0,4.0078125,-0.052734375,0.0,68,1712135707846
816,-0.126953125,4.044921875,-0.03515625,0.0,60,1712135707846
816,0.0,4.076171875,-0.26953125,0.0,49,1712135707846
816,0.0,4.1015625,-0.4296875,0.0,30,1712135707846
816,0.0,3.728515625,-1.248046875,-0.37561932113669017,27,1712135707846
816,0.0,3.8515625,-0.96484375,-0.37561932113669017,29,1712135707846
816,0.0,3.935546875,-0.759765625,-0.37561932113669017,32,1712135707846
816,0.0,3.990234375,-0.673828125,-0.37561932113669017,28,1712135707846
816,0.0,4.03125,-0.66015625,-0.37561932113669017,19,1712135707846
816,0.0,3.728515625,-0.982421875,-0.25041288075779344,40,1712135707846
816,0.12109375,3.77734375,-0.939453125,-0.25041288075779344,110,1712135707846
816,0.0,3.830078125,-0.892578125,-0.25041288075779344,154,1712135707846
816,0.0,3.90625,-0.705078125,-0.25041288075779344,147,1712135707846
816,0.0,3.978515625,-0.494140625,-0.25041288075779344,132,1712135707846
816,0.0,4.01953125,-0.470703125,-0.25041288075779344,115,1712135707846
816,0.0,4.044921875,-0.572265625,-0.25041288075779344,84,1712135707846
816,0.0,4.05078125,-0.771484375,-0.25041288075779344,46,1712135707846
816,0.0,3.7890625,-0.71875,-0.12520644037889672,52,1712135707846
816,0.0,3.826171875,-0.72265625,-0.12520644037889672,150,1712135707846
816,0.0,3.876953125,-0.654296875,-0.12520644037889672,206,1712135707846
816,-0.125,3.9375,-0.490234375,-0.12520644037889672,182,1712135707846
816,0.0,4.0,-0.2734375,-0.12520644037889672,152,1712135707846
816,0.0,4.0390625,-0.232421875,-0.12520644037889672,132,1712135707846
816,0.0,4.064453125,-0.40234375,-0.12520644037889672,103,1712135707846
816,0.0,4.068359375,-0.66796875,-0.12520644037889672,60,1712135707846
817,0.0,3.80078125,-0.84765625,0.0,21,1712135707946
817,0.0,3.86328125,-0.728515625,0.0,32,1712135707946
817,-0.125,3.931640625,-0.541015625,0.0,24,1712135707946
817,0.0,4.052734375,-0.513671875,0.0,15,1712135707946
817,-0.244140625,3.615234375,-1.42578125,0.12520644037889672,15,1712135707946
817,-0.24609375,3.75390625,-1.142578125,0.12520644037889672,26,1712135707946
817,-0.248046875,3.8125,-1.080078125,0.12520644037889672,22,1712135707946
817,0.0,3.859375,-0.755859375,-0.37561932113669017,19,1712135707946
817,0.0,3.9296875,-0.56640625,-0.37561932113669017,36,1712135707946
817,0.0,3.974609375,-0.515625,-0.37561932113669017,40,1712135707946
817,0.0,4.033203125,-0.328125,-0.37561932113669017,23,1712135707946
817,0.0,3.857421875,-0.5390625,-0.25041288075779344,29,1712135707946
817,0.0,3.888671875,-0.576171875,-0.25041288075779344,60,1712135707946
817,0.0,3.951171875,-0.384765625,-0.25041288075779344,87,1712135707946
817,0.0,4.001953125,-0.22265625,-0.25041288075779344,80,1712135707946
817,0.0,4.04296875,0.16015625,-0.25041288075779344,36,1712135707946
817,0.0,3.8515625,-0.572265625,-0.12520644037889672,35,1712135707946
817,0.0,3.908203125,-0.42578125,-0.12520644037889672,63,1712135707946
817,0.0,3.962890625,-0.25,-0.12520644037889672,70,1712135707946
817,0.0,4.0078125,-0.080078125,-0.12520644037889672,50,1712135707946
817,0.0,4.041015625,-0.603515625,-0.12520644037889672,23,1712135707946
818,0.12109375,3.806640625,-0.810546875,-0.12520644037889672,17,1712135708047
818,0.125,3.962890625,-0.583984375,-0.12520644037889672,23,1712135708047
819,0.125,3.9296875,-0.783203125,0.12520644037889672,21,1712135708148
820,0.482421875,3.673828125,-1.06640625,0.0,27,1712135708248
820,0.365234375,3.755859375,-0.9609375,0.0,52,1712135708248
820,0.369140625,3.818359375,-0.86328125,0.0,55,1712135708248
820,0.248046875,3.86328125,-0.880859375,0.0,39,1712135708248
820,0.25,3.875,-0.994140625,0.0,21,1712135708248
820,0.1328125,3.986328125,-1.431640625,0.0,19,1712135708248
820,0.1328125,4.056640625,-1.345703125,0.0,22,1712135708248
820,0.361328125,3.771484375,-0.720703125,0.12520644037889672,47,1712135708248
820,0.365234375,3.826171875,-0.625,0.12520644037889672,97,1712135708248
820,0.24609375,3.88671875,-0.54296875,0.12520644037889672,107,1712135708248
820,0.248046875,3.923828125,-0.55859375,0.12520644037889672,83,1712135708248
820,0.25,3.95703125,-0.58984375,0.12520644037889672,47,1712135708248
820,0.0,4.0703125,-1.17578125,0.12520644037889672,33,1712135708248
820,0.0,4.11328125,-1.16796875,0.12520644037889672,35,1712135708248
820,0.361328125,3.81640625,-0.40625,0.25041288075779344,27,1712135708248
820,0.244140625,3.873046875,-0.3203125,0.25041288075779344,54,1712135708248
820,0.24609375,3.91015625,-0.326171875,0.25041288075779344,60,1712135708248
820,0.125,3.953125,-0.34375,0.25041288075779344,44,1712135708248
820,0.125,3.97265625,-0.52734375,0.25041288075779344,23,1712135708248
821,0.365234375,3.779296875,-0.865234375,0.0,25,1712135708348
821,0.369140625,3.822265625,-0.841796875,0.0,55,1712135708348
821,0.373046875,3.83984375,-0.9375,0.0,95,1712135708348
821,0.375,3.830078125,-1.119140625,0.0,104,1712135708348
821,0.37890625,3.80859375,-1.314453125,0.0,70,1712135708348
821,0.509765625,3.830078125,-1.32421875,0.0,31,1712135708348
821,0.482421875,3.787109375,-0.546875,0.12520644037889672,25,1712135708348
821,0.365234375,3.8203125,-0.66015625,0.12520644037889672,49,1712135708348
821,0.369140625,3.865234375,-0.619140625,0.12520644037889672,107,1712135708348
821,0.373046875,3.88671875,-0.71484375,0.12520644037889672,179,1712135708348
821,0.375,3.890625,-0.892578125,0.12520644037889672,193,1712135708348
821,0.37890625,3.888671875,-1.056640625,0.12520644037889672,133,1712135708348
821,0.3828125,3.9140625,-1.107421875,0.12520644037889672,63,1712135708348
821,0.365234375,3.853515625,-0.427734375,0.25041288075779344,35,1712135708348
821,0.369140625,3.89453125,-0.404296875,0.25041288075779344,69,1712135708348
821,0.248046875,3.93359375,-0.486328125,0.25041288075779344,109,1712135708348
821,0.25,3.94140625,-0.685546875,0.25041288075779344,118,1712135708348
821,0.37890625,3.935546875,-0.86328125,0.25041288075779344,86,1712135708348
821,0.3828125,3.970703125,-0.8828125,0.25041288075779344,46,1712135708348
822,0.365234375,3.802734375,-0.7578125,0.0,15,1712135708449
822,0.369140625,3.814453125,-0.880859375,0.0,21,1712135708449
822,0.373046875,3.837890625,-0.9453125,0.0,19,1712135708449
822,0.25,3.91015625,-0.845703125,0.0,13,1712135708449
822,0.486328125,3.814453125,-0.609375,0.12520644037889672,51,1712135708449
822,0.4921875,3.845703125,-0.654296875,0.12520644037889672,68,1712135708449
822,0.373046875,3.9140625,-0.548828125,0.12520644037889672,58,1712135708449
822,0.375,3.970703125,-0.3984375,0.12520644037889672,58,1712135708449
822,0.505859375,4.001953125,-0.3125,0.12520644037889672,57,1712135708449
822,0.3828125,4.056640625,-0.296875,0.12520644037889672,41,1712135708449
822,0.365234375,3.857421875,-0.3828125,0.25041288075779344,61,1712135708449
822,0.4921875,3.87890625,-0.412109375,0.25041288075779344,84,1712135708449
822,0.373046875,3.94140625,-0.294921875,0.25041288075779344,83,1712135708449
822,0.375,3.982421875,-0.26953125,0.25041288075779344,101,1712135708449
822,0.37890625,4.017578125,-0.306640625,0.25041288075779344,106,1712135708449
822,0.3828125,4.056640625,-0.27734375,0.25041288075779344,74,1712135708449
822,0.365234375,3.876953125,-0.01953125,0.37561932113669017,22,1712135708449
822,0.369140625,3.912109375,-0.1171875,0.37561932113669017,32,1712135708449
822,0.248046875,3.962890625,-0.029296875,0.37561932113669017,36,1712135708449
822,0.375,3.98828125,-0.134765625,0.37561932113669017,50,1712135708449
822,0.37890625,4.021484375,-0.228515625,0.37561932113669017,54,1712135708449
822,0.3828125,4.05078125,-0.365234375,0.37561932113669017,37,1712135708449
823,0.626953125,3.75,-1.267578125,0.0,32,1712135708550
823,0.6328125,3.794921875,-1.251953125,0.0,55,1712135708550
823,0.509765625,3.87890625,-1.17578125,0.0,56,1712135708550
823,0.38671875,3.904296875,-1.265625,0.0,27,1712135708550
823,0.62109375,3.7734375,-1.064453125,0.12520644037889672,20,1712135708550
823,0.501953125,3.876953125,-0.884765625,0.12520644037889672,75,1712135708550
823,0.505859375,3.9140625,-0.89453125,0.12520644037889672,129,1712135708550
823,0.3828125,3.962890625,-0.91015625,0.12520644037889672,113,1712135708550
823,0.38671875,3.998046875,-0.927734375,0.12520644037889672,48,1712135708550
823,0.486328125,3.833984375,-0.48046875,0.25041288075779344,27,1712135708550
823,0.4921875,3.873046875,-0.462890625,0.25041288075779344,36,1712135708550
823,0.373046875,3.90234375,-0.625,0.25041288075779344,30,1712135708550
823,0.501953125,3.943359375,-0.517578125,0.25041288075779344,137,1712135708550
823,0.37890625,3.99609375,-0.505859375,0.25041288075779344,191,1712135708550
823,0.509765625,4.025390625,-0.462890625,0.25041288075779344,143,1712135708550
823,0.38671875,4.087890625,-0.373046875,0.25041288075779344,69,1712135708550
823,0.486328125,3.85546875,-0.255859375,0.37561932113669017,27,1712135708550
823,0.4921875,3.896484375,-0.1953125,0.37561932113669017,33,1712135708550
823,0.248046875,3.947265625,-0.341796875,0.37561932113669017,22,1712135708550
823,0.501953125,3.96875,-0.244140625,0.37561932113669017,106,1712135708550
823,0.37890625,4.0234375,-0.220703125,0.37561932113669017,137,1712135708550
823,0.3828125,4.064453125,-0.11328125,0.37561932113669017,109,1712135708550
823,0.515625,4.08984375,-0.02734375,0.37561932113669017,63,1712135708550
823,0.375,3.990234375,-0.05078125,0.5008257615155869,23,1712135708550
823,0.37890625,4.02734375,0.087890625,0.5008257615155869,29,1712135708550
823,0.255859375,4.07421875,0.14453125,0.5008257615155869,25,1712135708550
823,0.505859375,3.84375,-1.162109375,-0.12520644037889672,22,1712135708550
824,0.49609375,3.8046875,-1.01953125,0.0,21,1712135708650
824,0.501953125,3.869140625,-0.91796875,0.0,30,1712135708650
824,0.6328125,3.822265625,-1.171875,0.0,42,1712135708650
824,0.509765625,3.876953125,-1.1796875,0.0,41,1712135708650
824,0.515625,3.91796875,-1.1796875,0.0,21,1712135708650
824,0.615234375,3.833984375,-0.615234375,0.12520644037889672,32,1712135708650
824,0.49609375,3.92578125,-0.3203125,0.12520644037889672,44,1712135708650
824,0.6328125,3.841796875,-1.099609375,0.12520644037889672,70,1712135708650
824,0.638671875,3.9453125,-0.841796875,0.12520644037889672,98,1712135708650
824,0.515625,4.03125,-0.69140625,0.12520644037889672,86,1712135708650
824,0.51953125,4.09375,-0.537109375,0.12520644037889672,43,1712135708650
824,0.4921875,3.89453125,0.2265625,0.25041288075779344,36,1712135708650
824,0.373046875,3.921875,0.494140625,0.25041288075779344,36,1712135708650
824,0.876953125,3.59375,-1.544921875,0.25041288075779344,26,1712135708650
824,0.6328125,3.8828125,-0.947265625,0.25041288075779344,74,1712135708650
824,0.509765625,4.021484375,-0.505859375,0.25041288075779344,118,1712135708650
824,0.515625,4.07421875,-0.35546875,0.25041288075779344,128,1712135708650
824,0.51953125,4.12109375,-0.244140625,0.25041288075779344,83,1712135708650
824,0.49609375,3.93359375,-0.19921875,0.37561932113669017,21,1712135708650
824,0.501953125,3.939453125,-0.54296875,0.37561932113669017,46,1712135708650
824,0.505859375,3.978515625,-0.541015625,0.37561932113669017,54,1712135708650
824,0.509765625,4.046875,-0.228515625,0.37561932113669017,62,1712135708650
824,0.515625,4.08984375,-0.046875,0.37561932113669017,68,1712135708650
824,0.51953125,4.12890625,0.009765625,0.37561932113669017,49,1712135708650
824,-0.501953125,3.5,1.88671875,0.25041288075779344,17,1712135708650
825,0.736328125,3.8125,-0.625,0.0,17,1712135708750
825,0.62109375,3.919921875,-0.138671875,0.0,31,1712135708750
825,0.501953125,3.955078125,0.42578125,0.0,23,1712135708750
825,0.6328125,3.744140625,-1.3984375,0.0,25,1712135708750
825,0.638671875,3.931640625,-0.908203125,0.0,46,1712135708750
825,0.515625,4.025390625,-0.73046875,0.0,53,1712135708750
825,0.650390625,4.04296875,-0.736328125,0.0,43,1712135708750
825,0.615234375,3.875,-0.2734375,0.12520644037889672,32,1712135708750
825,0.62109375,3.919921875,0.138671875,0.12520644037889672,58,1712135708750
825,0.626953125,3.884765625,0.763671875,0.12520644037889672,43,1712135708750
825,0.6328125,3.83984375,-1.11328125,0.12520644037889672,46,1712135708750
825,0.509765625,4.001953125,-0.64453125,0.12520644037889672,89,1712135708750
825,0.515625,4.060546875,-0.48828125,0.12520644037889672,103,1712135708750
825,0.51953125,4.099609375,-0.48046875,0.12520644037889672,84,1712135708750
825,0.49609375,3.892578125,0.6015625,0.25041288075779344,34,1712135708750
825,0.509765625,4.04296875,-0.279296875,0.25041288075779344,44,1712135708750
825,0.515625,4.0859375,-0.197265625,0.25041288075779344,63,1712135708750
825,0.51953125,4.12109375,-0.25390625,0.25041288075779344,54,1712135708750
825,-0.884765625,2.89453125,2.685546875,0.0,13,1712135708750
825,-0.884765625,2.5546875,3.01171875,0.12520644037889672,24,1712135708750
826,0.62109375,3.88671875,-0.5234375,0.0,29,1712135708851
826,0.626953125,3.91015625,-0.615234375,0.0,40,1712135708851
826,0.6328125,3.892578125,-0.908203125,0.0,37,1712135708851
826,0.765625,3.78125,-1.34375,0.0,29,1712135708851
826,0.615234375,3.87890625,-0.193359375,0.12520644037889672,22,1712135708851
826,0.744140625,3.884765625,-0.341796875,0.12520644037889672,63,1712135708851
826,0.626953125,3.935546875,-0.42578125,0.12520644037889672,86,1712135708851
826,0.7578125,3.9140625,-0.693359375,0.12520644037889672,82,1712135708851
826,0.765625,3.8984375,-0.94921875,0.12520644037889672,69,1712135708851
826,0.7734375,3.953125,-0.880859375,0.12520644037889672,43,1712135708851
826,0.62109375,3.919921875,-0.08203125,0.25041288075779344,29,1712135708851
826,0.626953125,3.95703125,-0.13671875,0.25041288075779344,37,1712135708851
826,0.6328125,3.974609375,-0.416015625,0.25041288075779344,32,1712135708851
826,0.765625,3.8984375,-0.951171875,0.25041288075779344,24,1712135708851
826,0.751953125,3.732421875,-1.25390625,-0.12520644037889672,18,1712135708851
826,0.7578125,3.767578125,-1.26953125,-0.12520644037889672,19,1712135708851
826,0.638671875,3.861328125,-1.169921875,-0.12520644037889672,22,1712135708851
827,0.62109375,3.888671875,-0.51171875,0.0,34,1712135708951
827,0.751953125,3.908203125,-0.474609375,0.0,58,1712135708951
827,0.7578125,3.943359375,-0.50390625,0.0,44,1712135708951
827,0.509765625,4.0390625,-0.328125,0.0,14,1712135708951
827,0.751953125,3.91015625,-0.466796875,0.12520644037889672,25,1712135708951
827,0.6328125,3.9921875,-0.193359375,0.12520644037889672,18,1712135708951
827,0.744140625,3.77734375,-0.96875,-0.25041288075779344,36,1712135708951
827,0.751953125,3.80859375,-1.0,-0.25041288075779344,57,1712135708951
827,0.7578125,3.84375,-1.015625,-0.25041288075779344,42,1712135708951
827,0.736328125,3.771484375,-0.8359375,-0.12520644037889672,21,1712135708951
827,0.744140625,3.82421875,-0.767578125,-0.12520644037889672,76,1712135708951
827,0.751953125,3.86328125,-0.76171875,-0.12520644037889672,124,1712135708951
827,0.7578125,3.904296875,-0.7421875,-0.12520644037889672,92,1712135708951
827,0.638671875,3.98828125,-0.609375,-0.12520644037889672,22,1712135708951
828,0.615234375,3.849609375,-0.51953125,0.0,17,1712135709052
828,0.62109375,3.884765625,-0.541015625,0.0,51,1712135709052
828,0.626953125,3.9140625,-0.59375,0.0,69,1712135709052
828,0.6328125,3.955078125,-0.578125,0.0,49,1712135709052
828,0.638671875,4.005859375,-0.484375,0.0,24,1712135709052
828,0.62109375,3.71875,-1.244140625,-0.37561932113669017,20,1712135709052
828,0.626953125,3.716796875,-1.365234375,-0.37561932113669017,26,1712135709052
828,0.736328125,3.759765625,-0.8828125,-0.25041288075779344,31,1712135709052
828,0.744140625,3.763671875,-1.021484375,-0.25041288075779344,88,1712135709052
828,0.626953125,3.818359375,-1.046875,-0.25041288075779344,114,1712135709052
828,0.6328125,3.85546875,-1.052734375,-0.25041288075779344,76,1712135709052
828,0.509765625,3.96875,-0.8203125,-0.25041288075779344,30,1712135709052
828,0.736328125,3.791015625,-0.744140625,-0.12520644037889672,39,1712135709052
828,0.744140625,3.8125,-0.81640625,-0.12520644037889672,112,1712135709052
828,0.626953125,3.87890625,-0.79296875,-0.12520644037889672,148,1712135709052
828,0.6328125,3.91796875,-0.787109375,-0.12520644037889672,108,1712135709052
828,0.638671875,3.984375,-0.62890625,-0.12520644037889672,59,1712135709052
828,0.64453125,4.037109375,-0.53125,-0.12520644037889672,33,1712135709052
829,0.736328125,3.8359375,-0.4453125,0.0,23,1712135709152
829,0.744140625,3.884765625,-0.33984375,0.0,63,1712135709152
829,0.751953125,3.923828125,-0.333984375,0.0,75,1712135709152
829,0.6328125,3.984375,-0.306640625,0.0,41,1712135709152
829,0.638671875,4.033203125,-0.138671875,0.0,14,1712135709152
829,0.650390625,4.107421875,0.142578125,0.0,26,1712135709152
829,0.787109375,4.123046875,-0.123046875,0.0,20,1712135709152
829,0.859375,3.767578125,-0.724609375,-0.25041288075779344,25,1712135709152
829,0.744140625,3.80078125,-0.87109375,-0.25041288075779344,62,1712135709152
829,0.751953125,3.837890625,-0.8828125,-0.25041288075779344,73,1712135709152
829,0.884765625,3.845703125,-0.89453125,-0.25041288075779344,39,1712135709152
829,0.779296875,4.068359375,-0.388671875,-0.25041288075779344,27,1712135709152
829,0.736328125,3.814453125,-0.6015625,-0.12520644037889672,43,1712135709152
829,0.744140625,3.85546875,-0.583984375,-0.12520644037889672,113,1712135709152
829,0.751953125,3.89453125,-0.58203125,-0.12520644037889672,133,1712135709152
829,0.7578125,3.931640625,-0.58984375,-0.12520644037889672,72,1712135709152
829,0.765625,3.998046875,-0.349609375,-0.12520644037889672,24,1712135709152
829,0.7734375,4.048828125,-0.08203125,-0.12520644037889672,30,1712135709152
829,0.779296875,4.080078125,-0.234375,-0.12520644037889672,54,1712135709152
829,0.65625,4.138671875,-0.283203125,-0.12520644037889672,41,1712135709152
830,0.736328125,3.8359375,-0.453125,0.0,28,1712135709252
830,0.744140625,3.888671875,-0.28515625,0.0,47,1712135709252
830,0.751953125,3.935546875,-0.14453125,0.0,44,1712135709252
830,0.6328125,3.98046875,0.361328125,0.0,36,1712135709252
830,0.638671875,4.001953125,0.5078125,0.0,37,1712135709252
830,0.64453125,4.044921875,0.46875,0.0,27,1712135709252
830,0.736328125,3.783203125,-0.775390625,-0.25041288075779344,30,1712135709252
830,0.744140625,3.837890625,-0.697265625,-0.25041288075779344,47,1712135709252
830,0.751953125,3.90625,-0.490234375,-0.25041288075779344,47,1712135709252
830,0.6328125,3.99609375,-0.10546875,-0.25041288075779344,53,1712135709252
830,0.638671875,4.03515625,-0.0390625,-0.25041288075779344,64,1712135709252
830,0.7734375,4.048828125,-0.115234375,-0.25041288075779344,50,1712135709252
830,0.736328125,3.8125,-0.6171875,-0.12520644037889672,53,1712135709252
830,0.744140625,3.861328125,-0.55078125,-0.12520644037889672,87,1712135709252
830,0.751953125,3.919921875,-0.375,-0.12520644037889672,83,1712135709252
830,0.6328125,3.99609375,0.06640625,-0.12520644037889672,73,1712135709252
830,0.638671875,4.02734375,0.244140625,-0.12520644037889672,77,1712135709252
830,0.64453125,4.0703125,0.150390625,-0.12520644037889672,58,1712135709252
831,0.736328125,3.841796875,-0.400390625,0.0,20,1712135709352
831,0.62109375,3.912109375,-0.279296875,0.0,26,1712135709352
831,0.501953125,3.9765625,0.009765625,0.0,25,1712135709352
831,0.505859375,3.91796875,0.875,0.0,27,1712135709352
831,0.638671875,4.00390625,0.498046875,0.0,35,1712135709352
831,0.64453125,4.0625,0.279296875,0.0,31,1712135709352
831,0.736328125,3.724609375,-1.025390625,0.12520644037889672,17,1712135709352
831,0.62109375,3.818359375,-0.890625,0.12520644037889672,39,1712135709352
831,0.501953125,3.876953125,-0.884765625,0.12520644037889672,43,1712135709352
831,0.505859375,3.83203125,-1.201171875,0.12520644037889672,25,1712135709352
831,0.49609375,3.875,-0.708984375,0.25041288075779344,23,1712135709352
831,0.501953125,3.919921875,-0.669921875,0.25041288075779344,26,1712135709352
831,0.765625,3.8984375,-0.951171875,-0.37561932113669017,18,1712135709352
831,0.869140625,3.826171875,-0.609375,-0.25041288075779344,25,1712135709352
831,0.626953125,3.94921875,-0.2734375,-0.25041288075779344,27,1712135709352
831,0.7578125,3.966796875,-0.2421875,-0.25041288075779344,52,1712135709352
831,0.765625,4.0,-0.3125,-0.25041288075779344,75,1712135709352
831,0.7734375,4.033203125,-0.357421875,-0.25041288075779344,68,1712135709352
831,0.779296875,4.06640625,-0.416015625,-0.25041288075779344,36,1712135709352
831,0.736328125,3.853515625,-0.2734375,-0.12520644037889672,31,1712135709352
831,0.744140625,3.88671875,-0.32421875,-0.12520644037889672,41,1712135709352
831,0.626953125,3.958984375,-0.091796875,-0.12520644037889672,38,1712135709352
831,0.6328125,3.99609375,0.09765625,-0.12520644037889672,58,1712135709352
831,0.638671875,4.03515625,0.056640625,-0.12520644037889672,83,1712135709352
831,0.64453125,4.072265625,-0.021484375,-0.12520644037889672,72,1712135709352
831,0.779296875,4.083984375,-0.1875,-0.12520644037889672,37,1712135709352
832,0.859375,3.814453125,-0.421875,0.0,33,1712135709454
832,0.744140625,3.87109375,-0.48046875,0.0,36,1712135709454
832,0.751953125,3.8984375,-0.55859375,0.0,26,1712135709454
832,0.6328125,3.990234375,-0.234375,0.0,20,1712135709454
832,0.7578125,3.974609375,-0.02734375,-0.5008257615155869,35,1712135709454
832,0.765625,4.009765625,-0.115234375,-0.5008257615155869,54,1712135709454
832,0.7734375,4.04296875,-0.25,-0.5008257615155869,40,1712135709454
832,0.6328125,3.986328125,0.28125,-0.37561932113669017,28,1712135709454
832,0.765625,4.0078125,0.1796875,-0.37561932113669017,46,1712135709454
832,0.64453125,4.072265625,0.005859375,-0.37561932113669017,35,1712135709454
832,0.859375,3.73828125,-0.865234375,-0.25041288075779344,29,1712135709454
832,0.869140625,3.76171875,-0.927734375,-0.25041288075779344,33,1712135709454
832,0.7578125,3.97265625,0.1015625,-0.25041288075779344,21,1712135709454
832,0.73046875,3.7734375,-0.623046875,-0.12520644037889672,26,1712135709454
832,0.859375,3.791015625,-0.59765625,-0.12520644037889672,62,1712135709454
832,0.869140625,3.818359375,-0.650390625,-0.12520644037889672,70,1712135709454
832,0.876953125,3.83203125,-0.78515625,-0.12520644037889672,42,1712135709454
832,0.7578125,3.97265625,0.130859375,-0.12520644037889672,31,1712135709454
833,0.73046875,3.8125,-0.310546875,0.0,18,1712135709553
833,0.736328125,3.85546875,-0.24609375,0.0,34,1712135709553
833,0.744140625,3.890625,-0.283203125,0.0,25,1712135709553
833,0.6328125,3.99609375,0.091796875,0.0,26,1712135709553
833,0.765625,4.01171875,-0.001953125,0.0,25,1712135709553
833,0.7734375,4.037109375,-0.3125,0.0,16,1712135709553
833,0.736328125,3.80078125,-0.6875,-0.25041288075779344,32,1712135709553
833,0.744140625,3.84765625,-0.638671875,-0.25041288075779344,25,1712135709553
833,0.765625,3.990234375,-0.4296875,-0.25041288075779344,26,1712135709553
833,0.8515625,3.7734375,-0.451171875,-0.12520644037889672,34,1712135709553
833,0.736328125,3.837890625,-0.439453125,-0.12520644037889672,60,1712135709553
833,0.744140625,3.875,-0.4375,-0.12520644037889672,44,1712135709553
833,0.6328125,3.99609375,-0.083984375,-0.12520644037889672,29,1712135709553
833,0.765625,4.00390625,-0.259765625,-0.12520644037889672,34,1712135709553
833,0.64453125,4.056640625,-0.3515625,-0.12520644037889672,27,1712135709553
834,0.744140625,3.830078125,-0.734375,0.0,15,1712135709653
834,0.6328125,3.99609375,-0.09375,0.12520644037889672,28,1712135709653
834,0.638671875,4.033203125,-0.111328125,0.12520644037889672,23,1712135709653
834,0.859375,3.6484375,-1.1875,-0.12520644037889672,17,1712135709653
834,0.869140625,3.783203125,-0.833984375,-0.12520644037889672,28,1712135709653
834,0.751953125,3.912109375,-0.453125,-0.12520644037889672,34,1712135709653
834,0.6328125,3.994140625,-0.134765625,-0.12520644037889672,37,1712135709653
834,0.638671875,4.033203125,-0.125,-0.12520644037889672,28,1712135709653
835,0.736328125,3.802734375,-0.6796875,0.0,14,1712135709754
835,0.744140625,3.8359375,-0.701171875,0.0,20,1712135709754
835,0.626953125,3.8984375,-0.69140625,0.0,17,1712135709754
835,0.744140625,3.767578125,-1.005859375,-0.25041288075779344,23,1712135709754
835,0.751953125,3.78125,-1.09765625,-0.25041288075779344,21,1712135709754
835,0.859375,3.7265625,-0.9140625,-0.12520644037889672,31,1712135709754
835,0.744140625,3.80078125,-0.869140625,-0.12520644037889672,43,1712135709754
835,0.751953125,3.822265625,-0.94921875,-0.12520644037889672,34,1712135709754
836,0.7578125,3.96484375,-0.291015625,0.0,18,1712135709854
836,0.638671875,4.005859375,-0.4765625,0.0,16,1712135709854
836,0.626953125,3.955078125,0.166015625,0.12520644037889672,30,1712135709854
836,0.6328125,3.99609375,0.01953125,0.12520644037889672,47,1712135709854
836,0.765625,4.01171875,-0.08984375,0.12520644037889672,39,1712135709854
836,0.626953125,3.912109375,-0.611328125,-0.12520644037889672,21,1712135709854
837,0.626953125,3.94921875,-0.2734375,0.0,18,1712135709955
837,0.505859375,4.0078125,-0.248046875,0.0,20,1712135709955
837,0.501953125,3.970703125,0.236328125,0.12520644037889672,22,1712135709955
837,0.6328125,3.99609375,0.068359375,0.12520644037889672,34,1712135709955
838,0.505859375,4.013671875,0.103515625,0.12520644037889672,27,1712135710055
838,0.638671875,4.033203125,0.1015625,0.12520644037889672,22,1712135710055
838,0.66796875,4.095703125,-1.03125,-0.25041288075779344,28,1712135710055
838,0.5390625,4.126953125,-1.13671875,-0.25041288075779344,31,1712135710055
839,0.744140625,3.6953125,-1.25,0.0,18,1712135710156
839,0.751953125,3.8046875,-1.015625,0.0,23,1712135710156
839,0.6328125,3.94921875,-0.615234375,0.0,26,1712135710156
839,0.638671875,4.01953125,-0.345703125,0.0,20,1712135710156
839,0.62109375,3.7734375,-1.06640625,0.12520644037889672,29,1712135710156
839,0.626953125,3.91015625,-0.62109375,0.12520644037889672,38,1712135710156
839,0.6328125,3.9921875,-0.2109375,0.12520644037889672,43,1712135710156
839,0.638671875,4.03515625,0.005859375,0.12520644037889672,30,1712135710156
839,0.62109375,3.845703125,-0.765625,0.25041288075779344,24,1712135710156
839,0.626953125,3.91796875,-0.57421875,0.25041288075779344,24,1712135710156
840,0.6328125,3.970703125,-0.453125,0.0,21,1712135710256
840,0.638671875,4.00390625,-0.50390625,0.0,21,1712135710256
840,0.6328125,3.982421875,-0.333984375,0.25041288075779344,19,1712135710256
840,0.638671875,4.029296875,-0.224609375,0.25041288075779344,31,1712135710256
840,0.64453125,4.052734375,-0.40234375,0.25041288075779344,25,1712135710256
840,0.765625,4.00390625,0.26953125,0.37561932113669017,21,1712135710256
840,0.6328125,3.95703125,-0.55859375,-0.12520644037889672,33,1712135710256
840,0.509765625,3.96875,-0.818359375,-0.12520644037889672,25,1712135710256
841,0.62109375,3.83984375,-0.796875,0.0,11,1712135710356
841,0.501953125,3.828125,-1.076171875,0.0,11,1712135710356
841,0.615234375,3.880859375,-0.130859375,0.12520644037889672,23,1712135710356
841,0.744140625,3.869140625,-0.490234375,0.12520644037889672,35,1712135710356
841,0.626953125,3.89453125,-0.7109375,0.12520644037889672,27,1712135710356
841,0.638671875,4.029296875,0.212890625,0.12520644037889672,23,1712135710356
841,0.515625,4.08984375,0.01953125,0.12520644037889672,26,1712135710356
841,0.638671875,4.001953125,-0.51171875,-0.12520644037889672,26,1712135710356
842,0.501953125,3.953125,-0.43359375,0.0,16,1712135710457
842,0.505859375,3.9921875,-0.435546875,0.0,22,1712135710457
842,0.509765625,4.0234375,-0.484375,0.0,23,1712135710457
842,0.515625,4.056640625,-0.533203125,0.0,18,1712135710457
842,0.501953125,3.974609375,-0.15625,0.12520644037889672,28,1712135710457
842,0.505859375,4.013671875,-0.076171875,0.12520644037889672,42,1712135710457
842,0.509765625,4.052734375,-0.072265625,0.12520644037889672,46,1712135710457
842,0.515625,4.087890625,-0.123046875,0.12520644037889672,37,1712135710457
843,0.638671875,4.013671875,-0.4140625,0.0,34,1712135710557
843,0.515625,4.064453125,-0.466796875,0.0,46,1712135710557
843,0.51953125,4.109375,-0.404296875,0.0,34,1712135710557
843,0.505859375,4.013671875,0.07421875,0.12520644037889672,25,1712135710557
843,0.509765625,4.052734375,-0.001953125,0.12520644037889672,49,1712135710557
843,0.64453125,4.072265625,-0.021484375,0.12520644037889672,74,1712135710557
843,0.51953125,4.126953125,-0.076171875,0.12520644037889672,60,1712135710557
843,0.509765625,4.046875,0.228515625,0.25041288075779344,28,1712135710557
843,0.515625,4.083984375,0.216796875,0.25041288075779344,43,1712135710557
843,0.51953125,4.123046875,0.19921875,0.25041288075779344,34,1712135710557
844,0.4921875,3.82421875,-0.775390625,0.0,24,1712135710657
844,0.49609375,3.888671875,-0.6328125,0.0,32,1712135710657
844,0.501953125,3.9453125,-0.50390625,0.0,24,1712135710657
844,0.505859375,3.962890625,-0.64453125,0.0,22,1712135710657
844,0.509765625,4.0078125,-0.607421875,0.0,27,1712135710657
844,0.49609375,3.93359375,-0.203125,0.12520644037889672,19,1712135710657
844,0.37890625,4.021484375,0.2265625,0.12520644037889672,18,1712135710657
844,0.3828125,4.06640625,-0.0703125,0.12520644037889672,48,1712135710657
844,0.38671875,4.1015625,-0.15234375,0.12520644037889672,41,1712135710657
844,0.373046875,3.853515625,-0.87890625,-0.37561932113669017,34,1712135710657
844,0.375,3.865234375,-0.994140625,-0.37561932113669017,32,1712135710657
844,0.4921875,3.7109375,-1.205078125,-0.12520644037889672,36,1712135710657
844,0.49609375,3.787109375,-1.083984375,-0.12520644037889672,43,1712135710657
844,0.501953125,3.833984375,-1.060546875,-0.12520644037889672,32,1712135710657
844,0.505859375,3.89453125,-0.974609375,-0.12520644037889672,24,1712135710657
844,0.3828125,3.982421875,-0.82421875,-0.12520644037889672,23,1712135710657
844,0.38671875,4.02734375,-0.798828125,-0.12520644037889672,20,1712135710657
845,0.4921875,3.845703125,-0.654296875,0.0,17,1712135710757
845,0.49609375,3.890625,-0.62109375,0.0,26,1712135710757
845,0.501953125,3.916015625,-0.689453125,0.0,18,1712135710757
845,0.4921875,3.892578125,-0.26171875,0.12520644037889672,17,1712135710757
845,0.373046875,3.951171875,-0.080078125,0.12520644037889672,21,1712135710757
845,0.373046875,3.6875,-1.423828125,-0.37561932113669017,17,1712135710757
845,0.4921875,3.775390625,-0.982421875,-0.25041288075779344,50,1712135710757
845,0.49609375,3.796875,-1.048828125,-0.25041288075779344,65,1712135710757
845,0.375,3.814453125,-1.173828125,-0.25041288075779344,39,1712135710757
845,0.4921875,3.81640625,-0.810546875,-0.12520644037889672,62,1712135710757
845,0.373046875,3.875,-0.77734375,-0.12520644037889672,83,1712135710757
845,0.501953125,3.892578125,-0.818359375,-0.12520644037889672,53,1712135710757
846,0.248046875,3.9140625,-0.623046875,0.0,11,1712135710858
846,0.125,4.001953125,-0.208984375,0.0,13,1712135710858
846,0.251953125,4.03515625,0.17578125,0.0,25,1712135710858
846,0.255859375,4.07421875,0.162109375,0.0,37,1712135710858
846,0.2578125,4.111328125,0.185546875,0.0,35,1712135710858
846,0.259765625,4.15234375,0.109375,0.0,22,1712135710858
846,0.251953125,4.0078125,-0.505859375,-0.25041288075779344,24,1712135710858
846,0.3828125,4.056640625,-0.298828125,-0.25041288075779344,35,1712135710858
846,0.38671875,4.083984375,-0.408203125,-0.25041288075779344,33,1712135710858
846,0.369140625,3.833984375,-0.787109375,-0.12520644037889672,21,1712135710858
846,0.373046875,3.875,-0.78125,-0.12520644037889672,26,1712135710858
846,0.25,3.9453125,-0.66015625,-0.12520644037889672,32,1712135710858
846,0.251953125,4.03515625,-0.169921875,-0.12520644037889672,47,1712135710858
846,0.255859375,4.076171875,0.021484375,-0.12520644037889672,64,1712135710858
846,0.38671875,4.1015625,-0.154296875,-0.12520644037889672,64,1712135710858
846,0.390625,4.134765625,-0.265625,-0.12520644037889672,42,1712135710858
847,0.365234375,3.83984375,-0.533203125,0.0,15,1712135710958
847,0.369140625,3.884765625,-0.484375,0.0,36,1712135710958
847,0.373046875,3.923828125,-0.484375,0.0,45,1712135710958
847,0.375,3.97265625,-0.37109375,0.0,47,1712135710958
847,0.251953125,4.029296875,-0.283203125,0.0,47,1712135710958
847,0.369140625,3.908203125,-0.212890625,0.12520644037889672,23,1712135710958
847,0.373046875,3.939453125,-0.330078125,0.12520644037889672,29,1712135710958
847,0.25,3.984375,-0.357421875,0.12520644037889672,21,1712135710958
847,0.4921875,3.7578125,-1.044921875,-0.25041288075779344,33,1712135710958
847,0.373046875,3.818359375,-1.021484375,-0.25041288075779344,43,1712135710958
847,0.375,3.888671875,-0.89453125,-0.25041288075779344,46,1712135710958
847,0.251953125,3.95703125,-0.8046875,-0.25041288075779344,45,1712135710958
847,0.126953125,4.07421875,-0.26171875,-0.25041288075779344,34,1712135710958
847,0.38671875,4.095703125,-0.287109375,-0.25041288075779344,46,1712135710958
847,0.13671875,4.201171875,-1.130859375,-0.25041288075779344,24,1712135710958
847,0.365234375,3.828125,-0.6171875,-0.12520644037889672,33,1712135710958
847,0.4921875,3.830078125,-0.744140625,-0.12520644037889672,80,1712135710958
847,0.373046875,3.876953125,-0.767578125,-0.12520644037889672,103,1712135710958
847,0.375,3.93359375,-0.673828125,-0.12520644037889672,101,1712135710958
847,0.251953125,3.99609375,-0.58203125,-0.12520644037889672,95,1712135710958
847,0.126953125,4.04296875,-0.56640625,-0.12520644037889672,53,1712135710958
847,0.38671875,4.10546875,-0.025390625,-0.12520644037889672,48,1712135710958
848,0.244140625,3.88671875,0.005859375,0.0,21,1712135711059
848,0.369140625,3.912109375,-0.1640625,0.0,48,1712135711059
848,0.373046875,3.939453125,-0.31640625,0.0,57,1712135711059
848,0.125,3.986328125,-0.392578125,0.0,63,1712135711059
848,0.126953125,4.0390625,-0.19921875,0.0,71,1712135711059
848,0.126953125,4.080078125,-0.15234375,0.0,48,1712135711059
848,0.244140625,3.8125,-0.759765625,0.12520644037889672,24,1712135711059
848,0.24609375,3.8203125,-0.900390625,0.12520644037889672,55,1712135711059
848,0.248046875,3.8359375,-0.99609375,0.12520644037889672,57,1712135711059
848,0.25,3.8984375,-0.8984375,0.12520644037889672,28,1712135711059
848,0.24609375,3.8671875,-0.666015625,0.25041288075779344,36,1712135711059
848,0.248046875,3.890625,-0.755859375,0.25041288075779344,39,1712135711059
848,0.486328125,3.78125,-0.794921875,-0.25041288075779344,38,1712135711059
848,0.369140625,3.83984375,-0.759765625,-0.25041288075779344,79,1712135711059
848,0.373046875,3.888671875,-0.705078125,-0.25041288075779344,81,1712135711059
848,0.25,3.9453125,-0.66015625,-0.25041288075779344,58,1712135711059
848,0.126953125,3.951171875,-0.861328125,-0.25041288075779344,58,1712135711059
848,0.255859375,4.025390625,-0.642578125,-0.25041288075779344,62,1712135711059
848,0.2578125,4.09765625,-0.38671875,-0.25041288075779344,63,1712135711059
848,0.365234375,3.830078125,-0.599609375,-0.12520644037889672,54,1712135711059
848,0.369140625,3.875,-0.5625,-0.12520644037889672,117,1712135711059
848,0.373046875,3.92578125,-0.46484375,-0.12520644037889672,115,1712135711059
848,0.25,3.974609375,-0.462890625,-0.12520644037889672,97,1712135711059
848,0.251953125,3.998046875,-0.5703125,-0.12520644037889672,122,1712135711059
848,0.255859375,4.037109375,-0.560546875,-0.12520644037889672,93,1712135711059
848,0.2578125,4.109375,-0.208984375,-0.12520644037889672,55,1712135711059
849,0.125,3.7578125,-1.27734375,0.0,14,1712135711159
849,0.125,3.9296875,-0.78515625,0.0,22,1712135711159
849,0.126953125,4.01953125,-0.45703125,0.0,21,1712135711159
849,0.126953125,4.08203125,-0.02734375,0.0,15,1712135711159
849,0.0,4.279296875,-0.791015625,0.0,17,1712135711159
849,0.25,3.970703125,-0.494140625,-0.37561932113669017,34,1712135711159
849,0.126953125,4.005859375,-0.552734375,-0.37561932113669017,56,1712135711159
849,0.126953125,4.04296875,-0.564453125,-0.37561932113669017,53,1712135711159
849,0.12890625,4.08984375,-0.51171875,-0.37561932113669017,28,1712135711159
849,0.244140625,3.830078125,-0.654296875,-0.25041288075779344,24,1712135711159
849,0.123046875,3.908203125,-0.4140625,-0.25041288075779344,22,1712135711159
849,0.125,3.94921875,-0.388671875,-0.25041288075779344,29,1712135711159
849,0.0,3.990234375,-0.38671875,-0.25041288075779344,60,1712135711159
849,0.126953125,4.037109375,-0.24609375,-0.25041288075779344,83,1712135711159
849,0.255859375,4.0703125,-0.240234375,-0.25041288075779344,71,1712135711159
849,0.248046875,3.61328125,-1.626953125,-0.12520644037889672,27,1712135711159
849,0.125,3.857421875,-1.080078125,-0.12520644037889672,47,1712135711159
849,0.126953125,4.0234375,-0.404296875,-0.12520644037889672,42,1712135711159
850,0.0,3.849609375,-0.58203125,0.0,12,1712135711259
850,0.123046875,3.912109375,-0.380859375,0.0,9,1712135711259
850,0.25,3.736328125,-1.4296875,0.0,12,1712135711259
850,0.0,4.033203125,-0.333984375,0.0,15,1712135711259
850,0.0,3.98046875,-0.4765625,-0.5008257615155869,20,1712135711259
850,0.12109375,3.763671875,-0.830078125,-0.37561932113669017,28,1712135711259
850,0.12109375,3.7890625,-0.888671875,-0.37561932113669017,34,1712135711259
850,0.123046875,3.8203125,-0.919921875,-0.37561932113669017,36,1712135711259
850,0.0,3.900390625,-0.740234375,-0.37561932113669017,70,1712135711259
850,0.0,3.953125,-0.658203125,-0.37561932113669017,94,1712135711259
850,0.0,4.013671875,-0.521484375,-0.37561932113669017,65,1712135711259
850,0.0,4.08203125,0.162109375,-0.37561932113669017,22,1712135711259
850,0.240234375,3.806640625,-0.560546875,-0.25041288075779344,43,1712135711259
850,0.12109375,3.806640625,-0.806640625,-0.25041288075779344,55,1712135711259
850,0.123046875,3.798828125,-1.009765625,-0.25041288075779344,62,1712135711259
850,0.125,3.880859375,-0.826171875,-0.25041288075779344,98,1712135711259
850,0.0,3.9296875,-0.7890625,-0.25041288075779344,129,1712135711259
850,0.0,3.9609375,-0.830078125,-0.25041288075779344,93,1712135711259
850,0.244140625,3.71484375,-1.140625,-0.12520644037889672,31,1712135711259
850,0.123046875,3.802734375,-0.9921875,-0.12520644037889672,36,1712135711259
850,0.125,3.845703125,-0.978515625,-0.12520644037889672,48,1712135711259
850,0.125,3.890625,-0.955078125,-0.12520644037889672,70,1712135711259
850,0.0,3.9375,-0.931640625,-0.12520644037889672,55,1712135711259
851,0.0,3.779296875,-1.083984375,0.0,17,1712135711359
851,0.0,3.880859375,-0.841796875,0.0,42,1712135711359
851,0.0,3.94140625,-0.7265625,0.0,44,1712135711359
851,0.0,4.013671875,-0.517578125,0.0,25,1712135711359
851,0.12109375,3.779296875,-0.755859375,-0.37561932113669017,28,1712135711359
851,0.0,3.81640625,-0.775390625,-0.37561932113669017,34,1712135711359
851,0.0,3.892578125,-0.5546875,-0.37561932113669017,40,1712135711359
851,-0.125,3.96875,0.044921875,-0.37561932113669017,33,1712135711359
851,-0.125,4.00390625,-0.1171875,-0.37561932113669017,25,1712135711359
851,0.0,3.9921875,-0.6640625,-0.37561932113669017,26,1712135711359
851,0.0,3.775390625,-0.56640625,-0.25041288075779344,29,1712135711359
851,0.12109375,3.818359375,-0.5234375,-0.25041288075779344,56,1712135711359
851,0.0,3.869140625,-0.4453125,-0.25041288075779344,61,1712135711359
851,0.0,3.931640625,0.052734375,-0.25041288075779344,62,1712135711359
851,-0.248046875,3.166015625,2.3828125,-0.25041288075779344,35,1712135711359
851,0.0,3.982421875,-0.451171875,-0.25041288075779344,33,1712135711359
851,0.0,4.013671875,-0.5234375,-0.25041288075779344,62,1712135711359
851,0.0,4.037109375,-0.623046875,-0.25041288075779344,38,1712135711359
851,0.0,3.802734375,-0.33203125,-0.12520644037889672,18,1712135711359
851,0.0,3.84375,-0.298828125,-0.12520644037889672,34,1712135711359
851,0.0,3.890625,-0.166015625,-0.12520644037889672,33,1712135711359
851,0.0,3.296875,-2.14453125,-0.12520644037889672,35,1712135711359
851,0.0,3.484375,-1.904296875,-0.12520644037889672,52,1712135711359
851,0.0,3.86328125,-1.0703125,-0.12520644037889672,59,1712135711359
851,0.0,4.015625,-0.498046875,-0.12520644037889672,53,1712135711359
851,0.0,4.064453125,-0.40625,-0.12520644037889672,32,1712135711359
852,0.0,3.810546875,-0.240234375,0.0,26,1712135711461
852,0.0,3.845703125,-0.291015625,0.0,36,1712135711461
852,-0.12109375,3.884765625,-0.244140625,0.0,44,1712135711461
852,-0.123046875,3.923828125,-0.228515625,0.0,65,1712135711461
852,-0.248046875,3.953125,-0.279296875,0.0,80,1712135711461
852,-0.125,3.99609375,-0.27734375,0.0,59,1712135711461
852,-0.126953125,4.037109375,-0.259765625,0.0,24,1712135711461
852,0.0,3.751953125,-0.703125,-0.25041288075779344,39,1712135711461
852,0.0,3.787109375,-0.72265625,-0.25041288075779344,56,1712135711461
852,-0.12109375,3.818359375,-0.75,-0.25041288075779344,61,1712135711461
852,-0.123046875,3.8515625,-0.783203125,-0.25041288075779344,76,1712135711461
852,-0.125,3.892578125,-0.767578125,-0.25041288075779344,85,1712135711461
852,0.0,3.9296875,-0.794921875,-0.25041288075779344,55,1712135711461
852,0.0,3.7890625,-0.466796875,-0.12520644037889672,51,1712135711461
852,0.0,3.822265625,-0.509765625,-0.12520644037889672,73,1712135711461
852,-0.12109375,3.859375,-0.50390625,-0.12520644037889672,86,1712135711461
852,-0.123046875,3.8984375,-0.49609375,-0.12520644037889672,123,1712135711461
852,-0.125,3.931640625,-0.537109375,-0.12520644037889672,150,1712135711461
852,0.0,3.97265625,-0.541015625,-0.12520644037889672,103,1712135711461
852,-0.126953125,4.0078125,-0.544921875,-0.12520644037889672,40,1712135711461
853,-0.1171875,3.759765625,-0.375,0.0,25,1712135711561
853,-0.119140625,3.80078125,-0.330078125,0.0,49,1712135711561
853,-0.12109375,3.837890625,-0.353515625,0.0,41,1712135711561
853,-0.244140625,3.87890625,-0.24609375,0.0,25,1712135711561
853,-0.24609375,3.921875,-0.142578125,0.0,64,1712135711561
853,-0.248046875,3.955078125,-0.228515625,0.0,58,1712135711561
853,-0.25,3.9765625,-0.431640625,0.0,27,1712135711561
853,0.0,3.693359375,-0.8046875,-0.25041288075779344,22,1712135711561
853,0.0,3.76953125,-0.607421875,-0.25041288075779344,39,1712135711561
853,0.0,3.826171875,-0.484375,-0.25041288075779344,29,1712135711561
853,-0.12109375,3.783203125,-0.9140625,-0.25041288075779344,29,1712135711561
853,-0.123046875,3.86328125,-0.7265625,-0.25041288075779344,58,1712135711561
853,-0.125,3.912109375,-0.66015625,-0.25041288075779344,47,1712135711561
853,0.0,3.736328125,-0.5625,-0.12520644037889672,44,1712135711561
853,-0.119140625,3.78125,-0.51171875,-0.12520644037889672,87,1712135711561
853,-0.12109375,3.818359375,-0.521484375,-0.12520644037889672,68,1712135711561
853,-0.244140625,3.869140625,-0.359375,-0.12520644037889672,52,1712135711561
853,-0.123046875,3.9140625,-0.365234375,-0.12520644037889672,132,1712135711561
853,-0.125,3.94921875,-0.388671875,-0.12520644037889672,116,1712135711561
853,0.0,3.978515625,-0.494140625,-0.12520644037889672,47,1712135711561
854,-0.486328125,3.837890625,0.44921875,0.0,19,1712135711661
854,-0.369140625,3.908203125,0.21875,0.0,37,1712135711661
854,-0.373046875,3.951171875,0.138671875,0.0,33,1712135711661
854,-0.24609375,3.923828125,-0.10546875,0.12520644037889672,27,1712135711661
854,-0.373046875,3.94921875,-0.177734375,0.12520644037889672,26,1712135711661
854,-0.24609375,3.908203125,-0.3515625,-0.25041288075779344,37,1712135711661
854,-0.248046875,3.943359375,-0.3984375,-0.25041288075779344,33,1712135711661
854,-0.365234375,3.875,-0.142578125,-0.12520644037889672,47,1712135711661
854,-0.24609375,3.919921875,-0.185546875,-0.12520644037889672,91,1712135711661
854,-0.248046875,3.95703125,-0.220703125,-0.12520644037889672,83,1712135711661
854,-0.25,3.984375,-0.361328125,-0.12520644037889672,41,1712135711661
855,-0.486328125,3.794921875,-0.724609375,0.0,27,1712135711761
855,-0.369140625,3.9140625,-0.021484375,0.0,48,1712135711761
855,-0.248046875,3.955078125,-0.236328125,0.0,48,1712135711761
855,0.0,3.990234375,-0.388671875,0.0,26,1712135711761
855,-0.23828125,3.716796875,-0.837890625,0.12520644037889672,38,1712135711761
855,-0.240234375,3.75390625,-0.84375,0.12520644037889672,56,1712135711761
855,-0.365234375,3.7109375,-1.119140625,0.12520644037889672,34,1712135711761
855,-0.24609375,3.798828125,0.986328125,0.12520644037889672,29,1712135711761
855,-0.248046875,3.95703125,-0.216796875,0.12520644037889672,71,1712135711761
855,-0.25,3.990234375,-0.291015625,0.12520644037889672,61,1712135711761
855,-0.23828125,3.740234375,-0.72265625,0.25041288075779344,53,1712135711761
855,-0.240234375,3.79296875,-0.6484375,0.25041288075779344,76,1712135711761
855,-0.244140625,3.81640625,-0.736328125,0.25041288075779344,48,1712135711761
855,-0.248046875,3.962890625,0.064453125,0.25041288075779344,58,1712135711761
855,-0.25,4.0,-0.1015625,0.25041288075779344,49,1712135711761
855,-0.240234375,3.814453125,-0.509765625,0.37561932113669017,32,1712135711761
855,-0.24609375,3.91015625,-0.333984375,-0.25041288075779344,42,1712135711761
855,-0.373046875,3.92578125,-0.466796875,-0.25041288075779344,44,1712135711761
855,-0.375,3.947265625,-0.591796875,-0.25041288075779344,24,1712135711761
855,-0.365234375,3.876953125,-0.009765625,-0.12520644037889672,40,1712135711761
855,-0.369140625,3.912109375,-0.150390625,-0.12520644037889672,75,1712135711761
855,-0.248046875,3.951171875,-0.296875,-0.12520644037889672,72,1712135711761
855,-0.375,3.970703125,-0.400390625,-0.12520644037889672,37,1712135711761
856,-0.4921875,3.900390625,0.05859375,0.0,17,1712135711862
856,-0.373046875,3.94140625,-0.29296875,0.0,19,1712135711862
856,-0.375,3.9765625,-0.333984375,0.0,15,1712135711862
856,-0.23828125,3.755859375,-0.640625,0.12520644037889672,22,1712135711862
856,-0.240234375,3.767578125,-0.787109375,0.12520644037889672,23,1712135711862
856,-0.365234375,3.869140625,-0.251953125,0.12520644037889672,22,1712135711862
856,-0.369140625,3.91015625,-0.171875,0.12520644037889672,43,1712135711862
856,-0.248046875,3.955078125,-0.23828125,0.12520644037889672,47,1712135711862
856,-0.25,3.986328125,-0.341796875,0.12520644037889672,33,1712135711862
856,-0.23828125,3.796875,-0.310546875,0.25041288075779344,39,1712135711862
856,-0.240234375,3.806640625,-0.564453125,0.25041288075779344,50,1712135711862
856,-0.244140625,3.8203125,-0.708984375,0.25041288075779344,41,1712135711862
856,-0.369140625,3.880859375,-0.51953125,0.25041288075779344,35,1712135711862
856,-0.373046875,3.923828125,-0.486328125,0.25041288075779344,28,1712135711862
856,-0.361328125,3.814453125,-0.435546875,0.37561932113669017,27,1712135711862
856,-0.486328125,3.7734375,-0.828125,0.37561932113669017,26,1712135711862
857,-0.240234375,3.6484375,-1.220703125,0.0,25,1712135711962
857,-0.365234375,3.650390625,-1.3046875,0.0,27,1712135711962
857,-0.373046875,3.875,-0.779296875,0.0,27,1712135711962
857,-0.375,3.896484375,-0.861328125,0.0,23,1712135711962
857,-0.369140625,3.900390625,-0.330078125,0.12520644037889672,43,1712135711962
857,-0.373046875,3.923828125,-0.484375,0.12520644037889672,72,1712135711962
857,-0.375,3.94921875,-0.5703125,0.12520644037889672,54,1712135711962
857,-0.357421875,3.69140625,-0.904296875,0.25041288075779344,36,1712135711962
857,-0.240234375,3.77734375,-0.740234375,0.25041288075779344,101,1712135711962
857,-0.244140625,3.82421875,-0.69140625,0.25041288075779344,131,1712135711962
857,-0.369140625,3.875,-0.55859375,0.25041288075779344,105,1712135711962
857,-0.373046875,3.93359375,-0.3828125,0.25041288075779344,79,1712135711962
857,-0.375,3.974609375,-0.361328125,0.25041288075779344,57,1712135711962
857,-0.37890625,4.017578125,-0.30859375,0.25041288075779344,27,1712135711962
857,-0.357421875,3.767578125,-0.505859375,0.37561932113669017,46,1712135711962
857,-0.240234375,3.822265625,-0.451171875,0.37561932113669017,129,1712135711962
857,-0.244140625,3.857421875,-0.470703125,0.37561932113669017,161,1712135711962
857,-0.24609375,3.900390625,-0.4375,0.37561932113669017,98,1712135711962
857,-0.49609375,3.92578125,-0.32421875,0.37561932113669017,40,1712135711962
857,-0.375,3.986328125,-0.181640625,0.37561932113669017,30,1712135711962
857,-0.37890625,4.025390625,0.181640625,0.37561932113669017,19,1712135711962
857,-0.361328125,3.8359375,-0.166015625,0.5008257615155869,43,1712135711962
857,-0.365234375,3.873046875,-0.173828125,0.5008257615155869,51,1712135711962
857,-0.369140625,3.90625,-0.265625,0.5008257615155869,26,1712135711962
858,-0.62109375,3.888671875,-0.505859375,0.0,15,1712135712063
858,-0.375,3.826171875,-1.134765625,0.0,35,1712135712063
858,-0.251953125,3.82421875,-1.30078125,0.0,30,1712135712063
858,-0.64453125,3.96875,-0.912109375,0.0,18,1712135712063
858,-0.650390625,3.93359375,-1.19140625,0.0,27,1712135712063
858,-0.65625,3.96484375,-1.220703125,0.0,22,1712135712063
858,-0.486328125,3.5546875,-1.513671875,0.12520644037889672,37,1712135712063
858,-0.369140625,3.115234375,-2.369140625,0.12520644037889672,39,1712135712063
858,-0.49609375,2.359375,3.154296875,0.12520644037889672,26,1712135712063
858,0.25,2.603515625,-3.037109375,0.12520644037889672,14,1712135712063
858,-0.251953125,3.7265625,-1.5546875,0.12520644037889672,25,1712135712063
858,-0.64453125,3.974609375,-0.890625,0.12520644037889672,32,1712135712063
858,-0.650390625,3.966796875,-1.078125,0.12520644037889672,51,1712135712063
858,-0.65625,3.984375,-1.150390625,0.12520644037889672,42,1712135712063
858,-0.240234375,3.701171875,-1.05078125,0.25041288075779344,24,1712135712063
858,-0.365234375,3.705078125,-1.138671875,0.25041288075779344,69,1712135712063
858,-0.369140625,3.603515625,-1.53125,0.25041288075779344,89,1712135712063
858,-0.373046875,3.54296875,-1.751953125,0.25041288075779344,102,1712135712063
858,-0.375,3.705078125,-1.484375,0.25041288075779344,99,1712135712063
858,-0.505859375,3.7265625,-1.494140625,0.25041288075779344,54,1712135712063
858,-0.650390625,4.00390625,-0.931640625,0.25041288075779344,34,1712135712063
858,-0.240234375,3.798828125,-0.619140625,0.37561932113669017,26,1712135712063
858,-0.365234375,3.794921875,-0.7890625,0.37561932113669017,77,1712135712063
858,-0.24609375,3.81640625,-0.916015625,0.37561932113669017,110,1712135712063
858,-0.373046875,3.81640625,-1.025390625,0.37561932113669017,105,1712135712063
858,-0.501953125,3.892578125,-0.818359375,0.37561932113669017,96,1712135712063
858,-0.505859375,3.9609375,-0.65625,0.37561932113669017,52,1712135712063
858,-0.365234375,3.853515625,-0.416015625,0.5008257615155869,51,1712135712063
858,-0.369140625,3.87890625,-0.53515625,0.5008257615155869,74,1712135712063
858,-0.373046875,3.91015625,-0.583984375,0.5008257615155869,61,1712135712063
858,-0.501953125,3.92578125,-0.6328125,0.5008257615155869,29,1712135712063
858,1.50390625,2.783203125,2.462890625,0.12520644037889672,12,1712135712063
859,-0.4921875,3.771484375,-0.994140625,0.0,16,1712135712163
859,-0.49609375,3.80078125,-1.0390625,0.0,27,1712135712163
859,-0.375,3.8828125,-0.91796875,0.0,35,1712135712163
859,-0.505859375,3.94921875,-0.71875,0.0,37,1712135712163
859,-0.638671875,3.9765625,-0.68359375,0.0,29,1712135712163
859,-0.4921875,3.833984375,-0.724609375,0.12520644037889672,27,1712135712163
859,-0.49609375,3.849609375,-0.83203125,0.12520644037889672,66,1712135712163
859,-0.375,3.916015625,-0.763671875,0.12520644037889672,92,1712135712163
859,-0.505859375,3.9765625,-0.548828125,0.12520644037889672,93,1712135712163
859,-0.509765625,4.02734375,-0.45703125,0.12520644037889672,74,1712135712163
859,-0.64453125,4.041015625,-0.50390625,0.12520644037889672,45,1712135712163
859,-0.650390625,4.0234375,-0.84375,0.12520644037889672,39,1712135712163
859,-0.65625,4.044921875,-0.916015625,0.12520644037889672,44,1712135712163
859,-0.609375,3.79296875,-0.642578125,0.25041288075779344,18,1712135712163
859,-0.49609375,3.900390625,-0.548828125,0.25041288075779344,64,1712135712163
859,-0.501953125,3.935546875,-0.5703125,0.25041288075779344,108,1712135712163
859,-0.505859375,3.990234375,-0.453125,0.25041288075779344,103,1712135712163
859,-0.509765625,4.037109375,-0.357421875,0.25041288075779344,77,1712135712163
859,-0.515625,4.078125,-0.328125,0.25041288075779344,44,1712135712163
859,-0.486328125,3.826171875,-0.529296875,0.37561932113669017,21,1712135712163
859,-0.4921875,3.84375,-0.66796875,0.37561932113669017,23,1712135712163
859,-0.501953125,3.953125,-0.4296875,0.37561932113669017,45,1712135712163
859,-0.505859375,3.9921875,-0.43359375,0.37561932113669017,47,1712135712163
859,-0.509765625,4.033203125,-0.390625,0.37561932113669017,37,1712135712163
860,-0.49609375,3.787109375,-1.08203125,0.0,64,1712135712263
860,-0.501953125,3.822265625,-1.095703125,0.0,127,1712135712263
860,-0.505859375,3.87109375,-1.06640625,0.0,128,1712135712263
860,-0.509765625,3.92578125,-1.005859375,0.0,54,1712135712263
860,-0.81640625,4.23828125,-0.556640625,0.0,28,1712135712263
860,-0.615234375,3.75390625,-0.994140625,0.12520644037889672,22,1712135712263
860,-0.49609375,3.84375,-0.859375,0.12520644037889672,111,1712135712263
860,-0.501953125,3.890625,-0.822265625,0.12520644037889672,230,1712135712263
860,-0.505859375,3.927734375,-0.8359375,0.12520644037889672,233,1712135712263
860,-0.509765625,3.962890625,-0.84765625,0.12520644037889672,105,1712135712263
860,-0.64453125,4.056640625,-0.359375,0.12520644037889672,29,1712135712263
860,-0.62109375,3.861328125,-0.685546875,0.25041288075779344,53,1712135712263
860,-0.626953125,3.919921875,-0.5546875,0.25041288075779344,106,1712135712263
860,-0.6328125,3.953125,-0.59375,0.25041288075779344,109,1712135712263
860,-0.509765625,3.97265625,-0.806640625,0.25041288075779344,36,1712135712263
860,-0.373046875,3.927734375,-0.447265625,0.37561932113669017,32,1712135712263
860,-0.501953125,3.923828125,-0.65234375,0.37561932113669017,41,1712135712263
860,-0.37890625,3.982421875,-0.60546875,0.37561932113669017,45,1712135712263
860,-0.3828125,4.029296875,-0.546875,0.37561932113669017,41,1712135712263
860,-0.515625,4.076171875,-0.349609375,0.37561932113669017,27,1712135712263
860,-0.501953125,3.962890625,-0.333984375,0.5008257615155869,25,1712135712263
860,-0.505859375,3.982421875,-0.5078125,0.5008257615155869,32,1712135712263
860,-0.3828125,4.017578125,-0.62890625,0.5008257615155869,30,1712135712263
860,-0.80859375,4.044921875,-1.259765625,-0.25041288075779344,31,1712135712263
860,-0.81640625,4.08984375,-1.2421875,-0.25041288075779344,32,1712135712263
860,-0.7734375,3.935546875,-0.95703125,-0.12520644037889672,21,1712135712263
860,-0.650390625,4.0390625,-0.759765625,-0.12520644037889672,36,1712135712263
860,-0.787109375,4.06640625,-0.69140625,-0.12520644037889672,36,1712135712263
860,-0.80078125,4.115234375,-0.83984375,-0.12520644037889672,36,1712135712263
860,-0.80859375,4.138671875,-0.908203125,-0.12520644037889672,74,1712135712263
860,-0.81640625,4.181640625,-0.884765625,-0.12520644037889672,74,1712135712263
861,-0.62109375,3.861328125,-0.6796875,0.0,22,1712135712363
861,-0.501953125,3.869140625,-0.91796875,0.0,55,1712135712363
861,-0.505859375,3.890625,-0.994140625,0.0,70,1712135712363
861,-0.509765625,3.912109375,-1.0546875,0.0,49,1712135712363
861,-0.64453125,3.99609375,-0.779296875,0.0,29,1712135712363
861,-0.49609375,3.912109375,-0.455078125,0.12520644037889672,38,1712135712363
861,-0.626953125,3.919921875,-0.556640625,0.12520644037889672,105,1712135712363
861,-0.505859375,3.974609375,-0.568359375,0.12520644037889672,145,1712135712363
861,-0.638671875,3.998046875,-0.5390625,0.12520644037889672,107,1712135712363
861,-0.64453125,4.0546875,-0.37109375,0.12520644037889672,61,1712135712363
861,-0.650390625,4.0859375,-0.4453125,0.12520644037889672,44,1712135712363
861,-0.626953125,3.958984375,-0.095703125,0.25041288075779344,57,1712135712363
861,-0.6328125,3.99609375,-0.107421875,0.25041288075779344,83,1712135712363
861,-0.638671875,4.033203125,0.083984375,0.25041288075779344,55,1712135712363
861,-0.7734375,3.986328125,0.71484375,0.25041288075779344,29,1712135712363
861,-0.501953125,3.96484375,-0.31640625,0.37561932113669017,53,1712135712363
861,-0.505859375,4.01171875,-0.138671875,0.37561932113669017,43,1712135712363
861,-0.38671875,4.0,-0.92578125,0.37561932113669017,23,1712135712363
861,-0.626953125,3.958984375,0.08984375,0.5008257615155869,28,1712135712363
861,-0.505859375,4.009765625,-0.208984375,0.5008257615155869,31,1712135712363
861,-0.509765625,4.017578125,-0.529296875,0.5008257615155869,21,1712135712363
861,-0.515625,4.048828125,-0.583984375,0.5008257615155869,23,1712135712363
861,-0.794921875,4.044921875,-0.984375,-0.37561932113669017,23,1712135712363
861,-0.935546875,4.0703125,-0.91796875,-0.37561932113669017,48,1712135712363
861,-0.80859375,4.15625,-0.828125,-0.37561932113669017,63,1712135712363
861,-0.951171875,4.158203125,-0.859375,-0.37561932113669017,41,1712135712363
861,-0.935546875,4.12109375,-0.654296875,-0.25041288075779344,45,1712135712363
861,-0.80859375,4.203125,-0.53125,-0.25041288075779344,59,1712135712363
861,-0.951171875,4.208984375,-0.556640625,-0.25041288075779344,41,1712135712363
862,-0.744140625,3.88671875,-0.326171875,0.0,13,1712135712464
862,-0.751953125,3.91015625,-0.462890625,0.0,28,1712135712464
862,-0.6328125,3.986328125,-0.287109375,0.0,38,1712135712464
862,-0.509765625,4.029296875,-0.4296875,0.0,35,1712135712464
862,-0.515625,3.482421875,-2.14453125,0.0,25,1712135712464
862,-0.751953125,3.93359375,-0.154296875,0.12520644037889672,40,1712135712464
862,-0.6328125,3.9765625,-0.40625,0.12520644037889672,61,1712135712464
862,-0.638671875,3.9609375,-0.767578125,0.12520644037889672,77,1712135712464
862,-0.64453125,3.951171875,-0.986328125,0.12520644037889672,65,1712135712464
862,-0.51953125,3.984375,-1.078125,0.12520644037889672,37,1712135712464
862,-0.501953125,3.935546875,-0.572265625,0.25041288075779344,26,1712135712464
862,-0.505859375,3.970703125,-0.59765625,0.25041288075779344,43,1712135712464
862,-0.3828125,3.890625,-1.1875,0.25041288075779344,66,1712135712464
862,-0.515625,3.93359375,-1.123046875,0.25041288075779344,79,1712135712464
862,-0.51953125,3.99609375,-1.0390625,0.25041288075779344,51,1712135712464
862,-0.501953125,3.9609375,-0.353515625,0.37561932113669017,49,1712135712464
862,-0.505859375,4.005859375,-0.279296875,0.37561932113669017,73,1712135712464
862,-0.3828125,3.853515625,-1.298828125,0.37561932113669017,75,1712135712464
862,-0.38671875,3.8984375,-1.287109375,0.37561932113669017,83,1712135712464
862,-0.51953125,3.998046875,-1.033203125,0.37561932113669017,59,1712135712464
862,-0.626953125,3.958984375,-0.09375,0.5008257615155869,34,1712135712464
862,-0.37890625,4.029296875,0.056640625,0.5008257615155869,53,1712135712464
862,-0.3828125,4.056640625,-0.2890625,0.5008257615155869,42,1712135712464
862,-0.38671875,3.869140625,-1.369140625,0.5008257615155869,43,1712135712464
862,-0.51953125,4.017578125,-0.951171875,0.5008257615155869,36,1712135712464
862,-0.927734375,4.013671875,-0.994140625,-0.7512386422733803,26,1712135712464
862,-0.935546875,4.052734375,-0.994140625,-0.7512386422733803,33,1712135712464
862,-0.927734375,4.064453125,-0.755859375,-0.6260322018944836,48,1712135712464
862,-0.935546875,4.12109375,-0.6484375,-0.6260322018944836,59,1712135712464
862,-0.943359375,4.16015625,-0.642578125,-0.6260322018944836,36,1712135712464
862,-0.7734375,4.009765625,-0.5625,-0.5008257615155869,24,1712135712464
862,-1.05859375,4.08984375,-0.326171875,-0.5008257615155869,30,1712135712464
862,-1.068359375,4.125,-0.341796875,-0.5008257615155869,37,1712135712464
862,-1.078125,4.16015625,-0.37890625,-0.5008257615155869,25,1712135712464
862,-0.89453125,3.9609375,-0.439453125,-0.37561932113669017,37,1712135712464
862,-0.90234375,3.994140625,-0.48828125,-0.37561932113669017,72,1712135712464
862,-0.91015625,4.021484375,-0.56640625,-0.37561932113669017,67,1712135712464
862,-0.91796875,4.03515625,-0.712890625,-0.37561932113669017,27,1712135712464
862,-0.6328125,3.9296875,-0.734375,-0.25041288075779344,24,1712135712464
862,-0.89453125,3.9609375,-0.451171875,-0.25041288075779344,30,1712135712464
862,-0.7734375,4.033203125,-0.37109375,-0.25041288075779344,59,1712135712464
862,-0.91015625,4.037109375,-0.4296875,-0.25041288075779344,62,1712135712464
862,-0.91796875,4.0625,-0.5390625,-0.25041288075779344,28,1712135712464
862,-0.626953125,3.916015625,-0.5859375,-0.12520644037889672,33,1712135712464
862,-0.6328125,3.94140625,-0.666015625,-0.12520644037889672,56,1712135712464
862,-0.638671875,3.98046875,-0.654296875,-0.12520644037889672,57,1712135712464
862,-0.64453125,4.01953125,-0.650390625,-0.12520644037889672,34,1712135712464
863,-0.626953125,3.912109375,-0.615234375,0.0,36,1712135712564
863,-0.505859375,3.947265625,-0.736328125,0.0,67,1712135712564
863,-0.638671875,3.943359375,-0.85546875,0.0,66,1712135712564
863,-0.515625,3.95703125,-1.037109375,0.0,38,1712135712564
863,-0.37890625,3.841796875,-1.2109375,0.12520644037889672,19,1712135712564
863,-0.509765625,3.908203125,-1.076171875,0.12520644037889672,20,1712135712564
863,-0.6328125,3.994140625,-0.173828125,0.25041288075779344,25,1712135712564
863,-0.509765625,4.02734375,-0.453125,0.25041288075779344,51,1712135712564
863,-0.515625,4.029296875,-0.708984375,0.25041288075779344,53,1712135712564
863,-0.51953125,4.0078125,-0.9921875,0.25041288075779344,34,1712135712564
863,-0.6328125,3.99609375,-0.1015625,0.37561932113669017,30,1712135712564
863,-0.638671875,4.0234375,-0.302734375,0.37561932113669017,54,1712135712564
863,-0.515625,4.060546875,-0.501953125,0.37561932113669017,51,1712135712564
863,-0.51953125,4.068359375,-0.69921875,0.37561932113669017,26,1712135712564
863,-1.05078125,3.955078125,-0.947265625,-0.876445082652277,21,1712135712564
863,-1.05078125,4.03125,-0.533203125,-0.7512386422733803,28,1712135712564
863,-0.765625,3.97265625,-0.5625,-0.5008257615155869,34,1712135712564
863,-0.90234375,3.984375,-0.5546875,-0.5008257615155869,30,1712135712564
863,-0.751953125,3.91015625,-0.4609375,-0.25041288075779344,34,1712135712564
863,-0.7578125,3.94921875,-0.44921875,-0.25041288075779344,53,1712135712564
863,-0.765625,3.986328125,-0.4609375,-0.25041288075779344,54,1712135712564
863,-0.7734375,4.0390625,-0.30078125,-0.25041288075779344,40,1712135712564
863,-0.62109375,3.91015625,-0.3046875,-0.12520644037889672,25,1712135712564
863,-0.626953125,3.9296875,-0.490234375,-0.12520644037889672,60,1712135712564
863,-0.6328125,3.94921875,-0.62109375,-0.12520644037889672,88,1712135712564
863,-0.638671875,3.986328125,-0.626953125,-0.12520644037889672,77,1712135712564
863,-0.7734375,4.017578125,-0.515625,-0.12520644037889672,40,1712135712564
864,-0.744140625,3.880859375,-0.390625,0.0,16,1712135712664
864,-0.626953125,3.9296875,-0.482421875,0.0,50,1712135712664
864,-0.6328125,3.966796875,-0.49609375,0.0,79,1712135712664
864,-0.638671875,3.99609375,-0.556640625,0.0,73,1712135712664
864,-0.64453125,4.017578125,-0.6640625,0.0,40,1712135712664
864,-0.505859375,3.927734375,-0.828125,0.12520644037889672,29,1712135712664
864,-0.509765625,3.982421875,-0.75390625,0.12520644037889672,51,1712135712664
864,-0.515625,4.037109375,-0.65625,0.12520644037889672,51,1712135712664
864,-0.650390625,4.048828125,-0.7109375,0.12520644037889672,31,1712135712664
864,-0.6328125,3.95703125,-0.56640625,0.25041288075779344,22,1712135712664
864,-0.638671875,4.021484375,-0.337890625,0.25041288075779344,40,1712135712664
864,-0.64453125,4.0703125,-0.130859375,0.25041288075779344,35,1712135712664
864,-0.525390625,4.056640625,-0.94921875,0.5008257615155869,39,1712135712664
864,-0.529296875,4.12109375,-0.83203125,0.5008257615155869,50,1712135712664
864,-0.53515625,4.177734375,-0.736328125,0.5008257615155869,34,1712135712664
864,-0.39453125,4.109375,-0.767578125,0.6260322018944836,35,1712135712664
864,-0.529296875,4.154296875,-0.646484375,0.6260322018944836,37,1712135712664
864,-0.89453125,3.908203125,-0.783203125,-1.0016515230311738,47,1712135712664
864,-0.90234375,3.966796875,-0.67578125,-1.0016515230311738,60,1712135712664
864,-0.779296875,4.072265625,-0.33984375,-1.0016515230311738,39,1712135712664
864,-0.884765625,3.90625,-0.583984375,-0.876445082652277,27,1712135712664
864,-0.89453125,3.951171875,-0.517578125,-0.876445082652277,75,1712135712664
864,-0.7734375,4.041015625,-0.2734375,-0.876445082652277,95,1712135712664
864,-0.779296875,4.087890625,0.037109375,-0.876445082652277,59,1712135712664
864,-0.89453125,3.98046875,-0.216796875,-0.7512386422733803,42,1712135712664
864,-0.7734375,4.048828125,0.04296875,-0.7512386422733803,47,1712135712664
864,-0.91015625,3.982421875,-0.79296875,-0.6260322018944836,25,1712135712664
864,-0.91796875,4.01171875,-0.833984375,-0.6260322018944836,42,1712135712664
864,-0.927734375,4.046875,-0.8515625,-0.6260322018944836,32,1712135712664
864,-0.91796875,4.046875,-0.638671875,-0.5008257615155869,27,1712135712664
864,-1.05859375,4.021484375,-0.81640625,-0.5008257615155869,20,1712135712664
864,-0.884765625,3.94921875,0.009765625,-0.37561932113669017,22,1712135712664
864,-0.89453125,3.986328125,-0.033203125,-0.37561932113669017,22,1712135712664
864,-0.751953125,3.890625,-0.607421875,-0.25041288075779344,40,1712135712664
864,-0.6328125,3.92578125,-0.75390625,-0.25041288075779344,61,1712135712664
864,-0.638671875,3.97265625,-0.703125,-0.25041288075779344,61,1712135712664
864,-0.64453125,4.021484375,-0.64453125,-0.25041288075779344,38,1712135712664
864,-0.744140625,3.85546875,-0.587890625,-0.12520644037889672,32,1712135712664
864,-0.751953125,3.88671875,-0.626953125,-0.12520644037889672,81,1712135712664
864,-0.6328125,3.935546875,-0.697265625,-0.12520644037889672,119,1712135712664
864,-0.638671875,3.955078125,-0.79296875,-0.12520644037889672,108,1712135712664
864,-0.64453125,3.9765625,-0.8828125,-0.12520644037889672,66,1712135712664
864,-0.650390625,3.94140625,-1.1640625,-0.12520644037889672,31,1712135712664
865,-0.49609375,3.939453125,-0.0390625,0.0,35,1712135712765
865,-0.626953125,3.958984375,-0.09375,0.0,41,1712135712765
865,-0.6328125,3.99609375,-0.044921875,0.0,32,1712135712765
865,-0.765625,3.998046875,-0.349609375,0.0,32,1712135712765
865,-0.7734375,3.990234375,-0.6953125,0.0,23,1712135712765
865,-0.615234375,3.876953125,0.240234375,0.12520644037889672,33,1712135712765
865,-0.62109375,3.91796875,0.18359375,0.12520644037889672,89,1712135712765
865,-0.626953125,3.95703125,0.138671875,0.12520644037889672,111,1712135712765
865,-0.505859375,4.013671875,0.06640625,0.12520644037889672,70,1712135712765
865,-0.638671875,4.03515625,0.013671875,0.12520644037889672,24,1712135712765
865,-0.744140625,3.87890625,0.412109375,0.25041288075779344,34,1712135712765
865,-0.751953125,3.921875,0.357421875,0.25041288075779344,43,1712135712765
865,-0.6328125,3.98046875,0.36328125,0.25041288075779344,27,1712135712765
865,-0.66796875,4.14453125,-0.810546875,0.5008257615155869,27,1712135712765
865,-0.396484375,4.14453125,-0.7890625,0.7512386422733803,21,1712135712765
865,-0.53515625,4.14453125,-0.904296875,0.7512386422733803,29,1712135712765
865,-0.5390625,4.189453125,-0.87890625,0.7512386422733803,21,1712135712765
865,-0.396484375,4.046875,-1.189453125,0.876445082652277,22,1712135712765
865,-0.400390625,4.115234375,-1.0859375,0.876445082652277,23,1712135712765
865,0.0,2.734375,3.236328125,-1.0016515230311738,22,1712135712765
865,0.0,2.515625,3.45703125,-1.0016515230311738,21,1712135712765
865,-0.876953125,3.751953125,-1.107421875,-0.876445082652277,20,1712135712765
865,-0.884765625,3.869140625,-0.78515625,-0.7512386422733803,19,1712135712765
865,-0.876953125,3.8359375,-0.765625,-0.6260322018944836,35,1712135712765
865,-0.884765625,3.8671875,-0.794921875,-0.6260322018944836,45,1712135712765
865,-0.89453125,3.8984375,-0.83203125,-0.6260322018944836,28,1712135712765
865,-0.7734375,3.94921875,-0.8984375,-0.6260322018944836,39,1712135712765
865,-0.779296875,3.978515625,-0.939453125,-0.6260322018944836,45,1712135712765
865,-0.787109375,4.03515625,-0.8515625,-0.6260322018944836,27,1712135712765
865,-0.869140625,3.8203125,-0.640625,-0.5008257615155869,26,1712135712765
865,-0.876953125,3.873046875,-0.54296875,-0.5008257615155869,53,1712135712765
865,-0.884765625,3.91796875,-0.486328125,-0.5008257615155869,57,1712135712765
865,-0.89453125,3.958984375,-0.46484375,-0.5008257615155869,30,1712135712765
865,-0.64453125,4.01953125,-0.658203125,-0.5008257615155869,29,1712135712765
865,-0.779296875,4.021484375,-0.728515625,-0.5008257615155869,39,1712135712765
865,-0.744140625,3.875,-0.447265625,-0.37561932113669017,44,1712135712765
865,-0.751953125,3.91015625,-0.46875,-0.37561932113669017,71,1712135712765
865,-0.7578125,3.953125,-0.421875,-0.37561932113669017,56,1712135712765
865,-0.869140625,3.857421875,-0.365234375,-0.25041288075779344,33,1712135712765
865,-0.876953125,3.896484375,-0.34765625,-0.25041288075779344,54,1712135712765
865,-1.138671875,3.8828125,0.015625,-0.25041288075779344,24,1712135712765
865,-0.765625,3.8671875,-1.068359375,-0.25041288075779344,32,1712135712765
865,-0.7734375,3.9140625,-1.0390625,-0.25041288075779344,37,1712135712765
865,-0.49609375,3.919921875,-0.384765625,-0.12520644037889672,21,1712135712765
865,-0.501953125,3.94921875,-0.478515625,-0.12520644037889672,30,1712135712765
865,-0.6328125,3.953125,-0.5859375,-0.12520644037889672,52,1712135712765
865,-0.638671875,3.98046875,-0.662109375,-0.12520644037889672,78,1712135712765
865,-0.7734375,3.9609375,-0.841796875,-0.12520644037889672,56,1712135712765
865,-0.91015625,3.896484375,-1.140625,-0.12520644037889672,21,1712135712765
865,-1.45703125,3.861328125,-0.96484375,-1.0016515230311738,14,1712135712765
865,-1.603515625,3.841796875,-0.97265625,-1.0016515230311738,14,1712135712765
866,-0.615234375,3.8828125,-0.06640625,0.0,19,1712135712866
866,-0.62109375,3.91796875,-0.1640625,0.0,43,1712135712866
866,-0.501953125,3.958984375,-0.376953125,0.0,36,1712135712866
866,-0.765625,3.98046875,-0.505859375,0.0,17,1712135712866
866,-0.615234375,3.880859375,0.1640625,0.12520644037889672,34,1712135712866
866,-0.49609375,3.9375,0.083984375,0.12520644037889672,97,1712135712866
866,-0.501953125,3.9765625,0.083984375,0.12520644037889672,117,1712135712866
866,-0.6328125,3.99609375,0.056640625,0.12520644037889672,62,1712135712866
866,-0.65625,4.013671875,-1.048828125,0.12520644037889672,21,1712135712866
866,-0.529296875,4.046875,-1.142578125,0.12520644037889672,33,1712135712866
866,-0.53515625,4.115234375,-1.029296875,0.12520644037889672,23,1712135712866
866,-0.62109375,3.900390625,0.400390625,0.25041288075779344,54,1712135712866
866,-0.501953125,3.9609375,0.349609375,0.25041288075779344,66,1712135712866
866,-0.6328125,3.98046875,0.365234375,0.25041288075779344,35,1712135712866
866,-0.869140625,3.75,-0.974609375,-0.5008257615155869,30,1712135712866
866,-0.876953125,3.78515625,-0.986328125,-0.5008257615155869,30,1712135712866
866,-0.638671875,3.921875,-0.94921875,-0.5008257615155869,24,1712135712866
866,-0.7734375,3.943359375,-0.92578125,-0.5008257615155869,30,1712135712866
866,-0.859375,3.734375,-0.876953125,-0.37561932113669017,35,1712135712866
866,-0.744140625,3.8359375,-0.69921875,-0.37561932113669017,74,1712135712866
866,-0.876953125,3.857421875,-0.64453125,-0.37561932113669017,70,1712135712866
866,-1.01171875,3.87890625,-0.5546875,-0.37561932113669017,20,1712135712866
866,-0.638671875,3.939453125,-0.869140625,-0.37561932113669017,37,1712135712866
866,-0.7734375,3.9609375,-0.83984375,-0.37561932113669017,43,1712135712866
866,-0.779296875,4.025390625,-0.703125,-0.37561932113669017,23,1712135712866
866,-0.859375,3.8046875,-0.498046875,-0.25041288075779344,26,1712135712866
866,-0.869140625,3.861328125,-0.306640625,-0.25041288075779344,45,1712135712866
866,-1.126953125,3.845703125,-0.0546875,-0.25041288075779344,29,1712135712866
866,-0.638671875,3.951171875,-0.818359375,-0.25041288075779344,42,1712135712866
866,-0.7734375,3.953125,-0.876953125,-0.25041288075779344,39,1712135712866
866,-0.62109375,3.884765625,-0.541015625,-0.12520644037889672,23,1712135712866
866,-0.626953125,3.916015625,-0.587890625,-0.12520644037889672,46,1712135712866
866,-0.6328125,3.947265625,-0.626953125,-0.12520644037889672,51,1712135712866
866,-0.638671875,3.96875,-0.73046875,-0.12520644037889672,42,1712135712866
866,-0.64453125,3.958984375,-0.953125,-0.12520644037889672,28,1712135712866
867,-0.615234375,3.880859375,-0.150390625,0.0,24,1712135712965
867,-0.49609375,3.93359375,-0.208984375,0.0,83,1712135712965
867,-0.501953125,3.96875,-0.251953125,0.0,130,1712135712965
867,-0.505859375,4.00390625,-0.291015625,0.0,99,1712135712965
867,-0.509765625,4.05078125,-0.13671875,0.0,31,1712135712965
867,-0.4921875,3.89453125,0.2421875,0.12520644037889672,26,1712135712965
867,-0.49609375,3.939453125,0.046875,0.12520644037889672,112,1712135712965
867,-0.501953125,3.9765625,0.005859375,0.12520644037889672,188,1712135712965
867,-0.505859375,4.015625,-0.025390625,0.12520644037889672,146,1712135712965
867,-0.509765625,4.052734375,0.0,0.12520644037889672,49,1712135712965
867,-0.49609375,3.92578125,0.322265625,0.25041288075779344,80,1712135712965
867,-0.626953125,3.951171875,0.240234375,0.25041288075779344,132,1712135712965
867,-0.6328125,3.9921875,0.1875,0.25041288075779344,103,1712135712965
867,-0.638671875,4.03125,0.146484375,0.25041288075779344,36,1712135712965
867,-0.751953125,3.90625,0.501953125,0.37561932113669017,21,1712135712965
867,-0.626953125,3.85546875,-0.904296875,-0.25041288075779344,26,1712135712965
867,-0.64453125,3.90625,-1.150390625,-0.25041288075779344,41,1712135712965
867,-0.650390625,3.892578125,-1.3203125,-0.25041288075779344,46,1712135712965
867,-0.736328125,3.82421875,-0.53515625,-0.12520644037889672,20,1712135712965
867,-0.62109375,3.888671875,-0.51171875,-0.12520644037889672,55,1712135712965
867,-0.501953125,3.94140625,-0.525390625,-0.12520644037889672,75,1712135712965
867,-0.6328125,3.94140625,-0.66796875,-0.12520644037889672,58,1712135712965
867,-0.64453125,3.923828125,-1.087890625,-0.12520644037889672,39,1712135712965
867,-0.51953125,3.9609375,-1.166015625,-0.12520644037889672,50,1712135712965
867,-0.65625,3.919921875,-1.35546875,-0.12520644037889672,44,1712135712965
868,-0.482421875,3.58984375,-1.322265625,0.0,17,1712135713016
868,-0.62109375,3.900390625,-0.40625,0.0,30,1712135713016
868,-0.501953125,3.955078125,-0.41015625,0.0,46,1712135713016
868,-0.505859375,4.0078125,-0.234375,0.0,39,1712135713016
868,-0.357421875,3.591796875,-1.2421875,0.12520644037889672,23,1712135713016
868,-0.482421875,3.658203125,-1.1171875,0.12520644037889672,33,1712135713016
868,-0.365234375,3.654296875,-1.29296875,0.12520644037889672,21,1712135713016
868,-0.736328125,3.861328125,0.09375,0.12520644037889672,25,1712135713016
868,-0.62109375,3.91796875,-0.146484375,0.12520644037889672,68,1712135713016
868,-0.501953125,3.9765625,-0.095703125,0.12520644037889672,110,1712135713016
868,-0.37890625,4.02734375,-0.0859375,0.12520644037889672,110,1712135713016
868,-0.3828125,4.064453125,-0.15625,0.12520644037889672,59,1712135713016
868,-0.482421875,3.7421875,-0.79296875,0.25041288075779344,25,1712135713016
868,-0.62109375,3.91796875,0.1640625,0.25041288075779344,59,1712135713016
868,-0.501953125,3.974609375,0.115234375,0.25041288075779344,135,1712135713016
868,-0.505859375,4.013671875,0.126953125,0.25041288075779344,156,1712135713016
868,-0.509765625,4.05078125,0.1015625,0.25041288075779344,97,1712135713016
868,-0.515625,4.087890625,-0.16015625,0.25041288075779344,42,1712135713016
868,-0.501953125,3.962890625,0.32421875,0.37561932113669017,54,1712135713016
868,-0.6328125,3.984375,0.314453125,0.37561932113669017,68,1712135713016
868,-0.509765625,4.041015625,0.314453125,0.37561932113669017,49,1712135713016
868,-0.515625,4.083984375,0.24609375,0.37561932113669017,29,1712135713016
868,-0.501953125,3.912109375,-0.71484375,-0.12520644037889672,28,1712135713016
868,-0.505859375,3.947265625,-0.73046875,-0.12520644037889672,29,1712135713016
869,-0.615234375,3.794921875,-0.830078125,0.0,52,1712135713166
869,-0.62109375,3.84375,-0.775390625,0.0,101,1712135713166
869,-0.501953125,3.9140625,-0.701171875,0.0,101,1712135713166
869,-0.6328125,3.94140625,-0.66796875,0.0,57,1712135713166
869,-0.509765625,4.03125,-0.408203125,0.0,34,1712135713166
869,-0.64453125,4.064453125,-0.2578125,0.0,18,1712135713166
869,-0.259765625,3.876953125,-1.490234375,0.0,20,1712135713166
869,-0.39453125,3.9296875,-1.4296875,0.0,30,1712135713166
869,-0.396484375,3.95703125,-1.462890625,0.0,26,1712135713166
869,-0.73046875,3.7578125,-0.712890625,0.12520644037889672,25,1712135713166
869,-0.615234375,3.845703125,-0.5390625,0.12520644037889672,101,1712135713166
869,-0.62109375,3.888671875,-0.509765625,0.12520644037889672,176,1712135713166
869,-0.501953125,3.953125,-0.443359375,0.12520644037889672,153,1712135713166
869,-0.505859375,4.0,-0.34765625,0.12520644037889672,107,1712135713166
869,-0.509765625,4.046875,-0.208984375,0.12520644037889672,84,1712135713166
869,-0.515625,4.08984375,-0.078125,0.12520644037889672,37,1712135713166
869,-0.390625,3.9921875,-1.107421875,0.12520644037889672,42,1712135713166
869,-0.39453125,4.029296875,-1.115234375,0.12520644037889672,72,1712135713166
869,-0.396484375,4.05078125,-1.177734375,0.12520644037889672,62,1712135713166
869,-0.615234375,3.869140625,-0.34375,0.25041288075779344,53,1712135713166
869,-0.62109375,3.912109375,-0.267578125,0.25041288075779344,88,1712135713166
869,-0.751953125,3.921875,-0.353515625,0.25041288075779344,67,1712135713166
869,-0.6328125,3.99609375,-0.103515625,0.25041288075779344,40,1712135713166
869,-0.638671875,4.033203125,0.09765625,0.25041288075779344,52,1712135713166
869,-0.390625,4.08203125,-0.708984375,0.25041288075779344,39,1712135713166
869,-0.39453125,4.095703125,-0.837890625,0.25041288075779344,65,1712135713166
869,-0.396484375,4.111328125,-0.94921875,0.25041288075779344,58,1712135713166
869,-0.373046875,3.7578125,-1.22265625,-0.12520644037889672,23,1712135713166
869,-0.501953125,3.841796875,-1.03125,-0.12520644037889672,48,1712135713166
869,-0.505859375,3.90625,-0.92578125,-0.12520644037889672,44,1712135713166
870,-0.501953125,3.935546875,-0.568359375,0.0,24,1712135713217
870,-0.37890625,4.005859375,-0.431640625,0.0,68,1712135713217
870,-0.3828125,4.0390625,-0.474609375,0.0,130,1712135713217
870,-0.38671875,4.07421875,-0.501953125,0.0,128,1712135713217
870,-0.390625,4.10546875,-0.55859375,0.0,60,1712135713217
870,-0.615234375,3.8671875,-0.349609375,0.12520644037889672,17,1712135713217
870,-0.744140625,3.865234375,-0.51953125,0.12520644037889672,20,1712135713217
870,-0.626953125,3.9453125,-0.326171875,0.12520644037889672,24,1712135713217
870,-0.505859375,4.013671875,-0.126953125,0.12520644037889672,119,1712135713217
870,-0.509765625,4.048828125,-0.1875,0.12520644037889672,242,1712135713217
870,-0.515625,4.083984375,-0.244140625,0.12520644037889672,231,1712135713217
870,-0.51953125,4.119140625,-0.28515625,0.12520644037889672,107,1712135713217
870,-0.505859375,4.013671875,0.08984375,0.25041288075779344,65,1712135713217
870,-0.509765625,4.052734375,0.052734375,0.25041288075779344,132,1712135713217
870,-0.38671875,4.10546875,0.017578125,0.25041288075779344,125,1712135713217
870,-0.51953125,4.12890625,0.001953125,0.25041288075779344,61,1712135713217
870,-0.486328125,3.654296875,-1.251953125,0.37561932113669017,24,1712135713217
870,-0.4921875,3.71875,-1.1796875,0.37561932113669017,30,1712135713217
870,-0.486328125,3.712890625,-1.064453125,0.5008257615155869,27,1712135713217
870,-0.4921875,3.775390625,-0.986328125,0.5008257615155869,34,1712135713217
870,-0.49609375,3.83203125,-0.912109375,0.5008257615155869,20,1712135713217
870,-0.49609375,3.8984375,-0.5625,-0.12520644037889672,27,1712135713217
870,-0.501953125,3.9375,-0.552734375,-0.12520644037889672,31,1712135713217
871,-0.609375,3.79296875,-0.642578125,0.0,20,1712135713368
871,-0.4921875,3.875,-0.455078125,0.0,75,1712135713368
871,-0.49609375,3.904296875,-0.517578125,0.0,144,1712135713368
871,-0.501953125,3.94140625,-0.529296875,0.0,166,1712135713368
871,-0.37890625,3.99609375,-0.509765625,0.0,127,1712135713368
871,-0.3828125,4.041015625,-0.458984375,0.0,73,1712135713368
871,-0.38671875,4.1015625,-0.17578125,0.0,39,1712135713368
871,-0.390625,4.140625,0.154296875,0.0,17,1712135713368
871,-0.400390625,4.134765625,-1.01171875,0.0,16,1712135713368
871,-0.26953125,4.1953125,-0.970703125,0.0,16,1712135713368
871,-0.509765625,4.05078125,-0.15234375,0.12520644037889672,36,1712135713368
871,-0.38671875,4.09765625,-0.23046875,0.12520644037889672,42,1712135713368
871,-0.404296875,4.203125,-0.87890625,0.12520644037889672,19,1712135713368
871,-0.4921875,3.6953125,-1.251953125,0.25041288075779344,27,1712135713368
871,-0.49609375,3.767578125,-1.15234375,0.25041288075779344,33,1712135713368
871,-0.3828125,4.064453125,0.111328125,0.25041288075779344,31,1712135713368
871,-0.38671875,4.103515625,0.099609375,0.25041288075779344,34,1712135713368
871,-0.49609375,3.818359375,-0.96484375,0.37561932113669017,29,1712135713368
871,-0.1328125,4.01953125,-1.451171875,-0.37561932113669017,30,1712135713368
871,-0.26953125,4.119140625,-1.251953125,-0.37561932113669017,25,1712135713368
871,-0.4921875,3.8203125,-0.79296875,-0.25041288075779344,63,1712135713368
871,-0.373046875,3.837890625,-0.9453125,-0.25041288075779344,125,1712135713368
871,-0.375,3.859375,-1.01953125,-0.25041288075779344,145,1712135713368
871,-0.37890625,3.884765625,-1.068359375,-0.25041288075779344,102,1712135713368
871,-0.255859375,3.93359375,-1.07421875,-0.25041288075779344,44,1712135713368
871,-0.265625,4.029296875,-1.283203125,-0.25041288075779344,33,1712135713368
871,-0.1328125,4.107421875,-1.177734375,-0.25041288075779344,57,1712135713368
871,-0.26953125,4.16796875,-1.078125,-0.25041288075779344,50,1712135713368
871,-0.13671875,4.236328125,-0.990234375,-0.25041288075779344,23,1712135713368
871,-0.486328125,3.822265625,-0.556640625,-0.12520644037889672,33,1712135713368
871,-0.4921875,3.84765625,-0.64453125,-0.12520644037889672,127,1712135713368
871,-0.49609375,3.87109375,-0.73046875,-0.12520644037889672,257,1712135713368
871,-0.501953125,3.900390625,-0.78125,-0.12520644037889672,305,1712135713368
871,-0.37890625,3.951171875,-0.78515625,-0.12520644037889672,224,1712135713368
871,-0.3828125,4.0,-0.740234375,-0.12520644037889672,101,1712135713368
871,-0.267578125,4.162109375,-0.939453125,-0.12520644037889672,43,1712135713368
871,-0.26953125,4.2109375,-0.89453125,-0.12520644037889672,39,1712135713368
871,-0.255859375,4.0703125,-0.21484375,0.12520644037889672,36,1712135713368
872,-0.486328125,3.841796875,-0.40234375,0.0,42,1712135713468
872,-0.615234375,3.87109375,-0.302734375,0.0,110,1712135713468
872,-0.62109375,3.91796875,-0.150390625,0.0,116,1712135713468
872,-0.626953125,3.955078125,-0.162109375,0.0,45,1712135713468
872,-0.37890625,3.998046875,-0.494140625,0.0,78,1712135713468
872,-0.255859375,4.07421875,-0.142578125,0.0,65,1712135713468
872,-0.38671875,4.103515625,0.0859375,0.0,33,1712135713468
872,0.0,4.115234375,-1.01171875,0.0,19,1712135713468
872,-0.267578125,4.158203125,-0.9609375,0.0,24,1712135713468
872,-0.744140625,3.888671875,0.298828125,0.12520644037889672,18,1712135713468
872,-0.626953125,3.94140625,-0.376953125,0.12520644037889672,20,1712135713468
872,-0.505859375,3.953125,-0.703125,0.12520644037889672,23,1712135713468
872,-0.4921875,3.78125,-0.958984375,-0.37561932113669017,40,1712135713468
872,-0.49609375,3.82421875,-0.9453125,-0.37561932113669017,49,1712135713468
872,-0.501953125,3.873046875,-0.908203125,-0.37561932113669017,27,1712135713468
872,-0.486328125,3.76953125,-0.84765625,-0.25041288075779344,68,1712135713468
872,-0.4921875,3.828125,-0.75390625,-0.25041288075779344,185,1712135713468
872,-0.49609375,3.87890625,-0.6875,-0.25041288075779344,212,1712135713468
872,-0.501953125,3.9375,-0.55859375,-0.25041288075779344,86,1712135713468
872,-0.251953125,3.904296875,-1.03125,-0.25041288075779344,57,1712135713468
872,-0.255859375,4.02734375,-0.63671875,-0.25041288075779344,62,1712135713468
872,-0.38671875,4.080078125,-0.447265625,-0.25041288075779344,30,1712135713468
872,-0.486328125,3.8125,-0.623046875,-0.12520644037889672,87,1712135713468
872,-0.4921875,3.865234375,-0.529296875,-0.12520644037889672,233,1712135713468
872,-0.49609375,3.916015625,-0.4296875,-0.12520644037889672,252,1712135713468
872,-0.626953125,3.951171875,-0.25,-0.12520644037889672,88,1712135713468
872,-0.37890625,3.970703125,-0.685546875,-0.12520644037889672,122,1712135713468
872,-0.3828125,4.046875,-0.40625,-0.12520644037889672,115,1712135713468
872,-0.2578125,4.107421875,-0.251953125,-0.12520644037889672,61,1712135713468
872,-0.1328125,4.009765625,-1.36328125,-0.12520644037889672,28,1712135713468
872,-0.1328125,4.11328125,-1.158203125,-0.12520644037889672,36,1712135713468
873,-0.365234375,3.859375,-0.37109375,0.0,23,1712135713568
873,-0.4921875,3.888671875,-0.3046875,0.0,26,1712135713568
873,-0.373046875,3.94140625,-0.3125,0.0,34,1712135713568
873,-0.375,3.962890625,-0.46875,0.0,57,1712135713568
873,-0.37890625,3.994140625,-0.525390625,0.0,48,1712135713568
873,-0.509765625,4.044921875,-0.259765625,0.0,25,1712135713568
873,-0.365234375,3.74609375,-0.99609375,-0.37561932113669017,26,1712135713568
873,-0.369140625,3.783203125,-1.00390625,-0.37561932113669017,48,1712135713568
873,-0.49609375,3.775390625,-1.126953125,-0.37561932113669017,37,1712135713568
873,-0.251953125,4.0078125,-0.505859375,-0.37561932113669017,40,1712135713568
873,-0.255859375,4.033203125,-0.599609375,-0.37561932113669017,28,1712135713568
873,-0.365234375,3.8203125,-0.658203125,-0.25041288075779344,56,1712135713568
873,-0.369140625,3.859375,-0.658203125,-0.25041288075779344,108,1712135713568
873,-0.373046875,3.861328125,-0.84375,-0.25041288075779344,103,1712135713568
873,-0.375,3.83984375,-1.0859375,-0.25041288075779344,76,1712135713568
873,-0.251953125,4.029296875,-0.2890625,-0.25041288075779344,105,1712135713568
873,-0.255859375,4.06640625,-0.283203125,-0.25041288075779344,75,1712135713568
873,-0.2578125,4.1015625,-0.326171875,-0.25041288075779344,30,1712135713568
873,-0.365234375,3.849609375,-0.458984375,-0.12520644037889672,48,1712135713568
873,-0.369140625,3.892578125,-0.41015625,-0.12520644037889672,78,1712135713568
873,-0.373046875,3.91015625,-0.580078125,-0.12520644037889672,95,1712135713568
873,-0.375,3.90234375,-0.833984375,-0.12520644037889672,111,1712135713568
873,-0.37890625,3.98046875,-0.62890625,-0.12520644037889672,108,1712135713568
873,-0.255859375,4.0625,-0.345703125,-0.12520644037889672,67,1712135713568
873,-0.38671875,4.103515625,-0.12109375,-0.12520644037889672,31,1712135713568
874,-0.361328125,3.822265625,-0.345703125,0.0,31,1712135713618
874,-0.365234375,3.8671875,-0.28125,0.0,76,1712135713618
874,-0.369140625,3.90234375,-0.302734375,0.0,91,1712135713618
874,-0.373046875,3.9375,-0.359375,0.0,55,1712135713618
874,-0.501953125,3.953125,-0.44140625,0.0,15,1712135713618
874,0.0,4.080078125,-1.279296875,0.12520644037889672,28,1712135713618
874,-0.240234375,3.72265625,-0.970703125,-0.37561932113669017,46,1712135713618
874,-0.365234375,3.75,-0.982421875,-0.37561932113669017,101,1712135713618
874,-0.24609375,3.8125,-0.927734375,-0.37561932113669017,116,1712135713618
874,-0.248046875,3.89453125,-0.728515625,-0.37561932113669017,84,1712135713618
874,-0.25,3.978515625,-0.416015625,-0.37561932113669017,58,1712135713618
874,-0.126953125,4.013671875,-0.494140625,-0.37561932113669017,39,1712135713618
874,-0.240234375,3.771484375,-0.76171875,-0.25041288075779344,121,1712135713618
874,-0.365234375,3.80078125,-0.76953125,-0.25041288075779344,273,1712135713618
874,-0.24609375,3.853515625,-0.740234375,-0.25041288075779344,312,1712135713618
874,-0.248046875,3.91015625,-0.638671875,-0.25041288075779344,197,1712135713618
874,-0.25,3.982421875,-0.388671875,-0.25041288075779344,97,1712135713618
874,-0.126953125,4.033203125,-0.291015625,-0.25041288075779344,67,1712135713618
874,-0.361328125,3.80078125,-0.54296875,-0.12520644037889672,100,1712135713618
874,-0.244140625,3.849609375,-0.529296875,-0.12520644037889672,234,1712135713618
874,-0.369140625,3.876953125,-0.537109375,-0.12520644037889672,271,1712135713618
874,-0.373046875,3.921875,-0.5,-0.12520644037889672,170,1712135713618
874,-0.25,3.982421875,-0.373046875,-0.12520644037889672,69,1712135713618
874,-0.251953125,4.03125,-0.251953125,-0.12520644037889672,40,1712135713618
875,-0.361328125,3.814453125,-0.4375,0.0,42,1712135713769
875,-0.365234375,3.8515625,-0.447265625,0.0,74,1712135713769
875,-0.369140625,3.888671875,-0.45703125,0.0,58,1712135713769
875,-0.248046875,3.876953125,-0.822265625,0.0,32,1712135713769
875,-0.25,3.9296875,-0.755859375,0.0,41,1712135713769
875,-0.37890625,3.98046875,-0.62890625,0.0,26,1712135713769
875,-0.365234375,3.873046875,-0.150390625,0.12520644037889672,19,1712135713769
875,-0.369140625,3.90625,-0.26171875,0.12520644037889672,20,1712135713769
875,0.0,4.01953125,-1.33984375,0.37561932113669017,19,1712135713769
875,0.0,4.099609375,-1.216796875,0.37561932113669017,42,1712135713769
875,0.0,4.162109375,-1.1328125,0.37561932113669017,45,1712135713769
875,0.0,4.236328125,-0.994140625,0.37561932113669017,26,1712135713769
875,0.0,4.177734375,-0.90625,0.5008257615155869,25,1712135713769
875,0.0,4.22265625,-0.880859375,0.5008257615155869,26,1712135713769
875,0.0,3.95703125,-0.33203125,-0.5008257615155869,30,1712135713769
875,0.0,3.982421875,-0.462890625,-0.5008257615155869,25,1712135713769
875,-0.244140625,3.755859375,-0.998046875,-0.37561932113669017,36,1712135713769
875,-0.24609375,3.87109375,-0.64453125,-0.37561932113669017,47,1712135713769
875,-0.125,3.95703125,-0.3046875,-0.37561932113669017,55,1712135713769
875,0.0,4.005859375,-0.15234375,-0.37561932113669017,39,1712135713769
875,-0.240234375,3.755859375,-0.841796875,-0.25041288075779344,70,1712135713769
875,-0.244140625,3.7890625,-0.8671875,-0.25041288075779344,124,1712135713769
875,-0.24609375,3.841796875,-0.798828125,-0.25041288075779344,105,1712135713769
875,-0.248046875,3.908203125,-0.658203125,-0.25041288075779344,34,1712135713769
875,-0.25,3.763671875,-1.35546875,-0.25041288075779344,26,1712135713769
875,-0.357421875,3.751953125,-0.6015625,-0.12520644037889672,19,1712135713769
875,-0.240234375,3.79296875,-0.650390625,-0.12520644037889672,85,1712135713769
875,-0.244140625,3.828125,-0.666015625,-0.12520644037889672,150,1712135713769
875,-0.24609375,3.865234375,-0.68359375,-0.12520644037889672,113,1712135713769
875,-0.125,3.810546875,-1.111328125,-0.12520644037889672,59,1712135713769
875,-0.125,3.8984375,-0.927734375,-0.12520644037889672,82,1712135713769
875,-0.251953125,3.970703125,-0.73828125,-0.12520644037889672,51,1712135713769
876,-0.12109375,3.796875,-0.666015625,0.0,17,1712135713819
876,-0.12109375,3.822265625,-0.732421875,0.0,21,1712135713819
876,0.0,3.857421875,-0.767578125,0.0,22,1712135713819
876,0.0,3.892578125,-0.78515625,0.0,34,1712135713819
876,-0.125,3.96875,-0.552734375,0.0,35,1712135713819
876,0.0,4.029296875,-0.375,0.0,20,1712135713819
876,0.0,3.916015625,-0.35546875,-0.37561932113669017,19,1712135713819
876,0.0,3.91796875,-0.646484375,-0.37561932113669017,28,1712135713819
876,-0.125,3.955078125,-0.642578125,-0.37561932113669017,46,1712135713819
876,-0.126953125,3.99609375,-0.626953125,-0.37561932113669017,40,1712135713819
876,0.0,3.765625,-0.623046875,-0.25041288075779344,27,1712135713819
876,0.0,3.787109375,-0.7265625,-0.25041288075779344,41,1712135713819
876,0.0,3.875,-0.669921875,-0.25041288075779344,38,1712135713819
876,0.0,3.8984375,-0.755859375,-0.25041288075779344,85,1712135713819
876,0.0,3.958984375,-0.62890625,-0.25041288075779344,93,1712135713819
876,0.0,4.01953125,-0.46484375,-0.25041288075779344,63,1712135713819
876,0.0,3.802734375,-0.34375,-0.12520644037889672,24,1712135713819
876,-0.12109375,3.75,-0.888671875,-0.12520644037889672,40,1712135713819
876,-0.12109375,3.705078125,-1.19140625,-0.12520644037889672,33,1712135713819
876,0.0,3.849609375,-0.80078125,-0.12520644037889672,50,1712135713819
876,-0.125,3.884765625,-0.80859375,-0.12520644037889672,90,1712135713819
876,0.0,3.931640625,-0.78515625,-0.12520644037889672,85,1712135713819
876,0.0,3.9765625,-0.75390625,-0.12520644037889672,41,1712135713819
877,0.0,3.81640625,0.109375,0.0,20,1712135713920
877,0.0,3.890625,-0.142578125,0.0,26,1712135713920
877,0.0,3.9296875,-0.111328125,0.0,28,1712135713920
877,-0.125,3.9609375,-0.23046875,0.0,32,1712135713920
877,0.0,4.0078125,-0.083984375,0.0,32,1712135713920
877,0.12109375,3.83984375,-0.638671875,-0.37561932113669017,24,1712135713920
877,0.0,3.8984375,-0.505859375,-0.37561932113669017,23,1712135713920
877,0.0,3.78515625,-0.501953125,-0.25041288075779344,28,1712135713920
877,0.0,3.755859375,-0.87109375,-0.25041288075779344,33,1712135713920
877,0.0,3.86328125,-0.482421875,-0.25041288075779344,72,1712135713920
877,0.0,3.919921875,-0.298828125,-0.25041288075779344,72,1712135713920
877,0.0,3.951171875,-0.3828125,-0.25041288075779344,53,1712135713920
877,0.0,3.986328125,-0.42578125,-0.25041288075779344,55,1712135713920
877,-0.119140625,3.810546875,-0.203125,-0.12520644037889672,38,1712135713920
877,0.0,3.751953125,-0.892578125,-0.12520644037889672,29,1712135713920
877,0.0,3.880859375,-0.30859375,-0.12520644037889672,66,1712135713920
877,0.0,3.9296875,-0.146484375,-0.12520644037889672,69,1712135713920
877,-0.125,3.951171875,-0.37890625,-0.12520644037889672,68,1712135713920
877,0.0,3.998046875,-0.27734375,-0.12520644037889672,71,1712135713920
878,0.0,3.810546875,-0.234375,0.0,13,1712135714020
878,0.0,3.791015625,-0.4453125,-0.12520644037889672,21,1712135714020
878,0.0,3.849609375,-0.970703125,-0.12520644037889672,33,1712135714020
878,0.0,3.900390625,-0.92578125,-0.12520644037889672,29,1712135714020
879,0.0,3.64453125,-1.13671875,-0.12520644037889672,19,1712135714121
879,0.0,3.71484375,-1.03515625,-0.12520644037889672,22,1712135714121
880,0.0,3.76953125,-0.599609375,0.0,15,1712135714221
880,0.0,3.8046875,-0.630859375,0.0,19,1712135714221
880,0.12109375,3.857421875,-0.515625,0.0,20,1712135714221
880,0.123046875,3.908203125,-0.419921875,0.0,19,1712135714221
880,0.0,3.78515625,-0.498046875,0.12520644037889672,37,1712135714221
880,0.12109375,3.8359375,-0.37109375,0.12520644037889672,45,1712135714221
880,0.12109375,3.88671875,-0.21484375,0.12520644037889672,42,1712135714221
880,0.123046875,3.927734375,-0.125,0.12520644037889672,38,1712135714221
880,0.125,3.96484375,-0.158203125,0.12520644037889672,24,1712135714221
881,0.236328125,3.6953125,-0.751953125,0.0,28,1712135714321
881,0.119140625,3.72265625,-0.8359375,0.0,64,1712135714321
881,0.12109375,3.76171875,-0.833984375,0.0,69,1712135714321
881,0.244140625,3.828125,-0.671875,0.0,41,1712135714321
881,0.0,3.865234375,-0.904296875,0.0,19,1712135714321
881,0.1171875,3.73046875,-0.591796875,0.12520644037889672,50,1712135714321
881,0.119140625,3.771484375,-0.583984375,0.12520644037889672,121,1712135714321
881,0.12109375,3.80859375,-0.587890625,0.12520644037889672,129,1712135714321
881,0.12109375,3.85546875,-0.53125,0.12520644037889672,75,1712135714321
881,0.0,3.939453125,-0.501953125,0.12520644037889672,33,1712135714321
881,0.1171875,3.7578125,-0.37890625,0.25041288075779344,33,1712135714321
881,0.119140625,3.796875,-0.38671875,0.25041288075779344,80,1712135714321
881,0.12109375,3.830078125,-0.419921875,0.25041288075779344,85,1712135714321
881,0.12109375,3.876953125,-0.341796875,0.25041288075779344,45,1712135714321
882,0.119140625,3.7109375,-0.888671875,0.0,20,1712135714423
882,0.12109375,3.76953125,-0.8046875,0.0,34,1712135714423
882,0.244140625,3.84765625,-0.548828125,0.0,62,1712135714423
882,0.24609375,3.873046875,-0.6328125,0.0,108,1712135714423
882,0.248046875,3.896484375,-0.716796875,0.0,104,1712135714423
882,0.25,3.9453125,-0.658203125,0.0,61,1712135714423
882,0.126953125,4.005859375,-0.55859375,0.0,26,1712135714423
882,0.23828125,3.755859375,-0.642578125,0.12520644037889672,55,1712135714423
882,0.240234375,3.794921875,-0.634765625,0.12520644037889672,94,1712135714423
882,0.244140625,3.86328125,-0.416015625,0.12520644037889672,139,1712135714423
882,0.24609375,3.904296875,-0.3984375,0.12520644037889672,216,1712135714423
882,0.248046875,3.9375,-0.44921875,0.12520644037889672,206,1712135714423
882,0.25,3.978515625,-0.416015625,0.12520644037889672,120,1712135714423
882,0.251953125,4.0234375,-0.361328125,0.12520644037889672,53,1712135714423
882,0.119140625,3.78515625,-0.474609375,0.25041288075779344,58,1712135714423
882,0.240234375,3.82421875,-0.43359375,0.25041288075779344,100,1712135714423
882,0.12109375,3.8828125,-0.25390625,0.25041288075779344,119,1712135714423
882,0.24609375,3.923828125,-0.109375,0.25041288075779344,149,1712135714423
882,0.125,3.966796875,-0.12109375,0.25041288075779344,129,1712135714423
882,0.125,4.005859375,-0.0625,0.25041288075779344,75,1712135714423
882,0.126953125,4.044921875,-0.0546875,0.25041288075779344,39,1712135714423
882,0.23828125,3.771484375,-0.54296875,0.37561932113669017,19,1712135714423
882,0.12109375,3.83984375,-0.326171875,0.37561932113669017,32,1712135714423
882,0.12109375,3.88671875,-0.203125,0.37561932113669017,31,1712135714423
882,0.123046875,3.923828125,0.23046875,0.37561932113669017,24,1712135714423
883,0.240234375,3.625,-1.29296875,0.0,18,1712135714523
883,0.244140625,3.662109375,-1.302734375,0.0,29,1712135714523
883,0.24609375,3.71484375,-1.263671875,0.0,28,1712135714523
883,0.248046875,3.751953125,-1.275390625,0.0,24,1712135714523
883,0.25,3.814453125,-1.20703125,0.0,22,1712135714523
883,0.12109375,3.583984375,-1.4140625,0.12520644037889672,20,1712135714523
883,0.244140625,3.640625,-1.36328125,0.12520644037889672,32,1712135714523
883,0.123046875,3.740234375,-1.20703125,0.12520644037889672,26,1712135714523
883,0.0,3.896484375,-0.76171875,0.12520644037889672,15,1712135714523
883,0.240234375,3.84765625,-0.029296875,0.25041288075779344,23,1712135714523
883,0.24609375,3.859375,0.71484375,0.25041288075779344,23,1712135714523
883,0.373046875,3.91015625,0.576171875,0.25041288075779344,45,1712135714523
883,0.25,3.970703125,0.4921875,0.25041288075779344,52,1712135714523
883,0.251953125,4.037109375,0.123046875,0.25041288075779344,51,1712135714523
883,0.12109375,3.8515625,-0.150390625,0.37561932113669017,24,1712135714523
883,0.244140625,3.88671875,0.04296875,0.37561932113669017,28,1712135714523
883,0.24609375,3.8828125,0.564453125,0.37561932113669017,26,1712135714523
883,0.248046875,3.90625,0.666015625,0.37561932113669017,34,1712135714523
883,0.25,3.9609375,0.560546875,0.37561932113669017,40,1712135714523
883,0.251953125,4.02734375,0.291015625,0.37561932113669017,37,1712135714523
883,-1.3515625,2.345703125,2.8515625,0.12520644037889672,15,1712135714523
883,-1.48828125,2.25390625,2.91015625,0.12520644037889672,13,1712135714523
884,0.123046875,3.744140625,-1.193359375,0.0,12,1712135714623
884,0.248046875,3.767578125,-1.2265625,0.0,15,1712135714623
884,0.375,3.779296875,-1.279296875,0.0,22,1712135714623
884,0.251953125,3.83984375,-1.25,0.0,23,1712135714623
884,0.3828125,3.896484375,-1.16796875,0.0,17,1712135714623
884,0.369140625,3.79296875,-0.966796875,0.12520644037889672,19,1712135714623
884,0.373046875,3.78515625,-1.138671875,0.12520644037889672,27,1712135714623
884,0.375,3.83984375,-1.087890625,0.12520644037889672,46,1712135714623
884,0.37890625,3.90234375,-1.001953125,0.12520644037889672,43,1712135714623
884,0.3828125,3.9609375,-0.92578125,0.12520644037889672,29,1712135714623
884,0.244140625,3.775390625,-0.92578125,0.25041288075779344,34,1712135714623
884,0.24609375,3.8828125,-0.56640625,0.25041288075779344,37,1712135714623
884,0.248046875,3.908203125,-0.654296875,0.25041288075779344,29,1712135714623
884,0.25,3.873046875,-1.0,0.25041288075779344,44,1712135714623
884,0.251953125,3.921875,-0.962890625,0.25041288075779344,41,1712135714623
884,0.244140625,3.828125,-0.673828125,0.37561932113669017,33,1712135714623
884,0.123046875,3.8671875,-0.701171875,0.37561932113669017,40,1712135714623
884,0.248046875,3.615234375,-1.623046875,0.37561932113669017,28,1712135714623
884,0.25,3.865234375,-1.03515625,0.37561932113669017,45,1712135714623
884,0.37890625,3.97265625,-0.666015625,0.37561932113669017,51,1712135714623
884,0.255859375,4.056640625,-0.412109375,0.37561932113669017,41,1712135714623
884,0.12109375,3.876953125,-0.3515625,0.5008257615155869,35,1712135714623
884,0.123046875,3.9140625,-0.357421875,0.5008257615155869,49,1712135714623
884,0.248046875,3.93359375,-0.474609375,0.5008257615155869,41,1712135714623
884,0.25,3.955078125,-0.603515625,0.5008257615155869,32,1712135714623
884,0.126953125,4.03515625,-0.291015625,0.5008257615155869,25,1712135714623
884,0.123046875,3.76171875,-1.140625,-0.12520644037889672,25,1712135714623
884,0.125,3.771484375,-1.232421875,-0.12520644037889672,23,1712135714623
885,0.369140625,3.75,-1.123046875,0.0,19,1712135714723
885,0.373046875,3.76171875,-1.21484375,0.0,27,1712135714723
885,0.375,3.796875,-1.2265625,0.0,29,1712135714723
885,0.251953125,3.849609375,-1.224609375,0.0,27,1712135714723
885,0.3828125,3.908203125,-1.126953125,0.0,22,1712135714723
885,0.365234375,3.638671875,-1.3359375,0.12520644037889672,25,1712135714723
885,0.24609375,3.71875,-1.255859375,0.12520644037889672,48,1712135714723
885,0.248046875,3.7421875,-1.302734375,0.12520644037889672,38,1712135714723
885,0.501953125,3.791015625,-1.203125,0.12520644037889672,32,1712135714723
885,0.505859375,3.84765625,-1.14453125,0.12520644037889672,40,1712135714723
885,0.3828125,3.951171875,-0.966796875,0.12520644037889672,27,1712135714723
885,0.365234375,3.712890625,-1.1171875,0.25041288075779344,72,1712135714723
885,0.369140625,3.78515625,-1.0,0.25041288075779344,160,1712135714723
885,0.373046875,3.83984375,-0.939453125,0.25041288075779344,187,1712135714723
885,0.375,3.87890625,-0.939453125,0.25041288075779344,163,1712135714723
885,0.251953125,3.943359375,-0.873046875,0.25041288075779344,132,1712135714723
885,0.3828125,4.00390625,-0.716796875,0.25041288075779344,114,1712135714723
885,0.38671875,4.056640625,-0.62109375,0.25041288075779344,64,1712135714723
885,0.365234375,3.798828125,-0.775390625,0.37561932113669017,68,1712135714723
885,0.369140625,3.861328125,-0.6484375,0.37561932113669017,165,1712135714723
885,0.248046875,3.91015625,-0.64453125,0.37561932113669017,206,1712135714723
885,0.375,3.923828125,-0.728515625,0.37561932113669017,173,1712135714723
885,0.251953125,3.978515625,-0.693359375,0.37561932113669017,141,1712135714723
885,0.255859375,4.04296875,-0.53125,0.37561932113669017,126,1712135714723
885,0.38671875,4.076171875,-0.490234375,0.37561932113669017,67,1712135714723
885,0.24609375,3.900390625,-0.42578125,0.5008257615155869,50,1712135714723
885,0.248046875,3.939453125,-0.4296875,0.5008257615155869,66,1712135714723
885,0.25,3.9609375,-0.560546875,0.5008257615155869,52,1712135714723
885,0.251953125,4.001953125,-0.548828125,0.5008257615155869,48,1712135714723
885,0.3828125,4.048828125,-0.384765625,0.5008257615155869,44,1712135714723
886,0.509765625,3.76171875,-1.509765625,0.0,12,1712135714823
886,0.544921875,4.232421875,-0.853515625,0.0,21,1712135714823
886,0.501953125,3.806640625,-1.15234375,0.12520644037889672,30,1712135714823
886,0.505859375,3.931640625,-0.810546875,0.12520644037889672,59,1712135714823
886,0.638671875,3.98828125,-0.603515625,0.12520644037889672,55,1712135714823
886,0.38671875,4.072265625,-0.517578125,0.12520644037889672,17,1712135714823
886,0.24609375,3.767578125,-1.1015625,0.25041288075779344,25,1712135714823
886,0.248046875,3.810546875,-1.0859375,0.25041288075779344,36,1712135714823
886,0.375,3.935546875,-0.6640625,0.25041288075779344,64,1712135714823
886,0.505859375,3.986328125,-0.4765625,0.25041288075779344,110,1712135714823
886,0.509765625,4.044921875,-0.251953125,0.25041288075779344,83,1712135714823
886,0.244140625,3.669921875,-1.28125,0.37561932113669017,18,1712135714823
886,0.24609375,3.8046875,-0.962890625,0.37561932113669017,78,1712135714823
886,0.248046875,3.86328125,-0.884765625,0.37561932113669017,138,1712135714823
886,0.25,3.92578125,-0.775390625,0.37561932113669017,123,1712135714823
886,0.37890625,4.005859375,-0.435546875,0.37561932113669017,76,1712135714823
886,0.3828125,4.06640625,-0.05859375,0.37561932113669017,42,1712135714823
886,0.369140625,3.84375,-0.740234375,0.5008257615155869,69,1712135714823
886,0.248046875,3.90234375,-0.68359375,0.5008257615155869,129,1712135714823
886,0.125,3.958984375,-0.62109375,0.5008257615155869,111,1712135714823
886,0.126953125,3.998046875,-0.6171875,0.5008257615155869,43,1712135714823
886,0.248046875,3.92578125,-0.5390625,0.6260322018944836,30,1712135714823
886,0.125,3.96484375,-0.580078125,0.6260322018944836,25,1712135714823
886,0.544921875,4.201171875,-1.001953125,-0.12520644037889672,31,1712135714823
887,0.375,3.962890625,0.46484375,0.0,18,1712135714924
887,0.505859375,4.001953125,-0.310546875,0.0,52,1712135714924
887,0.509765625,4.0,-0.646484375,0.0,64,1712135714924
887,0.515625,3.9921875,-0.89453125,0.0,37,1712135714924
887,0.501953125,3.966796875,0.28515625,0.12520644037889672,32,1712135714924
887,0.505859375,4.0078125,-0.2265625,0.12520644037889672,96,1712135714924
887,0.509765625,4.0234375,-0.494140625,0.12520644037889672,128,1712135714924
887,0.38671875,4.033203125,-0.765625,0.12520644037889672,84,1712135714924
887,0.259765625,3.935546875,-1.328125,0.12520644037889672,23,1712135714924
887,0.501953125,3.9609375,-0.353515625,0.25041288075779344,45,1712135714924
887,0.37890625,4.013671875,-0.34765625,0.25041288075779344,97,1712135714924
887,0.509765625,4.025390625,-0.47265625,0.25041288075779344,119,1712135714924
887,0.38671875,4.048828125,-0.671875,0.25041288075779344,84,1712135714924
887,0.259765625,4.001953125,-1.11328125,0.25041288075779344,29,1712135714924
887,0.373046875,3.873046875,-0.787109375,0.37561932113669017,30,1712135714924
887,0.375,3.90625,-0.8203125,0.37561932113669017,94,1712135714924
887,0.37890625,3.953125,-0.779296875,0.37561932113669017,136,1712135714924
887,0.3828125,4.0078125,-0.69140625,0.37561932113669017,105,1712135714924
887,0.2578125,4.0703125,-0.609375,0.37561932113669017,47,1712135714924
887,0.248046875,3.869140625,-0.857421875,0.5008257615155869,45,1712135714924
887,0.25,3.912109375,-0.833984375,0.5008257615155869,129,1712135714924
887,0.37890625,3.951171875,-0.787109375,0.5008257615155869,166,1712135714924
887,0.255859375,4.017578125,-0.693359375,0.5008257615155869,102,1712135714924
887,0.2578125,4.087890625,-0.4765625,0.5008257615155869,27,1712135714924
887,0.248046875,3.88671875,-0.7734375,0.6260322018944836,28,1712135714924
887,0.25,3.927734375,-0.76171875,0.6260322018944836,78,1712135714924
887,0.251953125,3.982421875,-0.677734375,0.6260322018944836,95,1712135714924
887,0.255859375,4.04296875,-0.52734375,0.6260322018944836,57,1712135714924
887,0.673828125,4.095703125,-1.173828125,-0.37561932113669017,25,1712135714924
887,0.6796875,4.12890625,-1.1953125,-0.37561932113669017,25,1712135714924
887,0.673828125,4.177734375,-0.83984375,-0.25041288075779344,31,1712135714924
887,0.6796875,4.23046875,-0.765625,-0.25041288075779344,29,1712135714924
887,-1.4296875,2.623046875,2.896484375,0.12520644037889672,14,1712135714924
887,-1.2890625,2.279296875,3.185546875,0.5008257615155869,14,1712135714924
888,0.501953125,3.94921875,-0.478515625,0.0,30,1712135715024
888,0.505859375,3.96875,-0.603515625,0.0,60,1712135715024
888,0.509765625,3.9765625,-0.78125,0.0,60,1712135715024
888,0.38671875,4.005859375,-0.89453125,0.0,43,1712135715024
888,0.51953125,4.0390625,-0.8515625,0.0,31,1712135715024
888,0.5390625,4.271484375,-0.271484375,0.0,19,1712135715024
888,0.501953125,3.96875,-0.263671875,0.12520644037889672,68,1712135715024
888,0.505859375,3.966796875,-0.615234375,0.12520644037889672,144,1712135715024
888,0.509765625,3.97265625,-0.798828125,0.12520644037889672,163,1712135715024
888,0.38671875,4.037109375,-0.74609375,0.12520644037889672,117,1712135715024
888,0.51953125,4.087890625,-0.58203125,0.12520644037889672,66,1712135715024
888,0.375,3.990234375,-0.03515625,0.25041288075779344,55,1712135715024
888,0.505859375,3.958984375,-0.671875,0.25041288075779344,110,1712135715024
888,0.3828125,3.99609375,-0.755859375,0.25041288075779344,133,1712135715024
888,0.38671875,4.0625,-0.58984375,0.25041288075779344,101,1712135715024
888,0.390625,4.12890625,-0.349609375,0.25041288075779344,47,1712135715024
888,0.37890625,3.927734375,-0.892578125,0.37561932113669017,31,1712135715024
888,0.255859375,4.01953125,-0.67578125,0.37561932113669017,40,1712135715024
888,0.2578125,4.09765625,-0.384765625,0.37561932113669017,28,1712135715024
888,0.80078125,4.08203125,-0.9921875,-0.5008257615155869,20,1712135715024
888,0.80859375,4.1015625,-1.0625,-0.5008257615155869,29,1712135715024
888,0.6796875,4.171875,-1.03515625,-0.5008257615155869,21,1712135715024
888,0.80078125,4.087890625,-0.966796875,-0.37561932113669017,42,1712135715024
888,0.80859375,4.12109375,-0.98828125,-0.37561932113669017,60,1712135715024
888,0.81640625,4.150390625,-1.025390625,-0.37561932113669017,40,1712135715024
888,0.66796875,4.14453125,-0.806640625,-0.25041288075779344,46,1712135715024
888,0.673828125,4.181640625,-0.814453125,-0.25041288075779344,64,1712135715024
888,0.6796875,4.236328125,-0.732421875,-0.25041288075779344,41,1712135715024
888,0.509765625,3.744140625,-1.552734375,-0.12520644037889672,18,1712135715024
888,0.515625,3.794921875,-1.525390625,-0.12520644037889672,21,1712135715024
888,0.80078125,4.1484375,-0.662109375,-0.12520644037889672,35,1712135715024
888,0.673828125,4.203125,-0.697265625,-0.12520644037889672,47,1712135715024
888,0.6796875,4.25390625,-0.619140625,-0.12520644037889672,35,1712135715024
888,-1.03125,3.169921875,2.42578125,-0.12520644037889672,11,1712135715024
889,0.501953125,3.8828125,-0.859375,0.0,26,1712135715124
889,0.505859375,3.919921875,-0.865234375,0.0,64,1712135715124
889,0.509765625,3.96484375,-0.8359375,0.0,68,1712135715124
889,0.38671875,4.017578125,-0.841796875,0.0,34,1712135715124
889,0.501953125,3.947265625,-0.48046875,0.12520644037889672,53,1712135715124
889,0.37890625,3.99609375,-0.51953125,0.12520644037889672,134,1712135715124
889,0.509765625,4.025390625,-0.478515625,0.12520644037889672,153,1712135715124
889,0.38671875,4.09375,-0.298828125,0.12520644037889672,84,1712135715124
889,0.390625,4.138671875,0.177734375,0.12520644037889672,34,1712135715124
889,0.375,3.98828125,-0.126953125,0.25041288075779344,35,1712135715124
889,0.37890625,4.025390625,-0.1484375,0.25041288075779344,80,1712135715124
889,0.509765625,4.05078125,-0.103515625,0.25041288075779344,80,1712135715124
889,0.38671875,4.09765625,0.2421875,0.25041288075779344,35,1712135715124
889,0.80078125,3.98828125,-1.318359375,-0.37561932113669017,20,1712135715124
889,0.673828125,4.09765625,-1.171875,-0.37561932113669017,20,1712135715124
889,0.662109375,4.07421875,-0.95703125,-0.25041288075779344,23,1712135715124
889,0.80078125,4.076171875,-1.015625,-0.25041288075779344,27,1712135715124
889,0.509765625,3.951171875,-0.904296875,-0.12520644037889672,24,1712135715124
889,0.515625,3.9921875,-0.890625,-0.12520644037889672,27,1712135715124
889,0.650390625,4.041015625,-0.755859375,-0.12520644037889672,24,1712135715124
889,0.65625,4.10546875,-0.591796875,-0.12520644037889672,25,1712135715124
889,0.66796875,4.185546875,-0.5625,-0.12520644037889672,25,1712135715124
889,0.673828125,4.197265625,-0.736328125,-0.12520644037889672,32,1712135715124
889,0.6796875,4.23046875,-0.759765625,-0.12520644037889672,31,1712135715124
890,0.37890625,3.8359375,-1.23046875,0.0,34,1712135715225
890,0.509765625,3.8984375,-1.10546875,0.0,62,1712135715225
890,0.515625,3.95703125,-1.037109375,0.0,49,1712135715225
890,0.51953125,4.017578125,-0.94921875,0.0,19,1712135715225
890,0.37890625,3.939453125,-0.841796875,0.12520644037889672,78,1712135715225
890,0.3828125,3.994140625,-0.767578125,0.12520644037889672,131,1712135715225
890,0.38671875,4.04296875,-0.7109375,0.12520644037889672,87,1712135715225
890,0.26171875,4.109375,-0.818359375,0.12520644037889672,35,1712135715225
890,0.37890625,4.0078125,-0.40234375,0.25041288075779344,68,1712135715225
890,0.3828125,4.05078125,-0.35546875,0.25041288075779344,100,1712135715225
890,0.38671875,4.099609375,-0.197265625,0.25041288075779344,50,1712135715225
890,0.51953125,3.990234375,-1.060546875,0.25041288075779344,28,1712135715225
890,0.39453125,4.1171875,-0.72265625,0.25041288075779344,42,1712135715225
890,0.3828125,4.056640625,-0.27734375,0.37561932113669017,24,1712135715225
890,0.38671875,4.025390625,-0.806640625,0.37561932113669017,30,1712135715225
890,0.259765625,4.060546875,-0.8671875,0.37561932113669017,30,1712135715225
890,0.787109375,4.017578125,-0.935546875,-0.37561932113669017,38,1712135715225
890,0.794921875,4.015625,-1.09375,-0.37561932113669017,49,1712135715225
890,0.80078125,4.04296875,-1.134765625,-0.37561932113669017,54,1712135715225
890,0.673828125,4.10546875,-1.140625,-0.37561932113669017,45,1712135715225
890,0.650390625,4.068359375,-0.5859375,-0.25041288075779344,25,1712135715225
890,0.787109375,4.091796875,-0.525390625,-0.25041288075779344,43,1712135715225
890,0.794921875,4.091796875,-0.759765625,-0.25041288075779344,54,1712135715225
890,0.80078125,4.107421875,-0.87109375,-0.25041288075779344,61,1712135715225
890,0.673828125,4.1796875,-0.828125,-0.25041288075779344,53,1712135715225
890,0.525390625,4.123046875,-0.59375,-0.12520644037889672,20,1712135715225
891,0.505859375,4.013671875,0.111328125,0.0,19,1712135715325
891,0.509765625,4.03515625,-0.3828125,0.0,31,1712135715325
891,0.38671875,3.78515625,-1.5859375,0.0,28,1712135715325
891,0.51953125,4.00390625,-1.005859375,0.0,29,1712135715325
891,0.525390625,4.087890625,-0.8046875,0.0,51,1712135715325
891,0.529296875,4.12890625,-0.794921875,0.0,43,1712135715325
891,0.37890625,4.017578125,-0.298828125,0.12520644037889672,33,1712135715325
891,0.509765625,4.00390625,-0.62890625,0.12520644037889672,84,1712135715325
891,0.515625,3.99609375,-0.875,0.12520644037889672,114,1712135715325
891,0.51953125,3.994140625,-1.044921875,0.12520644037889672,89,1712135715325
891,0.39453125,3.990234375,-1.248046875,0.12520644037889672,46,1712135715325
891,0.37890625,3.953125,-0.78125,0.25041288075779344,23,1712135715325
891,0.509765625,3.9453125,-0.9296875,0.25041288075779344,67,1712135715325
891,0.515625,3.984375,-0.923828125,0.25041288075779344,110,1712135715325
891,0.390625,4.037109375,-0.931640625,0.25041288075779344,109,1712135715325
891,0.39453125,4.05078125,-1.033203125,0.25041288075779344,76,1712135715325
891,0.396484375,4.083984375,-1.060546875,0.25041288075779344,42,1712135715325
891,0.3828125,3.9765625,-0.84765625,0.37561932113669017,24,1712135715325
891,0.38671875,4.0390625,-0.732421875,0.37561932113669017,47,1712135715325
891,0.390625,4.068359375,-0.78125,0.37561932113669017,57,1712135715325
891,0.26171875,4.1015625,-0.857421875,0.37561932113669017,50,1712135715325
891,0.396484375,4.126953125,-0.876953125,0.37561932113669017,34,1712135715325
891,0.65625,3.962890625,-1.22265625,-0.37561932113669017,21,1712135715325
891,0.638671875,3.966796875,-0.740234375,-0.25041288075779344,24,1712135715325
891,0.64453125,4.0,-0.765625,-0.25041288075779344,25,1712135715325
891,0.650390625,4.046875,-0.716796875,-0.25041288075779344,30,1712135715325
891,0.525390625,4.083984375,-0.82421875,-0.25041288075779344,26,1712135715325
891,0.53515625,4.068359375,-1.201171875,-0.25041288075779344,25,1712135715325
891,0.505859375,4.0078125,-0.234375,-0.12520644037889672,34,1712135715325
891,0.509765625,4.0390625,-0.34375,-0.12520644037889672,46,1712135715325
891,0.64453125,4.021484375,-0.638671875,-0.12520644037889672,41,1712135715325
891,0.51953125,4.05078125,-0.798828125,-0.12520644037889672,61,1712135715325
891,0.525390625,4.0703125,-0.890625,-0.12520644037889672,79,1712135715325
891,0.529296875,4.0859375,-0.9921875,-0.12520644037889672,61,1712135715325
891,0.53515625,4.14453125,-0.90625,-0.12520644037889672,36,1712135715325
892,0.505859375,4.0,-0.3515625,0.0,24,1712135715426
892,0.509765625,4.00390625,-0.623046875,0.0,29,1712135715426
892,0.38671875,3.783203125,-1.591796875,0.0,23,1712135715426
892,0.51953125,3.9453125,-1.21484375,0.0,54,1712135715426
892,0.525390625,4.080078125,-0.841796875,0.0,63,1712135715426
892,0.529296875,4.162109375,-0.59765625,0.0,43,1712135715426
892,0.505859375,3.7421875,-1.453125,0.12520644037889672,26,1712135715426
892,0.509765625,3.896484375,-1.115234375,0.12520644037889672,55,1712135715426
892,0.515625,4.01171875,-0.794921875,0.12520644037889672,74,1712135715426
892,0.390625,4.05078125,-0.869140625,0.12520644037889672,81,1712135715426
892,0.39453125,4.060546875,-0.994140625,0.12520644037889672,66,1712135715426
892,0.265625,4.109375,-1.00390625,0.12520644037889672,36,1712135715426
892,0.38671875,4.080078125,-0.453125,0.25041288075779344,49,1712135715426
892,0.390625,4.12109375,-0.431640625,0.25041288075779344,62,1712135715426
892,0.39453125,4.138671875,-0.591796875,0.25041288075779344,53,1712135715426
892,0.265625,4.17578125,-0.67578125,0.25041288075779344,32,1712135715426
892,0.515625,3.951171875,-1.0625,-0.6260322018944836,30,1712135715426
892,0.51953125,3.9453125,-1.21875,-0.6260322018944836,51,1712135715426
892,0.525390625,3.955078125,-1.310546875,-0.6260322018944836,40,1712135715426
892,0.515625,4.01171875,-0.794921875,-0.5008257615155869,33,1712135715426
892,0.51953125,4.025390625,-0.91796875,-0.5008257615155869,53,1712135715426
892,0.525390625,4.0546875,-0.9609375,-0.5008257615155869,43,1712135715426
892,0.51953125,4.1015625,-0.470703125,-0.37561932113669017,20,1712135715426
892,0.650390625,4.0546875,-0.673828125,-0.25041288075779344,47,1712135715426
892,0.787109375,4.041015625,-0.826171875,-0.25041288075779344,50,1712135715426
892,0.662109375,4.07421875,-0.9609375,-0.25041288075779344,31,1712135715426
892,0.37890625,4.029296875,-0.015625,-0.12520644037889672,38,1712135715426
892,0.3828125,4.0625,0.19140625,-0.12520644037889672,34,1712135715426
892,0.64453125,4.0625,-0.28125,-0.12520644037889672,35,1712135715426
892,0.650390625,4.06640625,-0.599609375,-0.12520644037889672,80,1712135715426
892,0.65625,4.087890625,-0.705078125,-0.12520644037889672,94,1712135715426
892,0.662109375,4.109375,-0.794921875,-0.12520644037889672,70,1712135715426
892,-1.03125,2.81640625,2.830078125,0.0,12,1712135715426
893,0.505859375,3.986328125,-0.474609375,0.0,42,1712135715526
893,0.509765625,4.017578125,-0.53515625,0.0,74,1712135715526
893,0.515625,4.05859375,-0.509765625,0.0,71,1712135715526
893,0.51953125,4.111328125,-0.37890625,0.0,32,1712135715526
893,0.525390625,3.927734375,-1.38671875,0.0,21,1712135715526
893,0.37890625,4.029296875,0.025390625,0.12520644037889672,30,1712135715526
893,0.3828125,4.064453125,0.138671875,0.12520644037889672,25,1712135715526
893,0.390625,3.98046875,-1.1484375,0.12520644037889672,29,1712135715526
893,0.39453125,4.08203125,-0.908203125,0.12520644037889672,45,1712135715526
893,0.396484375,4.142578125,-0.796875,0.12520644037889672,36,1712135715526
893,0.390625,4.0625,-0.814453125,0.25041288075779344,32,1712135715526
893,0.39453125,4.109375,-0.767578125,0.25041288075779344,48,1712135715526
893,0.396484375,4.16015625,-0.705078125,0.25041288075779344,40,1712135715526
893,0.39453125,4.130859375,-0.64453125,0.37561932113669017,22,1712135715526
893,0.265625,4.166015625,-0.734375,0.37561932113669017,20,1712135715526
893,0.650390625,3.919921875,-1.236328125,-0.5008257615155869,23,1712135715526
893,0.64453125,4.037109375,-0.533203125,-0.37561932113669017,35,1712135715526
893,0.650390625,4.05078125,-0.697265625,-0.37561932113669017,49,1712135715526
893,0.65625,4.0625,-0.841796875,-0.37561932113669017,33,1712135715526
893,0.638671875,3.810546875,-1.32421875,-0.25041288075779344,38,1712135715526
893,0.515625,3.73046875,-1.67578125,-0.25041288075779344,30,1712135715526
893,0.650390625,4.10546875,-0.18359375,-0.25041288075779344,17,1712135715526
893,0.65625,4.099609375,-0.625,-0.25041288075779344,40,1712135715526
893,0.794921875,4.052734375,-0.947265625,-0.25041288075779344,35,1712135715526
893,0.505859375,3.9296875,-0.82421875,-0.12520644037889672,42,1712135715526
893,0.638671875,3.9375,-0.87890625,-0.12520644037889672,99,1712135715526
893,0.515625,3.978515625,-0.94921875,-0.12520644037889672,109,1712135715526
893,0.390625,4.021484375,-0.99609375,-0.12520644037889672,50,1712135715526
893,0.662109375,4.091796875,-0.880859375,-0.12520644037889672,31,1712135715526
893,-1.16015625,2.9609375,2.625,-0.25041288075779344,17,1712135715526
894,0.505859375,3.9921875,-0.421875,0.0,38,1712135715626
894,0.638671875,4.009765625,-0.44140625,0.0,58,1712135715626
894,0.515625,4.072265625,-0.392578125,0.0,45,1712135715626
894,0.515625,4.072265625,-0.380859375,0.25041288075779344,26,1712135715626
894,0.390625,4.11328125,-0.5,0.25041288075779344,47,1712135715626
894,0.39453125,4.107421875,-0.775390625,0.25041288075779344,51,1712135715626
894,0.396484375,4.060546875,-1.14453125,0.25041288075779344,53,1712135715626
894,0.400390625,4.087890625,-1.185546875,0.25041288075779344,58,1712135715626
894,0.404296875,4.119140625,-1.21875,0.25041288075779344,42,1712135715626
894,0.390625,4.142578125,-0.01953125,0.37561932113669017,29,1712135715626
894,0.39453125,4.140625,-0.5859375,0.37561932113669017,40,1712135715626
894,0.396484375,4.1171875,-0.91796875,0.37561932113669017,61,1712135715626
894,0.267578125,4.169921875,-0.90625,0.37561932113669017,69,1712135715626
894,0.26953125,4.2109375,-0.900390625,0.37561932113669017,46,1712135715626
894,0.396484375,4.1796875,-0.5703125,0.5008257615155869,19,1712135715626
894,0.267578125,4.228515625,-0.5703125,0.5008257615155869,25,1712135715626
894,0.64453125,3.873046875,-1.2578125,-0.37561932113669017,20,1712135715626
894,0.650390625,3.98046875,-1.0234375,-0.37561932113669017,48,1712135715626
894,0.65625,4.0546875,-0.869140625,-0.37561932113669017,52,1712135715626
894,0.662109375,4.11328125,-0.7734375,-0.37561932113669017,30,1712135715626
894,0.6328125,3.857421875,-1.044921875,-0.25041288075779344,36,1712135715626
894,0.638671875,3.849609375,-1.20703125,-0.25041288075779344,61,1712135715626
894,0.64453125,3.916015625,-1.119140625,-0.25041288075779344,72,1712135715626
894,0.51953125,4.029296875,-0.896484375,-0.25041288075779344,74,1712135715626
894,0.65625,4.09375,-0.662109375,-0.25041288075779344,60,1712135715626
894,0.529296875,4.169921875,-0.541015625,-0.25041288075779344,34,1712135715626
894,0.501953125,3.90625,-0.744140625,-0.12520644037889672,21,1712135715626
894,0.505859375,3.94140625,-0.767578125,-0.12520644037889672,69,1712135715626
894,0.638671875,3.95703125,-0.78515625,-0.12520644037889672,112,1712135715626
894,0.515625,4.0234375,-0.740234375,-0.12520644037889672,97,1712135715626
894,0.390625,4.091796875,-0.646484375,-0.12520644037889672,43,1712135715626
895,0.501953125,3.974609375,-0.1484375,0.0,26,1712135715727
895,0.6328125,3.99609375,-0.087890625,0.0,53,1712135715727
895,0.509765625,4.048828125,0.16015625,0.0,38,1712135715727
895,0.51953125,4.07421875,-0.666015625,0.0,31,1712135715727
895,0.525390625,4.08984375,-0.79296875,0.0,24,1712135715727
895,0.400390625,4.091796875,-1.177734375,0.25041288075779344,28,1712135715727
895,0.404296875,4.10546875,-1.26171875,0.25041288075779344,25,1712135715727
895,0.400390625,4.123046875,-1.0625,0.37561932113669017,36,1712135715727
895,0.404296875,4.15625,-1.0859375,0.37561932113669017,38,1712135715727
895,0.271484375,4.21875,-1.033203125,0.37561932113669017,20,1712135715727
895,0.267578125,4.216796875,-0.654296875,0.5008257615155869,21,1712135715727
895,0.134765625,4.26953125,-0.603515625,0.5008257615155869,22,1712135715727
895,0.765625,3.966796875,-0.603515625,-0.6260322018944836,22,1712135715727
895,0.64453125,4.0078125,-0.724609375,-0.6260322018944836,23,1712135715727
895,0.6328125,3.958984375,-0.55078125,-0.5008257615155869,41,1712135715727
895,0.638671875,4.013671875,-0.41796875,-0.5008257615155869,35,1712135715727
895,0.751953125,3.892578125,-0.59375,-0.37561932113669017,25,1712135715727
895,0.6328125,3.95703125,-0.5703125,-0.37561932113669017,53,1712135715727
895,0.638671875,3.98828125,-0.611328125,-0.37561932113669017,58,1712135715727
895,0.515625,4.046875,-0.59765625,-0.37561932113669017,31,1712135715727
895,0.626953125,3.90234375,-0.666015625,-0.25041288075779344,53,1712135715727
895,0.6328125,3.9375,-0.68359375,-0.25041288075779344,106,1712135715727
895,0.638671875,3.98828125,-0.609375,-0.25041288075779344,92,1712135715727
895,0.515625,4.087890625,-0.171875,-0.25041288075779344,42,1712135715727
895,0.626953125,3.943359375,-0.3515625,-0.12520644037889672,60,1712135715727
895,0.6328125,3.98046875,-0.36328125,-0.12520644037889672,120,1712135715727
895,0.509765625,4.046875,-0.22265625,-0.12520644037889672,93,1712135715727
895,0.51953125,4.009765625,-0.982421875,-0.12520644037889672,41,1712135715727
896,0.501953125,3.974609375,-0.140625,0.0,24,1712135715827
896,0.505859375,4.013671875,-0.09765625,0.0,34,1712135715827
896,0.509765625,4.05078125,0.1328125,0.0,24,1712135715827
896,0.525390625,4.021484375,-1.087890625,0.0,28,1712135715827
896,0.529296875,4.025390625,-1.21484375,0.0,43,1712135715827
896,0.400390625,4.046875,-1.3203125,0.0,30,1712135715827
896,0.525390625,4.01953125,-1.095703125,0.12520644037889672,51,1712135715827
896,0.396484375,4.09375,-1.021484375,0.12520644037889672,79,1712135715827
896,0.400390625,4.111328125,-1.10546875,0.12520644037889672,64,1712135715827
896,0.404296875,4.103515625,-1.267578125,0.12520644037889672,37,1712135715827
896,0.408203125,4.1875,-1.11328125,0.12520644037889672,24,1712135715827
896,0.525390625,4.0546875,-0.95703125,0.25041288075779344,24,1712135715827
896,0.396484375,4.140625,-0.806640625,0.25041288075779344,38,1712135715827
896,0.400390625,4.16796875,-0.865234375,0.25041288075779344,37,1712135715827
896,0.404296875,4.19921875,-0.90234375,0.25041288075779344,47,1712135715827
896,0.408203125,4.25,-0.84765625,0.25041288075779344,42,1712135715827
896,0.267578125,4.13671875,-1.048828125,0.5008257615155869,26,1712135715827
896,0.26953125,4.181640625,-1.0234375,0.5008257615155869,26,1712135715827
896,0.7578125,3.896484375,-0.783203125,-0.5008257615155869,33,1712135715827
896,0.765625,3.935546875,-0.78125,-0.5008257615155869,35,1712135715827
896,0.626953125,3.912109375,-0.615234375,-0.37561932113669017,30,1712135715827
896,0.7578125,3.927734375,-0.607421875,-0.37561932113669017,39,1712135715827
896,0.765625,3.962890625,-0.6328125,-0.37561932113669017,30,1712135715827
896,0.64453125,4.03515625,-0.548828125,-0.37561932113669017,21,1712135715827
896,0.626953125,3.923828125,-0.521484375,-0.25041288075779344,53,1712135715827
896,0.6328125,3.95703125,-0.5625,-0.25041288075779344,68,1712135715827
896,0.638671875,4.00390625,-0.501953125,-0.25041288075779344,41,1712135715827
896,0.650390625,4.0859375,-0.439453125,-0.25041288075779344,34,1712135715827
896,0.626953125,3.9453125,-0.33203125,-0.12520644037889672,57,1712135715827
896,0.6328125,3.978515625,-0.375,-0.12520644037889672,82,1712135715827
896,0.509765625,4.044921875,-0.248046875,-0.12520644037889672,55,1712135715827
896,0.51953125,4.099609375,-0.486328125,-0.12520644037889672,27,1712135715827
897,0.744140625,3.8984375,0.076171875,0.0,23,1712135715927
897,0.626953125,3.958984375,0.0390625,0.0,29,1712135715927
897,0.6328125,3.99609375,0.03515625,0.0,30,1712135715927
897,0.638671875,4.03125,0.173828125,0.0,28,1712135715927
897,0.38671875,4.0859375,0.38671875,0.0,20,1712135715927
897,0.529296875,4.00390625,-1.283203125,0.0,36,1712135715927
897,0.400390625,4.046875,-1.3203125,0.0,29,1712135715927
897,0.544921875,4.1484375,-1.197265625,0.0,40,1712135715927
897,0.525390625,4.009765625,-1.12890625,0.12520644037889672,23,1712135715927
897,0.529296875,4.083984375,-0.998046875,0.12520644037889672,69,1712135715927
897,0.400390625,4.140625,-0.986328125,0.12520644037889672,53,1712135715927
897,0.5390625,4.109375,-1.193359375,0.12520644037889672,28,1712135715927
897,0.408203125,4.21875,-0.98828125,0.12520644037889672,71,1712135715927
897,0.529296875,4.12109375,-0.828125,0.25041288075779344,40,1712135715927
897,0.400390625,4.1953125,-0.720703125,0.25041288075779344,34,1712135715927
897,0.408203125,4.26953125,-0.73828125,0.25041288075779344,43,1712135715927
897,0.62109375,3.833984375,-0.822265625,-0.6260322018944836,22,1712135715927
897,0.626953125,3.861328125,-0.876953125,-0.6260322018944836,26,1712135715927
897,0.751953125,3.931640625,-0.220703125,-0.37561932113669017,19,1712135715927
897,0.859375,3.794921875,-0.56640625,-0.25041288075779344,30,1712135715927
897,0.744140625,3.875,-0.447265625,-0.25041288075779344,64,1712135715927
897,0.751953125,3.916015625,-0.40234375,-0.25041288075779344,65,1712135715927
897,0.6328125,3.982421875,-0.3515625,-0.25041288075779344,38,1712135715927
897,0.509765625,4.041015625,-0.318359375,-0.25041288075779344,24,1712135715927
897,0.615234375,3.875,-0.259765625,-0.12520644037889672,26,1712135715927
897,0.744140625,3.89453125,-0.216796875,-0.12520644037889672,60,1712135715927
897,0.751953125,3.9296875,-0.2421875,-0.12520644037889672,70,1712135715927
897,0.6328125,3.9921875,-0.17578125,-0.12520644037889672,54,1712135715927
897,0.509765625,4.048828125,-0.15625,-0.12520644037889672,47,1712135715927
897,0.515625,4.0859375,-0.205078125,-0.12520644037889672,39,1712135715927
898,0.744140625,3.876953125,-0.431640625,0.0,24,1712135716028
898,0.751953125,3.908203125,-0.47265625,0.0,48,1712135716028
898,0.7578125,3.947265625,-0.466796875,0.0,46,1712135716028
898,0.638671875,3.982421875,-0.642578125,0.0,37,1712135716028
898,0.515625,4.037109375,-0.6640625,0.0,40,1712135716028
898,0.51953125,4.08203125,-0.619140625,0.0,34,1712135716028
898,0.400390625,4.123046875,-1.0625,0.0,22,1712135716028
898,0.404296875,4.11328125,-1.234375,0.0,19,1712135716028
898,0.408203125,4.15234375,-1.234375,0.0,26,1712135716028
898,0.626953125,3.958984375,0.080078125,0.12520644037889672,19,1712135716028
898,0.529296875,4.12109375,-0.833984375,0.12520644037889672,42,1712135716028
898,0.400390625,4.158203125,-0.9140625,0.12520644037889672,51,1712135716028
898,0.404296875,4.158203125,-1.072265625,0.12520644037889672,47,1712135716028
898,0.408203125,4.193359375,-1.08984375,0.12520644037889672,59,1712135716028
898,0.404296875,4.21484375,-0.828125,0.25041288075779344,36,1712135716028
898,0.408203125,4.25,-0.845703125,0.25041288075779344,56,1712135716028
898,0.271484375,4.302734375,-0.599609375,0.37561932113669017,21,1712135716028
898,0.869140625,3.78515625,-0.828125,-0.25041288075779344,28,1712135716028
898,0.876953125,3.79296875,-0.951171875,-0.25041288075779344,48,1712135716028
898,0.7578125,3.853515625,-0.9765625,-0.25041288075779344,42,1712135716028
898,0.638671875,3.890625,-1.068359375,-0.25041288075779344,30,1712135716028
898,0.7734375,3.83984375,-1.2890625,-0.25041288075779344,33,1712135716028
898,0.650390625,3.880859375,-1.353515625,-0.25041288075779344,24,1712135716028
898,0.744140625,3.861328125,-0.544921875,-0.12520644037889672,41,1712135716028
898,0.751953125,3.8828125,-0.654296875,-0.12520644037889672,77,1712135716028
898,0.7578125,3.904296875,-0.748046875,-0.12520644037889672,76,1712135716028
898,0.765625,3.90625,-0.9140625,-0.12520644037889672,62,1712135716028
898,0.64453125,3.955078125,-0.97265625,-0.12520644037889672,67,1712135716028
898,0.650390625,3.97265625,-1.056640625,-0.12520644037889672,49,1712135716028
899,0.736328125,3.79296875,-0.734375,0.0,28,1712135716128
899,0.869140625,3.81640625,-0.669921875,0.0,59,1712135716128
899,0.751953125,3.900390625,-0.541015625,0.0,71,1712135716128
899,0.7578125,3.93359375,-0.572265625,0.0,58,1712135716128
899,0.638671875,3.98828125,-0.611328125,0.0,51,1712135716128
899,0.515625,4.046875,-0.59765625,0.0,38,1712135716128
899,0.638671875,4.0078125,-0.462890625,0.12520644037889672,19,1712135716128
899,0.408203125,4.20703125,-1.033203125,0.12520644037889672,28,1712135716128
899,0.736328125,3.697265625,-1.115234375,-0.25041288075779344,27,1712135716128
899,0.744140625,3.7421875,-1.099609375,-0.25041288075779344,60,1712135716128
899,0.751953125,3.802734375,-1.0234375,-0.25041288075779344,72,1712135716128
899,0.7578125,3.833984375,-1.048828125,-0.25041288075779344,56,1712135716128
899,0.765625,3.857421875,-1.10546875,-0.25041288075779344,48,1712135716128
899,0.64453125,3.8984375,-1.177734375,-0.25041288075779344,34,1712135716128
899,0.859375,3.7421875,-0.849609375,-0.12520644037889672,52,1712135716128
899,0.744140625,3.806640625,-0.849609375,-0.12520644037889672,110,1712135716128
899,0.751953125,3.853515625,-0.8125,-0.12520644037889672,133,1712135716128
899,0.7578125,3.888671875,-0.826171875,-0.12520644037889672,115,1712135716128
899,0.638671875,3.9453125,-0.84375,-0.12520644037889672,110,1712135716128
899,0.64453125,3.974609375,-0.884765625,-0.12520644037889672,84,1712135716128
899,0.650390625,3.99609375,-0.958984375,-0.12520644037889672,47,1712135716128
899,0.525390625,4.03125,-1.05078125,-0.12520644037889672,23,1712135716128
900,0.736328125,3.849609375,-0.3203125,0.0,35,1712135716229
900,0.744140625,3.884765625,-0.33203125,0.0,59,1712135716229
900,0.751953125,3.923828125,-0.32421875,0.0,47,1712135716229
900,0.6328125,3.966796875,-0.4921875,0.0,11,1712135716229
900,0.509765625,4.03125,-0.41796875,0.0,16,1712135716229
900,0.736328125,3.767578125,-0.84765625,-0.25041288075779344,35,1712135716229
900,0.744140625,3.80078125,-0.876953125,-0.25041288075779344,57,1712135716229
900,0.876953125,3.802734375,-0.91796875,-0.25041288075779344,43,1712135716229
900,0.736328125,3.8125,-0.623046875,-0.12520644037889672,69,1712135716229
900,0.744140625,3.84765625,-0.640625,-0.12520644037889672,115,1712135716229
900,0.876953125,3.85546875,-0.654296875,-0.12520644037889672,85,1712135716229
900,0.505859375,3.9140625,-0.89453125,-0.12520644037889672,18,1712135716229
900,0.638671875,3.966796875,-0.740234375,-0.12520644037889672,26,1712135716229
900,2.78125,0.0,2.943359375,0.0,6,1712135716229
900,2.908203125,0.0,2.984375,-0.12520644037889672,11,1712135716229
901,0.486328125,3.857421875,0.22265625,0.0,12,1712135716329
901,0.736328125,3.86328125,0.015625,0.0,33,1712135716329
901,0.62109375,3.921875,0.033203125,0.0,39,1712135716329
901,0.626953125,3.958984375,-0.064453125,0.0,23,1712135716329
901,0.6328125,3.939453125,-0.67578125,0.0,13,1712135716329
901,0.736328125,3.71875,-1.044921875,0.12520644037889672,21,1712135716329
901,0.62109375,3.78125,-1.037109375,0.12520644037889672,34,1712135716329
901,0.626953125,3.783203125,-1.16796875,0.12520644037889672,29,1712135716329
901,0.736328125,3.787109375,-0.759765625,0.25041288075779344,39,1712135716329
901,0.62109375,3.83203125,-0.833984375,0.25041288075779344,64,1712135716329
901,0.626953125,3.849609375,-0.92578125,0.25041288075779344,54,1712135716329
901,0.6328125,3.875,-0.9765625,0.25041288075779344,23,1712135716329
901,0.62109375,3.869140625,-0.64453125,0.37561932113669017,32,1712135716329
901,0.751953125,3.86328125,-0.755859375,0.37561932113669017,29,1712135716329
901,0.615234375,3.81640625,-0.716796875,0.5008257615155869,17,1712135716329
901,0.62109375,3.826171875,-0.85546875,0.5008257615155869,29,1712135716329
901,0.501953125,3.8828125,-0.865234375,0.5008257615155869,24,1712135716329
901,0.73046875,3.81640625,-0.248046875,-0.25041288075779344,16,1712135716329
901,0.736328125,3.81640625,-0.59375,-0.25041288075779344,42,1712135716329
901,0.744140625,3.845703125,-0.642578125,-0.25041288075779344,49,1712135716329
901,0.626953125,3.896484375,-0.705078125,-0.25041288075779344,27,1712135716329
901,0.529296875,4.05078125,-1.12890625,-0.25041288075779344,29,1712135716329
901,0.400390625,4.1015625,-1.142578125,-0.25041288075779344,31,1712135716329
901,0.609375,3.83984375,-0.21875,-0.12520644037889672,25,1712135716329
901,0.736328125,3.8359375,-0.4453125,-0.12520644037889672,68,1712135716329
901,0.744140625,3.87109375,-0.47265625,-0.12520644037889672,83,1712135716329
901,0.751953125,3.890625,-0.599609375,-0.12520644037889672,54,1712135716329
901,0.6328125,3.869140625,-1.0,-0.12520644037889672,33,1712135716329
901,0.638671875,3.841796875,-1.232421875,-0.12520644037889672,32,1712135716329
901,0.529296875,4.095703125,-0.947265625,-0.12520644037889672,34,1712135716329
901,0.400390625,4.1484375,-0.955078125,-0.12520644037889672,38,1712135716329
901,0.404296875,4.1796875,-0.98828125,-0.12520644037889672,23,1712135716329
902,0.744140625,3.765625,-1.017578125,0.0,14,1712135716429
902,0.501953125,3.919921875,-0.666015625,0.0,14,1712135716429
902,0.6328125,3.958984375,-0.546875,0.0,13,1712135716429
902,0.396484375,4.12109375,-0.90625,0.0,14,1712135716429
902,0.53515625,4.1328125,-0.9609375,0.0,14,1712135716429
902,0.62109375,3.873046875,-0.611328125,0.12520644037889672,26,1712135716429
902,0.626953125,3.91796875,-0.57421875,0.12520644037889672,27,1712135716429
902,0.375,3.890625,-0.890625,0.37561932113669017,21,1712135716429
902,0.505859375,3.8671875,-1.080078125,0.37561932113669017,20,1712135716429
902,0.509765625,3.93359375,-0.978515625,-0.25041288075779344,16,1712135716429
902,0.626953125,3.87890625,-0.79296875,-0.12520644037889672,17,1712135716429
902,0.6328125,3.947265625,-0.625,-0.12520644037889672,21,1712135716429
902,0.638671875,3.9921875,-0.587890625,-0.12520644037889672,22,1712135716429
902,0.529296875,4.044921875,-1.146484375,-0.12520644037889672,31,1712135716429
902,0.53515625,4.091796875,-1.12109375,-0.12520644037889672,30,1712135716429
903,0.615234375,3.875,-0.26171875,0.0,19,1712135716530
903,0.62109375,3.916015625,-0.212890625,0.0,16,1712135716530
903,0.505859375,3.974609375,-0.568359375,0.0,17,1712135716530
903,0.509765625,4.0078125,-0.607421875,0.0,27,1712135716530
903,0.515625,4.060546875,-0.49609375,0.0,24,1712135716530
903,0.6328125,3.828125,-1.1484375,-0.25041288075779344,19,1712135716530
903,0.638671875,3.87109375,-1.138671875,-0.25041288075779344,29,1712135716530
903,0.64453125,3.88671875,-1.21875,-0.25041288075779344,26,1712135716530
903,0.609375,3.828125,-0.373046875,-0.12520644037889672,23,1712135716530
903,0.736328125,3.833984375,-0.470703125,-0.12520644037889672,34,1712135716530
903,0.62109375,3.875,-0.59765625,-0.12520644037889672,27,1712135716530
903,0.626953125,3.8671875,-0.845703125,-0.12520644037889672,19,1712135716530
903,0.6328125,3.8984375,-0.8828125,-0.12520644037889672,31,1712135716530
903,0.765625,3.892578125,-0.974609375,-0.12520644037889672,51,1712135716530
903,0.64453125,3.982421875,-0.853515625,-0.12520644037889672,47,1712135716530
904,0.609375,3.83984375,-0.21484375,0.0,16,1712135716630
904,0.615234375,3.875,-0.271484375,0.0,23,1712135716630
904,0.49609375,3.916015625,-0.421875,0.0,20,1712135716630
904,0.501953125,3.939453125,-0.544921875,0.0,21,1712135716630
904,0.37890625,3.984375,-0.595703125,0.0,24,1712135716630
904,0.509765625,3.984375,-0.7421875,0.0,21,1712135716630
904,0.609375,3.810546875,-0.515625,-0.12520644037889672,35,1712135716630
904,0.615234375,3.8515625,-0.505859375,-0.12520644037889672,48,1712135716630
904,0.49609375,3.900390625,-0.556640625,-0.12520644037889672,42,1712135716630
904,0.501953125,3.912109375,-0.720703125,-0.12520644037889672,44,1712135716630
904,0.505859375,3.923828125,-0.849609375,-0.12520644037889672,47,1712135716630
904,0.509765625,3.94140625,-0.939453125,-0.12520644037889672,38,1712135716630
905,0.609375,3.802734375,-0.572265625,0.0,30,1712135716730
905,0.4921875,3.861328125,-0.55078125,0.0,46,1712135716730
905,0.49609375,3.900390625,-0.548828125,0.0,35,1712135716730
905,0.375,3.9453125,-0.603515625,0.0,15,1712135716730
905,0.4921875,3.8984375,-0.13671875,0.12520644037889672,19,1712135716730
905,0.609375,3.681640625,-1.111328125,-0.25041288075779344,29,1712135716730
905,0.736328125,3.71484375,-1.060546875,-0.25041288075779344,41,1712135716730
905,0.62109375,3.796875,-0.984375,-0.25041288075779344,27,1712135716730
905,0.6015625,3.716796875,-0.83203125,-0.12520644037889672,22,1712135716730
905,0.609375,3.7734375,-0.740234375,-0.12520644037889672,69,1712135716730
905,0.615234375,3.80859375,-0.76171875,-0.12520644037889672,98,1712135716730
905,0.62109375,3.841796875,-0.78515625,-0.12520644037889672,67,1712135716730
905,0.501953125,3.828125,-1.076171875,-0.12520644037889672,24,1712135716730
905,-1.001953125,2.40234375,3.048828125,0.0,8,1712135716730
905,-0.869140625,2.580078125,2.888671875,-0.25041288075779344,14,1712135716730
905,-1.001953125,2.490234375,2.9765625,-0.12520644037889672,14,1712135716730
906,0.375,3.984375,-0.23828125,0.0,22,1712135716831
906,0.37890625,4.015625,-0.33203125,0.0,35,1712135716831
906,0.3828125,4.0390625,-0.470703125,0.0,29,1712135716831
906,0.486328125,3.83984375,-0.41796875,0.12520644037889672,29,1712135716831
906,0.4921875,3.865234375,-0.525390625,0.12520644037889672,31,1712135716831
906,0.248046875,3.955078125,-0.251953125,0.12520644037889672,18,1712135716831
906,0.375,3.984375,-0.220703125,0.12520644037889672,56,1712135716831
906,0.37890625,4.021484375,-0.2578125,0.12520644037889672,69,1712135716831
906,0.3828125,4.0546875,-0.310546875,0.12520644037889672,50,1712135716831
906,0.375,3.990234375,0.02734375,0.25041288075779344,32,1712135716831
906,0.37890625,4.029296875,-0.00390625,0.25041288075779344,36,1712135716831
906,0.509765625,4.052734375,-0.087890625,0.25041288075779344,25,1712135716831
906,0.25,3.806640625,-1.23046875,-0.25041288075779344,22,1712135716831
906,0.505859375,3.826171875,-1.216796875,-0.25041288075779344,22,1712135716831
906,0.486328125,3.75390625,-0.912109375,-0.12520644037889672,20,1712135716831
906,0.4921875,3.771484375,-1.0,-0.12520644037889672,28,1712135716831
906,0.375,3.830078125,-1.123046875,-0.12520644037889672,25,1712135716831
906,0.505859375,3.880859375,-1.02734375,-0.12520644037889672,33,1712135716831
906,0.265625,4.068359375,-1.154296875,-0.12520644037889672,28,1712135716831
906,0.1328125,4.08984375,-1.240234375,-0.12520644037889672,19,1712135716831
907,0.486328125,3.79296875,-0.734375,0.0,16,1712135716931
907,0.4921875,3.8359375,-0.708984375,0.0,21,1712135716931
907,0.373046875,3.8828125,-0.736328125,0.0,22,1712135716931
907,0.375,3.8984375,-0.8515625,0.0,26,1712135716931
907,0.37890625,3.921875,-0.921875,0.0,19,1712135716931
907,0.2578125,4.09765625,-0.380859375,0.0,16,1712135716931
907,0.365234375,3.865234375,-0.302734375,0.12520644037889672,19,1712135716931
907,0.369140625,3.90625,-0.259765625,0.12520644037889672,30,1712135716931
907,0.373046875,3.947265625,-0.21484375,0.12520644037889672,38,1712135716931
907,0.375,3.98046875,-0.294921875,0.12520644037889672,45,1712135716931
907,0.251953125,4.02734375,-0.302734375,0.12520644037889672,28,1712135716931
907,0.2578125,4.11328125,-0.125,0.12520644037889672,31,1712135716931
907,0.373046875,3.953125,0.05859375,0.25041288075779344,22,1712135716931
907,0.125,4.005859375,-0.046875,0.25041288075779344,33,1712135716931
907,0.251953125,4.0390625,-0.04296875,0.25041288075779344,24,1712135716931
907,0.369140625,3.76953125,-1.05859375,-0.5008257615155869,23,1712135716931
907,0.248046875,3.78515625,-1.169921875,-0.5008257615155869,30,1712135716931
907,0.125,3.822265625,-1.201171875,-0.5008257615155869,20,1712135716931
907,0.369140625,3.8203125,-0.85546875,-0.37561932113669017,33,1712135716931
907,0.248046875,3.853515625,-0.921875,-0.37561932113669017,44,1712135716931
907,0.25,3.8671875,-1.025390625,-0.37561932113669017,31,1712135716931
907,0.373046875,3.869140625,-0.806640625,-0.25041288075779344,29,1712135716931
907,0.375,3.873046875,-0.958984375,-0.25041288075779344,30,1712135716931
907,0.37890625,3.875,-1.10546875,-0.25041288075779344,31,1712135716931
907,0.373046875,3.884765625,-0.732421875,-0.12520644037889672,20,1712135716931
907,0.375,3.912109375,-0.79296875,-0.12520644037889672,30,1712135716931
907,0.505859375,3.9140625,-0.8984375,-0.12520644037889672,34,1712135716931
907,0.255859375,3.939453125,-1.048828125,-0.12520644037889672,19,1712135716931
908,0.240234375,3.79296875,-0.6484375,0.0,16,1712135717032
908,0.365234375,3.82421875,-0.638671875,0.0,49,1712135717032
908,0.369140625,3.86328125,-0.62890625,0.0,71,1712135717032
908,0.373046875,3.90625,-0.607421875,0.0,52,1712135717032
908,0.25,3.966796875,-0.51953125,0.0,30,1712135717032
908,0.251953125,4.001953125,-0.537109375,0.0,38,1712135717032
908,0.3828125,4.03125,-0.529296875,0.0,49,1712135717032
908,0.2578125,4.083984375,-0.50390625,0.0,39,1712135717032
908,0.365234375,3.861328125,-0.33984375,0.12520644037889672,68,1712135717032
908,0.369140625,3.89453125,-0.40234375,0.12520644037889672,101,1712135717032
908,0.373046875,3.927734375,-0.4453125,0.12520644037889672,83,1712135717032
908,0.25,3.9765625,-0.443359375,0.12520644037889672,58,1712135717032
908,0.251953125,4.025390625,-0.333984375,0.12520644037889672,76,1712135717032
908,0.255859375,4.064453125,-0.310546875,0.12520644037889672,96,1712135717032
908,0.2578125,4.10546875,-0.291015625,0.12520644037889672,76,1712135717032
908,0.259765625,4.140625,-0.330078125,0.12520644037889672,38,1712135717032
908,0.244140625,3.884765625,-0.1015625,0.25041288075779344,33,1712135717032
908,0.369140625,3.912109375,-0.154296875,0.25041288075779344,49,1712135717032
908,0.373046875,3.943359375,-0.265625,0.25041288075779344,39,1712135717032
908,0.25,3.990234375,-0.283203125,0.25041288075779344,29,1712135717032
908,0.251953125,4.037109375,-0.080078125,0.25041288075779344,42,1712135717032
908,0.255859375,4.076171875,-0.015625,0.25041288075779344,56,1712135717032
908,0.2578125,4.115234375,-0.04296875,0.25041288075779344,48,1712135717032
908,0.259765625,4.150390625,-0.13671875,0.25041288075779344,25,1712135717032
908,0.365234375,3.7265625,-1.072265625,-0.5008257615155869,32,1712135717032
908,0.24609375,3.7578125,-1.134765625,-0.5008257615155869,41,1712135717032
908,0.248046875,3.791015625,-1.154296875,-0.5008257615155869,25,1712135717032
908,0.240234375,3.646484375,-1.228515625,-0.37561932113669017,27,1712135717032
908,0.365234375,3.73046875,-1.056640625,-0.37561932113669017,77,1712135717032
908,0.369140625,3.78125,-1.01171875,-0.37561932113669017,93,1712135717032
908,0.248046875,3.849609375,-0.939453125,-0.37561932113669017,54,1712135717032
908,0.361328125,3.658203125,-1.162109375,-0.25041288075779344,41,1712135717032
908,0.244140625,3.7734375,-0.93359375,-0.25041288075779344,101,1712135717032
908,0.369140625,3.822265625,-0.84375,-0.25041288075779344,120,1712135717032
908,0.248046875,3.90625,-0.669921875,-0.25041288075779344,62,1712135717032
908,0.37890625,3.83984375,-1.216796875,-0.25041288075779344,27,1712135717032
908,0.240234375,3.716796875,-0.998046875,-0.12520644037889672,25,1712135717032
908,0.244140625,3.810546875,-0.767578125,-0.12520644037889672,58,1712135717032
908,0.369140625,3.84765625,-0.716796875,-0.12520644037889672,65,1712135717032
908,0.125,3.951171875,-0.361328125,-0.12520644037889672,24,1712135717032
908,0.501953125,3.78125,-1.234375,-0.12520644037889672,22,1712135717032
908,0.37890625,3.880859375,-1.08203125,-0.12520644037889672,32,1712135717032
908,-1.240234375,2.091796875,3.138671875,-0.12520644037889672,14,1712135717032
909,0.251953125,4.013671875,-0.447265625,0.0,15,1712135717132
909,0.255859375,4.046875,-0.4921875,0.0,24,1712135717132
909,0.2578125,4.056640625,-0.6953125,0.0,27,1712135717132
909,0.259765625,4.08984375,-0.7265625,0.0,19,1712135717132
909,0.126953125,4.04296875,-0.10546875,0.12520644037889672,25,1712135717132
909,0.255859375,4.072265625,-0.212890625,0.12520644037889672,46,1712135717132
909,0.2578125,4.09765625,-0.380859375,0.12520644037889672,54,1712135717132
909,0.259765625,4.123046875,-0.50390625,0.12520644037889672,36,1712135717132
909,0.2578125,4.111328125,-0.169921875,0.25041288075779344,24,1712135717132
909,0.244140625,3.779296875,-0.90625,-0.25041288075779344,19,1712135717132
909,0.244140625,3.84375,-0.568359375,-0.12520644037889672,17,1712135717132
910,0.25,3.873046875,-1.0,-0.12520644037889672,31,1712135717232
911,0.12109375,3.865234375,-0.462890625,0.0,21,1712135717332
911,0.123046875,3.921875,-0.25,0.0,22,1712135717332
911,0.125,3.939453125,-0.482421875,0.0,20,1712135717332
911,0.125,3.974609375,-0.505859375,0.0,36,1712135717332
911,0.126953125,4.033203125,-0.306640625,0.0,26,1712135717332
911,0.125,3.953125,-0.345703125,0.12520644037889672,20,1712135717332
911,0.125,3.998046875,-0.2734375,0.12520644037889672,36,1712135717332
911,0.0,4.037109375,-0.267578125,0.12520644037889672,41,1712135717332
911,0.0,4.07421875,-0.283203125,0.12520644037889672,27,1712135717332
911,0.126953125,4.064453125,-0.3828125,-0.37561932113669017,19,1712135717332
911,0.12890625,4.111328125,-0.2890625,-0.37561932113669017,26,1712135717332
911,0.248046875,3.79296875,-1.146484375,-0.25041288075779344,18,1712135717332
911,0.25,3.861328125,-1.048828125,-0.25041288075779344,36,1712135717332
911,0.251953125,3.896484375,-1.06640625,-0.25041288075779344,25,1712135717332
911,0.12890625,4.09765625,-0.435546875,-0.25041288075779344,33,1712135717332
911,0.0,4.111328125,-1.427734375,-0.25041288075779344,21,1712135717332
911,0.244140625,3.86328125,-0.4296875,-0.12520644037889672,29,1712135717332
911,0.24609375,3.908203125,-0.353515625,-0.12520644037889672,30,1712135717332
911,0.125,3.888671875,-0.79296875,-0.12520644037889672,43,1712135717332
911,0.25,3.921875,-0.787109375,-0.12520644037889672,90,1712135717332
911,0.126953125,3.9921875,-0.65234375,-0.12520644037889672,71,1712135717332
911,0.12890625,4.09375,-0.46875,-0.12520644037889672,40,1712135717332
911,0.0,4.2421875,-0.974609375,-0.12520644037889672,28,1712135717332
912,0.240234375,3.673828125,-1.14453125,0.0,25,1712135717433
912,0.12109375,3.787109375,-0.8984375,0.0,51,1712135717433
912,0.24609375,3.8671875,-0.671875,0.0,57,1712135717433
912,0.125,3.939453125,-0.484375,0.0,51,1712135717433
912,0.125,3.9765625,-0.48828125,0.0,31,1712135717433
912,0.0,4.23046875,-0.84765625,0.0,37,1712135717433
912,-0.13671875,4.2734375,-0.8125,0.0,61,1712135717433
912,0.240234375,3.68359375,-1.115234375,0.12520644037889672,50,1712135717433
912,0.244140625,3.755859375,-1.0,0.12520644037889672,99,1712135717433
912,0.123046875,3.8359375,-0.859375,0.12520644037889672,93,1712135717433
912,0.248046875,3.90625,-0.669921875,0.12520644037889672,42,1712135717433
912,0.0,3.94140625,-0.7265625,0.12520644037889672,35,1712135717433
912,0.0,3.990234375,-0.677734375,0.12520644037889672,40,1712135717433
912,0.0,4.0546875,-0.5,0.12520644037889672,26,1712135717433
912,0.240234375,3.705078125,-1.0390625,0.25041288075779344,47,1712135717433
912,0.12109375,3.7890625,-0.888671875,0.25041288075779344,87,1712135717433
912,0.123046875,3.849609375,-0.79296875,0.25041288075779344,81,1712135717433
912,0.125,3.9140625,-0.654296875,0.25041288075779344,35,1712135717433
912,0.12109375,3.71875,-1.009765625,0.37561932113669017,20,1712135717433
912,0.244140625,3.78515625,-0.8828125,0.37561932113669017,36,1712135717433
912,0.123046875,3.853515625,-0.77734375,0.37561932113669017,32,1712135717433
912,0.126953125,4.0234375,-0.408203125,-0.37561932113669017,20,1712135717433
912,0.126953125,4.05859375,-0.443359375,-0.37561932113669017,26,1712135717433
912,0.12109375,3.8515625,-0.5625,-0.25041288075779344,32,1712135717433
912,0.24609375,3.869140625,-0.658203125,-0.25041288075779344,46,1712135717433
912,0.125,3.82421875,-1.0625,-0.25041288075779344,46,1712135717433
912,0.125,3.71875,-1.4921875,-0.25041288075779344,23,1712135717433
912,0.0,4.033203125,0.326171875,-0.25041288075779344,28,1712135717433
912,0.126953125,4.072265625,-0.291015625,-0.25041288075779344,66,1712135717433
912,0.0,4.103515625,-0.41015625,-0.25041288075779344,55,1712135717433
912,0.0,4.0390625,-1.513671875,-0.25041288075779344,40,1712135717433
912,0.0,4.111328125,-1.4296875,-0.25041288075779344,59,1712135717433
912,0.12109375,3.88671875,-0.208984375,-0.12520644037889672,33,1712135717433
912,0.123046875,3.908203125,-0.408203125,-0.12520644037889672,59,1712135717433
912,0.125,3.880859375,-0.83203125,-0.12520644037889672,92,1712135717433
912,0.125,3.8828125,-0.986328125,-0.12520644037889672,76,1712135717433
912,-0.6328125,3.572265625,1.794921875,-0.12520644037889672,15,1712135717433
912,0.0,4.083984375,-0.048828125,-0.12520644037889672,67,1712135717433
912,0.0,4.1171875,-0.21484375,-0.12520644037889672,56,1712135717433
912,0.0,4.130859375,-1.2421875,-0.12520644037889672,72,1712135717433
912,0.0,4.201171875,-1.13671875,-0.12520644037889672,113,1712135717433
912,0.884765625,3.53125,-1.767578125,-0.12520644037889672,12,1712135717433
913,0.0,3.837890625,-0.3671875,0.0,34,1712135717533
913,0.12109375,3.875,-0.361328125,0.0,75,1712135717533
913,0.123046875,3.91015625,-0.40234375,0.0,84,1712135717533
913,0.125,3.904296875,-0.7109375,0.0,47,1712135717533
913,-0.25,3.986328125,0.33984375,0.0,51,1712135717533
913,-0.251953125,4.03515625,0.1796875,0.0,75,1712135717533
913,-0.126953125,4.08203125,0.076171875,0.0,51,1712135717533
913,-0.271484375,4.22265625,-1.01953125,0.0,22,1712135717533
913,0.0,3.83984375,-0.65234375,0.12520644037889672,23,1712135717533
913,0.0,3.845703125,-0.818359375,0.12520644037889672,35,1712135717533
913,0.125,3.806640625,-1.119140625,0.12520644037889672,29,1712135717533
913,0.0,3.7734375,-0.9609375,0.25041288075779344,18,1712135717533
913,0.0,3.798828125,-1.015625,0.25041288075779344,29,1712135717533
913,0.0,3.826171875,-1.064453125,0.25041288075779344,23,1712135717533
913,0.12109375,3.775390625,-0.947265625,-0.37561932113669017,21,1712135717533
913,0.0,3.82421875,-0.9140625,-0.37561932113669017,18,1712135717533
913,-0.125,3.966796875,-0.568359375,-0.37561932113669017,50,1712135717533
913,-0.126953125,4.005859375,-0.560546875,-0.37561932113669017,59,1712135717533
913,-0.255859375,4.04296875,-0.5234375,-0.37561932113669017,30,1712135717533
913,0.12109375,3.767578125,-0.80859375,-0.25041288075779344,52,1712135717533
913,0.12109375,3.8125,-0.78515625,-0.25041288075779344,110,1712135717533
913,0.123046875,3.8515625,-0.787109375,-0.25041288075779344,106,1712135717533
913,-0.248046875,3.119140625,-2.443359375,-0.25041288075779344,30,1712135717533
913,-0.125,3.99609375,-0.27734375,-0.25041288075779344,152,1712135717533
913,-0.126953125,4.033203125,-0.302734375,-0.25041288075779344,200,1712135717533
913,-0.126953125,4.0703125,-0.330078125,-0.25041288075779344,116,1712135717533
913,0.12109375,3.818359375,-0.521484375,-0.12520644037889672,69,1712135717533
913,0.12109375,3.8515625,-0.55859375,-0.12520644037889672,147,1712135717533
913,0.123046875,3.890625,-0.556640625,-0.12520644037889672,150,1712135717533
913,0.125,3.873046875,-0.861328125,-0.12520644037889672,59,1712135717533
913,-0.25,4.0,-0.044921875,-0.12520644037889672,142,1712135717533
913,-0.251953125,4.037109375,-0.08203125,-0.12520644037889672,194,1712135717533
913,-0.126953125,4.08203125,-0.119140625,-0.12520644037889672,125,1712135717533
913,-0.134765625,4.111328125,-1.298828125,-0.12520644037889672,34,1712135717533
913,-0.13671875,4.16796875,-1.244140625,-0.12520644037889672,43,1712135717533
914,0.0,3.751953125,-1.041015625,0.0,19,1712135717634
914,0.0,3.8046875,-0.994140625,0.0,22,1712135717634
914,0.0,3.736328125,-1.341796875,0.0,20,1712135717634
914,0.0,3.916015625,-0.853515625,0.0,25,1712135717634
914,-0.25,3.953125,-0.611328125,0.12520644037889672,19,1712135717634
914,0.0,4.0078125,-0.5546875,0.12520644037889672,16,1712135717634
914,-0.248046875,3.951171875,-0.30078125,-0.37561932113669017,51,1712135717634
914,-0.125,3.9921875,-0.333984375,-0.37561932113669017,78,1712135717634
914,-0.126953125,4.029296875,-0.357421875,-0.37561932113669017,55,1712135717634
914,0.0,3.71484375,-1.169921875,-0.25041288075779344,34,1712135717634
914,0.123046875,3.76953125,-1.11328125,-0.25041288075779344,43,1712135717634
914,-0.125,3.9453125,-0.421875,-0.25041288075779344,66,1712135717634
914,-0.125,4.001953125,-0.1953125,-0.25041288075779344,90,1712135717634
914,-0.251953125,4.03515625,-0.162109375,-0.25041288075779344,66,1712135717634
914,0.0,4.06640625,-0.380859375,-0.25041288075779344,21,1712135717634
914,0.12109375,3.658203125,-1.330078125,-0.12520644037889672,40,1712135717634
914,0.0,3.767578125,-1.126953125,-0.12520644037889672,53,1712135717634
914,0.0,3.84375,-0.9921875,-0.12520644037889672,56,1712135717634
914,0.0,3.896484375,-0.943359375,-0.12520644037889672,55,1712135717634
914,0.0,3.982421875,-0.71484375,-0.12520644037889672,39,1712135717634
915,-0.12109375,3.833984375,-0.39453125,0.0,21,1712135717734
915,0.0,3.837890625,-0.66015625,0.0,19,1712135717734
915,-0.373046875,3.951171875,0.115234375,0.0,26,1712135717734
915,-0.375,3.98828125,-0.134765625,0.0,33,1712135717734
915,-0.37890625,4.015625,-0.333984375,0.0,19,1712135717734
915,-0.37890625,3.80859375,-1.3125,0.12520644037889672,20,1712135717734
915,-0.369140625,3.8671875,-0.603515625,-0.37561932113669017,28,1712135717734
915,-0.373046875,3.94921875,-0.1875,-0.37561932113669017,45,1712135717734
915,-0.375,3.990234375,-0.033203125,-0.37561932113669017,42,1712135717734
915,0.0,3.751953125,-0.703125,-0.25041288075779344,27,1712135717734
915,-0.12109375,3.748046875,-0.89453125,-0.25041288075779344,49,1712135717734
915,0.0,3.69921875,-1.212890625,-0.25041288075779344,49,1712135717734
915,-0.24609375,3.806640625,-0.95703125,-0.25041288075779344,34,1712135717734
915,-0.248046875,3.8203125,-1.052734375,-0.25041288075779344,45,1712135717734
915,-0.125,3.806640625,-1.25,-0.25041288075779344,55,1712135717734
915,0.0,3.8984375,-1.087890625,-0.25041288075779344,41,1712135717734
915,-0.119140625,3.7890625,-0.44921875,-0.12520644037889672,27,1712135717734
915,-0.12109375,3.8046875,-0.619140625,-0.12520644037889672,51,1712135717734
915,0.0,3.787109375,-0.90625,-0.12520644037889672,48,1712135717734
915,-0.248046875,3.927734375,-0.529296875,-0.12520644037889672,55,1712135717734
915,-0.125,3.958984375,-0.615234375,-0.12520644037889672,76,1712135717734
915,-0.126953125,3.990234375,-0.6640625,-0.12520644037889672,52,1712135717734
916,-0.240234375,3.80078125,-0.607421875,0.0,21,1712135717834
916,-0.244140625,3.87890625,-0.248046875,0.0,24,1712135717834
916,-0.4921875,3.880859375,0.400390625,0.0,22,1712135717834
916,-0.373046875,3.919921875,0.515625,0.0,20,1712135717834
916,-0.373046875,3.916015625,-0.533203125,0.12520644037889672,33,1712135717834
916,-0.25,3.984375,-0.365234375,0.12520644037889672,38,1712135717834
916,-0.251953125,4.021484375,-0.376953125,0.12520644037889672,27,1712135717834
916,-0.4921875,3.8671875,-0.513671875,-0.5008257615155869,24,1712135717834
916,-0.373046875,3.904296875,-0.615234375,-0.5008257615155869,36,1712135717834
916,-0.375,3.9375,-0.654296875,-0.5008257615155869,27,1712135717834
916,-0.369140625,3.904296875,-0.291015625,-0.37561932113669017,50,1712135717834
916,-0.373046875,3.935546875,-0.365234375,-0.37561932113669017,67,1712135717834
916,-0.375,3.96484375,-0.44921875,-0.37561932113669017,44,1712135717834
916,-0.365234375,3.8671875,-0.283203125,-0.25041288075779344,39,1712135717834
916,-0.369140625,3.908203125,-0.224609375,-0.25041288075779344,74,1712135717834
916,-0.373046875,3.9453125,-0.228515625,-0.25041288075779344,76,1712135717834
916,-0.375,3.98828125,-0.15625,-0.25041288075779344,35,1712135717834
916,-0.240234375,3.76171875,-0.810546875,-0.12520644037889672,30,1712135717834
916,-0.365234375,3.853515625,-0.42578125,-0.12520644037889672,50,1712135717834
916,-0.369140625,3.912109375,-0.119140625,-0.12520644037889672,66,1712135717834
916,-0.373046875,3.953125,0.001953125,-0.12520644037889672,56,1712135717834
917,-0.240234375,3.7734375,-0.75,0.0,13,1712135717935
917,-0.486328125,3.859375,-0.17578125,0.0,13,1712135717935
917,-0.369140625,3.912109375,-0.16796875,0.0,34,1712135717935
917,-0.248046875,3.94921875,-0.3203125,0.0,46,1712135717935
917,-0.25,3.962890625,-0.546875,0.0,48,1712135717935
917,-0.251953125,3.978515625,-0.69921875,0.0,38,1712135717935
917,-0.255859375,4.013671875,-0.71875,0.0,19,1712135717935
917,-0.357421875,3.767578125,-0.501953125,0.12520644037889672,25,1712135717935
917,-0.361328125,3.787109375,-0.630859375,0.12520644037889672,35,1712135717935
917,-0.244140625,3.8125,-0.7578125,0.12520644037889672,26,1712135717935
917,-0.369140625,3.76953125,-1.056640625,0.12520644037889672,22,1712135717935
917,-0.373046875,3.8984375,-0.65625,0.12520644037889672,49,1712135717935
917,-0.25,3.966796875,-0.517578125,0.12520644037889672,75,1712135717935
917,-0.37890625,3.98828125,-0.564453125,0.12520644037889672,62,1712135717935
917,-0.373046875,3.923828125,-0.478515625,0.25041288075779344,29,1712135717935
917,-0.25,3.986328125,-0.33203125,0.25041288075779344,44,1712135717935
917,-0.251953125,4.029296875,-0.26171875,0.25041288075779344,37,1712135717935
917,-0.369140625,3.89453125,-0.400390625,-0.25041288075779344,32,1712135717935
917,-0.373046875,3.927734375,-0.4375,-0.25041288075779344,34,1712135717935
917,-0.365234375,3.873046875,-0.15625,-0.12520644037889672,31,1712135717935
917,-0.4921875,3.8984375,-0.154296875,-0.12520644037889672,61,1712135717935
917,-0.373046875,3.947265625,-0.20703125,-0.12520644037889672,69,1712135717935
917,-0.375,3.978515625,-0.32421875,-0.12520644037889672,41,1712135717935
918,-0.357421875,3.7421875,-0.666015625,0.0,16,1712135718035
918,-0.240234375,3.767578125,-0.787109375,0.0,32,1712135718035
918,-0.244140625,3.841796875,-0.58984375,0.0,31,1712135718035
918,-0.123046875,3.8125,-0.953125,0.0,27,1712135718035
918,-0.248046875,3.7734375,-1.208984375,0.0,72,1712135718035
918,-0.375,3.78515625,-1.263671875,0.0,81,1712135718035
918,-0.37890625,3.7734375,-1.4140625,0.0,40,1712135718035
918,-0.357421875,3.779296875,-0.404296875,0.12520644037889672,28,1712135718035
918,-0.240234375,3.830078125,-0.37890625,0.12520644037889672,58,1712135718035
918,-0.244140625,3.87890625,-0.224609375,0.12520644037889672,52,1712135718035
918,-0.123046875,3.880859375,-0.6171875,0.12520644037889672,45,1712135718035
918,-0.373046875,3.849609375,-0.900390625,0.12520644037889672,129,1712135718035
918,-0.375,3.8671875,-0.98828125,0.12520644037889672,150,1712135718035
918,-0.37890625,3.849609375,-1.1875,0.12520644037889672,75,1712135718035
918,-0.240234375,3.845703125,-0.16015625,0.25041288075779344,28,1712135718035
918,-0.373046875,3.896484375,-0.66015625,0.25041288075779344,53,1712135718035
918,-0.375,3.90625,-0.8125,0.25041288075779344,65,1712135718035
919,-0.361328125,3.669921875,-1.125,0.0,22,1712135718136
919,-0.365234375,3.6796875,-1.22265625,0.0,29,1712135718136
919,-0.369140625,3.58984375,-1.560546875,0.0,29,1712135718136
919,-0.248046875,3.68359375,-1.462890625,0.0,53,1712135718136
919,-0.375,3.724609375,-1.435546875,0.0,57,1712135718136
919,-0.37890625,3.81640625,-1.291015625,0.0,34,1712135718136
919,-0.482421875,3.669921875,-1.080078125,0.12520644037889672,60,1712135718136
919,-0.486328125,3.701171875,-1.107421875,0.12520644037889672,68,1712135718136
919,-0.4921875,3.41796875,-1.8828125,0.12520644037889672,32,1712135718136
919,-0.373046875,3.720703125,-1.3359375,0.12520644037889672,99,1712135718136
919,-0.375,3.8125,-1.181640625,0.12520644037889672,120,1712135718136
919,-0.37890625,3.892578125,-1.041015625,0.12520644037889672,77,1712135718136
919,-0.509765625,3.943359375,-0.931640625,0.12520644037889672,30,1712135718136
919,-0.4765625,3.63671875,-1.0546875,0.25041288075779344,27,1712135718136
919,-0.361328125,3.75,-0.82421875,0.25041288075779344,75,1712135718136
919,-0.486328125,3.775390625,-0.82421875,0.25041288075779344,84,1712135718136
919,-0.123046875,3.896484375,0.51953125,0.25041288075779344,24,1712135718136
919,-0.248046875,3.81640625,-1.064453125,0.25041288075779344,80,1712135718136
919,-0.375,3.869140625,-0.978515625,0.25041288075779344,107,1712135718136
919,-0.37890625,3.9453125,-0.81640625,0.25041288075779344,73,1712135718136
919,-0.361328125,3.806640625,-0.49609375,0.37561932113669017,54,1712135718136
919,-0.365234375,3.84375,-0.498046875,0.37561932113669017,74,1712135718136
919,-0.24609375,3.9140625,-0.275390625,0.37561932113669017,59,1712135718136
919,-0.248046875,3.939453125,-0.419921875,0.37561932113669017,50,1712135718136
919,-0.375,3.927734375,-0.70703125,0.37561932113669017,51,1712135718136
919,-0.37890625,4.0,-0.474609375,0.37561932113669017,39,1712135718136
919,-0.361328125,3.83203125,-0.2265625,0.5008257615155869,23,1712135718136
919,-0.365234375,3.86328125,-0.328125,0.5008257615155869,35,1712135718136
919,-0.369140625,3.904296875,-0.28515625,0.5008257615155869,31,1712135718136
919,-0.373046875,3.923828125,-0.484375,0.5008257615155869,25,1712135718136
920,-0.73046875,3.578125,-1.353515625,0.0,13,1712135718236
920,-0.615234375,3.662109375,-1.29296875,0.0,26,1712135718236
920,-0.744140625,3.66015625,-1.34765625,0.0,21,1712135718236
920,-0.609375,3.701171875,-1.046875,0.12520644037889672,30,1712135718236
920,-0.615234375,3.76171875,-0.970703125,0.12520644037889672,59,1712135718236
920,-0.744140625,3.802734375,-0.869140625,0.12520644037889672,49,1712135718236
920,-0.615234375,3.8515625,-0.494140625,0.25041288075779344,58,1712135718236
920,-0.62109375,3.912109375,-0.28125,0.25041288075779344,65,1712135718236
920,-1.001953125,3.869140625,0.296875,0.25041288075779344,18,1712135718236
920,-0.37890625,3.69921875,-1.595703125,0.25041288075779344,40,1712135718236
920,-0.3828125,3.896484375,-1.166015625,0.25041288075779344,46,1712135718236
920,-0.486328125,3.671875,-1.201171875,0.37561932113669017,26,1712135718236
920,-0.49609375,3.875,0.712890625,0.37561932113669017,45,1712135718236
920,-0.37890625,3.849609375,-1.185546875,0.37561932113669017,49,1712135718236
920,-0.509765625,3.998046875,-0.66015625,0.37561932113669017,62,1712135718236
920,-0.38671875,4.052734375,-0.65234375,0.37561932113669017,37,1712135718236
920,-0.486328125,3.79296875,-0.734375,0.5008257615155869,40,1712135718236
920,-0.4921875,3.779296875,-0.966796875,0.5008257615155869,45,1712135718236
920,-0.62109375,3.49609375,-1.77734375,0.5008257615155869,25,1712135718236
920,-0.509765625,4.044921875,-0.244140625,0.5008257615155869,34,1712135718236
920,-0.515625,4.060546875,-0.501953125,0.5008257615155869,23,1712135718236
920,-0.609375,3.826171875,-0.39453125,0.6260322018944836,19,1712135718236
920,-0.369140625,3.900390625,-0.337890625,0.6260322018944836,33,1712135718236
920,-0.373046875,3.939453125,-0.326171875,0.6260322018944836,28,1712135718236
920,0.501953125,1.3515625,-3.740234375,0.25041288075779344,10,1712135718236
921,-0.62109375,3.42578125,-1.908203125,0.0,14,1712135718336
921,-0.626953125,3.662109375,-1.50390625,0.0,12,1712135718336
921,-0.662109375,3.994140625,-1.25390625,0.0,19,1712135718336
921,-0.66796875,4.05859375,-1.166015625,0.0,18,1712135718336
921,-0.662109375,4.041015625,-1.091796875,0.12520644037889672,42,1712135718336
921,-0.66796875,4.111328125,-0.966796875,0.12520644037889672,38,1712135718336
921,-0.4921875,3.869140625,-0.505859375,0.25041288075779344,25,1712135718336
921,-0.49609375,3.900390625,-0.556640625,0.25041288075779344,57,1712135718336
921,-0.501953125,3.94140625,-0.52734375,0.25041288075779344,84,1712135718336
921,-0.505859375,3.982421875,-0.5078125,0.25041288075779344,84,1712135718336
921,-0.509765625,4.009765625,-0.59375,0.25041288075779344,66,1712135718336
921,-0.515625,4.01953125,-0.759765625,0.25041288075779344,57,1712135718336
921,-0.49609375,3.9140625,0.443359375,0.37561932113669017,48,1712135718336
921,-0.501953125,3.9765625,0.068359375,0.37561932113669017,94,1712135718336
921,-0.505859375,4.009765625,-0.185546875,0.37561932113669017,109,1712135718336
921,-0.509765625,4.005859375,-0.611328125,0.37561932113669017,99,1712135718336
921,-0.515625,4.01953125,-0.763671875,0.37561932113669017,79,1712135718336
921,-0.51953125,4.048828125,-0.80859375,0.37561932113669017,42,1712135718336
921,-0.4921875,3.7890625,-0.927734375,0.5008257615155869,38,1712135718336
921,-0.49609375,3.712890625,-1.3125,0.5008257615155869,50,1712135718336
921,-0.501953125,3.21875,-2.3359375,0.5008257615155869,30,1712135718336
921,-0.509765625,3.998046875,-0.662109375,0.5008257615155869,48,1712135718336
921,-0.64453125,4.0078125,-0.71875,0.5008257615155869,35,1712135718336
921,-0.4921875,3.87109375,-0.482421875,0.6260322018944836,34,1712135718336
921,-0.49609375,3.89453125,-0.59375,0.6260322018944836,76,1712135718336
921,-0.501953125,3.92578125,-0.640625,0.6260322018944836,82,1712135718336
921,-0.505859375,3.96875,-0.603515625,0.6260322018944836,42,1712135718336
921,-0.49609375,3.916015625,-0.4296875,0.7512386422733803,34,1712135718336
921,-0.501953125,3.958984375,-0.3828125,0.7512386422733803,40,1712135718336
921,-0.505859375,4.009765625,-0.220703125,0.7512386422733803,21,1712135718336
922,-0.375,3.916015625,-0.76953125,0.0,15,1712135718437
922,-0.505859375,3.947265625,-0.734375,0.0,21,1712135718437
922,-0.509765625,3.890625,-1.13671875,0.0,20,1712135718437
922,-0.626953125,3.90234375,-0.673828125,0.12520644037889672,33,1712135718437
922,-0.505859375,3.9453125,-0.7421875,0.12520644037889672,78,1712135718437
922,-0.509765625,3.96875,-0.81640625,0.12520644037889672,82,1712135718437
922,-0.515625,3.99609375,-0.875,0.12520644037889672,52,1712135718437
922,-0.51953125,4.0625,-0.736328125,0.12520644037889672,39,1712135718437
922,-0.373046875,3.830078125,-0.98046875,0.25041288075779344,30,1712135718437
922,-0.501953125,3.892578125,-0.8203125,0.25041288075779344,63,1712135718437
922,-0.505859375,3.958984375,-0.666015625,0.25041288075779344,111,1712135718437
922,-0.638671875,3.9921875,-0.58984375,0.25041288075779344,107,1712135718437
922,-0.515625,4.076171875,-0.3359375,0.25041288075779344,60,1712135718437
922,-0.650390625,4.103515625,-0.240234375,0.25041288075779344,52,1712135718437
922,-0.373046875,3.857421875,-0.86328125,0.37561932113669017,46,1712135718437
922,-0.501953125,3.912109375,-0.716796875,0.37561932113669017,78,1712135718437
922,-0.505859375,3.986328125,-0.48046875,0.37561932113669017,75,1712135718437
922,-0.638671875,4.03125,-0.169921875,0.37561932113669017,41,1712135718437
922,-0.49609375,3.837890625,-0.8828125,0.5008257615155869,26,1712135718437
922,-0.501953125,3.908203125,-0.732421875,0.5008257615155869,38,1712135718437
922,-0.505859375,3.99609375,-0.390625,0.5008257615155869,26,1712135718437
923,-0.626953125,3.755859375,-1.251953125,0.0,12,1712135718537
923,-0.505859375,3.85546875,-1.12109375,0.0,35,1712135718537
923,-0.509765625,3.923828125,-1.013671875,0.0,63,1712135718537
923,-0.515625,3.97265625,-0.978515625,0.0,67,1712135718537
923,-0.51953125,4.0390625,-0.85546875,0.0,44,1712135718537
923,-0.65625,4.091796875,-0.677734375,0.0,25,1712135718537
923,-0.505859375,3.96484375,-0.630859375,0.12520644037889672,57,1712135718537
923,-0.509765625,4.013671875,-0.5625,0.12520644037889672,102,1712135718537
923,-0.64453125,4.033203125,-0.56640625,0.12520644037889672,105,1712135718537
923,-0.650390625,4.08203125,-0.484375,0.12520644037889672,62,1712135718537
923,-0.65625,4.146484375,-0.125,0.12520644037889672,31,1712135718537
923,-0.626953125,3.908203125,-0.62890625,0.25041288075779344,19,1712135718537
923,-0.6328125,3.9765625,-0.400390625,0.25041288075779344,47,1712135718537
923,-0.638671875,4.033203125,-0.12890625,0.25041288075779344,60,1712135718537
923,-0.7734375,4.04296875,0.224609375,0.25041288075779344,35,1712135718537
923,-0.505859375,4.01171875,-0.181640625,0.37561932113669017,35,1712135718537
923,-0.650390625,4.05859375,-0.64453125,0.37561932113669017,28,1712135718537
923,-0.125,3.41015625,-2.103515625,0.5008257615155869,25,1712135718537
923,-0.126953125,3.373046875,-2.23046875,0.5008257615155869,29,1712135718537
923,-0.3828125,3.40625,-2.22265625,0.5008257615155869,21,1712135718537
923,-0.515625,3.828125,-1.443359375,0.5008257615155869,26,1712135718537
923,-0.51953125,4.009765625,-0.984375,0.5008257615155869,25,1712135718537
923,-0.375,3.8203125,-1.15625,0.6260322018944836,44,1712135718537
923,-0.37890625,3.880859375,-1.080078125,0.6260322018944836,68,1712135718537
923,-0.3828125,3.908203125,-1.125,0.6260322018944836,58,1712135718537
923,-0.515625,3.966796875,-0.99609375,0.6260322018944836,37,1712135718537
923,-0.51953125,4.052734375,-0.78515625,0.6260322018944836,30,1712135718537
923,-0.37890625,3.92578125,-0.90625,0.7512386422733803,26,1712135718537
923,-0.509765625,3.953125,-0.89453125,0.7512386422733803,27,1712135718537
923,-0.515625,3.9375,-1.107421875,0.7512386422733803,25,1712135718537
923,-0.80859375,4.166015625,-0.7734375,-0.25041288075779344,32,1712135718537
923,-0.81640625,4.1953125,-0.82421875,-0.25041288075779344,55,1712135718537
923,-0.943359375,4.162109375,-0.626953125,-0.12520644037889672,30,1712135718537
923,-0.81640625,4.244140625,-0.515625,-0.12520644037889672,43,1712135718537
924,-0.505859375,3.677734375,-1.609375,0.0,12,1712135718637
924,-0.509765625,3.884765625,-1.154296875,0.0,33,1712135718637
924,-0.515625,3.970703125,-0.986328125,0.0,49,1712135718637
924,-0.51953125,4.009765625,-0.986328125,0.0,50,1712135718637
924,-0.525390625,3.998046875,-1.171875,0.0,34,1712135718637
924,-0.509765625,3.982421875,-0.751953125,0.12520644037889672,34,1712135718637
924,-0.515625,4.037109375,-0.65625,0.12520644037889672,59,1712135718637
924,-0.51953125,4.029296875,-0.90234375,0.12520644037889672,86,1712135718637
924,-0.525390625,4.048828125,-0.98046875,0.12520644037889672,70,1712135718637
924,-0.662109375,4.029296875,-1.12890625,0.12520644037889672,29,1712135718637
924,-0.509765625,4.03125,-0.41796875,0.25041288075779344,28,1712135718637
924,-0.515625,4.046875,-0.59765625,0.25041288075779344,69,1712135718637
924,-0.51953125,4.06640625,-0.7109375,0.25041288075779344,94,1712135718637
924,-0.65625,4.076171875,-0.767578125,0.25041288075779344,72,1712135718637
924,-0.529296875,4.123046875,-0.8203125,0.25041288075779344,30,1712135718637
924,-0.3828125,4.06640625,-0.076171875,0.37561932113669017,34,1712135718637
924,-0.515625,4.08984375,0.033203125,0.37561932113669017,33,1712135718637
924,-0.650390625,4.09765625,-0.31640625,0.37561932113669017,31,1712135718637
924,-0.787109375,4.08203125,-0.58984375,0.37561932113669017,24,1712135718637
924,-0.251953125,3.943359375,-0.876953125,0.5008257615155869,23,1712135718637
924,-0.3828125,4.009765625,-0.681640625,0.5008257615155869,51,1712135718637
924,-0.2578125,4.09765625,-0.37109375,0.5008257615155869,49,1712135718637
924,-0.251953125,3.87890625,-1.126953125,0.6260322018944836,31,1712135718637
924,-0.255859375,3.966796875,-0.9375,0.6260322018944836,76,1712135718637
924,-0.38671875,4.03515625,-0.75390625,0.6260322018944836,85,1712135718637
924,-0.259765625,4.13671875,-0.3671875,0.6260322018944836,35,1712135718637
924,-0.3828125,3.97265625,-0.869140625,0.7512386422733803,53,1712135718637
924,-0.38671875,4.052734375,-0.654296875,0.7512386422733803,62,1712135718637
924,-0.259765625,4.12109375,-0.51953125,0.7512386422733803,29,1712135718637
924,-0.80078125,4.13671875,-0.73046875,-0.5008257615155869,24,1712135718637
924,-0.943359375,4.15625,-0.6640625,-0.5008257615155869,33,1712135718637
924,-0.951171875,4.181640625,-0.744140625,-0.5008257615155869,31,1712135718637
924,-0.943359375,4.14453125,-0.736328125,-0.37561932113669017,26,1712135718637
924,-0.638671875,3.80859375,-1.333984375,-0.12520644037889672,26,1712135718637
924,-0.64453125,3.884765625,-1.21875,-0.12520644037889672,40,1712135718637
924,-0.650390625,3.919921875,-1.23828125,-0.12520644037889672,30,1712135718637
925,-0.64453125,3.84375,-1.345703125,0.0,21,1712135718738
925,-0.51953125,4.005859375,-0.99609375,0.0,28,1712135718738
925,-0.787109375,4.048828125,-0.7890625,0.0,16,1712135718738
925,-0.638671875,3.970703125,-0.716796875,0.12520644037889672,19,1712135718738
925,-0.515625,4.0234375,-0.7421875,0.12520644037889672,48,1712135718738
925,-0.650390625,4.041015625,-0.74609375,0.12520644037889672,51,1712135718738
925,-0.65625,4.01171875,-1.052734375,0.12520644037889672,31,1712135718738
925,-0.638671875,4.001953125,-0.517578125,0.25041288075779344,30,1712135718738
925,-0.64453125,4.041015625,-0.498046875,0.25041288075779344,49,1712135718738
925,-0.779296875,4.0390625,-0.625,0.25041288075779344,31,1712135718738
925,-0.787109375,3.9296875,-1.255859375,0.25041288075779344,28,1712135718738
925,-0.662109375,3.951171875,-1.37890625,0.25041288075779344,32,1712135718738
925,-0.638671875,4.02734375,-0.251953125,0.37561932113669017,23,1712135718738
925,-0.64453125,4.05859375,-0.341796875,0.37561932113669017,33,1712135718738
925,-0.779296875,4.060546875,-0.474609375,0.37561932113669017,17,1712135718738
925,-0.396484375,4.09765625,-1.001953125,0.5008257615155869,26,1712135718738
925,-0.53515625,4.15625,-0.84765625,0.5008257615155869,35,1712135718738
925,-0.38671875,4.04296875,-0.708984375,0.6260322018944836,25,1712135718738
925,-0.390625,4.0625,-0.81640625,0.6260322018944836,48,1712135718738
925,-0.26171875,4.115234375,-0.796875,0.6260322018944836,42,1712135718738
925,-0.390625,4.09765625,-0.615234375,0.7512386422733803,31,1712135718738
925,-0.39453125,4.1328125,-0.630859375,0.7512386422733803,32,1712135718738
925,-0.927734375,3.978515625,-1.12890625,-0.876445082652277,27,1712135718738
925,-0.935546875,4.021484375,-1.111328125,-0.876445082652277,33,1712135718738
925,-0.943359375,4.05078125,-1.14453125,-0.876445082652277,19,1712135718738
925,-0.91796875,4.0,-0.892578125,-0.7512386422733803,22,1712135718738
925,-0.927734375,4.05078125,-0.826171875,-0.7512386422733803,49,1712135718738
925,-0.935546875,4.103515625,-0.7578125,-0.7512386422733803,59,1712135718738
925,-0.943359375,4.140625,-0.755859375,-0.7512386422733803,36,1712135718738
925,-1.05859375,4.078125,-0.455078125,-0.6260322018944836,23,1712135718738
925,-1.068359375,4.09765625,-0.58984375,-0.6260322018944836,29,1712135718738
925,-0.943359375,4.11328125,-0.896484375,-0.6260322018944836,31,1712135718738
925,-0.951171875,4.150390625,-0.896484375,-0.6260322018944836,25,1712135718738
925,-0.91015625,4.03125,-0.48828125,-0.5008257615155869,30,1712135718738
925,-0.91796875,4.072265625,-0.453125,-0.5008257615155869,32,1712135718738
925,-0.91015625,4.060546875,-0.029296875,-0.37561932113669017,32,1712135718738
925,-0.91796875,4.09765625,-0.08203125,-0.37561932113669017,31,1712135718738
925,-0.6796875,4.23828125,-0.716796875,-0.6260322018944836,25,1712135718738
926,-0.884765625,3.947265625,-0.099609375,0.0,17,1712135718838
926,-0.638671875,4.033203125,-0.12890625,0.0,30,1712135718838
926,-0.7734375,4.046875,-0.14453125,0.0,26,1712135718838
926,-0.91015625,4.060546875,0.03125,0.0,14,1712135718838
926,-0.64453125,4.0625,-0.279296875,0.12520644037889672,30,1712135718838
926,-0.779296875,4.083984375,-0.185546875,0.12520644037889672,26,1712135718838
926,-0.39453125,4.05078125,-1.037109375,0.12520644037889672,16,1712135718838
926,-0.400390625,4.029296875,-1.37109375,0.12520644037889672,26,1712135718838
926,-0.515625,4.08203125,-0.271484375,0.25041288075779344,24,1712135718838
926,-0.650390625,4.1015625,-0.25390625,0.25041288075779344,25,1712135718838
926,-0.525390625,4.107421875,-0.693359375,0.25041288075779344,22,1712135718838
926,-0.265625,4.1015625,-1.033203125,0.25041288075779344,43,1712135718838
926,-0.400390625,4.126953125,-1.04296875,0.25041288075779344,77,1712135718838
926,-0.404296875,4.19140625,-0.935546875,0.25041288075779344,69,1712135718838
926,-0.396484375,4.150390625,-0.76171875,0.37561932113669017,38,1712135718838
926,-0.400390625,4.1875,-0.76171875,0.37561932113669017,59,1712135718838
926,-0.5390625,4.232421875,-0.642578125,0.37561932113669017,50,1712135718838
926,0.0,3.912109375,-1.62890625,0.5008257615155869,19,1712135718838
926,-0.390625,3.982421875,-1.142578125,0.6260322018944836,19,1712135718838
926,-0.26171875,4.03515625,-1.1328125,0.6260322018944836,53,1712135718838
926,-0.265625,4.083984375,-1.1015625,0.6260322018944836,69,1712135718838
926,-0.267578125,4.142578125,-1.02734375,0.6260322018944836,46,1712135718838
926,-0.39453125,4.091796875,-0.85546875,0.7512386422733803,39,1712135718838
926,-0.396484375,4.126953125,-0.876953125,0.7512386422733803,51,1712135718838
926,-0.400390625,4.177734375,-0.818359375,0.7512386422733803,35,1712135718838
926,-0.91015625,3.892578125,-1.15625,-0.876445082652277,23,1712135718838
926,-0.91796875,3.927734375,-1.166015625,-0.876445082652277,30,1712135718838
926,-0.91015625,3.970703125,-0.845703125,-0.7512386422733803,44,1712135718838
926,-0.91796875,4.0078125,-0.853515625,-0.7512386422733803,59,1712135718838
926,-0.927734375,4.03125,-0.919921875,-0.7512386422733803,43,1712135718838
926,-0.91015625,4.02734375,-0.515625,-0.6260322018944836,26,1712135718838
926,-0.91796875,4.052734375,-0.607421875,-0.6260322018944836,40,1712135718838
926,-0.927734375,4.078125,-0.677734375,-0.6260322018944836,31,1712135718838
926,-0.91796875,4.0625,-0.53125,-0.5008257615155869,32,1712135718838
926,-0.927734375,4.095703125,-0.56640625,-0.5008257615155869,27,1712135718838
926,-0.7578125,3.966796875,-0.240234375,-0.12520644037889672,30,1712135718838
926,-0.638671875,4.021484375,-0.322265625,-0.12520644037889672,44,1712135718838
926,-0.7734375,4.037109375,-0.318359375,-0.12520644037889672,27,1712135718838
927,-0.89453125,3.986328125,-0.001953125,0.0,36,1712135718938
927,-0.90234375,4.0234375,0.025390625,0.0,46,1712135718938
927,-0.91015625,4.0546875,0.21875,0.0,28,1712135718938
927,-0.400390625,4.080078125,-1.212890625,0.0,38,1712135718938
927,-0.404296875,4.14453125,-1.12890625,0.0,55,1712135718938
927,-0.408203125,4.19921875,-1.068359375,0.0,40,1712135718938
927,-0.779296875,4.078125,-0.275390625,0.12520644037889672,26,1712135718938
927,-0.525390625,4.162109375,-0.197265625,0.12520644037889672,27,1712135718938
927,-0.396484375,4.142578125,-0.798828125,0.12520644037889672,23,1712135718938
927,-0.400390625,4.1484375,-0.95703125,0.12520644037889672,71,1712135718938
927,-0.404296875,4.205078125,-0.873046875,0.12520644037889672,108,1712135718938
927,-0.544921875,4.234375,-0.841796875,0.12520644037889672,79,1712135718938
927,-0.53515625,4.166015625,-0.798828125,0.25041288075779344,42,1712135718938
927,-0.404296875,4.244140625,-0.65625,0.25041288075779344,60,1712135718938
927,-0.544921875,4.26953125,-0.642578125,0.25041288075779344,42,1712135718938
927,-0.400390625,4.06640625,-1.259765625,0.5008257615155869,36,1712135718938
927,-0.404296875,4.142578125,-1.1328125,0.5008257615155869,36,1712135718938
927,-0.400390625,4.12890625,-1.0390625,0.6260322018944836,33,1712135718938
927,-0.404296875,4.185546875,-0.962890625,0.6260322018944836,35,1712135718938
927,-0.408203125,4.248046875,-0.8515625,0.6260322018944836,19,1712135718938
927,-0.787109375,3.966796875,-1.1328125,-0.5008257615155869,27,1712135718938
927,-0.794921875,3.990234375,-1.18359375,-0.5008257615155869,25,1712135718938
927,-0.7734375,3.98828125,-0.69921875,-0.37561932113669017,20,1712135718938
927,-0.91015625,4.02734375,-0.51953125,-0.37561932113669017,22,1712135718938
927,-0.787109375,4.068359375,-0.67578125,-0.37561932113669017,40,1712135718938
927,-0.794921875,4.087890625,-0.783203125,-0.37561932113669017,39,1712135718938
927,-0.765625,3.986328125,-0.453125,-0.25041288075779344,56,1712135718938
927,-0.90234375,3.998046875,-0.451171875,-0.25041288075779344,72,1712135718938
927,-0.779296875,4.083984375,-0.1875,-0.25041288075779344,47,1712135718938
927,-0.91796875,4.064453125,-0.513671875,-0.25041288075779344,39,1712135718938
927,-0.7578125,3.970703125,-0.173828125,-0.12520644037889672,28,1712135718938
927,-0.765625,4.0078125,-0.19921875,-0.12520644037889672,76,1712135718938
927,-0.90234375,4.021484375,-0.109375,-0.12520644037889672,87,1712135718938
927,-0.91015625,4.041015625,0.38671875,-0.12520644037889672,41,1712135718938
928,-0.7578125,3.96484375,-0.275390625,0.0,24,1712135719040
928,-0.765625,4.0078125,-0.173828125,0.0,57,1712135719040
928,-0.7734375,4.044921875,-0.181640625,0.0,72,1712135719040
928,-0.779296875,4.080078125,-0.23828125,0.0,58,1712135719040
928,-0.65625,4.11328125,-0.53125,0.0,39,1712135719040
928,-0.529296875,4.109375,-0.88671875,0.0,27,1712135719040
928,-0.650390625,4.109375,0.0,0.12520644037889672,24,1712135719040
928,-0.525390625,4.1328125,-0.5234375,0.12520644037889672,54,1712135719040
928,-0.529296875,4.138671875,-0.744140625,0.12520644037889672,54,1712135719040
928,-0.525390625,4.158203125,-0.265625,0.25041288075779344,28,1712135719040
928,-0.404296875,4.193359375,-0.927734375,0.25041288075779344,30,1712135719040
928,-0.638671875,3.9375,-0.87890625,-0.37561932113669017,23,1712135719040
928,-0.7734375,3.98046875,-0.74609375,-0.37561932113669017,28,1712135719040
928,-0.779296875,3.982421875,-0.919921875,-0.37561932113669017,32,1712135719040
928,-0.787109375,4.017578125,-0.935546875,-0.37561932113669017,29,1712135719040
928,-0.7578125,3.923828125,-0.63671875,-0.25041288075779344,32,1712135719040
928,-0.765625,3.958984375,-0.65625,-0.25041288075779344,93,1712135719040
928,-0.7734375,4.001953125,-0.623046875,-0.25041288075779344,121,1712135719040
928,-0.779296875,4.052734375,-0.537109375,-0.25041288075779344,82,1712135719040
928,-0.787109375,4.06640625,-0.69140625,-0.25041288075779344,49,1712135719040
928,-0.794921875,4.05859375,-0.92578125,-0.25041288075779344,32,1712135719040
928,-0.6328125,3.97265625,-0.443359375,-0.12520644037889672,40,1712135719040
928,-0.765625,3.98046875,-0.5078125,-0.12520644037889672,117,1712135719040
928,-0.7734375,4.021484375,-0.484375,-0.12520644037889672,154,1712135719040
928,-0.779296875,4.068359375,-0.400390625,-0.12520644037889672,100,1712135719040
928,-0.91796875,4.083984375,-0.341796875,-0.12520644037889672,34,1712135719040
929,-0.626953125,3.955078125,-0.17578125,0.0,14,1712135719140
929,-0.6328125,3.99609375,-0.083984375,0.0,53,1712135719140
929,-0.638671875,4.03515625,-0.044921875,0.0,94,1712135719140
929,-0.64453125,4.072265625,-0.041015625,0.0,92,1712135719140
929,-0.91015625,4.056640625,-0.169921875,0.0,52,1712135719140
929,-0.505859375,4.009765625,-0.201171875,0.12520644037889672,25,1712135719140
929,-0.509765625,3.9609375,-0.861328125,0.12520644037889672,46,1712135719140
929,-0.515625,4.021484375,-0.75,0.12520644037889672,73,1712135719140
929,-0.51953125,4.07421875,-0.669921875,0.12520644037889672,72,1712135719140
929,-0.525390625,4.091796875,-0.78515625,0.12520644037889672,44,1712135719140
929,-0.396484375,4.08203125,-1.068359375,0.12520644037889672,34,1712135719140
929,-0.400390625,4.111328125,-1.1015625,0.12520644037889672,31,1712135719140
929,-0.505859375,4.013671875,-0.09765625,0.25041288075779344,27,1712135719140
929,-0.509765625,4.044921875,-0.255859375,0.25041288075779344,49,1712135719140
929,-0.515625,4.078125,-0.33203125,0.25041288075779344,61,1712135719140
929,-0.51953125,4.119140625,-0.2890625,0.25041288075779344,48,1712135719140
929,-0.6328125,3.94140625,-0.66796875,-0.25041288075779344,52,1712135719140
929,-0.638671875,3.96484375,-0.744140625,-0.25041288075779344,107,1712135719140
929,-0.64453125,3.994140625,-0.798828125,-0.25041288075779344,118,1712135719140
929,-0.650390625,4.0078125,-0.91015625,-0.25041288075779344,78,1712135719140
929,-0.787109375,4.009765625,-0.966796875,-0.25041288075779344,35,1712135719140
929,-0.7578125,3.951171875,-0.435546875,-0.12520644037889672,88,1712135719140
929,-0.765625,3.98046875,-0.498046875,-0.12520644037889672,186,1712135719140
929,-0.64453125,4.03515625,-0.544921875,-0.12520644037889672,216,1712135719140
929,-0.650390625,4.0625,-0.62890625,-0.12520644037889672,145,1712135719140
929,-0.65625,4.078125,-0.755859375,-0.12520644037889672,62,1712135719140
930,-0.7578125,3.974609375,0.013671875,0.0,33,1712135719239
930,-0.765625,4.01171875,-0.06640625,0.0,37,1712135719239
930,-1.03125,3.974609375,0.375,0.0,16,1712135719239
930,-0.505859375,4.013671875,-0.111328125,0.12520644037889672,23,1712135719239
930,-0.3828125,4.052734375,-0.34375,0.12520644037889672,52,1712135719239
930,-0.38671875,4.078125,-0.47265625,0.12520644037889672,66,1712135719239
930,-0.51953125,4.111328125,-0.376953125,0.12520644037889672,54,1712135719239
930,-0.525390625,4.15625,-0.291015625,0.12520644037889672,30,1712135719239
930,-0.509765625,4.052734375,0.013671875,0.25041288075779344,35,1712135719239
930,-0.38671875,4.099609375,-0.201171875,0.25041288075779344,45,1712135719239
930,-0.51953125,4.125,-0.16796875,0.25041288075779344,36,1712135719239
930,-0.400390625,4.189453125,-0.759765625,0.37561932113669017,30,1712135719239
930,-0.404296875,4.201171875,-0.888671875,0.37561932113669017,24,1712135719239
930,-0.64453125,3.88671875,-1.212890625,-0.6260322018944836,24,1712135719239
930,-0.779296875,3.953125,-1.037109375,-0.6260322018944836,21,1712135719239
930,-0.515625,3.91796875,-1.17578125,-0.5008257615155869,19,1712135719239
930,-0.6328125,3.9609375,-0.5390625,-0.25041288075779344,37,1712135719239
930,-0.638671875,3.998046875,-0.5390625,-0.25041288075779344,35,1712135719239
930,-0.515625,4.056640625,-0.53125,-0.25041288075779344,37,1712135719239
930,-0.51953125,4.109375,-0.396484375,-0.25041288075779344,40,1712135719239
930,-0.751953125,3.9296875,-0.232421875,-0.12520644037889672,23,1712135719239
930,-0.7578125,3.966796875,-0.2421875,-0.12520644037889672,59,1712135719239
930,-0.765625,4.00390625,-0.26171875,-0.12520644037889672,58,1712135719239
930,-0.64453125,4.0703125,-0.138671875,-0.12520644037889672,48,1712135719239
930,-0.650390625,4.109375,-0.10546875,-0.12520644037889672,59,1712135719239
930,0.2578125,3.22265625,-2.556640625,0.0,9,1712135719239
931,-0.626953125,3.955078125,-0.16015625,0.0,17,1712135719340
931,-0.6328125,3.990234375,-0.236328125,0.0,51,1712135719340
931,-0.509765625,4.0390625,-0.328125,0.0,91,1712135719340
931,-0.38671875,4.076171875,-0.478515625,0.0,100,1712135719340
931,-0.390625,4.099609375,-0.59375,0.0,62,1712135719340
931,-0.26953125,4.11328125,-1.275390625,0.0,26,1712135719340
931,-0.271484375,4.1875,-1.15625,0.0,37,1712135719340
931,-0.505859375,4.00390625,0.29296875,0.12520644037889672,23,1712135719340
931,-0.3828125,4.064453125,-0.107421875,0.12520644037889672,84,1712135719340
931,-0.38671875,4.09765625,-0.2421875,0.12520644037889672,129,1712135719340
931,-0.259765625,4.138671875,-0.353515625,0.12520644037889672,98,1712135719340
931,-0.39453125,4.158203125,-0.4375,0.12520644037889672,32,1712135719340
931,-0.3828125,4.056640625,0.29296875,0.25041288075779344,48,1712135719340
931,-0.38671875,4.10546875,-0.0234375,0.25041288075779344,92,1712135719340
931,-0.259765625,4.1484375,-0.205078125,0.25041288075779344,80,1712135719340
931,-0.39453125,4.166015625,-0.345703125,0.25041288075779344,35,1712135719340
931,-0.505859375,3.873046875,-1.05859375,-0.37561932113669017,38,1712135719340
931,-0.509765625,3.900390625,-1.1015625,-0.37561932113669017,59,1712135719340
931,-0.515625,3.931640625,-1.12890625,-0.37561932113669017,56,1712135719340
931,-0.51953125,4.00390625,-1.00390625,-0.37561932113669017,34,1712135719340
931,-0.501953125,3.92578125,-0.642578125,-0.25041288075779344,47,1712135719340
931,-0.505859375,3.955078125,-0.6875,-0.25041288075779344,115,1712135719340
931,-0.509765625,3.994140625,-0.685546875,-0.25041288075779344,147,1712135719340
931,-0.515625,4.03515625,-0.673828125,-0.25041288075779344,100,1712135719340
931,-0.650390625,4.056640625,-0.658203125,-0.25041288075779344,41,1712135719340
931,-0.626953125,3.931640625,-0.47265625,-0.12520644037889672,44,1712135719340
931,-0.6328125,3.97265625,-0.4453125,-0.12520644037889672,112,1712135719340
931,-0.638671875,4.0078125,-0.458984375,-0.12520644037889672,139,1712135719340
931,-0.64453125,4.0390625,-0.521484375,-0.12520644037889672,89,1712135719340
931,-0.259765625,4.044921875,-0.939453125,-0.12520644037889672,34,1712135719340
931,-0.13671875,4.12890625,-1.37109375,-0.12520644037889672,50,1712135719340
932,-0.501953125,3.974609375,0.12109375,0.0,19,1712135719440
932,-0.505859375,3.99609375,-0.396484375,0.0,33,1712135719440
932,-0.3828125,4.037109375,-0.494140625,0.0,53,1712135719440
932,-0.515625,4.072265625,-0.392578125,0.0,45,1712135719440
932,-0.650390625,4.10546875,-0.208984375,0.0,26,1712135719440
932,-0.3828125,4.064453125,0.15625,0.12520644037889672,29,1712135719440
932,-0.2578125,4.11328125,-0.08203125,0.12520644037889672,72,1712135719440
932,-0.259765625,4.150390625,-0.14453125,0.12520644037889672,80,1712135719440
932,-0.26171875,4.1875,-0.16015625,0.12520644037889672,47,1712135719440
932,-0.38671875,4.103515625,-0.0625,0.25041288075779344,40,1712135719440
932,-0.390625,4.142578125,0.015625,0.25041288075779344,42,1712135719440
932,-0.39453125,4.1796875,0.123046875,0.25041288075779344,24,1712135719440
932,-0.501953125,3.86328125,-0.9453125,-0.37561932113669017,47,1712135719440
932,-0.505859375,3.919921875,-0.87109375,-0.37561932113669017,85,1712135719440
932,-0.509765625,3.98828125,-0.720703125,-0.37561932113669017,80,1712135719440
932,-0.38671875,4.07421875,-0.498046875,-0.37561932113669017,39,1712135719440
932,-0.501953125,3.9609375,-0.3515625,-0.25041288075779344,38,1712135719440
932,-0.505859375,3.98828125,-0.455078125,-0.25041288075779344,95,1712135719440
932,-0.509765625,4.0234375,-0.484375,-0.25041288075779344,118,1712135719440
932,-0.38671875,4.0625,-0.583984375,-0.25041288075779344,91,1712135719440
932,-0.390625,4.09765625,-0.61328125,-0.25041288075779344,50,1712135719440
932,-0.501953125,3.953125,-0.43359375,-0.12520644037889672,15,1712135719440
932,-0.251953125,4.029296875,-0.28515625,-0.12520644037889672,48,1712135719440
932,-0.3828125,4.03125,-0.533203125,-0.12520644037889672,126,1712135719440
932,-0.38671875,4.06640625,-0.556640625,-0.12520644037889672,148,1712135719440
932,-0.390625,4.111328125,-0.515625,-0.12520644037889672,99,1712135719440
932,-0.39453125,4.15625,-0.447265625,-0.12520644037889672,51,1712135719440
933,0.0,4.044921875,-0.142578125,0.0,14,1712135719541
933,-0.255859375,4.076171875,0.044921875,0.0,27,1712135719541
933,-0.2578125,4.080078125,0.5390625,0.0,21,1712135719541
933,-0.390625,4.103515625,0.56640625,0.0,25,1712135719541
933,-0.26171875,4.185546875,0.19921875,0.0,24,1712135719541
933,-0.134765625,4.23828125,-0.796875,0.0,27,1712135719541
933,-0.13671875,4.3046875,-0.62890625,0.0,30,1712135719541
933,-0.255859375,3.994140625,-0.8203125,0.12520644037889672,25,1712135719541
933,-0.2578125,4.08984375,-0.455078125,0.12520644037889672,32,1712135719541
933,-0.259765625,4.150390625,-0.150390625,0.12520644037889672,23,1712135719541
933,-0.3828125,4.021484375,-0.603515625,0.25041288075779344,18,1712135719541
933,-0.375,3.98828125,-0.125,-0.37561932113669017,31,1712135719541
933,-0.37890625,3.994140625,-0.52734375,-0.37561932113669017,35,1712135719541
933,-0.3828125,4.005859375,-0.701171875,-0.37561932113669017,30,1712135719541
933,-0.251953125,3.9921875,-0.609375,-0.25041288075779344,61,1712135719541
933,-0.3828125,4.015625,-0.6484375,-0.25041288075779344,80,1712135719541
933,-0.2578125,4.076171875,-0.564453125,-0.25041288075779344,47,1712135719541
933,-0.251953125,4.00390625,-0.53515625,-0.12520644037889672,55,1712135719541
933,-0.255859375,4.05859375,-0.376953125,-0.12520644037889672,88,1712135719541
933,-0.12890625,4.12109375,-0.078125,-0.12520644037889672,69,1712135719541
933,-0.130859375,4.158203125,0.046875,-0.12520644037889672,51,1712135719541
933,-0.39453125,4.1796875,-0.0703125,-0.12520644037889672,39,1712135719541
933,0.0,4.236328125,-0.998046875,-0.12520644037889672,51,1712135719541
934,-0.49609375,3.9375,-0.138671875,0.0,17,1712135719641
934,-0.375,3.96484375,-0.455078125,0.0,45,1712135719641
934,-0.251953125,4.0078125,-0.498046875,0.0,77,1712135719641
934,-0.3828125,4.05078125,-0.3671875,0.0,61,1712135719641
934,-0.2578125,4.109375,0.19921875,0.0,59,1712135719641
934,-0.130859375,4.15625,0.1640625,0.0,47,1712135719641
934,-0.271484375,4.26171875,-0.837890625,0.0,19,1712135719641
934,-0.373046875,3.81640625,-1.025390625,-0.5008257615155869,51,1712135719641
934,-0.375,3.859375,-1.017578125,-0.5008257615155869,60,1712135719641
934,-0.251953125,3.927734375,-0.94140625,-0.5008257615155869,36,1712135719641
934,-0.369140625,3.826171875,-0.830078125,-0.37561932113669017,54,1712135719641
934,-0.373046875,3.876953125,-0.7734375,-0.37561932113669017,140,1712135719641
934,-0.25,3.93359375,-0.7265625,-0.37561932113669017,170,1712135719641
934,-0.37890625,3.955078125,-0.765625,-0.37561932113669017,104,1712135719641
934,-0.3828125,3.857421875,-1.287109375,-0.37561932113669017,34,1712135719641
934,-0.369140625,3.873046875,-0.568359375,-0.25041288075779344,40,1712135719641
934,-0.373046875,3.919921875,-0.50390625,-0.25041288075779344,113,1712135719641
934,-0.25,3.974609375,-0.455078125,-0.25041288075779344,152,1712135719641
934,-0.251953125,3.943359375,-0.87109375,-0.25041288075779344,151,1712135719641
934,-0.255859375,3.9140625,-1.138671875,-0.25041288075779344,95,1712135719641
934,0.0,4.115234375,-0.2578125,-0.25041288075779344,72,1712135719641
934,0.0,4.150390625,-0.291015625,-0.25041288075779344,55,1712135719641
934,-0.25,3.93359375,-0.734375,-0.12520644037889672,82,1712135719641
934,-0.251953125,3.96484375,-0.771484375,-0.12520644037889672,156,1712135719641
934,-0.255859375,4.021484375,-0.671875,-0.12520644037889672,124,1712135719641
934,-0.12890625,4.12109375,-0.044921875,-0.12520644037889672,111,1712135719641
934,-0.130859375,4.158203125,-0.041015625,-0.12520644037889672,84,1712135719641
934,-0.13671875,4.205078125,-1.111328125,-0.12520644037889672,34,1712135719641
935,-0.4921875,3.900390625,0.0,0.0,16,1712135719741
935,0.0,3.92578125,-0.806640625,0.0,29,1712135719741
935,-0.251953125,3.986328125,-0.650390625,0.0,53,1712135719741
935,-0.255859375,4.0390625,-0.546875,0.0,41,1712135719741
935,-0.123046875,3.76953125,-1.109375,-0.5008257615155869,55,1712135719741
935,-0.248046875,3.8125,-1.080078125,-0.5008257615155869,69,1712135719741
935,-0.25,3.87109375,-1.009765625,-0.5008257615155869,40,1712135719741
935,-0.244140625,3.775390625,-0.919921875,-0.37561932113669017,49,1712135719741
935,-0.123046875,3.841796875,-0.826171875,-0.37561932113669017,139,1712135719741
935,-0.248046875,3.875,-0.826171875,-0.37561932113669017,179,1712135719741
935,-0.25,3.91796875,-0.8046875,-0.37561932113669017,120,1712135719741
935,-0.126953125,3.97265625,-0.7578125,-0.37561932113669017,55,1712135719741
935,0.0,4.052734375,-0.517578125,-0.37561932113669017,36,1712135719741
935,-0.244140625,3.841796875,-0.5859375,-0.25041288075779344,38,1712135719741
935,-0.24609375,3.880859375,-0.576171875,-0.25041288075779344,103,1712135719741
935,-0.248046875,3.9140625,-0.6171875,-0.25041288075779344,146,1712135719741
935,-0.25,3.923828125,-0.78125,-0.25041288075779344,143,1712135719741
935,-0.126953125,3.94921875,-0.869140625,-0.25041288075779344,135,1712135719741
935,0.0,4.015625,-0.748046875,-0.25041288075779344,98,1712135719741
935,-0.12890625,4.072265625,-0.62890625,-0.25041288075779344,42,1712135719741
935,-0.125,3.890625,-0.78125,-0.12520644037889672,34,1712135719741
935,-0.125,3.91796875,-0.833984375,-0.12520644037889672,92,1712135719741
935,-0.126953125,3.96484375,-0.794921875,-0.12520644037889672,133,1712135719741
935,-0.126953125,4.013671875,-0.748046875,-0.12520644037889672,100,1712135719741
935,-0.2578125,4.0546875,-0.70703125,-0.12520644037889672,33,1712135719741
936,-0.24609375,3.91796875,-0.240234375,0.0,16,1712135719842
936,-0.248046875,3.93359375,-0.484375,0.0,24,1712135719842
936,-0.125,3.96484375,-0.572265625,0.0,41,1712135719842
936,-0.126953125,3.998046875,-0.61328125,0.0,43,1712135719842
936,-0.126953125,4.01953125,-0.71484375,0.0,24,1712135719842
936,0.0,4.021484375,-0.451171875,-0.5008257615155869,26,1712135719842
936,0.0,3.8046875,-0.623046875,-0.37561932113669017,21,1712135719842
936,-0.12109375,3.8203125,-0.74609375,-0.37561932113669017,61,1712135719842
936,-0.123046875,3.83203125,-0.87109375,-0.37561932113669017,80,1712135719842
936,0.0,3.8359375,-1.025390625,-0.37561932113669017,59,1712135719842
936,0.0,3.91796875,-0.84765625,-0.37561932113669017,51,1712135719842
936,0.0,3.99609375,-0.640625,-0.37561932113669017,58,1712135719842
936,0.0,4.046875,-0.55078125,-0.37561932113669017,40,1712135719842
936,-0.240234375,3.814453125,-0.505859375,-0.25041288075779344,27,1712135719842
936,-0.12109375,3.83984375,-0.638671875,-0.25041288075779344,82,1712135719842
936,-0.123046875,3.869140625,-0.6875,-0.25041288075779344,118,1712135719842
936,-0.125,3.8828125,-0.8203125,-0.25041288075779344,108,1712135719842
936,0.0,3.91015625,-0.880859375,-0.25041288075779344,97,1712135719842
936,0.0,3.96484375,-0.80859375,-0.25041288075779344,88,1712135719842
936,-0.126953125,4.013671875,-0.744140625,-0.25041288075779344,56,1712135719842
936,-0.244140625,3.845703125,-0.56640625,-0.12520644037889672,39,1712135719842
936,-0.24609375,3.884765625,-0.560546875,-0.12520644037889672,61,1712135719842
936,-0.125,3.916015625,-0.63671875,-0.12520644037889672,73,1712135719842
936,0.0,3.943359375,-0.72265625,-0.12520644037889672,90,1712135719842
936,-0.126953125,3.978515625,-0.7265625,-0.12520644037889672,92,1712135719842
936,-0.126953125,4.017578125,-0.732421875,-0.12520644037889672,55,1712135719842
937,0.0,3.880859375,-0.330078125,0.0,14,1712135719942
937,0.0,3.927734375,-0.177734375,0.0,9,1712135719942
937,0.0,3.7421875,-1.328125,0.0,11,1712135719942
937,0.0,3.94140625,-0.7265625,0.0,35,1712135719942
937,0.0,4.013671875,-0.51171875,0.0,40,1712135719942
937,0.0,4.0703125,-0.33984375,0.0,28,1712135719942
937,0.0,3.7421875,-0.9296875,-0.37561932113669017,42,1712135719942
937,0.0,3.78515625,-0.9140625,-0.37561932113669017,71,1712135719942
937,0.0,3.82421875,-0.912109375,-0.37561932113669017,54,1712135719942
937,0.0,3.962890625,-0.607421875,-0.37561932113669017,47,1712135719942
937,0.0,3.994140625,-0.65234375,-0.37561932113669017,60,1712135719942
937,0.0,4.025390625,-0.69140625,-0.37561932113669017,44,1712135719942
937,0.0,3.7734375,-0.578125,-0.25041288075779344,21,1712135719942
937,0.0,3.806640625,-0.6171875,-0.25041288075779344,80,1712135719942
937,0.0,3.837890625,-0.662109375,-0.25041288075779344,133,1712135719942
937,-0.123046875,3.875,-0.66015625,-0.25041288075779344,100,1712135719942
937,0.125,3.927734375,-0.5703125,-0.25041288075779344,36,1712135719942
937,0.0,3.96875,-0.568359375,-0.25041288075779344,101,1712135719942
937,0.0,4.015625,-0.5078125,-0.25041288075779344,131,1712135719942
937,0.0,4.0546875,-0.494140625,-0.25041288075779344,100,1712135719942
937,0.0,4.08984375,-0.517578125,-0.25041288075779344,43,1712135719942
937,0.0,3.833984375,-0.416015625,-0.12520644037889672,49,1712135719942
937,0.0,3.87109375,-0.4296875,-0.12520644037889672,78,1712135719942
937,-0.123046875,3.916015625,-0.34375,-0.12520644037889672,55,1712135719942
937,0.0,3.916015625,-0.658203125,-0.12520644037889672,33,1712135719942
937,0.0,3.962890625,-0.59765625,-0.12520644037889672,94,1712135719942
937,0.0,4.015625,-0.494140625,-0.12520644037889672,114,1712135719942
937,0.0,4.064453125,-0.3984375,-0.12520644037889672,85,1712135719942
938,0.0,3.791015625,-0.44140625,0.0,18,1712135720042
938,0.0,3.833984375,-0.4140625,0.0,42,1712135720042
938,0.0,3.875,-0.388671875,0.0,49,1712135720042
938,0.0,3.9296875,-0.1328125,0.0,44,1712135720042
938,0.0,3.953125,0.361328125,0.0,51,1712135720042
938,0.125,3.978515625,0.478515625,0.0,52,1712135720042
938,0.126953125,3.994140625,0.638671875,0.0,29,1712135720042
938,0.125,3.912109375,-0.666015625,-0.37561932113669017,20,1712135720042
938,0.0,3.974609375,-0.513671875,-0.37561932113669017,23,1712135720042
938,0.119140625,3.693359375,-0.955078125,-0.25041288075779344,18,1712135720042
938,0.0,3.740234375,-0.939453125,-0.25041288075779344,40,1712135720042
938,0.0,3.771484375,-0.97265625,-0.25041288075779344,50,1712135720042
938,0.123046875,3.876953125,-0.640625,-0.25041288075779344,59,1712135720042
938,0.0,3.9609375,-0.275390625,-0.25041288075779344,91,1712135720042
938,0.125,4.00390625,-0.1640625,-0.25041288075779344,99,1712135720042
938,0.126953125,4.04296875,-0.13671875,-0.25041288075779344,54,1712135720042
938,0.0,3.765625,-0.630859375,-0.12520644037889672,33,1712135720042
938,0.0,3.802734375,-0.634765625,-0.12520644037889672,79,1712135720042
938,0.0,3.841796875,-0.63671875,-0.12520644037889672,93,1712135720042
938,0.0,3.908203125,-0.427734375,-0.12520644037889672,86,1712135720042
938,0.125,3.96875,0.01953125,-0.12520644037889672,109,1712135720042
938,0.125,4.00390625,0.150390625,-0.12520644037889672,116,1712135720042
938,0.0,4.0390625,0.234375,-0.12520644037889672,62,1712135720042
939,0.125,3.921875,0.599609375,0.0,16,1712135720143
939,0.0,4.0234375,-0.7109375,0.0,14,1712135720143
939,0.248046875,3.962890625,0.015625,-0.25041288075779344,20,1712135720143
939,0.125,3.943359375,0.447265625,-0.12520644037889672,26,1712135720143
939,0.0,3.841796875,-1.271484375,-0.12520644037889672,20,1712135720143
939,0.0,3.9609375,-1.0,-0.12520644037889672,22,1712135720143
940,0.0,3.716796875,-0.87109375,0.0,17,1712135720243
940,0.12109375,3.759765625,-0.84765625,0.0,47,1712135720243
940,0.12109375,3.8046875,-0.818359375,0.0,63,1712135720243
940,0.123046875,3.880859375,-0.625,0.0,51,1712135720243
940,0.125,3.953125,-0.34375,0.0,39,1712135720243
940,0.125,3.984375,-0.421875,0.0,32,1712135720243
940,0.119140625,3.775390625,-0.556640625,0.12520644037889672,33,1712135720243
940,0.12109375,3.8046875,-0.611328125,0.12520644037889672,89,1712135720243
940,0.0,3.83984375,-0.65234375,0.12520644037889672,111,1712135720243
940,0.123046875,3.869140625,-0.685546875,0.12520644037889672,68,1712135720243
940,0.125,3.93359375,-0.52734375,0.12520644037889672,19,1712135720243
940,0.0,3.810546875,-0.22265625,0.25041288075779344,17,1712135720243
940,0.0,3.84375,-0.310546875,0.25041288075779344,46,1712135720243
940,0.0,3.876953125,-0.36328125,0.25041288075779344,57,1712135720243
940,0.0,3.9140625,-0.384765625,0.25041288075779344,35,1712135720243
940,0.248046875,3.908203125,-0.6484375,-0.25041288075779344,24,1712135720243
940,0.25,3.94140625,-0.6875,-0.25041288075779344,25,1712135720243
940,0.24609375,3.923828125,-0.087890625,-0.12520644037889672,30,1712135720243
940,0.125,3.953125,-0.349609375,-0.12520644037889672,49,1712135720243
940,0.25,3.966796875,-0.513671875,-0.12520644037889672,43,1712135720243
940,0.126953125,3.95703125,-0.833984375,-0.12520644037889672,20,1712135720243
940,-1.48828125,1.111328125,3.5078125,0.12520644037889672,10,1712135720243
941,0.0,3.802734375,-0.83984375,0.0,14,1712135720343
941,0.123046875,3.634765625,-1.49609375,0.0,12,1712135720343
941,0.248046875,3.9140625,-0.625,0.0,11,1712135720343
941,0.25,3.927734375,-0.763671875,0.0,34,1712135720343
941,0.251953125,3.966796875,-0.7578125,0.0,36,1712135720343
941,0.255859375,4.04296875,-0.5234375,0.0,22,1712135720343
941,0.12109375,3.65625,-1.3359375,0.12520644037889672,23,1712135720343
941,0.248046875,3.8828125,-0.787109375,0.12520644037889672,40,1712135720343
941,0.125,3.958984375,-0.615234375,0.12520644037889672,80,1712135720343
941,0.251953125,4.013671875,-0.4453125,0.12520644037889672,81,1712135720343
941,0.255859375,4.06640625,-0.298828125,0.12520644037889672,45,1712135720343
941,0.12109375,3.78515625,-0.720703125,0.25041288075779344,56,1712135720343
941,0.12109375,3.828125,-0.701171875,0.25041288075779344,94,1712135720343
941,0.123046875,3.873046875,-0.671875,0.25041288075779344,82,1712135720343
941,0.125,3.94140625,-0.45703125,0.25041288075779344,50,1712135720343
941,0.125,4.0,-0.21484375,0.25041288075779344,56,1712135720343
941,0.126953125,4.041015625,-0.150390625,0.25041288075779344,58,1712135720343
941,0.126953125,4.08203125,-0.09375,0.25041288075779344,36,1712135720343
941,0.0,3.83984375,-0.3515625,0.37561932113669017,49,1712135720343
941,0.0,3.875,-0.390625,0.37561932113669017,85,1712135720343
941,0.123046875,3.9140625,-0.365234375,0.37561932113669017,76,1712135720343
941,0.0,3.958984375,-0.2890625,0.37561932113669017,35,1712135720343
941,0.373046875,3.9453125,-0.236328125,-0.12520644037889672,34,1712135720343
941,0.25,3.994140625,-0.236328125,-0.12520644037889672,39,1712135720343
942,0.24609375,3.7890625,-1.021484375,0.0,22,1712135720443
942,0.248046875,3.814453125,-1.072265625,0.0,65,1712135720443
942,0.375,3.87109375,-0.97265625,0.0,93,1712135720443
942,0.251953125,3.951171875,-0.8359375,0.0,71,1712135720443
942,0.255859375,4.009765625,-0.736328125,0.0,30,1712135720443
942,0.244140625,3.732421875,-1.083984375,0.12520644037889672,23,1712135720443
942,0.24609375,3.791015625,-1.017578125,0.12520644037889672,35,1712135720443
942,0.248046875,3.87890625,-0.806640625,0.12520644037889672,100,1712135720443
942,0.25,3.921875,-0.7890625,0.12520644037889672,169,1712135720443
942,0.251953125,3.982421875,-0.67578125,0.12520644037889672,138,1712135720443
942,0.255859375,4.056640625,-0.408203125,0.12520644037889672,62,1712135720443
942,0.244140625,3.73828125,-1.060546875,0.25041288075779344,32,1712135720443
942,0.123046875,3.83984375,-0.8359375,0.25041288075779344,63,1712135720443
942,0.248046875,3.908203125,-0.654296875,0.25041288075779344,106,1712135720443
942,0.25,3.962890625,-0.548828125,0.25041288075779344,139,1712135720443
942,0.251953125,4.0234375,-0.35546875,0.25041288075779344,112,1712135720443
942,0.255859375,4.076171875,-0.0625,0.25041288075779344,50,1712135720443
942,0.12109375,3.841796875,-0.6171875,0.37561932113669017,48,1712135720443
942,0.123046875,3.875,-0.658203125,0.37561932113669017,119,1712135720443
942,0.125,3.912109375,-0.666015625,0.37561932113669017,134,1712135720443
942,0.125,3.970703125,-0.53125,0.37561932113669017,88,1712135720443
942,0.251953125,4.02734375,-0.294921875,0.37561932113669017,51,1712135720443
942,0.12109375,3.84765625,-0.583984375,0.5008257615155869,75,1712135720443
942,0.123046875,3.888671875,-0.576171875,0.5008257615155869,162,1712135720443
942,0.125,3.927734375,-0.5625,0.5008257615155869,161,1712135720443
942,0.125,3.97265625,-0.525390625,0.5008257615155869,79,1712135720443
942,0.251953125,4.03125,-0.240234375,0.5008257615155869,29,1712135720443
942,0.0,3.8671875,-0.44921875,0.6260322018944836,27,1712135720443
942,0.123046875,3.900390625,-0.48046875,0.6260322018944836,60,1712135720443
942,0.125,3.939453125,-0.4765625,0.6260322018944836,60,1712135720443
942,0.0,3.990234375,-0.388671875,0.6260322018944836,27,1712135720443
942,0.248046875,3.875,-0.83203125,-0.12520644037889672,27,1712135720443
942,0.375,3.912109375,-0.787109375,-0.12520644037889672,30,1712135720443
942,0.251953125,3.990234375,-0.625,-0.12520644037889672,20,1712135720443
943,0.24609375,3.9140625,-0.291015625,0.0,16,1712135720544
943,0.248046875,3.90234375,-0.685546875,0.0,46,1712135720544
943,0.375,3.888671875,-0.900390625,0.0,78,1712135720544
943,0.251953125,3.9296875,-0.93359375,0.0,77,1712135720544
943,0.3828125,3.982421875,-0.828125,0.0,51,1712135720544
943,0.2578125,4.060546875,-0.6640625,0.0,21,1712135720544
943,0.369140625,3.908203125,-0.21875,0.12520644037889672,33,1712135720544
943,0.373046875,3.92578125,-0.462890625,0.12520644037889672,90,1712135720544
943,0.375,3.9375,-0.65234375,0.12520644037889672,146,1712135720544
943,0.37890625,3.96484375,-0.716796875,0.12520644037889672,148,1712135720544
943,0.255859375,4.0234375,-0.65234375,0.12520644037889672,93,1712135720544
943,0.24609375,3.8984375,-0.453125,0.25041288075779344,27,1712135720544
943,0.248046875,3.9296875,-0.5078125,0.25041288075779344,76,1712135720544
943,0.375,3.951171875,-0.564453125,0.25041288075779344,132,1712135720544
943,0.251953125,4.0,-0.5546875,0.25041288075779344,146,1712135720544
943,0.255859375,4.044921875,-0.5078125,0.25041288075779344,95,1712135720544
943,0.2578125,4.1015625,-0.33203125,0.25041288075779344,30,1712135720544
943,0.123046875,3.775390625,-1.08984375,0.37561932113669017,50,1712135720544
943,0.125,3.861328125,-0.91796875,0.37561932113669017,112,1712135720544
943,0.125,3.9296875,-0.77734375,0.37561932113669017,122,1712135720544
943,0.126953125,3.998046875,-0.607421875,0.37561932113669017,85,1712135720544
943,0.255859375,4.0234375,-0.6640625,0.37561932113669017,55,1712135720544
943,0.123046875,3.814453125,-0.943359375,0.5008257615155869,64,1712135720544
943,0.125,3.892578125,-0.767578125,0.5008257615155869,130,1712135720544
943,0.125,3.95703125,-0.6328125,0.5008257615155869,120,1712135720544
943,0.126953125,4.015625,-0.486328125,0.5008257615155869,48,1712135720544
943,0.126953125,3.96875,-0.962890625,0.5008257615155869,32,1712135720544
943,0.123046875,3.86328125,-0.7265625,0.6260322018944836,25,1712135720544
943,0.125,3.923828125,-0.587890625,0.6260322018944836,47,1712135720544
943,0.125,3.984375,-0.423828125,0.6260322018944836,39,1712135720544
943,0.25,3.830078125,-1.15625,-0.12520644037889672,22,1712135720544
943,0.505859375,3.8515625,-1.1328125,-0.12520644037889672,30,1712135720544
943,0.3828125,3.95703125,-0.939453125,-0.12520644037889672,27,1712135720544
944,0.369140625,3.90625,-0.24609375,0.0,12,1712135720644
944,0.373046875,3.951171875,-0.130859375,0.0,30,1712135720644
944,0.25,3.998046875,-0.134765625,0.0,31,1712135720644
944,0.126953125,3.953125,-0.859375,0.0,26,1712135720644
944,0.126953125,3.8125,-1.4609375,0.0,20,1712135720644
944,0.24609375,3.923828125,0.03125,0.12520644037889672,21,1712135720644
944,0.373046875,3.935546875,0.375,0.12520644037889672,43,1712135720644
944,0.25,4.0,-0.060546875,0.12520644037889672,41,1712135720644
944,0.126953125,3.939453125,-0.916015625,0.12520644037889672,59,1712135720644
944,0.255859375,3.87890625,-1.255859375,0.12520644037889672,49,1712135720644
944,0.251953125,3.94921875,-0.849609375,0.25041288075779344,42,1712135720644
944,0.126953125,4.001953125,-0.810546875,0.25041288075779344,41,1712135720644
944,0.248046875,3.8046875,-1.107421875,0.5008257615155869,28,1712135720644
944,0.125,3.873046875,-1.0234375,0.5008257615155869,56,1712135720644
944,0.126953125,3.93359375,-0.9453125,0.5008257615155869,59,1712135720644
944,0.126953125,3.984375,-0.892578125,0.5008257615155869,29,1712135720644
944,0.125,3.796875,-1.154296875,0.6260322018944836,27,1712135720644
944,0.125,3.89453125,-0.943359375,0.6260322018944836,60,1712135720644
944,0.126953125,3.96875,-0.775390625,0.6260322018944836,70,1712135720644
944,0.126953125,4.03125,-0.650390625,0.6260322018944836,45,1712135720644
944,0.2578125,4.0,-0.96875,0.6260322018944836,27,1712135720644
944,0.794921875,4.01171875,-1.11328125,-0.37561932113669017,34,1712135720644
944,0.66796875,4.08984375,-1.052734375,-0.37561932113669017,52,1712135720644
944,0.673828125,4.14453125,-0.98828125,-0.37561932113669017,38,1712135720644
944,0.650390625,4.048828125,-0.70703125,-0.25041288075779344,22,1712135720644
944,0.662109375,4.09375,-0.875,-0.25041288075779344,29,1712135720644
944,0.53515625,4.177734375,-0.740234375,-0.25041288075779344,53,1712135720644
944,0.5390625,4.23046875,-0.646484375,-0.25041288075779344,42,1712135720644
944,0.51953125,4.111328125,-0.369140625,-0.12520644037889672,25,1712135720644
944,0.400390625,4.1484375,-0.951171875,-0.12520644037889672,22,1712135720644
945,0.373046875,3.935546875,-0.3671875,0.0,30,1712135720745
945,0.375,3.943359375,-0.61328125,0.0,52,1712135720745
945,0.37890625,3.947265625,-0.8046875,0.0,65,1712135720745
945,0.509765625,3.970703125,-0.81640625,0.0,68,1712135720745
945,0.38671875,4.03515625,-0.748046875,0.0,54,1712135720745
945,0.390625,4.078125,-0.73046875,0.0,32,1712135720745
945,0.49609375,3.9375,-0.12109375,0.12520644037889672,64,1712135720745
945,0.375,3.974609375,-0.365234375,0.12520644037889672,118,1712135720745
945,0.37890625,3.98828125,-0.568359375,0.12520644037889672,153,1712135720745
945,0.3828125,4.03125,-0.533203125,0.12520644037889672,153,1712135720745
945,0.38671875,4.078125,-0.46484375,0.12520644037889672,106,1712135720745
945,0.259765625,4.140625,-0.33203125,0.12520644037889672,42,1712135720745
945,0.248046875,3.962890625,-0.033203125,0.25041288075779344,50,1712135720745
945,0.25,3.994140625,-0.236328125,0.25041288075779344,106,1712135720745
945,0.251953125,4.0234375,-0.35546875,0.25041288075779344,129,1712135720745
945,0.255859375,4.064453125,-0.330078125,0.25041288075779344,113,1712135720745
945,0.38671875,4.09765625,-0.2265625,0.25041288075779344,77,1712135720745
945,0.259765625,4.125,-0.484375,0.25041288075779344,39,1712135720745
945,0.125,4.005859375,0.017578125,0.37561932113669017,31,1712135720745
945,0.251953125,4.03515625,-0.189453125,0.37561932113669017,40,1712135720745
945,0.255859375,4.009765625,-0.736328125,0.37561932113669017,54,1712135720745
945,0.12890625,4.05078125,-0.7578125,0.37561932113669017,56,1712135720745
945,0.259765625,4.037109375,-0.974609375,0.37561932113669017,40,1712135720745
945,0.126953125,3.990234375,-0.666015625,0.5008257615155869,36,1712135720745
945,0.126953125,4.025390625,-0.677734375,0.5008257615155869,56,1712135720745
945,0.2578125,4.064453125,-0.640625,0.5008257615155869,48,1712135720745
945,0.130859375,4.103515625,-0.677734375,0.5008257615155869,27,1712135720745
945,0.65625,3.990234375,-1.134765625,-0.5008257615155869,38,1712135720745
945,0.794921875,4.02734375,-1.052734375,-0.5008257615155869,54,1712135720745
945,0.66796875,4.09375,-1.0390625,-0.5008257615155869,38,1712135720745
945,0.65625,4.107421875,-0.583984375,-0.37561932113669017,22,1712135720745
945,0.662109375,4.146484375,-0.5625,-0.37561932113669017,33,1712135720745
945,0.53515625,4.19140625,-0.654296875,-0.37561932113669017,28,1712135720745
945,0.5390625,4.185546875,-0.890625,-0.25041288075779344,26,1712135720745
945,0.544921875,4.197265625,-1.017578125,-0.25041288075779344,24,1712135720745
945,0.505859375,3.869140625,-1.07421875,-0.12520644037889672,29,1712135720745
945,0.3828125,3.962890625,-0.9140625,-0.12520644037889672,24,1712135720745
945,0.650390625,4.015625,-0.880859375,-0.12520644037889672,24,1712135720745
946,0.49609375,3.9296875,-0.26953125,0.0,26,1712135720845
946,0.501953125,3.962890625,-0.34375,0.0,39,1712135720845
946,0.37890625,4.0078125,-0.41796875,0.0,28,1712135720845
946,0.3828125,4.03125,-0.53515625,0.0,16,1712135720845
946,0.38671875,4.083984375,-0.40625,0.0,23,1712135720845
946,0.259765625,4.11328125,-0.580078125,0.0,26,1712135720845
946,0.373046875,3.953125,0.041015625,0.12520644037889672,44,1712135720845
946,0.501953125,3.9765625,-0.01953125,0.12520644037889672,67,1712135720845
946,0.505859375,4.013671875,-0.1171875,0.12520644037889672,47,1712135720845
946,0.2578125,4.078125,-0.5546875,0.12520644037889672,26,1712135720845
946,0.259765625,4.09765625,-0.6796875,0.12520644037889672,41,1712135720845
946,0.501953125,3.970703125,0.228515625,0.25041288075779344,24,1712135720845
946,0.251953125,4.017578125,-0.40625,0.25041288075779344,33,1712135720845
946,0.255859375,4.07421875,-0.1484375,0.25041288075779344,29,1712135720845
946,0.251953125,4.025390625,-0.322265625,0.37561932113669017,37,1712135720845
946,0.126953125,4.044921875,-0.560546875,0.37561932113669017,41,1712135720845
946,0.12890625,3.994140625,-1.017578125,0.37561932113669017,30,1712135720845
946,0.126953125,4.01953125,-0.712890625,0.5008257615155869,26,1712135720845
946,0.12890625,4.048828125,-0.767578125,0.5008257615155869,24,1712135720845
946,0.51953125,3.90625,-1.3359375,-0.25041288075779344,18,1712135720845
946,0.65625,3.92578125,-1.337890625,-0.25041288075779344,25,1712135720845
946,0.662109375,3.9140625,-1.484375,-0.25041288075779344,21,1712135720845
947,0.501953125,3.9296875,-0.615234375,0.0,24,1712135720945
947,0.505859375,3.9296875,-0.828125,0.0,45,1712135720945
947,0.3828125,3.94921875,-0.970703125,0.0,56,1712135720945
947,0.38671875,3.93359375,-1.17578125,0.0,50,1712135720945
947,0.259765625,3.7890625,-1.701171875,0.0,36,1712135720945
947,0.26171875,3.884765625,-1.57421875,0.0,27,1712135720945
947,0.375,3.990234375,-0.068359375,0.12520644037889672,28,1712135720945
947,0.37890625,3.84375,-1.205078125,0.12520644037889672,42,1712135720945
947,0.3828125,3.83203125,-1.36328125,0.12520644037889672,40,1712135720945
947,0.2578125,3.83984375,-1.478515625,0.12520644037889672,26,1712135720945
947,0.375,3.98828125,-0.1484375,0.25041288075779344,27,1712135720945
947,0.37890625,4.015625,-0.322265625,0.25041288075779344,51,1712135720945
947,0.255859375,4.044921875,-0.501953125,0.25041288075779344,58,1712135720945
947,0.2578125,3.9765625,-1.056640625,0.25041288075779344,105,1712135720945
947,0.259765625,3.978515625,-1.193359375,0.25041288075779344,125,1712135720945
947,0.130859375,4.021484375,-1.19921875,0.25041288075779344,64,1712135720945
947,0.126953125,4.04296875,0.091796875,0.37561932113669017,19,1712135720945
947,0.126953125,4.048828125,-0.525390625,0.37561932113669017,39,1712135720945
947,0.2578125,4.0234375,-0.859375,0.37561932113669017,104,1712135720945
947,0.259765625,4.052734375,-0.90625,0.37561932113669017,126,1712135720945
947,0.130859375,4.11328125,-0.83984375,0.37561932113669017,71,1712135720945
947,0.2578125,4.04296875,-0.76953125,0.5008257615155869,31,1712135720945
947,0.259765625,4.09375,-0.69921875,0.5008257615155869,36,1712135720945
947,0.130859375,4.146484375,-0.65234375,0.5008257615155869,19,1712135720945
947,0.7734375,3.96484375,-0.828125,-0.37561932113669017,25,1712135720945
947,0.650390625,4.072265625,-0.55859375,-0.37561932113669017,33,1712135720945
947,0.65625,4.08203125,-0.73046875,-0.37561932113669017,33,1712135720945
947,0.529296875,4.0859375,-0.98828125,-0.37561932113669017,31,1712135720945
947,0.53515625,4.111328125,-1.044921875,-0.37561932113669017,18,1712135720945
947,0.505859375,3.833984375,-1.19140625,-0.25041288075779344,25,1712135720945
947,0.509765625,3.91015625,-1.0625,-0.25041288075779344,31,1712135720945
947,0.779296875,4.083984375,-0.181640625,-0.25041288075779344,25,1712135720945
947,0.65625,4.119140625,-0.490234375,-0.25041288075779344,27,1712135720945
947,0.529296875,4.140625,-0.734375,-0.25041288075779344,32,1712135720945
947,0.501953125,3.751953125,-1.318359375,-0.12520644037889672,23,1712135720945
947,0.505859375,3.861328125,-1.1015625,-0.12520644037889672,61,1712135720945
947,0.509765625,3.94921875,-0.91015625,-0.12520644037889672,82,1712135720945
947,0.515625,4.02734375,-0.71484375,-0.12520644037889672,59,1712135720945
947,0.390625,4.06640625,-0.787109375,-0.12520644037889672,25,1712135720945
948,0.501953125,3.873046875,-0.90625,0.0,61,1712135721046
948,0.37890625,3.92578125,-0.904296875,0.0,132,1712135721046
948,0.509765625,3.953125,-0.89453125,0.0,145,1712135721046
948,0.38671875,4.03125,-0.775390625,0.0,86,1712135721046
948,0.390625,4.115234375,-0.48046875,0.0,33,1712135721046
948,0.373046875,3.8984375,-0.654296875,0.12520644037889672,21,1712135721046
948,0.375,3.9375,-0.64453125,0.12520644037889672,119,1712135721046
948,0.37890625,3.970703125,-0.6875,0.12520644037889672,256,1712135721046
948,0.3828125,4.005859375,-0.70703125,0.12520644037889672,273,1712135721046
948,0.38671875,4.052734375,-0.654296875,0.12520644037889672,162,1712135721046
948,0.390625,4.111328125,-0.5078125,0.12520644037889672,67,1712135721046
948,0.375,3.9609375,-0.48828125,0.25041288075779344,69,1712135721046
948,0.37890625,3.99609375,-0.51171875,0.25041288075779344,156,1712135721046
948,0.3828125,4.03515625,-0.513671875,0.25041288075779344,180,1712135721046
948,0.38671875,4.078125,-0.462890625,0.25041288075779344,125,1712135721046
948,0.390625,4.125,-0.390625,0.25041288075779344,55,1712135721046
948,0.37890625,4.0,-0.474609375,0.37561932113669017,24,1712135721046
948,0.255859375,4.060546875,-0.357421875,0.37561932113669017,42,1712135721046
948,0.2578125,4.107421875,-0.244140625,0.37561932113669017,49,1712135721046
948,0.259765625,4.12890625,-0.451171875,0.37561932113669017,36,1712135721046
948,0.130859375,4.046875,-1.109375,0.37561932113669017,29,1712135721046
948,0.1328125,4.12109375,-0.978515625,0.37561932113669017,22,1712135721046
948,0.638671875,3.919921875,-0.958984375,-0.37561932113669017,33,1712135721046
948,0.64453125,3.9921875,-0.806640625,-0.37561932113669017,43,1712135721046
948,0.65625,4.009765625,-1.05859375,-0.37561932113669017,33,1712135721046
948,0.662109375,4.06640625,-0.9921875,-0.37561932113669017,32,1712135721046
948,0.638671875,3.943359375,-0.857421875,-0.25041288075779344,33,1712135721046
948,0.64453125,4.029296875,-0.583984375,-0.25041288075779344,50,1712135721046
948,0.51953125,4.08984375,-0.560546875,-0.25041288075779344,43,1712135721046
948,0.525390625,4.099609375,-0.73828125,-0.25041288075779344,33,1712135721046
948,0.396484375,4.15234375,-0.740234375,-0.25041288075779344,24,1712135721046
948,0.509765625,4.044921875,0.240234375,-0.12520644037889672,24,1712135721046
948,0.38671875,4.091796875,-0.337890625,-0.12520644037889672,39,1712135721046
948,0.390625,4.109375,-0.52734375,-0.12520644037889672,39,1712135721046
948,0.26171875,4.140625,-0.64453125,-0.12520644037889672,21,1712135721046
949,0.375,3.955078125,-0.53125,0.0,30,1712135721146
949,0.37890625,3.98046875,-0.619140625,0.0,73,1712135721146
949,0.3828125,4.0078125,-0.693359375,0.0,93,1712135721146
949,0.38671875,4.0390625,-0.734375,0.0,78,1712135721146
949,0.390625,4.064453125,-0.802734375,0.0,63,1712135721146
949,0.39453125,4.11328125,-0.74609375,0.0,43,1712135721146
949,0.375,3.9765625,-0.337890625,0.12520644037889672,63,1712135721146
949,0.37890625,4.0,-0.4765625,0.12520644037889672,132,1712135721146
949,0.3828125,4.025390625,-0.583984375,0.12520644037889672,152,1712135721146
949,0.38671875,4.037109375,-0.748046875,0.12520644037889672,105,1712135721146
949,0.390625,4.033203125,-0.943359375,0.12520644037889672,60,1712135721146
949,0.25,4.0,0.037109375,0.25041288075779344,31,1712135721146
949,0.37890625,4.0234375,-0.224609375,0.25041288075779344,70,1712135721146
949,0.3828125,4.0546875,-0.32421875,0.25041288075779344,83,1712135721146
949,0.38671875,4.05078125,-0.658203125,0.25041288075779344,64,1712135721146
949,0.390625,4.01953125,-1.00390625,0.25041288075779344,33,1712135721146
949,0.265625,4.162109375,-0.74609375,0.37561932113669017,27,1712135721146
949,0.267578125,4.166015625,-0.927734375,0.37561932113669017,26,1712135721146
949,0.64453125,3.96875,-0.912109375,-0.25041288075779344,30,1712135721146
949,0.650390625,3.94921875,-1.138671875,-0.25041288075779344,48,1712135721146
949,0.525390625,4.015625,-1.111328125,-0.25041288075779344,48,1712135721146
949,0.529296875,4.08203125,-1.0078125,-0.25041288075779344,31,1712135721146
949,0.638671875,4.02734375,-0.234375,-0.12520644037889672,26,1712135721146
949,0.64453125,4.03125,-0.580078125,-0.12520644037889672,51,1712135721146
949,0.51953125,4.048828125,-0.806640625,-0.12520644037889672,68,1712135721146
949,0.525390625,4.076171875,-0.861328125,-0.12520644037889672,59,1712135721146
949,0.529296875,4.12890625,-0.79296875,-0.12520644037889672,32,1712135721146
950,0.25,3.998046875,-0.1640625,0.0,27,1712135721247
950,0.37890625,3.990234375,-0.55859375,0.0,54,1712135721247
950,0.3828125,3.9765625,-0.853515625,0.0,80,1712135721247
950,0.515625,4.013671875,-0.79296875,0.0,85,1712135721247
950,0.51953125,4.07421875,-0.666015625,0.0,58,1712135721247
950,0.525390625,4.123046875,-0.595703125,0.0,29,1712135721247
950,0.37890625,3.986328125,-0.583984375,0.12520644037889672,64,1712135721247
950,0.509765625,4.00390625,-0.626953125,0.12520644037889672,127,1712135721247
950,0.515625,4.037109375,-0.65625,0.12520644037889672,119,1712135721247
950,0.51953125,4.0625,-0.734375,0.12520644037889672,54,1712135721247
950,0.37890625,4.0234375,-0.21484375,0.25041288075779344,30,1712135721247
950,0.3828125,4.0546875,-0.30859375,0.25041288075779344,61,1712135721247
950,0.515625,4.07421875,-0.373046875,0.25041288075779344,61,1712135721247
950,0.390625,4.111328125,-0.513671875,0.25041288075779344,37,1712135721247
950,0.130859375,4.158203125,-0.56640625,0.25041288075779344,30,1712135721247
950,0.1328125,4.16015625,-0.794921875,0.25041288075779344,29,1712135721247
950,0.130859375,4.16015625,-0.5625,0.37561932113669017,18,1712135721247
950,0.265625,4.1796875,-0.650390625,0.37561932113669017,22,1712135721247
950,0.515625,3.958984375,-1.03125,-0.25041288075779344,26,1712135721247
950,0.51953125,3.986328125,-1.0703125,-0.25041288075779344,39,1712135721247
950,0.525390625,4.052734375,-0.966796875,-0.25041288075779344,32,1712135721247
950,0.375,3.984375,-0.2109375,-0.12520644037889672,34,1712135721247
950,0.251953125,4.02734375,-0.3125,-0.12520644037889672,41,1712135721247
950,0.3828125,4.021484375,-0.603515625,-0.12520644037889672,37,1712135721247
950,0.515625,4.0078125,-0.818359375,-0.12520644037889672,54,1712135721247
950,0.51953125,4.044921875,-0.830078125,-0.12520644037889672,74,1712135721247
950,0.525390625,4.083984375,-0.8203125,-0.12520644037889672,56,1712135721247
951,0.25,4.0,0.06640625,0.0,18,1712135721347
951,0.251953125,4.037109375,-0.080078125,0.0,21,1712135721347
951,0.3828125,4.0546875,-0.30859375,0.0,18,1712135721347
951,0.64453125,4.05078125,-0.4140625,0.0,33,1712135721347
951,0.51953125,4.115234375,-0.32421875,0.0,31,1712135721347
951,0.130859375,4.109375,-0.849609375,0.12520644037889672,45,1712135721347
951,0.265625,4.1484375,-0.818359375,0.12520644037889672,71,1712135721347
951,0.267578125,4.173828125,-0.890625,0.12520644037889672,68,1712135721347
951,0.26953125,4.201171875,-0.943359375,0.12520644037889672,41,1712135721347
951,0.130859375,4.16796875,-0.50390625,0.25041288075779344,37,1712135721347
951,0.265625,4.171875,-0.697265625,0.25041288075779344,74,1712135721347
951,0.1328125,4.19921875,-0.7890625,0.25041288075779344,87,1712135721347
951,0.26953125,4.24609375,-0.7109375,0.25041288075779344,63,1712135721347
951,0.13671875,4.318359375,-0.529296875,0.25041288075779344,26,1712135721347
951,0.1328125,4.154296875,-0.8203125,0.37561932113669017,28,1712135721347
951,0.1328125,4.2265625,-0.6328125,0.37561932113669017,40,1712135721347
951,0.134765625,4.28515625,-0.478515625,0.37561932113669017,33,1712135721347
951,0.3828125,3.947265625,-0.98046875,-0.37561932113669017,22,1712135721347
951,0.515625,3.947265625,-1.072265625,-0.37561932113669017,25,1712135721347
951,0.375,3.9765625,-0.341796875,-0.25041288075779344,26,1712135721347
951,0.37890625,3.978515625,-0.63671875,-0.25041288075779344,30,1712135721347
951,0.509765625,3.904296875,-1.087890625,-0.25041288075779344,26,1712135721347
951,0.64453125,3.984375,-0.845703125,-0.25041288075779344,45,1712135721347
951,0.51953125,4.033203125,-0.87890625,-0.25041288075779344,49,1712135721347
951,0.525390625,4.056640625,-0.951171875,-0.25041288075779344,29,1712135721347
951,0.25,3.990234375,-0.291015625,-0.12520644037889672,37,1712135721347
951,0.37890625,3.99609375,-0.513671875,-0.12520644037889672,47,1712135721347
951,0.509765625,3.966796875,-0.828125,-0.12520644037889672,44,1712135721347
951,0.64453125,4.03125,-0.572265625,-0.12520644037889672,69,1712135721347
951,0.51953125,4.083984375,-0.599609375,-0.12520644037889672,74,1712135721347
951,0.525390625,4.126953125,-0.5703125,-0.12520644037889672,43,1712135721347
952,0.375,3.98046875,-0.296875,0.0,28,1712135721447
952,0.37890625,3.982421875,-0.60546875,0.0,45,1712135721447
952,0.3828125,4.03125,-0.53515625,0.0,66,1712135721447
952,0.38671875,4.09375,-0.306640625,0.0,59,1712135721447
952,0.390625,4.142578125,0.0703125,0.0,28,1712135721447
952,0.267578125,4.111328125,-1.14453125,0.12520644037889672,38,1712135721447
952,0.26953125,4.193359375,-0.97265625,0.12520644037889672,38,1712135721447
952,0.267578125,4.181640625,-0.853515625,0.25041288075779344,26,1712135721447
952,0.26953125,4.236328125,-0.765625,0.25041288075779344,27,1712135721447
952,0.501953125,3.87890625,-0.87890625,-0.37561932113669017,22,1712135721447
952,0.505859375,3.9375,-0.783203125,-0.37561932113669017,28,1712135721447
952,0.509765625,3.94140625,-0.9453125,-0.37561932113669017,31,1712135721447
952,0.64453125,3.9453125,-1.009765625,-0.37561932113669017,32,1712135721447
952,0.373046875,3.931640625,-0.41015625,-0.25041288075779344,41,1712135721447
952,0.375,3.96875,-0.427734375,-0.25041288075779344,77,1712135721447
952,0.505859375,3.984375,-0.5,-0.25041288075779344,98,1712135721447
952,0.509765625,3.9765625,-0.77734375,-0.25041288075779344,118,1712135721447
952,0.515625,4.00390625,-0.837890625,-0.25041288075779344,111,1712135721447
952,0.51953125,4.0703125,-0.6953125,-0.25041288075779344,63,1712135721447
952,0.373046875,3.947265625,-0.203125,-0.12520644037889672,38,1712135721447
952,0.375,3.978515625,-0.3046875,-0.12520644037889672,74,1712135721447
952,0.505859375,3.984375,-0.48828125,-0.12520644037889672,108,1712135721447
952,0.509765625,3.994140625,-0.69140625,-0.12520644037889672,144,1712135721447
952,0.38671875,4.064453125,-0.580078125,-0.12520644037889672,128,1712135721447
952,0.390625,4.134765625,-0.263671875,-0.12520644037889672,64,1712135721447
953,0.251953125,4.037109375,0.091796875,0.0,19,1712135721547
953,0.1328125,4.203125,-0.77734375,0.0,22,1712135721547
953,0.134765625,4.244140625,-0.765625,0.0,23,1712135721547
953,0.501953125,3.708984375,-1.43359375,-0.5008257615155869,26,1712135721547
953,0.505859375,3.82421875,-1.224609375,-0.5008257615155869,64,1712135721547
953,0.509765625,3.873046875,-1.1953125,-0.5008257615155869,77,1712135721547
953,0.515625,3.912109375,-1.197265625,-0.5008257615155869,54,1712135721547
953,0.373046875,3.9453125,-0.2578125,-0.37561932113669017,53,1712135721547
953,0.501953125,3.8828125,-0.861328125,-0.37561932113669017,105,1712135721547
953,0.37890625,3.90234375,-1.0,-0.37561932113669017,162,1712135721547
953,0.509765625,3.94140625,-0.939453125,-0.37561932113669017,162,1712135721547
953,0.38671875,4.033203125,-0.765625,-0.37561932113669017,107,1712135721547
953,0.390625,4.0859375,-0.685546875,-0.37561932113669017,57,1712135721547
953,0.373046875,3.951171875,-0.08984375,-0.25041288075779344,57,1712135721547
953,0.501953125,3.94921875,-0.4765625,-0.25041288075779344,113,1712135721547
953,0.505859375,3.955078125,-0.69140625,-0.25041288075779344,141,1712135721547
953,0.509765625,3.984375,-0.740234375,-0.25041288075779344,100,1712135721547
953,0.38671875,4.0859375,-0.392578125,-0.25041288075779344,66,1712135721547
953,0.390625,4.130859375,-0.30859375,-0.25041288075779344,55,1712135721547
953,0.375,3.986328125,-0.185546875,-0.12520644037889672,26,1712135721547
953,0.37890625,4.015625,-0.318359375,-0.12520644037889672,25,1712135721547
953,0.267578125,4.115234375,-1.126953125,-0.12520644037889672,38,1712135721547
953,0.26953125,4.1953125,-0.970703125,-0.12520644037889672,45,1712135721547
954,0.248046875,3.962890625,0.0546875,0.0,12,1712135721648
954,0.375,3.98828125,0.150390625,0.0,16,1712135721648
954,0.251953125,4.0390625,-0.015625,0.0,14,1712135721648
954,0.49609375,3.7109375,-1.322265625,-0.7512386422733803,24,1712135721648
954,0.501953125,3.736328125,-1.365234375,-0.7512386422733803,33,1712135721648
954,0.505859375,3.83203125,-1.197265625,-0.7512386422733803,32,1712135721648
954,0.509765625,3.91015625,-1.0625,-0.7512386422733803,23,1712135721648
954,0.373046875,3.740234375,-1.27734375,-0.6260322018944836,40,1712135721648
954,0.375,3.794921875,-1.236328125,-0.6260322018944836,62,1712135721648
954,0.37890625,3.8984375,-1.017578125,-0.6260322018944836,57,1712135721648
954,0.509765625,3.986328125,-0.728515625,-0.6260322018944836,46,1712135721648
954,0.244140625,3.88671875,-0.048828125,-0.5008257615155869,18,1712135721648
954,0.123046875,3.9296875,-0.021484375,-0.5008257615155869,25,1712135721648
954,0.9921875,1.9921875,3.287109375,-0.5008257615155869,21,1712135721648
954,0.876953125,2.271484375,-3.185546875,-0.5008257615155869,37,1712135721648
954,0.884765625,2.365234375,-3.162109375,-0.5008257615155869,27,1712135721648
954,0.267578125,4.076171875,-1.265625,-0.5008257615155869,35,1712135721648
954,0.24609375,3.916015625,0.25390625,-0.37561932113669017,27,1712135721648
954,0.49609375,3.939453125,-0.01171875,-0.37561932113669017,46,1712135721648
954,0.626953125,3.87109375,-0.833984375,-0.37561932113669017,74,1712135721648
954,0.6328125,3.880859375,-0.958984375,-0.37561932113669017,72,1712135721648
954,0.509765625,3.9140625,-1.048828125,-0.37561932113669017,46,1712135721648
954,0.265625,4.107421875,-1.005859375,-0.37561932113669017,40,1712135721648
954,0.267578125,4.15234375,-0.984375,-0.37561932113669017,58,1712135721648
954,0.26953125,4.197265625,-0.962890625,-0.37561932113669017,44,1712135721648
954,0.49609375,3.83203125,-0.91015625,-0.25041288075779344,21,1712135721648
954,0.501953125,3.884765625,-0.853515625,-0.25041288075779344,32,1712135721648
954,0.505859375,3.94140625,-0.763671875,-0.25041288075779344,31,1712135721648
954,0.509765625,3.978515625,-0.7734375,-0.25041288075779344,19,1712135721648
954,0.1328125,4.19140625,-0.83203125,-0.25041288075779344,33,1712135721648
954,0.26953125,4.193359375,-0.974609375,-0.25041288075779344,26,1712135721648
954,-0.248046875,3.9609375,0.083984375,-0.5008257615155869,18,1712135721648
954,-0.501953125,3.90625,0.75,-0.5008257615155869,19,1712135721648
954,-0.6328125,3.83984375,1.107421875,-0.5008257615155869,16,1712135721648
955,0.0,4.197265625,0.103515625,0.0,17,1712135721748
955,0.0,4.224609375,0.337890625,0.0,21,1712135721748
955,0.0,4.2421875,0.53515625,0.0,14,1712135721748
955,0.486328125,3.65625,-1.248046875,-0.7512386422733803,38,1712135721748
955,0.4921875,3.755859375,-1.056640625,-0.7512386422733803,104,1712135721748
955,0.49609375,3.80859375,-1.00390625,-0.7512386422733803,105,1712135721748
955,0.501953125,3.896484375,-0.796875,-0.7512386422733803,61,1712135721748
955,0.505859375,3.939453125,-0.77734375,-0.7512386422733803,52,1712135721748
955,0.39453125,3.919921875,-1.453125,-0.7512386422733803,42,1712135721748
955,0.396484375,4.001953125,-1.33203125,-0.7512386422733803,53,1712135721748
955,0.267578125,4.087890625,-1.224609375,-0.7512386422733803,33,1712135721748
955,0.240234375,3.84765625,-0.07421875,-0.6260322018944836,22,1712135721748
955,0.609375,3.705078125,-1.029296875,-0.6260322018944836,53,1712135721748
955,0.4921875,3.818359375,-0.794921875,-0.6260322018944836,152,1712135721748
955,0.373046875,3.884765625,-0.728515625,-0.6260322018944836,154,1712135721748
955,0.501953125,3.939453125,-0.544921875,-0.6260322018944836,106,1712135721748
955,0.6328125,3.94140625,-0.6640625,-0.6260322018944836,110,1712135721748
955,0.509765625,3.966796875,-0.828125,-0.6260322018944836,71,1712135721748
955,0.26171875,4.013671875,-1.208984375,-0.6260322018944836,172,1712135721748
955,0.265625,4.083984375,-1.1015625,-0.6260322018944836,217,1712135721748
955,0.267578125,4.1484375,-1.0,-0.6260322018944836,143,1712135721748
955,0.609375,3.76171875,-0.802734375,-0.5008257615155869,23,1712135721748
955,0.4921875,3.86328125,-0.54296875,-0.5008257615155869,66,1712135721748
955,0.373046875,3.923828125,-0.474609375,-0.5008257615155869,64,1712135721748
955,0.501953125,3.955078125,-0.41015625,-0.5008257615155869,59,1712135721748
955,0.505859375,3.9765625,-0.546875,-0.5008257615155869,73,1712135721748
955,0.509765625,3.9921875,-0.697265625,-0.5008257615155869,49,1712135721748
955,0.259765625,3.99609375,-1.12890625,-0.5008257615155869,75,1712135721748
955,0.26171875,4.080078125,-0.962890625,-0.5008257615155869,176,1712135721748
955,0.265625,4.146484375,-0.830078125,-0.5008257615155869,226,1712135721748
955,0.267578125,4.205078125,-0.724609375,-0.5008257615155869,147,1712135721748
955,0.26171875,4.134765625,-0.685546875,-0.37561932113669017,46,1712135721748
955,0.1328125,4.20703125,-0.484375,-0.37561932113669017,58,1712135721748
955,0.1328125,4.263671875,-0.291015625,-0.37561932113669017,40,1712135721748
956,0.12109375,3.884765625,0.244140625,0.0,12,1712135721848
956,0.595703125,3.671875,-0.861328125,-1.0016515230311738,29,1712135721848
956,0.6015625,3.615234375,-1.201171875,-1.0016515230311738,80,1712135721848
956,0.609375,3.65234375,-1.208984375,-1.0016515230311738,129,1712135721848
956,0.615234375,3.70703125,-1.158203125,-1.0016515230311738,123,1712135721848
956,0.62109375,3.775390625,-1.0625,-1.0016515230311738,76,1712135721848
956,0.501953125,3.865234375,-0.93359375,-1.0016515230311738,31,1712135721848
956,0.353515625,3.755859375,-0.236328125,-0.876445082652277,38,1712135721848
956,0.4765625,3.7734375,-0.318359375,-0.876445082652277,103,1712135721848
956,0.482421875,3.720703125,-0.890625,-0.876445082652277,207,1712135721848
956,0.486328125,3.734375,-0.9921875,-0.876445082652277,301,1712135721848
956,0.4921875,3.791015625,-0.923828125,-0.876445082652277,262,1712135721848
956,0.49609375,3.857421875,-0.796875,-0.876445082652277,142,1712135721848
956,0.501953125,3.919921875,-0.669921875,-0.876445082652277,42,1712135721848
956,0.353515625,3.76171875,0.044921875,-0.7512386422733803,55,1712135721848
956,0.357421875,3.80078125,0.080078125,-0.7512386422733803,109,1712135721848
956,0.482421875,3.8046875,-0.390625,-0.7512386422733803,163,1712135721848
956,0.486328125,3.78125,-0.794921875,-0.7512386422733803,217,1712135721848
956,0.369140625,3.85546875,-0.67578125,-0.7512386422733803,189,1712135721848
956,0.373046875,3.916015625,-0.544921875,-0.7512386422733803,103,1712135721848
956,0.236328125,3.751953125,0.39453125,-0.6260322018944836,22,1712135721848
956,0.119140625,3.76953125,0.591796875,-0.6260322018944836,31,1712135721848
956,0.361328125,3.09765625,2.267578125,-0.6260322018944836,23,1712135721848
956,0.486328125,3.673828125,-1.193359375,-0.6260322018944836,38,1712135721848
956,0.369140625,3.841796875,-0.748046875,-0.6260322018944836,38,1712135721848
956,-0.876953125,2.6796875,2.849609375,-1.0016515230311738,17,1712135721848
956,-0.876953125,2.45703125,3.04296875,-0.876445082652277,22,1712135721848
957,0.357421875,3.697265625,0.880859375,0.0,17,1712135721949
957,0.236328125,2.65625,2.677734375,0.7512386422733803,27,1712135721949
957,0.119140625,2.603515625,2.7890625,0.7512386422733803,25,1712135721949
957,0.236328125,2.546875,2.78125,0.876445082652277,43,1712135721949
957,0.23828125,2.595703125,2.7890625,0.876445082652277,48,1712135721949
957,0.12109375,2.62109375,2.826171875,0.876445082652277,28,1712135721949
957,-0.251953125,2.935546875,2.7734375,0.876445082652277,26,1712135721949
957,-0.3828125,2.767578125,2.98046875,0.876445082652277,28,1712135721949
957,0.4765625,3.70703125,-0.7734375,-1.0016515230311738,45,1712135721949
957,0.6015625,3.75390625,-0.64453125,-1.0016515230311738,74,1712135721949
957,0.609375,3.78515625,-0.685546875,-1.0016515230311738,67,1712135721949
957,0.4921875,3.8515625,-0.626953125,-1.0016515230311738,33,1712135721949
957,0.126953125,3.947265625,-0.8828125,-1.0016515230311738,22,1712135721949
957,0.34765625,3.66796875,-0.365234375,-0.876445082652277,27,1712135721949
957,0.466796875,3.6171875,-0.833984375,-0.876445082652277,70,1712135721949
957,0.47265625,3.634765625,-0.91796875,-0.876445082652277,157,1712135721949
957,0.595703125,3.677734375,-0.833984375,-0.876445082652277,217,1712135721949
957,0.482421875,3.7734375,-0.625,-0.876445082652277,181,1712135721949
957,0.486328125,3.845703125,-0.369140625,-0.876445082652277,95,1712135721949
957,0.4921875,3.890625,-0.298828125,-0.876445082652277,44,1712135721949
957,0.34765625,3.685546875,-0.12109375,-0.7512386422733803,23,1712135721949
957,0.466796875,3.66796875,-0.568359375,-0.7512386422733803,70,1712135721949
957,0.47265625,3.69140625,-0.654296875,-0.7512386422733803,162,1712135721949
957,0.4765625,3.7421875,-0.58984375,-0.7512386422733803,201,1712135721949
957,0.482421875,3.798828125,-0.45703125,-0.7512386422733803,134,1712135721949
957,0.365234375,3.876953125,-0.076171875,-0.7512386422733803,41,1712135721949
957,0.47265625,3.734375,-0.33203125,-0.6260322018944836,29,1712135721949
957,0.357421875,3.80078125,-0.0703125,-0.6260322018944836,28,1712135721949
957,1.654296875,3.201171875,-1.142578125,0.7512386422733803,15,1712135721949
957,1.55078125,3.2890625,-1.162109375,0.7512386422733803,13,1712135721949
957,1.27734375,3.81640625,-0.69921875,0.876445082652277,15,1712135721949
957,-1.216796875,1.37109375,3.435546875,-0.7512386422733803,22,1712135721949
958,-0.23828125,2.70703125,2.681640625,0.876445082652277,27,1712135722050
958,-0.240234375,2.728515625,2.71484375,0.876445082652277,23,1712135722050
958,0.6875,3.484375,-0.90234375,-1.0016515230311738,26,1712135722050
958,0.810546875,3.494140625,-0.921875,-1.0016515230311738,60,1712135722050
958,0.701171875,3.568359375,-0.875,-1.0016515230311738,58,1712135722050
958,0.708984375,3.65234375,-0.66796875,-1.0016515230311738,21,1712135722050
958,0.357421875,3.6640625,-1.0078125,-1.0016515230311738,37,1712135722050
958,0.240234375,3.72265625,-0.97265625,-1.0016515230311738,31,1712135722050
958,0.373046875,3.8046875,-1.076171875,-1.0016515230311738,24,1712135722050
958,0.33984375,3.60546875,-0.2109375,-0.876445082652277,21,1712135722050
958,0.810546875,3.48046875,-0.974609375,-0.876445082652277,59,1712135722050
958,0.701171875,3.587890625,-0.79296875,-0.876445082652277,90,1712135722050
958,0.708984375,3.67578125,-0.5234375,-0.876445082652277,47,1712135722050
958,0.23828125,3.728515625,-0.78515625,-0.876445082652277,25,1712135722050
958,0.373046875,3.83203125,-0.97265625,-0.876445082652277,28,1712135722050
958,0.453125,3.59765625,0.03125,-0.7512386422733803,38,1712135722050
958,0.34375,3.642578125,0.220703125,-0.7512386422733803,52,1712135722050
958,0.810546875,3.33984375,-1.380859375,-0.7512386422733803,37,1712135722050
958,0.701171875,3.4375,-1.298828125,-0.7512386422733803,89,1712135722050
958,0.58984375,3.36328125,-1.6171875,-0.7512386422733803,61,1712135722050
958,0.357421875,3.669921875,-0.986328125,-0.7512386422733803,54,1712135722050
958,0.482421875,3.70703125,-0.947265625,-0.7512386422733803,63,1712135722050
958,0.365234375,3.791015625,-0.81640625,-0.7512386422733803,41,1712135722050
958,0.34375,3.640625,0.24609375,-0.6260322018944836,22,1712135722050
958,0.578125,3.55859375,-0.84375,-0.6260322018944836,62,1712135722050
958,0.583984375,3.59765625,-0.841796875,-0.6260322018944836,119,1712135722050
958,0.47265625,3.658203125,-0.822265625,-0.6260322018944836,115,1712135722050
958,0.4765625,3.70703125,-0.77734375,-0.6260322018944836,77,1712135722050
958,0.361328125,3.79296875,-0.587890625,-0.6260322018944836,49,1712135722050
958,0.462890625,3.640625,-0.4921875,-0.5008257615155869,37,1712135722050
958,0.466796875,3.6796875,-0.486328125,-0.5008257615155869,69,1712135722050
958,0.47265625,3.705078125,-0.58203125,-0.5008257615155869,71,1712135722050
958,0.4765625,3.728515625,-0.6640625,-0.5008257615155869,47,1712135722050
958,0.47265625,3.681640625,-0.70703125,-0.37561932113669017,23,1712135722050
958,1.193359375,3.4921875,-0.978515625,0.876445082652277,14,1712135722050
958,1.205078125,3.525390625,-0.99609375,0.876445082652277,12,1712135722050
958,-0.708984375,0.791015625,3.626953125,-1.0016515230311738,13,1712135722050
958,-0.462890625,3.3359375,1.541015625,-0.7512386422733803,21,1712135722050
958,-0.826171875,3.080078125,2.02734375,-0.7512386422733803,31,1712135722050
959,0.453125,3.5625,0.50390625,0.0,14,1712135722150
959,0.458984375,3.603515625,0.48046875,0.0,16,1712135722150
959,0.462890625,3.6328125,0.546875,0.0,11,1712135722150
959,0.453125,3.50390625,-0.814453125,-0.876445082652277,28,1712135722150
959,0.572265625,3.482421875,-0.990234375,-0.876445082652277,38,1712135722150
959,0.693359375,3.462890625,-1.111328125,-0.876445082652277,38,1712135722150
959,0.701171875,3.515625,-1.06640625,-0.876445082652277,29,1712135722150
959,0.357421875,3.625,-1.140625,-0.876445082652277,21,1712135722150
959,0.5546875,3.5,-0.20703125,-0.7512386422733803,24,1712135722150
959,0.560546875,3.4921875,-0.611328125,-0.7512386422733803,70,1712135722150
959,0.56640625,3.5,-0.76171875,-0.7512386422733803,156,1712135722150
959,0.572265625,3.529296875,-0.80078125,-0.7512386422733803,173,1712135722150
959,0.578125,3.59765625,-0.66015625,-0.7512386422733803,112,1712135722150
959,0.583984375,3.654296875,-0.55078125,-0.7512386422733803,76,1712135722150
959,0.58984375,3.677734375,-0.638671875,-0.7512386422733803,65,1712135722150
959,0.4765625,3.697265625,-0.82421875,-0.7512386422733803,46,1712135722150
959,0.33203125,3.53515625,0.005859375,-0.6260322018944836,25,1712135722150
959,0.44921875,3.53515625,-0.423828125,-0.6260322018944836,80,1712135722150
959,0.56640625,3.53125,-0.59765625,-0.6260322018944836,179,1712135722150
959,0.572265625,3.55859375,-0.662109375,-0.6260322018944836,188,1712135722150
959,0.462890625,3.552734375,-0.939453125,-0.6260322018944836,87,1712135722150
959,0.353515625,3.759765625,0.12890625,-0.6260322018944836,46,1712135722150
959,0.357421875,3.7734375,-0.451171875,-0.6260322018944836,51,1712135722150
959,0.44921875,3.55078125,-0.259765625,-0.5008257615155869,25,1712135722150
959,0.56640625,3.544921875,-0.51171875,-0.5008257615155869,56,1712135722150
959,0.6875,3.501953125,-0.837890625,-0.5008257615155869,76,1712135722150
959,0.578125,3.544921875,-0.900390625,-0.5008257615155869,121,1712135722150
959,0.583984375,3.56640625,-0.966796875,-0.5008257615155869,108,1712135722150
959,0.58984375,3.474609375,-1.36328125,-0.5008257615155869,32,1712135722150
959,0.572265625,3.591796875,-0.447265625,-0.37561932113669017,36,1712135722150
959,0.578125,3.61328125,-0.57421875,-0.37561932113669017,71,1712135722150
959,0.466796875,3.65234375,-0.666015625,-0.37561932113669017,69,1712135722150
959,0.47265625,3.662109375,-0.802734375,-0.37561932113669017,32,1712135722150
959,-0.92578125,2.12109375,2.890625,-0.6260322018944836,45,1712135722150
959,-2.953125,2.037109375,-1.189453125,-0.5008257615155869,17,1712135722150
960,0.548828125,3.4453125,-0.40625,-0.7512386422733803,58,1712135722250
960,0.5546875,3.46484375,-0.54296875,-0.7512386422733803,114,1712135722250
960,0.560546875,3.47265625,-0.708984375,-0.7512386422733803,101,1712135722250
960,0.458984375,3.63671875,-0.033203125,-0.7512386422733803,53,1712135722250
960,0.34765625,3.671875,-0.322265625,-0.7512386422733803,54,1712135722250
960,0.3515625,3.619140625,-0.880859375,-0.7512386422733803,47,1712135722250
960,0.47265625,3.619140625,-0.978515625,-0.7512386422733803,28,1712135722250
960,0.43359375,3.447265625,0.03125,-0.6260322018944836,29,1712135722250
960,0.548828125,3.46484375,-0.1640625,-0.6260322018944836,102,1712135722250
960,0.5546875,3.49609375,-0.271484375,-0.6260322018944836,171,1712135722250
960,0.560546875,3.517578125,-0.4296875,-0.6260322018944836,139,1712135722250
960,0.90625,3.14453125,-1.5625,-0.6260322018944836,23,1712135722250
960,0.34375,3.646484375,0.1328125,-0.6260322018944836,71,1712135722250
960,0.462890625,3.658203125,-0.349609375,-0.6260322018944836,94,1712135722250
960,0.466796875,3.638671875,-0.732421875,-0.6260322018944836,94,1712135722250
960,0.353515625,3.65234375,-0.900390625,-0.6260322018944836,56,1712135722250
960,0.439453125,3.482421875,0.119140625,-0.5008257615155869,57,1712135722250
960,0.443359375,3.521484375,0.044921875,-0.5008257615155869,82,1712135722250
960,0.44921875,3.560546875,-0.05859375,-0.5008257615155869,58,1712135722250
960,0.34765625,3.673828125,-0.30859375,-0.5008257615155869,53,1712135722250
960,0.3515625,3.67578125,-0.603515625,-0.5008257615155869,62,1712135722250
960,0.353515625,3.666015625,-0.845703125,-0.5008257615155869,42,1712135722250
960,-1.01953125,1.791015625,2.984375,-0.6260322018944836,23,1712135722250
961,0.330078125,3.478515625,0.34765625,0.0,13,1712135722351
961,0.5546875,3.32421875,-1.1171875,-0.876445082652277,20,1712135722351
961,0.560546875,3.357421875,-1.134765625,-0.876445082652277,34,1712135722351
961,0.56640625,3.41796875,-1.0703125,-0.876445082652277,24,1712135722351
961,0.54296875,3.31640625,-0.8828125,-0.7512386422733803,52,1712135722351
961,0.548828125,3.365234375,-0.84375,-0.7512386422733803,78,1712135722351
961,0.5546875,3.373046875,-0.955078125,-0.7512386422733803,32,1712135722351
961,0.560546875,3.400390625,-0.998046875,-0.7512386422733803,68,1712135722351
961,0.56640625,3.462890625,-0.919921875,-0.7512386422733803,65,1712135722351
961,0.537109375,3.318359375,-0.7109375,-0.6260322018944836,31,1712135722351
961,0.54296875,3.375,-0.615234375,-0.6260322018944836,139,1712135722351
961,0.548828125,3.41796875,-0.59375,-0.6260322018944836,222,1712135722351
961,0.5546875,3.455078125,-0.6015625,-0.6260322018944836,133,1712135722351
961,0.560546875,3.44921875,-0.814453125,-0.6260322018944836,43,1712135722351
961,0.56640625,3.51953125,-0.66796875,-0.6260322018944836,70,1712135722351
961,0.34375,3.552734375,-0.828125,-0.6260322018944836,50,1712135722351
961,0.34765625,3.61328125,-0.736328125,-0.6260322018944836,65,1712135722351
961,0.3515625,3.6328125,-0.8203125,-0.6260322018944836,58,1712135722351
961,0.4296875,3.408203125,-0.02734375,-0.5008257615155869,32,1712135722351
961,0.54296875,3.41796875,-0.296875,-0.5008257615155869,120,1712135722351
961,0.548828125,3.453125,-0.3359375,-0.5008257615155869,190,1712135722351
961,0.5546875,3.482421875,-0.41796875,-0.5008257615155869,122,1712135722351
961,0.34375,3.578125,-0.71484375,-0.5008257615155869,43,1712135722351
961,0.34765625,3.623046875,-0.677734375,-0.5008257615155869,55,1712135722351
961,0.3515625,3.623046875,-0.8671875,-0.5008257615155869,51,1712135722351
961,0.353515625,3.619140625,-1.03125,-0.5008257615155869,45,1712135722351
961,0.322265625,3.3828125,0.5078125,-0.37561932113669017,21,1712135722351
961,0.43359375,3.443359375,0.154296875,-0.37561932113669017,47,1712135722351
961,0.439453125,3.484375,0.05078125,-0.37561932113669017,50,1712135722351
962,0.4296875,3.390625,0.361328125,0.0,15,1712135722451
962,0.54296875,3.24609375,-1.11328125,-0.876445082652277,20,1712135722451
962,0.548828125,3.291015625,-1.095703125,-0.876445082652277,20,1712135722451
962,0.53125,3.19921875,-1.015625,-0.7512386422733803,32,1712135722451
962,0.537109375,3.248046875,-0.984375,-0.7512386422733803,105,1712135722451
962,0.65234375,3.271484375,-0.97265625,-0.7512386422733803,173,1712135722451
962,0.548828125,3.341796875,-0.931640625,-0.7512386422733803,158,1712135722451
962,0.5546875,3.380859375,-0.931640625,-0.7512386422733803,88,1712135722451
962,0.44921875,3.419921875,-0.98828125,-0.7512386422733803,50,1712135722451
962,0.453125,3.416015625,-1.12890625,-0.7512386422733803,29,1712135722451
962,0.53125,3.25390625,-0.822265625,-0.6260322018944836,51,1712135722451
962,0.537109375,3.30859375,-0.75390625,-0.6260322018944836,171,1712135722451
962,0.54296875,3.353515625,-0.728515625,-0.6260322018944836,276,1712135722451
962,0.548828125,3.392578125,-0.720703125,-0.6260322018944836,242,1712135722451
962,0.443359375,3.455078125,-0.685546875,-0.6260322018944836,142,1712135722451
962,0.44921875,3.455078125,-0.857421875,-0.6260322018944836,79,1712135722451
962,0.33984375,3.482421875,-0.95703125,-0.6260322018944836,40,1712135722451
962,0.34765625,3.505859375,-1.142578125,-0.6260322018944836,36,1712135722451
962,0.3515625,3.564453125,-1.080078125,-0.6260322018944836,45,1712135722451
962,0.423828125,3.369140625,-0.0859375,-0.5008257615155869,44,1712135722451
962,0.4296875,3.400390625,-0.228515625,-0.5008257615155869,91,1712135722451
962,0.54296875,3.404296875,-0.4296875,-0.5008257615155869,139,1712135722451
962,0.548828125,3.4375,-0.46484375,-0.5008257615155869,144,1712135722451
962,0.443359375,3.4921875,-0.45703125,-0.5008257615155869,110,1712135722451
962,0.44921875,3.513671875,-0.57421875,-0.5008257615155869,64,1712135722451
962,0.34765625,3.57421875,-0.90625,-0.5008257615155869,70,1712135722451
962,0.3515625,3.626953125,-0.84375,-0.5008257615155869,86,1712135722451
962,0.353515625,3.6796875,-0.78515625,-0.5008257615155869,53,1712135722451
962,0.419921875,3.333984375,0.00390625,-0.37561932113669017,28,1712135722451
962,0.423828125,3.37109375,-0.00390625,-0.37561932113669017,108,1712135722451
962,0.322265625,3.419921875,0.015625,-0.37561932113669017,175,1712135722451
962,0.326171875,3.458984375,0.017578125,-0.37561932113669017,137,1712135722451
962,0.330078125,3.494140625,-0.15625,-0.37561932113669017,66,1712135722451
962,0.443359375,3.5078125,-0.3203125,-0.37561932113669017,59,1712135722451
962,0.34765625,3.615234375,-0.724609375,-0.37561932113669017,47,1712135722451
962,0.234375,3.6796875,-0.6328125,-0.37561932113669017,61,1712135722451
962,0.423828125,3.369140625,0.126953125,-0.25041288075779344,69,1712135722451
962,0.322265625,3.41796875,0.119140625,-0.25041288075779344,114,1712135722451
962,0.326171875,3.45703125,0.09375,-0.25041288075779344,94,1712135722451
962,0.330078125,3.49609375,-0.0390625,-0.25041288075779344,45,1712135722451
963,0.423828125,3.361328125,0.265625,0.0,24,1712135722551
963,0.4296875,3.408203125,0.091796875,0.0,27,1712135722551
963,0.43359375,3.447265625,0.04296875,0.0,20,1712135722551
963,0.330078125,3.48046875,0.337890625,0.0,15,1712135722551
963,0.537109375,3.234375,-1.025390625,-0.7512386422733803,25,1712135722551
963,0.65234375,3.224609375,-1.119140625,-0.7512386422733803,34,1712135722551
963,0.548828125,3.265625,-1.169921875,-0.7512386422733803,21,1712135722551
963,0.453125,3.40625,-1.162109375,-0.7512386422733803,19,1712135722551
963,0.458984375,3.455078125,-1.134765625,-0.7512386422733803,40,1712135722551
963,0.34765625,3.521484375,-1.09375,-0.7512386422733803,38,1712135722551
963,0.630859375,3.181640625,-0.875,-0.6260322018944836,26,1712135722551
963,0.53125,3.2890625,-0.66796875,-0.6260322018944836,34,1712135722551
963,0.537109375,3.32421875,-0.681640625,-0.6260322018944836,69,1712135722551
963,0.54296875,3.318359375,-0.87109375,-0.6260322018944836,122,1712135722551
963,0.548828125,3.341796875,-0.9296875,-0.6260322018944836,93,1712135722551
963,0.5546875,3.390625,-0.892578125,-0.6260322018944836,29,1712135722551
963,0.33984375,3.501953125,-0.880859375,-0.6260322018944836,28,1712135722551
963,0.34375,3.55078125,-0.83984375,-0.6260322018944836,71,1712135722551
963,0.34765625,3.607421875,-0.755859375,-0.6260322018944836,70,1712135722551
963,0.3515625,3.662109375,-0.6796875,-0.6260322018944836,32,1712135722551
963,0.630859375,3.17578125,-0.89453125,-0.5008257615155869,64,1712135722551
963,0.63671875,3.21875,-0.8828125,-0.5008257615155869,76,1712135722551
963,0.4296875,3.38671875,-0.388671875,-0.5008257615155869,40,1712135722551
963,0.54296875,3.35546875,-0.716796875,-0.5008257615155869,159,1712135722551
963,0.548828125,3.39453125,-0.712890625,-0.5008257615155869,154,1712135722551
963,0.5546875,3.455078125,-0.603515625,-0.5008257615155869,70,1712135722551
963,0.734375,3.109375,-1.03515625,-0.37561932113669017,36,1712135722551
963,0.849609375,3.177734375,-0.849609375,-0.37561932113669017,39,1712135722551
963,0.537109375,3.38671875,-0.20703125,-0.37561932113669017,85,1712135722551
963,0.54296875,3.392578125,-0.517578125,-0.37561932113669017,144,1712135722551
963,0.548828125,3.423828125,-0.556640625,-0.37561932113669017,135,1712135722551
963,0.443359375,3.482421875,-0.537109375,-0.37561932113669017,83,1712135722551
963,0.314453125,3.333984375,0.267578125,-0.25041288075779344,26,1712135722551
963,0.318359375,3.375,0.23828125,-0.25041288075779344,58,1712135722551
963,0.4296875,3.408203125,0.05078125,-0.25041288075779344,77,1712135722551
963,0.54296875,3.423828125,-0.22265625,-0.25041288075779344,79,1712135722551
963,0.439453125,3.45703125,-0.439453125,-0.25041288075779344,67,1712135722551
963,0.443359375,3.4609375,-0.65234375,-0.25041288075779344,54,1712135722551
963,0.43359375,3.447265625,0.021484375,-0.12520644037889672,26,1712135722551
963,0.330078125,3.49609375,0.064453125,-0.12520644037889672,29,1712135722551
963,-0.90625,2.611328125,2.34765625,-0.7512386422733803,11,1712135722551
963,-2.7734375,1.939453125,-1.07421875,-0.6260322018944836,15,1712135722551
964,0.314453125,3.28125,0.650390625,0.0,13,1712135722651
964,0.423828125,3.34375,0.419921875,0.0,19,1712135722651
964,0.4296875,3.408203125,0.095703125,0.0,25,1712135722651
964,0.43359375,3.435546875,-0.26953125,0.0,31,1712135722651
964,0.330078125,3.470703125,-0.431640625,0.0,25,1712135722651
964,0.33203125,3.53125,-0.154296875,0.0,14,1712135722651
964,0.224609375,3.576171875,-0.1875,0.0,27,1712135722651
964,0.2265625,3.61328125,-0.212890625,0.0,25,1712135722651
964,0.525390625,3.046875,-1.31640625,-0.7512386422733803,23,1712135722651
964,0.53125,3.05078125,-1.396484375,-0.7512386422733803,20,1712135722651
964,0.615234375,3.142578125,-0.7265625,-0.6260322018944836,22,1712135722651
964,0.623046875,3.197265625,-0.650390625,-0.6260322018944836,65,1712135722651
964,0.630859375,3.2421875,-0.615234375,-0.6260322018944836,78,1712135722651
964,0.53125,3.328125,-0.431640625,-0.6260322018944836,37,1712135722651
964,0.615234375,3.203125,-0.380859375,-0.5008257615155869,35,1712135722651
964,0.623046875,3.251953125,-0.259765625,-0.5008257615155869,88,1712135722651
964,0.630859375,3.291015625,-0.232421875,-0.5008257615155869,95,1712135722651
964,0.63671875,3.31640625,-0.380859375,-0.5008257615155869,41,1712135722651
964,0.859375,3.134765625,-1.115234375,-0.5008257615155869,26,1712135722651
964,0.548828125,3.45703125,-0.28515625,-0.5008257615155869,33,1712135722651
964,0.3359375,3.396484375,-1.109375,-0.5008257615155869,26,1712135722651
964,0.33984375,3.490234375,-0.921875,-0.5008257615155869,40,1712135722651
964,0.7265625,3.23828125,-0.109375,-0.37561932113669017,27,1712135722651
964,0.0,1.94921875,2.736328125,-0.37561932113669017,26,1712135722651
964,0.423828125,3.14453125,-1.216796875,-0.37561932113669017,60,1712135722651
964,0.537109375,3.287109375,-0.841796875,-0.37561932113669017,67,1712135722651
964,0.3359375,3.4921875,-0.755859375,-0.37561932113669017,39,1712135722651
964,0.33984375,3.560546875,-0.6015625,-0.37561932113669017,57,1712135722651
964,0.228515625,3.6171875,-0.546875,-0.37561932113669017,35,1712135722651
964,0.525390625,3.3125,-0.185546875,-0.25041288075779344,57,1712135722651
964,0.423828125,3.359375,-0.28125,-0.25041288075779344,87,1712135722651
964,0.537109375,3.373046875,-0.376953125,-0.25041288075779344,71,1712135722651
964,0.43359375,3.421875,-0.416015625,-0.25041288075779344,33,1712135722651
964,0.330078125,3.44140625,-0.62109375,-0.25041288075779344,28,1712135722651
964,0.3359375,3.513671875,-0.642578125,-0.25041288075779344,32,1712135722651
964,0.33984375,3.572265625,-0.521484375,-0.25041288075779344,37,1712135722651
964,0.43359375,3.4140625,-0.46875,-0.12520644037889672,40,1712135722651
964,0.330078125,3.431640625,-0.671875,-0.12520644037889672,43,1712135722651
964,0.3359375,3.546875,-0.431640625,-0.12520644037889672,36,1712135722651
964,0.33984375,3.576171875,-0.4921875,-0.12520644037889672,34,1712135722651
964,-0.63671875,2.533203125,2.173828125,-0.7512386422733803,11,1712135722651
964,-0.322265625,2.546875,2.28515625,-0.5008257615155869,15,1712135722651
964,1.05078125,3.0625,-0.896484375,-0.37561932113669017,24,1712135722651
965,0.525390625,3.275390625,0.529296875,0.0,14,1712135722752
965,0.216796875,3.3984375,-0.685546875,0.0,18,1712135722752
965,0.330078125,3.451171875,-0.556640625,0.0,26,1712135722752
965,0.22265625,3.51171875,-0.470703125,0.0,17,1712135722752
965,0.615234375,3.193359375,-0.4453125,-0.7512386422733803,27,1712135722752
965,0.623046875,3.20703125,-0.6015625,-0.7512386422733803,37,1712135722752
965,0.630859375,3.22265625,-0.708984375,-0.7512386422733803,29,1712135722752
965,0.708984375,3.13671875,-0.4375,-0.6260322018944836,39,1712135722752
965,0.71875,3.17578125,-0.427734375,-0.6260322018944836,91,1712135722752
965,0.623046875,3.236328125,-0.41015625,-0.6260322018944836,109,1712135722752
965,0.630859375,3.26953125,-0.443359375,-0.6260322018944836,67,1712135722752
965,0.54296875,3.416015625,-0.314453125,-0.6260322018944836,38,1712135722752
965,0.609375,3.16796875,-0.353515625,-0.5008257615155869,46,1712135722752
965,0.615234375,3.216796875,-0.232421875,-0.5008257615155869,92,1712135722752
965,0.7265625,3.240234375,0.0390625,-0.5008257615155869,66,1712135722752
965,0.2109375,3.23046875,-0.900390625,-0.5008257615155869,38,1712135722752
965,0.423828125,3.357421875,-0.30859375,-0.5008257615155869,77,1712135722752
965,0.4296875,3.40625,-0.146484375,-0.5008257615155869,89,1712135722752
965,0.43359375,3.443359375,-0.15234375,-0.5008257615155869,77,1712135722752
965,0.439453125,3.484375,0.00390625,-0.5008257615155869,34,1712135722752
965,0.3359375,3.4453125,-0.943359375,-0.5008257615155869,48,1712135722752
965,0.33984375,3.486328125,-0.935546875,-0.5008257615155869,43,1712135722752
965,0.708984375,3.142578125,-0.380859375,-0.37561932113669017,22,1712135722752
965,0.615234375,3.1484375,-0.701171875,-0.37561932113669017,36,1712135722752
965,0.416015625,3.263671875,-0.458984375,-0.37561932113669017,72,1712135722752
965,0.419921875,3.322265625,-0.263671875,-0.37561932113669017,119,1712135722752
965,0.318359375,3.3828125,-0.03515625,-0.37561932113669017,111,1712135722752
965,0.322265625,3.419921875,0.056640625,-0.37561932113669017,82,1712135722752
965,0.326171875,3.45703125,0.076171875,-0.37561932113669017,53,1712135722752
965,0.3359375,3.490234375,-0.765625,-0.37561932113669017,43,1712135722752
965,0.310546875,3.296875,0.24609375,-0.25041288075779344,43,1712135722752
965,0.314453125,3.328125,0.333984375,-0.25041288075779344,47,1712135722752
965,0.53125,3.337890625,-0.33984375,-0.25041288075779344,34,1712135722752
965,0.64453125,3.291015625,-0.748046875,-0.25041288075779344,44,1712135722752
965,0.43359375,3.359375,-0.76953125,-0.25041288075779344,33,1712135722752
965,0.423828125,3.28125,-0.76953125,-0.12520644037889672,17,1712135722752
965,0.4296875,3.341796875,-0.671875,-0.12520644037889672,30,1712135722752
965,0.326171875,3.38671875,-0.701171875,-0.12520644037889672,45,1712135722752
965,0.439453125,3.396484375,-0.78125,-0.12520644037889672,52,1712135722752
965,0.33203125,3.474609375,-0.64453125,-0.12520644037889672,34,1712135722752
966,0.609375,3.1875,-0.03515625,0.0,17,1712135722852
966,0.513671875,3.23828125,0.162109375,0.0,27,1712135722852
966,0.51953125,3.234375,0.546875,0.0,22,1712135722852
966,0.326171875,3.40625,-0.603515625,0.0,20,1712135722852
966,0.609375,3.109375,-0.697265625,-0.7512386422733803,27,1712135722852
966,0.71875,3.041015625,-1.009765625,-0.7512386422733803,39,1712135722852
966,0.623046875,3.095703125,-1.03125,-0.7512386422733803,25,1712135722852
966,0.400390625,3.177734375,0.142578125,-0.6260322018944836,44,1712135722852
966,0.708984375,3.076171875,-0.748046875,-0.6260322018944836,98,1712135722852
966,0.71875,3.095703125,-0.822265625,-0.6260322018944836,158,1712135722852
966,0.7265625,3.130859375,-0.83984375,-0.6260322018944836,97,1712135722852
966,0.525390625,3.275390625,-0.537109375,-0.6260322018944836,39,1712135722852
966,0.53125,3.34375,-0.28125,-0.6260322018944836,27,1712135722852
966,0.501953125,3.166015625,0.111328125,-0.5008257615155869,34,1712135722852
966,0.708984375,3.107421875,-0.607421875,-0.5008257615155869,119,1712135722852
966,0.71875,3.130859375,-0.67578125,-0.5008257615155869,180,1712135722852
966,0.623046875,3.19140625,-0.681640625,-0.5008257615155869,144,1712135722852
966,0.525390625,3.2734375,-0.548828125,-0.5008257615155869,125,1712135722852
966,0.53125,3.341796875,-0.298828125,-0.5008257615155869,69,1712135722852
966,0.4296875,3.3984375,0.271484375,-0.5008257615155869,34,1712135722852
966,0.609375,3.12890625,-0.611328125,-0.37561932113669017,71,1712135722852
966,0.615234375,3.146484375,-0.7109375,-0.37561932113669017,135,1712135722852
966,0.51953125,3.2265625,-0.587890625,-0.37561932113669017,169,1712135722852
966,0.525390625,3.283203125,-0.486328125,-0.37561932113669017,139,1712135722852
966,0.423828125,3.349609375,-0.3828125,-0.37561932113669017,61,1712135722852
966,0.609375,3.123046875,-0.6328125,-0.25041288075779344,29,1712135722852
966,0.615234375,3.189453125,-0.47265625,-0.25041288075779344,52,1712135722852
966,0.51953125,3.2578125,-0.3828125,-0.25041288075779344,58,1712135722852
966,0.419921875,3.30078125,-0.458984375,-0.25041288075779344,46,1712135722852
966,0.513671875,3.201171875,-0.513671875,-0.12520644037889672,27,1712135722852
966,0.51953125,3.193359375,-0.748046875,-0.12520644037889672,32,1712135722852
966,0.525390625,3.251953125,-0.658203125,-0.12520644037889672,24,1712135722852
966,0.4296875,3.32421875,-0.751953125,-0.12520644037889672,30,1712135722852
966,0.43359375,3.337890625,-0.86328125,-0.12520644037889672,40,1712135722852
966,-0.51953125,2.6328125,1.95703125,-0.7512386422733803,13,1712135722852
967,0.5078125,3.203125,0.083984375,0.0,23,1712135722952
967,0.41015625,3.255859375,0.099609375,0.0,25,1712135722952
967,0.416015625,3.291015625,0.169921875,0.0,18,1712135722952
967,0.685546875,2.974609375,-0.69140625,-0.6260322018944836,29,1712135722952
967,0.59375,3.02734375,-0.71875,-0.6260322018944836,72,1712135722952
967,0.701171875,3.0546875,-0.681640625,-0.6260322018944836,83,1712135722952
967,0.708984375,3.1328125,-0.45703125,-0.6260322018944836,19,1712135722952
967,0.615234375,3.076171875,-0.96484375,-0.6260322018944836,62,1712135722952
967,0.623046875,3.158203125,-0.822265625,-0.6260322018944836,73,1712135722952
967,0.630859375,3.234375,-0.658203125,-0.6260322018944836,38,1712135722952
967,0.587890625,3.041015625,-0.453125,-0.5008257615155869,49,1712135722952
967,0.59375,3.07421875,-0.48046875,-0.5008257615155869,115,1712135722952
967,0.6015625,3.138671875,-0.263671875,-0.5008257615155869,89,1712135722952
967,0.5078125,3.025390625,-1.05859375,-0.5008257615155869,95,1712135722952
967,0.615234375,3.1328125,-0.763671875,-0.5008257615155869,263,1712135722952
967,0.51953125,3.21875,-0.63671875,-0.5008257615155869,245,1712135722952
967,0.525390625,3.279296875,-0.505859375,-0.5008257615155869,129,1712135722952
967,0.423828125,3.345703125,-0.41015625,-0.5008257615155869,47,1712135722952
967,0.587890625,3.056640625,-0.330078125,-0.37561932113669017,26,1712135722952
967,0.59375,3.103515625,-0.23046875,-0.37561932113669017,52,1712135722952
967,0.5078125,3.138671875,-0.650390625,-0.37561932113669017,167,1712135722952
967,0.513671875,3.1953125,-0.55859375,-0.37561932113669017,296,1712135722952
967,0.51953125,3.244140625,-0.484375,-0.37561932113669017,245,1712135722952
967,0.419921875,3.314453125,-0.34765625,-0.37561932113669017,117,1712135722952
967,0.423828125,3.361328125,-0.244140625,-0.37561932113669017,40,1712135722952
967,0.400390625,3.16796875,-0.291015625,-0.25041288075779344,26,1712135722952
967,0.5078125,3.181640625,-0.37890625,-0.25041288075779344,73,1712135722952
967,0.513671875,3.22265625,-0.359375,-0.25041288075779344,99,1712135722952
967,0.51953125,3.26171875,-0.359375,-0.25041288075779344,70,1712135722952
967,0.419921875,3.3125,-0.37109375,-0.25041288075779344,27,1712135722952
967,-0.810546875,1.62890625,2.6875,-0.6260322018944836,11,1712135722952
968,0.390625,3.10546875,0.068359375,0.0,11,1712135723053
968,0.494140625,3.12890625,0.0546875,0.0,18,1712135723053
968,0.501953125,3.166015625,-0.05859375,0.0,25,1712135723053
968,0.40625,3.21875,-0.09375,0.0,26,1712135723053
968,0.30859375,3.265625,-0.13671875,0.0,18,1712135723053
968,0.330078125,3.34375,-1.025390625,0.12520644037889672,22,1712135723053
968,0.443359375,3.400390625,-0.916015625,0.12520644037889672,23,1712135723053
968,0.33203125,3.451171875,-0.765625,0.25041288075779344,18,1712135723053
968,0.580078125,2.921875,-0.830078125,-0.6260322018944836,18,1712135723053
968,0.587890625,2.939453125,-0.900390625,-0.6260322018944836,52,1712135723053
968,0.59375,2.966796875,-0.9375,-0.6260322018944836,74,1712135723053
968,0.6015625,3.009765625,-0.9296875,-0.6260322018944836,62,1712135723053
968,0.5078125,3.076171875,-0.90234375,-0.6260322018944836,40,1712135723053
968,0.615234375,3.060546875,-1.015625,-0.6260322018944836,23,1712135723053
968,0.580078125,2.96484375,-0.66015625,-0.5008257615155869,73,1712135723053
968,0.587890625,3.00390625,-0.66015625,-0.5008257615155869,183,1712135723053
968,0.59375,3.041015625,-0.6640625,-0.5008257615155869,229,1712135723053
968,0.6015625,3.095703125,-0.580078125,-0.5008257615155869,181,1712135723053
968,0.5078125,3.166015625,-0.494140625,-0.5008257615155869,103,1712135723053
968,0.513671875,3.15625,-0.740234375,-0.5008257615155869,32,1712135723053
968,0.482421875,3.0234375,-0.4375,-0.37561932113669017,86,1712135723053
968,0.587890625,3.04296875,-0.439453125,-0.37561932113669017,199,1712135723053
968,0.59375,3.08984375,-0.375,-0.37561932113669017,214,1712135723053
968,0.501953125,3.166015625,-0.080078125,-0.37561932113669017,149,1712135723053
968,0.5078125,3.19921875,-0.197265625,-0.37561932113669017,86,1712135723053
968,0.513671875,3.130859375,-0.841796875,-0.37561932113669017,43,1712135723053
968,0.51953125,3.267578125,-0.294921875,-0.37561932113669017,51,1712135723053
968,0.482421875,3.04296875,-0.263671875,-0.25041288075779344,34,1712135723053
968,0.587890625,3.068359375,-0.19140625,-0.25041288075779344,69,1712135723053
968,0.494140625,3.125,0.171875,-0.25041288075779344,51,1712135723053
968,0.501953125,3.0625,-0.80859375,-0.25041288075779344,83,1712135723053
968,0.5078125,3.1171875,-0.74609375,-0.25041288075779344,131,1712135723053
968,0.513671875,3.181640625,-0.630859375,-0.25041288075779344,104,1712135723053
968,0.416015625,3.26953125,-0.412109375,-0.25041288075779344,52,1712135723053
968,0.501953125,3.140625,-0.408203125,-0.12520644037889672,31,1712135723053
968,0.5078125,3.17578125,-0.4375,-0.12520644037889672,50,1712135723053
968,0.41015625,3.2265625,-0.44921875,-0.12520644037889672,41,1712135723053
968,0.310546875,3.28515625,-0.3828125,-0.12520644037889672,19,1712135723053
968,-0.8203125,1.5078125,2.798828125,-0.5008257615155869,17,1712135723053
969,0.48828125,3.087890625,0.177734375,0.0,17,1712135723154
969,0.296875,3.123046875,0.451171875,0.0,13,1712135723154
969,0.400390625,3.17578125,-0.197265625,0.0,19,1712135723154
969,0.40625,3.20703125,-0.271484375,0.0,30,1712135723154
969,0.41015625,3.25,-0.208984375,0.0,28,1712135723154
969,0.416015625,3.29296875,-0.12890625,0.0,19,1712135723154
969,0.482421875,2.9296875,-0.8671875,-0.5008257615155869,37,1712135723154
969,0.587890625,2.95703125,-0.84375,-0.5008257615155869,50,1712135723154
969,0.494140625,3.041015625,-0.7421875,-0.5008257615155869,40,1712135723154
969,0.400390625,3.126953125,-0.5859375,-0.5008257615155869,24,1712135723154
969,0.4765625,2.90234375,-0.822265625,-0.37561932113669017,31,1712135723154
969,0.580078125,2.93359375,-0.78515625,-0.37561932113669017,84,1712135723154
969,0.48828125,3.021484375,-0.66015625,-0.37561932113669017,111,1712135723154
969,0.494140625,3.1015625,-0.42578125,-0.37561932113669017,126,1712135723154
969,0.501953125,3.13671875,-0.4375,-0.37561932113669017,115,1712135723154
969,0.40625,3.208984375,-0.267578125,-0.37561932113669017,52,1712135723154
969,0.615234375,3.220703125,0.177734375,-0.37561932113669017,38,1712135723154
969,0.51953125,3.28125,-0.03515625,-0.37561932113669017,31,1712135723154
969,0.572265625,2.92578125,-0.66015625,-0.25041288075779344,36,1712135723154
969,0.482421875,2.98828125,-0.63671875,-0.25041288075779344,82,1712135723154
969,0.587890625,3.01953125,-0.576171875,-0.25041288075779344,83,1712135723154
969,0.494140625,3.115234375,-0.291015625,-0.25041288075779344,127,1712135723154
969,0.501953125,3.125,-0.513671875,-0.25041288075779344,156,1712135723154
969,0.5078125,2.8984375,-1.3671875,-0.25041288075779344,77,1712135723154
969,0.4296875,3.361328125,-0.5703125,-0.25041288075779344,39,1712135723154
969,0.482421875,3.037109375,-0.33203125,-0.12520644037889672,43,1712135723154
969,0.48828125,3.07421875,-0.337890625,-0.12520644037889672,32,1712135723154
969,0.494140625,3.060546875,-0.654296875,-0.12520644037889672,37,1712135723154
969,0.501953125,3.087890625,-0.708984375,-0.12520644037889672,81,1712135723154
969,0.5078125,3.05078125,-0.982421875,-0.12520644037889672,63,1712135723154
970,0.38671875,3.060546875,-0.220703125,0.0,16,1712135723254
970,0.390625,3.103515625,0.12890625,0.0,30,1712135723254
970,0.396484375,3.14453125,0.033203125,0.0,53,1712135723254
970,0.400390625,3.173828125,-0.23046875,0.0,56,1712135723254
970,0.40625,3.205078125,-0.302734375,0.0,40,1712135723254
970,0.41015625,3.244140625,-0.29296875,0.0,23,1712135723254
970,0.4765625,2.865234375,-0.943359375,-0.37561932113669017,73,1712135723254
970,0.482421875,2.9140625,-0.9140625,-0.37561932113669017,115,1712135723254
970,0.48828125,2.96875,-0.865234375,-0.37561932113669017,90,1712135723254
970,0.396484375,3.107421875,-0.47265625,-0.37561932113669017,42,1712135723254
970,0.400390625,3.177734375,-0.16015625,-0.37561932113669017,31,1712135723254
970,0.5078125,3.193359375,-0.265625,-0.37561932113669017,32,1712135723254
970,0.615234375,3.1953125,-0.44140625,-0.37561932113669017,29,1712135723254
970,0.470703125,2.8515625,-0.861328125,-0.25041288075779344,33,1712135723254
970,0.4765625,2.9140625,-0.78125,-0.25041288075779344,140,1712135723254
970,0.482421875,2.962890625,-0.744140625,-0.25041288075779344,227,1712135723254
970,0.48828125,3.0234375,-0.64453125,-0.25041288075779344,179,1712135723254
970,0.396484375,3.12890625,-0.30859375,-0.25041288075779344,130,1712135723254
970,0.400390625,3.169921875,-0.2734375,-0.25041288075779344,119,1712135723254
970,0.5078125,3.197265625,-0.23046875,-0.25041288075779344,93,1712135723254
970,0.41015625,3.248046875,-0.2578125,-0.25041288075779344,66,1712135723254
970,0.416015625,3.27734375,-0.33984375,-0.25041288075779344,45,1712135723254
970,0.572265625,2.9296875,-0.64453125,-0.12520644037889672,84,1712135723254
970,0.482421875,3.001953125,-0.568359375,-0.12520644037889672,138,1712135723254
970,0.390625,3.087890625,-0.333984375,-0.12520644037889672,121,1712135723254
970,0.396484375,3.140625,-0.12890625,-0.12520644037889672,127,1712135723254
970,0.501953125,3.158203125,-0.244140625,-0.12520644037889672,129,1712135723254
970,0.40625,3.205078125,-0.310546875,-0.12520644037889672,93,1712135723254
970,0.41015625,3.25,-0.220703125,-0.12520644037889672,58,1712135723254
970,0.416015625,3.28515625,-0.26171875,-0.12520644037889672,43,1712135723254
971,0.470703125,2.947265625,-0.4296875,0.0,50,1712135723354
971,0.4765625,2.990234375,-0.396484375,0.0,124,1712135723354
971,0.482421875,3.03125,-0.380859375,0.0,149,1712135723354
971,0.390625,3.087890625,-0.328125,0.0,93,1712135723354
971,0.396484375,3.134765625,-0.248046875,0.0,53,1712135723354
971,0.400390625,3.171875,-0.2578125,0.0,46,1712135723354
971,0.40625,3.205078125,-0.30859375,0.0,31,1712135723354
971,0.380859375,3.029296875,0.03125,0.12520644037889672,17,1712135723354
971,0.38671875,3.064453125,0.1640625,0.12520644037889672,23,1712135723354
971,0.29296875,3.1015625,0.302734375,0.12520644037889672,22,1712135723354
971,0.296875,3.146484375,0.22265625,0.12520644037889672,21,1712135723354
971,0.56640625,2.8515625,-0.8046875,-0.37561932113669017,37,1712135723354
971,0.4765625,2.916015625,-0.7734375,-0.37561932113669017,82,1712135723354
971,0.580078125,2.931640625,-0.794921875,-0.37561932113669017,91,1712135723354
971,0.48828125,2.982421875,-0.81640625,-0.37561932113669017,54,1712135723354
971,0.470703125,2.8984375,-0.689453125,-0.25041288075779344,116,1712135723354
971,0.4765625,2.94140625,-0.66796875,-0.25041288075779344,279,1712135723354
971,0.482421875,2.98046875,-0.66796875,-0.25041288075779344,329,1712135723354
971,0.48828125,3.01953125,-0.662109375,-0.25041288075779344,205,1712135723354
971,0.396484375,3.0859375,-0.60546875,-0.25041288075779344,92,1712135723354
971,0.501953125,3.10546875,-0.626953125,-0.25041288075779344,62,1712135723354
971,0.40625,3.16796875,-0.578125,-0.25041288075779344,39,1712135723354
971,0.470703125,2.921875,-0.580078125,-0.12520644037889672,122,1712135723354
971,0.572265625,2.947265625,-0.55859375,-0.12520644037889672,299,1712135723354
971,0.482421875,3.0078125,-0.533203125,-0.12520644037889672,359,1712135723354
971,0.390625,3.0625,-0.515625,-0.12520644037889672,216,1712135723354
971,0.494140625,3.091796875,-0.482421875,-0.12520644037889672,106,1712135723354
971,0.400390625,3.15234375,-0.4296875,-0.12520644037889672,85,1712135723354
971,0.40625,3.193359375,-0.408203125,-0.12520644037889672,57,1712135723354
972,0.46484375,2.921875,-0.328125,0.0,13,1712135723455
972,0.376953125,2.990234375,-0.130859375,0.0,38,1712135723455
972,0.4765625,3.015625,-0.099609375,0.0,59,1712135723455
972,0.38671875,3.06640625,-0.111328125,0.0,55,1712135723455
972,0.390625,3.103515625,0.109375,0.0,38,1712135723455
972,0.396484375,3.138671875,-0.185546875,0.0,33,1712135723455
972,0.400390625,3.162109375,-0.3515625,0.0,39,1712135723455
972,0.40625,3.21484375,-0.162109375,0.0,29,1712135723455
972,0.38671875,3.064453125,0.130859375,0.12520644037889672,22,1712135723455
972,0.29296875,3.1171875,0.033203125,0.12520644037889672,48,1712135723455
972,0.296875,3.154296875,-0.009765625,0.12520644037889672,54,1712135723455
972,0.30078125,3.19140625,-0.06640625,0.12520644037889672,27,1712135723455
972,0.396484375,3.142578125,0.0703125,0.25041288075779344,23,1712135723455
972,0.470703125,2.86328125,-0.822265625,-0.37561932113669017,30,1712135723455
972,0.4765625,2.90234375,-0.822265625,-0.37561932113669017,43,1712135723455
972,0.482421875,2.9453125,-0.8046875,-0.37561932113669017,28,1712135723455
972,0.390625,3.099609375,-0.189453125,-0.37561932113669017,23,1712135723455
972,0.396484375,3.1328125,-0.25390625,-0.37561932113669017,52,1712135723455
972,0.400390625,3.158203125,-0.380859375,-0.37561932113669017,42,1712135723455
972,0.46484375,2.8984375,-0.49609375,-0.25041288075779344,32,1712135723455
972,0.56640625,2.912109375,-0.5390625,-0.25041288075779344,96,1712135723455
972,0.4765625,2.96484375,-0.556640625,-0.25041288075779344,144,1712135723455
972,0.482421875,2.99609375,-0.58984375,-0.25041288075779344,105,1712135723455
972,0.48828125,3.052734375,-0.48828125,-0.25041288075779344,47,1712135723455
972,0.396484375,3.1171875,-0.40625,-0.25041288075779344,101,1712135723455
972,0.400390625,3.142578125,-0.498046875,-0.25041288075779344,96,1712135723455
972,0.40625,3.146484375,-0.6796875,-0.25041288075779344,39,1712135723455
972,0.46484375,2.921875,-0.341796875,-0.12520644037889672,32,1712135723455
972,0.376953125,2.97265625,-0.333984375,-0.12520644037889672,96,1712135723455
972,0.4765625,2.998046875,-0.341796875,-0.12520644037889672,148,1712135723455
972,0.482421875,3.03515625,-0.341796875,-0.12520644037889672,113,1712135723455
972,0.390625,3.078125,-0.41015625,-0.12520644037889672,56,1712135723455
972,0.396484375,3.091796875,-0.572265625,-0.12520644037889672,103,1712135723455
972,0.400390625,3.138671875,-0.521484375,-0.12520644037889672,106,1712135723455
972,0.40625,3.197265625,-0.369140625,-0.12520644037889672,56,1712135723455
973,0.373046875,2.939453125,-0.294921875,0.0,24,1712135723556
973,0.376953125,2.974609375,-0.328125,0.0,49,1712135723556
973,0.380859375,3.01171875,-0.3359375,0.0,51,1712135723556
973,0.38671875,3.052734375,-0.302734375,0.0,33,1712135723556
973,0.1953125,3.111328125,-0.28515625,0.0,36,1712135723556
973,0.197265625,3.1484375,-0.302734375,0.0,43,1712135723556
973,0.201171875,3.18359375,-0.322265625,0.0,24,1712135723556
973,0.19140625,3.021484375,-0.404296875,0.12520644037889672,18,1712135723556
973,0.193359375,3.080078125,-0.18359375,0.12520644037889672,66,1712135723556
973,0.29296875,3.1171875,-0.048828125,0.12520644037889672,135,1712135723556
973,0.197265625,3.162109375,-0.029296875,0.12520644037889672,145,1712135723556
973,0.30078125,3.19140625,-0.060546875,0.12520644037889672,79,1712135723556
973,0.193359375,3.078125,-0.220703125,0.25041288075779344,29,1712135723556
973,0.1953125,3.123046875,0.052734375,0.25041288075779344,56,1712135723556
973,0.197265625,3.158203125,0.15234375,0.25041288075779344,59,1712135723556
973,0.201171875,3.19921875,0.087890625,0.25041288075779344,36,1712135723556
973,0.46484375,2.8671875,-0.654296875,-0.25041288075779344,21,1712135723556
973,0.376953125,2.900390625,-0.732421875,-0.25041288075779344,44,1712135723556
973,0.4765625,2.916015625,-0.76953125,-0.25041288075779344,41,1712135723556
973,0.29296875,3.0703125,-0.541015625,-0.25041288075779344,31,1712135723556
973,0.296875,3.12890625,-0.41015625,-0.25041288075779344,36,1712135723556
973,0.400390625,3.162109375,-0.359375,-0.25041288075779344,27,1712135723556
973,0.373046875,2.912109375,-0.5,-0.12520644037889672,42,1712135723556
973,0.376953125,2.943359375,-0.5390625,-0.12520644037889672,89,1712135723556
973,0.380859375,2.982421875,-0.53515625,-0.12520644037889672,83,1712135723556
973,0.2890625,3.025390625,-0.57421875,-0.12520644037889672,40,1712135723556
973,0.29296875,3.095703125,-0.353515625,-0.12520644037889672,74,1712135723556
973,0.296875,3.140625,-0.30078125,-0.12520644037889672,80,1712135723556
973,0.30078125,3.181640625,-0.25390625,-0.12520644037889672,53,1712135723556
974,0.287109375,2.99609375,-0.521484375,0.0,13,1712135723655
974,0.193359375,3.072265625,-0.291015625,0.0,27,1712135723655
974,0.1953125,3.11328125,-0.26953125,0.0,56,1712135723655
974,0.197265625,3.1484375,-0.30078125,0.0,64,1712135723655
974,0.201171875,3.18359375,-0.32421875,0.0,34,1712135723655
974,0.095703125,3.08984375,0.021484375,0.12520644037889672,24,1712135723655
974,0.1953125,3.123046875,-0.048828125,0.12520644037889672,91,1712135723655
974,0.197265625,3.162109375,-0.076171875,0.12520644037889672,114,1712135723655
974,0.099609375,3.203125,-0.0859375,0.12520644037889672,58,1712135723655
974,0.09765625,3.126953125,0.134765625,0.25041288075779344,41,1712135723655
974,0.099609375,3.166015625,0.095703125,0.25041288075779344,49,1712135723655
974,0.099609375,3.203125,0.111328125,0.25041288075779344,24,1712135723655
974,0.283203125,2.8984375,-0.78125,-0.12520644037889672,30,1712135723655
974,0.287109375,2.958984375,-0.701171875,-0.12520644037889672,37,1712135723655
974,0.2890625,2.98828125,-0.7421875,-0.12520644037889672,30,1712135723655
974,0.29296875,3.017578125,-0.78125,-0.12520644037889672,20,1712135723655
975,0.283203125,2.97265625,-0.41796875,0.0,15,1712135723756
975,0.095703125,3.005859375,-0.537109375,0.0,18,1712135723756
975,0.193359375,3.0390625,-0.5390625,0.0,29,1712135723756
975,0.09765625,3.10546875,-0.375,0.0,64,1712135723756
975,0.099609375,3.1484375,-0.34765625,0.0,91,1712135723756
975,0.099609375,3.1875,-0.333984375,0.0,67,1712135723756
975,0.1015625,3.216796875,-0.412109375,0.0,24,1712135723756
975,0.185546875,2.9609375,-0.25,0.12520644037889672,19,1712135723756
975,0.09375,3.0,-0.294921875,0.12520644037889672,34,1712135723756
975,0.19140625,3.03515625,-0.27734375,0.12520644037889672,37,1712135723756
975,0.095703125,3.076171875,-0.30859375,0.12520644037889672,53,1712135723756
975,0.09765625,3.125,-0.150390625,0.12520644037889672,121,1712135723756
975,0.099609375,3.166015625,-0.10546875,0.12520644037889672,171,1712135723756
975,0.099609375,3.203125,-0.1171875,0.12520644037889672,125,1712135723756
975,0.1015625,3.23828125,-0.189453125,0.12520644037889672,43,1712135723756
975,0.095703125,3.08984375,-0.080078125,0.25041288075779344,21,1712135723756
975,0.09765625,3.12890625,0.056640625,0.25041288075779344,51,1712135723756
975,0.099609375,3.166015625,0.078125,0.25041288075779344,71,1712135723756
975,0.099609375,3.203125,0.091796875,0.25041288075779344,52,1712135723756
975,0.09765625,3.12109375,-0.212890625,-0.12520644037889672,17,1712135723756
975,0.099609375,3.15625,-0.26953125,-0.12520644037889672,19,1712135723756
976,0.09375,2.96875,-0.51953125,0.0,37,1712135723856
976,0.19140625,3.013671875,-0.453125,0.0,60,1712135723856
976,0.095703125,3.052734375,-0.48046875,0.0,48,1712135723856
976,0.1953125,3.078125,-0.53515625,0.0,15,1712135723856
976,0.095703125,3.03515625,-0.33203125,0.12520644037889672,20,1712135723856
976,0.095703125,2.876953125,-1.126953125,-0.5008257615155869,17,1712135723856
976,0.0,2.982421875,-0.658203125,-0.37561932113669017,19,1712135723856
976,0.0,2.994140625,-0.7734375,-0.37561932113669017,30,1712135723856
976,0.09765625,3.015625,-0.83203125,-0.37561932113669017,25,1712135723856
976,0.189453125,2.845703125,-0.98046875,-0.25041288075779344,43,1712135723856
976,0.19140625,2.8984375,-0.943359375,-0.25041288075779344,57,1712135723856
976,0.193359375,2.896484375,-1.0625,-0.25041288075779344,32,1712135723856
976,0.09375,2.833984375,-0.912109375,-0.12520644037889672,19,1712135723856
976,0.283203125,2.91015625,-0.736328125,-0.12520644037889672,66,1712135723856
976,0.19140625,2.974609375,-0.666015625,-0.12520644037889672,103,1712135723856
976,0.193359375,3.0234375,-0.62109375,-0.12520644037889672,79,1712135723856
976,0.09765625,3.080078125,-0.55078125,-0.12520644037889672,27,1712135723856
976,-0.966796875,2.16796875,1.982421875,-0.25041288075779344,17,1712135723856
977,0.09375,2.849609375,-0.857421875,0.0,31,1712135723956
977,0.09375,2.9375,-0.67578125,0.0,67,1712135723956
977,0.095703125,2.998046875,-0.57421875,0.0,71,1712135723956
977,-0.38671875,2.91015625,0.96875,0.0,26,1712135723956
977,-0.09765625,3.125,0.169921875,0.0,160,1712135723956
977,-0.099609375,3.1640625,0.13671875,0.0,240,1712135723956
977,-0.099609375,3.203125,0.115234375,0.0,166,1712135723956
977,0.0,3.244140625,0.080078125,0.0,50,1712135723956
977,0.396484375,2.818359375,-1.392578125,0.12520644037889672,10,1712135723956
977,0.0,3.11328125,-0.333984375,-0.37561932113669017,18,1712135723956
977,-0.099609375,3.150390625,-0.326171875,-0.37561932113669017,29,1712135723956
977,0.0,3.1875,-0.341796875,-0.37561932113669017,27,1712135723956
977,0.09375,2.6875,-1.27734375,-0.25041288075779344,27,1712135723956
977,0.189453125,2.8125,-1.0703125,-0.25041288075779344,58,1712135723956
977,0.19140625,2.8828125,-0.98828125,-0.25041288075779344,58,1712135723956
977,-0.2890625,3.076171875,0.140625,-0.25041288075779344,36,1712135723956
977,0.0,3.115234375,-0.3125,-0.25041288075779344,189,1712135723956
977,0.0,3.154296875,-0.3046875,-0.25041288075779344,283,1712135723956
977,0.0,3.19140625,-0.322265625,-0.25041288075779344,199,1712135723956
977,0.0,3.23046875,-0.298828125,-0.25041288075779344,67,1712135723956
977,0.09375,2.787109375,-1.04296875,-0.12520644037889672,54,1712135723956
977,0.09375,2.884765625,-0.873046875,-0.12520644037889672,119,1712135723956
977,0.19140625,2.947265625,-0.77734375,-0.12520644037889672,125,1712135723956
977,-0.38671875,3.03125,0.47265625,-0.12520644037889672,53,1712135723956
977,-0.09765625,3.126953125,-0.119140625,-0.12520644037889672,315,1712135723956
977,-0.099609375,3.1640625,-0.11328125,-0.12520644037889672,472,1712135723956
977,0.0,3.205078125,-0.126953125,-0.12520644037889672,327,1712135723956
977,0.0,3.2421875,-0.138671875,-0.12520644037889672,104,1712135723956
977,0.580078125,2.603515625,-1.564453125,0.0,19,1712135723956
977,-0.79296875,2.396484375,1.916015625,0.12520644037889672,9,1712135723956
977,0.67578125,2.36328125,-1.876953125,-0.12520644037889672,27,1712135723956
978,-0.193359375,3.0859375,-0.01171875,0.0,34,1712135724057
978,-0.1953125,3.123046875,0.10546875,0.0,66,1712135724057
978,-0.197265625,3.162109375,0.01953125,0.0,66,1712135724057
978,-0.201171875,3.189453125,-0.259765625,0.0,29,1712135724057
978,-0.240234375,3.642578125,-1.244140625,0.0,17,1712135724057
978,0.0,2.916015625,-0.767578125,0.12520644037889672,23,1712135724057
978,0.0,2.974609375,-0.693359375,0.12520644037889672,30,1712135724057
978,0.0,3.029296875,-0.623046875,0.12520644037889672,20,1712135724057
978,-0.09765625,3.12890625,-0.017578125,0.12520644037889672,15,1712135724057
978,-0.099609375,3.1484375,-0.337890625,0.12520644037889672,36,1712135724057
978,-0.201171875,3.166015625,-0.474609375,0.12520644037889672,35,1712135724057
978,-0.193359375,3.07421875,-0.26953125,-0.25041288075779344,36,1712135724057
978,-0.09765625,3.1171875,-0.28125,-0.25041288075779344,82,1712135724057
978,-0.099609375,3.15234375,-0.296875,-0.25041288075779344,72,1712135724057
978,-0.193359375,3.0859375,-0.001953125,-0.12520644037889672,52,1712135724057
978,-0.09765625,3.126953125,-0.0859375,-0.12520644037889672,123,1712135724057
978,-0.099609375,3.1640625,-0.1171875,-0.12520644037889672,112,1712135724057
978,0.0,3.1875,-0.357421875,-0.12520644037889672,45,1712135724057
978,-0.12109375,3.537109375,-1.53125,-0.12520644037889672,32,1712135724057
979,0.0,2.75,-1.142578125,0.0,20,1712135724158
979,0.0,2.81640625,-1.078125,0.0,48,1712135724158
979,0.0,2.90234375,-0.94921875,0.0,58,1712135724158
979,-0.095703125,3.048828125,-0.5078125,0.0,41,1712135724158
979,-0.29296875,3.11328125,-0.134765625,0.0,30,1712135724158
979,-0.099609375,3.115234375,-0.572265625,0.0,63,1712135724158
979,-0.099609375,3.162109375,-0.5234375,0.0,66,1712135724158
979,-0.1015625,3.224609375,-0.34375,0.0,35,1712135724158
979,0.0,2.830078125,-0.92578125,0.12520644037889672,45,1712135724158
979,0.0,2.8984375,-0.830078125,0.12520644037889672,103,1712135724158
979,0.0,2.966796875,-0.724609375,0.12520644037889672,116,1712135724158
979,0.0,3.060546875,-0.44140625,0.12520644037889672,55,1712135724158
979,-0.1953125,2.826171875,-1.330078125,0.12520644037889672,20,1712135724158
979,-0.197265625,3.0,-1.001953125,0.12520644037889672,54,1712135724158
979,-0.201171875,3.0703125,-0.900390625,0.12520644037889672,42,1712135724158
979,0.0,2.861328125,-0.826171875,0.25041288075779344,23,1712135724158
979,-0.09375,2.9375,-0.67578125,0.25041288075779344,50,1712135724158
979,0.0,3.0078125,-0.52734375,0.25041288075779344,53,1712135724158
979,0.0,3.08984375,-0.140625,0.25041288075779344,23,1712135724158
979,-0.197265625,3.044921875,-0.85546875,0.25041288075779344,31,1712135724158
979,-0.201171875,3.11328125,-0.740234375,0.25041288075779344,24,1712135724158
979,-0.193359375,3.083984375,0.091796875,-0.25041288075779344,24,1712135724158
979,-0.09765625,3.123046875,-0.18359375,-0.25041288075779344,34,1712135724158
979,0.0,3.150390625,-0.33203125,-0.25041288075779344,26,1712135724158
979,-0.099609375,3.173828125,-0.443359375,-0.25041288075779344,34,1712135724158
979,-0.2890625,3.056640625,0.37109375,-0.12520644037889672,30,1712135724158
979,-0.1953125,3.125,0.00390625,-0.12520644037889672,56,1712135724158
979,-0.099609375,3.162109375,-0.181640625,-0.12520644037889672,64,1712135724158
979,-0.099609375,3.197265625,-0.236328125,-0.12520644037889672,77,1712135724158
979,0.0,3.234375,-0.26953125,-0.12520644037889672,50,1712135724158
980,-0.09375,2.912109375,-0.6171875,0.0,19,1712135724257
980,-0.189453125,2.927734375,-0.69921875,0.0,40,1712135724257
980,-0.19140625,2.9609375,-0.724609375,0.0,45,1712135724257
980,-0.193359375,2.84375,-1.201171875,0.0,22,1712135724257
980,-0.1953125,3.00390625,-0.857421875,0.0,25,1712135724257
980,-0.296875,3.1015625,-0.57421875,0.0,51,1712135724257
980,-0.201171875,3.16796875,-0.451171875,0.0,49,1712135724257
980,0.0,2.80078125,-1.1171875,0.12520644037889672,24,1712135724257
980,-0.19140625,2.908203125,-0.9140625,0.12520644037889672,39,1712135724257
980,-0.193359375,2.9375,-0.947265625,0.12520644037889672,35,1712135724257
980,-0.1953125,2.974609375,-0.953125,0.12520644037889672,46,1712135724257
980,-0.296875,3.056640625,-0.77734375,0.12520644037889672,50,1712135724257
980,-0.201171875,3.12109375,-0.705078125,0.12520644037889672,32,1712135724257
980,-0.54296875,3.265625,-1.0546875,0.12520644037889672,20,1712135724257
980,-0.19140625,2.9453125,-0.787109375,0.25041288075779344,21,1712135724257
980,-0.2890625,2.943359375,-0.90234375,0.25041288075779344,21,1712135724257
980,-0.29296875,3.02734375,-0.73828125,0.25041288075779344,26,1712135724257
980,-0.197265625,3.09375,-0.66015625,0.25041288075779344,26,1712135724257
980,-0.19140625,3.03125,-0.31640625,-0.37561932113669017,35,1712135724257
980,-0.193359375,3.072265625,-0.294921875,-0.37561932113669017,70,1712135724257
980,-0.1953125,3.107421875,-0.322265625,-0.37561932113669017,65,1712135724257
980,-0.197265625,3.134765625,-0.423828125,-0.37561932113669017,27,1712135724257
980,-0.287109375,3.03125,0.234375,-0.25041288075779344,46,1712135724257
980,-0.2890625,3.078125,-0.021484375,-0.25041288075779344,129,1712135724257
980,-0.29296875,3.115234375,-0.109375,-0.25041288075779344,144,1712135724257
980,-0.197265625,3.150390625,-0.283203125,-0.25041288075779344,92,1712135724257
980,-0.201171875,3.150390625,-0.568359375,-0.25041288075779344,54,1712135724257
980,-0.203125,3.17578125,-0.634765625,-0.25041288075779344,26,1712135724257
980,-0.185546875,2.90625,-0.62109375,-0.12520644037889672,27,1712135724257
980,-0.189453125,2.935546875,-0.669921875,-0.12520644037889672,42,1712135724257
980,0.0,2.734375,-1.361328125,-0.12520644037889672,17,1712135724257
980,-0.2890625,3.048828125,0.419921875,-0.12520644037889672,57,1712135724257
980,-0.29296875,3.115234375,0.09765625,-0.12520644037889672,85,1712135724257
980,-0.197265625,3.15625,-0.193359375,-0.12520644037889672,83,1712135724257
980,-0.201171875,3.17578125,-0.400390625,-0.12520644037889672,74,1712135724257
980,-0.203125,3.20703125,-0.45703125,-0.12520644037889672,39,1712135724257
981,-0.470703125,2.974609375,-0.146484375,0.0,14,1712135724358
981,-0.380859375,3.025390625,0.158203125,0.0,28,1712135724358
981,-0.482421875,3.01171875,0.5078125,0.0,25,1712135724358
981,-0.396484375,2.93359375,-1.12890625,0.0,18,1712135724358
981,-0.38671875,3.052734375,-0.30859375,0.12520644037889672,20,1712135724358
981,-0.29296875,3.03125,-0.7265625,0.12520644037889672,26,1712135724358
981,-0.197265625,2.998046875,-1.009765625,0.12520644037889672,37,1712135724358
981,-0.201171875,3.056640625,-0.94921875,0.12520644037889672,40,1712135724358
981,-0.296875,3.046875,-0.81640625,0.25041288075779344,24,1712135724358
981,-0.201171875,3.125,-0.689453125,0.25041288075779344,26,1712135724358
981,-0.283203125,2.99609375,-0.197265625,-0.25041288075779344,21,1712135724358
981,-0.287109375,3.041015625,-0.046875,-0.25041288075779344,54,1712135724358
981,-0.38671875,3.064453125,0.15625,-0.25041288075779344,61,1712135724358
981,-0.390625,2.984375,0.861328125,-0.25041288075779344,25,1712135724358
981,-0.296875,1.85546875,-2.55078125,-0.25041288075779344,21,1712135724358
981,-0.376953125,2.9921875,0.0078125,-0.12520644037889672,29,1712135724358
981,-0.380859375,3.021484375,0.220703125,-0.12520644037889672,61,1712135724358
981,-0.38671875,3.0078125,0.609375,-0.12520644037889672,56,1712135724358
981,0.0,1.4609375,-2.767578125,-0.12520644037889672,15,1712135724358
981,-0.296875,2.7421875,-1.55859375,-0.12520644037889672,51,1712135724358
981,-0.30078125,2.9375,-1.25,-0.12520644037889672,34,1712135724358
981,1.271484375,1.677734375,2.318359375,-0.12520644037889672,10,1712135724358
982,-0.279296875,2.900390625,-0.611328125,0.0,35,1712135724458
982,-0.283203125,2.943359375,-0.595703125,0.0,62,1712135724458
982,-0.19140625,3.00390625,-0.517578125,0.0,57,1712135724458
982,-0.38671875,3.056640625,-0.26953125,0.0,30,1712135724458
982,-0.279296875,2.93359375,-0.43359375,0.12520644037889672,65,1712135724458
982,-0.283203125,2.9609375,-0.494140625,0.12520644037889672,109,1712135724458
982,-0.287109375,2.98828125,-0.5625,0.12520644037889672,85,1712135724458
982,-0.2890625,3.00390625,-0.673828125,0.12520644037889672,35,1712135724458
982,-0.390625,3.1015625,-0.15234375,0.12520644037889672,55,1712135724458
982,-0.396484375,3.134765625,-0.25,0.12520644037889672,60,1712135724458
982,-0.30078125,3.181640625,-0.2734375,0.12520644037889672,36,1712135724458
982,-0.279296875,2.951171875,-0.279296875,0.25041288075779344,32,1712135724458
982,-0.283203125,2.986328125,-0.3046875,0.25041288075779344,53,1712135724458
982,-0.287109375,3.021484375,-0.333984375,0.25041288075779344,46,1712135724458
982,-0.2890625,3.02734375,-0.5546875,0.25041288075779344,25,1712135724458
982,-0.2890625,3.052734375,-0.400390625,-0.25041288075779344,24,1712135724458
982,-0.390625,3.029296875,-0.6875,-0.25041288075779344,25,1712135724458
982,-0.380859375,3.029296875,-0.09765625,-0.12520644037889672,37,1712135724458
982,-0.38671875,3.05859375,-0.248046875,-0.12520644037889672,60,1712135724458
982,-0.390625,3.0625,-0.517578125,-0.12520644037889672,59,1712135724458
982,-0.396484375,3.08203125,-0.62109375,-0.12520644037889672,40,1712135724458
983,-0.373046875,2.88671875,-0.630859375,0.0,16,1712135724559
983,-0.376953125,2.89453125,-0.7578125,0.0,27,1712135724559
983,-0.287109375,2.927734375,-0.818359375,0.0,16,1712135724559
983,-0.482421875,2.6953125,-1.435546875,0.0,18,1712135724559
983,-0.390625,2.970703125,-0.904296875,0.0,41,1712135724559
983,-0.396484375,2.9921875,-0.966796875,0.0,43,1712135724559
983,-0.400390625,2.994140625,-1.07421875,0.0,24,1712135724559
983,-0.373046875,2.904296875,-0.537109375,0.12520644037889672,38,1712135724559
983,-0.376953125,2.9453125,-0.5234375,0.12520644037889672,71,1712135724559
983,-0.287109375,2.990234375,-0.556640625,0.12520644037889672,54,1712135724559
983,-0.482421875,2.66796875,-1.486328125,0.12520644037889672,20,1712135724559
983,-0.390625,2.9375,-1.0078125,0.12520644037889672,56,1712135724559
983,-0.396484375,2.986328125,-0.984375,0.12520644037889672,64,1712135724559
983,-0.400390625,3.0078125,-1.03515625,0.12520644037889672,40,1712135724559
983,-0.373046875,2.9296875,-0.37890625,0.25041288075779344,36,1712135724559
983,-0.283203125,2.984375,-0.322265625,0.25041288075779344,73,1712135724559
983,-0.287109375,3.025390625,-0.306640625,0.25041288075779344,62,1712135724559
983,-0.390625,3.033203125,-0.669921875,0.25041288075779344,38,1712135724559
983,-0.296875,3.041015625,-0.83984375,0.25041288075779344,45,1712135724559
983,-0.400390625,2.986328125,-1.09765625,0.25041288075779344,22,1712135724559
983,-0.376953125,2.984375,-0.216796875,0.37561932113669017,22,1712135724559
983,-0.390625,2.994140625,-0.82421875,-0.12520644037889672,24,1712135724559
984,-0.380859375,3.0234375,-0.1875,0.0,18,1712135724659
984,-0.193359375,3.0625,-0.3828125,0.0,24,1712135724659
984,-0.390625,3.0078125,-0.775390625,0.0,49,1712135724659
984,-0.396484375,3.05078125,-0.7578125,0.0,69,1712135724659
984,-0.501953125,3.08203125,-0.732421875,0.0,43,1712135724659
984,-0.5078125,3.13671875,-0.65625,0.0,19,1712135724659
984,-0.470703125,2.966796875,-0.265625,0.12520644037889672,20,1712135724659
984,-0.380859375,3.017578125,-0.28125,0.12520644037889672,62,1712135724659
984,-0.38671875,3.060546875,-0.203125,0.12520644037889672,60,1712135724659
984,-0.390625,3.041015625,-0.62890625,0.12520644037889672,74,1712135724659
984,-0.494140625,3.05859375,-0.666015625,0.12520644037889672,131,1712135724659
984,-0.501953125,3.099609375,-0.65234375,0.12520644037889672,95,1712135724659
984,-0.5078125,3.126953125,-0.701171875,0.12520644037889672,37,1712135724659
984,-0.376953125,2.919921875,-0.654296875,0.25041288075779344,62,1712135724659
984,-0.380859375,2.96484375,-0.625,0.25041288075779344,129,1712135724659
984,-0.2890625,3.0078125,-0.654296875,0.25041288075779344,114,1712135724659
984,-0.29296875,2.986328125,-0.890625,0.25041288075779344,22,1712135724659
984,-0.396484375,3.103515625,-0.501953125,0.25041288075779344,85,1712135724659
984,-0.501953125,3.119140625,-0.5546875,0.25041288075779344,79,1712135724659
984,-0.5078125,3.158203125,-0.548828125,0.25041288075779344,42,1712135724659
984,-0.283203125,2.966796875,-0.46484375,0.37561932113669017,89,1712135724659
984,-0.380859375,2.986328125,-0.517578125,0.37561932113669017,172,1712135724659
984,-0.2890625,3.041015625,-0.482421875,0.37561932113669017,166,1712135724659
984,-0.390625,3.072265625,-0.455078125,0.37561932113669017,78,1712135724659
984,-0.494140625,3.119140625,-0.267578125,0.37561932113669017,29,1712135724659
984,-0.6015625,3.134765625,-0.30078125,0.37561932113669017,23,1712135724659
984,-0.376953125,2.978515625,-0.29296875,0.5008257615155869,43,1712135724659
984,-0.380859375,3.015625,-0.296875,0.5008257615155869,81,1712135724659
984,-0.38671875,3.052734375,-0.302734375,0.5008257615155869,77,1712135724659
984,-0.390625,3.09765625,-0.23828125,0.5008257615155869,38,1712135724659
984,-0.734375,3.2734375,-0.189453125,-0.37561932113669017,22,1712135724659
984,-0.67578125,2.810546875,-1.099609375,-0.25041288075779344,21,1712135724659
984,-0.587890625,2.923828125,-0.951171875,-0.25041288075779344,23,1712135724659
984,-0.609375,3.14453125,-0.51953125,-0.25041288075779344,24,1712135724659
984,-0.615234375,3.1640625,-0.62890625,-0.25041288075779344,23,1712135724659
984,-0.67578125,2.86328125,-0.955078125,-0.12520644037889672,29,1712135724659
984,-0.685546875,2.962890625,-0.744140625,-0.12520644037889672,33,1712135724659
984,-0.59375,3.046875,-0.634765625,-0.12520644037889672,25,1712135724659
984,-0.708984375,3.126953125,-0.50390625,-0.12520644037889672,20,1712135724659
984,-0.71875,3.142578125,-0.619140625,-0.12520644037889672,24,1712135724659
984,2.837890625,1.111328125,-0.720703125,0.25041288075779344,14,1712135724659
985,-0.380859375,2.830078125,-1.083984375,0.0,26,1712135724760
985,-0.38671875,3.005859375,-0.615234375,0.0,54,1712135724760
985,-0.48828125,3.041015625,-0.5625,0.0,77,1712135724760
985,-0.494140625,3.03515625,-0.763671875,0.0,102,1712135724760
985,-0.501953125,3.04296875,-0.876953125,0.0,83,1712135724760
985,-0.40625,3.08203125,-0.931640625,0.0,34,1712135724760
985,-0.380859375,2.95703125,-0.658203125,0.12520644037889672,68,1712135724760
985,-0.482421875,3.0390625,-0.3046875,0.12520644037889672,126,1712135724760
985,-0.48828125,3.072265625,-0.35546875,0.12520644037889672,176,1712135724760
985,-0.494140625,3.072265625,-0.59765625,0.12520644037889672,219,1712135724760
985,-0.501953125,3.064453125,-0.802734375,0.12520644037889672,171,1712135724760
985,-0.5078125,2.982421875,-1.171875,0.12520644037889672,69,1712135724760
985,-0.572265625,3.0,0.009765625,0.25041288075779344,43,1712135724760
985,-0.482421875,3.052734375,0.083984375,0.25041288075779344,91,1712135724760
985,-0.48828125,3.080078125,-0.267578125,0.25041288075779344,172,1712135724760
985,-0.494140625,3.09375,-0.46875,0.25041288075779344,211,1712135724760
985,-0.501953125,3.083984375,-0.720703125,0.25041288075779344,136,1712135724760
985,-0.40625,3.056640625,-1.0078125,0.25041288075779344,65,1712135724760
985,-0.513671875,3.1328125,-0.8359375,0.25041288075779344,34,1712135724760
985,-0.380859375,2.978515625,-0.5625,0.37561932113669017,17,1712135724760
985,-0.38671875,3.033203125,-0.462890625,0.37561932113669017,76,1712135724760
985,-0.48828125,3.05859375,-0.451171875,0.37561932113669017,137,1712135724760
985,-0.494140625,3.091796875,-0.482421875,0.37561932113669017,113,1712135724760
985,-0.30078125,2.900390625,-1.3359375,0.37561932113669017,24,1712135724760
985,-0.5078125,3.16015625,-0.5390625,0.37561932113669017,53,1712135724760
985,-0.513671875,3.181640625,-0.626953125,0.37561932113669017,40,1712135724760
985,-0.380859375,2.9453125,-0.712890625,0.5008257615155869,32,1712135724760
985,-0.38671875,3.009765625,-0.599609375,0.5008257615155869,91,1712135724760
985,-0.390625,3.060546875,-0.52734375,0.5008257615155869,121,1712135724760
985,-0.396484375,3.109375,-0.46875,0.5008257615155869,77,1712135724760
985,-0.609375,3.16796875,-0.359375,0.5008257615155869,29,1712135724760
985,-0.380859375,2.982421875,-0.533203125,0.6260322018944836,33,1712135724760
985,-0.38671875,3.03125,-0.47265625,0.6260322018944836,79,1712135724760
985,-0.390625,3.0703125,-0.470703125,0.6260322018944836,86,1712135724760
985,-0.396484375,3.1171875,-0.400390625,0.6260322018944836,44,1712135724760
985,-0.38671875,3.05859375,-0.23828125,0.7512386422733803,32,1712135724760
985,-0.390625,3.095703125,-0.251953125,0.7512386422733803,31,1712135724760
985,-0.615234375,3.080078125,-0.958984375,-0.37561932113669017,24,1712135724760
985,-0.623046875,3.154296875,-0.8359375,-0.37561932113669017,20,1712135724760
985,-0.609375,3.06640625,-0.87109375,-0.25041288075779344,23,1712135724760
985,-0.615234375,3.1171875,-0.822265625,-0.25041288075779344,41,1712135724760
985,-0.7265625,3.130859375,-0.833984375,-0.25041288075779344,33,1712135724760
985,-0.67578125,2.84765625,-0.998046875,-0.12520644037889672,24,1712135724760
985,-0.685546875,2.8984375,-0.9609375,-0.12520644037889672,26,1712135724760
985,-0.494140625,3.005859375,-0.869140625,-0.12520644037889672,29,1712135724760
985,-0.501953125,3.08984375,-0.693359375,-0.12520644037889672,20,1712135724760
986,-0.580078125,2.923828125,-0.826171875,0.0,16,1712135724860
986,-0.48828125,2.96484375,-0.87890625,0.0,48,1712135724860
986,-0.494140625,3.033203125,-0.771484375,0.0,99,1712135724860
986,-0.501953125,3.0859375,-0.71484375,0.0,118,1712135724860
986,-0.5078125,3.140625,-0.64453125,0.0,85,1712135724860
986,-0.615234375,3.19140625,-0.46875,0.0,35,1712135724860
986,-0.580078125,3.021484375,-0.31640625,0.12520644037889672,48,1712135724860
986,-0.587890625,3.005859375,-0.65234375,0.12520644037889672,111,1712135724860
986,-0.59375,3.05859375,-0.580078125,0.12520644037889672,206,1712135724860
986,-0.6015625,3.103515625,-0.54296875,0.12520644037889672,244,1712135724860
986,-0.609375,3.130859375,-0.599609375,0.12520644037889672,186,1712135724860
986,-0.513671875,3.169921875,-0.6796875,0.12520644037889672,90,1712135724860
986,-0.580078125,3.037109375,0.017578125,0.25041288075779344,47,1712135724860
986,-0.587890625,3.03515625,-0.498046875,0.25041288075779344,90,1712135724860
986,-0.494140625,3.1015625,-0.41796875,0.25041288075779344,145,1712135724860
986,-0.501953125,3.14453125,-0.38671875,0.25041288075779344,179,1712135724860
986,-0.5078125,3.166015625,-0.5,0.25041288075779344,163,1712135724860
986,-0.513671875,3.1875,-0.59375,0.25041288075779344,98,1712135724860
986,-0.609375,3.84375,-0.119140625,0.25041288075779344,25,1712135724860
986,-0.615234375,3.87890625,-0.212890625,0.25041288075779344,40,1712135724860
986,-0.580078125,2.923828125,-0.822265625,0.37561932113669017,24,1712135724860
986,-0.48828125,3.025390625,-0.634765625,0.37561932113669017,58,1712135724860
986,-0.396484375,3.087890625,-0.58984375,0.37561932113669017,78,1712135724860
986,-0.501953125,3.1328125,-0.46484375,0.37561932113669017,58,1712135724860
986,-0.609375,3.173828125,-0.29296875,0.37561932113669017,42,1712135724860
986,-0.615234375,3.189453125,-0.482421875,0.37561932113669017,40,1712135724860
986,-0.609375,3.84375,-0.123046875,0.37561932113669017,18,1712135724860
986,-0.615234375,3.880859375,-0.130859375,0.37561932113669017,27,1712135724860
986,-0.482421875,2.978515625,-0.67578125,0.5008257615155869,26,1712135724860
986,-0.390625,3.0625,-0.517578125,0.5008257615155869,100,1712135724860
986,-0.396484375,3.10546875,-0.482421875,0.5008257615155869,168,1712135724860
986,-0.400390625,3.14453125,-0.48046875,0.5008257615155869,143,1712135724860
986,-0.3046875,3.197265625,-0.46875,0.5008257615155869,60,1712135724860
986,-0.482421875,3.033203125,-0.361328125,0.6260322018944836,21,1712135724860
986,-0.48828125,3.080078125,-0.2734375,0.6260322018944836,81,1712135724860
986,-0.396484375,3.134765625,-0.240234375,0.6260322018944836,138,1712135724860
986,-0.400390625,3.173828125,-0.22265625,0.6260322018944836,120,1712135724860
986,-0.40625,3.212890625,-0.193359375,0.6260322018944836,54,1712135724860
986,-0.390625,3.044921875,-0.611328125,0.7512386422733803,24,1712135724860
986,-0.296875,3.099609375,-0.58984375,0.7512386422733803,46,1712135724860
986,-0.400390625,3.1484375,-0.45703125,0.7512386422733803,45,1712135724860
986,-0.40625,3.19921875,-0.3671875,0.7512386422733803,25,1712135724860
986,-0.8203125,3.1171875,-0.623046875,-0.37561932113669017,21,1712135724860
986,-0.810546875,3.12109375,-0.36328125,-0.25041288075779344,43,1712135724860
986,-0.71875,3.193359375,-0.26171875,-0.25041288075779344,53,1712135724860
986,-0.830078125,3.208984375,-0.20703125,-0.25041288075779344,32,1712135724860
986,-0.6015625,3.044921875,-0.8046875,-0.12520644037889672,23,1712135724860
986,-0.810546875,3.138671875,-0.12109375,-0.12520644037889672,36,1712135724860
986,-0.8203125,3.171875,0.21484375,-0.12520644037889672,37,1712135724860
987,-0.67578125,3.00390625,0.2890625,0.0,14,1712135724960
987,-0.48828125,2.8125,-1.28515625,0.0,20,1712135724960
987,-0.59375,2.984375,-0.880859375,0.0,107,1712135724960
987,-0.6015625,3.05078125,-0.78125,0.0,150,1712135724960
987,-0.609375,3.10546875,-0.71484375,0.0,101,1712135724960
987,-0.8203125,3.107421875,-0.673828125,0.0,51,1712135724960
987,-0.830078125,3.126953125,-0.75,0.0,26,1712135724960
987,-0.67578125,2.984375,0.451171875,0.12520644037889672,25,1712135724960
987,-0.587890625,2.806640625,-1.255859375,0.12520644037889672,37,1712135724960
987,-0.59375,3.04296875,-0.65234375,0.12520644037889672,185,1712135724960
987,-0.6015625,3.1015625,-0.552734375,0.12520644037889672,222,1712135724960
987,-0.708984375,3.115234375,-0.56640625,0.12520644037889672,92,1712135724960
987,-0.693359375,3.052734375,-0.48828125,0.25041288075779344,63,1712135724960
987,-0.701171875,3.126953125,-0.099609375,0.25041288075779344,51,1712135724960
987,-0.3046875,3.130859375,-0.796875,0.25041288075779344,80,1712135724960
987,-0.41015625,3.1796875,-0.703125,0.25041288075779344,102,1712135724960
987,-0.51953125,3.19140625,-0.76171875,0.25041288075779344,62,1712135724960
987,-0.48828125,3.08203125,-0.236328125,0.37561932113669017,27,1712135724960
987,-0.494140625,3.115234375,-0.291015625,0.37561932113669017,98,1712135724960
987,-0.501953125,3.15234375,-0.31640625,0.37561932113669017,157,1712135724960
987,-0.5078125,3.171875,-0.46484375,0.37561932113669017,155,1712135724960
987,-0.513671875,3.1796875,-0.634765625,0.37561932113669017,124,1712135724960
987,-0.51953125,3.208984375,-0.677734375,0.37561932113669017,73,1712135724960
987,-0.494140625,3.125,-0.16796875,0.5008257615155869,43,1712135724960
987,-0.501953125,3.154296875,-0.27734375,0.5008257615155869,71,1712135724960
987,-0.5078125,3.177734375,-0.42578125,0.5008257615155869,78,1712135724960
987,-0.41015625,3.220703125,-0.4921875,0.5008257615155869,66,1712135724960
987,-0.51953125,3.232421875,-0.564453125,0.5008257615155869,39,1712135724960
987,-0.40625,3.125,-0.7734375,0.6260322018944836,24,1712135724960
987,-0.513671875,3.171875,-0.677734375,0.6260322018944836,24,1712135724960
987,-0.830078125,3.18359375,-0.45703125,-0.37561932113669017,23,1712135724960
987,-0.90234375,3.056640625,-0.35546875,-0.25041288075779344,18,1712135724960
987,-0.810546875,3.115234375,-0.404296875,-0.25041288075779344,39,1712135724960
987,-0.8203125,3.150390625,-0.41796875,-0.25041288075779344,35,1712135724960
987,-0.90234375,3.07421875,-0.150390625,-0.12520644037889672,29,1712135724960
987,-0.810546875,3.130859375,-0.251953125,-0.12520644037889672,72,1712135724960
987,-0.71875,3.1875,-0.322265625,-0.12520644037889672,73,1712135724960
987,-0.830078125,3.18359375,-0.44921875,-0.12520644037889672,34,1712135724960
988,-0.685546875,3.05078125,-0.146484375,0.0,27,1712135725061
988,-0.59375,3.08984375,-0.376953125,0.0,52,1712135725061
988,-0.6015625,3.076171875,-0.681640625,0.0,48,1712135725061
988,-0.513671875,3.224609375,-0.3359375,0.0,25,1712135725061
988,-0.416015625,3.0625,-1.21875,0.0,20,1712135725061
988,-0.685546875,3.0546875,0.068359375,0.12520644037889672,59,1712135725061
988,-0.59375,3.107421875,-0.173828125,0.12520644037889672,134,1712135725061
988,-0.501953125,3.14453125,-0.375,0.12520644037889672,185,1712135725061
988,-0.609375,3.150390625,-0.482421875,0.12520644037889672,150,1712135725061
988,-0.615234375,3.197265625,-0.423828125,0.12520644037889672,55,1712135725061
988,-0.630859375,3.00390625,-1.3671875,0.12520644037889672,28,1712135725061
988,-0.685546875,3.04296875,0.2578125,0.25041288075779344,27,1712135725061
988,-0.59375,3.109375,-0.125,0.25041288075779344,84,1712135725061
988,-0.501953125,3.150390625,-0.322265625,0.25041288075779344,181,1712135725061
988,-0.5078125,3.177734375,-0.41796875,0.25041288075779344,219,1712135725061
988,-0.513671875,3.20703125,-0.486328125,0.25041288075779344,146,1712135725061
988,-0.51953125,3.216796875,-0.64453125,0.25041288075779344,56,1712135725061
988,-0.630859375,3.17578125,-0.896484375,0.25041288075779344,25,1712135725061
988,-0.59375,3.091796875,-0.35546875,0.37561932113669017,25,1712135725061
988,-0.501953125,3.15625,-0.255859375,0.37561932113669017,97,1712135725061
988,-0.5078125,3.193359375,-0.26953125,0.37561932113669017,151,1712135725061
988,-0.513671875,3.228515625,-0.3046875,0.37561932113669017,122,1712135725061
988,-0.51953125,3.263671875,-0.33984375,0.37561932113669017,58,1712135725061
988,-0.630859375,3.263671875,-0.482421875,0.37561932113669017,19,1712135725061
988,-0.609375,3.1875,-0.01953125,0.5008257615155869,30,1712135725061
988,-0.615234375,3.224609375,0.037109375,0.5008257615155869,20,1712135725061
988,-0.513671875,3.09765625,-0.958984375,0.6260322018944836,28,1712135725061
988,-0.416015625,3.1796875,-0.86328125,0.6260322018944836,51,1712135725061
988,-0.525390625,3.193359375,-0.900390625,0.6260322018944836,42,1712135725061
988,-0.30859375,3.107421875,-1.013671875,0.7512386422733803,23,1712135725061
988,-0.416015625,3.181640625,-0.857421875,0.7512386422733803,49,1712135725061
988,-0.525390625,3.208984375,-0.84375,0.7512386422733803,43,1712135725061
988,-0.53125,3.240234375,-0.869140625,0.7512386422733803,19,1712135725061
988,-1.435546875,1.37109375,2.615234375,0.876445082652277,18,1712135725061
988,-0.416015625,3.216796875,-0.712890625,0.876445082652277,30,1712135725061
988,-0.419921875,3.25390625,-0.720703125,0.876445082652277,25,1712135725061
988,0.0,2.490234375,2.080078125,-0.876445082652277,18,1712135725061
988,0.0,2.62109375,1.9765625,-0.876445082652277,20,1712135725061
988,-1.037109375,3.0703125,-0.73046875,-0.876445082652277,22,1712135725061
988,-0.923828125,3.115234375,-0.466796875,-0.7512386422733803,32,1712135725061
988,-0.93359375,3.138671875,-0.55859375,-0.7512386422733803,45,1712135725061
988,-0.9453125,3.17578125,-0.5546875,-0.7512386422733803,31,1712135725061
988,-0.923828125,3.103515625,-0.541015625,-0.6260322018944836,33,1712135725061
988,-0.93359375,3.14453125,-0.51953125,-0.6260322018944836,44,1712135725061
988,-1.05078125,3.1640625,-0.41796875,-0.6260322018944836,26,1712135725061
988,-0.8203125,3.140625,-0.494140625,-0.5008257615155869,36,1712135725061
988,-0.93359375,3.15625,-0.447265625,-0.5008257615155869,32,1712135725061
988,-0.955078125,3.158203125,-0.814453125,-0.5008257615155869,31,1712135725061
988,-0.912109375,3.060546875,-0.57421875,-0.37561932113669017,19,1712135725061
988,-0.923828125,3.1171875,-0.458984375,-0.37561932113669017,33,1712135725061
988,-0.93359375,3.154296875,-0.45703125,-0.37561932113669017,27,1712135725061
988,-0.9453125,3.158203125,-0.64453125,-0.37561932113669017,27,1712135725061
988,-0.955078125,3.203125,-0.609375,-0.37561932113669017,34,1712135725061
988,-0.701171875,3.087890625,-0.5078125,-0.25041288075779344,33,1712135725061
988,-0.708984375,3.115234375,-0.5703125,-0.25041288075779344,38,1712135725061
988,-0.8203125,3.12109375,-0.607421875,-0.25041288075779344,24,1712135725061
988,-0.93359375,3.109375,-0.697265625,-0.25041288075779344,21,1712135725061
988,-0.59375,3.078125,-0.4609375,-0.12520644037889672,32,1712135725061
988,-0.701171875,3.09765625,-0.4453125,-0.12520644037889672,66,1712135725061
988,-0.708984375,3.1328125,-0.4609375,-0.12520644037889672,86,1712135725061
988,-0.71875,3.1640625,-0.501953125,-0.12520644037889672,59,1712135725061
988,-0.205078125,3.1953125,-0.728515625,0.876445082652277,17,1712135725061
988,-1.556640625,1.521484375,2.5078125,0.876445082652277,21,1712135725061
988,-1.6796875,1.701171875,2.359375,0.876445082652277,15,1712135725061
989,-0.693359375,2.953125,-0.91796875,0.0,19,1712135725161
989,-1.001953125,2.99609375,0.544921875,0.0,25,1712135725161
989,-1.013671875,3.048828125,0.458984375,0.0,39,1712135725161
989,-1.025390625,3.107421875,0.27734375,0.0,29,1712135725161
989,-0.51953125,3.0546875,-1.1953125,0.0,18,1712135725161
989,-0.525390625,3.044921875,-1.31640625,0.0,15,1712135725161
989,-0.859375,3.8359375,-0.001953125,0.0,17,1712135725161
989,-0.744140625,3.89453125,0.220703125,0.0,19,1712135725161
989,-0.59375,3.015625,-0.771484375,0.12520644037889672,28,1712135725161
989,-0.6015625,3.091796875,-0.607421875,0.12520644037889672,70,1712135725161
989,-0.5078125,3.14453125,-0.62109375,0.12520644037889672,102,1712135725161
989,-0.513671875,3.146484375,-0.783203125,0.12520644037889672,106,1712135725161
989,-0.51953125,3.14453125,-0.93359375,0.12520644037889672,83,1712135725161
989,-0.525390625,3.1484375,-1.046875,0.12520644037889672,46,1712135725161
989,-0.6015625,3.126953125,-0.373046875,0.25041288075779344,44,1712135725161
989,-0.609375,3.1640625,-0.37890625,0.25041288075779344,77,1712135725161
989,-0.513671875,3.201171875,-0.515625,0.25041288075779344,88,1712135725161
989,-0.51953125,3.181640625,-0.798828125,0.25041288075779344,67,1712135725161
989,-0.630859375,3.16796875,-0.92578125,0.25041288075779344,35,1712135725161
989,-0.419921875,3.181640625,-0.9921875,0.6260322018944836,19,1712135725161
989,-0.423828125,3.203125,-1.048828125,0.6260322018944836,17,1712135725161
989,-0.416015625,3.171875,-0.89453125,0.7512386422733803,27,1712135725161
989,-0.419921875,3.228515625,-0.830078125,0.7512386422733803,40,1712135725161
989,-0.53125,3.23046875,-0.90625,0.7512386422733803,32,1712135725161
989,-0.416015625,3.1171875,-1.068359375,0.876445082652277,36,1712135725161
989,-0.314453125,3.181640625,-1.03125,0.876445082652277,59,1712135725161
989,-0.423828125,3.21875,-1.001953125,0.876445082652277,50,1712135725161
989,-0.322265625,3.275390625,-0.986328125,0.876445082652277,24,1712135725161
989,0.0,2.357421875,2.33984375,-1.0016515230311738,31,1712135725161
989,0.0,2.3046875,2.443359375,-1.0016515230311738,54,1712135725161
989,0.0,2.330078125,2.47265625,-1.0016515230311738,45,1712135725161
989,0.107421875,2.25390625,2.591796875,-1.0016515230311738,20,1712135725161
989,-0.830078125,3.125,-0.755859375,-0.6260322018944836,19,1712135725161
989,-0.9453125,3.12890625,-0.775390625,-0.6260322018944836,25,1712135725161
989,-0.90234375,3.005859375,-0.65625,-0.5008257615155869,39,1712135725161
989,-0.912109375,3.048828125,-0.63671875,-0.5008257615155869,49,1712135725161
989,-0.923828125,3.08203125,-0.65625,-0.5008257615155869,20,1712135725161
989,-0.830078125,3.15234375,-0.6328125,-0.5008257615155869,39,1712135725161
989,-0.9453125,3.158203125,-0.65234375,-0.5008257615155869,57,1712135725161
989,-0.955078125,3.201171875,-0.62109375,-0.5008257615155869,37,1712135725161
989,-0.79296875,3.029296875,-0.48046875,-0.37561932113669017,35,1712135725161
989,-0.80078125,3.07421875,-0.439453125,-0.37561932113669017,83,1712135725161
989,-0.912109375,3.0859375,-0.412109375,-0.37561932113669017,93,1712135725161
989,-0.8203125,3.158203125,-0.369140625,-0.37561932113669017,48,1712135725161
989,-0.93359375,3.1640625,-0.375,-0.37561932113669017,27,1712135725161
989,-0.9453125,3.19921875,-0.404296875,-0.37561932113669017,36,1712135725161
989,-0.79296875,3.03125,-0.47265625,-0.25041288075779344,35,1712135725161
989,-0.90234375,3.060546875,-0.3125,-0.25041288075779344,52,1712135725161
989,-1.115234375,3.046875,0.02734375,-0.25041288075779344,30,1712135725161
989,-0.693359375,2.998046875,-0.7578125,-0.12520644037889672,42,1712135725161
989,-0.6015625,3.07421875,-0.685546875,-0.12520644037889672,83,1712135725161
989,-0.708984375,3.140625,-0.404296875,-0.12520644037889672,105,1712135725161
989,-0.71875,3.1953125,-0.23046875,-0.12520644037889672,83,1712135725161
989,-0.830078125,3.2109375,-0.171875,-0.12520644037889672,33,1712135725161
989,-0.736328125,3.830078125,-0.4921875,-0.12520644037889672,32,1712135725161
989,-0.744140625,3.8828125,-0.369140625,-0.12520644037889672,34,1712135725161
989,0.0,2.337890625,-2.3046875,0.0,16,1712135725161
989,-1.24609375,2.830078125,-1.212890625,-1.0016515230311738,19,1712135725161
989,-1.259765625,2.935546875,-1.04296875,-1.0016515230311738,33,1712135725161
989,-1.2734375,3.03125,-0.859375,-1.0016515230311738,28,1712135725161
989,-1.181640625,3.123046875,-0.810546875,-1.0016515230311738,14,1712135725161
990,-0.67578125,3.013671875,0.158203125,0.0,16,1712135725261
990,-0.783203125,3.03125,-0.013671875,0.0,56,1712135725261
990,-0.693359375,3.091796875,-0.078125,0.0,111,1712135725261
990,-0.701171875,3.126953125,-0.099609375,0.0,128,1712135725261
990,-0.708984375,3.166015625,-0.041015625,0.0,90,1712135725261
990,-0.71875,3.181640625,0.3828125,0.0,32,1712135725261
990,-0.90234375,3.078125,0.001953125,0.12520644037889672,18,1712135725261
990,-0.623046875,3.078125,-1.080078125,0.12520644037889672,40,1712135725261
990,-0.630859375,3.16015625,-0.951171875,0.12520644037889672,39,1712135725261
990,-0.63671875,3.1953125,-0.966796875,0.12520644037889672,23,1712135725261
990,-0.51953125,3.111328125,-1.041015625,0.25041288075779344,33,1712135725261
990,-0.630859375,3.201171875,-0.8046875,0.25041288075779344,29,1712135725261
990,-0.890625,2.97265625,-0.642578125,-0.5008257615155869,54,1712135725261
990,-0.90234375,3.009765625,-0.638671875,-0.5008257615155869,84,1712135725261
990,-0.810546875,3.078125,-0.634765625,-0.5008257615155869,61,1712135725261
990,-0.8203125,3.0703125,-0.826171875,-0.5008257615155869,50,1712135725261
990,-0.830078125,3.09765625,-0.8671875,-0.5008257615155869,43,1712135725261
990,-0.890625,3.005859375,-0.462890625,-0.37561932113669017,43,1712135725261
990,-0.90234375,3.046875,-0.4296875,-0.37561932113669017,67,1712135725261
990,-0.912109375,3.076171875,-0.490234375,-0.37561932113669017,60,1712135725261
990,-0.8203125,3.119140625,-0.6171875,-0.37561932113669017,86,1712135725261
990,-0.830078125,3.15625,-0.619140625,-0.37561932113669017,74,1712135725261
990,-0.685546875,3.0234375,-0.435546875,-0.25041288075779344,64,1712135725261
990,-0.693359375,3.05078125,-0.5,-0.25041288075779344,121,1712135725261
990,-0.6015625,3.1015625,-0.548828125,-0.25041288075779344,128,1712135725261
990,-0.609375,3.123046875,-0.640625,-0.25041288075779344,80,1712135725261
990,-0.8203125,3.140625,-0.486328125,-0.25041288075779344,46,1712135725261
990,-0.93359375,3.15625,-0.44140625,-0.25041288075779344,38,1712135725261
990,-0.67578125,3.017578125,-0.041015625,-0.12520644037889672,30,1712135725261
990,-0.685546875,3.046875,-0.21875,-0.12520644037889672,110,1712135725261
990,-0.693359375,3.07421875,-0.32421875,-0.12520644037889672,210,1712135725261
990,-0.701171875,3.109375,-0.349609375,-0.12520644037889672,240,1712135725261
990,-0.708984375,3.150390625,-0.3203125,-0.12520644037889672,166,1712135725261
990,-0.8203125,3.169921875,-0.236328125,-0.12520644037889672,60,1712135725261
991,-0.693359375,3.06640625,-0.392578125,0.0,47,1712135725361
991,-0.701171875,3.119140625,-0.2421875,0.0,91,1712135725361
991,-0.708984375,3.16015625,-0.185546875,0.0,66,1712135725361
991,-0.51953125,3.189453125,-0.767578125,0.0,42,1712135725361
991,-0.630859375,3.2109375,-0.76171875,0.0,30,1712135725361
991,-0.783203125,3.0234375,0.203125,0.12520644037889672,17,1712135725361
991,-0.693359375,3.0859375,0.197265625,0.12520644037889672,22,1712135725361
991,-0.701171875,3.12890625,-0.0234375,0.12520644037889672,16,1712135725361
991,-0.513671875,3.166015625,-0.701171875,0.12520644037889672,56,1712135725361
991,-0.51953125,3.212890625,-0.666015625,0.12520644037889672,81,1712135725361
991,-0.630859375,3.232421875,-0.66796875,0.12520644037889672,50,1712135725361
991,-0.513671875,3.19921875,-0.52734375,0.25041288075779344,33,1712135725361
991,-0.623046875,3.220703125,-0.515625,0.25041288075779344,44,1712135725361
991,-0.630859375,3.279296875,-0.365234375,0.25041288075779344,25,1712135725361
991,-0.439453125,3.32421875,-1.044921875,0.5008257615155869,21,1712135725361
991,-0.810546875,3.037109375,-0.80859375,-0.5008257615155869,20,1712135725361
991,-0.8203125,3.08984375,-0.744140625,-0.5008257615155869,28,1712135725361
991,-0.830078125,3.1328125,-0.728515625,-0.5008257615155869,25,1712135725361
991,-0.7734375,2.939453125,-0.568359375,-0.37561932113669017,24,1712135725361
991,-0.783203125,2.98828125,-0.5078125,-0.37561932113669017,68,1712135725361
991,-0.890625,2.9921875,-0.541015625,-0.37561932113669017,87,1712135725361
991,-0.80078125,3.060546875,-0.52734375,-0.37561932113669017,63,1712135725361
991,-0.912109375,3.0625,-0.56640625,-0.37561932113669017,36,1712135725361
991,-0.8203125,3.130859375,-0.548828125,-0.37561932113669017,31,1712135725361
991,-0.830078125,3.17578125,-0.50390625,-0.37561932113669017,25,1712135725361
991,-0.7734375,2.96875,-0.3828125,-0.25041288075779344,46,1712135725361
991,-0.783203125,3.009765625,-0.361328125,-0.25041288075779344,111,1712135725361
991,-0.890625,3.01171875,-0.41796875,-0.25041288075779344,136,1712135725361
991,-0.701171875,3.1015625,-0.4140625,-0.25041288075779344,113,1712135725361
991,-0.708984375,3.12890625,-0.48046875,-0.25041288075779344,70,1712135725361
991,-0.67578125,3.017578125,-0.01171875,-0.12520644037889672,38,1712135725361
991,-0.783203125,3.02734375,-0.154296875,-0.12520644037889672,65,1712135725361
991,-0.693359375,3.056640625,-0.46875,-0.12520644037889672,97,1712135725361
991,-0.701171875,3.1015625,-0.4140625,-0.12520644037889672,157,1712135725361
991,-0.708984375,3.138671875,-0.416015625,-0.12520644037889672,129,1712135725361
991,-0.615234375,3.16015625,-0.640625,-0.12520644037889672,64,1712135725361
991,-0.830078125,3.107421875,-0.830078125,-0.12520644037889672,37,1712135725361
992,-0.7734375,2.9921875,0.09765625,0.0,23,1712135725462
992,-0.783203125,3.03125,0.0390625,0.0,35,1712135725462
992,-0.59375,3.109375,-0.12890625,0.0,55,1712135725462
992,-0.701171875,3.126953125,-0.087890625,0.0,58,1712135725462
992,-0.810546875,3.142578125,0.03515625,0.0,27,1712135725462
992,-0.630859375,3.11328125,-1.091796875,0.0,26,1712135725462
992,-0.51953125,3.06640625,-1.166015625,0.12520644037889672,33,1712135725462
992,-0.525390625,3.1328125,-1.091796875,0.12520644037889672,45,1712135725462
992,-0.53125,3.189453125,-1.044921875,0.12520644037889672,35,1712135725462
992,-0.525390625,3.1875,-0.923828125,0.25041288075779344,21,1712135725462
992,-0.693359375,3.03125,-0.611328125,-0.37561932113669017,22,1712135725462
992,-0.701171875,3.046875,-0.71484375,-0.37561932113669017,18,1712135725462
992,-0.708984375,3.052734375,-0.837890625,-0.37561932113669017,20,1712135725462
992,-0.7734375,2.96484375,-0.412109375,-0.25041288075779344,44,1712135725462
992,-0.783203125,3.005859375,-0.38671875,-0.25041288075779344,75,1712135725462
992,-0.693359375,3.060546875,-0.431640625,-0.25041288075779344,89,1712135725462
992,-0.6015625,3.12109375,-0.423828125,-0.25041288075779344,72,1712135725462
992,-0.609375,3.181640625,-0.205078125,-0.25041288075779344,33,1712135725462
992,-0.71875,3.158203125,-0.53515625,-0.25041288075779344,25,1712135725462
992,-0.7734375,2.98046875,-0.287109375,-0.12520644037889672,53,1712135725462
992,-0.783203125,3.0234375,-0.20703125,-0.12520644037889672,88,1712135725462
992,-0.59375,3.09765625,-0.296875,-0.12520644037889672,110,1712135725462
992,-0.701171875,3.12109375,-0.2265625,-0.12520644037889672,98,1712135725462
992,-0.609375,3.1875,0.07421875,-0.12520644037889672,36,1712135725462
993,-0.66796875,2.98046875,-0.052734375,0.0,29,1712135725562
993,-0.580078125,3.03515625,-0.130859375,0.0,106,1712135725562
993,-0.685546875,3.046875,-0.208984375,0.0,208,1712135725562
993,-0.59375,3.103515625,-0.23046875,0.0,231,1712135725562
993,-0.701171875,3.1171875,-0.275390625,0.0,146,1712135725562
993,-0.609375,3.173828125,-0.29296875,0.0,51,1712135725562
993,-0.67578125,2.935546875,-0.697265625,-0.37561932113669017,27,1712135725562
993,-0.587890625,2.9921875,-0.7109375,-0.37561932113669017,44,1712135725562
993,-0.59375,3.0234375,-0.740234375,-0.37561932113669017,39,1712135725562
993,-0.6015625,3.078125,-0.66796875,-0.37561932113669017,19,1712135725562
993,-0.66796875,2.939453125,-0.48828125,-0.25041288075779344,47,1712135725562
993,-0.67578125,2.970703125,-0.529296875,-0.25041288075779344,166,1712135725562
993,-0.685546875,2.998046875,-0.587890625,-0.25041288075779344,291,1712135725562
993,-0.59375,3.05078125,-0.615234375,-0.25041288075779344,301,1712135725562
993,-0.6015625,3.080078125,-0.6640625,-0.25041288075779344,176,1712135725562
993,-0.609375,3.103515625,-0.7265625,-0.25041288075779344,51,1712135725562
993,-0.66796875,2.96484375,-0.306640625,-0.12520644037889672,62,1712135725562
993,-0.67578125,2.99609375,-0.36328125,-0.12520644037889672,229,1712135725562
993,-0.587890625,3.048828125,-0.396484375,-0.12520644037889672,431,1712135725562
993,-0.59375,3.08203125,-0.4375,-0.12520644037889672,465,1712135725562
993,-0.6015625,3.115234375,-0.462890625,-0.12520644037889672,290,1712135725562
993,-0.609375,3.1484375,-0.501953125,-0.12520644037889672,98,1712135725562
994,-0.763671875,2.955078125,-0.087890625,0.0,45,1712135725662
994,-0.67578125,3.015625,-0.0859375,0.0,77,1712135725662
994,-0.587890625,3.072265625,-0.107421875,0.0,82,1712135725662
994,-0.59375,3.099609375,-0.2890625,0.0,78,1712135725662
994,-0.6015625,3.125,-0.396484375,0.0,43,1712135725662
994,-0.580078125,3.037109375,0.01171875,0.12520644037889672,39,1712135725662
994,-0.48828125,3.091796875,0.02734375,0.12520644037889672,62,1712135725662
994,-0.59375,3.1015625,0.25,0.12520644037889672,37,1712135725662
994,-0.6015625,3.005859375,-0.939453125,0.12520644037889672,26,1712135725662
994,-0.5078125,3.123046875,-0.72265625,0.12520644037889672,27,1712135725662
994,-0.482421875,3.0546875,-0.001953125,0.25041288075779344,44,1712135725662
994,-0.390625,3.10546875,-0.03515625,0.25041288075779344,82,1712135725662
994,-0.494140625,3.12890625,0.03125,0.25041288075779344,65,1712135725662
994,-0.580078125,3.033203125,0.16796875,0.37561932113669017,21,1712135725662
994,-0.587890625,3.0703125,0.158203125,0.37561932113669017,44,1712135725662
994,-0.59375,3.107421875,0.166015625,0.37561932113669017,40,1712135725662
994,-0.580078125,3.033203125,-0.146484375,-0.37561932113669017,18,1712135725662
994,-0.59375,3.068359375,-0.521484375,-0.37561932113669017,37,1712135725662
994,-0.6015625,3.138671875,-0.275390625,-0.37561932113669017,44,1712135725662
994,-0.66796875,2.953125,-0.39453125,-0.25041288075779344,69,1712135725662
994,-0.580078125,3.01953125,-0.33203125,-0.25041288075779344,106,1712135725662
994,-0.48828125,3.0703125,-0.361328125,-0.25041288075779344,71,1712135725662
994,-0.494140625,3.056640625,-0.671875,-0.25041288075779344,64,1712135725662
994,-0.6015625,3.13671875,-0.279296875,-0.25041288075779344,72,1712135725662
994,-0.609375,3.1875,-0.017578125,-0.25041288075779344,38,1712135725662
994,-0.66015625,2.9296875,-0.28515625,-0.12520644037889672,23,1712135725662
994,-0.66796875,2.966796875,-0.279296875,-0.12520644037889672,93,1712135725662
994,-0.580078125,3.029296875,-0.22265625,-0.12520644037889672,160,1712135725662
994,-0.587890625,3.060546875,-0.302734375,-0.12520644037889672,150,1712135725662
994,-0.494140625,3.0625,-0.6484375,-0.12520644037889672,129,1712135725662
994,-0.501953125,3.103515625,-0.63671875,-0.12520644037889672,87,1712135725662
994,-0.609375,3.154296875,-0.451171875,-0.12520644037889672,28,1712135725662
995,-0.56640625,2.9609375,-0.076171875,0.0,24,1712135725763
995,-0.572265625,2.99609375,-0.130859375,0.0,73,1712135725763
995,-0.580078125,3.03125,-0.197265625,0.0,107,1712135725763
995,-0.685546875,3.037109375,-0.3203125,0.0,100,1712135725763
995,-0.693359375,3.048828125,-0.51953125,0.0,83,1712135725763
995,-0.701171875,3.033203125,-0.76953125,0.0,56,1712135725763
995,-0.609375,2.978515625,-1.1328125,0.0,25,1712135725763
995,-0.38671875,3.064453125,-0.126953125,0.12520644037889672,84,1712135725763
995,-0.29296875,3.11328125,-0.12890625,0.12520644037889672,223,1712135725763
995,-0.296875,3.15234375,-0.119140625,0.12520644037889672,245,1712135725763
995,-0.30078125,3.19140625,-0.099609375,0.12520644037889672,117,1712135725763
995,-0.38671875,3.064453125,0.1328125,0.25041288075779344,81,1712135725763
995,-0.390625,3.103515625,0.095703125,0.25041288075779344,189,1712135725763
995,-0.396484375,3.142578125,0.115234375,0.25041288075779344,199,1712135725763
995,-0.400390625,3.177734375,0.162109375,0.25041288075779344,90,1712135725763
995,-0.482421875,3.015625,0.478515625,0.37561932113669017,22,1712135725763
995,-0.390625,3.076171875,0.4296875,0.37561932113669017,41,1712135725763
995,-0.396484375,3.10546875,0.4921875,0.37561932113669017,33,1712135725763
995,-0.4765625,2.931640625,-0.70703125,-0.37561932113669017,38,1712135725763
995,-0.580078125,2.9375,-0.775390625,-0.37561932113669017,67,1712135725763
995,-0.48828125,2.982421875,-0.8125,-0.37561932113669017,62,1712135725763
995,-0.59375,2.9765625,-0.91015625,-0.37561932113669017,27,1712135725763
995,-0.470703125,2.9453125,-0.44140625,-0.25041288075779344,42,1712135725763
995,-0.572265625,2.953125,-0.5234375,-0.25041288075779344,147,1712135725763
995,-0.482421875,2.99609375,-0.58984375,-0.25041288075779344,261,1712135725763
995,-0.48828125,3.015625,-0.6796875,-0.25041288075779344,272,1712135725763
995,-0.396484375,3.033203125,-0.828125,-0.25041288075779344,186,1712135725763
995,-0.501953125,2.994140625,-1.033203125,-0.25041288075779344,88,1712135725763
995,-0.609375,2.671875,-1.73828125,-0.25041288075779344,24,1712135725763
995,-0.56640625,2.947265625,-0.294921875,-0.12520644037889672,51,1712135725763
995,-0.572265625,2.98046875,-0.341796875,-0.12520644037889672,170,1712135725763
995,-0.482421875,3.025390625,-0.419921875,-0.12520644037889672,314,1712135725763
995,-0.48828125,3.044921875,-0.5390625,-0.12520644037889672,372,1712135725763
995,-0.494140625,3.05859375,-0.666015625,-0.12520644037889672,310,1712135725763
995,-0.501953125,3.064453125,-0.80078125,-0.12520644037889672,174,1712135725763
995,-0.5078125,2.94140625,-1.2734375,-0.12520644037889672,46,1712135725763
996,-0.470703125,2.97265625,-0.177734375,0.0,34,1712135725863
996,-0.572265625,2.998046875,-0.10546875,0.0,69,1712135725863
996,-0.67578125,3.013671875,0.1328125,0.0,47,1712135725863
996,-0.29296875,3.037109375,-0.697265625,0.0,51,1712135725863
996,-0.396484375,3.1015625,-0.51171875,0.0,101,1712135725863
996,-0.30078125,3.16796875,-0.40234375,0.0,89,1712135725863
996,-0.3046875,3.193359375,-0.4921875,0.0,48,1712135725863
996,-0.30859375,3.205078125,-0.64453125,0.0,23,1712135725863
996,-0.482421875,3.05078125,0.134765625,0.12520644037889672,28,1712135725863
996,-0.29296875,3.1171875,0.048828125,0.12520644037889672,81,1712135725863
996,-0.296875,3.154296875,0.001953125,0.12520644037889672,128,1712135725863
996,-0.30078125,3.189453125,-0.130859375,0.12520644037889672,116,1712135725863
996,-0.3046875,3.21484375,-0.322265625,0.12520644037889672,70,1712135725863
996,-0.30859375,3.2265625,-0.51953125,0.12520644037889672,31,1712135725863
996,-0.390625,3.08984375,0.306640625,0.25041288075779344,37,1712135725863
996,-0.396484375,3.138671875,0.193359375,0.25041288075779344,61,1712135725863
996,-0.30078125,3.19140625,0.052734375,0.25041288075779344,60,1712135725863
996,-0.3046875,3.2265625,-0.146484375,0.25041288075779344,43,1712135725863
996,-0.587890625,2.783203125,-1.306640625,-0.5008257615155869,22,1712135725863
996,-0.494140625,2.8515625,-1.2890625,-0.5008257615155869,24,1712135725863
996,-0.580078125,2.84765625,-1.05859375,-0.37561932113669017,40,1712135725863
996,-0.48828125,2.849609375,-1.197265625,-0.37561932113669017,85,1712135725863
996,-0.494140625,2.904296875,-1.166015625,-0.37561932113669017,98,1712135725863
996,-0.501953125,2.974609375,-1.087890625,-0.37561932113669017,64,1712135725863
996,-0.5078125,3.0546875,-0.96875,-0.37561932113669017,25,1712135725863
996,-0.56640625,2.900390625,-0.60546875,-0.25041288075779344,32,1712135725863
996,-0.572265625,2.947265625,-0.55859375,-0.25041288075779344,76,1712135725863
996,-0.482421875,3.0078125,-0.533203125,-0.25041288075779344,88,1712135725863
996,-0.587890625,2.943359375,-0.888671875,-0.25041288075779344,73,1712135725863
996,-0.59375,2.966796875,-0.943359375,-0.25041288075779344,94,1712135725863
996,-0.6015625,3.01953125,-0.8984375,-0.25041288075779344,81,1712135725863
996,-0.5078125,3.0703125,-0.91796875,-0.25041288075779344,38,1712135725863
996,-0.470703125,2.9609375,-0.328125,-0.12520644037889672,58,1712135725863
996,-0.572265625,2.982421875,-0.31640625,-0.12520644037889672,122,1712135725863
996,-0.67578125,3.015625,-0.09765625,-0.12520644037889672,85,1712135725863
996,-0.29296875,2.95703125,-0.986328125,-0.12520644037889672,89,1712135725863
996,-0.396484375,3.07421875,-0.65625,-0.12520644037889672,157,1712135725863
996,-0.400390625,3.125,-0.6015625,-0.12520644037889672,99,1712135725863
996,-0.5078125,3.123046875,-0.724609375,-0.12520644037889672,36,1712135725863
997,-0.66015625,2.931640625,-0.255859375,0.0,18,1712135725963
997,-0.4765625,3.0078125,-0.21875,0.0,35,1712135725963
997,-0.482421875,3.037109375,-0.33203125,0.0,69,1712135725963
997,-0.390625,3.076171875,-0.43359375,0.0,102,1712135725963
997,-0.396484375,3.115234375,-0.4296875,0.0,78,1712135725963
997,-0.501953125,3.154296875,-0.296875,0.0,33,1712135725963
997,-0.296875,3.154296875,0.07421875,0.12520644037889672,23,1712135725963
997,-0.30078125,3.19140625,-0.0703125,0.12520644037889672,32,1712135725963
997,-0.4765625,2.783203125,-1.1640625,-0.5008257615155869,21,1712135725963
997,-0.482421875,2.84375,-1.11328125,-0.5008257615155869,17,1712135725963
997,-0.470703125,2.751953125,-1.138671875,-0.37561932113669017,51,1712135725963
997,-0.572265625,2.76953125,-1.154296875,-0.37561932113669017,66,1712135725963
997,-0.580078125,2.814453125,-1.140625,-0.37561932113669017,47,1712135725963
997,-0.587890625,2.896484375,-1.03125,-0.37561932113669017,23,1712135725963
997,-0.56640625,2.603515625,-1.4140625,-0.25041288075779344,37,1712135725963
997,-0.763671875,2.689453125,-1.228515625,-0.25041288075779344,41,1712135725963
997,-0.095703125,3.041015625,0.5546875,-0.25041288075779344,31,1712135725963
997,-0.390625,3.033203125,-0.671875,-0.25041288075779344,80,1712135725963
997,-0.396484375,3.056640625,-0.736328125,-0.25041288075779344,75,1712135725963
997,-0.30078125,3.13671875,-0.59375,-0.25041288075779344,41,1712135725963
997,-0.75390625,2.826171875,-0.736328125,-0.12520644037889672,17,1712135725963
997,-0.572265625,2.982421875,-0.32421875,-0.12520644037889672,38,1712135725963
997,-0.38671875,3.044921875,-0.373046875,-0.12520644037889672,109,1712135725963
997,-0.390625,3.052734375,-0.568359375,-0.12520644037889672,182,1712135725963
997,-0.296875,3.109375,-0.53515625,-0.12520644037889672,159,1712135725963
997,-0.400390625,3.154296875,-0.421875,-0.12520644037889672,89,1712135725963
997,-0.40625,3.203125,-0.33203125,-0.12520644037889672,45,1712135725963
997,0.380859375,2.08203125,2.201171875,-0.25041288075779344,23,1712135725963
997,-0.7734375,2.81640625,-1.013671875,-0.25041288075779344,28,1712135725963
997,0.283203125,2.119140625,2.126953125,-0.12520644037889672,11,1712135725963
998,-0.373046875,2.92578125,-0.408203125,0.0,41,1712135726064
998,-0.376953125,2.96484375,-0.40234375,0.0,85,1712135726064
998,-0.4765625,2.99609375,-0.3515625,0.0,92,1712135726064
998,-0.38671875,3.056640625,-0.2734375,0.0,77,1712135726064
998,-0.29296875,3.107421875,-0.248046875,0.0,82,1712135726064
998,-0.296875,3.138671875,-0.3125,0.0,85,1712135726064
998,-0.30078125,3.181640625,-0.2734375,0.0,71,1712135726064
998,-0.3046875,3.228515625,-0.09765625,0.0,44,1712135726064
998,-0.197265625,3.1484375,-0.291015625,0.12520644037889672,25,1712135726064
998,-0.373046875,2.83203125,-0.84375,-0.37561932113669017,49,1712135726064
998,-0.283203125,2.88671875,-0.826171875,-0.37561932113669017,110,1712135726064
998,-0.380859375,2.921875,-0.8046875,-0.37561932113669017,120,1712135726064
998,-0.2890625,2.986328125,-0.75,-0.37561932113669017,65,1712135726064
998,-0.390625,3.03125,-0.6796875,-0.37561932113669017,24,1712135726064
998,-0.3671875,2.818359375,-0.751953125,-0.25041288075779344,23,1712135726064
998,-0.373046875,2.873046875,-0.6875,-0.25041288075779344,135,1712135726064
998,-0.376953125,2.916015625,-0.669921875,-0.25041288075779344,289,1712135726064
998,-0.380859375,2.962890625,-0.6328125,-0.25041288075779344,311,1712135726064
998,-0.38671875,3.015625,-0.560546875,-0.25041288075779344,178,1712135726064
998,-0.1953125,3.07421875,-0.560546875,-0.25041288075779344,68,1712135726064
998,-0.197265625,3.07421875,-0.74609375,-0.25041288075779344,57,1712135726064
998,-0.107421875,3.16796875,-1.326171875,-0.25041288075779344,26,1712135726064
998,-0.216796875,3.26171875,-1.173828125,-0.25041288075779344,34,1712135726064
998,-0.21875,3.326171875,-1.107421875,-0.25041288075779344,26,1712135726064
998,-0.3671875,2.853515625,-0.6015625,-0.12520644037889672,22,1712135726064
998,-0.373046875,2.900390625,-0.556640625,-0.12520644037889672,119,1712135726064
998,-0.376953125,2.9453125,-0.525390625,-0.12520644037889672,249,1712135726064
998,-0.380859375,2.990234375,-0.486328125,-0.12520644037889672,263,1712135726064
998,-0.38671875,3.0390625,-0.4140625,-0.12520644037889672,179,1712135726064
998,-0.29296875,3.083984375,-0.4453125,-0.12520644037889672,152,1712135726064
998,-0.197265625,3.126953125,-0.46875,-0.12520644037889672,158,1712135726064
998,-0.201171875,3.169921875,-0.4375,-0.12520644037889672,128,1712135726064
998,-0.3046875,3.20703125,-0.392578125,-0.12520644037889672,78,1712135726064
999,-0.18359375,2.8984375,-0.455078125,0.0,15,1712135726164
999,-0.279296875,2.943359375,-0.34765625,0.0,44,1712135726164
999,-0.283203125,2.986328125,-0.310546875,0.0,56,1712135726164
999,-0.19140625,3.013671875,-0.455078125,0.0,54,1712135726164
999,-0.193359375,3.046875,-0.49609375,0.0,80,1712135726164
999,-0.1953125,3.103515625,-0.3671875,0.0,83,1712135726164
999,-0.296875,3.150390625,-0.173828125,0.0,62,1712135726164
999,-0.30078125,3.19140625,-0.08984375,0.0,35,1712135726164
999,-0.185546875,2.880859375,-0.728515625,-0.37561932113669017,32,1712135726164
999,-0.283203125,2.892578125,-0.806640625,-0.37561932113669017,43,1712135726164
999,-0.287109375,2.9375,-0.783203125,-0.37561932113669017,34,1712135726164
999,-0.2890625,3.044921875,-0.458984375,-0.37561932113669017,40,1712135726164
999,-0.09765625,3.10546875,-0.376953125,-0.37561932113669017,74,1712135726164
999,-0.099609375,3.1484375,-0.337890625,-0.37561932113669017,82,1712135726164
999,0.0,3.193359375,-0.287109375,-0.37561932113669017,45,1712135726164
999,-0.18359375,2.890625,-0.50390625,-0.25041288075779344,36,1712135726164
999,-0.279296875,2.904296875,-0.595703125,-0.25041288075779344,104,1712135726164
999,-0.283203125,2.94140625,-0.607421875,-0.25041288075779344,138,1712135726164
999,-0.19140625,2.982421875,-0.62890625,-0.25041288075779344,116,1712135726164
999,-0.193359375,3.037109375,-0.552734375,-0.25041288075779344,138,1712135726164
999,-0.1953125,3.103515625,-0.36328125,-0.25041288075779344,206,1712135726164
999,-0.099609375,3.15625,-0.265625,-0.25041288075779344,218,1712135726164
999,0.0,3.19921875,-0.224609375,-0.25041288075779344,120,1712135726164
999,-0.275390625,2.90234375,-0.37890625,-0.12520644037889672,36,1712135726164
999,-0.185546875,2.943359375,-0.416015625,-0.12520644037889672,104,1712135726164
999,-0.283203125,2.97265625,-0.4296875,-0.12520644037889672,137,1712135726164
999,-0.19140625,3.0,-0.54296875,-0.12520644037889672,127,1712135726164
999,-0.193359375,3.037109375,-0.55078125,-0.12520644037889672,171,1712135726164
999,-0.1953125,3.1015625,-0.37109375,-0.12520644037889672,211,1712135726164
999,-0.197265625,3.15625,-0.201171875,-0.12520644037889672,195,1712135726164
999,-0.201171875,3.197265625,-0.1484375,-0.12520644037889672,108,1712135726164
1000,-0.18359375,2.9296875,-0.138671875,0.0,18,1712135726264
1000,-0.185546875,2.966796875,-0.189453125,0.0,37,1712135726264
1000,-0.283203125,2.98828125,-0.28515625,0.0,35,1712135726264
1000,-0.095703125,3.052734375,-0.482421875,0.0,35,1712135726264
1000,-0.1953125,3.103515625,-0.357421875,0.0,44,1712135726264
1000,-0.197265625,3.154296875,-0.224609375,0.0,30,1712135726264
1000,0.0,3.341796875,-0.615234375,0.0,17,1712135726264
1000,0.0,3.349609375,-0.763671875,0.0,20,1712135726264
1000,-0.185546875,2.962890625,-0.2265625,0.12520644037889672,19,1712135726264
1000,-0.283203125,2.982421875,-0.34765625,0.12520644037889672,22,1712135726264
1000,-0.287109375,3.01953125,-0.349609375,0.12520644037889672,17,1712135726264
1000,-0.095703125,3.05859375,-0.44140625,-0.5008257615155869,30,1712135726264
1000,-0.09765625,3.107421875,-0.373046875,-0.5008257615155869,45,1712135726264
1000,-0.099609375,3.15234375,-0.3125,-0.5008257615155869,44,1712135726264
1000,-0.099609375,3.203125,-0.12890625,-0.5008257615155869,28,1712135726264
1000,-0.18359375,2.83984375,-0.734375,-0.37561932113669017,27,1712135726264
1000,-0.185546875,2.876953125,-0.7421875,-0.37561932113669017,55,1712135726264
1000,-0.189453125,2.921875,-0.724609375,-0.37561932113669017,52,1712135726264
1000,-0.19140625,3.01953125,-0.421875,-0.37561932113669017,35,1712135726264
1000,-0.193359375,3.080078125,-0.20703125,-0.37561932113669017,60,1712135726264
1000,-0.09765625,3.125,-0.162109375,-0.37561932113669017,95,1712135726264
1000,-0.197265625,3.16015625,-0.13671875,-0.37561932113669017,83,1712135726264
1000,-0.201171875,3.201171875,-0.001953125,-0.37561932113669017,36,1712135726264
1000,-0.18359375,2.880859375,-0.552734375,-0.25041288075779344,73,1712135726264
1000,-0.185546875,2.91796875,-0.5625,-0.25041288075779344,143,1712135726264
1000,-0.283203125,2.9453125,-0.583984375,-0.25041288075779344,128,1712135726264
1000,-0.287109375,3.0234375,-0.318359375,-0.25041288075779344,41,1712135726264
1000,-0.095703125,2.96875,-0.86328125,-0.25041288075779344,61,1712135726264
1000,-0.1953125,3.048828125,-0.681640625,-0.25041288075779344,79,1712135726264
1000,-0.18359375,2.916015625,-0.330078125,-0.12520644037889672,55,1712135726264
1000,-0.185546875,2.951171875,-0.34375,-0.12520644037889672,111,1712135726264
1000,-0.283203125,2.9765625,-0.39453125,-0.12520644037889672,101,1712135726264
1000,-0.66796875,2.93359375,-0.52734375,-0.12520644037889672,21,1712135726264
1000,-0.095703125,2.99609375,-0.759765625,-0.12520644037889672,76,1712135726264
1000,-0.1953125,3.046875,-0.693359375,-0.12520644037889672,85,1712135726264
1000,-0.197265625,3.087890625,-0.68359375,-0.12520644037889672,44,1712135726264
1000,0.0,3.2890625,-0.849609375,-0.12520644037889672,34,1712135726264
1000,0.0,3.306640625,-0.93359375,-0.12520644037889672,37,1712135726264
1000,0.4765625,1.619140625,2.544921875,-0.12520644037889672,13,1712135726264
1001,-0.18359375,2.87109375,-0.60546875,0.0,15,1712135726365
1001,-0.09375,2.94140625,-0.453125,0.0,24,1712135726365
1001,-0.283203125,2.96484375,-0.470703125,0.0,14,1712135726365
1001,0.0,2.81640625,-1.18359375,0.0,21,1712135726365
1001,0.0,2.9296875,-0.98828125,0.0,40,1712135726365
1001,-0.09765625,3.021484375,-0.810546875,0.0,40,1712135726365
1001,0.0,3.037109375,-0.318359375,-0.6260322018944836,38,1712135726365
1001,0.0,3.07421875,-0.341796875,-0.6260322018944836,50,1712135726365
1001,0.0,3.115234375,-0.314453125,-0.6260322018944836,41,1712135726365
1001,0.0,3.15625,-0.27734375,-0.6260322018944836,22,1712135726365
1001,0.0,3.013671875,-0.09375,-0.5008257615155869,32,1712135726365
1001,0.0,3.05078125,-0.125,-0.5008257615155869,78,1712135726365
1001,0.0,3.08984375,-0.138671875,-0.5008257615155869,103,1712135726365
1001,0.0,3.126953125,-0.166015625,-0.5008257615155869,83,1712135726365
1001,0.0,3.162109375,-0.19140625,-0.5008257615155869,40,1712135726365
1001,-0.09375,2.892578125,-0.705078125,-0.37561932113669017,25,1712135726365
1001,0.0,3.0546875,0.04296875,-0.37561932113669017,44,1712135726365
1001,0.0,3.091796875,-0.00390625,-0.37561932113669017,63,1712135726365
1001,0.0,3.130859375,-0.025390625,-0.37561932113669017,55,1712135726365
1001,-0.099609375,3.166015625,-0.083984375,-0.37561932113669017,33,1712135726365
1001,0.0,3.19921875,-0.548828125,-0.37561932113669017,28,1712135726365
1001,-0.091796875,2.896484375,-0.48828125,-0.25041288075779344,36,1712135726365
1001,-0.185546875,2.921875,-0.5390625,-0.25041288075779344,50,1712135726365
1001,-0.09375,2.951171875,-0.611328125,-0.25041288075779344,37,1712135726365
1001,-0.19140625,2.869140625,-1.02734375,-0.25041288075779344,21,1712135726365
1001,0.0,2.8203125,-1.26953125,-0.25041288075779344,31,1712135726365
1001,0.0,2.869140625,-1.25,-0.25041288075779344,35,1712135726365
1001,0.0,2.8828125,-0.57421875,-0.12520644037889672,33,1712135726365
1001,-0.185546875,2.90625,-0.625,-0.12520644037889672,52,1712135726365
1001,-0.189453125,2.953125,-0.58203125,-0.12520644037889672,38,1712135726365
1001,0.0,2.86328125,-1.064453125,-0.12520644037889672,39,1712135726365
1001,0.0,2.904296875,-1.0625,-0.12520644037889672,74,1712135726365
1001,0.0,2.97265625,-0.978515625,-0.12520644037889672,72,1712135726365
1001,-0.099609375,3.048828125,-0.853515625,-0.12520644037889672,36,1712135726365
1001,-0.18359375,2.861328125,-0.646484375,-0.12520644037889672,33,1712135726365
1002,-0.181640625,2.89453125,-0.078125,0.0,14,1712135726465
1002,-0.18359375,2.93359375,-0.041015625,0.0,19,1712135726465
1002,-0.279296875,2.955078125,-0.2265625,0.0,12,1712135726465
1002,0.0,2.880859375,-0.890625,0.0,20,1712135726465
1002,0.0,2.951171875,-0.787109375,0.0,37,1712135726465
1002,0.0,3.025390625,-0.640625,0.0,48,1712135726465
1002,0.0,3.0703125,-0.609375,0.0,33,1712135726465
1002,0.0,2.95703125,-0.359375,-0.5008257615155869,25,1712135726465
1002,0.09375,3.00390625,-0.259765625,-0.5008257615155869,44,1712135726465
1002,0.095703125,3.044921875,-0.224609375,-0.5008257615155869,34,1712135726465
1002,0.0,2.837890625,-0.765625,-0.37561932113669017,18,1712135726465
1002,0.0,2.9765625,-0.06640625,-0.37561932113669017,28,1712135726465
1002,0.0,3.015625,-0.0390625,-0.37561932113669017,68,1712135726465
1002,0.0,3.052734375,-0.115234375,-0.37561932113669017,67,1712135726465
1002,0.0,3.08203125,-0.26171875,-0.37561932113669017,37,1712135726465
1002,0.0,3.10546875,-0.38671875,-0.37561932113669017,23,1712135726465
1002,0.0,2.849609375,-0.548828125,-0.25041288075779344,37,1712135726465
1002,0.0,2.896484375,-0.501953125,-0.25041288075779344,62,1712135726465
1002,-0.09375,2.9375,-0.482421875,-0.25041288075779344,37,1712135726465
1002,0.09375,2.79296875,1.13671875,-0.25041288075779344,26,1712135726465
1002,0.0,2.96875,-0.720703125,-0.25041288075779344,54,1712135726465
1002,0.0,2.94921875,-0.931640625,-0.25041288075779344,65,1712135726465
1002,0.0,3.044921875,-0.72265625,-0.25041288075779344,50,1712135726465
1002,0.0,2.884765625,-0.30859375,-0.12520644037889672,35,1712135726465
1002,-0.091796875,2.931640625,-0.208984375,-0.12520644037889672,54,1712135726465
1002,-0.185546875,2.962890625,-0.23046875,-0.12520644037889672,34,1712135726465
1002,-0.09375,2.810546875,-1.08984375,-0.12520644037889672,30,1712135726465
1002,0.0,2.86328125,-1.064453125,-0.12520644037889672,65,1712135726465
1002,0.0,2.947265625,-0.93359375,-0.12520644037889672,87,1712135726465
1002,0.0,3.005859375,-0.875,-0.12520644037889672,62,1712135726465
1003,0.0,2.857421875,-0.19140625,0.0,14,1712135726515
1003,0.0,2.876953125,-0.375,0.0,47,1712135726515
1003,0.0,2.904296875,-0.458984375,0.0,68,1712135726515
1003,0.0,2.931640625,-0.51953125,0.0,51,1712135726515
1003,0.216796875,3.306640625,-1.044921875,0.12520644037889672,22,1712135726515
1003,0.109375,3.318359375,-1.14453125,0.12520644037889672,24,1712135726515
1003,0.091796875,2.91015625,-0.40234375,-0.37561932113669017,23,1712135726515
1003,0.09375,2.9609375,-0.302734375,-0.37561932113669017,51,1712135726515
1003,0.09375,3.00390625,-0.255859375,-0.37561932113669017,56,1712135726515
1003,0.095703125,3.041015625,-0.263671875,-0.37561932113669017,30,1712135726515
1003,0.0,2.818359375,-0.6875,-0.25041288075779344,46,1712135726515
1003,0.0,2.880859375,-0.583984375,-0.25041288075779344,93,1712135726515
1003,0.09375,2.951171875,-0.380859375,-0.25041288075779344,131,1712135726515
1003,0.09375,3.005859375,-0.228515625,-0.25041288075779344,107,1712135726515
1003,0.095703125,3.046875,-0.19921875,-0.25041288075779344,38,1712135726515
1003,0.0,2.8203125,-0.49609375,-0.12520644037889672,27,1712135726515
1003,0.0,2.84375,-0.572265625,-0.12520644037889672,86,1712135726515
1003,0.0,2.884765625,-0.5703125,-0.12520644037889672,140,1712135726515
1003,0.0,2.94140625,-0.46484375,-0.12520644037889672,135,1712135726515
1003,0.0,3.00390625,-0.259765625,-0.12520644037889672,69,1712135726515
1003,0.287109375,2.775390625,-1.244140625,-0.12520644037889672,25,1712135726515
1003,-1.05078125,2.16015625,1.88671875,-0.12520644037889672,14,1712135726515
